timestamp_ms,key,delta_ms
1775448110214,key-13,5
1775448110222,key-13,13
1775448110223,key-13,14
1775448110236,key-13,27
1775448110240,key-20,31
1775448110242,key-13,33
1775448110243,key-13,34
1775448110244,key-48,2
1775448110252,key-13,43
1775448110253,key-13,44
1775448110254,key-13,45
1775448110255,key-13,46
1775448110257,key-13,48
1775448110260,key-20,51
1775448110272,key-13,63
1775448110275,key-13,66
1775448110276,key-13,67
1775448110287,key-13,78
1775448110287,key-48,45
1775448110287,key-48,45
1775448110290,key-13,81
1775448110299,key-13,90
1775448110301,key-48,59
1775448110302,key-13,93
1775448110303,key-48,61
1775448110305,key-13,96
1775448110306,key-13,97
1775448110306,key-13,97
1775448110313,key-13,104
1775448110313,key-13,104
1775448110320,key-13,111
1775448110324,key-13,115
1775448110327,key-13,118
1775448110328,key-13,119
1775448110329,key-20,120
1775448110330,key-13,121
1775448110334,key-48,92
1775448110336,key-13,127
1775448110346,key-13,137
1775448110348,key-13,139
1775448110367,key-13,158
1775448110370,key-48,128
1775448110372,key-13,163
1775448110375,key-13,166
1775448110378,key-13,169
1775448110378,key-13,169
1775448110379,key-13,170
1775448110389,key-13,180
1775448110389,key-13,180
1775448110389,key-13,180
1775448110390,key-13,181
1775448110396,key-13,187
1775448110398,key-13,189
1775448110412,key-13,203
1775448110417,key-13,208
1775448110418,key-13,209
1775448110419,key-13,210
1775448110420,key-13,211
1775448110425,key-13,216
1775448110426,key-13,217
1775448110437,key-13,228
1775448110437,key-13,228
1775448110438,key-13,229
1775448110439,key-42,23
1775448110440,key-42,24
1775448110447,key-13,238
1775448110447,key-42,31
1775448110451,key-13,242
1775448110452,key-13,243
1775448110452,key-13,243
1775448110453,key-13,244
1775448110457,key-13,248
1775448110460,key-13,251
1775448110469,key-13,260
1775448110469,key-42,53
1775448110470,key-13,261
1775448110471,key-13,262
1775448110481,key-13,272
1775448110484,key-13,275
1775448110486,key-42,70
1775448110486,key-13,277
1775448110487,key-13,278
1775448110497,key-13,288
1775448110499,key-13,290
1775448110501,key-13,292
1775448110503,key-20,294
1775448110505,key-13,296
1775448110506,key-13,297
1775448110515,key-13,306
1775448110515,key-20,306
1775448110516,key-13,307
1775448110516,key-13,307
1775448110522,key-13,313
1775448110532,key-13,323
1775448110532,key-20,323
1775448110535,key-13,326
1775448110536,key-13,327
1775448110541,key-13,332
1775448110542,key-48,300
1775448110557,key-13,348
1775448110557,key-13,348
1775448110558,key-13,349
1775448110558,key-13,349
1775448110567,key-20,358
1775448110571,key-13,362
1775448110571,key-13,362
1775448110572,key-13,363
1775448110586,key-13,377
1775448110586,key-13,377
1775448110586,key-13,377
1775448110594,key-13,385
1775448110601,key-13,392
1775448110604,key-13,395
1775448110606,key-13,397
1775448110606,key-13,397
1775448110610,key-13,401
1775448110615,key-13,406
1775448110616,key-48,374
1775448110628,key-13,419
1775448110630,key-13,421
1775448110637,key-13,428
1775448110637,key-13,428
1775448110639,key-13,430
1775448110641,key-13,432
1775448110642,key-13,433
1775448110644,key-13,435
1775448110649,key-13,440
1775448110650,key-13,441
1775448110654,key-13,445
1775448110664,key-13,455
1775448110667,key-13,458
1775448110668,key-13,459
1775448110670,key-13,461
1775448110679,key-13,470
1775448110683,key-13,474
1775448110683,key-13,474
1775448110685,key-13,476
1775448110686,key-13,477
1775448110691,key-13,482
1775448110700,key-13,491
1775448110712,key-13,503
1775448110724,key-13,515
1775448110725,key-13,516
1775448110739,key-13,530
1775448110740,key-13,531
1775448110740,key-13,531
1775448110740,key-13,531
1775448110741,key-13,532
1775448110741,key-13,532
1775448110741,key-13,532
1775448110741,key-13,532
1775448110746,key-13,537
1775448110758,key-13,549
1775448110758,key-13,549
1775448110759,key-13,550
1775448110760,key-13,551
1775448110769,key-13,560
1775448110770,key-13,561
1775448110771,key-13,562
1775448110771,key-13,562
1775448110772,key-13,563
1775448110776,key-13,567
1775448110779,key-13,570
1775448110783,key-13,574
1775448110784,key-13,575
1775448110788,key-13,579
1775448110788,key-13,579
1775448110788,key-13,579
1775448110791,key-13,582
1775448110792,key-13,583
1775448110793,key-13,584
1775448110794,key-13,585
1775448110796,key-13,587
1775448110797,key-13,588
1775448110797,key-13,588
1775448110802,key-13,593
1775448110802,key-13,593
1775448110803,key-13,594
1775448110805,key-13,596
1775448110805,key-13,596
1775448110810,key-13,601
1775448110810,key-13,601
1775448110826,key-13,617
1775448110827,key-13,618
1775448110827,key-13,618
1775448110827,key-13,618
1775448110828,key-13,619
1775448110829,key-13,620
1775448110829,key-13,620
1775448110829,key-13,620
1775448110829,key-13,620
1775448110830,key-13,621
1775448110832,key-13,623
1775448110833,key-13,624
1775448110833,key-13,624
1775448110838,key-13,629
1775448110842,key-13,633
1775448110843,key-13,634
1775448110846,key-13,637
1775448110851,key-13,642
1775448110851,key-13,642
1775448110858,key-13,649
1775448110858,key-13,649
1775448110860,key-13,651
1775448110861,key-13,652
1775448110863,key-13,654
1775448110863,key-13,654
1775448110863,key-13,654
1775448110864,key-13,655
1775448110865,key-13,656
1775448110866,key-13,657
1775448110870,key-13,661
1775448110870,key-13,661
1775448110871,key-13,662
1775448110872,key-48,630
1775448110875,key-13,666
1775448110875,key-13,666
1775448110875,key-13,666
1775448110876,key-48,634
1775448110886,key-48,644
1775448110886,key-13,677
1775448110886,key-13,677
1775448110892,key-13,683
1775448110892,key-13,683
1775448110892,key-13,683
1775448110897,key-13,688
1775448110897,key-13,688
1775448110898,key-13,689
1775448110898,key-13,689
1775448110900,key-48,658
1775448110900,key-13,691
1775448110901,key-13,692
1775448110901,key-48,659
1775448110901,key-13,692
1775448110902,key-13,693
1775448110912,key-13,703
1775448110912,key-48,670
1775448110913,key-13,704
1775448110915,key-13,706
1775448110915,key-13,706
1775448110916,key-13,707
1775448110917,key-48,675
1775448110920,key-13,711
1775448110929,key-48,687
1775448110938,key-13,729
1775448110938,key-48,696
1775448110938,key-13,729
1775448110939,key-13,730
1775448110939,key-48,697
1775448110940,key-13,731
1775448110940,key-48,698
1775448110940,key-13,731
1775448110943,key-13,734
1775448110943,key-48,701
1775448110944,key-13,735
1775448110944,key-13,735
1775448110946,key-48,704
1775448110947,key-13,738
1775448110949,key-13,740
1775448110950,key-48,708
1775448110953,key-48,711
1775448110955,key-13,746
1775448110958,key-13,749
1775448110959,key-13,750
1775448110960,key-48,718
1775448110963,key-48,721
1775448110963,key-13,754
1775448110972,key-13,763
1775448110975,key-48,733
1775448110975,key-16,17
1775448110982,key-48,740
1775448110985,key-13,776
1775448110987,key-48,745
1775448110993,key-48,751
1775448110994,key-48,752
1775448110994,key-16,36
1775448110996,key-13,787
1775448110997,key-48,755
1775448111000,key-13,791
1775448111001,key-16,43
1775448111001,key-13,792
1775448111002,key-13,793
1775448111002,key-48,760
1775448111003,key-13,794
1775448111003,key-16,45
1775448111005,key-48,763
1775448111011,key-13,802
1775448111012,key-16,54
1775448111030,key-48,788
1775448111030,key-13,821
1775448111031,key-16,73
1775448111031,key-42,615
1775448111032,key-16,74
1775448111032,key-13,823
1775448111035,key-13,826
1775448111036,key-16,78
1775448111040,key-13,831
1775448111041,key-48,799
1775448111042,key-48,800
1775448111047,key-27,18
1775448111048,key-27,19
1775448111052,key-13,843
1775448111053,key-16,95
1775448111063,key-42,647
1775448111064,key-13,855
1775448111064,key-16,106
1775448111065,key-16,107
1775448111065,key-16,107
1775448111065,key-13,856
1775448111067,key-42,651
1775448111067,key-48,825
1775448111067,key-42,651
1775448111067,key-16,109
1775448111072,key-42,656
1775448111073,key-48,831
1775448111073,key-13,864
1775448111074,key-13,865
1775448111078,key-48,836
1775448111079,key-48,837
1775448111086,key-16,128
1775448111086,key-16,128
1775448111088,key-13,879
1775448111089,key-48,847
1775448111090,key-16,132
1775448111091,key-13,882
1775448111092,key-42,676
1775448111093,key-48,851
1775448111098,key-13,889
1775448111100,key-13,891
1775448111101,key-42,685
1775448111102,key-20,893
1775448111107,key-16,149
1775448111108,key-13,899
1775448111109,key-16,151
1775448111109,key-16,151
1775448111109,key-48,867
1775448111109,key-13,900
1775448111114,key-48,872
1775448111117,key-13,908
1775448111117,key-13,908
1775448111119,key-42,703
1775448111122,key-13,913
1775448111124,key-16,166
1775448111125,key-48,883
1775448111128,key-48,886
1775448111131,key-48,889
1775448111131,key-48,889
1775448111132,key-48,890
1775448111198,key-48,956
1775448111199,key-48,957
1775448111200,key-13,991
1775448111202,key-48,960
1775448111214,key-16,256
1775448111214,key-42,798
1775448111214,key-48,972
1775448111215,key-16,257
1775448111218,key-13,1009
1775448111222,key-16,264
1775448111223,key-16,265
1775448111226,key-48,984
1775448111227,key-48,985
1775448111229,key-13,1020
1775448111229,key-13,1020
1775448111229,key-13,1020
1775448111244,key-48,1002
1775448111247,key-13,1038
1775448111247,key-13,1038
1775448111247,key-28,118
1775448111248,key-48,1006
1775448111250,key-48,1008
1775448111251,key-48,1009
1775448111251,key-28,122
1775448111251,key-48,1009
1775448111252,key-16,294
1775448111256,key-48,1014
1775448111262,key-13,1053
1775448111262,key-48,1020
1775448111262,key-48,1020
1775448111263,key-48,1021
1775448111263,key-13,1054
1775448111266,key-48,1024
1775448111266,key-28,137
1775448111266,key-48,1024
1775448111267,key-48,1025
1775448111267,key-28,138
1775448111267,key-13,1058
1775448111269,key-41,193
1775448111269,key-48,1027
1775448111270,key-48,1028
1775448111272,key-48,1030
1775448111272,key-48,1030
1775448111278,key-48,1036
1775448111280,key-13,1071
1775448111286,key-28,157
1775448111287,key-48,1045
1775448111287,key-48,1045
1775448111288,key-48,1046
1775448111290,key-28,161
1775448111291,key-13,1082
1775448111291,key-13,1082
1775448111294,key-48,1052
1775448111296,key-48,1054
1775448111297,key-41,221
1775448111300,key-48,1058
1775448111305,key-48,1063
1775448111305,key-48,1063
1775448111305,key-48,1063
1775448111306,key-48,1064
1775448111311,key-13,1102
1775448111313,key-13,1104
1775448111314,key-48,1072
1775448111315,key-13,1106
1775448111320,key-13,1111
1775448111323,key-48,1081
1775448111323,key-48,1081
1775448111328,key-13,1119
1775448111328,key-48,1086
1775448111332,key-28,203
1775448111332,key-48,1090
1775448111332,key-48,1090
1775448111333,key-41,257
1775448111335,key-41,259
1775448111337,key-48,1095
1775448111338,key-48,1096
1775448111339,key-28,210
1775448111341,key-41,265
1775448111343,key-48,1101
1775448111345,key-48,1103
1775448111347,key-48,1105
1775448111348,key-48,1106
1775448111350,key-48,1108
1775448111350,key-48,1108
1775448111354,key-48,1112
1775448111354,key-48,1112
1775448111356,key-48,1114
1775448111358,key-48,1116
1775448111358,key-48,1116
1775448111359,key-41,283
1775448111361,key-16,403
1775448111362,key-48,1120
1775448111363,key-48,1121
1775448111366,key-48,1124
1775448111367,key-48,1125
1775448111367,key-48,1125
1775448111368,key-48,1126
1775448111371,key-41,295
1775448111371,key-48,1129
1775448111373,key-48,1131
1775448111373,key-48,1131
1775448111376,key-48,1134
1775448111379,key-41,303
1775448111379,key-41,303
1775448111382,key-48,1140
1775448111383,key-48,1141
1775448111384,key-48,1142
1775448111385,key-48,1143
1775448111387,key-48,1145
1775448111387,key-41,311
1775448111387,key-48,1145
1775448111391,key-41,315
1775448111393,key-48,1151
1775448111394,key-48,1152
1775448111395,key-48,1153
1775448111395,key-48,1153
1775448111402,key-13,1193
1775448111402,key-20,1193
1775448111402,key-48,1160
1775448111403,key-41,327
1775448111404,key-48,1162
1775448111416,key-48,1174
1775448111417,key-48,1175
1775448111417,key-48,1175
1775448111417,key-48,1175
1775448111421,key-48,1179
1775448111431,key-48,1189
1775448111435,key-48,1193
1775448111435,key-48,1193
1775448111436,key-48,1194
1775448111437,key-41,361
1775448111437,key-48,1195
1775448111441,key-48,1199
1775448111443,key-48,1201
1775448111444,key-48,1202
1775448111444,key-41,368
1775448111447,key-48,1205
1775448111453,key-48,1211
1775448111454,key-20,1245
1775448111456,key-48,1214
1775448111457,key-48,1215
1775448111457,key-48,1215
1775448111458,key-48,1216
1775448111460,key-48,1218
1775448111461,key-48,1219
1775448111461,key-48,1219
1775448111464,key-48,1222
1775448111469,key-48,1227
1775448111469,key-48,1227
1775448111470,key-48,1228
1775448111473,key-41,397
1775448111476,key-48,1234
1775448111476,key-48,1234
1775448111476,key-48,1234
1775448111477,key-48,1235
1775448111483,key-48,1241
1775448111484,key-48,1242
1775448111486,key-48,1244
1775448111488,key-48,1246
1775448111488,key-48,1246
1775448111488,key-20,1279
1775448111490,key-48,1247
1775448111500,key-48,1258
1775448111501,key-27,472
1775448111502,key-48,1260
1775448111502,key-48,1260
1775448111503,key-48,1261
1775448111512,key-20,1303
1775448111513,key-41,437
1775448111517,key-48,1275
1775448111518,key-48,1276
1775448111518,key-48,1276
1775448111518,key-48,1276
1775448111522,key-3,4
1775448111525,key-41,3
1775448111526,key-20,1317
1775448111528,key-48,1286
1775448111528,key-27,499
1775448111529,key-48,1287
1775448111532,key-27,503
1775448111544,key-48,1302
1775448111544,key-48,1302
1775448111545,key-27,516
1775448111545,key-48,1303
1775448111547,key-48,1305
1775448111548,key-3,30
1775448111548,key-48,1306
1775448111549,key-48,1307
1775448111549,key-48,1307
1775448111553,key-20,1344
1775448111555,key-20,1346
1775448111555,key-48,1313
1775448111555,key-41,33
1775448111556,key-48,1314
1775448111557,key-41,35
1775448111559,key-27,530
1775448111562,key-27,533
1775448111562,key-48,1320
1775448111570,key-41,48
1775448111572,key-20,1363
1775448111611,key-48,1369
1775448111611,key-3,93
1775448111612,key-3,94
1775448111621,key-48,1379
1775448111622,key-41,100
1775448111624,key-48,1382
1775448111627,key-48,1385
1775448111631,key-41,109
1775448111632,key-48,1390
1775448111632,key-48,1390
1775448111632,key-48,1390
1775448111633,key-27,604
1775448111633,key-27,604
1775448111633,key-3,115
1775448111642,key-48,1400
1775448111643,key-41,121
1775448111643,key-41,121
1775448111646,key-41,124
1775448111647,key-41,125
1775448111647,key-41,125
1775448111648,key-48,1406
1775448111649,key-41,127
1775448111654,key-27,625
1775448111654,key-27,625
1775448111654,key-41,132
1775448111655,key-48,1413
1775448111660,key-41,138
1775448111661,key-27,632
1775448111662,key-48,1420
1775448111663,key-27,634
1775448111666,key-27,637
1775448111668,key-27,639
1775448111672,key-48,1430
1775448111673,key-27,644
1775448111676,key-41,154
1775448111676,key-48,1434
1775448111678,key-41,156
1775448111678,key-41,156
1775448111680,key-41,158
1775448111684,key-41,162
1775448111685,key-41,163
1775448111686,key-48,1444
1775448111689,key-48,1447
1775448111692,key-27,663
1775448111694,key-27,665
1775448111700,key-48,1458
1775448111700,key-48,1458
1775448111701,key-42,1285
1775448111704,key-41,182
1775448111705,key-48,1463
1775448111705,key-27,676
1775448111705,key-27,676
1775448111707,key-48,1465
1775448111708,key-41,186
1775448111709,key-41,187
1775448111710,key-41,188
1775448111711,key-27,682
1775448111716,key-27,687
1775448111720,key-48,1478
1775448111721,key-48,1479
1775448111721,key-41,199
1775448111722,key-27,693
1775448111723,key-27,694
1775448111726,key-41,204
1775448111729,key-48,1487
1775448111734,key-41,212
1775448111734,key-48,1492
1775448111736,key-27,707
1775448111736,key-48,1494
1775448111736,key-41,214
1775448111737,key-13,1528
1775448111737,key-42,1321
1775448111737,key-48,1495
1775448111738,key-48,1496
1775448111738,key-27,709
1775448111738,key-41,216
1775448111738,key-48,1496
1775448111738,key-27,709
1775448111739,key-48,1497
1775448111740,key-41,218
1775448111743,key-48,1501
1775448111746,key-41,224
1775448111746,key-41,224
1775448111748,key-41,226
1775448111749,key-27,720
1775448111749,key-48,1507
1775448111753,key-41,231
1775448111754,key-27,725
1775448111754,key-41,232
1775448111757,key-48,1515
1775448111758,key-42,1342
1775448111760,key-48,1518
1775448111760,key-48,1518
1775448111760,key-48,1518
1775448111761,key-41,239
1775448111765,key-41,243
1775448111766,key-48,1524
1775448111766,key-48,1524
1775448111767,key-41,245
1775448111768,key-48,1526
1775448111769,key-48,1527
1775448111771,key-41,249
1775448111771,key-3,253
1775448111771,key-48,1529
1775448111771,key-41,249
1775448111772,key-41,250
1775448111772,key-27,743
1775448111772,key-42,1356
1775448111773,key-27,744
1775448111774,key-48,1532
1775448111774,key-48,1532
1775448111775,key-48,1533
1775448111776,key-41,254
1775448111778,key-42,1362
1775448111778,key-48,1536
1775448111784,key-41,262
1775448111784,key-48,1542
1775448111785,key-41,263
1775448111786,key-41,264
1775448111786,key-48,1544
1775448111788,key-48,1546
1775448111788,key-41,266
1775448111788,key-41,266
1775448111789,key-48,1547
1775448111791,key-41,269
1775448111792,key-48,1550
1775448111793,key-41,271
1775448111799,key-41,277
1775448111799,key-48,1557
1775448111799,key-48,1557
1775448111799,key-41,277
1775448111801,key-41,279
1775448111801,key-41,279
1775448111802,key-48,1560
1775448111803,key-48,1561
1775448111806,key-41,284
1775448111806,key-48,1564
1775448111807,key-48,1565
1775448111807,key-41,285
1775448111810,key-41,288
1775448111811,key-16,853
1775448111812,key-48,1570
1775448111814,key-41,292
1775448111815,key-48,1573
1775448111816,key-48,1574
1775448111818,key-48,1576
1775448111818,key-41,296
1775448111818,key-41,296
1775448111818,key-48,1576
1775448111820,key-41,298
1775448111824,key-48,1582
1775448111824,key-48,1582
1775448111825,key-48,1583
1775448111826,key-48,1584
1775448111827,key-48,1585
1775448111828,key-48,1586
1775448111831,key-3,313
1775448111831,key-42,1415
1775448111833,key-48,1591
1775448111834,key-42,1418
1775448111835,key-48,1593
1775448111838,key-48,1596
1775448111839,key-42,1423
1775448111840,key-3,322
1775448111842,key-42,1426
1775448111844,key-27,815
1775448111847,key-42,1431
1775448111848,key-48,1606
1775448111848,key-3,330
1775448111849,key-42,1433
1775448111853,key-42,1437
1775448111853,key-48,1611
1775448111856,key-48,1614
1775448111856,key-3,338
1775448111858,key-48,1616
1775448111858,key-42,1442
1775448111858,key-48,1616
1775448111858,key-3,340
1775448111859,key-20,1650
1775448111860,key-20,1651
1775448111866,key-3,348
1775448111868,key-27,839
1775448111871,key-48,1629
1775448111872,key-27,843
1775448111873,key-48,1631
1775448111874,key-41,352
1775448111875,key-48,1633
1775448111875,key-2,8
1775448111877,key-48,1635
1775448111878,key-3,360
1775448111880,key-48,1638
1775448111884,key-2,17
1775448111884,key-48,1642
1775448111885,key-27,856
1775448111886,key-48,1644
1775448111886,key-3,368
1775448111888,key-3,370
1775448111890,key-48,1648
1775448111890,key-2,23
1775448111890,key-42,1474
1775448111891,key-2,24
1775448111892,key-48,1650
1775448111892,key-48,1650
1775448111893,key-48,1651
1775448111893,key-48,1651
1775448111896,key-48,1654
1775448111899,key-48,1657
1775448111899,key-48,1657
1775448111900,key-2,33
1775448111900,key-27,871
1775448111904,key-48,1662
1775448111904,key-42,1488
1775448111905,key-2,38
1775448111907,key-20,1698
1775448111908,key-2,41
1775448111909,key-48,1667
1775448111909,key-41,387
1775448111911,key-48,1669
1775448111911,key-2,44
1775448111912,key-48,1670
1775448111912,key-42,1496
1775448111913,key-2,46
1775448111914,key-2,47
1775448111919,key-41,397
1775448111920,key-48,1678
1775448111920,key-2,53
1775448111920,key-48,1678
1775448111921,key-48,1679
1775448111922,key-48,1680
1775448111923,key-2,56
1775448111923,key-48,1681
1775448111923,key-2,56
1775448111924,key-41,402
1775448111925,key-48,1683
1775448111925,key-2,58
1775448111925,key-2,58
1775448111927,key-48,1685
1775448111927,key-41,405
1775448111928,key-41,406
1775448111928,key-2,61
1775448111928,key-2,61
1775448111930,key-2,63
1775448111934,key-48,1692
1775448111936,key-48,1694
1775448111937,key-2,70
1775448111938,key-48,1696
1775448111938,key-41,416
1775448111939,key-48,1697
1775448111939,key-48,1697
1775448111939,key-41,417
1775448111940,key-2,73
1775448111940,key-2,73
1775448111940,key-48,1698
1775448111941,key-48,1699
1775448111941,key-48,1699
1775448111942,key-48,1700
1775448111943,key-41,421
1775448111947,key-48,1705
1775448111947,key-48,1705
1775448111947,key-48,1705
1775448111949,key-28,820
1775448111950,key-48,1708
1775448111955,key-48,1713
1775448111958,key-48,1716
1775448111959,key-48,1717
1775448111960,key-28,9
1775448111961,key-41,439
1775448111963,key-48,1721
1775448111964,key-48,1722
1775448111965,key-48,1723
1775448111968,key-48,1726
1775448111971,key-48,1729
1775448111972,key-28,21
1775448111973,key-28,22
1775448111974,key-48,1732
1775448111974,key-48,1732
1775448111977,key-13,1768
1775448111977,key-48,1735
1775448111978,key-41,456
1775448111978,key-48,1736
1775448111979,key-48,1737
1775448111980,key-48,1738
1775448111981,key-48,1739
1775448111983,key-48,1741
1775448111985,key-48,1743
1775448111988,key-48,1746
1775448111989,key-16,1031
1775448111990,key-48,1748
1775448111990,key-27,961
1775448111993,key-48,1751
1775448111996,key-48,1754
1775448111996,key-48,1754
1775448112000,key-48,1758
1775448112002,key-48,1760
1775448112002,key-48,1760
1775448112002,key-48,1760
1775448112003,key-48,1761
1775448112004,key-48,1762
1775448112005,key-48,1763
1775448112006,key-48,1764
1775448112008,key-27,979
1775448112011,key-27,982
1775448112011,key-48,1769
1775448112011,key-48,1769
1775448112016,key-27,987
1775448112017,key-48,1775
1775448112018,key-48,1776
1775448112018,key-48,1776
1775448112019,key-48,1777
1775448112019,key-48,1777
1775448112020,key-48,1778
1775448112023,key-48,1781
1775448112024,key-48,1782
1775448112025,key-27,996
1775448112026,key-48,1784
1775448112026,key-48,1784
1775448112034,key-27,1005
1775448112035,key-48,1793
1775448112035,key-48,1793
1775448112035,key-48,1793
1775448112036,key-48,1794
1775448112036,key-48,1794
1775448112038,key-48,1796
1775448112039,key-48,1797
1775448112039,key-48,1797
1775448112039,key-48,1797
1775448112040,key-48,1798
1775448112040,key-48,1798
1775448112043,key-48,1801
1775448112044,key-48,1802
1775448112047,key-48,1805
1775448112051,key-41,529
1775448112054,key-48,1812
1775448112054,key-48,1812
1775448112055,key-48,1813
1775448112055,key-48,1813
1775448112057,key-48,1815
1775448112058,key-48,1816
1775448112060,key-48,1818
1775448112060,key-41,538
1775448112060,key-48,1818
1775448112061,key-48,1819
1775448112062,key-48,1820
1775448112063,key-48,1821
1775448112063,key-48,1821
1775448112068,key-48,1826
1775448112068,key-48,1826
1775448112069,key-13,1860
1775448112072,key-48,1830
1775448112072,key-48,1830
1775448112076,key-48,1834
1775448112080,key-48,1838
1775448112080,key-48,1838
1775448112081,key-48,1839
1775448112082,key-48,1840
1775448112082,key-48,1840
1775448112083,key-48,1841
1775448112083,key-48,1841
1775448112083,key-48,1841
1775448112083,key-48,1841
1775448112083,key-48,1841
1775448112086,key-48,1844
1775448112087,key-48,1845
1775448112087,key-48,1845
1775448112087,key-48,1845
1775448112088,key-48,1846
1775448112088,key-48,1846
1775448112090,key-48,1848
1775448112092,key-48,1850
1775448112093,key-48,1851
1775448112094,key-48,1852
1775448112096,key-48,1854
1775448112096,key-48,1854
1775448112097,key-20,1888
1775448112098,key-48,1856
1775448112102,key-48,1860
1775448112102,key-48,1860
1775448112103,key-48,1861
1775448112104,key-48,1862
1775448112104,key-48,1862
1775448112109,key-48,1867
1775448112109,key-48,1867
1775448112111,key-48,1869
1775448112112,key-20,1903
1775448112112,key-48,1870
1775448112113,key-48,1871
1775448112115,key-48,1873
1775448112115,key-48,1873
1775448112118,key-48,1876
1775448112119,key-48,1877
1775448112119,key-48,1877
1775448112124,key-48,1882
1775448112125,key-48,1883
1775448112126,key-48,1884
1775448112127,key-48,1885
1775448112127,key-20,1918
1775448112130,key-48,1888
1775448112130,key-2,263
1775448112131,key-48,1889
1775448112131,key-48,1889
1775448112131,key-48,1889
1775448112133,key-48,1891
1775448112133,key-28,182
1775448112135,key-20,1926
1775448112136,key-48,1894
1775448112140,key-48,1898
1775448112141,key-20,1932
1775448112142,key-48,1900
1775448112143,key-48,1901
1775448112144,key-20,1935
1775448112144,key-48,1902
1775448112146,key-48,1904
1775448112147,key-20,1938
1775448112147,key-48,1905
1775448112147,key-48,1905
1775448112148,key-2,281
1775448112153,key-20,1944
1775448112153,key-48,1911
1775448112153,key-48,1911
1775448112154,key-48,1912
1775448112154,key-48,1912
1775448112154,key-48,1912
1775448112156,key-48,1914
1775448112158,key-42,1742
1775448112159,key-20,1950
1775448112160,key-2,293
1775448112166,key-48,1924
1775448112166,key-13,1957
1775448112170,key-20,1961
1775448112170,key-20,1961
1775448112171,key-48,1929
1775448112171,key-48,1929
1775448112173,key-2,306
1775448112173,key-48,1931
1775448112179,key-20,1970
1775448112180,key-20,1971
1775448112183,key-20,1974
1775448112184,key-48,1942
1775448112187,key-48,1945
1775448112188,key-48,1946
1775448112188,key-2,321
1775448112189,key-20,1980
1775448112190,key-20,1981
1775448112192,key-20,1983
1775448112195,key-20,1986
1775448112195,key-48,1953
1775448112199,key-48,1957
1775448112200,key-48,1958
1775448112200,key-20,1991
1775448112200,key-48,1958
1775448112200,key-48,1958
1775448112201,key-20,1992
1775448112202,key-20,1993
1775448112202,key-48,1960
1775448112202,key-20,1993
1775448112205,key-20,1996
1775448112205,key-3,687
1775448112205,key-20,1996
1775448112207,key-2,340
1775448112208,key-48,1966
1775448112216,key-28,265
1775448112220,key-20,2011
1775448112221,key-20,2012
1775448112222,key-48,1980
1775448112222,key-48,1980
1775448112224,key-20,2015
1775448112229,key-48,1987
1775448112229,key-20,2020
1775448112230,key-48,1988
1775448112231,key-28,280
1775448112231,key-48,1989
1775448112235,key-20,2026
1775448112235,key-28,284
1775448112236,key-20,2027
1775448112236,key-20,2027
1775448112236,key-48,1994
1775448112239,key-20,2030
1775448112240,key-20,2031
1775448112241,key-3,723
1775448112241,key-20,2032
1775448112241,key-13,2032
1775448112242,key-48,2000
1775448112242,key-48,2000
1775448112242,key-48,2000
1775448112249,key-3,731
1775448112249,key-3,731
1775448112256,key-20,2047
1775448112256,key-28,305
1775448112257,key-20,2048
1775448112257,key-13,2048
1775448112257,key-3,739
1775448112258,key-28,307
1775448112258,key-20,2049
1775448112258,key-48,2016
1775448112261,key-48,2019
1775448112263,key-48,2021
1775448112263,key-20,2054
1775448112263,key-48,2021
1775448112265,key-20,2056
1775448112265,key-41,743
1775448112269,key-28,318
1775448112270,key-48,2028
1775448112271,key-28,320
1775448112273,key-20,2064
1775448112273,key-13,2064
1775448112275,key-48,2033
1775448112276,key-28,325
1775448112276,key-20,2067
1775448112276,key-13,2067
1775448112280,key-48,2038
1775448112280,key-48,2038
1775448112282,key-48,2040
1775448112286,key-20,2077
1775448112287,key-48,2045
1775448112288,key-48,2046
1775448112289,key-48,2047
1775448112292,key-48,2050
1775448112293,key-42,1877
1775448112293,key-48,2051
1775448112295,key-28,344
1775448112296,key-20,2087
1775448112296,key-28,345
1775448112298,key-48,2056
1775448112298,key-48,2056
1775448112298,key-48,2056
1775448112299,key-48,2057
1775448112302,key-48,2060
1775448112305,key-48,2063
1775448112307,key-3,789
1775448112310,key-48,2068
1775448112311,key-48,2069
1775448112312,key-28,361
1775448112313,key-42,1897
1775448112314,key-42,1898
1775448112317,key-28,366
1775448112321,key-48,2079
1775448112321,key-48,2079
1775448112322,key-48,2080
1775448112324,key-42,1908
1775448112328,key-28,377
1775448112328,key-48,2086
1775448112329,key-48,2087
1775448112329,key-48,2087
1775448112329,key-48,2087
1775448112331,key-48,2089
1775448112332,key-28,381
1775448112335,key-42,1919
1775448112336,key-42,1920
1775448112338,key-42,1922
1775448112339,key-48,2097
1775448112339,key-3,821
1775448112341,key-48,2099
1775448112343,key-48,2101
1775448112344,key-28,393
1775448112345,key-3,827
1775448112361,key-48,2119
1775448112363,key-48,2121
1775448112364,key-48,2122
1775448112364,key-42,1948
1775448112364,key-48,2122
1775448112370,key-48,2128
1775448112371,key-48,2129
1775448112372,key-48,2130
1775448112373,key-42,1957
1775448112373,key-28,422
1775448112373,key-48,2131
1775448112374,key-48,2132
1775448112375,key-42,1959
1775448112375,key-42,1959
1775448112377,key-42,1961
1775448112378,key-48,2136
1775448112379,key-42,1963
1775448112380,key-48,2138
1775448112381,key-42,1965
1775448112382,key-3,864
1775448112385,key-48,2143
1775448112386,key-20,2177
1775448112387,key-42,1971
1775448112388,key-48,2146
1775448112389,key-3,871
1775448112390,key-48,2148
1775448112393,key-48,2151
1775448112402,key-42,1986
1775448112402,key-48,2160
1775448112403,key-42,1987
1775448112405,key-3,887
1775448112406,key-48,2164
1775448112407,key-28,456
1775448112407,key-48,2165
1775448112410,key-28,459
1775448112410,key-3,892
1775448112411,key-48,2169
1775448112412,key-42,1996
1775448112416,key-3,898
1775448112416,key-48,2174
1775448112417,key-48,2175
1775448112417,key-48,2175
1775448112418,key-42,2002
1775448112423,key-3,905
1775448112424,key-48,2182
1775448112424,key-28,473
1775448112425,key-48,2183
1775448112426,key-28,475
1775448112426,key-3,908
1775448112426,key-42,2010
1775448112426,key-42,2010
1775448112427,key-28,476
1775448112428,key-3,910
1775448112429,key-42,2013
1775448112429,key-3,911
1775448112430,key-42,2014
1775448112431,key-42,2015
1775448112433,key-3,915
1775448112436,key-3,918
1775448112436,key-42,2020
1775448112438,key-3,920
1775448112439,key-42,2023
1775448112442,key-28,491
1775448112443,key-42,2027
1775448112444,key-20,2235
1775448112449,key-42,2033
1775448112449,key-42,2033
1775448112450,key-3,932
1775448112452,key-3,934
1775448112454,key-3,936
1775448112454,key-42,2038
1775448112455,key-3,937
1775448112458,key-20,2249
1775448112458,key-42,2042
1775448112459,key-42,2043
1775448112459,key-42,2043
1775448112461,key-3,943
1775448112464,key-42,2048
1775448112464,key-3,946
1775448112465,key-3,947
1775448112472,key-3,954
1775448112473,key-3,955
1775448112474,key-3,956
1775448112474,key-3,956
1775448112474,key-20,2265
1775448112475,key-3,957
1775448112479,key-3,961
1775448112484,key-3,966
1775448112487,key-3,969
1775448112489,key-3,971
1775448112490,key-3,972
1775448112497,key-3,979
1775448112498,key-3,980
1775448112498,key-20,2289
1775448112499,key-20,2290
1775448112499,key-20,2290
1775448112500,key-3,982
1775448112501,key-3,983
1775448112502,key-3,984
1775448112505,key-3,987
1775448112506,key-20,2297
1775448112506,key-48,2264
1775448112507,key-3,989
1775448112512,key-3,994
1775448112512,key-3,994
1775448112513,key-3,995
1775448112514,key-3,996
1775448112514,key-3,996
1775448112515,key-3,997
1775448112515,key-20,2306
1775448112516,key-20,2307
1775448112517,key-20,2308
1775448112521,key-20,2312
1775448112521,key-3,1003
1775448112521,key-3,1003
1775448112522,key-20,2313
1775448112524,key-20,2315
1775448112525,key-16,1567
1775448112525,key-3,1007
1775448112527,key-42,2111
1775448112531,key-42,2115
1775448112532,key-20,2323
1775448112532,key-42,2116
1775448112532,key-16,1574
1775448112533,key-16,1575
1775448112539,key-20,2330
1775448112540,key-16,1582
1775448112545,key-3,1027
1775448112545,key-42,2129
1775448112546,key-3,1028
1775448112546,key-16,1588
1775448112547,key-20,2338
1775448112551,key-20,2342
1775448112554,key-20,2345
1775448112556,key-20,2347
1775448112557,key-20,2348
1775448112557,key-42,2141
1775448112557,key-42,2141
1775448112558,key-3,1040
1775448112561,key-16,1603
1775448112563,key-16,1605
1775448112566,key-42,2150
1775448112566,key-3,1048
1775448112568,key-20,2359
1775448112570,key-3,1052
1775448112571,key-13,2362
1775448112574,key-42,2158
1775448112574,key-3,1056
1775448112576,key-20,2367
1775448112579,key-3,1061
1775448112580,key-16,1622
1775448112580,key-42,2164
1775448112583,key-3,1065
1775448112583,key-3,1065
1775448112583,key-16,1625
1775448112584,key-16,1626
1775448112586,key-16,1628
1775448112589,key-16,1631
1775448112591,key-16,1633
1775448112592,key-13,2383
1775448112595,key-13,2386
1775448112598,key-16,1640
1775448112598,key-16,1640
1775448112598,key-16,1640
1775448112599,key-16,1641
1775448112603,key-3,1085
1775448112606,key-16,1648
1775448112606,key-3,1088
1775448112608,key-13,2399
1775448112609,key-16,1651
1775448112614,key-16,1656
1775448112617,key-16,1659
1775448112617,key-13,2408
1775448112618,key-16,1660
1775448112619,key-16,1661
1775448112620,key-3,1102
1775448112622,key-13,2413
1775448112622,key-3,1104
1775448112623,key-16,1665
1775448112623,key-16,1665
1775448112624,key-3,1106
1775448112631,key-16,1673
1775448112631,key-3,1113
1775448112632,key-13,2423
1775448112636,key-16,1678
1775448112636,key-3,1118
1775448112637,key-21,9
1775448112637,key-27,50
1775448112639,key-13,2430
1775448112639,key-13,2430
1775448112641,key-16,1683
1775448112645,key-21,17
1775448112648,key-48,2406
1775448112650,key-16,1692
1775448112652,key-21,24
1775448112653,key-21,25
1775448112654,key-21,26
1775448112655,key-3,1137
1775448112655,key-13,2446
1775448112656,key-16,1698
1775448112657,key-3,1139
1775448112657,key-16,1699
1775448112658,key-20,2449
1775448112662,key-20,2453
1775448112663,key-3,1145
1775448112666,key-21,38
1775448112668,key-27,81
1775448112670,key-3,1152
1775448112671,key-3,1153
1775448112674,key-3,1156
1775448112675,key-3,1157
1775448112675,key-13,2466
1775448112679,key-3,1161
1775448112679,key-20,2470
1775448112679,key-16,1721
1775448112680,key-3,1162
1775448112682,key-20,2473
1775448112686,key-16,1728
1775448112687,key-3,1169
1775448112689,key-3,1171
1775448112690,key-16,1732
1775448112692,key-27,105
1775448112692,key-20,2483
1775448112701,key-21,73
1775448112701,key-20,2492
1775448112701,key-27,114
1775448112702,key-42,2286
1775448112703,key-3,1185
1775448112703,key-42,2287
1775448112705,key-20,2496
1775448112707,key-3,1189
1775448112707,key-20,2498
1775448112709,key-21,81
1775448112712,key-3,1194
1775448112712,key-21,84
1775448112714,key-3,1196
1775448112714,key-20,2505
1775448112718,key-16,1760
1775448112719,key-20,2510
1775448112720,key-27,133
1775448112723,key-27,136
1775448112724,key-20,2515
1775448112724,key-27,137
1775448112725,key-20,2516
1775448112725,key-20,2516
1775448112725,key-3,1207
1775448112727,key-42,2311
1775448112729,key-27,142
1775448112730,key-20,2521
1775448112736,key-27,149
1775448112736,key-27,149
1775448112736,key-27,149
1775448112737,key-27,150
1775448112738,key-20,2529
1775448112739,key-16,1781
1775448112739,key-3,1221
1775448112740,key-3,1222
1775448112745,key-27,158
1775448112746,key-27,159
1775448112746,key-3,1228
1775448112749,key-41,1227
1775448112749,key-3,1231
1775448112751,key-27,164
1775448112752,key-27,165
1775448112755,key-27,168
1775448112760,key-27,173
1775448112762,key-3,1244
1775448112764,key-27,177
1775448112765,key-27,178
1775448112770,key-3,1252
1775448112771,key-27,184
1775448112773,key-27,186
1775448112774,key-27,187
1775448112776,key-27,189
1775448112777,key-23,6
1775448112778,key-27,191
1775448112779,key-28,828
1775448112781,key-23,10
1775448112781,key-21,153
1775448112782,key-27,195
1775448112782,key-27,195
1775448112783,key-3,1265
1775448112783,key-23,12
1775448112783,key-23,12
1775448112784,key-23,13
1775448112785,key-23,14
1775448112786,key-3,1268
1775448112789,key-23,18
1775448112790,key-23,19
1775448112792,key-27,205
1775448112797,key-23,26
1775448112798,key-27,211
1775448112799,key-23,28
1775448112800,key-3,1282
1775448112801,key-23,30
1775448112801,key-27,214
1775448112801,key-3,1283
1775448112804,key-21,176
1775448112804,key-3,1286
1775448112807,key-23,36
1775448112807,key-27,220
1775448112809,key-23,38
1775448112810,key-23,39
1775448112811,key-27,224
1775448112812,key-27,225
1775448112812,key-27,225
1775448112812,key-28,861
1775448112813,key-23,42
1775448112813,key-3,1295
1775448112814,key-23,43
1775448112817,key-23,46
1775448112819,key-23,48
1775448112819,key-3,1301
1775448112824,key-23,53
1775448112824,key-48,2582
1775448112826,key-23,55
1775448112826,key-23,55
1775448112827,key-27,240
1775448112829,key-42,2413
1775448112829,key-13,2620
1775448112830,key-48,2588
1775448112832,key-23,61
1775448112832,key-23,61
1775448112834,key-48,2592
1775448112834,key-23,63
1775448112834,key-3,1316
1775448112837,key-3,1319
1775448112837,key-23,66
1775448112843,key-23,72
1775448112844,key-23,73
1775448112844,key-42,2428
1775448112846,key-48,2604
1775448112847,key-23,76
1775448112847,key-48,2605
1775448112847,key-48,2605
1775448112847,key-3,1329
1775448112848,key-48,2606
1775448112848,key-23,77
1775448112849,key-23,78
1775448112850,key-21,222
1775448112853,key-48,2611
1775448112855,key-3,1337
1775448112855,key-23,84
1775448112856,key-21,228
1775448112856,key-48,2614
1775448112859,key-23,88
1775448112859,key-3,1341
1775448112861,key-23,90
1775448112864,key-48,2622
1775448112865,key-23,94
1775448112867,key-21,239
1775448112869,key-48,2627
1775448112869,key-3,1351
1775448112870,key-23,99
1775448112871,key-48,2629
1775448112871,key-48,2629
1775448112872,key-13,2663
1775448112872,key-23,101
1775448112873,key-23,102
1775448112874,key-3,1356
1775448112875,key-48,2633
1775448112876,key-3,1358
1775448112876,key-3,1358
1775448112877,key-23,106
1775448112882,key-48,2640
1775448112883,key-13,2674
1775448112885,key-23,114
1775448112886,key-3,1368
1775448112886,key-48,2644
1775448112886,key-3,1368
1775448112887,key-48,2645
1775448112887,key-3,1369
1775448112893,key-48,2651
1775448112893,key-23,122
1775448112894,key-3,1376
1775448112894,key-23,123
1775448112894,key-3,1376
1775448112894,key-23,123
1775448112895,key-48,2653
1775448112895,key-3,1377
1775448112895,key-23,124
1775448112899,key-48,2657
1775448112903,key-3,1385
1775448112903,key-48,2661
1775448112904,key-48,2662
1775448112905,key-3,1387
1775448112906,key-48,2664
1775448112906,key-48,2664
1775448112907,key-48,2665
1775448112908,key-23,137
1775448112910,key-16,1952
1775448112910,key-23,139
1775448112913,key-48,2671
1775448112915,key-16,1957
1775448112915,key-3,1397
1775448112917,key-48,2675
1775448112918,key-48,2676
1775448112921,key-48,2679
1775448112922,key-48,2680
1775448112923,key-3,1405
1775448112923,key-48,2681
1775448112925,key-48,2683
1775448112926,key-48,2684
1775448112927,key-48,2685
1775448112927,key-3,1409
1775448112928,key-48,2686
1775448112928,key-48,2686
1775448112929,key-41,1407
1775448112929,key-3,1411
1775448112930,key-48,2688
1775448112930,key-2,1063
1775448112930,key-3,1412
1775448112930,key-3,1412
1775448112931,key-48,2689
1775448112933,key-41,1411
1775448112938,key-20,2729
1775448112938,key-48,2696
1775448112939,key-48,2697
1775448112941,key-3,1423
1775448112944,key-41,1422
1775448112944,key-3,1426
1775448112944,key-41,1422
1775448112946,key-48,2704
1775448112946,key-48,2704
1775448112946,key-48,2704
1775448112948,key-41,1426
1775448112949,key-48,2707
1775448112949,key-41,1427
1775448112950,key-48,2708
1775448112960,key-41,1438
1775448112962,key-48,2720
1775448112963,key-48,2721
1775448112965,key-48,2723
1775448112966,key-20,2757
1775448112966,key-48,2724
1775448112966,key-48,2724
1775448112967,key-48,2725
1775448112967,key-48,2725
1775448112968,key-48,2726
1775448112968,key-48,2726
1775448112969,key-41,1447
1775448112969,key-48,2727
1775448112970,key-48,2728
1775448112971,key-48,2729
1775448112972,key-48,2730
1775448112972,key-48,2730
1775448112972,key-48,2730
1775448112972,key-48,2730
1775448112973,key-3,1455
1775448112973,key-41,1451
1775448112976,key-48,2734
1775448112980,key-48,2738
1775448112983,key-48,2741
1775448112990,key-48,2748
1775448112991,key-48,2749
1775448112992,key-41,1470
1775448112992,key-48,2750
1775448112992,key-48,2750
1775448112993,key-48,2751
1775448112994,key-42,2578
1775448112995,key-48,2753
1775448113000,key-48,2758
1775448113002,key-42,2586
1775448113003,key-41,1481
1775448113006,key-48,2764
1775448113007,key-41,1485
1775448113007,key-48,2765
1775448113010,key-41,1488
1775448113012,key-48,2770
1775448113012,key-48,2770
1775448113014,key-48,2772
1775448113015,key-48,2773
1775448113015,key-48,2773
1775448113016,key-42,2600
1775448113016,key-48,2774
1775448113017,key-13,2808
1775448113017,key-48,2775
1775448113019,key-41,1497
1775448113021,key-48,2779
1775448113026,key-42,2610
1775448113027,key-13,2818
1775448113028,key-48,2786
1775448113029,key-42,2613
1775448113030,key-48,2788
1775448113030,key-48,2788
1775448113031,key-48,2789
1775448113032,key-48,2790
1775448113034,key-42,2618
1775448113034,key-42,2618
1775448113036,key-48,2794
1775448113038,key-41,1516
1775448113038,key-42,2622
1775448113039,key-48,2797
1775448113040,key-48,2798
1775448113040,key-27,453
1775448113043,key-48,2801
1775448113043,key-42,2627
1775448113045,key-48,2803
1775448113047,key-42,2631
1775448113048,key-41,1526
1775448113048,key-27,461
1775448113050,key-48,2808
1775448113051,key-48,2809
1775448113053,key-41,1531
1775448113055,key-48,2813
1775448113055,key-48,2813
1775448113056,key-41,1534
1775448113056,key-41,1534
1775448113060,key-27,473
1775448113061,key-41,1539
1775448113062,key-27,475
1775448113062,key-20,2853
1775448113063,key-41,1541
1775448113071,key-41,1549
1775448113071,key-41,1549
1775448113075,key-48,2833
1775448113077,key-21,449
1775448113077,key-41,1555
1775448113079,key-48,2837
1775448113079,key-41,1557
1775448113079,key-41,1557
1775448113080,key-41,1558
1775448113081,key-41,1559
1775448113084,key-21,456
1775448113087,key-27,500
1775448113091,key-41,1569
1775448113091,key-27,504
1775448113094,key-21,466
1775448113095,key-27,508
1775448113097,key-21,469
1775448113101,key-23,330
1775448113102,key-41,1580
1775448113102,key-41,1580
1775448113106,key-41,1584
1775448113106,key-28,1155
1775448113110,key-23,339
1775448113111,key-41,1589
1775448113115,key-41,1593
1775448113115,key-27,528
1775448113117,key-28,1166
1775448113118,key-27,531
1775448113119,key-21,491
1775448113120,key-21,492
1775448113120,key-27,533
1775448113121,key-21,493
1775448113121,key-27,534
1775448113128,key-21,500
1775448113129,key-27,542
1775448113132,key-27,545
1775448113133,key-23,362
1775448113133,key-21,505
1775448113134,key-28,1183
1775448113135,key-27,548
1775448113136,key-21,508
1775448113139,key-27,552
1775448113140,key-21,512
1775448113142,key-21,514
1775448113143,key-21,515
1775448113149,key-28,1198
1775448113150,key-21,522
1775448113153,key-27,566
1775448113155,key-21,527
1775448113165,key-23,394
1775448113167,key-13,2958
1775448113167,key-21,539
1775448113167,key-21,539
1775448113168,key-27,581
1775448113168,key-21,540
1775448113169,key-21,541
1775448113169,key-21,541
1775448113175,key-21,547
1775448113178,key-23,407
1775448113181,key-28,8
1775448113182,key-13,2973
1775448113184,key-13,2975
1775448113184,key-28,11
1775448113189,key-23,418
1775448113191,key-13,2982
1775448113196,key-13,2987
1775448113197,key-3,1679
1775448113197,key-28,24
1775448113197,key-21,569
1775448113198,key-28,25
1775448113198,key-21,570
1775448113198,key-23,427
1775448113199,key-23,428
1775448113200,key-21,572
1775448113200,key-23,429
1775448113201,key-13,2992
1775448113202,key-3,1684
1775448113203,key-13,2994
1775448113203,key-23,432
1775448113203,key-23,432
1775448113205,key-13,2996
1775448113207,key-3,1689
1775448113208,key-23,437
1775448113209,key-23,438
1775448113210,key-28,37
1775448113211,key-23,440
1775448113211,key-13,3002
1775448113212,key-3,1694
1775448113212,key-23,441
1775448113213,key-23,442
1775448113217,key-20,3008
1775448113218,key-3,1700
1775448113220,key-28,47
1775448113221,key-23,450
1775448113223,key-23,452
1775448113226,key-28,53
1775448113228,key-3,1710
1775448113232,key-3,1714
1775448113234,key-13,3025
1775448113235,key-3,1717
1775448113235,key-13,3026
1775448113235,key-28,62
1775448113236,key-13,3027
1775448113236,key-2,1369
1775448113239,key-13,3030
1775448113239,key-13,3030
1775448113242,key-28,69
1775448113243,key-23,472
1775448113244,key-28,71
1775448113245,key-28,72
1775448113248,key-13,3039
1775448113248,key-28,75
1775448113248,key-3,1730
1775448113250,key-3,1732
1775448113250,key-3,1732
1775448113254,key-2,1387
1775448113256,key-28,83
1775448113256,key-3,1738
1775448113257,key-3,1739
1775448113259,key-3,1741
1775448113261,key-3,1743
1775448113265,key-28,92
1775448113275,key-28,102
1775448113276,key-3,1758
1775448113277,key-28,104
1775448113277,key-3,1759
1775448113278,key-3,1760
1775448113278,key-35,442
1775448113280,key-28,107
1775448113283,key-13,3074
1775448113284,key-35,448
1775448113285,key-28,112
1775448113286,key-28,113
1775448113287,key-28,114
1775448113288,key-28,115
1775448113291,key-35,455
1775448113293,key-35,457
1775448113294,key-13,3085
1775448113295,key-35,459
1775448113295,key-35,459
1775448113297,key-28,124
1775448113298,key-28,125
1775448113299,key-13,3090
1775448113302,key-13,3093
1775448113303,key-28,130
1775448113304,key-28,131
1775448113309,key-28,136
1775448113310,key-28,137
1775448113315,key-13,3106
1775448113317,key-21,689
1775448113318,key-28,145
1775448113319,key-13,3110
1775448113319,key-13,3110
1775448113322,key-28,149
1775448113324,key-13,3115
1775448113326,key-21,698
1775448113329,key-28,156
1775448113330,key-13,3121
1775448113331,key-13,3122
1775448113335,key-28,162
1775448113342,key-13,3133
1775448113342,key-13,3133
1775448113343,key-21,715
1775448113347,key-48,3105
1775448113350,key-28,177
1775448113360,key-13,3151
1775448113360,key-13,3151
1775448113362,key-23,591
1775448113363,key-21,735
1775448113368,key-48,3126
1775448113368,key-13,3159
1775448113369,key-13,3160
1775448113369,key-5,1
1775448113372,key-5,4
1775448113374,key-2,1507
1775448113380,key-2,1513
1775448113381,key-5,13
1775448113382,key-21,754
1775448113389,key-2,1522
1775448113392,key-2,1525
1775448113393,key-5,25
1775448113394,key-5,26
1775448113395,key-2,1528
1775448113395,key-13,3186
1775448113399,key-2,1532
1775448113399,key-13,3190
1775448113401,key-5,33
1775448113403,key-2,1536
1775448113412,key-2,1545
1775448113413,key-28,240
1775448113416,key-5,48
1775448113416,key-2,1549
1775448113416,key-2,1549
1775448113417,key-5,49
1775448113417,key-5,49
1775448113421,key-2,1554
1775448113421,key-2,1554
1775448113422,key-5,54
1775448113424,key-2,1557
1775448113429,key-3,1911
1775448113432,key-28,259
1775448113432,key-2,1565
1775448113433,key-2,1566
1775448113433,key-28,260
1775448113434,key-5,66
1775448113435,key-2,1568
1775448113438,key-2,1571
1775448113440,key-2,1573
1775448113440,key-2,1573
1775448113443,key-5,75
1775448113443,key-2,1576
1775448113443,key-5,75
1775448113443,key-28,270
1775448113446,key-2,1579
1775448113448,key-28,275
1775448113449,key-5,81
1775448113449,key-2,1582
1775448113449,key-28,276
1775448113455,key-5,87
1775448113455,key-2,1588
1775448113455,key-28,282
1775448113455,key-2,1588
1775448113456,key-5,88
1775448113458,key-5,90
1775448113461,key-37,261
1775448113464,key-2,1597
1775448113465,key-2,1598
1775448113467,key-5,99
1775448113468,key-28,295
1775448113469,key-2,1602
1775448113469,key-5,101
1775448113470,key-2,1603
1775448113476,key-2,1609
1775448113476,key-2,1609
1775448113477,key-5,109
1775448113480,key-2,1613
1775448113485,key-2,1618
1775448113498,key-35,23
1775448113498,key-34,16
1775448113498,key-34,16
1775448113499,key-34,17
1775448113501,key-42,3085
1775448113501,key-2,1634
1775448113507,key-34,25
1775448113508,key-34,26
1775448113516,key-34,34
1775448113517,key-35,42
1775448113521,key-34,39
1775448113524,key-34,42
1775448113524,key-34,42
1775448113525,key-35,50
1775448113526,key-34,44
1775448113526,key-35,51
1775448113526,key-28,353
1775448113526,key-34,44
1775448113528,key-35,53
1775448113528,key-28,355
1775448113530,key-5,162
1775448113532,key-35,57
1775448113534,key-28,361
1775448113535,key-37,335
1775448113536,key-34,54
1775448113537,key-20,3328
1775448113544,key-28,371
1775448113544,key-35,69
1775448113549,key-16,405
1775448113551,key-23,780
1775448113552,key-20,3343
1775448113552,key-37,352
1775448113553,key-35,78
1775448113560,key-20,3351
1775448113560,key-13,3351
1775448113561,key-23,790
1775448113561,key-16,417
1775448113562,key-34,80
1775448113564,key-20,3355
1775448113565,key-23,794
1775448113565,key-28,392
1775448113565,key-35,90
1775448113566,key-16,422
1775448113567,key-28,394
1775448113571,key-35,96
1775448113572,key-16,428
1775448113573,key-27,986
1775448113573,key-16,429
1775448113577,key-16,433
1775448113578,key-27,991
1775448113581,key-28,408
1775448113581,key-35,106
1775448113581,key-20,3372
1775448113582,key-21,954
1775448113585,key-28,412
1775448113585,key-16,441
1775448113586,key-16,442
1775448113588,key-28,415
1775448113589,key-28,416
1775448113592,key-16,448
1775448113597,key-16,453
1775448113597,key-21,969
1775448113597,key-27,1010
1775448113598,key-27,1011
1775448113599,key-16,455
1775448113600,key-16,456
1775448113605,key-16,461
1775448113608,key-28,435
1775448113608,key-21,980
1775448113609,key-27,1022
1775448113610,key-16,466
1775448113613,key-23,842
1775448113614,key-16,470
1775448113615,key-15,6
1775448113617,key-16,473
1775448113619,key-16,475
1775448113624,key-15,15
1775448113624,key-27,1037
1775448113624,key-28,451
1775448113625,key-21,997
1775448113625,key-28,452
1775448113626,key-27,1039
1775448113626,key-15,17
1775448113628,key-16,484
1775448113628,key-23,857
1775448113632,key-37,432
1775448113632,key-15,23
1775448113633,key-16,489
1775448113635,key-15,26
1775448113635,key-28,462
1775448113635,key-23,864
1775448113637,key-16,493
1775448113637,key-15,28
1775448113638,key-28,465
1775448113648,key-28,475
1775448113649,key-15,40
1775448113649,key-16,505
1775448113650,key-15,41
1775448113651,key-15,42
1775448113651,key-34,169
1775448113655,key-15,46
1775448113657,key-15,48
1775448113659,key-15,50
1775448113665,key-15,56
1775448113665,key-23,894
1775448113667,key-34,185
1775448113669,key-15,60
1775448113669,key-28,496
1775448113670,key-23,899
1775448113671,key-1,1
1775448113675,key-28,502
1775448113675,key-15,66
1775448113678,key-35,203
1775448113679,key-34,197
1775448113681,key-1,11
1775448113683,key-15,74
1775448113683,key-23,912
1775448113683,key-23,912
1775448113686,key-28,513
1775448113687,key-15,78
1775448113689,key-15,80
1775448113689,key-23,918
1775448113689,key-27,1102
1775448113691,key-34,209
1775448113692,key-15,83
1775448113693,key-15,84
1775448113693,key-27,1106
1775448113695,key-23,924
1775448113696,key-28,523
1775448113697,key-20,3488
1775448113701,key-35,226
1775448113702,key-15,93
1775448113703,key-28,530
1775448113703,key-15,94
1775448113706,key-13,3497
1775448113706,key-27,1119
1775448113708,key-28,535
1775448113708,key-23,937
1775448113711,key-13,3502
1775448113711,key-27,1124
1775448113712,key-28,539
1775448113712,key-27,1125
1775448113715,key-27,1128
1775448113715,key-21,1087
1775448113721,key-27,1134
1775448113721,key-27,1134
1775448113721,key-28,548
1775448113722,key-28,549
1775448113723,key-13,3514
1775448113724,key-35,249
1775448113725,key-27,1138
1775448113725,key-28,552
1775448113725,key-27,1138
1775448113726,key-27,1139
1775448113728,key-35,253
1775448113729,key-27,1142
1775448113730,key-27,1143
1775448113734,key-21,1106
1775448113737,key-27,1150
1775448113737,key-21,1109
1775448113738,key-27,1151
1775448113738,key-28,565
1775448113739,key-27,1152
1775448113739,key-27,1152
1775448113739,key-23,968
1775448113740,key-37,540
1775448113740,key-35,265
1775448113740,key-28,567
1775448113740,key-34,258
1775448113742,key-27,1155
1775448113742,key-27,1155
1775448113742,key-21,1114
1775448113744,key-21,1116
1775448113745,key-20,3536
1775448113747,key-21,1119
1775448113750,key-37,550
1775448113752,key-48,3510
1775448113752,key-21,1124
1775448113753,key-34,271
1775448113754,key-28,581
1775448113754,key-27,1167
1775448113756,key-27,1169
1775448113756,key-34,274
1775448113757,key-28,584
1775448113759,key-27,1172
1775448113760,key-34,278
1775448113761,key-35,286
1775448113763,key-21,1135
1775448113765,key-27,1178
1775448113766,key-27,1179
1775448113767,key-27,1180
1775448113767,key-27,1180
1775448113767,key-34,285
1775448113768,key-21,1140
1775448113768,key-28,595
1775448113768,key-16,624
1775448113769,key-42,3353
1775448113771,key-27,1184
1775448113771,key-27,1184
1775448113772,key-42,3356
1775448113773,key-21,1145
1775448113774,key-42,3358
1775448113775,key-27,1188
1775448113776,key-34,294
1775448113776,key-27,1189
1775448113780,key-42,3364
1775448113783,key-34,301
1775448113784,key-27,1197
1775448113784,key-16,640
1775448113785,key-3,2267
1775448113785,key-34,303
1775448113786,key-42,3370
1775448113786,key-21,1158
1775448113787,key-27,1200
1775448113788,key-34,306
1775448113788,key-16,644
1775448113790,key-27,1203
1775448113793,key-34,311
1775448113794,key-27,1207
1775448113794,key-42,3378
1775448113794,key-34,312
1775448113799,key-34,317
1775448113800,key-13,3591
1775448113801,key-3,2283
1775448113802,key-34,320
1775448113803,key-16,659
1775448113805,key-34,323
1775448113806,key-28,633
1775448113806,key-27,1219
1775448113807,key-27,1220
1775448113807,key-42,3391
1775448113808,key-16,664
1775448113808,key-3,2290
1775448113808,key-3,2290
1775448113809,key-13,3600
1775448113809,key-34,327
1775448113809,key-16,665
1775448113810,key-13,3601
1775448113810,key-13,3601
1775448113810,key-42,3394
1775448113812,key-35,337
1775448113814,key-13,3605
1775448113816,key-3,2298
1775448113817,key-3,2299
1775448113818,key-3,2300
1775448113818,key-16,674
1775448113819,key-42,3403
1775448113822,key-16,678
1775448113823,key-13,3614
1775448113825,key-3,2307
1775448113827,key-34,345
1775448113828,key-23,1057
1775448113829,key-16,685
1775448113830,key-3,2312
1775448113831,key-16,687
1775448113831,key-13,3622
1775448113832,key-3,2314
1775448113832,key-13,3623
1775448113833,key-13,3624
1775448113834,key-3,2316
1775448113834,key-3,2316
1775448113836,key-34,354
1775448113840,key-34,358
1775448113843,key-3,2325
1775448113844,key-13,3635
1775448113847,key-16,703
1775448113848,key-1,178
1775448113848,key-34,366
1775448113848,key-3,2330
1775448113848,key-16,704
1775448113849,key-1,179
1775448113850,key-3,2332
1775448113850,key-3,2332
1775448113851,key-34,369
1775448113851,key-16,707
1775448113854,key-42,3438
1775448113854,key-3,2336
1775448113856,key-34,374
1775448113857,key-3,2339
1775448113857,key-3,2339
1775448113858,key-13,3649
1775448113859,key-49,5
1775448113859,key-37,659
1775448113860,key-1,190
1775448113861,key-16,717
1775448113862,key-16,718
1775448113864,key-5,496
1775448113865,key-16,721
1775448113866,key-34,384
1775448113866,key-49,12
1775448113867,key-3,2349
1775448113867,key-42,3451
1775448113867,key-3,2349
1775448113868,key-49,14
1775448113868,key-42,3452
1775448113868,key-1,198
1775448113875,key-16,731
1775448113875,key-1,205
1775448113875,key-42,3459
1775448113875,key-21,1247
1775448113878,key-37,678
1775448113879,key-42,3463
1775448113879,key-35,404
1775448113880,key-35,405
1775448113881,key-49,27
1775448113882,key-35,407
1775448113883,key-15,274
1775448113883,key-16,739
1775448113883,key-3,2365
1775448113883,key-16,739
1775448113885,key-16,741
1775448113888,key-1,218
1775448113891,key-37,691
1775448113891,key-16,747
1775448113894,key-42,3478
1775448113894,key-16,750
1775448113895,key-35,420
1775448113901,key-42,3485
1775448113902,key-42,3486
1775448113902,key-27,1315
1775448113902,key-49,48
1775448113902,key-37,702
1775448113903,key-42,3487
1775448113903,key-16,759
1775448113903,key-42,3487
1775448113903,key-37,703
1775448113904,key-49,50
1775448113904,key-16,760
1775448113906,key-16,762
1775448113907,key-16,763
1775448113907,key-42,3491
1775448113908,key-16,764
1775448113908,key-13,3699
1775448113915,key-42,3499
1775448113915,key-21,1287
1775448113915,key-16,771
1775448113917,key-42,3501
1775448113917,key-16,773
1775448113918,key-37,718
1775448113920,key-42,3504
1775448113922,key-37,722
1775448113922,key-16,778
1775448113922,key-16,778
1775448113925,key-42,3509
1775448113926,key-42,3510
1775448113926,key-16,782
1775448113926,key-16,782
1775448113927,key-37,727
1775448113927,key-21,1299
1775448113927,key-42,3511
1775448113927,key-16,783
1775448113929,key-37,729
1775448113930,key-16,786
1775448113933,key-42,3517
1775448113934,key-37,734
1775448113935,key-16,791
1775448113935,key-1,265
1775448113936,key-37,736
1775448113937,key-42,3521
1775448113939,key-16,795
1775448113939,key-16,795
1775448113940,key-37,740
1775448113940,key-16,796
1775448113941,key-37,741
1775448113942,key-16,798
1775448113942,key-42,3526
1775448113948,key-16,804
1775448113948,key-37,748
1775448113949,key-37,749
1775448113949,key-16,805
1775448113950,key-28,777
1775448113951,key-16,807
1775448113952,key-16,808
1775448113952,key-16,808
1775448113953,key-42,3537
1775448113954,key-49,100
1775448113955,key-35,480
1775448113957,key-28,784
1775448113958,key-16,814
1775448113959,key-48,3717
1775448113964,key-48,3722
1775448113965,key-36,13
1775448113966,key-1,296
1775448113967,key-34,485
1775448113967,key-16,823
1775448113967,key-36,15
1775448113968,key-36,16
1775448113971,key-1,301
1775448113972,key-1,302
1775448113972,key-36,20
1775448113972,key-28,799
1775448113977,key-16,833
1775448113977,key-48,3735
1775448113978,key-36,26
1775448113978,key-28,805
1775448113978,key-1,308
1775448113978,key-34,496
1775448113980,key-34,498
1775448113982,key-36,30
1775448113982,key-36,1
1775448113982,key-36,30
1775448113983,key-48,3741
1775448113983,key-13,3774
1775448113986,key-36,5
1775448113992,key-36,11
1775448113993,key-36,12
1775448113995,key-34,513
1775448113995,key-36,14
1775448113998,key-2,2131
1775448113999,key-48,3757
1775448113999,key-36,18
1775448114000,key-15,391
1775448114002,key-36,21
1775448114004,key-20,3795
1775448114004,key-15,395
1775448114004,key-36,23
1775448114005,key-34,523
1775448114005,key-15,396
1775448114007,key-2,2140
1775448114008,key-13,3799
1775448114012,key-13,3803
1775448114013,key-15,404
1775448114013,key-15,404
1775448114013,key-36,32
1775448114013,key-36,32
1775448114015,key-2,2148
1775448114015,key-15,406
1775448114016,key-36,35
1775448114016,key-36,35
1775448114017,key-15,408
1775448114017,key-36,36
1775448114018,key-35,543
1775448114018,key-21,1390
1775448114019,key-2,2152
1775448114022,key-13,3813
1775448114022,key-15,413
1775448114024,key-36,43
1775448114026,key-36,45
1775448114030,key-41,2508
1775448114035,key-15,426
1775448114037,key-36,56
1775448114038,key-36,57
1775448114039,key-36,58
1775448114039,key-2,2172
1775448114045,key-36,64
1775448114046,key-15,437
1775448114046,key-36,65
1775448114047,key-36,66
1775448114048,key-36,67
1775448114048,key-32,416
1775448114049,key-36,68
1775448114050,key-2,2183
1775448114050,key-2,2183
1775448114051,key-35,576
1775448114058,key-1,388
1775448114058,key-48,3816
1775448114059,key-36,78
1775448114059,key-36,78
1775448114060,key-36,79
1775448114060,key-2,2193
1775448114060,key-48,3818
1775448114062,key-16,918
1775448114062,key-23,1291
1775448114063,key-48,3821
1775448114063,key-36,82
1775448114063,key-36,82
1775448114063,key-36,82
1775448114064,key-48,3822
1775448114068,key-36,87
1775448114069,key-23,1298
1775448114069,key-32,437
1775448114069,key-36,88
1775448114071,key-36,90
1775448114072,key-48,3830
1775448114073,key-36,92
1775448114076,key-2,2209
1775448114076,key-48,3834
1775448114077,key-36,96
1775448114077,key-36,96
1775448114078,key-36,97
1775448114078,key-2,2211
1775448114079,key-36,98
1775448114080,key-48,3838
1775448114081,key-32,449
1775448114081,key-36,100
1775448114082,key-2,2215
1775448114084,key-2,2217
1775448114085,key-36,104
1775448114086,key-2,2219
1775448114088,key-36,107
1775448114088,key-2,2221
1775448114089,key-32,457
1775448114089,key-1,419
1775448114090,key-2,2223
1775448114093,key-42,3677
1775448114093,key-1,423
1775448114094,key-16,950
1775448114095,key-36,114
1775448114096,key-2,2229
1775448114096,key-36,115
1775448114096,key-48,3854
1775448114099,key-48,3857
1775448114100,key-2,2233
1775448114100,key-2,2233
1775448114100,key-2,2233
1775448114101,key-34,619
1775448114103,key-2,2236
1775448114105,key-36,124
1775448114108,key-34,626
1775448114108,key-36,127
1775448114109,key-36,128
1775448114110,key-2,2243
1775448114112,key-2,2245
1775448114112,key-34,630
1775448114114,key-2,2247
1775448114115,key-34,633
1775448114115,key-36,134
1775448114118,key-35,643
1775448114123,key-36,142
1775448114123,key-22,8
1775448114123,key-34,641
1775448114124,key-22,9
1775448114124,key-22,9
1775448114126,key-34,644
1775448114126,key-35,651
1775448114127,key-5,759
1775448114127,key-34,645
1775448114130,key-5,762
1775448114130,key-35,655
1775448114134,key-34,652
1775448114134,key-34,652
1775448114135,key-34,653
1775448114135,key-22,20
1775448114135,key-34,653
1775448114142,key-36,161
1775448114143,key-22,28
1775448114144,key-22,29
1775448114144,key-35,669
1775448114144,key-34,662
1775448114145,key-22,30
1775448114145,key-34,663
1775448114145,key-22,30
1775448114145,key-35,670
1775448114146,key-34,664
1775448114146,key-35,671
1775448114150,key-34,668
1775448114150,key-34,668
1775448114151,key-34,669
1775448114152,key-42,3736
1775448114153,key-34,671
1775448114154,key-34,672
1775448114154,key-22,39
1775448114156,key-36,175
1775448114157,key-36,176
1775448114159,key-42,3743
1775448114161,key-34,679
1775448114162,key-22,47
1775448114163,key-34,681
1775448114164,key-34,682
1775448114164,key-35,689
1775448114165,key-35,690
1775448114165,key-35,690
1775448114166,key-34,684
1775448114176,key-35,701
1775448114176,key-42,3760
1775448114176,key-34,694
1775448114177,key-22,62
1775448114177,key-34,695
1775448114177,key-35,702
1775448114177,key-42,3761
1775448114180,key-34,698
1775448114181,key-23,1410
1775448114181,key-35,706
1775448114181,key-34,699
1775448114182,key-35,707
1775448114183,key-22,68
1775448114185,key-34,703
1775448114185,key-35,710
1775448114185,key-34,703
1775448114186,key-28,1013
1775448114186,key-35,711
1775448114187,key-35,712
1775448114193,key-34,711
1775448114194,key-23,1423
1775448114195,key-22,80
1775448114195,key-23,1424
1775448114195,key-34,713
1775448114197,key-34,715
1775448114197,key-23,1426
1775448114202,key-35,727
1775448114202,key-2,2335
1775448114202,key-34,720
1775448114202,key-36,221
1775448114203,key-22,88
1775448114203,key-23,1432
1775448114204,key-35,729
1775448114205,key-27,1618
1775448114206,key-35,731
1775448114206,key-42,3790
1775448114208,key-36,227
1775448114209,key-34,727
1775448114209,key-36,228
1775448114209,key-42,3793
1775448114209,key-42,3793
1775448114210,key-22,95
1775448114210,key-23,1439
1775448114213,key-23,1442
1775448114219,key-27,1632
1775448114219,key-2,2352
1775448114219,key-36,238
1775448114220,key-42,3804
1775448114223,key-23,1452
1775448114224,key-22,109
1775448114229,key-42,3813
1775448114229,key-47,68
1775448114231,key-23,1460
1775448114231,key-23,1460
1775448114232,key-48,3990
1775448114232,key-37,1032
1775448114232,key-42,3816
1775448114232,key-36,251
1775448114233,key-39,14
1775448114233,key-48,3991
1775448114234,key-48,3992
1775448114234,key-42,3818
1775448114235,key-32,603
1775448114236,key-48,3994
1775448114237,key-39,18
1775448114241,key-42,3825
1775448114243,key-39,24
1775448114244,key-42,3828
1775448114245,key-39,26
1775448114246,key-39,27
1775448114247,key-39,28
1775448114247,key-47,86
1775448114248,key-42,3832
1775448114248,key-42,3832
1775448114249,key-13,4040
1775448114249,key-37,1049
1775448114251,key-39,32
1775448114255,key-42,3839
1775448114256,key-23,1485
1775448114256,key-42,3840
1775448114257,key-48,4015
1775448114257,key-15,648
1775448114259,key-37,1059
1775448114262,key-39,43
1775448114263,key-42,3847
1775448114264,key-42,3848
1775448114270,key-48,4028
1775448114270,key-15,661
1775448114271,key-28,1098
1775448114271,key-13,4062
1775448114271,key-42,3855
1775448114271,key-35,796
1775448114272,key-48,4030
1775448114272,key-49,418
1775448114273,key-32,641
1775448114274,key-15,665
1775448114274,key-7,2
1775448114275,key-7,3
1775448114275,key-7,3
1775448114276,key-32,644
1775448114277,key-41,2755
1775448114278,key-28,1105
1775448114279,key-7,7
1775448114285,key-15,676
1775448114286,key-22,171
1775448114287,key-41,2765
1775448114287,key-35,812
1775448114287,key-15,678
1775448114290,key-41,2768
1775448114290,key-41,2768
1775448114290,key-15,681
1775448114293,key-7,21
1775448114294,key-15,685
1775448114294,key-35,819
1775448114295,key-15,686
1775448114295,key-32,663
1775448114296,key-41,2774
1775448114297,key-35,822
1775448114298,key-32,666
1775448114299,key-41,2777
1775448114300,key-41,2778
1775448114301,key-41,2779
1775448114303,key-7,31
1775448114304,key-35,829
1775448114304,key-16,1160
1775448114305,key-41,2783
1775448114305,key-41,2783
1775448114305,key-16,1161
1775448114305,key-41,2783
1775448114308,key-41,2786
1775448114334,key-35,859
1775448114336,key-15,727
1775448114361,key-9,68
1775448114362,key-41,2840
1775448114362,key-41,2840
1775448114362,key-41,2840
1775448114362,key-32,55
1775448114362,key-15,753
1775448114363,key-41,2841
1775448114401,key-15,792
1775448114402,key-22,287
1775448114403,key-41,2881
1775448114404,key-1,734
1775448114404,key-41,2882
1775448114404,key-35,929
1775448114404,key-32,84
1775448114404,key-32,84
1775448114405,key-18,104
1775448114405,key-41,2883
1775448114417,key-35,942
1775448114418,key-16,1274
1775448114418,key-7,146
1775448114419,key-35,944
1775448114419,key-35,944
1775448114420,key-35,945
1775448114420,key-41,2898
1775448114420,key-41,2898
1775448114421,key-35,946
1775448114422,key-41,2900
1775448114422,key-36,441
1775448114422,key-32,102
1775448114422,key-48,4180
1775448114422,key-7,150
1775448114423,key-7,151
1775448114423,key-27,1836
1775448114423,key-7,151
1775448114423,key-15,814
1775448114424,key-13,4215
1775448114424,key-41,2902
1775448114424,key-35,949
1775448114425,key-16,1281
1775448114425,key-32,105
1775448114426,key-2,2559
1775448114426,key-41,2904
1775448114426,key-41,2904
1775448114426,key-7,154
1775448114427,key-48,4185
1775448114427,key-42,22
1775448114428,key-42,23
1775448114431,key-2,2564
1775448114432,key-7,160
1775448114433,key-41,2911
1775448114434,key-16,1290
1775448114437,key-27,1850
1775448114439,key-9,146
1775448114441,key-34,959
1775448114442,key-27,1855
1775448114442,key-16,1298
1775448114445,key-20,4236
1775448114447,key-7,175
1775448114447,key-16,1303
1775448114452,key-41,2930
1775448114453,key-27,1866
1775448114453,key-16,1309
1775448114453,key-42,48
1775448114454,key-47,293
1775448114456,key-41,2934
1775448114457,key-2,2590
1775448114457,key-47,296
1775448114461,key-41,2939
1775448114462,key-16,1318
1775448114462,key-47,301
1775448114462,key-7,190
1775448114464,key-41,2942
1775448114466,key-48,4224
1775448114469,key-7,197
1775448114470,key-16,1326
1775448114471,key-36,490
1775448114472,key-41,2950
1775448114472,key-16,1328
1775448114473,key-16,1329
1775448114474,key-16,1330
1775448114475,key-18,174
1775448114475,key-47,314
1775448114475,key-2,2608
1775448114475,key-21,1847
1775448114475,key-47,314
1775448114476,key-7,204
1775448114476,key-48,4234
1775448114478,key-16,1334
1775448114479,key-36,498
1775448114479,key-36,498
1775448114480,key-42,75
1775448114480,key-18,179
1775448114481,key-16,1337
1775448114483,key-41,2961
1775448114485,key-42,80
1775448114485,key-42,80
1775448114486,key-13,4277
1775448114489,key-7,217
1775448114489,key-42,84
1775448114490,key-47,329
1775448114493,key-36,512
1775448114494,key-36,513
1775448114494,key-27,1907
1775448114497,key-36,516
1775448114497,key-16,1353
1775448114499,key-42,94
1775448114500,key-36,519
1775448114500,key-42,95
1775448114500,key-42,95
1775448114501,key-35,1026
1775448114501,key-42,96
1775448114503,key-42,98
1775448114505,key-47,344
1775448114505,key-35,1030
1775448114506,key-32,186
1775448114508,key-35,1033
1775448114508,key-35,1033
1775448114508,key-27,1921
1775448114510,key-36,529
1775448114510,key-34,1028
1775448114511,key-42,106
1775448114511,key-27,1924
1775448114513,key-37,7
1775448114514,key-35,1039
1775448114514,key-42,109
1775448114514,key-36,533
1775448114515,key-42,110
1775448114517,key-34,1035
1775448114517,key-37,11
1775448114517,key-5,1149
1775448114517,key-39,298
1775448114521,key-42,116
1775448114522,key-5,1154
1775448114522,key-34,1040
1775448114522,key-42,117
1775448114526,key-2,2659
1775448114527,key-27,1940
1775448114527,key-35,1052
1775448114530,key-42,125
1775448114531,key-22,416
1775448114532,key-37,26
1775448114533,key-34,1051
1775448114533,key-42,128
1775448114535,key-35,1060
1775448114535,key-2,6
1775448114537,key-2,8
1775448114540,key-42,135
1775448114542,key-42,137
1775448114543,key-42,138
1775448114543,key-34,1061
1775448114545,key-35,1070
1775448114551,key-7,279
1775448114552,key-35,1077
1775448114552,key-2,23
1775448114552,key-2,23
1775448114552,key-27,1965
1775448114553,key-35,1078
1775448114553,key-2,24
1775448114553,key-21,1925
1775448114556,key-34,1074
1775448114556,key-2,27
1775448114557,key-2,28
1775448114558,key-35,1083
1775448114559,key-18,258
1775448114560,key-7,288
1775448114560,key-1,890
1775448114560,key-41,3038
1775448114560,key-2,31
1775448114561,key-22,446
1775448114562,key-27,1975
1775448114564,key-35,1089
1775448114572,key-41,3050
1775448114572,key-22,457
1775448114573,key-2,44
1775448114573,key-27,1986
1775448114573,key-15,964
1775448114573,key-2,44
1775448114574,key-22,459
1775448114574,key-2,45
1775448114574,key-36,593
1775448114574,key-2,45
1775448114574,key-42,169
1775448114574,key-7,302
1775448114575,key-9,282
1775448114575,key-22,460
1775448114575,key-2,46
1775448114576,key-20,4367
1775448114577,key-7,305
1775448114578,key-35,1103
1775448114580,key-36,599
1775448114581,key-22,466
1775448114583,key-22,468
1775448114583,key-5,1215
1775448114586,key-2,57
1775448114589,key-42,184
1775448114590,key-22,475
1775448114590,key-22,475
1775448114591,key-32,271
1775448114592,key-42,187
1775448114592,key-36,611
1775448114593,key-7,321
1775448114593,key-32,273
1775448114593,key-36,612
1775448114594,key-36,613
1775448114594,key-7,322
1775448114595,key-35,1120
1775448114595,key-22,480
1775448114596,key-35,1121
1775448114597,key-36,616
1775448114598,key-35,1123
1775448114600,key-36,619
1775448114600,key-35,1125
1775448114602,key-35,1127
1775448114602,key-36,621
1775448114603,key-32,283
1775448114603,key-36,622
1775448114604,key-42,199
1775448114604,key-35,1129
1775448114605,key-9,312
1775448114605,key-36,624
1775448114610,key-22,495
1775448114610,key-9,317
1775448114611,key-32,291
1775448114612,key-35,1137
1775448114613,key-10,13
1775448114614,key-13,4405
1775448114617,key-32,297
1775448114618,key-1,948
1775448114618,key-36,637
1775448114618,key-42,213
1775448114619,key-10,19
1775448114620,key-35,1145
1775448114622,key-10,22
1775448114624,key-9,331
1775448114624,key-10,24
1775448114625,key-36,644
1775448114630,key-10,30
1775448114630,key-36,649
1775448114632,key-9,339
1775448114634,key-10,34
1775448114635,key-1,965
1775448114636,key-35,1161
1775448114637,key-42,232
1775448114638,key-5,1270
1775448114639,key-9,346
1775448114639,key-9,346
1775448114640,key-36,659
1775448114645,key-42,240
1775448114647,key-20,4438
1775448114647,key-5,1279
1775448114648,key-22,533
1775448114648,key-36,667
1775448114649,key-9,356
1775448114654,key-42,249
1775448114654,key-42,249
1775448114654,key-20,4445
1775448114656,key-36,675
1775448114657,key-42,252
1775448114657,key-20,4448
1775448114657,key-3,3139
1775448114658,key-22,543
1775448114658,key-2,129
1775448114658,key-34,1176
1775448114661,key-22,546
1775448114661,key-10,61
1775448114665,key-36,684
1775448114667,key-10,67
1775448114667,key-34,1185
1775448114667,key-2,138
1775448114669,key-36,688
1775448114669,key-36,688
1775448114669,key-10,69
1775448114669,key-9,376
1775448114670,key-10,70
1775448114672,key-36,691
1775448114672,key-10,72
1775448114673,key-3,3155
1775448114673,key-3,3155
1775448114675,key-36,694
1775448114677,key-36,696
1775448114680,key-20,4471
1775448114680,key-32,360
1775448114681,key-10,81
1775448114681,key-34,1199
1775448114683,key-32,363
1775448114685,key-21,2057
1775448114685,key-36,704
1775448114686,key-3,3168
1775448114687,key-36,706
1775448114688,key-23,1917
1775448114688,key-36,707
1775448114689,key-21,2061
1775448114689,key-36,708
1775448114690,key-36,709
1775448114690,key-36,709
1775448114694,key-36,713
1775448114694,key-32,374
1775448114695,key-9,402
1775448114696,key-32,376
1775448114697,key-21,2069
1775448114698,key-10,98
1775448114698,key-21,2070
1775448114699,key-23,1928
1775448114699,key-36,718
1775448114700,key-36,719
1775448114701,key-36,720
1775448114701,key-23,1930
1775448114701,key-21,2073
1775448114706,key-42,301
1775448114706,key-36,725
1775448114707,key-36,726
1775448114707,key-42,302
1775448114707,key-23,1936
1775448114709,key-48,4467
1775448114710,key-42,305
1775448114710,key-36,729
1775448114710,key-36,729
1775448114711,key-42,306
1775448114712,key-42,307
1775448114712,key-48,4470
1775448114712,key-21,2084
1775448114713,key-21,2085
1775448114713,key-48,4471
1775448114714,key-36,733
1775448114714,key-23,1943
1775448114715,key-48,4473
1775448114715,key-36,734
1775448114716,key-42,311
1775448114716,key-36,735
1775448114719,key-42,314
1775448114719,key-36,738
1775448114722,key-23,1951
1775448114722,key-42,317
1775448114724,key-42,319
1775448114729,key-48,4487
1775448114731,key-1,1061
1775448114731,key-36,750
1775448114740,key-42,335
1775448114740,key-48,4498
1775448114741,key-42,336
1775448114741,key-1,1071
1775448114741,key-36,760
1775448114742,key-36,761
1775448114743,key-49,889
1775448114743,key-48,4501
1775448114744,key-48,4502
1775448114746,key-13,4537
1775448114746,key-1,1076
1775448114747,key-48,4505
1775448114748,key-42,343
1775448114748,key-37,242
1775448114749,key-48,4507
1775448114749,key-36,768
1775448114749,key-28,1576
1775448114749,key-48,4507
1775448114749,key-21,2121
1775448114750,key-1,1080
1775448114751,key-36,770
1775448114751,key-48,4509
1775448114752,key-21,2124
1775448114753,key-48,4511
1775448114753,key-48,4511
1775448114753,key-49,899
1775448114755,key-49,901
1775448114757,key-48,4515
1775448114759,key-48,4517
1775448114761,key-21,2133
1775448114763,key-1,1093
1775448114764,key-35,1289
1775448114765,key-48,4523
1775448114765,key-10,165
1775448114766,key-48,4524
1775448114766,key-21,2138
1775448114766,key-48,4524
1775448114767,key-42,362
1775448114767,key-42,362
1775448114767,key-48,4525
1775448114768,key-21,2140
1775448114769,key-1,1099
1775448114770,key-42,365
1775448114770,key-42,365
1775448114770,key-48,4528
1775448114771,key-41,3249
1775448114772,key-42,367
1775448114772,key-48,4530
1775448114773,key-48,4531
1775448114774,key-21,2146
1775448114774,key-42,369
1775448114774,key-3,3256
1775448114775,key-1,1105
1775448114777,key-21,2149
1775448114778,key-21,2150
1775448114780,key-3,3262
1775448114782,key-42,377
1775448114784,key-21,2156
1775448114784,key-5,1416
1775448114786,key-48,4544
1775448114788,key-48,4546
1775448114790,key-21,2162
1775448114790,key-21,2162
1775448114792,key-3,3274
1775448114792,key-3,3274
1775448114794,key-5,1426
1775448114794,key-21,2166
1775448114796,key-5,1428
1775448114796,key-32,13
1775448114796,key-42,391
1775448114797,key-21,2169
1775448114797,key-21,2169
1775448114797,key-42,392
1775448114797,key-42,392
1775448114798,key-21,2170
1775448114798,key-21,2170
1775448114798,key-21,2170
1775448114799,key-21,2171
1775448114799,key-3,3281
1775448114799,key-21,2171
1775448114799,key-21,2171
1775448114800,key-3,3282
1775448114800,key-21,2172
1775448114800,key-21,2172
1775448114800,key-3,3282
1775448114801,key-36,820
1775448114802,key-3,3284
1775448114802,key-36,821
1775448114804,key-7,532
1775448114804,key-21,2176
1775448114806,key-21,2178
1775448114806,key-36,825
1775448114807,key-21,2179
1775448114807,key-3,3289
1775448114809,key-3,3291
1775448114811,key-21,2183
1775448114811,key-36,830
1775448114811,key-7,539
1775448114813,key-21,2185
1775448114814,key-36,833
1775448114814,key-21,2186
1775448114814,key-36,833
1775448114814,key-2,285
1775448114817,key-36,836
1775448114817,key-21,2189
1775448114818,key-36,837
1775448114818,key-47,657
1775448114818,key-22,703
1775448114819,key-21,2191
1775448114820,key-15,1211
1775448114820,key-7,548
1775448114820,key-21,2192
1775448114821,key-47,660
1775448114822,key-21,2194
1775448114822,key-5,1454
1775448114822,key-3,3304
1775448114823,key-36,842
1775448114824,key-21,2196
1775448114825,key-21,2197
1775448114825,key-7,553
1775448114827,key-15,1218
1775448114827,key-47,666
1775448114828,key-21,2200
1775448114830,key-3,3312
1775448114830,key-21,2202
1775448114831,key-21,2203
1775448114831,key-21,2203
1775448114832,key-15,1223
1775448114833,key-7,561
1775448114833,key-47,672
1775448114835,key-41,3313
1775448114836,key-21,2208
1775448114837,key-5,1469
1775448114837,key-47,676
1775448114837,key-34,7
1775448114838,key-36,857
1775448114839,key-15,1230
1775448114839,key-21,2211
1775448114839,key-47,678
1775448114840,key-5,1472
1775448114841,key-21,2213
1775448114841,key-3,3323
1775448114841,key-5,1473
1775448114842,key-13,4633
1775448114842,key-5,1474
1775448114843,key-36,862
1775448114845,key-36,864
1775448114845,key-36,864
1775448114845,key-5,1477
1775448114845,key-5,1477
1775448114847,key-47,686
1775448114848,key-36,867
1775448114848,key-5,1480
1775448114849,key-5,1481
1775448114850,key-36,869
1775448114851,key-21,2223
1775448114852,key-9,559
1775448114853,key-5,1485
1775448114853,key-37,347
1775448114854,key-10,254
1775448114854,key-5,1486
1775448114857,key-20,4648
1775448114858,key-5,1490
1775448114858,key-5,1490
1775448114858,key-10,258
1775448114858,key-3,3340
1775448114859,key-21,2231
1775448114859,key-20,4650
1775448114860,key-39,641
1775448114861,key-21,2233
1775448114861,key-36,880
1775448114862,key-5,1494
1775448114865,key-3,3347
1775448114865,key-41,3343
1775448114866,key-36,885
1775448114866,key-36,885
1775448114866,key-10,266
1775448114867,key-5,1499
1775448114868,key-20,4659
1775448114869,key-20,4660
1775448114869,key-3,3351
1775448114873,key-3,3355
1775448114874,key-3,3356
1775448114874,key-3,3356
1775448114874,key-18,573
1775448114875,key-36,894
1775448114875,key-3,3357
1775448114876,key-3,3358
1775448114877,key-3,3359
1775448114877,key-39,658
1775448114877,key-41,3355
1775448114880,key-3,3362
1775448114880,key-41,3358
1775448114880,key-29,123
1775448114880,key-3,3362
1775448114881,key-3,3363
1775448114881,key-41,3359
1775448114882,key-7,610
1775448114882,key-20,4673
1775448114882,key-3,3364
1775448114882,key-36,901
1775448114883,key-18,582
1775448114883,key-20,4674
1775448114883,key-10,283
1775448114884,key-5,1516
1775448114885,key-18,584
1775448114885,key-18,584
1775448114885,key-41,3363
1775448114886,key-23,2115
1775448114886,key-3,3368
1775448114887,key-3,3369
1775448114887,key-42,482
1775448114888,key-20,4679
1775448114888,key-3,3370
1775448114890,key-18,589
1775448114892,key-3,3374
1775448114893,key-3,3375
1775448114894,key-3,3376
1775448114897,key-10,297
1775448114899,key-10,299
1775448114900,key-3,3382
1775448114900,key-36,919
1775448114903,key-41,3381
1775448114903,key-20,4694
1775448114904,key-41,3382
1775448114904,key-36,923
1775448114904,key-36,923
1775448114906,key-3,3388
1775448114907,key-35,1432
1775448114907,key-41,3385
1775448114908,key-41,3386
1775448114909,key-20,4700
1775448114911,key-36,930
1775448114912,key-36,931
1775448114912,key-20,4703
1775448114913,key-3,3395
1775448114914,key-3,3396
1775448114916,key-3,3398
1775448114917,key-48,4675
1775448114917,key-41,3395
1775448114918,key-28,1745
1775448114918,key-20,4709
1775448114919,key-36,938
1775448114920,key-3,3402
1775448114920,key-3,3402
1775448114920,key-48,4678
1775448114921,key-3,3403
1775448114921,key-3,3403
1775448114922,key-35,1447
1775448114923,key-48,4681
1775448114923,key-3,3405
1775448114924,key-1,1254
1775448114925,key-47,764
1775448114925,key-1,1255
1775448114925,key-3,3407
1775448114925,key-3,3407
1775448114925,key-34,95
1775448114926,key-48,4684
1775448114927,key-20,4718
1775448114927,key-35,1452
1775448114931,key-49,1077
1775448114931,key-3,3413
1775448114931,key-35,1456
1775448114932,key-3,3414
1775448114934,key-3,3416
1775448114934,key-48,4692
1775448114934,key-1,1264
1775448114936,key-48,4694
1775448114937,key-1,1267
1775448114937,key-13,4728
1775448114938,key-3,3420
1775448114938,key-3,3420
1775448114939,key-1,1269
1775448114939,key-49,1085
1775448114939,key-49,1085
1775448114939,key-3,3421
1775448114941,key-3,3423
1775448114941,key-13,4732
1775448114941,key-1,1271
1775448114942,key-48,4700
1775448114945,key-13,4736
1775448114945,key-3,3427
1775448114946,key-1,1276
1775448114948,key-3,3430
1775448114948,key-48,4706
1775448114951,key-1,1281
1775448114952,key-29,195
1775448114954,key-28,1780
1775448114954,key-3,3436
1775448114954,key-3,3436
1775448114956,key-28,1783
1775448114956,key-16,1812
1775448114956,key-1,1286
1775448114956,key-3,3438
1775448114956,key-35,1481
1775448114957,key-48,4715
1775448114958,key-27,2371
1775448114959,key-3,3441
1775448114959,key-1,1289
1775448114959,key-29,202
1775448114960,key-27,2373
1775448114961,key-7,689
1775448114961,key-35,1486
1775448114962,key-48,4720
1775448114964,key-29,207
1775448114964,key-27,2377
1775448114966,key-3,3448
1775448114966,key-3,3448
1775448114968,key-7,696
1775448114968,key-32,185
1775448114970,key-35,1495
1775448114972,key-42,567
1775448114972,key-48,4730
1775448114972,key-41,3450
1775448114973,key-13,4764
1775448114973,key-27,2386
1775448114973,key-3,3455
1775448114974,key-7,702
1775448114975,key-29,218
1775448114975,key-13,4766
1775448114975,key-10,375
1775448114976,key-3,3458
1775448114977,key-42,572
1775448114977,key-41,3455
1775448114978,key-15,1369
1775448114980,key-15,1371
1775448114981,key-39,762
1775448114982,key-41,3460
1775448114983,key-10,383
1775448114983,key-7,711
1775448114983,key-29,226
1775448114984,key-7,712
1775448114987,key-15,1378
1775448114990,key-2,461
1775448114994,key-39,775
1775448114995,key-2,466
1775448114996,key-7,724
1775448114997,key-41,3475
1775448114997,key-29,240
1775448114999,key-15,1390
1775448115000,key-41,3478
1775448115003,key-10,403
1775448115003,key-2,474
1775448115004,key-2,475
1775448115008,key-11,6
1775448115008,key-11,6
1775448115009,key-11,7
1775448115010,key-11,8
1775448115011,key-11,9
1775448115012,key-13,4803
1775448115012,key-10,412
1775448115015,key-11,13
1775448115018,key-11,16
1775448115018,key-35,1543
1775448115019,key-10,419
1775448115020,key-2,491
1775448115021,key-3,3503
1775448115021,key-27,2434
1775448115022,key-11,20
1775448115022,key-11,20
1775448115023,key-11,21
1775448115023,key-15,1414
1775448115023,key-11,21
1775448115024,key-15,1415
1775448115025,key-28,24
1775448115026,key-40,4
1775448115026,key-11,24
1775448115028,key-40,6
1775448115028,key-15,1419
1775448115029,key-10,429
1775448115030,key-41,3508
1775448115031,key-2,502
1775448115033,key-39,814
1775448115034,key-7,762
1775448115035,key-11,33
1775448115035,key-11,33
1775448115036,key-21,2408
1775448115036,key-15,1427
1775448115037,key-10,437
1775448115038,key-7,766
1775448115038,key-15,1429
1775448115039,key-9,16
1775448115039,key-10,439
1775448115039,key-40,17
1775448115039,key-9,16
1775448115040,key-49,1186
1775448115040,key-11,38
1775448115040,key-7,768
1775448115041,key-7,769
1775448115041,key-40,19
1775448115042,key-41,3520
1775448115043,key-41,3521
1775448115044,key-39,825
1775448115044,key-7,772
1775448115044,key-35,1569
1775448115044,key-11,42
1775448115045,key-11,43
1775448115047,key-49,1193
1775448115047,key-29,290
1775448115051,key-29,294
1775448115052,key-15,1443
1775448115053,key-7,781
1775448115054,key-23,2283
1775448115054,key-41,3532
1775448115056,key-9,33
1775448115057,key-7,785
1775448115057,key-42,652
1775448115057,key-11,55
1775448115058,key-21,2430
1775448115058,key-40,36
1775448115059,key-15,1450
1775448115059,key-7,787
1775448115060,key-29,303
1775448115060,key-7,788
1775448115060,key-5,1692
1775448115061,key-29,304
1775448115061,key-49,1207
1775448115061,key-15,1452
1775448115065,key-49,1211
1775448115066,key-15,1457
1775448115066,key-15,1457
1775448115066,key-7,794
1775448115066,key-11,64
1775448115067,key-42,662
1775448115067,key-7,795
1775448115067,key-41,3545
1775448115068,key-7,796
1775448115068,key-7,796
1775448115069,key-11,67
1775448115069,key-40,47
1775448115069,key-49,1215
1775448115070,key-7,798
1775448115070,key-27,2483
1775448115070,key-42,665
1775448115071,key-21,2443
1775448115072,key-15,1463
1775448115073,key-29,316
1775448115073,key-15,1464
1775448115073,key-49,1219
1775448115073,key-7,801
1775448115074,key-15,1465
1775448115074,key-1,1404
1775448115077,key-42,672
1775448115077,key-49,1223
1775448115077,key-21,2449
1775448115080,key-7,808
1775448115082,key-37,576
1775448115083,key-1,1413
1775448115083,key-32,300
1775448115083,key-15,1474
1775448115084,key-42,679
1775448115084,key-42,679
1775448115084,key-20,4875
1775448115085,key-7,813
1775448115086,key-7,814
1775448115086,key-7,814
1775448115087,key-49,1233
1775448115087,key-16,1943
1775448115088,key-49,1234
1775448115089,key-7,817
1775448115089,key-42,684
1775448115090,key-40,68
1775448115090,key-37,584
1775448115091,key-49,1237
1775448115091,key-49,1237
1775448115091,key-42,686
1775448115092,key-16,1948
1775448115093,key-42,688
1775448115093,key-49,1239
1775448115095,key-7,823
1775448115095,key-42,690
1775448115096,key-7,824
1775448115097,key-49,1243
1775448115097,key-16,1953
1775448115098,key-7,826
1775448115098,key-7,826
1775448115098,key-42,693
1775448115099,key-7,827
1775448115099,key-7,827
1775448115100,key-7,828
1775448115100,key-42,695
1775448115101,key-42,696
1775448115101,key-7,829
1775448115102,key-42,697
1775448115103,key-37,597
1775448115104,key-42,699
1775448115105,key-7,833
1775448115105,key-16,1961
1775448115105,key-42,700
1775448115105,key-42,700
1775448115106,key-42,701
1775448115107,key-42,702
1775448115107,key-42,702
1775448115108,key-16,1964
1775448115108,key-42,703
1775448115108,key-7,836
1775448115110,key-16,1966
1775448115110,key-42,705
1775448115111,key-7,839
1775448115113,key-42,708
1775448115113,key-7,841
1775448115114,key-42,709
1775448115115,key-42,710
1775448115115,key-42,710
1775448115116,key-47,955
1775448115116,key-16,1972
1775448115117,key-47,956
1775448115118,key-22,1003
1775448115119,key-42,714
1775448115120,key-42,715
1775448115121,key-16,1977
1775448115121,key-42,716
1775448115121,key-16,1977
1775448115122,key-7,850
1775448115122,key-16,1978
1775448115122,key-7,850
1775448115123,key-42,718
1775448115123,key-42,718
1775448115124,key-42,719
1775448115125,key-16,1981
1775448115125,key-18,824
1775448115125,key-42,720
1775448115125,key-47,964
1775448115126,key-2,597
1775448115126,key-7,854
1775448115127,key-42,722
1775448115127,key-16,1983
1775448115127,key-47,966
1775448115127,key-22,1012
1775448115129,key-16,1985
1775448115130,key-7,858
1775448115130,key-10,530
1775448115131,key-42,726
1775448115132,key-42,727
1775448115133,key-16,1989
1775448115134,key-16,1990
1775448115136,key-7,864
1775448115136,key-16,1992
1775448115137,key-16,1993
1775448115138,key-16,1994
1775448115139,key-37,633
1775448115139,key-42,734
1775448115140,key-16,1996
1775448115141,key-7,869
1775448115141,key-16,1997
1775448115142,key-7,870
1775448115144,key-16,2000
1775448115145,key-37,639
1775448115146,key-7,874
1775448115146,key-16,2002
1775448115147,key-7,875
1775448115147,key-20,4938
1775448115148,key-16,2004
1775448115149,key-49,1295
1775448115150,key-16,2006
1775448115150,key-1,1480
1775448115151,key-16,2007
1775448115152,key-15,1543
1775448115152,key-20,4943
1775448115152,key-16,2008
1775448115152,key-41,3630
1775448115155,key-16,2011
1775448115155,key-22,1040
1775448115157,key-7,885
1775448115158,key-16,2014
1775448115158,key-16,2014
1775448115159,key-7,887
1775448115160,key-7,888
1775448115160,key-16,2016
1775448115160,key-20,4951
1775448115160,key-49,1306
1775448115161,key-16,2017
1775448115161,key-10,561
1775448115161,key-15,1552
1775448115162,key-35,1687
1775448115162,key-15,1553
1775448115162,key-16,2018
1775448115163,key-11,161
1775448115163,key-15,1554
1775448115164,key-15,1555
1775448115165,key-16,2021
1775448115166,key-16,2022
1775448115167,key-16,2023
1775448115169,key-9,146
1775448115169,key-16,2025
1775448115169,key-7,897
1775448115170,key-16,2026
1775448115170,key-15,1561
1775448115170,key-34,340
1775448115171,key-5,1803
1775448115174,key-34,344
1775448115174,key-15,1565
1775448115175,key-16,2031
1775448115176,key-15,1567
1775448115177,key-16,2033
1775448115178,key-15,1569
1775448115178,key-27,2591
1775448115181,key-15,1572
1775448115182,key-34,352
1775448115182,key-5,1814
1775448115182,key-5,1814
1775448115184,key-27,2597
1775448115184,key-9,161
1775448115184,key-9,161
1775448115185,key-15,1576
1775448115187,key-5,1819
1775448115188,key-7,916
1775448115189,key-5,1821
1775448115190,key-16,2046
1775448115190,key-5,1822
1775448115191,key-16,2047
1775448115192,key-27,2605
1775448115192,key-27,2605
1775448115192,key-16,2048
1775448115192,key-10,592
1775448115193,key-15,1584
1775448115193,key-16,2049
1775448115193,key-15,1584
1775448115194,key-9,171
1775448115195,key-15,1586
1775448115197,key-5,1829
1775448115198,key-5,1830
1775448115198,key-5,1830
1775448115198,key-5,1830
1775448115198,key-10,598
1775448115199,key-41,3677
1775448115200,key-5,1832
1775448115201,key-15,1592
1775448115201,key-7,929
1775448115201,key-10,601
1775448115201,key-5,1833
1775448115202,key-27,2615
1775448115202,key-5,1834
1775448115203,key-27,2616
1775448115204,key-15,1595
1775448115205,key-5,1837
1775448115205,key-20,4996
1775448115205,key-41,3683
1775448115206,key-5,1838
1775448115206,key-39,987
1775448115206,key-5,1838
1775448115207,key-41,3685
1775448115207,key-5,1839
1775448115208,key-27,2621
1775448115208,key-9,185
1775448115210,key-47,1049
1775448115212,key-10,612
1775448115212,key-29,455
1775448115213,key-5,1845
1775448115213,key-39,994
1775448115219,key-41,3697
1775448115220,key-5,1852
1775448115221,key-9,198
1775448115221,key-39,1002
1775448115221,key-41,3699
1775448115222,key-10,622
1775448115222,key-20,5013
1775448115223,key-5,1855
1775448115223,key-10,623
1775448115223,key-10,623
1775448115223,key-41,3701
1775448115224,key-5,1856
1775448115224,key-41,3702
1775448115225,key-5,1857
1775448115225,key-47,1064
1775448115225,key-5,1857
1775448115225,key-41,3703
1775448115226,key-5,1858
1775448115226,key-21,2598
1775448115226,key-22,1111
1775448115227,key-47,1066
1775448115227,key-41,3705
1775448115227,key-20,5018
1775448115228,key-21,2600
1775448115228,key-20,5019
1775448115229,key-5,1861
1775448115229,key-41,3707
1775448115230,key-29,473
1775448115232,key-21,2604
1775448115232,key-10,632
1775448115232,key-28,231
1775448115232,key-41,3710
1775448115233,key-41,3711
1775448115233,key-28,232
1775448115235,key-47,1074
1775448115236,key-20,5027
1775448115237,key-29,480
1775448115237,key-5,1869
1775448115237,key-21,2609
1775448115238,key-20,5029
1775448115238,key-41,3716
1775448115240,key-41,3718
1775448115240,key-5,1872
1775448115241,key-9,218
1775448115241,key-41,3719
1775448115241,key-20,5032
1775448115242,key-3,3724
1775448115242,key-47,1081
1775448115243,key-41,3721
1775448115245,key-41,3723
1775448115245,key-18,944
1775448115246,key-36,1265
1775448115246,key-41,3724
1775448115247,key-5,1879
1775448115248,key-41,3726
1775448115249,key-29,492
1775448115250,key-41,3728
1775448115251,key-47,1090
1775448115252,key-9,229
1775448115252,key-21,2624
1775448115252,key-42,847
1775448115253,key-41,3731
1775448115253,key-47,1092
1775448115254,key-47,1093
1775448115256,key-9,233
1775448115256,key-42,851
1775448115257,key-18,956
1775448115257,key-23,2486
1775448115258,key-9,235
1775448115259,key-47,1098
1775448115259,key-9,236
1775448115259,key-42,854
1775448115263,key-47,1102
1775448115263,key-41,3741
1775448115264,key-42,859
1775448115264,key-47,1103
1775448115265,key-9,242
1775448115265,key-47,1104
1775448115265,key-47,1104
1775448115266,key-42,861
1775448115266,key-47,1105
1775448115267,key-41,3745
1775448115268,key-47,1107
1775448115268,key-42,863
1775448115269,key-47,1108
1775448115269,key-9,246
1775448115270,key-9,247
1775448115271,key-42,866
1775448115272,key-41,3750
1775448115274,key-47,1113
1775448115274,key-47,1113
1775448115275,key-36,1294
1775448115276,key-42,871
1775448115278,key-42,873
1775448115282,key-47,1121
1775448115282,key-42,877
1775448115283,key-21,2655
1775448115283,key-42,878
1775448115284,key-34,454
1775448115284,key-47,1123
1775448115285,key-47,1124
1775448115286,key-41,3764
1775448115286,key-47,1125
1775448115286,key-21,2658
1775448115286,key-36,1305
1775448115287,key-7,1015
1775448115288,key-41,3766
1775448115289,key-36,1308
1775448115289,key-47,1128
1775448115289,key-7,1017
1775448115289,key-42,884
1775448115290,key-47,1129
1775448115290,key-36,1309
1775448115293,key-42,888
1775448115293,key-47,1132
1775448115295,key-7,1023
1775448115295,key-1,1625
1775448115297,key-41,3775
1775448115297,key-47,1136
1775448115298,key-11,296
1775448115298,key-7,1026
1775448115300,key-47,1139
1775448115301,key-40,279
1775448115301,key-41,3779
1775448115302,key-7,1030
1775448115303,key-42,898
1775448115305,key-1,1635
1775448115305,key-47,1144
1775448115305,key-42,900
1775448115307,key-47,1146
1775448115307,key-47,1146
1775448115307,key-47,1146
1775448115308,key-40,286
1775448115308,key-41,3786
1775448115308,key-47,1147
1775448115309,key-47,1148
1775448115310,key-39,1091
1775448115310,key-7,1038
1775448115310,key-7,1038
1775448115311,key-20,5102
1775448115313,key-42,908
1775448115313,key-7,1041
1775448115313,key-47,1152
1775448115313,key-42,908
1775448115318,key-47,1157
1775448115318,key-39,1099
1775448115318,key-47,1157
1775448115319,key-7,1047
1775448115320,key-42,915
1775448115320,key-47,1159
1775448115321,key-47,1160
1775448115323,key-41,3801
1775448115323,key-47,1162
1775448115328,key-20,5119
1775448115328,key-7,1056
1775448115328,key-39,1109
1775448115330,key-42,925
1775448115331,key-7,1059
1775448115333,key-39,1114
1775448115334,key-22,1219
1775448115335,key-7,1063
1775448115335,key-7,1063
1775448115336,key-2,807
1775448115336,key-20,5127
1775448115336,key-39,1117
1775448115336,key-47,1175
1775448115336,key-47,1175
1775448115337,key-47,1176
1775448115337,key-47,1176
1775448115337,key-7,1065
1775448115338,key-7,1066
1775448115338,key-39,1119
1775448115340,key-39,1121
1775448115340,key-39,1121
1775448115340,key-18,1039
1775448115342,key-48,18
1775448115342,key-39,1123
1775448115343,key-47,1182
1775448115343,key-29,586
1775448115343,key-48,19
1775448115344,key-39,1125
1775448115345,key-20,5136
1775448115362,key-39,1143
1775448115363,key-47,1202
1775448115363,key-34,25
1775448115363,key-39,1144
1775448115363,key-39,1144
1775448115363,key-29,606
1775448115363,key-48,39
1775448115364,key-20,5155
1775448115364,key-47,1203
1775448115364,key-47,1203
1775448115364,key-7,1092
1775448115364,key-7,1092
1775448115364,key-18,1063
1775448115364,key-39,1145
1775448115364,key-47,1203
1775448115365,key-48,41
1775448115365,key-40,343
1775448115366,key-34,28
1775448115366,key-47,1205
1775448115366,key-47,1205
1775448115368,key-27,2781
1775448115368,key-39,1149
1775448115368,key-40,346
1775448115369,key-47,1208
1775448115369,key-7,1097
1775448115370,key-39,1151
1775448115370,key-42,965
1775448115370,key-37,864
1775448115371,key-18,1070
1775448115371,key-5,2003
1775448115371,key-47,1210
1775448115372,key-7,1100
1775448115372,key-27,2785
1775448115372,key-27,2785
1775448115372,key-47,1211
1775448115373,key-47,1212
1775448115373,key-20,5164
1775448115373,key-7,1101
1775448115374,key-40,352
1775448115374,key-47,1213
1775448115375,key-40,353
1775448115375,key-40,353
1775448115376,key-35,1901
1775448115377,key-5,2009
1775448115377,key-39,1158
1775448115380,key-42,975
1775448115380,key-21,2752
1775448115381,key-27,2794
1775448115382,key-40,360
1775448115383,key-40,361
1775448115383,key-27,2796
1775448115385,key-40,363
1775448115386,key-20,5177
1775448115386,key-47,1225
1775448115386,key-21,2758
1775448115387,key-35,1912
1775448115388,key-35,1913
1775448115388,key-27,2801
1775448115389,key-42,984
1775448115389,key-35,1914
1775448115389,key-40,367
1775448115393,key-5,2025
1775448115393,key-26,304
1775448115393,key-27,2806
1775448115393,key-20,5184
1775448115394,key-27,2807
1775448115394,key-35,1919
1775448115395,key-26,306
1775448115395,key-16,2251
1775448115395,key-35,1920
1775448115396,key-40,374
1775448115397,key-20,5188
1775448115398,key-40,376
1775448115398,key-26,309
1775448115399,key-5,2031
1775448115399,key-27,2812
1775448115401,key-16,2257
1775448115402,key-7,1130
1775448115406,key-22,1291
1775448115406,key-21,2778
1775448115407,key-26,318
1775448115407,key-20,5198
1775448115407,key-35,1932
1775448115407,key-1,1737
1775448115407,key-7,1135
1775448115408,key-13,5199
1775448115408,key-3,3890
1775448115408,key-26,319
1775448115409,key-5,2041
1775448115409,key-26,320
1775448115410,key-13,5201
1775448115410,key-40,388
1775448115411,key-20,5202
1775448115411,key-40,389
1775448115412,key-27,2825
1775448115412,key-1,1742
1775448115412,key-27,2825
1775448115412,key-2,883
1775448115413,key-26,324
1775448115413,key-26,324
1775448115413,key-5,2045
1775448115415,key-26,326
1775448115415,key-2,886
1775448115415,key-1,1745
1775448115416,key-3,3898
1775448115418,key-1,1748
1775448115419,key-26,330
1775448115420,key-42,1015
1775448115421,key-1,1751
1775448115421,key-29,664
1775448115422,key-27,2835
1775448115423,key-42,1018
1775448115424,key-7,1152
1775448115424,key-27,2837
1775448115424,key-1,1754
1775448115426,key-26,337
1775448115427,key-27,2840
1775448115428,key-27,2841
1775448115430,key-7,1158
1775448115430,key-26,341
1775448115430,key-29,673
1775448115431,key-2,902
1775448115431,key-26,342
1775448115432,key-23,2661
1775448115433,key-11,431
1775448115433,key-29,676
1775448115433,key-28,53
1775448115433,key-27,2846
1775448115434,key-42,1029
1775448115435,key-7,1163
1775448115436,key-7,1164
1775448115437,key-7,1165
1775448115437,key-2,908
1775448115437,key-1,1767
1775448115438,key-7,1166
1775448115438,key-23,2667
1775448115440,key-7,1168
1775448115440,key-27,2853
1775448115441,key-21,2813
1775448115441,key-29,684
1775448115444,key-27,2857
1775448115444,key-7,1172
1775448115444,key-29,687
1775448115445,key-11,443
1775448115445,key-7,1173
1775448115445,key-32,662
1775448115445,key-7,1173
1775448115446,key-23,2675
1775448115446,key-35,1971
1775448115446,key-23,2675
1775448115446,key-7,1174
1775448115447,key-23,2676
1775448115447,key-1,1777
1775448115447,key-2,918
1775448115448,key-27,2861
1775448115449,key-22,1334
1775448115450,key-32,667
1775448115450,key-21,2822
1775448115450,key-22,1335
1775448115451,key-29,694
1775448115451,key-27,2864
1775448115451,key-23,2680
1775448115452,key-2,923
1775448115453,key-34,115
1775448115454,key-7,1182
1775448115455,key-22,1340
1775448115455,key-32,672
1775448115456,key-34,118
1775448115457,key-29,700
1775448115457,key-1,1787
1775448115458,key-35,1983
1775448115461,key-41,3939
1775448115461,key-34,123
1775448115463,key-22,1348
1775448115464,key-41,3942
1775448115465,key-32,682
1775448115465,key-48,141
1775448115466,key-34,128
1775448115466,key-41,3944
1775448115466,key-7,1194
1775448115467,key-23,2696
1775448115467,key-23,2696
1775448115467,key-27,2880
1775448115469,key-34,131
1775448115469,key-48,145
1775448115469,key-7,1197
1775448115470,key-23,2699
1775448115470,key-48,146
1775448115470,key-47,1309
1775448115471,key-41,3949
1775448115472,key-22,1357
1775448115474,key-3,3956
1775448115475,key-32,692
1775448115475,key-21,2847
1775448115476,key-27,2889
1775448115477,key-41,3955
1775448115477,key-34,139
1775448115480,key-23,2709
1775448115481,key-22,1366
1775448115481,key-41,3959
1775448115481,key-41,3959
1775448115481,key-7,1209
1775448115482,key-50,178
1775448115482,key-41,3960
1775448115482,key-48,158
1775448115485,key-47,1324
1775448115485,key-34,147
1775448115486,key-1,1816
1775448115488,key-3,3970
1775448115489,key-39,1270
1775448115489,key-3,3971
1775448115489,key-34,151
1775448115490,key-7,1218
1775448115490,key-41,3968
1775448115491,key-21,2863
1775448115491,key-27,2904
1775448115492,key-21,2864
1775448115492,key-7,1220
1775448115492,key-3,3974
1775448115493,key-39,1274
1775448115493,key-21,2865
1775448115494,key-1,1824
1775448115496,key-39,1277
1775448115496,key-3,3978
1775448115497,key-41,3975
1775448115498,key-21,2870
1775448115498,key-21,2870
1775448115499,key-3,3981
1775448115499,key-34,161
1775448115500,key-21,2872
1775448115501,key-21,2873
1775448115501,key-36,1520
1775448115502,key-21,2874
1775448115503,key-1,1833
1775448115503,key-21,2875
1775448115504,key-41,3982
1775448115505,key-3,3987
1775448115505,key-34,167
1775448115506,key-49,1652
1775448115507,key-21,2879
1775448115507,key-21,2879
1775448115507,key-41,3985
1775448115508,key-34,170
1775448115510,key-30,5
1775448115511,key-21,2883
1775448115511,key-41,3989
1775448115512,key-41,3990
1775448115513,key-34,175
1775448115514,key-30,9
1775448115516,key-6,10
1775448115516,key-21,2888
1775448115516,key-6,10
1775448115518,key-41,3996
1775448115519,key-30,14
1775448115520,key-34,182
1775448115521,key-30,16
1775448115522,key-49,1668
1775448115523,key-27,2936
1775448115524,key-6,18
1775448115524,key-37,1018
1775448115524,key-30,19
1775448115525,key-30,20
1775448115525,key-34,187
1775448115525,key-30,20
1775448115527,key-30,22
1775448115528,key-21,2900
1775448115528,key-3,4010
1775448115529,key-34,191
1775448115529,key-30,24
1775448115530,key-27,2943
1775448115530,key-41,4008
1775448115532,key-27,2945
1775448115532,key-41,4010
1775448115532,key-30,27
1775448115533,key-21,2905
1775448115534,key-21,2906
1775448115534,key-21,2906
1775448115535,key-27,2948
1775448115539,key-26,450
1775448115539,key-3,4021
1775448115540,key-21,2912
1775448115541,key-27,2954
1775448115541,key-21,2913
1775448115541,key-27,2954
1775448115542,key-3,4024
1775448115542,key-34,204
1775448115543,key-3,4025
1775448115543,key-39,1324
1775448115545,key-27,2958
1775448115545,key-26,456
1775448115546,key-21,2918
1775448115547,key-21,2919
1775448115547,key-27,2960
1775448115550,key-10,950
1775448115551,key-21,2923
1775448115551,key-11,549
1775448115552,key-21,2924
1775448115552,key-1,1882
1775448115553,key-21,2925
1775448115553,key-21,2925
1775448115553,key-20,5344
1775448115553,key-27,2966
1775448115554,key-21,2926
1775448115554,key-10,954
1775448115554,key-27,2967
1775448115555,key-21,2927
1775448115555,key-3,4037
1775448115556,key-1,1886
1775448115557,key-28,177
1775448115558,key-21,2930
1775448115559,key-3,4041
1775448115559,key-21,2931
1775448115559,key-21,2931
1775448115560,key-21,2932
1775448115561,key-11,559
1775448115562,key-3,4044
1775448115562,key-34,224
1775448115564,key-21,2936
1775448115564,key-7,1292
1775448115566,key-7,1294
1775448115566,key-3,4048
1775448115567,key-21,2939
1775448115567,key-3,4049
1775448115568,key-7,1296
1775448115569,key-7,1297
1775448115569,key-40,547
1775448115569,key-37,1063
1775448115570,key-21,2942
1775448115571,key-11,569
1775448115571,key-1,1901
1775448115573,key-7,1301
1775448115574,key-21,2946
1775448115575,key-3,4057
1775448115575,key-11,573
1775448115576,key-9,553
1775448115576,key-1,1906
1775448115576,key-16,2432
1775448115576,key-7,1304
1775448115577,key-21,2949
1775448115577,key-7,1305
1775448115580,key-21,2952
1775448115582,key-7,1310
1775448115583,key-7,1311
1775448115583,key-7,1311
1775448115584,key-35,2109
1775448115585,key-1,1915
1775448115586,key-21,2958
1775448115586,key-7,1314
1775448115586,key-7,1314
1775448115587,key-21,2959
1775448115589,key-1,1919
1775448115590,key-35,2115
1775448115591,key-11,589
1775448115591,key-2,1062
1775448115592,key-7,1320
1775448115592,key-7,1320
1775448115592,key-7,1320
1775448115592,key-26,503
1775448115592,key-21,2964
1775448115593,key-7,1321
1775448115594,key-21,2966
1775448115594,key-21,2966
1775448115594,key-40,572
1775448115595,key-13,5386
1775448115595,key-7,1323
1775448115597,key-7,1325
1775448115597,key-21,2969
1775448115598,key-7,1326
1775448115598,key-2,1069
1775448115598,key-2,1069
1775448115599,key-7,1327
1775448115599,key-7,1327
1775448115599,key-40,577
1775448115601,key-2,1072
1775448115601,key-26,512
1775448115602,key-40,580
1775448115602,key-13,5393
1775448115602,key-40,580
1775448115603,key-22,1488
1775448115603,key-21,2975
1775448115603,key-2,1074
1775448115604,key-7,1332
1775448115605,key-5,2237
1775448115607,key-40,585
1775448115607,key-40,585
1775448115609,key-22,1494
1775448115610,key-5,2242
1775448115611,key-7,1339
1775448115612,key-5,2244
1775448115612,key-7,1340
1775448115612,key-22,1497
1775448115614,key-5,2246
1775448115615,key-16,2471
1775448115615,key-7,1343
1775448115615,key-40,593
1775448115618,key-1,1948
1775448115618,key-30,113
1775448115619,key-21,2991
1775448115619,key-16,2475
1775448115619,key-5,2251
1775448115621,key-7,1349
1775448115621,key-2,1092
1775448115621,key-37,1115
1775448115622,key-5,2254
1775448115623,key-22,1508
1775448115623,key-5,2255
1775448115623,key-1,1953
1775448115623,key-40,601
1775448115624,key-2,1095
1775448115624,key-1,1954
1775448115624,key-40,602
1775448115624,key-21,2996
1775448115625,key-7,1353
1775448115625,key-30,120
1775448115626,key-48,302
1775448115627,key-2,1098
1775448115627,key-20,5418
1775448115630,key-1,1960
1775448115630,key-7,1358
1775448115630,key-5,2262
1775448115631,key-20,5422
1775448115631,key-5,2263
1775448115631,key-40,609
1775448115632,key-5,2264
1775448115632,key-37,1126
1775448115632,key-48,308
1775448115633,key-20,5424
1775448115634,key-7,1362
1775448115634,key-48,310
1775448115634,key-34,296
1775448115636,key-5,2268
1775448115636,key-41,4114
1775448115637,key-32,854
1775448115637,key-5,2269
1775448115638,key-1,1968
1775448115638,key-1,1968
1775448115638,key-41,4116
1775448115639,key-2,1110
1775448115639,key-20,5430
1775448115640,key-30,135
1775448115641,key-20,5432
1775448115643,key-30,138
1775448115644,key-13,5435
1775448115644,key-37,1138
1775448115644,key-20,5435
1775448115646,key-16,2502
1775448115646,key-1,1976
1775448115646,key-34,308
1775448115646,key-32,863
1775448115647,key-41,4125
1775448115649,key-1,1979
1775448115650,key-1,1980
1775448115651,key-41,4129
1775448115651,key-32,868
1775448115652,key-20,5443
1775448115653,key-32,870
1775448115654,key-16,2510
1775448115654,key-41,4132
1775448115654,key-20,5445
1775448115655,key-41,4133
1775448115655,key-11,653
1775448115655,key-30,150
1775448115656,key-32,873
1775448115656,key-32,873
1775448115656,key-41,4134
1775448115656,key-30,151
1775448115658,key-1,1988
1775448115658,key-20,5449
1775448115659,key-47,1498
1775448115664,key-22,1549
1775448115665,key-41,4143
1775448115665,key-1,1995
1775448115665,key-32,882
1775448115665,key-32,882
1775448115665,key-1,1995
1775448115666,key-20,5457
1775448115667,key-30,162
1775448115667,key-41,4145
1775448115668,key-21,3040
1775448115669,key-32,886
1775448115669,key-20,5460
1775448115669,key-18,116
1775448115669,key-41,4147
1775448115670,key-47,1509
1775448115670,key-20,5461
1775448115670,key-32,887
1775448115671,key-26,582
1775448115671,key-41,4149
1775448115672,key-35,2197
1775448115673,key-3,4155
1775448115673,key-41,4151
1775448115673,key-41,4151
1775448115675,key-41,4153
1775448115675,key-20,5466
1775448115676,key-18,123
1775448115678,key-3,4160
1775448115678,key-41,4156
1775448115679,key-35,2204
1775448115679,key-41,4157
1775448115679,key-6,173
1775448115680,key-20,5471
1775448115681,key-41,4159
1775448115681,key-20,5472
1775448115682,key-3,4164
1775448115683,key-41,4161
1775448115684,key-20,5475
1775448115685,key-3,4167
1775448115685,key-41,4163
1775448115687,key-23,2916
1775448115687,key-3,4169
1775448115688,key-41,4166
1775448115688,key-20,5479
1775448115689,key-41,4167
1775448115689,key-3,4171
1775448115689,key-18,136
1775448115690,key-41,4168
1775448115691,key-20,5482
1775448115691,key-41,4169
1775448115692,key-20,5483
1775448115692,key-23,2921
1775448115693,key-41,4171
1775448115693,key-6,187
1775448115693,key-36,1712
1775448115694,key-48,370
1775448115694,key-20,5485
1775448115694,key-20,5485
1775448115696,key-6,190
1775448115696,key-41,4174
1775448115696,key-50,392
1775448115697,key-41,4175
1775448115699,key-36,1718
1775448115699,key-20,5490
1775448115700,key-41,4178
1775448115701,key-18,148
1775448115701,key-20,5492
1775448115701,key-22,1586
1775448115701,key-6,195
1775448115702,key-20,5493
1775448115702,key-20,5493
1775448115703,key-11,701
1775448115703,key-10,1103
1775448115704,key-36,1723
1775448115704,key-22,1589
1775448115704,key-41,4182
1775448115704,key-20,5495
1775448115705,key-18,152
1775448115705,key-41,4183
1775448115705,key-27,3118
1775448115705,key-41,4183
1775448115708,key-18,155
1775448115709,key-2,46
1775448115709,key-20,5500
1775448115711,key-2,48
1775448115711,key-22,1596
1775448115711,key-9,39
1775448115712,key-20,5503
1775448115712,key-22,1597
1775448115713,key-36,1732
1775448115713,key-41,4191
1775448115715,key-2,52
1775448115716,key-2,53
1775448115717,key-18,164
1775448115719,key-2,56
1775448115723,key-5,2355
1775448115724,key-2,61
1775448115724,key-22,1609
1775448115724,key-20,5515
1775448115729,key-36,1748
1775448115731,key-13,5522
1775448115732,key-9,60
1775448115734,key-39,1515
1775448115734,key-2,71
1775448115734,key-5,2366
1775448115734,key-9,62
1775448115735,key-22,1620
1775448115735,key-2,72
1775448115739,key-22,1624
1775448115739,key-20,5530
1775448115739,key-5,2371
1775448115740,key-16,2596
1775448115746,key-13,5537
1775448115746,key-2,83
1775448115746,key-39,1527
1775448115747,key-2,84
1775448115747,key-2,84
1775448115747,key-9,75
1775448115747,key-50,443
1775448115750,key-9,78
1775448115751,key-5,2383
1775448115751,key-36,1770
1775448115751,key-39,1532
1775448115751,key-36,1770
1775448115751,key-7,1479
1775448115751,key-22,1636
1775448115752,key-5,2384
1775448115752,key-5,2384
1775448115752,key-2,89
1775448115752,key-36,1771
1775448115752,key-18,199
1775448115752,key-39,1533
1775448115753,key-28,373
1775448115753,key-20,5544
1775448115753,key-2,90
1775448115753,key-23,2982
1775448115754,key-13,5545
1775448115754,key-39,1535
1775448115755,key-22,1640
1775448115755,key-22,1640
1775448115755,key-2,92
1775448115755,key-9,83
1775448115756,key-46,9
1775448115756,key-5,2388
1775448115757,key-5,2389
1775448115757,key-3,4239
1775448115757,key-23,2986
1775448115757,key-39,1538
1775448115758,key-1,2088
1775448115758,key-2,95
1775448115758,key-5,2390
1775448115759,key-22,1644
1775448115759,key-3,4241
1775448115761,key-39,1542
1775448115761,key-46,14
1775448115761,key-28,381
1775448115762,key-5,2394
1775448115762,key-9,90
1775448115763,key-1,2093
1775448115764,key-39,1545
1775448115764,key-46,17
1775448115765,key-1,2095
1775448115766,key-28,386
1775448115767,key-2,104
1775448115767,key-37,1261
1775448115768,key-9,96
1775448115768,key-46,21
1775448115769,key-42,1364
1775448115769,key-28,389
1775448115771,key-11,769
1775448115771,key-18,218
1775448115772,key-37,1266
1775448115772,key-15,2163
1775448115773,key-5,2405
1775448115775,key-28,395
1775448115776,key-20,5567
1775448115776,key-46,29
1775448115776,key-5,2408
1775448115777,key-1,2107
1775448115778,key-18,225
1775448115778,key-50,474
1775448115778,key-37,1272
1775448115778,key-49,1924
1775448115779,key-21,3151
1775448115779,key-2,116
1775448115780,key-28,400
1775448115781,key-42,1376
1775448115782,key-37,1276
1775448115783,key-42,1378
1775448115820,key-49,1966
1775448115860,key-11,858
1775448115860,key-15,2251
1775448115861,key-49,2007
1775448115869,key-34,531
1775448115869,key-28,489
1775448115870,key-18,317
1775448115870,key-5,2502
1775448115870,key-49,2016
1775448115870,key-15,2261
1775448115870,key-2,207
1775448115870,key-42,1465
1775448115871,key-18,318
1775448115871,key-26,782
1775448115871,key-49,2017
1775448115871,key-10,1271
1775448115871,key-22,1756
1775448115872,key-1,2202
1775448115872,key-42,1467
1775448115872,key-49,2018
1775448115872,key-18,319
1775448115872,key-18,319
1775448115873,key-42,1468
1775448115873,key-50,569
1775448115873,key-7,1601
1775448115873,key-20,5664
1775448115873,key-2,210
1775448115873,key-50,569
1775448115873,key-28,493
1775448115873,key-49,2019
1775448115874,key-18,321
1775448115874,key-49,2020
1775448115874,key-18,321
1775448115874,key-46,127
1775448115874,key-42,1469
1775448115874,key-15,2265
1775448115874,key-20,5665
1775448115874,key-41,4352
1775448115875,key-28,495
1775448115875,key-18,322
1775448115875,key-21,3247
1775448115876,key-36,1895
1775448115877,key-37,1371
1775448115877,key-20,5668
1775448115877,key-46,130
1775448115877,key-50,573
1775448115878,key-21,3250
1775448115878,key-20,5669
1775448115878,key-49,2024
1775448115878,key-46,131
1775448115878,key-20,5669
1775448115879,key-42,1474
1775448115880,key-28,500
1775448115881,key-49,2027
1775448115883,key-37,1377
1775448115884,key-28,504
1775448115885,key-49,2031
1775448115888,key-49,2034
1775448115889,key-50,585
1775448115889,key-28,509
1775448115891,key-42,1486
1775448115892,key-42,1487
1775448115894,key-50,590
1775448115895,key-50,591
1775448115896,key-7,1624
1775448115896,key-23,3125
1775448115896,key-46,149
1775448115897,key-46,150
1775448115898,key-39,1679
1775448115898,key-42,1493
1775448115898,key-46,151
1775448115900,key-49,2046
1775448115901,key-46,154
1775448115902,key-49,2048
1775448115902,key-28,522
1775448115902,key-28,522
1775448115903,key-36,1922
1775448115903,key-28,523
1775448115904,key-46,157
1775448115904,key-42,1499
1775448115906,key-50,602
1775448115908,key-28,528
1775448115908,key-42,1503
1775448115911,key-50,607
1775448115913,key-46,166
1775448115913,key-46,166
1775448115913,key-42,1508
1775448115914,key-7,1642
1775448115914,key-26,825
1775448115914,key-42,1509
1775448115915,key-48,591
1775448115915,key-46,168
1775448115915,key-23,3144
1775448115916,key-23,3145
1775448115917,key-42,1512
1775448115917,key-40,895
1775448115917,key-49,2063
1775448115917,key-50,613
1775448115918,key-28,538
1775448115918,key-50,614
1775448115918,key-28,538
1775448115918,key-1,2248
1775448115918,key-49,2064
1775448115919,key-26,830
1775448115920,key-23,3149
1775448115920,key-23,3149
1775448115921,key-16,2777
1775448115922,key-26,833
1775448115923,key-37,1417
1775448115923,key-23,3152
1775448115923,key-48,599
1775448115924,key-28,544
1775448115924,key-49,2070
1775448115925,key-32,1142
1775448115926,key-40,904
1775448115928,key-28,548
1775448115928,key-18,375
1775448115928,key-28,548
1775448115931,key-46,184
1775448115931,key-32,1148
1775448115931,key-23,3160
1775448115932,key-40,910
1775448115932,key-23,3161
1775448115933,key-37,1427
1775448115933,key-32,1150
1775448115934,key-23,3163
1775448115934,key-23,3163
1775448115936,key-23,3165
1775448115936,key-23,3165
1775448115938,key-16,2794
1775448115939,key-46,192
1775448115939,key-49,2085
1775448115940,key-23,3169
1775448115941,key-32,1158
1775448115941,key-32,1158
1775448115941,key-23,3170
1775448115942,key-23,3171
1775448115943,key-23,3172
1775448115944,key-40,922
1775448115945,key-40,923
1775448115945,key-32,1162
1775448115946,key-32,1163
1775448115947,key-28,567
1775448115947,key-23,3176
1775448115947,key-37,1441
1775448115948,key-32,1165
1775448115949,key-37,1443
1775448115949,key-23,3178
1775448115949,key-23,3178
1775448115949,key-18,396
1775448115950,key-23,3179
1775448115950,key-23,3179
1775448115950,key-32,1167
1775448115951,key-23,3180
1775448115952,key-23,3181
1775448115952,key-23,3181
1775448115952,key-23,3181
1775448115953,key-23,3182
1775448115953,key-23,3182
1775448115954,key-40,932
1775448115955,key-32,1172
1775448115955,key-28,575
1775448115955,key-23,3184
1775448115955,key-32,1172
1775448115956,key-37,1450
1775448115956,key-37,1450
1775448115956,key-23,3185
1775448115956,key-42,1551
1775448115957,key-37,1451
1775448115958,key-42,1553
1775448115958,key-32,1175
1775448115959,key-23,3188
1775448115959,key-23,3188
1775448115960,key-47,1799
1775448115961,key-49,2107
1775448115962,key-47,1801
1775448115962,key-23,3191
1775448115962,key-42,1557
1775448115963,key-27,3376
1775448115965,key-42,1560
1775448115965,key-23,3194
1775448115966,key-10,1366
1775448115966,key-23,3195
1775448115966,key-42,1561
1775448115967,key-10,1367
1775448115968,key-28,588
1775448115970,key-1,2300
1775448115972,key-32,1189
1775448115972,key-42,1567
1775448115972,key-32,1189
1775448115973,key-10,1373
1775448115973,key-10,1373
1775448115974,key-42,1569
1775448115974,key-42,1569
1775448115974,key-42,1569
1775448115974,key-34,636
1775448115975,key-10,1375
1775448115975,key-42,1570
1775448115975,key-23,3204
1775448115975,key-23,3204
1775448115975,key-6,469
1775448115976,key-9,304
1775448115976,key-42,1571
1775448115976,key-23,3205
1775448115977,key-42,1572
1775448115978,key-10,1378
1775448115978,key-6,472
1775448115979,key-34,641
1775448115979,key-42,1574
1775448115980,key-46,233
1775448115980,key-42,1575
1775448115981,key-46,234
1775448115982,key-34,644
1775448115983,key-9,311
1775448115983,key-16,2839
1775448115983,key-42,1578
1775448115983,key-23,3212
1775448115984,key-50,680
1775448115985,key-42,1580
1775448115985,key-16,2841
1775448115986,key-42,1581
1775448115986,key-42,1581
1775448115987,key-11,985
1775448115987,key-7,1715
1775448115987,key-23,3216
1775448115989,key-10,1389
1775448115989,key-42,1584
1775448115990,key-34,652
1775448115990,key-9,318
1775448115990,key-50,686
1775448115991,key-46,244
1775448115992,key-42,1587
1775448115995,key-23,3224
1775448115996,key-23,3225
1775448115999,key-42,1594
1775448116000,key-16,2856
1775448116000,key-42,1595
1775448116000,key-1,2330
1775448116001,key-50,697
1775448116001,key-50,697
1775448116001,key-42,1596
1775448116002,key-7,1730
1775448116003,key-34,665
1775448116003,key-50,699
1775448116003,key-34,665
1775448116003,key-26,914
1775448116004,key-10,1404
1775448116004,key-42,1599
1775448116005,key-16,2861
1775448116005,key-46,258
1775448116005,key-23,3234
1775448116005,key-23,3234
1775448116006,key-23,3235
1775448116007,key-42,1602
1775448116011,key-23,3240
1775448116012,key-23,3241
1775448116014,key-7,1742
1775448116015,key-23,3244
1775448116015,key-16,2871
1775448116017,key-34,679
1775448116017,key-34,679
1775448116018,key-23,3247
1775448116018,key-50,714
1775448116018,key-50,714
1775448116019,key-34,681
1775448116019,key-42,1614
1775448116019,key-23,3248
1775448116020,key-42,1615
1775448116021,key-23,3250
1775448116021,key-16,2877
1775448116023,key-50,719
1775448116023,key-23,3252
1775448116023,key-23,3252
1775448116024,key-50,720
1775448116024,key-10,1424
1775448116025,key-23,3254
1775448116025,key-26,936
1775448116025,key-37,1519
1775448116026,key-16,2882
1775448116026,key-42,1621
1775448116027,key-50,723
1775448116027,key-28,647
1775448116027,key-50,723
1775448116027,key-23,3256
1775448116028,key-50,724
1775448116028,key-50,724
1775448116028,key-41,4506
1775448116028,key-36,2047
1775448116030,key-50,726
1775448116030,key-23,3259
1775448116031,key-16,2887
1775448116031,key-50,727
1775448116031,key-23,3260
1775448116032,key-26,943
1775448116032,key-41,4510
1775448116033,key-29,1276
1775448116034,key-41,4512
1775448116034,key-50,730
1775448116034,key-18,481
1775448116035,key-1,2365
1775448116036,key-50,732
1775448116036,key-23,3265
1775448116037,key-49,2183
1775448116037,key-46,290
1775448116037,key-41,4515
1775448116039,key-50,735
1775448116040,key-29,1283
1775448116041,key-49,2187
1775448116041,key-23,3270
1775448116041,key-46,294
1775448116042,key-29,1285
1775448116043,key-50,739
1775448116043,key-23,3272
1775448116044,key-41,4522
1775448116045,key-9,373
1775448116046,key-49,2192
1775448116046,key-23,3275
1775448116047,key-50,743
1775448116048,key-46,301
1775448116049,key-34,711
1775448116050,key-46,303
1775448116050,key-46,303
1775448116051,key-46,304
1775448116052,key-23,3281
1775448116052,key-46,305
1775448116052,key-41,4530
1775448116052,key-37,1546
1775448116054,key-46,307
1775448116054,key-46,307
1775448116056,key-9,384
1775448116056,key-46,309
1775448116057,key-46,310
1775448116058,key-42,1653
1775448116058,key-46,311
1775448116058,key-41,4536
1775448116058,key-50,754
1775448116058,key-9,386
1775448116060,key-37,1554
1775448116060,key-9,388
1775448116061,key-42,1656
1775448116062,key-46,315
1775448116063,key-50,759
1775448116063,key-11,1061
1775448116063,key-9,391
1775448116063,key-40,6
1775448116064,key-27,3477
1775448116065,key-9,393
1775448116066,key-32,1283
1775448116066,key-9,394
1775448116066,key-46,319
1775448116068,key-9,396
1775448116070,key-40,13
1775448116071,key-27,3484
1775448116072,key-9,400
1775448116072,key-23,3301
1775448116073,key-10,1473
1775448116073,key-9,401
1775448116074,key-9,402
1775448116074,key-40,17
1775448116074,key-9,402
1775448116074,key-9,402
1775448116074,key-42,1669
1775448116075,key-42,1670
1775448116075,key-41,4553
1775448116075,key-48,751
1775448116076,key-27,3489
1775448116076,key-9,404
1775448116076,key-9,404
1775448116078,key-23,3307
1775448116079,key-27,3492
1775448116079,key-10,1479
1775448116079,key-46,332
1775448116079,key-23,3308
1775448116079,key-40,22
1775448116080,key-39,1861
1775448116080,key-40,23
1775448116080,key-10,1480
1775448116081,key-37,1575
1775448116081,key-13,6
1775448116084,key-39,1865
1775448116085,key-23,3314
1775448116086,key-41,4564
1775448116087,key-39,1868
1775448116088,key-48,764
1775448116089,key-9,417
1775448116089,key-39,1870
1775448116089,key-18,536
1775448116090,key-40,33
1775448116091,key-39,1872
1775448116091,key-30,586
1775448116093,key-39,1874
1775448116093,key-39,1874
1775448116093,key-40,36
1775448116094,key-13,19
1775448116095,key-48,771
1775448116097,key-39,1878
1775448116098,key-39,1879
1775448116099,key-27,3512
1775448116099,key-32,1316
1775448116099,key-28,719
1775448116101,key-13,26
1775448116101,key-9,429
1775448116103,key-27,3516
1775448116105,key-39,1886
1775448116105,key-40,48
1775448116106,key-39,1887
1775448116106,key-41,4584
1775448116106,key-40,49
1775448116107,key-28,727
1775448116108,key-28,728
1775448116109,key-27,3522
1775448116109,key-39,1890
1775448116109,key-26,1020
1775448116111,key-28,731
1775448116111,key-32,1328
1775448116112,key-28,732
1775448116112,key-28,732
1775448116112,key-27,3525
1775448116112,key-26,1023
1775448116114,key-28,734
1775448116114,key-9,442
1775448116116,key-30,611
1775448116116,key-6,610
1775448116117,key-39,1898
1775448116117,key-20,5908
1775448116118,key-28,738
1775448116119,key-39,1900
1775448116119,key-28,739
1775448116120,key-32,1337
1775448116121,key-39,1902
1775448116122,key-9,450
1775448116123,key-9,451
1775448116123,key-41,4601
1775448116123,key-28,743
1775448116123,key-27,3536
1775448116124,key-39,1905
1775448116124,key-39,1905
1775448116124,key-39,1905
1775448116124,key-28,744
1775448116126,key-39,1907
1775448116127,key-39,1908
1775448116129,key-39,1910
1775448116130,key-39,1911
1775448116130,key-9,458
1775448116131,key-35,2656
1775448116131,key-29,1374
1775448116132,key-28,752
1775448116132,key-28,752
1775448116132,key-39,1913
1775448116133,key-39,1914
1775448116133,key-28,753
1775448116133,key-39,1914
1775448116134,key-39,1915
1775448116135,key-41,4613
1775448116135,key-39,1916
1775448116136,key-39,1917
1775448116137,key-29,1380
1775448116138,key-49,2284
1775448116138,key-2,475
1775448116139,key-39,1920
1775448116139,key-28,759
1775448116139,key-29,1382
1775448116140,key-29,1383
1775448116140,key-41,4618
1775448116140,key-2,477
1775448116141,key-2,478
1775448116141,key-39,1922
1775448116142,key-39,1923
1775448116146,key-41,4624
1775448116146,key-29,1389
1775448116146,key-49,2292
1775448116149,key-32,1366
1775448116149,key-29,1392
1775448116150,key-39,1931
1775448116150,key-39,1931
1775448116150,key-49,2296
1775448116151,key-13,76
1775448116151,key-39,1932
1775448116152,key-36,2171
1775448116153,key-7,1881
1775448116154,key-41,4632
1775448116154,key-36,2173
1775448116154,key-32,1371
1775448116154,key-6,648
1775448116155,key-29,1398
1775448116155,key-34,817
1775448116155,key-5,2787
1775448116155,key-46,408
1775448116157,key-13,82
1775448116157,key-13,82
1775448116159,key-10,1559
1775448116160,key-6,654
1775448116160,key-49,2306
1775448116160,key-5,2792
1775448116161,key-28,781
1775448116165,key-32,1382
1775448116165,key-28,785
1775448116165,key-6,659
1775448116165,key-28,785
1775448116166,key-5,2798
1775448116167,key-29,1410
1775448116167,key-37,9
1775448116167,key-49,2313
1775448116168,key-6,662
1775448116168,key-6,662
1775448116169,key-18,616
1775448116169,key-28,789
1775448116170,key-41,4648
1775448116170,key-10,1570
1775448116170,key-6,664
1775448116171,key-29,1414
1775448116171,key-18,618
1775448116172,key-28,792
1775448116172,key-10,1572
1775448116172,key-47,2011
1775448116173,key-29,1416
1775448116174,key-37,16
1775448116174,key-30,669
1775448116175,key-47,2014
1775448116175,key-18,622
1775448116176,key-6,670
1775448116177,key-37,19
1775448116177,key-6,671
1775448116179,key-10,1579
1775448116180,key-35,2705
1775448116180,key-29,1423
1775448116181,key-10,1581
1775448116182,key-6,676
1775448116183,key-10,1583
1775448116183,key-10,1583
1775448116184,key-3,4666
1775448116185,key-10,1585
1775448116185,key-42,1780
1775448116185,key-10,1585
1775448116186,key-35,2711
1775448116187,key-30,682
1775448116187,key-47,2026
1775448116187,key-37,29
1775448116187,key-10,1587
1775448116188,key-47,2027
1775448116191,key-35,2716
1775448116192,key-10,1592
1775448116192,key-42,1787
1775448116193,key-30,688
1775448116193,key-10,1593
1775448116194,key-23,3423
1775448116195,key-37,37
1775448116195,key-40,138
1775448116196,key-3,4678
1775448116197,key-3,4679
1775448116197,key-10,1597
1775448116198,key-10,1598
1775448116198,key-46,451
1775448116199,key-10,1599
1775448116199,key-30,694
1775448116200,key-10,1600
1775448116200,key-10,1600
1775448116201,key-47,2040
1775448116201,key-30,696
1775448116201,key-10,1601
1775448116201,key-46,454
1775448116202,key-17,7
1775448116202,key-10,1602
1775448116202,key-30,697
1775448116203,key-15,2594
1775448116203,key-30,698
1775448116203,key-5,2835
1775448116203,key-37,45
1775448116204,key-46,457
1775448116204,key-47,2043
1775448116204,key-3,4686
1775448116205,key-46,458
1775448116206,key-47,2045
1775448116208,key-46,461
1775448116208,key-30,703
1775448116210,key-29,1453
1775448116211,key-46,464
1775448116212,key-30,707
1775448116213,key-17,18
1775448116213,key-30,708
1775448116214,key-49,2360
1775448116214,key-46,467
1775448116214,key-10,1614
1775448116214,key-3,4696
1775448116214,key-46,467
1775448116215,key-49,2361
1775448116217,key-3,4699
1775448116217,key-30,712
1775448116218,key-46,471
1775448116218,key-30,713
1775448116219,key-47,2058
1775448116220,key-42,1815
1775448116221,key-30,716
1775448116221,key-10,1621
1775448116221,key-30,716
1775448116221,key-30,716
1775448116221,key-49,2367
1775448116222,key-3,4704
1775448116222,key-46,475
1775448116222,key-46,475
1775448116222,key-30,717
1775448116223,key-49,2369
1775448116223,key-30,718
1775448116224,key-28,844
1775448116225,key-3,4707
1775448116226,key-30,721
1775448116227,key-3,4709
1775448116228,key-46,481
1775448116229,key-3,4711
1775448116229,key-46,482
1775448116230,key-30,725
1775448116230,key-42,8
1775448116231,key-46,484
1775448116231,key-10,1631
1775448116232,key-30,727
1775448116232,key-23,3461
1775448116232,key-15,2623
1775448116234,key-30,729
1775448116235,key-36,2254
1775448116235,key-10,1635
1775448116235,key-28,855
1775448116235,key-15,2626
1775448116236,key-42,14
1775448116236,key-2,573
1775448116237,key-46,490
1775448116238,key-21,3610
1775448116239,key-21,3611
1775448116240,key-42,18
1775448116240,key-3,4722
1775448116241,key-30,736
1775448116242,key-28,862
1775448116243,key-42,21
1775448116243,key-42,21
1775448116245,key-46,498
1775448116245,key-41,4723
1775448116246,key-42,24
1775448116246,key-42,24
1775448116246,key-42,24
1775448116247,key-42,25
1775448116247,key-41,4725
1775448116248,key-42,26
1775448116249,key-42,27
1775448116249,key-46,502
1775448116250,key-41,4728
1775448116251,key-23,3480
1775448116251,key-15,2642
1775448116251,key-42,29
1775448116251,key-42,29
1775448116253,key-42,31
1775448116253,key-42,31
1775448116253,key-42,31
1775448116254,key-41,4732
1775448116255,key-6,749
1775448116255,key-35,2780
1775448116256,key-42,34
1775448116256,key-15,2647
1775448116257,key-41,4735
1775448116257,key-41,4735
1775448116258,key-20,6049
1775448116259,key-41,4737
1775448116259,key-42,37
1775448116260,key-46,513
1775448116261,key-3,4743
1775448116262,key-42,40
1775448116262,key-15,2653
1775448116262,key-26,1173
1775448116263,key-30,758
1775448116264,key-6,758
1775448116265,key-42,43
1775448116265,key-9,593
1775448116267,key-3,4749
1775448116269,key-3,4751
1775448116269,key-6,763
1775448116270,key-42,48
1775448116272,key-42,50
1775448116272,key-3,4754
1775448116273,key-41,4751
1775448116274,key-15,2665
1775448116274,key-5,2906
1775448116274,key-41,4752
1775448116275,key-46,528
1775448116275,key-42,53
1775448116275,key-9,603
1775448116275,key-30,770
1775448116275,key-28,895
1775448116276,key-27,3689
1775448116276,key-46,529
1775448116277,key-3,4759
1775448116277,key-42,55
1775448116279,key-28,899
1775448116279,key-6,773
1775448116280,key-15,2671
1775448116280,key-28,900
1775448116281,key-17,86
1775448116281,key-28,901
1775448116283,key-28,903
1775448116284,key-3,4766
1775448116284,key-5,2916
1775448116285,key-15,2676
1775448116285,key-40,228
1775448116286,key-30,781
1775448116286,key-46,539
1775448116288,key-40,231
1775448116289,key-40,232
1775448116290,key-30,785
1775448116291,key-40,234
1775448116292,key-40,235
1775448116292,key-40,235
1775448116293,key-28,913
1775448116293,key-20,6084
1775448116293,key-5,2925
1775448116294,key-40,237
1775448116295,key-50,991
1775448116295,key-30,790
1775448116295,key-28,915
1775448116295,key-17,100
1775448116295,key-17,100
1775448116296,key-40,239
1775448116297,key-30,792
1775448116297,key-15,2688
1775448116297,key-17,102
1775448116297,key-40,240
1775448116298,key-30,793
1775448116299,key-40,242
1775448116299,key-20,6090
1775448116299,key-17,104
1775448116300,key-5,2932
1775448116300,key-17,105
1775448116301,key-40,244
1775448116303,key-40,246
1775448116303,key-17,108
1775448116304,key-36,2323
1775448116305,key-17,110
1775448116307,key-40,250
1775448116309,key-17,114
1775448116310,key-47,2149
1775448116310,key-20,6101
1775448116310,key-17,115
1775448116310,key-7,2038
1775448116311,key-40,254
1775448116312,key-34,974
1775448116312,key-47,2151
1775448116313,key-23,3542
1775448116315,key-17,120
1775448116315,key-3,4797
1775448116316,key-36,2335
1775448116316,key-17,121
1775448116317,key-36,2336
1775448116318,key-32,1535
1775448116319,key-3,4801
1775448116320,key-36,2339
1775448116320,key-36,2339
1775448116320,key-17,125
1775448116320,key-17,125
1775448116321,key-32,1538
1775448116321,key-36,2340
1775448116322,key-27,3735
1775448116322,key-23,3551
1775448116323,key-36,2342
1775448116323,key-36,2342
1775448116323,key-7,2051
1775448116324,key-17,129
1775448116325,key-3,4807
1775448116325,key-42,103
1775448116326,key-17,131
1775448116326,key-17,131
1775448116327,key-48,202
1775448116327,key-28,947
1775448116330,key-13,255
1775448116330,key-36,2349
1775448116332,key-13,257
1775448116333,key-27,3746
1775448116334,key-17,139
1775448116334,key-27,3747
1775448116336,key-36,2355
1775448116336,key-17,141
1775448116337,key-11,1335
1775448116338,key-7,2066
1775448116339,key-36,2358
1775448116339,key-17,144
1775448116340,key-17,145
1775448116340,key-16,3196
1775448116341,key-42,119
1775448116341,key-36,2360
1775448116342,key-11,1340
1775448116342,key-17,147
1775448116343,key-17,148
1775448116343,key-11,1341
1775448116344,key-17,149
1775448116346,key-42,124
1775448116347,key-17,152
1775448116347,key-16,3203
1775448116347,key-36,2366
1775448116347,key-16,3203
1775448116348,key-17,153
1775448116349,key-11,1347
1775448116349,key-11,1347
1775448116349,key-36,2368
1775448116349,key-36,2368
1775448116350,key-41,4828
1775448116350,key-11,1348
1775448116350,key-42,128
1775448116351,key-42,129
1775448116352,key-17,157
1775448116352,key-21,3724
1775448116352,key-40,295
1775448116352,key-41,4830
1775448116353,key-11,1351
1775448116353,key-36,2372
1775448116355,key-17,160
1775448116355,key-11,1353
1775448116355,key-17,160
1775448116356,key-15,2747
1775448116357,key-17,162
1775448116357,key-17,162
1775448116357,key-21,3729
1775448116357,key-36,2376
1775448116358,key-29,1601
1775448116359,key-47,2198
1775448116360,key-36,2379
1775448116360,key-17,165
1775448116361,key-17,166
1775448116361,key-17,166
1775448116361,key-17,166
1775448116362,key-47,2201
1775448116362,key-17,167
1775448116363,key-36,2382
1775448116364,key-28,984
1775448116364,key-17,169
1775448116365,key-9,693
1775448116365,key-11,1363
1775448116368,key-29,1611
1775448116368,key-21,3740
1775448116370,key-11,1368
1775448116370,key-17,175
1775448116372,key-36,2391
1775448116372,key-17,177
1775448116373,key-17,178
1775448116374,key-21,3746
1775448116374,key-29,1617
1775448116375,key-17,180
1775448116375,key-21,3747
1775448116375,key-17,180
1775448116376,key-17,181
1775448116376,key-11,1374
1775448116376,key-9,704
1775448116377,key-36,2396
1775448116377,key-11,1375
1775448116377,key-47,2216
1775448116378,key-17,183
1775448116378,key-9,706
1775448116379,key-11,1377
1775448116380,key-21,3752
1775448116380,key-11,1378
1775448116380,key-11,1378
1775448116380,key-27,3793
1775448116381,key-26,62
1775448116381,key-29,1624
1775448116381,key-36,2400
1775448116382,key-11,1380
1775448116382,key-3,4864
1775448116383,key-21,3755
1775448116383,key-21,3755
1775448116384,key-36,2403
1775448116385,key-26,66
1775448116388,key-11,1386
1775448116388,key-47,2227
1775448116388,key-37,230
1775448116389,key-36,2408
1775448116390,key-17,195
1775448116390,key-11,1388
1775448116391,key-37,233
1775448116391,key-28,1011
1775448116392,key-36,2411
1775448116394,key-36,2413
1775448116394,key-6,888
1775448116395,key-11,1393
1775448116395,key-37,237
1775448116395,key-11,1393
1775448116396,key-7,2124
1775448116397,key-37,239
1775448116397,key-35,2922
1775448116398,key-3,4880
1775448116399,key-37,241
1775448116399,key-36,2418
1775448116400,key-11,1398
1775448116400,key-17,205
1775448116401,key-11,1399
1775448116401,key-6,895
1775448116401,key-37,243
1775448116402,key-49,2548
1775448116403,key-7,2131
1775448116403,key-11,1401
1775448116403,key-17,208
1775448116403,key-11,1401
1775448116404,key-36,2423
1775448116404,key-28,1024
1775448116404,key-37,246
1775448116405,key-36,2424
1775448116405,key-17,210
1775448116405,key-37,247
1775448116405,key-7,2133
1775448116405,key-6,899
1775448116406,key-27,3819
1775448116408,key-37,250
1775448116408,key-7,2136
1775448116409,key-17,214
1775448116409,key-7,2137
1775448116410,key-6,904
1775448116412,key-27,3825
1775448116412,key-6,906
1775448116413,key-17,218
1775448116413,key-49,2559
1775448116414,key-27,3827
1775448116415,key-36,2434
1775448116415,key-37,257
1775448116416,key-17,221
1775448116417,key-17,222
1775448116417,key-6,911
1775448116418,key-17,223
1775448116418,key-27,3831
1775448116418,key-28,1038
1775448116418,key-34,1080
1775448116419,key-20,6210
1775448116419,key-6,913
1775448116419,key-37,261
1775448116419,key-7,2147
1775448116420,key-27,3833
1775448116420,key-17,225
1775448116421,key-6,915
1775448116421,key-36,2440
1775448116422,key-6,916
1775448116423,key-36,2442
1775448116423,key-6,917
1775448116424,key-9,752
1775448116426,key-6,920
1775448116427,key-17,232
1775448116428,key-27,3841
1775448116431,key-6,925
1775448116431,key-42,209
1775448116432,key-6,926
1775448116432,key-9,760
1775448116432,key-6,926
1775448116432,key-9,760
1775448116434,key-9,762
1775448116434,key-36,2453
1775448116434,key-9,762
1775448116434,key-9,762
1775448116436,key-34,1098
1775448116436,key-6,930
1775448116437,key-3,4919
1775448116438,key-9,766
1775448116438,key-9,766
1775448116439,key-4,16
1775448116439,key-9,767
1775448116439,key-6,933
1775448116440,key-9,768
1775448116440,key-17,245
1775448116441,key-9,769
1775448116442,key-9,770
1775448116443,key-48,318
1775448116443,key-9,771
1775448116443,key-36,2462
1775448116448,key-9,776
1775448116448,key-3,4930
1775448116449,key-36,2468
1775448116449,key-48,324
1775448116449,key-17,254
1775448116451,key-3,4933
1775448116452,key-7,2180
1775448116452,key-17,257
1775448116452,key-6,946
1775448116454,key-9,782
1775448116454,key-9,782
1775448116455,key-17,260
1775448116456,key-3,4938
1775448116456,key-3,4938
1775448116456,key-36,2475
1775448116456,key-36,2475
1775448116458,key-3,4940
1775448116458,key-36,2477
1775448116459,key-17,264
1775448116459,key-9,787
1775448116459,key-40,402
1775448116460,key-9,788
1775448116460,key-17,265
1775448116460,key-48,335
1775448116461,key-23,3690
1775448116461,key-9,789
1775448116461,key-36,2480
1775448116462,key-6,956
1775448116462,key-46,715
1775448116463,key-48,338
1775448116463,key-7,2191
1775448116463,key-9,791
1775448116464,key-17,269
1775448116465,key-9,793
1775448116465,key-9,793
1775448116465,key-36,2484
1775448116466,key-9,794
1775448116466,key-37,308
1775448116467,key-36,2486
1775448116469,key-36,2488
1775448116469,key-40,412
1775448116470,key-9,798
1775448116470,key-9,798
1775448116472,key-36,2491
1775448116476,key-38,3
1775448116477,key-9,805
1775448116478,key-6,972
1775448116478,key-38,5
1775448116479,key-36,2498
1775448116480,key-9,808
1775448116480,key-9,808
1775448116480,key-9,808
1775448116480,key-38,7
1775448116481,key-38,8
1775448116481,key-38,8
1775448116481,key-1,2811
1775448116482,key-1,2812
1775448116484,key-28,1104
1775448116484,key-46,737
1775448116485,key-15,2876
1775448116485,key-38,12
1775448116486,key-9,814
1775448116487,key-46,740
1775448116487,key-9,815
1775448116487,key-38,14
1775448116488,key-46,741
1775448116488,key-21,3860
1775448116489,key-47,2328
1775448116489,key-9,817
1775448116489,key-46,742
1775448116489,key-38,16
1775448116490,key-1,2820
1775448116490,key-38,17
1775448116491,key-1,2821
1775448116492,key-47,2331
1775448116492,key-46,745
1775448116493,key-1,2823
1775448116493,key-46,746
1775448116493,key-26,174
1775448116494,key-1,2824
1775448116494,key-21,3866
1775448116495,key-26,176
1775448116495,key-46,748
1775448116496,key-46,749
1775448116497,key-46,750
1775448116498,key-38,25
1775448116500,key-26,181
1775448116500,key-46,753
1775448116500,key-46,753
1775448116500,key-26,181
1775448116501,key-48,376
1775448116501,key-26,182
1775448116502,key-38,29
1775448116502,key-47,2341
1775448116503,key-46,756
1775448116503,key-47,2342
1775448116504,key-26,185
1775448116504,key-46,757
1775448116506,key-26,187
1775448116506,key-46,759
1775448116506,key-38,33
1775448116507,key-47,2346
1775448116508,key-46,761
1775448116512,key-48,387
1775448116512,key-38,39
1775448116512,key-3,4994
1775448116513,key-29,1756
1775448116513,key-38,40
1775448116514,key-26,195
1775448116514,key-46,767
1775448116514,key-2,851
1775448116515,key-26,196
1775448116515,key-46,768
1775448116515,key-38,42
1775448116515,key-46,768
1775448116516,key-26,197
1775448116517,key-26,198
1775448116518,key-46,771
1775448116518,key-35,3043
1775448116520,key-46,773
1775448116520,key-46,773
1775448116521,key-38,48
1775448116521,key-48,396
1775448116522,key-38,49
1775448116523,key-26,204
1775448116525,key-26,206
1775448116525,key-46,778
1775448116525,key-26,206
1775448116527,key-46,780
1775448116528,key-26,209
1775448116528,key-38,55
1775448116530,key-38,57
1775448116531,key-46,784
1775448116532,key-26,213
1775448116532,key-46,785
1775448116533,key-26,214
1775448116533,key-48,408
1775448116534,key-26,215
1775448116534,key-38,61
1775448116536,key-48,411
1775448116536,key-38,63
1775448116537,key-48,412
1775448116537,key-38,64
1775448116538,key-32,1755
1775448116539,key-46,792
1775448116539,key-38,66
1775448116540,key-18,987
1775448116541,key-38,68
1775448116541,key-38,68
1775448116541,key-48,416
1775448116542,key-46,795
1775448116543,key-46,796
1775448116543,key-38,70
1775448116543,key-38,70
1775448116544,key-38,71
1775448116544,key-48,419
1775448116545,key-48,420
1775448116545,key-18,992
1775448116545,key-38,72
1775448116546,key-46,799
1775448116550,key-46,803
1775448116551,key-48,426
1775448116551,key-38,78
1775448116551,key-38,78
1775448116551,key-18,998
1775448116552,key-50,1248
1775448116553,key-38,80
1775448116553,key-18,1000
1775448116554,key-48,429
1775448116554,key-38,81
1775448116554,key-48,429
1775448116555,key-18,1002
1775448116555,key-18,1002
1775448116555,key-46,808
1775448116556,key-48,431
1775448116557,key-38,84
1775448116557,key-48,432
1775448116557,key-47,2396
1775448116558,key-48,433
1775448116558,key-18,1005
1775448116558,key-18,1005
1775448116559,key-10,1959
1775448116559,key-18,1006
1775448116559,key-18,1006
1775448116559,key-18,1006
1775448116559,key-18,1006
1775448116560,key-38,87
1775448116560,key-38,87
1775448116561,key-16,3417
1775448116562,key-28,1182
1775448116563,key-32,1780
1775448116563,key-48,438
1775448116566,key-3,5048
1775448116566,key-18,1013
1775448116567,key-10,1967
1775448116567,key-18,1014
1775448116567,key-28,1187
1775448116568,key-42,346
1775448116568,key-41,5046
1775448116568,key-32,1785
1775448116569,key-38,96
1775448116570,key-18,1017
1775448116570,key-42,348
1775448116571,key-38,98
1775448116572,key-28,1192
1775448116573,key-16,3429
1775448116574,key-16,3430
1775448116575,key-42,353
1775448116575,key-9,903
1775448116575,key-28,1195
1775448116575,key-15,2966
1775448116576,key-38,103
1775448116580,key-2,917
1775448116580,key-17,385
1775448116580,key-18,1027
1775448116580,key-16,3436
1775448116581,key-10,1981
1775448116581,key-42,359
1775448116582,key-28,1202
1775448116584,key-20,6375
1775448116584,key-16,3440
1775448116584,key-38,111
1775448116585,key-42,363
1775448116585,key-42,363
1775448116585,key-28,1205
1775448116586,key-50,1282
1775448116587,key-29,1830
1775448116588,key-9,916
1775448116588,key-38,115
1775448116588,key-42,366
1775448116588,key-16,3444
1775448116589,key-35,3114
1775448116589,key-5,3221
1775448116590,key-16,3446
1775448116591,key-10,1991
1775448116592,key-47,2431
1775448116592,key-42,370
1775448116595,key-16,3451
1775448116596,key-7,2324
1775448116597,key-9,925
1775448116597,key-16,3453
1775448116598,key-20,6389
1775448116598,key-47,2437
1775448116599,key-39,2380
1775448116599,key-47,2438
1775448116599,key-28,1219
1775448116600,key-35,3125
1775448116601,key-42,379
1775448116601,key-40,544
1775448116602,key-47,2441
1775448116603,key-39,2384
1775448116603,key-42,381
1775448116603,key-5,3235
1775448116603,key-23,3832
1775448116604,key-42,382
1775448116604,key-20,6395
1775448116604,key-2,941
1775448116605,key-35,3130
1775448116605,key-34,1267
1775448116606,key-42,383
1775448116606,key-20,6397
1775448116607,key-23,3836
1775448116608,key-20,6399
1775448116609,key-23,3838
1775448116609,key-5,3241
1775448116609,key-10,2009
1775448116610,key-1,2940
1775448116610,key-42,388
1775448116611,key-42,389
1775448116611,key-10,2011
1775448116611,key-20,6402
1775448116611,key-21,3983
1775448116612,key-34,1274
1775448116613,key-34,1275
1775448116613,key-37,455
1775448116613,key-20,6404
1775448116613,key-5,3245
1775448116613,key-34,1275
1775448116614,key-23,3843
1775448116614,key-5,3246
1775448116615,key-2,952
1775448116616,key-42,394
1775448116616,key-29,1859
1775448116617,key-48,492
1775448116617,key-26,298
1775448116618,key-42,396
1775448116620,key-42,398
1775448116621,key-34,1283
1775448116622,key-20,6413
1775448116622,key-37,464
1775448116623,key-20,6414
1775448116624,key-36,2643
1775448116624,key-48,499
1775448116627,key-42,405
1775448116627,key-18,1074
1775448116628,key-46,881
1775448116628,key-2,965
1775448116628,key-37,470
1775448116629,key-20,6420
1775448116630,key-2,967
1775448116631,key-42,409
1775448116632,key-42,410
1775448116633,key-42,411
1775448116634,key-48,509
1775448116635,key-42,413
1775448116636,key-42,414
1775448116636,key-18,1083
1775448116637,key-20,6428
1775448116637,key-30,1132
1775448116638,key-47,2477
1775448116641,key-13,566
1775448116641,key-30,1136
1775448116643,key-18,1090
1775448116643,key-29,1886
1775448116643,key-42,421
1775448116643,key-23,3872
1775448116644,key-46,897
1775448116645,key-47,2484
1775448116645,key-47,2484
1775448116645,key-30,1140
1775448116645,key-42,423
1775448116645,key-18,1092
1775448116646,key-49,2792
1775448116646,key-4,223
1775448116647,key-30,1142
1775448116649,key-18,1096
1775448116650,key-49,2796
1775448116650,key-20,6441
1775448116650,key-15,3041
1775448116651,key-47,2490
1775448116651,key-49,2797
1775448116651,key-4,228
1775448116652,key-1,2982
1775448116652,key-23,3881
1775448116654,key-46,907
1775448116654,key-13,579
1775448116655,key-42,433
1775448116655,key-4,232
1775448116655,key-1,2985
1775448116655,key-22,2540
1775448116655,key-23,3884
1775448116656,key-18,1103
1775448116656,key-49,2802
1775448116657,key-18,1104
1775448116657,key-23,3886
1775448116657,key-18,1104
1775448116658,key-18,1105
1775448116658,key-13,583
1775448116659,key-1,2989
1775448116660,key-15,3051
1775448116660,key-18,1107
1775448116660,key-23,3889
1775448116661,key-4,238
1775448116661,key-46,914
1775448116662,key-13,587
1775448116662,key-23,3891
1775448116662,key-17,467
1775448116663,key-13,588
1775448116669,key-17,474
1775448116669,key-35,3194
1775448116669,key-17,474
1775448116670,key-23,3899
1775448116670,key-18,1117
1775448116670,key-18,1117
1775448116670,key-6,1164
1775448116671,key-46,924
1775448116672,key-46,925
1775448116672,key-46,925
1775448116673,key-6,1167
1775448116673,key-46,926
1775448116674,key-18,1121
1775448116674,key-13,599
1775448116675,key-6,1169
1775448116677,key-46,2
1775448116677,key-15,3068
1775448116678,key-7,2406
1775448116678,key-6,1172
1775448116679,key-16,3535
1775448116679,key-46,4
1775448116679,key-46,4
1775448116679,key-7,2407
1775448116679,key-32,1896
1775448116679,key-46,4
1775448116682,key-46,7
1775448116683,key-48,558
1775448116685,key-10,2085
1775448116685,key-13,610
1775448116685,key-6,1179
1775448116685,key-26,366
1775448116689,key-15,3080
1775448116689,key-7,2417
1775448116690,key-46,15
1775448116690,key-6,1184
1775448116690,key-46,15
1775448116690,key-50,1386
1775448116691,key-26,372
1775448116691,key-46,16
1775448116691,key-16,3547
1775448116691,key-15,3082
1775448116691,key-26,372
1775448116692,key-6,1186
1775448116695,key-6,1189
1775448116695,key-13,620
1775448116695,key-2,1032
1775448116695,key-48,570
1775448116696,key-46,21
1775448116696,key-46,21
1775448116698,key-50,1394
1775448116701,key-32,1918
1775448116702,key-6,1196
1775448116702,key-26,383
1775448116703,key-46,28
1775448116703,key-32,1920
1775448116703,key-46,28
1775448116704,key-16,13
1775448116704,key-26,385
1775448116704,key-46,29
1775448116705,key-26,386
1775448116705,key-2,1042
1775448116706,key-6,1200
1775448116706,key-26,387
1775448116707,key-46,32
1775448116708,key-15,3099
1775448116708,key-2,1045
1775448116709,key-32,1926
1775448116709,key-26,390
1775448116710,key-32,1927
1775448116711,key-32,1928
1775448116711,key-6,1205
1775448116712,key-26,393
1775448116712,key-29,1955
1775448116713,key-26,394
1775448116714,key-46,39
1775448116715,key-46,40
1775448116715,key-32,1932
1775448116715,key-32,1932
1775448116716,key-40,659
1775448116716,key-32,1933
1775448116717,key-30,1212
1775448116717,key-47,2556
1775448116717,key-6,1211
1775448116717,key-32,1934
1775448116718,key-15,3109
1775448116718,key-32,1935
1775448116718,key-26,399
1775448116719,key-7,2447
1775448116719,key-11,1717
1775448116722,key-32,1939
1775448116722,key-15,3113
1775448116722,key-32,1939
1775448116723,key-32,1940
1775448116724,key-39,10
1775448116724,key-37,566
1775448116726,key-39,12
1775448116727,key-9,1055
1775448116728,key-39,14
1775448116729,key-40,672
1775448116730,key-47,2569
1775448116732,key-32,1949
1775448116732,key-7,2460
1775448116732,key-6,1226
1775448116733,key-2,1070
1775448116738,key-10,2138
1775448116738,key-36,2757
1775448116738,key-7,2466
1775448116741,key-7,2469
1775448116741,key-47,2580
1775448116742,key-26,423
1775448116742,key-11,1740
1775448116742,key-7,2470
1775448116742,key-47,2581
1775448116743,key-7,2471
1775448116743,key-39,29
1775448116743,key-2,1080
1775448116745,key-39,31
1775448116746,key-6,1240
1775448116746,key-23,3975
1775448116746,key-7,2474
1775448116747,key-27,4160
1775448116747,key-7,2475
1775448116747,key-38,274
1775448116747,key-7,2475
1775448116748,key-7,2476
1775448116748,key-15,3139
1775448116748,key-15,3139
1775448116748,key-10,2148
1775448116748,key-6,1242
1775448116748,key-32,1965
1775448116748,key-7,2476
1775448116749,key-7,2477
1775448116750,key-26,431
1775448116750,key-27,4163
1775448116750,key-2,1087
1775448116750,key-32,1967
1775448116750,key-39,36
1775448116751,key-39,37
1775448116751,key-26,432
1775448116751,key-32,1968
1775448116752,key-10,2152
1775448116752,key-7,2480
1775448116753,key-32,1970
1775448116753,key-15,3144
1775448116753,key-41,5231
1775448116753,key-7,2481
1775448116754,key-32,1971
1775448116754,key-7,2482
1775448116755,key-7,2483
1775448116755,key-27,4168
1775448116755,key-35,3280
1775448116756,key-7,2484
1775448116757,key-15,3148
1775448116758,key-15,3149
1775448116758,key-40,701
1775448116759,key-26,440
1775448116760,key-7,2488
1775448116760,key-16,69
1775448116760,key-6,1254
1775448116762,key-40,705
1775448116763,key-32,1980
1775448116763,key-39,49
1775448116763,key-32,1980
1775448116764,key-48,639
1775448116765,key-35,3290
1775448116766,key-26,447
1775448116766,key-27,4179
1775448116766,key-7,2494
1775448116766,key-48,641
1775448116767,key-15,3158
1775448116767,key-32,1984
1775448116768,key-35,3293
1775448116768,key-35,3293
1775448116768,key-16,77
1775448116768,key-15,3159
1775448116769,key-7,2497
1775448116769,key-32,1986
1775448116770,key-26,451
1775448116771,key-7,2499
1775448116771,key-17,576
1775448116772,key-15,3163
1775448116772,key-39,58
1775448116775,key-17,580
1775448116776,key-26,457
1775448116776,key-48,651
1775448116777,key-32,1994
1775448116777,key-15,3168
1775448116778,key-39,64
1775448116778,key-1,3108
1775448116779,key-35,3304
1775448116780,key-48,655
1775448116781,key-39,67
1775448116781,key-35,3306
1775448116781,key-1,3111
1775448116781,key-17,586
1775448116781,key-15,3172
1775448116782,key-39,68
1775448116784,key-32,2001
1775448116786,key-5,3418
1775448116786,key-35,3311
1775448116787,key-15,3178
1775448116787,key-29,2030
1775448116789,key-32,2006
1775448116789,key-17,594
1775448116790,key-36,2809
1775448116791,key-15,3182
1775448116792,key-29,2035
1775448116792,key-17,597
1775448116792,key-1,3122
1775448116792,key-35,3317
1775448116792,key-35,3317
1775448116793,key-40,736
1775448116793,key-15,3184
1775448116794,key-35,3319
1775448116794,key-35,3319
1775448116795,key-23,4024
1775448116795,key-2,1132
1775448116795,key-35,3320
1775448116796,key-17,601
1775448116796,key-15,3187
1775448116796,key-29,2039
1775448116797,key-15,3188
1775448116797,key-15,3188
1775448116798,key-32,2015
1775448116799,key-15,3190
1775448116799,key-35,3324
1775448116800,key-15,3191
1775448116800,key-35,3325
1775448116802,key-27,4215
1775448116802,key-32,2019
1775448116803,key-17,608
1775448116803,key-13,728
1775448116804,key-36,2823
1775448116804,key-15,3195
1775448116805,key-23,4034
1775448116805,key-2,1142
1775448116805,key-41,5283
1775448116805,key-29,2048
1775448116807,key-28,1427
1775448116807,key-15,3198
1775448116809,key-22,2694
1775448116810,key-41,5288
1775448116810,key-15,3201
1775448116811,key-34,1473
1775448116812,key-36,2831
1775448116812,key-29,2055
1775448116813,key-46,138
1775448116814,key-41,5292
1775448116815,key-15,3206
1775448116816,key-29,2059
1775448116817,key-15,3208
1775448116817,key-10,2217
1775448116817,key-36,2836
1775448116818,key-32,2035
1775448116818,key-36,2837
1775448116820,key-15,3211
1775448116820,key-29,2063
1775448116820,key-17,625
1775448116821,key-36,2840
1775448116822,key-29,2065
1775448116823,key-23,4052
1775448116823,key-28,1443
1775448116823,key-29,2066
1775448116824,key-34,1486
1775448116825,key-15,3216
1775448116825,key-36,2844
1775448116825,key-29,2068
1775448116826,key-41,5304
1775448116826,key-32,2043
1775448116826,key-41,5304
1775448116826,key-41,5304
1775448116827,key-10,2227
1775448116827,key-17,632
1775448116827,key-35,3352
1775448116827,key-36,2846
1775448116828,key-32,2045
1775448116829,key-15,3220
1775448116829,key-23,4058
1775448116830,key-36,2849
1775448116830,key-41,5308
1775448116832,key-32,2049
1775448116832,key-36,2851
1775448116832,key-36,2851
1775448116832,key-41,5310
1775448116833,key-36,2852
1775448116835,key-15,3226
1775448116836,key-23,4065
1775448116836,key-41,5314
1775448116837,key-36,2856
1775448116838,key-23,4067
1775448116838,key-41,5316
1775448116838,key-23,4067
1775448116838,key-41,5316
1775448116841,key-39,127
1775448116841,key-36,2860
1775448116842,key-30,1337
1775448116842,key-41,5320
1775448116843,key-36,2862
1775448116844,key-23,4073
1775448116844,key-39,130
1775448116845,key-23,4074
1775448116849,key-3,5331
1775448116850,key-23,4079
1775448116862,key-23,4091
1775448116863,key-23,4092
1775448116863,key-39,149
1775448116863,key-36,2882
1775448116863,key-36,2882
1775448116863,key-36,2882
1775448116866,key-23,4095
1775448116866,key-10,2266
1775448116868,key-1,3198
1775448116869,key-6,1363
1775448116869,key-5,3501
1775448116869,key-23,4098
1775448116869,key-23,4098
1775448116869,key-30,1364
1775448116869,key-23,4098
1775448116872,key-23,4101
1775448116872,key-6,1366
1775448116873,key-39,159
1775448116873,key-36,2892
1775448116873,key-36,2892
1775448116873,key-11,1871
1775448116873,key-29,2116
1775448116874,key-23,4103
1775448116874,key-39,160
1775448116874,key-39,160
1775448116874,key-36,2893
1775448116877,key-23,4106
1775448116877,key-41,5355
1775448116878,key-36,2897
1775448116878,key-23,4107
1775448116878,key-23,4107
1775448116878,key-41,5356
1775448116880,key-23,4109
1775448116880,key-41,5358
1775448116880,key-23,4109
1775448116881,key-29,2124
1775448116881,key-39,12
1775448116881,key-3,5363
1775448116882,key-40,825
1775448116882,key-23,4111
1775448116882,key-20,6673
1775448116882,key-5,3514
1775448116883,key-17,688
1775448116883,key-6,1377
1775448116883,key-6,1377
1775448116883,key-36,2902
1775448116884,key-39,15
1775448116884,key-23,4113
1775448116884,key-49,3030
1775448116884,key-6,1378
1775448116885,key-36,2904
1775448116885,key-20,6676
1775448116885,key-22,2770
1775448116885,key-39,16
1775448116887,key-23,4116
1775448116887,key-17,692
1775448116887,key-36,2906
1775448116888,key-3,5370
1775448116888,key-7,2616
1775448116888,key-10,2288
1775448116888,key-5,3520
1775448116888,key-5,3520
1775448116888,key-6,1382
1775448116888,key-6,1382
1775448116891,key-9,1219
1775448116893,key-49,3039
1775448116894,key-49,3040
1775448116894,key-21,4266
1775448116894,key-5,3526
1775448116894,key-7,2622
1775448116895,key-5,3527
1775448116895,key-49,3041
1775448116896,key-9,1224
1775448116897,key-47,2736
1775448116898,key-7,2626
1775448116899,key-49,3045
1775448116899,key-7,2627
1775448116899,key-49,3045
1775448116900,key-26,581
1775448116900,key-7,2628
1775448116900,key-37,742
1775448116903,key-7,2631
1775448116904,key-6,1398
1775448116905,key-5,3537
1775448116905,key-5,3537
1775448116905,key-9,1233
1775448116906,key-5,3538
1775448116907,key-26,588
1775448116907,key-6,1401
1775448116908,key-37,750
1775448116908,key-7,2636
1775448116909,key-7,2637
1775448116909,key-7,2637
1775448116910,key-32,2127
1775448116911,key-5,3543
1775448116912,key-49,3058
1775448116912,key-34,1574
1775448116912,key-5,3544
1775448116912,key-49,3058
1775448116912,key-6,1406
1775448116915,key-49,3061
1775448116916,key-35,3441
1775448116918,key-6,1412
1775448116920,key-37,762
1775448116920,key-9,1248
1775448116921,key-5,3553
1775448116922,key-5,3554
1775448116922,key-5,3554
1775448116922,key-2,1259
1775448116922,key-37,764
1775448116922,key-49,3068
1775448116923,key-34,1585
1775448116923,key-27,4336
1775448116923,key-32,2140
1775448116924,key-5,3556
1775448116925,key-49,3071
1775448116925,key-35,3450
1775448116925,key-49,3071
1775448116926,key-5,3558
1775448116926,key-37,768
1775448116927,key-39,58
1775448116928,key-5,3560
1775448116929,key-22,2814
1775448116930,key-49,3076
1775448116930,key-49,3076
1775448116930,key-49,3076
1775448116930,key-2,1267
1775448116931,key-2,1268
1775448116931,key-5,3563
1775448116931,key-2,1268
1775448116931,key-5,3563
1775448116931,key-34,1593
1775448116931,key-35,3456
1775448116932,key-39,63
1775448116932,key-6,1426
1775448116933,key-16,242
1775448116933,key-37,775
1775448116934,key-4,511
1775448116934,key-9,1262
1775448116934,key-2,1271
1775448116935,key-39,66
1775448116936,key-9,1264
1775448116938,key-34,1600
1775448116938,key-38,465
1775448116939,key-2,1276
1775448116940,key-5,3572
1775448116940,key-37,782
1775448116943,key-9,1271
1775448116943,key-34,1605
1775448116944,key-6,1438
1775448116944,key-5,3576
1775448116944,key-34,1606
1775448116944,key-35,3469
1775448116944,key-9,1272
1775448116945,key-5,3577
1775448116945,key-38,472
1775448116945,key-5,3577
1775448116945,key-35,3470
1775448116946,key-48,821
1775448116946,key-34,1608
1775448116947,key-38,474
1775448116947,key-18,1394
1775448116947,key-9,1275
1775448116948,key-23,4177
1775448116948,key-34,1610
1775448116950,key-34,1612
1775448116951,key-9,1279
1775448116952,key-5,3584
1775448116952,key-50,1648
1775448116953,key-9,1281
1775448116953,key-38,480
1775448116954,key-9,1282
1775448116954,key-5,3586
1775448116954,key-5,3586
1775448116954,key-49,3100
1775448116955,key-5,3587
1775448116956,key-34,1618
1775448116956,key-34,1618
1775448116956,key-13,881
1775448116957,key-32,2174
1775448116958,key-34,1620
1775448116958,key-34,1620
1775448116959,key-49,3105
1775448116959,key-1,3289
1775448116960,key-5,3592
1775448116960,key-9,1288
1775448116962,key-13,887
1775448116962,key-32,2179
1775448116962,key-5,3594
1775448116964,key-39,95
1775448116964,key-34,1626
1775448116966,key-39,97
1775448116966,key-5,3598
1775448116966,key-34,1628
1775448116968,key-34,1630
1775448116968,key-34,1630
1775448116969,key-5,3601
1775448116969,key-49,3115
1775448116970,key-21,4342
1775448116971,key-34,1633
1775448116971,key-13,896
1775448116971,key-5,3603
1775448116972,key-5,3604
1775448116972,key-5,3604
1775448116973,key-32,2190
1775448116974,key-5,3606
1775448116974,key-46,299
1775448116975,key-38,502
1775448116976,key-5,3608
1775448116976,key-49,3122
1775448116977,key-34,1639
1775448116978,key-34,1640
1775448116978,key-49,3124
1775448116978,key-39,109
1775448116979,key-34,1641
1775448116979,key-34,1641
1775448116980,key-21,4352
1775448116980,key-13,905
1775448116980,key-10,2380
1775448116981,key-34,1643
1775448116981,key-34,1643
1775448116982,key-27,4395
1775448116982,key-34,1644
1775448116983,key-38,510
1775448116983,key-38,510
1775448116984,key-15,3375
1775448116986,key-39,117
1775448116987,key-5,3619
1775448116988,key-32,2205
1775448116988,key-38,515
1775448116989,key-38,516
1775448116989,key-34,1651
1775448116990,key-38,517
1775448116990,key-38,517
1775448116991,key-38,518
1775448116991,key-37,833
1775448116991,key-5,3623
1775448116992,key-39,123
1775448116993,key-39,124
1775448116993,key-18,1440
1775448116993,key-38,520
1775448116993,key-34,1655
1775448116994,key-34,1656
1775448116994,key-13,919
1775448116994,key-34,1656
1775448116995,key-5,3627
1775448116995,key-38,522
1775448116995,key-5,3627
1775448116996,key-5,3628
1775448116996,key-38,523
1775448116996,key-38,523
1775448116997,key-9,1325
1775448116997,key-38,524
1775448116998,key-15,3389
1775448116999,key-38,526
1775448116999,key-22,2884
1775448116999,key-15,3390
1775448116999,key-5,3631
1775448117000,key-38,527
1775448117000,key-49,3146
1775448117001,key-13,926
1775448117001,key-21,4373
1775448117002,key-49,3148
1775448117003,key-38,530
1775448117004,key-38,531
1775448117005,key-15,3396
1775448117006,key-15,3397
1775448117006,key-22,2891
1775448117006,key-15,3397
1775448117008,key-15,3399
1775448117008,key-38,535
1775448117010,key-15,3401
1775448117010,key-49,3156
1775448117011,key-49,3157
1775448117011,key-21,4383
1775448117012,key-38,539
1775448117013,key-5,3645
1775448117014,key-38,541
1775448117015,key-38,542
1775448117016,key-38,543
1775448117016,key-15,3407
1775448117016,key-15,3407
1775448117016,key-22,2901
1775448117016,key-48,891
1775448117017,key-18,1464
1775448117017,key-49,3163
1775448117018,key-6,1512
1775448117018,key-29,2261
1775448117019,key-27,4432
1775448117020,key-16,329
1775448117020,key-16,329
1775448117020,key-11,2018
1775448117021,key-49,3167
1775448117021,key-22,2906
1775448117025,key-9,1353
1775448117025,key-22,2910
1775448117026,key-36,3045
1775448117026,key-41,5504
1775448117026,key-15,3417
1775448117026,key-38,553
1775448117028,key-37,870
1775448117028,key-6,1522
1775448117029,key-5,3661
1775448117029,key-22,2914
1775448117029,key-15,3420
1775448117029,key-11,2027
1775448117030,key-36,3049
1775448117030,key-5,3662
1775448117030,key-36,3049
1775448117031,key-3,5513
1775448117031,key-36,3050
1775448117031,key-11,2029
1775448117032,key-15,3423
1775448117034,key-46,359
1775448117034,key-39,165
1775448117035,key-6,1529
1775448117035,key-3,5517
1775448117037,key-38,564
1775448117039,key-11,2037
1775448117039,key-39,170
1775448117041,key-15,3432
1775448117041,key-11,2039
1775448117044,key-46,369
1775448117044,key-15,3435
1775448117044,key-38,571
1775448117045,key-6,1539
1775448117045,key-38,572
1775448117045,key-3,5527
1775448117045,key-29,2288
1775448117046,key-11,2044
1775448117046,key-38,573
1775448117046,key-15,3437
1775448117047,key-39,178
1775448117048,key-48,923
1775448117048,key-46,373
1775448117048,key-6,1542
1775448117048,key-11,2046
1775448117048,key-15,3439
1775448117049,key-5,3681
1775448117049,key-1,3379
1775448117049,key-38,576
1775448117049,key-36,3068
1775448117050,key-3,5532
1775448117050,key-15,3441
1775448117050,key-34,1712
1775448117050,key-20,6841
1775448117050,key-15,3441
1775448117051,key-7,2779
1775448117051,key-40,994
1775448117052,key-49,3198
1775448117052,key-34,1714
1775448117052,key-11,2050
1775448117055,key-46,380
1775448117056,key-38,583
1775448117057,key-6,1551
1775448117058,key-49,3204
1775448117059,key-1,3389
1775448117059,key-1,3389
1775448117059,key-5,3691
1775448117060,key-7,2788
1775448117061,key-11,2059
1775448117062,key-49,3208
1775448117063,key-34,1725
1775448117064,key-16,373
1775448117065,key-36,3084
1775448117066,key-7,2794
1775448117066,key-15,3457
1775448117066,key-49,3212
1775448117067,key-34,1729
1775448117067,key-38,594
1775448117067,key-7,2795
1775448117067,key-49,3213
1775448117068,key-1,3398
1775448117068,key-1,3398
1775448117068,key-49,3214
1775448117068,key-9,1396
1775448117070,key-38,597
1775448117071,key-46,396
1775448117071,key-11,2069
1775448117071,key-15,3462
1775448117072,key-49,3218
1775448117073,key-15,3464
1775448117074,key-7,2802
1775448117074,key-18,1521
1775448117074,key-36,3093
1775448117074,key-42,852
1775448117074,key-34,1736
1775448117075,key-7,2803
1775448117075,key-1,3405
1775448117075,key-49,3221
1775448117076,key-35,3601
1775448117077,key-37,4
1775448117077,key-15,3468
1775448117077,key-22,2962
1775448117077,key-15,3468
1775448117078,key-46,403
1775448117079,key-7,2807
1775448117080,key-15,3471
1775448117080,key-35,3605
1775448117082,key-49,3228
1775448117083,key-22,2968
1775448117084,key-34,1746
1775448117084,key-50,9
1775448117084,key-7,2812
1775448117085,key-22,2970
1775448117085,key-22,2970
1775448117085,key-18,1532
1775448117086,key-15,3477
1775448117086,key-7,2814
1775448117086,key-46,411
1775448117087,key-7,2815
1775448117087,key-22,2972
1775448117088,key-37,15
1775448117088,key-7,2816
1775448117088,key-46,413
1775448117089,key-22,2974
1775448117089,key-18,1536
1775448117090,key-37,17
1775448117091,key-50,4
1775448117091,key-34,1753
1775448117093,key-22,2978
1775448117093,key-34,1755
1775448117094,key-7,2822
1775448117094,key-37,21
1775448117094,key-7,2822
1775448117095,key-37,22
1775448117095,key-9,1423
1775448117096,key-22,2981
1775448117097,key-50,10
1775448117097,key-7,2825
1775448117098,key-7,2826
1775448117099,key-46,424
1775448117099,key-6,1593
1775448117099,key-26,780
1775448117100,key-50,13
1775448117101,key-7,2829
1775448117101,key-34,1763
1775448117102,key-50,15
1775448117102,key-9,1430
1775448117103,key-7,2831
1775448117104,key-26,785
1775448117105,key-22,2990
1775448117108,key-22,2993
1775448117108,key-7,2836
1775448117109,key-6,1603
1775448117109,key-7,2837
1775448117110,key-50,23
1775448117110,key-38,637
1775448117111,key-18,1558
1775448117111,key-22,2996
1775448117111,key-7,2839
1775448117112,key-26,793
1775448117112,key-49,3258
1775448117113,key-7,2841
1775448117113,key-7,2841
1775448117113,key-6,1607
1775448117114,key-36,3133
1775448117114,key-50,27
1775448117114,key-7,2842
1775448117116,key-22,3001
1775448117118,key-7,2846
1775448117118,key-49,3264
1775448117119,key-22,3004
1775448117119,key-18,1566
1775448117120,key-22,3005
1775448117120,key-26,801
1775448117120,key-22,3005
1775448117120,key-50,33
1775448117120,key-36,3139
1775448117120,key-7,2848
1775448117121,key-6,1615
1775448117121,key-7,2849
1775448117122,key-26,803
1775448117122,key-7,2850
1775448117122,key-21,4494
1775448117124,key-22,3009
1775448117124,key-47,2963
1775448117124,key-36,3143
1775448117125,key-5,3757
1775448117125,key-26,806
1775448117126,key-26,807
1775448117127,key-7,2855
1775448117128,key-22,3013
1775448117128,key-22,3013
1775448117128,key-21,4500
1775448117129,key-7,2857
1775448117129,key-26,810
1775448117129,key-26,810
1775448117130,key-47,2969
1775448117130,key-36,3149
1775448117130,key-50,43
1775448117131,key-36,3150
1775448117131,key-11,2129
1775448117132,key-11,2130
1775448117132,key-6,1626
1775448117133,key-26,814
1775448117133,key-49,3279
1775448117133,key-47,2972
1775448117134,key-7,2862
1775448117134,key-26,815
1775448117135,key-11,2133
1775448117137,key-7,2865
1775448117137,key-11,2135
1775448117137,key-16,446
1775448117137,key-11,2135
1775448117137,key-36,3156
1775448117138,key-1,3468
1775448117139,key-7,2867
1775448117140,key-36,3159
1775448117140,key-36,3159
1775448117141,key-50,54
1775448117142,key-1,3472
1775448117143,key-7,2871
1775448117144,key-50,57
1775448117144,key-40,11
1775448117145,key-7,2873
1775448117145,key-37,72
1775448117146,key-11,2144
1775448117149,key-11,2147
1775448117150,key-6,1644
1775448117150,key-46,475
1775448117150,key-1,3480
1775448117151,key-22,3036
1775448117152,key-11,2150
1775448117152,key-6,1646
1775448117152,key-7,2880
1775448117153,key-11,2151
1775448117155,key-22,3040
1775448117156,key-7,2884
1775448117156,key-50,69
1775448117157,key-50,70
1775448117157,key-13,1082
1775448117157,key-1,3487
1775448117158,key-3,5640
1775448117158,key-50,71
1775448117158,key-6,1652
1775448117160,key-6,1654
1775448117160,key-22,3045
1775448117160,key-3,5642
1775448117161,key-3,5643
1775448117162,key-47,3001
1775448117163,key-22,3048
1775448117163,key-22,3048
1775448117164,key-6,1658
1775448117164,key-1,3494
1775448117164,key-22,3049
1775448117164,key-6,1658
1775448117165,key-7,2893
1775448117165,key-11,2163
1775448117165,key-6,1659
1775448117166,key-11,2164
1775448117166,key-6,1660
1775448117166,key-50,79
1775448117166,key-39,12
1775448117167,key-3,5649
1775448117167,key-28,1787
1775448117169,key-6,1663
1775448117174,key-6,1668
1775448117174,key-6,1668
1775448117174,key-6,1668
1775448117176,key-36,3195
1775448117176,key-6,1670
1775448117177,key-50,90
1775448117178,key-39,24
1775448117178,key-22,3063
1775448117179,key-32,2396
1775448117180,key-6,1674
1775448117180,key-1,3510
1775448117180,key-11,2178
1775448117180,key-48,1055
1775448117181,key-22,3066
1775448117181,key-7,2909
1775448117181,key-11,2179
1775448117182,key-6,1676
1775448117182,key-6,1676
1775448117182,key-50,95
1775448117183,key-50,96
1775448117183,key-50,96
1775448117183,key-39,29
1775448117184,key-50,97
1775448117184,key-21,4556
1775448117184,key-6,1678
1775448117185,key-28,1805
1775448117185,key-11,2183
1775448117185,key-7,2913
1775448117186,key-6,1680
1775448117186,key-48,1061
1775448117187,key-48,1062
1775448117187,key-4,764
1775448117188,key-22,3073
1775448117188,key-39,34
1775448117190,key-7,2918
1775448117190,key-11,2188
1775448117191,key-48,1066
1775448117193,key-11,2191
1775448117193,key-50,106
1775448117194,key-48,1069
1775448117194,key-50,107
1775448117195,key-50,108
1775448117197,key-21,4569
1775448117197,key-39,43
1775448117197,key-6,1691
1775448117198,key-7,2926
1775448117198,key-48,1073
1775448117199,key-50,112
1775448117199,key-39,45
1775448117199,key-6,1693
1775448117200,key-21,4572
1775448117200,key-7,2928
1775448117201,key-11,2199
1775448117201,key-50,114
1775448117202,key-6,1696
1775448117203,key-7,2931
1775448117203,key-16,512
1775448117204,key-49,3350
1775448117204,key-38,19
1775448117204,key-39,50
1775448117205,key-35,3730
1775448117206,key-39,52
1775448117207,key-11,2205
1775448117207,key-39,53
1775448117207,key-6,1701
1775448117208,key-21,4580
1775448117208,key-7,2936
1775448117208,key-15,3599
1775448117208,key-22,3093
1775448117209,key-7,2937
1775448117209,key-39,55
1775448117209,key-49,3355
1775448117209,key-7,2937
1775448117210,key-49,3356
1775448117211,key-40,78
1775448117211,key-39,57
1775448117212,key-38,27
1775448117212,key-3,5694
1775448117213,key-3,5695
1775448117214,key-40,81
1775448117215,key-6,1709
1775448117216,key-21,4588
1775448117216,key-40,83
1775448117217,key-38,32
1775448117219,key-15,3610
1775448117221,key-38,36
1775448117222,key-3,5704
1775448117222,key-3,5704
1775448117222,key-22,3107
1775448117222,key-16,531
1775448117223,key-19,12
1775448117223,key-28,1843
1775448117223,key-15,3614
1775448117224,key-15,3615
1775448117224,key-21,4596
1775448117224,key-40,91
1775448117225,key-15,3616
1775448117227,key-3,5709
1775448117227,key-15,3618
1775448117227,key-15,3618
1775448117228,key-16,537
1775448117228,key-46,553
1775448117229,key-3,5711
1775448117229,key-6,1723
1775448117229,key-38,44
1775448117229,key-40,96
1775448117230,key-3,5712
1775448117230,key-15,3621
1775448117230,key-38,45
1775448117230,key-41,5708
1775448117231,key-38,46
1775448117231,key-15,3622
1775448117231,key-19,20
1775448117231,key-3,5713
1775448117231,key-40,98
1775448117232,key-15,3623
1775448117233,key-41,5711
1775448117233,key-16,542
1775448117235,key-15,3626
1775448117236,key-15,3627
1775448117236,key-22,3121
1775448117237,key-10,2637
1775448117237,key-26,57
1775448117237,key-41,5715
1775448117238,key-36,3257
1775448117239,key-40,106
1775448117241,key-28,1861
1775448117241,key-3,5723
1775448117244,key-41,5722
1775448117245,key-10,2645
1775448117248,key-41,5726
1775448117249,key-40,116
1775448117249,key-19,38
1775448117249,key-10,2649
1775448117251,key-10,2651
1775448117251,key-40,118
1775448117253,key-41,5731
1775448117254,key-40,121
1775448117254,key-36,3273
1775448117254,key-41,5732
1775448117254,key-3,5736
1775448117255,key-40,122
1775448117255,key-19,44
1775448117255,key-41,5733
1775448117255,key-3,5737
1775448117255,key-10,2655
1775448117256,key-36,3275
1775448117256,key-19,45
1775448117256,key-40,123
1775448117257,key-10,2657
1775448117258,key-6,1752
1775448117258,key-6,1752
1775448117259,key-40,126
1775448117259,key-41,5737
1775448117260,key-40,127
1775448117261,key-6,1755
1775448117261,key-6,1755
1775448117262,key-10,2662
1775448117262,key-3,5744
1775448117263,key-6,1757
1775448117263,key-3,5745
1775448117263,key-16,572
1775448117264,key-41,5742
1775448117264,key-5,3896
1775448117267,key-3,5749
1775448117268,key-41,5746
1775448117268,key-36,3287
1775448117268,key-2,1605
1775448117268,key-2,1605
1775448117269,key-5,3901
1775448117269,key-16,578
1775448117270,key-19,59
1775448117270,key-6,1764
1775448117270,key-6,1764
1775448117271,key-19,60
1775448117271,key-6,1765
1775448117272,key-6,1766
1775448117272,key-41,5750
1775448117272,key-3,5754
1775448117273,key-3,5755
1775448117273,key-41,5751
1775448117273,key-2,1610
1775448117274,key-6,1768
1775448117274,key-28,1894
1775448117275,key-41,5753
1775448117275,key-2,1612
1775448117276,key-30,1771
1775448117276,key-19,65
1775448117277,key-6,1771
1775448117277,key-19,66
1775448117278,key-19,67
1775448117278,key-2,1615
1775448117279,key-3,5761
1775448117279,key-41,5757
1775448117280,key-2,1617
1775448117280,key-41,5758
1775448117280,key-19,69
1775448117281,key-6,1775
1775448117281,key-2,1618
1775448117282,key-6,1776
1775448117285,key-6,1779
1775448117285,key-1,3615
1775448117285,key-2,1622
1775448117286,key-19,75
1775448117287,key-6,1781
1775448117288,key-2,1625
1775448117289,key-40,156
1775448117289,key-6,1783
1775448117289,key-19,78
1775448117289,key-2,1626
1775448117289,key-41,5767
1775448117289,key-35,3814
1775448117290,key-6,1784
1775448117290,key-46,615
1775448117290,key-19,79
1775448117291,key-19,80
1775448117291,key-6,1785
1775448117292,key-46,617
1775448117292,key-6,1786
1775448117292,key-19,81
1775448117292,key-19,81
1775448117293,key-6,1787
1775448117293,key-35,3818
1775448117294,key-41,5772
1775448117295,key-22,3180
1775448117296,key-41,5774
1775448117297,key-19,86
1775448117298,key-38,113
1775448117299,key-6,1793
1775448117300,key-6,1794
1775448117300,key-19,89
1775448117300,key-22,3185
1775448117301,key-6,1795
1775448117301,key-46,626
1775448117302,key-6,1796
1775448117303,key-6,1797
1775448117303,key-22,3188
1775448117303,key-6,1797
1775448117303,key-46,628
1775448117303,key-46,628
1775448117304,key-4,881
1775448117304,key-37,12
1775448117305,key-19,94
1775448117305,key-37,13
1775448117305,key-11,2303
1775448117305,key-6,1799
1775448117305,key-35,3830
1775448117306,key-7,3034
1775448117306,key-12,7
1775448117306,key-46,631
1775448117311,key-11,2309
1775448117311,key-6,1805
1775448117312,key-46,637
1775448117312,key-7,3040
1775448117313,key-46,638
1775448117313,key-6,1807
1775448117314,key-11,2312
1775448117315,key-22,3200
1775448117316,key-6,1810
1775448117317,key-30,1812
1775448117318,key-11,2316
1775448117318,key-46,643
1775448117318,key-11,2316
1775448117318,key-46,643
1775448117319,key-11,2317
1775448117319,key-37,27
1775448117320,key-1,3650
1775448117320,key-34,1982
1775448117320,key-12,21
1775448117320,key-30,1815
1775448117320,key-46,645
1775448117320,key-6,1814
1775448117321,key-46,646
1775448117321,key-35,3846
1775448117322,key-35,3847
1775448117322,key-37,30
1775448117323,key-30,1818
1775448117324,key-30,1819
1775448117324,key-6,1818
1775448117325,key-37,33
1775448117325,key-46,650
1775448117327,key-37,35
1775448117327,key-6,1821
1775448117328,key-37,36
1775448117330,key-46,655
1775448117331,key-13,1256
1775448117331,key-1,3661
1775448117331,key-30,1826
1775448117331,key-12,32
1775448117332,key-1,3662
1775448117332,key-37,40
1775448117332,key-35,3857
1775448117333,key-37,41
1775448117333,key-6,1827
1775448117334,key-37,42
1775448117334,key-46,659
1775448117334,key-50,247
1775448117335,key-35,3860
1775448117335,key-37,43
1775448117336,key-6,1830
1775448117336,key-37,44
1775448117337,key-37,45
1775448117337,key-50,250
1775448117338,key-1,3668
1775448117339,key-46,664
1775448117340,key-50,253
1775448117341,key-2,1678
1775448117341,key-2,1678
1775448117343,key-39,189
1775448117343,key-6,1837
1775448117343,key-37,51
1775448117344,key-50,257
1775448117344,key-46,669
1775448117344,key-46,669
1775448117345,key-37,53
1775448117346,key-26,166
1775448117347,key-37,55
1775448117348,key-6,1842
1775448117348,key-15,3739
1775448117349,key-50,262
1775448117349,key-16,658
1775448117349,key-29,2592
1775448117350,key-5,3982
1775448117350,key-37,58
1775448117350,key-50,263
1775448117350,key-46,675
1775448117351,key-2,1688
1775448117351,key-37,59
1775448117351,key-50,264
1775448117352,key-35,3877
1775448117352,key-37,60
1775448117353,key-46,678
1775448117353,key-46,678
1775448117354,key-37,62
1775448117354,key-37,62
1775448117354,key-37,62
1775448117355,key-37,63
1775448117355,key-15,3746
1775448117355,key-26,175
1775448117356,key-46,681
1775448117356,key-49,3502
1775448117357,key-5,3989
1775448117357,key-37,65
1775448117358,key-5,3990
1775448117358,key-15,3749
1775448117358,key-49,3504
1775448117358,key-49,3504
1775448117358,key-50,271
1775448117359,key-50,272
1775448117361,key-5,3993
1775448117364,key-5,3996
1775448117364,key-46,689
1775448117364,key-37,72
1775448117365,key-15,3756
1775448117365,key-46,690
1775448117365,key-21,4737
1775448117365,key-5,3997
1775448117366,key-37,74
1775448117367,key-46,692
1775448117367,key-41,5845
1775448117368,key-18,1815
1775448117368,key-50,281
1775448117369,key-15,3760
1775448117369,key-18,1816
1775448117369,key-15,3760
1775448117370,key-50,283
1775448117371,key-50,284
1775448117372,key-50,285
1775448117372,key-46,697
1775448117373,key-50,286
1775448117373,key-5,4005
1775448117374,key-46,699
1775448117374,key-37,82
1775448117374,key-37,82
1775448117375,key-27,4788
1775448117375,key-46,700
1775448117375,key-48,1250
1775448117376,key-15,3767
1775448117377,key-18,1824
1775448117378,key-46,703
1775448117379,key-18,1826
1775448117382,key-16,691
1775448117383,key-18,1830
1775448117383,key-47,3222
1775448117383,key-15,3774
1775448117384,key-16,693
1775448117385,key-16,694
1775448117385,key-46,710
1775448117386,key-50,299
1775448117386,key-50,299
1775448117386,key-37,94
1775448117387,key-16,696
1775448117387,key-5,4019
1775448117387,key-23,4616
1775448117388,key-16,697
1775448117389,key-47,3228
1775448117389,key-16,698
1775448117390,key-47,3229
1775448117390,key-38,205
1775448117391,key-46,716
1775448117391,key-15,3782
1775448117391,key-47,3230
1775448117391,key-37,99
1775448117392,key-40,259
1775448117392,key-15,3783
1775448117393,key-47,3232
1775448117395,key-47,3234
1775448117395,key-5,4027
1775448117395,key-7,3123
1775448117396,key-16,705
1775448117396,key-37,104
1775448117397,key-40,264
1775448117397,key-16,706
1775448117398,key-47,3237
1775448117399,key-47,3238
1775448117399,key-16,708
1775448117399,key-23,4628
1775448117400,key-46,725
1775448117401,key-7,3129
1775448117401,key-40,268
1775448117401,key-46,726
1775448117402,key-16,711
1775448117403,key-11,2401
1775448117404,key-16,713
1775448117405,key-46,730
1775448117405,key-16,714
1775448117406,key-16,715
1775448117406,key-34,2068
1775448117407,key-16,716
1775448117408,key-16,717
1775448117409,key-16,718
1775448117410,key-18,1857
1775448117410,key-20,7201
1775448117411,key-47,3250
1775448117412,key-46,737
1775448117412,key-23,4641
1775448117412,key-7,3140
1775448117412,key-16,721
1775448117414,key-10,2814
1775448117415,key-23,4644
1775448117416,key-16,725
1775448117416,key-16,725
1775448117416,key-16,725
1775448117416,key-16,725
1775448117417,key-18,1864
1775448117417,key-10,2817
1775448117417,key-26,237
1775448117417,key-7,3145
1775448117418,key-16,727
1775448117418,key-23,4647
1775448117419,key-16,728
1775448117419,key-12,120
1775448117419,key-10,2819
1775448117419,key-16,728
1775448117419,key-20,7210
1775448117420,key-18,1867
1775448117421,key-23,4650
1775448117423,key-12,124
1775448117424,key-1,3754
1775448117424,key-11,2422
1775448117425,key-16,734
1775448117425,key-16,734
1775448117426,key-23,4655
1775448117426,key-42,1204
1775448117426,key-20,7217
1775448117427,key-40,294
1775448117427,key-7,3155
1775448117427,key-16,736
1775448117434,key-18,1881
1775448117434,key-11,2432
1775448117435,key-18,1882
1775448117435,key-42,1213
1775448117435,key-16,744
1775448117435,key-50,348
1775448117435,key-7,3163
1775448117435,key-16,744
1775448117436,key-10,2836
1775448117436,key-1,3766
1775448117436,key-42,1214
1775448117436,key-23,7
1775448117436,key-11,2434
1775448117436,key-42,1214
1775448117436,key-16,745
1775448117438,key-16,747
1775448117438,key-23,9
1775448117439,key-16,748
1775448117440,key-3,5922
1775448117440,key-2,1777
1775448117441,key-23,12
1775448117441,key-10,2841
1775448117441,key-16,750
1775448117442,key-11,2440
1775448117444,key-42,1222
1775448117444,key-11,2442
1775448117444,key-32,2661
1775448117444,key-16,753
1775448117445,key-50,358
1775448117445,key-42,1223
1775448117446,key-1,3776
1775448117446,key-32,2663
1775448117447,key-23,18
1775448117448,key-11,2446
1775448117448,key-23,19
1775448117448,key-2,1785
1775448117449,key-16,758
1775448117449,key-16,758
1775448117449,key-16,758
1775448117450,key-16,759
1775448117450,key-42,1228
1775448117450,key-41,5928
1775448117451,key-32,2668
1775448117452,key-16,761
1775448117453,key-13,1378
1775448117453,key-23,24
1775448117453,key-16,762
1775448117454,key-11,2452
1775448117455,key-16,764
1775448117455,key-13,1380
1775448117455,key-16,764
1775448117455,key-6,1949
1775448117456,key-11,2454
1775448117456,key-23,27
1775448117457,key-11,2455
1775448117458,key-13,1383
1775448117459,key-23,30
1775448117459,key-13,1384
1775448117461,key-6,1955
1775448117462,key-19,251
1775448117462,key-40,329
1775448117463,key-13,1388
1775448117463,key-13,1388
1775448117463,key-13,1388
1775448117463,key-11,2461
1775448117464,key-16,773
1775448117464,key-16,773
1775448117464,key-13,1389
1775448117467,key-13,1392
1775448117467,key-19,256
1775448117468,key-38,283
1775448117469,key-13,1394
1775448117469,key-6,1963
1775448117474,key-27,4887
1775448117474,key-16,783
1775448117475,key-11,2473
1775448117475,key-13,1400
1775448117476,key-39,322
1775448117477,key-11,2475
1775448117477,key-23,48
1775448117477,key-13,1402
1775448117478,key-13,1403
1775448117478,key-11,2476
1775448117479,key-13,1404
1775448117480,key-16,789
1775448117481,key-16,790
1775448117481,key-13,1406
1775448117482,key-13,1407
1775448117483,key-13,1408
1775448117484,key-16,793
1775448117484,key-39,330
1775448117485,key-13,1410
1775448117485,key-13,1410
1775448117485,key-13,1410
1775448117485,key-6,1979
1775448117486,key-13,1411
1775448117486,key-23,57
1775448117486,key-13,1411
1775448117487,key-2,1824
1775448117488,key-13,1413
1775448117488,key-2,1825
1775448117489,key-13,1414
1775448117491,key-23,62
1775448117492,key-13,1417
1775448117493,key-23,64
1775448117493,key-4,1070
1775448117493,key-23,64
1775448117493,key-50,406
1775448117494,key-13,1419
1775448117494,key-2,1831
1775448117495,key-13,1420
1775448117496,key-13,1421
1775448117496,key-13,1421
1775448117496,key-30,1991
1775448117497,key-13,1422
1775448117497,key-13,1422
1775448117499,key-13,1424
1775448117499,key-13,1424
1775448117499,key-4,1076
1775448117499,key-30,1994
1775448117500,key-47,3339
1775448117500,key-13,1425
1775448117500,key-13,1425
1775448117502,key-13,1427
1775448117502,key-2,1839
1775448117503,key-18,1950
1775448117503,key-13,1428
1775448117504,key-13,1429
1775448117504,key-13,1429
1775448117505,key-13,1430
1775448117505,key-42,1283
1775448117505,key-41,5983
1775448117506,key-13,1431
1775448117506,key-13,1431
1775448117508,key-12,209
1775448117509,key-13,1434
1775448117510,key-6,2004
1775448117510,key-13,1435
1775448117510,key-42,1288
1775448117511,key-21,4883
1775448117512,key-2,1849
1775448117512,key-46,837
1775448117513,key-12,214
1775448117513,key-13,1438
1775448117513,key-20,7304
1775448117514,key-13,1439
1775448117514,key-37,2
1775448117515,key-42,1293
1775448117515,key-41,5993
1775448117515,key-1,3845
1775448117516,key-39,362
1775448117516,key-47,3355
1775448117517,key-4,1094
1775448117518,key-37,6
1775448117518,key-2,1855
1775448117519,key-46,844
1775448117519,key-2,1856
1775448117520,key-39,366
1775448117521,key-20,7312
1775448117521,key-37,9
1775448117522,key-47,3361
1775448117523,key-48,1398
1775448117524,key-28,2144
1775448117524,key-37,12
1775448117524,key-10,2924
1775448117525,key-28,2145
1775448117526,key-1,3856
1775448117526,key-2,1863
1775448117531,key-12,232
1775448117531,key-11,2529
1775448117531,key-1,3861
1775448117532,key-39,378
1775448117532,key-28,2152
1775448117533,key-6,2027
1775448117533,key-37,21
1775448117533,key-37,21
1775448117534,key-37,22
1775448117535,key-2,1872
1775448117536,key-28,2156
1775448117536,key-26,356
1775448117536,key-11,2534
1775448117537,key-2,1874
1775448117537,key-18,1984
1775448117538,key-48,1413
1775448117538,key-6,2032
1775448117538,key-12,239
1775448117539,key-2,1876
1775448117540,key-2,1877
1775448117540,key-2,1877
1775448117540,key-11,2538
1775448117540,key-6,2034
1775448117541,key-18,1988
1775448117541,key-28,2161
1775448117542,key-18,1989
1775448117542,key-6,2036
1775448117543,key-49,3689
1775448117543,key-2,1880
1775448117544,key-2,1881
1775448117544,key-3,6026
1775448117544,key-2,1881
1775448117545,key-38,360
1775448117545,key-48,1420
1775448117545,key-2,1882
1775448117546,key-26,366
1775448117546,key-28,2166
1775448117546,key-46,871
1775448117547,key-2,1884
1775448117547,key-12,248
1775448117547,key-2,1884
1775448117547,key-3,6029
1775448117549,key-13,1474
1775448117549,key-2,1886
1775448117550,key-36,3569
1775448117551,key-10,2951
1775448117551,key-2,1888
1775448117551,key-48,1426
1775448117552,key-30,2047
1775448117553,key-38,368
1775448117553,key-17,1358
1775448117553,key-18,2000
1775448117553,key-3,6035
1775448117553,key-2,1890
1775448117555,key-35,4080
1775448117555,key-47,3394
1775448117557,key-35,4082
1775448117557,key-2,1894
1775448117559,key-2,1896
1775448117559,key-4,1136
1775448117560,key-3,6042
1775448117560,key-17,1365
1775448117560,key-3,6042
1775448117560,key-12,261
1775448117561,key-37,49
1775448117562,key-19,351
1775448117562,key-30,2057
1775448117562,key-17,1367
1775448117563,key-18,2010
1775448117563,key-17,1368
1775448117568,key-18,2015
1775448117569,key-30,2064
1775448117569,key-35,4094
1775448117569,key-12,270
1775448117569,key-17,1374
1775448117569,key-18,2016
1775448117569,key-2,1906
1775448117570,key-17,1375
1775448117570,key-18,2017
1775448117572,key-30,2067
1775448117572,key-17,1377
1775448117573,key-18,2020
1775448117573,key-35,4098
1775448117574,key-18,2021
1775448117574,key-50,487
1775448117574,key-10,2974
1775448117574,key-17,1379
1775448117575,key-30,2070
1775448117576,key-18,2023
1775448117576,key-2,1913
1775448117576,key-41,6054
1775448117578,key-18,2025
1775448117578,key-34,2240
1775448117578,key-29,3
1775448117579,key-30,2074
1775448117579,key-2,1916
1775448117580,key-30,2075
1775448117581,key-16,890
1775448117581,key-11,2579
1775448117581,key-17,1386
1775448117582,key-50,495
1775448117582,key-30,2077
1775448117583,key-49,3729
1775448117583,key-50,496
1775448117584,key-18,2031
1775448117584,key-41,6062
1775448117584,key-2,1921
1775448117585,key-34,2247
1775448117585,key-18,2032
1775448117585,key-5,4217
1775448117585,key-50,498
1775448117586,key-30,2081
1775448117586,key-29,11
1775448117587,key-5,4219
1775448117587,key-23,158
1775448117588,key-50,501
1775448117588,key-30,2083
1775448117589,key-2,1926
1775448117589,key-34,2251
1775448117590,key-30,2085
1775448117591,key-5,4223
1775448117592,key-50,505
1775448117592,key-4,1169
1775448117592,key-50,505
1775448117593,key-50,506
1775448117593,key-1,3923
1775448117594,key-30,2089
1775448117594,key-23,165
1775448117595,key-29,20
1775448117596,key-34,2258
1775448117596,key-18,2043
1775448117596,key-50,509
1775448117597,key-29,22
1775448117597,key-5,4229
1775448117597,key-34,2259
1775448117597,key-28,2217
1775448117598,key-50,511
1775448117601,key-1,3931
1775448117601,key-5,4233
1775448117601,key-5,4233
1775448117602,key-2,1939
1775448117603,key-4,1180
1775448117610,key-23,181
1775448117611,key-29,36
1775448117611,key-29,36
1775448117611,key-11,2609
1775448117611,key-5,4243
1775448117612,key-50,525
1775448117612,key-50,525
1775448117612,key-50,525
1775448117612,key-4,1189
1775448117612,key-23,183
1775448117612,key-1,3942
1775448117612,key-1,3942
1775448117613,key-29,38
1775448117613,key-50,526
1775448117613,key-50,526
1775448117614,key-18,2061
1775448117614,key-4,1191
1775448117615,key-5,4247
1775448117615,key-30,2110
1775448117615,key-49,3761
1775448117616,key-29,41
1775448117616,key-38,431
1775448117616,key-5,4248
1775448117616,key-5,4248
1775448117616,key-5,4248
1775448117617,key-4,1194
1775448117617,key-4,1194
1775448117617,key-50,530
1775448117617,key-4,1194
1775448117618,key-50,531
1775448117619,key-50,532
1775448117619,key-1,3949
1775448117619,key-18,2066
1775448117619,key-18,2066
1775448117621,key-6,2115
1775448117621,key-50,534
1775448117622,key-50,535
1775448117622,key-18,2069
1775448117622,key-6,2116
1775448117622,key-5,4254
1775448117622,key-5,4254
1775448117623,key-3,6105
1775448117625,key-17,4
1775448117625,key-18,2072
1775448117626,key-5,4258
1775448117627,key-50,540
1775448117627,key-39,473
1775448117629,key-22,3514
1775448117629,key-41,6107
1775448117630,key-3,6112
1775448117631,key-50,544
1775448117631,key-50,544
1775448117633,key-50,546
1775448117633,key-40,500
1775448117634,key-50,547
1775448117635,key-6,2129
1775448117635,key-22,3520
1775448117635,key-17,14
1775448117636,key-17,15
1775448117636,key-5,4268
1775448117636,key-18,2083
1775448117636,key-35,4161
1775448117637,key-50,550
1775448117638,key-30,2133
1775448117638,key-35,4163
1775448117639,key-3,6121
1775448117640,key-15,126
1775448117640,key-50,553
1775448117641,key-6,2135
1775448117641,key-18,2088
1775448117642,key-50,555
1775448117642,key-41,6120
1775448117643,key-15,5
1775448117643,key-17,22
1775448117647,key-9,1975
1775448117648,key-15,10
1775448117648,key-41,6126
1775448117648,key-17,27
1775448117648,key-35,4173
1775448117648,key-34,2310
1775448117648,key-15,10
1775448117649,key-18,2096
1775448117649,key-49,3795
1775448117649,key-3,6131
1775448117649,key-35,4174
1775448117651,key-34,2313
1775448117651,key-28,2271
1775448117652,key-49,3798
1775448117652,key-36,7
1775448117652,key-35,4177
1775448117652,key-18,2099
1775448117653,key-6,2147
1775448117653,key-35,4178
1775448117653,key-18,2100
1775448117654,key-18,2101
1775448117654,key-27,5067
1775448117655,key-35,4180
1775448117656,key-12,357
1775448117657,key-48,1532
1775448117657,key-6,2151
1775448117657,key-18,2104
1775448117658,key-28,2278
1775448117658,key-6,2152
1775448117659,key-18,2106
1775448117659,key-12,360
1775448117659,key-35,4184
1775448117659,key-49,3805
1775448117660,key-18,2107
1775448117662,key-41,6140
1775448117662,key-6,2156
1775448117662,key-28,2282
1775448117663,key-16,972
1775448117663,key-12,364
1775448117667,key-30,2162
1775448117667,key-48,1542
1775448117668,key-10,3068
1775448117668,key-18,2115
1775448117668,key-6,2162
1775448117668,key-18,2115
1775448117669,key-28,2289
1775448117669,key-16,978
1775448117670,key-49,3816
1775448117670,key-18,2117
1775448117671,key-6,2165
1775448117671,key-12,372
1775448117671,key-35,4196
1775448117672,key-41,6150
1775448117673,key-35,4198
1775448117673,key-48,1548
1775448117673,key-35,4198
1775448117674,key-10,3074
1775448117674,key-18,2121
1775448117674,key-41,6152
1775448117674,key-38,489
1775448117674,key-21,5046
1775448117675,key-16,984
1775448117675,key-48,1550
1775448117676,key-41,6154
1775448117678,key-18,2125
1775448117678,key-18,2125
1775448117678,key-38,493
1775448117679,key-12,380
1775448117679,key-21,5051
1775448117680,key-21,5052
1775448117680,key-28,2300
1775448117680,key-27,5093
1775448117681,key-6,2175
1775448117681,key-23,252
1775448117682,key-10,3082
1775448117682,key-18,2129
1775448117683,key-41,6161
1775448117683,key-18,2130
1775448117684,key-27,5097
1775448117684,key-41,6162
1775448117685,key-23,256
1775448117685,key-10,3085
1775448117686,key-18,2133
1775448117686,key-23,257
1775448117687,key-10,3087
1775448117687,key-29,112
1775448117688,key-23,259
1775448117689,key-23,260
1775448117690,key-10,3090
1775448117691,key-18,2138
1775448117691,key-18,2138
1775448117692,key-10,3092
1775448117692,key-10,3092
1775448117693,key-28,2313
1775448117695,key-10,3095
1775448117695,key-47,3534
1775448117695,key-28,2315
1775448117695,key-2,2032
1775448117696,key-10,3096
1775448117697,key-41,6175
1775448117697,key-29,122
1775448117698,key-16,1007
1775448117698,key-10,3098
1775448117698,key-10,3098
1775448117699,key-23,270
1775448117699,key-16,1008
1775448117699,key-30,2194
1775448117700,key-18,2147
1775448117700,key-10,3100
1775448117700,key-23,271
1775448117701,key-17,80
1775448117702,key-10,3102
1775448117703,key-23,274
1775448117704,key-21,5076
1775448117704,key-10,3104
1775448117704,key-10,3104
1775448117704,key-16,1013
1775448117705,key-10,3105
1775448117705,key-11,2703
1775448117706,key-23,277
1775448117706,key-10,3106
1775448117707,key-21,5079
1775448117708,key-16,1017
1775448117708,key-18,2155
1775448117708,key-11,2706
1775448117709,key-30,2204
1775448117709,key-36,64
1775448117710,key-18,2157
1775448117710,key-11,2708
1775448117710,key-10,3110
1775448117710,key-36,65
1775448117712,key-11,2710
1775448117713,key-11,2711
1775448117713,key-10,3113
1775448117714,key-23,285
1775448117714,key-7,3442
1775448117714,key-11,2712
1775448117715,key-36,70
1775448117715,key-9,2043
1775448117715,key-30,2210
1775448117716,key-36,71
1775448117716,key-7,3444
1775448117718,key-7,3446
1775448117719,key-7,3447
1775448117720,key-3,6202
1775448117720,key-17,99
1775448117721,key-42,1499
1775448117722,key-36,77
1775448117722,key-7,3450
1775448117722,key-4,1299
1775448117723,key-28,2343
1775448117723,key-35,4248
1775448117724,key-11,2722
1775448117724,key-40,591
1775448117725,key-7,3453
1775448117725,key-38,540
1775448117725,key-9,2053
1775448117725,key-40,592
1775448117726,key-28,2346
1775448117727,key-3,6209
1775448117728,key-38,543
1775448117729,key-7,3457
1775448117729,key-28,2349
1775448117730,key-40,597
1775448117730,key-35,4255
1775448117730,key-42,1508
1775448117731,key-19,520
1775448117732,key-30,2227
1775448117732,key-22,3617
1775448117733,key-7,3461
1775448117733,key-16,1042
1775448117734,key-4,1311
1775448117743,key-42,1521
1775448117744,key-7,3472
1775448117744,key-46,1069
1775448117745,key-16,1054
1775448117745,key-4,1322
1775448117745,key-41,6223
1775448117745,key-19,534
1775448117745,key-28,2365
1775448117745,key-3,6227
1775448117746,key-7,3474
1775448117746,key-10,3146
1775448117746,key-22,3631
1775448117746,key-19,535
1775448117746,key-38,561
1775448117746,key-47,3585
1775448117746,key-35,4271
1775448117746,key-35,4271
1775448117747,key-38,562
1775448117747,key-4,1324
1775448117747,key-40,614
1775448117748,key-19,537
1775448117748,key-30,2243
1775448117748,key-30,2243
1775448117748,key-47,3587
1775448117749,key-35,4274
1775448117749,key-7,3477
1775448117750,key-40,617
1775448117750,key-42,1528
1775448117750,key-7,3478
1775448117752,key-6,2246
1775448117752,key-3,6234
1775448117753,key-28,2373
1775448117753,key-17,132
1775448117754,key-19,543
1775448117754,key-3,6236
1775448117754,key-4,1331
1775448117754,key-3,6236
1775448117756,key-38,571
1775448117756,key-47,3595
1775448117756,key-35,4281
1775448117756,key-19,545
1775448117757,key-16,1066
1775448117757,key-30,2252
1775448117758,key-47,3597
1775448117759,key-15,121
1775448117759,key-1,4089
1775448117759,key-40,626
1775448117760,key-40,627
1775448117760,key-3,6242
1775448117760,key-20,7551
1775448117761,key-30,2256
1775448117761,key-35,4286
1775448117761,key-30,2256
1775448117762,key-19,551
1775448117762,key-3,6244
1775448117763,key-4,1340
1775448117763,key-7,3491
1775448117764,key-36,119
1775448117764,key-47,3603
1775448117765,key-12,20
1775448117765,key-16,1074
1775448117766,key-30,2261
1775448117768,key-7,3496
1775448117768,key-35,4293
1775448117769,key-30,2264
1775448117770,key-16,1079
1775448117771,key-26,591
1775448117772,key-7,3500
1775448117772,key-19,561
1775448117772,key-50,685
1775448117773,key-3,6255
1775448117774,key-7,3502
1775448117774,key-47,3613
1775448117776,key-35,4301
1775448117776,key-4,1353
1775448117776,key-35,4301
1775448117777,key-34,2439
1775448117778,key-12,33
1775448117778,key-26,598
1775448117778,key-50,691
1775448117778,key-26,598
1775448117779,key-26,599
1775448117780,key-3,6262
1775448117780,key-35,4305
1775448117780,key-22,3665
1775448117781,key-37,269
1775448117781,key-36,136
1775448117781,key-16,1090
1775448117782,key-30,2277
1775448117783,key-3,6265
1775448117784,key-35,4309
1775448117784,key-7,3512
1775448117785,key-30,2280
1775448117785,key-4,1362
1775448117786,key-3,6268
1775448117786,key-3,6268
1775448117787,key-7,3515
1775448117787,key-47,3626
1775448117788,key-16,1097
1775448117789,key-21,5161
1775448117789,key-3,6271
1775448117789,key-3,6271
1775448117790,key-36,145
1775448117790,key-16,1099
1775448117790,key-30,2285
1775448117790,key-26,610
1775448117791,key-4,1368
1775448117791,key-35,5
1775448117792,key-26,612
1775448117792,key-16,1101
1775448117792,key-16,1101
1775448117792,key-47,3631
1775448117793,key-16,1102
1775448117794,key-41,6272
1775448117796,key-35,10
1775448117797,key-47,3636
1775448117799,key-4,1376
1775448117800,key-4,1377
1775448117800,key-16,1109
1775448117800,key-35,14
1775448117800,key-41,6278
1775448117801,key-36,156
1775448117801,key-3,6283
1775448117802,key-26,622
1775448117802,key-7,3530
1775448117803,key-35,17
1775448117803,key-29,228
1775448117803,key-21,5175
1775448117803,key-21,5175
1775448117803,key-26,623
1775448117804,key-35,18
1775448117805,key-30,2300
1775448117806,key-49,3952
1775448117807,key-9,2135
1775448117807,key-26,627
1775448117807,key-35,21
1775448117807,key-7,3535
1775448117808,key-35,22
1775448117809,key-17,188
1775448117810,key-41,6288
1775448117810,key-35,24
1775448117810,key-16,1119
1775448117810,key-21,5182
1775448117811,key-36,166
1775448117811,key-21,5183
1775448117811,key-3,6293
1775448117811,key-9,2139
1775448117812,key-7,3540
1775448117812,key-49,3958
1775448117812,key-35,26
1775448117812,key-41,6290
1775448117813,key-40,680
1775448117813,key-26,633
1775448117814,key-17,193
1775448117814,key-35,28
1775448117814,key-41,6292
1775448117814,key-3,6296
1775448117815,key-40,682
1775448117816,key-9,2144
1775448117816,key-16,1125
1775448117817,key-40,684
1775448117818,key-7,3546
1775448117819,key-41,6297
1775448117821,key-7,3549
1775448117822,key-9,2150
1775448117822,key-50,735
1775448117824,key-22,3709
1775448117824,key-17,203
1775448117824,key-49,3970
1775448117826,key-50,739
1775448117826,key-35,40
1775448117826,key-50,739
1775448117827,key-35,41
1775448117827,key-40,694
1775448117828,key-17,207
1775448117828,key-41,6306
1775448117829,key-17,208
1775448117830,key-41,6308
1775448117831,key-50,744
1775448117832,key-17,211
1775448117832,key-16,1141
1775448117832,key-22,3717
1775448117833,key-7,3561
1775448117833,key-18,2280
1775448117834,key-50,747
1775448117834,key-7,3562
1775448117835,key-17,214
1775448117836,key-49,3982
1775448117836,key-30,2331
1775448117836,key-40,703
1775448117836,key-41,6314
1775448117838,key-17,217
1775448117839,key-41,6317
1775448117839,key-18,2286
1775448117839,key-50,752
1775448117840,key-22,3725
1775448117840,key-22,3725
1775448117840,key-16,1149
1775448117841,key-7,3569
1775448117842,key-50,755
1775448117842,key-32,3059
1775448117842,key-41,6320
1775448117842,key-50,755
1775448117842,key-41,6320
1775448117843,key-17,222
1775448117844,key-17,223
1775448117844,key-40,711
1775448117844,key-20,85
1775448117845,key-41,6323
1775448117845,key-7,3573
1775448117846,key-18,2293
1775448117846,key-22,3731
1775448117846,key-50,759
1775448117847,key-50,760
1775448117847,key-26,667
1775448117847,key-50,760
1775448117848,key-41,6326
1775448117849,key-50,762
1775448117850,key-50,763
1775448117850,key-22,3735
1775448117850,key-40,717
1775448117850,key-41,6328
1775448117850,key-50,763
1775448117850,key-20,91
1775448117851,key-32,3068
1775448117851,key-50,764
1775448117852,key-41,6330
1775448117852,key-50,765
1775448117852,key-26,672
1775448117853,key-41,6331
1775448117853,key-26,673
1775448117856,key-50,769
1775448117857,key-39,703
1775448117857,key-50,770
1775448117858,key-26,678
1775448117858,key-27,5271
1775448117859,key-50,772
1775448117859,key-26,679
1775448117859,key-41,6337
1775448117861,key-32,3078
1775448117861,key-20,102
1775448117862,key-50,775
1775448117863,key-17,242
1775448117863,key-26,683
1775448117864,key-32,3081
1775448117864,key-40,731
1775448117864,key-50,777
1775448117865,key-7,3593
1775448117865,key-50,778
1775448117866,key-26,686
1775448117867,key-6,2361
1775448117867,key-32,3084
1775448117867,key-41,6345
1775448117868,key-11,2866
1775448117868,key-32,3085
1775448117868,key-41,6346
1775448117870,key-26,690
1775448117870,key-50,783
1775448117871,key-41,6349
1775448117872,key-40,739
1775448117872,key-27,5285
1775448117873,key-6,2367
1775448117873,key-41,6351
1775448117873,key-2,2210
1775448117874,key-32,3091
1775448117875,key-17,254
1775448117877,key-38,692
1775448117877,key-41,6355
1775448117877,key-41,6355
1775448117878,key-7,3606
1775448117878,key-20,119
1775448117878,key-40,745
1775448117878,key-32,3095
1775448117878,key-32,3095
1775448117879,key-35,93
1775448117879,key-27,5292
1775448117879,key-27,5292
1775448117879,key-41,6357
1775448117879,key-41,6357
1775448117879,key-50,792
1775448117881,key-4,52
1775448117881,key-42,1659
1775448117883,key-40,750
1775448117883,key-40,750
1775448117883,key-26,703
1775448117883,key-17,262
1775448117885,key-41,6363
1775448117886,key-6,2380
1775448117887,key-41,6365
1775448117887,key-50,800
1775448117887,key-32,3104
1775448117888,key-41,6366
1775448117889,key-50,802
1775448117889,key-29,314
1775448117889,key-19,678
1775448117890,key-17,269
1775448117890,key-7,3618
1775448117890,key-32,3107
1775448117890,key-41,6368
1775448117892,key-37,380
1775448117893,key-42,1671
1775448117893,key-41,6371
1775448117893,key-35,107
1775448117893,key-42,1671
1775448117893,key-50,806
1775448117893,key-41,6371
1775448117894,key-48,1769
1775448117894,key-40,761
1775448117895,key-50,808
1775448117896,key-11,2894
1775448117896,key-41,6374
1775448117896,key-37,384
1775448117899,key-40,766
1775448117899,key-21,5271
1775448117899,key-21,5271
1775448117899,key-7,3627
1775448117899,key-41,6377
1775448117899,key-40,766
1775448117901,key-28,102
1775448117901,key-29,326
1775448117901,key-4,72
1775448117902,key-32,3119
1775448117903,key-20,144
1775448117903,key-21,5275
1775448117903,key-37,391
1775448117903,key-41,6381
1775448117903,key-50,816
1775448117903,key-17,282
1775448117903,key-50,816
1775448117904,key-29,329
1775448117904,key-7,3632
1775448117905,key-42,1683
1775448117905,key-17,284
1775448117905,key-32,3122
1775448117905,key-50,818
1775448117906,key-41,6384
1775448117906,key-39,752
1775448117906,key-40,773
1775448117907,key-18,2354
1775448117909,key-41,6387
1775448117909,key-50,822
1775448117909,key-42,1687
1775448117910,key-40,777
1775448117910,key-3,6392
1775448117910,key-30,2405
1775448117911,key-40,778
1775448117911,key-20,152
1775448117912,key-29,337
1775448117912,key-17,291
1775448117912,key-9,2240
1775448117912,key-7,3640
1775448117912,key-34,2574
1775448117912,key-29,337
1775448117913,key-20,154
1775448117913,key-50,826
1775448117913,key-16,1222
1775448117914,key-41,6392
1775448117915,key-37,403
1775448117915,key-18,2362
1775448117915,key-41,6393
1775448117916,key-41,6394
1775448117916,key-37,404
1775448117917,key-39,763
1775448117917,key-40,784
1775448117917,key-30,2412
1775448117918,key-40,785
1775448117918,key-29,343
1775448117919,key-41,6397
1775448117920,key-29,345
1775448117922,key-40,789
1775448117922,key-39,768
1775448117923,key-21,5295
1775448117923,key-27,5336
1775448117924,key-15,286
1775448117924,key-41,6402
1775448117924,key-39,770
1775448117926,key-2,2263
1775448117926,key-39,772
1775448117927,key-48,1802
1775448117927,key-21,5299
1775448117928,key-1,4258
1775448117928,key-40,795
1775448117929,key-21,5301
1775448117930,key-48,1805
1775448117930,key-22,3815
1775448117930,key-41,6408
1775448117931,key-2,2268
1775448117932,key-22,3817
1775448117932,key-35,146
1775448117933,key-48,1808
1775448117933,key-48,1808
1775448117933,key-41,6411
1775448117934,key-39,780
1775448117934,key-16,1243
1775448117934,key-48,1809
1775448117936,key-5,4568
1775448117936,key-48,1811
1775448117936,key-41,6414
1775448117936,key-21,5308
1775448117937,key-16,1246
1775448117937,key-2,2274
1775448117937,key-41,6415
1775448117938,key-48,1813
1775448117938,key-48,1813
1775448117938,key-49,4084
1775448117939,key-38,754
1775448117940,key-41,6418
1775448117941,key-22,3826
1775448117942,key-41,6420
1775448117942,key-2,2279
1775448117943,key-30,28
1775448117943,key-48,1818
1775448117944,key-48,1819
1775448117944,key-48,1819
1775448117945,key-50,858
1775448117945,key-35,159
1775448117945,key-5,4577
1775448117945,key-7,3673
1775448117946,key-28,147
1775448117946,key-5,4578
1775448117946,key-41,6424
1775448117947,key-41,6425
1775448117947,key-16,1256
1775448117947,key-48,1822
1775448117948,key-41,6426
1775448117948,key-22,3833
1775448117949,key-2,2286
1775448117950,key-48,1825
1775448117950,key-48,1825
1775448117951,key-48,1826
1775448117951,key-28,152
1775448117951,key-49,4097
1775448117951,key-5,4583
1775448117951,key-5,4583
1775448117953,key-2,2290
1775448117953,key-41,6431
1775448117953,key-48,1828
1775448117954,key-16,1263
1775448117954,key-41,6432
1775448117955,key-2,2292
1775448117955,key-5,4587
1775448117956,key-34,2618
1775448117956,key-2,2293
1775448117956,key-28,157
1775448117956,key-13,1881
1775448117956,key-41,6434
1775448117956,key-28,157
1775448117957,key-7,3685
1775448117957,key-7,3685
1775448117957,key-23,528
1775448117957,key-41,6435
1775448117957,key-48,1832
1775448117958,key-41,6436
1775448117961,key-48,1836
1775448117961,key-2,2298
1775448117961,key-22,3846
1775448117962,key-50,875
1775448117962,key-48,1837
1775448117963,key-16,1272
1775448117964,key-7,3692
1775448117964,key-9,2292
1775448117966,key-41,6444
1775448117966,key-2,2303
1775448117966,key-48,1841
1775448117966,key-19,755
1775448117967,key-34,2629
1775448117967,key-48,1842
1775448117968,key-50,881
1775448117968,key-2,2305
1775448117970,key-10,3370
1775448117970,key-41,6448
1775448117970,key-5,4602
1775448117971,key-13,1896
1775448117971,key-41,6449
1775448117971,key-2,2308
1775448117971,key-41,6449
1775448117971,key-2,2308
1775448117972,key-41,6450
1775448117972,key-9,2300
1775448117972,key-41,6450
1775448117972,key-16,1281
1775448117972,key-34,2634
1775448117973,key-28,174
1775448117973,key-19,762
1775448117973,key-48,1848
1775448117974,key-50,887
1775448117974,key-49,4120
1775448117974,key-5,4606
1775448117974,key-2,2311
1775448117975,key-48,1850
1775448117975,key-19,764
1775448117975,key-13,1900
1775448117976,key-2,2313
1775448117976,key-19,765
1775448117977,key-26,797
1775448117977,key-34,2639
1775448117978,key-16,1287
1775448117979,key-46,1304
1775448117983,key-48,1858
1775448117985,key-16,1294
1775448117985,key-49,4131
1775448117985,key-50,898
1775448117985,key-2,2322
1775448117985,key-9,2313
1775448117986,key-46,1311
1775448117987,key-29,412
1775448117988,key-5,4620
1775448117989,key-3,6471
1775448117989,key-10,3389
1775448117989,key-34,2651
1775448117990,key-2,2327
1775448117990,key-48,1865
1775448117990,key-48,1865
1775448117990,key-46,1315
1775448117991,key-49,4137
1775448117991,key-50,904
1775448117991,key-16,1300
1775448117991,key-49,4137
1775448117992,key-17,371
1775448117993,key-42,1771
1775448117994,key-3,6476
1775448117994,key-28,195
1775448117995,key-49,4141
1775448117995,key-16,1304
1775448117996,key-18,2443
1775448117996,key-48,1871
1775448117996,key-3,6478
1775448117997,key-40,864
1775448117997,key-22,3882
1775448117997,key-50,910
1775448117998,key-11,2996
1775448117999,key-46,1324
1775448117999,key-5,4631
1775448118000,key-48,1875
1775448118000,key-49,4146
1775448118000,key-16,1309
1775448118000,key-3,6482
1775448118001,key-22,3886
1775448118001,key-5,4633
1775448118001,key-16,1310
1775448118001,key-13,1926
1775448118001,key-3,6483
1775448118002,key-49,4148
1775448118002,key-32,3219
1775448118002,key-22,3887
1775448118002,key-48,1877
1775448118003,key-50,916
1775448118004,key-46,1329
1775448118004,key-49,4150
1775448118004,key-40,871
1775448118004,key-11,3002
1775448118004,key-32,3221
1775448118004,key-13,1929
1775448118004,key-16,1313
1775448118005,key-18,2452
1775448118005,key-46,1330
1775448118006,key-13,1931
1775448118006,key-37,494
1775448118006,key-13,1931
1775448118006,key-18,2453
1775448118008,key-30,93
1775448118008,key-18,2455
1775448118009,key-11,3007
1775448118009,key-18,2456
1775448118009,key-13,1934
1775448118010,key-12,265
1775448118010,key-32,3227
1775448118010,key-5,4642
1775448118010,key-49,4156
1775448118011,key-46,1336
1775448118011,key-13,1936
1775448118011,key-13,1936
1775448118011,key-32,3228
1775448118012,key-13,1937
1775448118012,key-19,801
1775448118014,key-13,1939
1775448118014,key-46,1339
1775448118015,key-19,804
1775448118015,key-46,1340
1775448118015,key-46,1340
1775448118016,key-13,1941
1775448118016,key-49,4162
1775448118016,key-19,805
1775448118017,key-13,1942
1775448118019,key-46,1344
1775448118019,key-49,4165
1775448118019,key-19,808
1775448118020,key-35,234
1775448118020,key-46,1345
1775448118020,key-48,1895
1775448118022,key-13,1947
1775448118023,key-11,3021
1775448118024,key-13,1949
1775448118024,key-26,844
1775448118024,key-13,1949
1775448118025,key-13,1950
1775448118025,key-47,3864
1775448118025,key-49,4171
1775448118025,key-49,4171
1775448118025,key-13,1950
1775448118026,key-13,1951
1775448118026,key-46,1351
1775448118026,key-13,1951
1775448118026,key-49,4172
1775448118027,key-49,4173
1775448118027,key-49,4173
1775448118028,key-49,4174
1775448118029,key-48,1904
1775448118030,key-26,850
1775448118031,key-47,3870
1775448118031,key-48,1906
1775448118032,key-13,1957
1775448118032,key-11,3030
1775448118032,key-12,287
1775448118033,key-47,3872
1775448118033,key-13,1958
1775448118034,key-13,1959
1775448118035,key-28,236
1775448118035,key-48,1910
1775448118036,key-38,851
1775448118036,key-49,4182
1775448118036,key-13,1961
1775448118037,key-49,4183
1775448118038,key-49,4184
1775448118038,key-13,1963
1775448118040,key-10,3440
1775448118040,key-27,5453
1775448118041,key-12,296
1775448118041,key-13,1966
1775448118041,key-49,4187
1775448118041,key-47,3880
1775448118041,key-49,4187
1775448118043,key-3,6525
1775448118043,key-28,244
1775448118045,key-49,4191
1775448118045,key-13,1970
1775448118045,key-49,4191
1775448118046,key-49,4192
1775448118047,key-39,893
1775448118047,key-49,4193
1775448118049,key-47,3888
1775448118049,key-48,1924
1775448118049,key-11,3047
1775448118050,key-27,5463
1775448118050,key-49,4196
1775448118050,key-20,291
1775448118050,key-47,3889
1775448118051,key-32,3268
1775448118051,key-1,4381
1775448118051,key-20,292
1775448118051,key-48,1926
1775448118051,key-28,252
1775448118051,key-28,252
1775448118051,key-47,3890
1775448118052,key-12,307
1775448118052,key-13,1977
1775448118052,key-49,4198
1775448118052,key-47,3891
1775448118054,key-49,4200
1775448118054,key-47,3893
1775448118055,key-47,3894
1775448118055,key-26,875
1775448118056,key-11,3054
1775448118057,key-47,3896
1775448118057,key-49,4203
1775448118057,key-13,1982
1775448118061,key-28,262
1775448118061,key-10,9
1775448118061,key-26,881
1775448118061,key-20,302
1775448118062,key-48,1937
1775448118062,key-37,550
1775448118062,key-26,882
1775448118063,key-28,264
1775448118064,key-10,12
1775448118064,key-49,4210
1775448118064,key-12,319
1775448118065,key-37,553
1775448118065,key-48,1940
1775448118065,key-21,5437
1775448118066,key-50,979
1775448118066,key-49,4212
1775448118067,key-26,887
1775448118068,key-16,1377
1775448118070,key-11,3068
1775448118070,key-35,284
1775448118070,key-37,558
1775448118071,key-48,1946
1775448118071,key-28,272
1775448118071,key-50,984
1775448118072,key-21,5444
1775448118072,key-37,560
1775448118073,key-21,5445
1775448118073,key-37,561
1775448118073,key-49,4219
1775448118074,key-12,329
1775448118075,key-50,988
1775448118075,key-28,276
1775448118075,key-49,4221
1775448118075,key-38,890
1775448118076,key-12,331
1775448118076,key-26,896
1775448118076,key-16,1385
1775448118077,key-12,332
1775448118078,key-38,893
1775448118078,key-17,457
1775448118081,key-21,5453
1775448118082,key-37,570
1775448118082,key-1,4412
1775448118082,key-12,337
1775448118083,key-32,3300
1775448118083,key-12,338
1775448118083,key-16,1392
1775448118083,key-26,903
1775448118083,key-16,1392
1775448118083,key-12,338
1775448118083,key-12,338
1775448118084,key-37,572
1775448118084,key-41,6562
1775448118086,key-12,341
1775448118086,key-41,6564
1775448118086,key-16,1395
1775448118087,key-4,258
1775448118087,key-12,342
1775448118088,key-12,343
1775448118088,key-26,908
1775448118089,key-12,344
1775448118089,key-12,344
1775448118089,key-1,4419
1775448118090,key-37,578
1775448118090,key-12,345
1775448118094,key-12,349
1775448118094,key-26,914
1775448118094,key-12,349
1775448118095,key-16,1404
1775448118095,key-12,350
1775448118095,key-12,350
1775448118095,key-12,350
1775448118097,key-12,352
1775448118097,key-12,352
1775448118097,key-16,1406
1775448118097,key-9,2425
1775448118097,key-12,352
1775448118098,key-26,918
1775448118098,key-12,353
1775448118099,key-12,354
1775448118099,key-12,354
1775448118100,key-20,341
1775448118100,key-9,2428
1775448118101,key-4,272
1775448118101,key-12,356
1775448118102,key-16,1411
1775448118102,key-12,357
1775448118102,key-46,1427
1775448118103,key-9,2431
1775448118103,key-6,2597
1775448118103,key-12,358
1775448118103,key-16,1412
1775448118104,key-30,189
1775448118104,key-9,2432
1775448118105,key-11,3103
1775448118108,key-26,928
1775448118108,key-26,928
1775448118108,key-42,1886
1775448118109,key-20,350
1775448118109,key-16,1418
1775448118109,key-50,1022
1775448118110,key-30,195
1775448118110,key-9,2438
1775448118111,key-26,931
1775448118111,key-49,4257
1775448118111,key-42,1889
1775448118112,key-37,600
1775448118113,key-16,1422
1775448118113,key-26,933
1775448118113,key-13,2038
1775448118114,key-16,1423
1775448118114,key-46,1439
1775448118114,key-26,934
1775448118115,key-42,1893
1775448118115,key-42,1893
1775448118117,key-26,937
1775448118117,key-37,605
1775448118117,key-26,937
1775448118118,key-26,938
1775448118118,key-29,543
1775448118118,key-49,4264
1775448118119,key-16,1428
1775448118119,key-30,204
1775448118122,key-26,942
1775448118122,key-16,1431
1775448118123,key-46,1448
1775448118123,key-26,943
1775448118123,key-17,502
1775448118123,key-29,548
1775448118124,key-26,944
1775448118124,key-28,325
1775448118124,key-34,2786
1775448118125,key-26,945
1775448118125,key-42,1903
1775448118126,key-29,551
1775448118126,key-46,1451
1775448118126,key-26,946
1775448118127,key-26,947
1775448118127,key-17,506
1775448118128,key-46,1453
1775448118128,key-16,1437
1775448118129,key-34,2791
1775448118130,key-34,2792
1775448118130,key-26,950
1775448118130,key-46,1455
1775448118131,key-26,951
1775448118131,key-26,951
1775448118132,key-27,5545
1775448118132,key-29,557
1775448118132,key-34,2794
1775448118133,key-29,558
1775448118133,key-26,953
1775448118134,key-42,1912
1775448118135,key-29,560
1775448118135,key-26,955
1775448118136,key-29,561
1775448118136,key-34,2798
1775448118138,key-29,563
1775448118138,key-26,958
1775448118138,key-42,1916
1775448118139,key-26,959
1775448118140,key-26,960
1775448118140,key-26,960
1775448118141,key-27,5554
1775448118142,key-5,4774
1775448118142,key-29,567
1775448118142,key-42,1920
1775448118142,key-27,5555
1775448118143,key-26,963
1775448118143,key-29,568
1775448118144,key-16,1453
1775448118144,key-26,964
1775448118144,key-26,964
1775448118145,key-29,570
1775448118145,key-1,4475
1775448118145,key-6,2639
1775448118145,key-26,965
1775448118145,key-42,1923
1775448118146,key-5,4778
1775448118147,key-47,3986
1775448118147,key-49,7
1775448118149,key-21,5521
1775448118149,key-6,2643
1775448118150,key-27,5563
1775448118150,key-49,10
1775448118151,key-6,2645
1775448118151,key-22,4036
1775448118152,key-40,1019
1775448118152,key-47,3991
1775448118153,key-3,6635
1775448118153,key-9,2481
1775448118154,key-49,14
1775448118154,key-29,579
1775448118155,key-6,2649
1775448118155,key-47,3994
1775448118157,key-6,2651
1775448118157,key-1,4487
1775448118157,key-3,6639
1775448118158,key-26,978
1775448118158,key-49,18
1775448118159,key-5,4791
1775448118160,key-47,3999
1775448118161,key-21,5533
1775448118161,key-16,1470
1775448118161,key-47,4000
1775448118161,key-47,4000
1775448118163,key-9,2491
1775448118163,key-47,4002
1775448118163,key-3,6645
1775448118164,key-19,953
1775448118164,key-47,4003
1775448118164,key-3,6646
1775448118165,key-4,336
1775448118165,key-37,653
1775448118166,key-9,2494
1775448118166,key-9,2494
1775448118166,key-5,4798
1775448118166,key-3,6648
1775448118167,key-32,3384
1775448118167,key-29,592
1775448118167,key-40,1034
1775448118167,key-22,4052
1775448118167,key-42,1945
1775448118168,key-6,2662
1775448118168,key-3,6650
1775448118168,key-16,1477
1775448118168,key-35,382
1775448118168,key-15,530
1775448118169,key-1,4499
1775448118170,key-17,549
1775448118170,key-42,1948
1775448118171,key-22,4056
1775448118172,key-39,1018
1775448118172,key-29,597
1775448118172,key-1,4502
1775448118173,key-23,744
1775448118174,key-3,6656
1775448118174,key-32,3391
1775448118175,key-23,746
1775448118176,key-13,2101
1775448118176,key-18,2623
1775448118176,key-4,347
1775448118177,key-3,6659
1775448118178,key-16,1487
1775448118178,key-35,392
1775448118178,key-16,1487
1775448118179,key-35,393
1775448118180,key-35,394
1775448118181,key-41,6659
1775448118182,key-39,1028
1775448118182,key-29,607
1775448118182,key-1,4512
1775448118182,key-3,6664
1775448118183,key-35,397
1775448118183,key-16,1492
1775448118184,key-23,755
1775448118184,key-35,398
1775448118184,key-39,1030
1775448118185,key-1,4515
1775448118185,key-16,1494
1775448118186,key-3,6668
1775448118186,key-13,2111
1775448118186,key-35,400
1775448118188,key-35,402
1775448118188,key-22,4073
1775448118214,key-13,2139
1775448118214,key-41,6692
1775448118214,key-5,4846
1775448118214,key-11,3212
1775448118214,key-35,428
1775448118215,key-35,429
1775448118217,key-35,431
1775448118218,key-16,1527
1775448118218,key-41,6696
1775448118218,key-23,789
1775448118218,key-16,1527
1775448118218,key-16,1527
1775448118218,key-16,1527
1775448118218,key-16,1527
1775448118219,key-23,790
1775448118219,key-35,433
1775448118222,key-35,436
1775448118222,key-29,647
1775448118222,key-35,436
1775448118222,key-28,423
1775448118222,key-3,6704
1775448118223,key-35,437
1775448118223,key-17,602
1775448118223,key-1,4553
1775448118223,key-16,1532
1775448118223,key-41,6701
1775448118223,key-9,2551
1775448118223,key-23,794
1775448118224,key-42,2002
1775448118224,key-3,6706
1775448118224,key-35,438
1775448118224,key-5,4856
1775448118224,key-6,2718
1775448118224,key-13,2149
1775448118224,key-3,6706
1775448118224,key-9,2552
1775448118225,key-35,439
1775448118226,key-39,1072
1775448118227,key-3,6709
1775448118227,key-41,6705
1775448118227,key-35,441
1775448118227,key-35,441
1775448118227,key-3,6709
1775448118227,key-35,441
1775448118228,key-16,1537
1775448118228,key-39,1074
1775448118228,key-13,2153
1775448118228,key-13,2153
1775448118228,key-3,6710
1775448118228,key-35,442
1775448118228,key-29,653
1775448118229,key-38,1044
1775448118229,key-35,443
1775448118229,key-35,443
1775448118230,key-39,1076
1775448118230,key-18,2677
1775448118230,key-35,444
1775448118230,key-46,1555
1775448118230,key-32,3447
1775448118230,key-10,178
1775448118230,key-35,444
1775448118230,key-35,444
1775448118231,key-3,6713
1775448118231,key-37,14
1775448118232,key-49,92
1775448118232,key-16,1541
1775448118232,key-41,6710
1775448118232,key-28,433
1775448118232,key-13,2157
1775448118232,key-2,2569
1775448118232,key-6,2726
1775448118233,key-35,447
1775448118233,key-35,447
1775448118234,key-19,1023
1775448118234,key-37,17
1775448118234,key-18,2681
1775448118235,key-5,4867
1775448118236,key-46,1561
1775448118237,key-28,438
1775448118238,key-35,452
1775448118238,key-16,1547
1775448118238,key-49,98
1775448118239,key-35,453
1775448118239,key-35,453
1775448118240,key-36,595
1775448118240,key-41,6718
1775448118241,key-46,1566
1775448118243,key-35,457
1775448118244,key-46,1569
1775448118245,key-37,28
1775448118248,key-3,6730
1775448118248,key-46,1573
1775448118249,key-13,2174
1775448118249,key-37,32
1775448118249,key-49,109
1775448118249,key-9,2577
1775448118250,key-18,2697
1775448118250,key-28,451
1775448118251,key-46,1576
1775448118251,key-36,606
1775448118251,key-18,2698
1775448118251,key-35,465
1775448118252,key-37,35
1775448118252,key-46,1577
1775448118253,key-37,36
1775448118253,key-49,113
1775448118253,key-49,113
1775448118253,key-36,608
1775448118254,key-36,609
1775448118255,key-16,1564
1775448118256,key-9,2584
1775448118257,key-9,2585
1775448118257,key-9,2585
1775448118257,key-49,117
1775448118258,key-37,41
1775448118259,key-46,1584
1775448118259,key-9,2587
1775448118260,key-18,2707
1775448118260,key-9,2588
1775448118261,key-22,4146
1775448118261,key-30,130
1775448118262,key-47,4101
1775448118263,key-18,2710
1775448118263,key-11,3261
1775448118263,key-37,46
1775448118263,key-1,4593
1775448118264,key-15,626
1775448118264,key-49,124
1775448118265,key-17,644
1775448118266,key-9,2594
1775448118266,key-9,2594
1775448118267,key-47,4106
1775448118268,key-9,2596
1775448118268,key-50,1181
1775448118269,key-37,52
1775448118269,key-49,129
1775448118269,key-48,2144
1775448118270,key-17,649
1775448118270,key-32,3487
1775448118270,key-6,2764
1775448118271,key-9,2599
1775448118272,key-9,2600
1775448118273,key-9,2601
1775448118273,key-37,56
1775448118273,key-9,2601
1775448118275,key-12,8
1775448118275,key-37,58
1775448118275,key-9,2603
1775448118277,key-37,60
1775448118277,key-6,2771
1775448118278,key-22,4163
1775448118278,key-9,2606
1775448118278,key-46,1603
1775448118278,key-6,2772
1775448118279,key-9,2607
1775448118280,key-12,13
1775448118282,key-9,2610
1775448118283,key-23,854
1775448118283,key-37,66
1775448118285,key-37,68
1775448118286,key-41,6764
1775448118286,key-37,69
1775448118286,key-20,527
1775448118287,key-9,2615
1775448118287,key-15,13
1775448118288,key-26,1108
1775448118290,key-46,1615
1775448118290,key-10,238
1775448118292,key-41,6770
1775448118292,key-10,240
1775448118294,key-18,2741
1775448118294,key-10,242
1775448118294,key-37,77
1775448118295,key-26,1115
1775448118295,key-6,2789
1775448118297,key-5,4929
1775448118299,key-5,4931
1775448118299,key-20,540
1775448118300,key-37,83
1775448118301,key-49,161
1775448118302,key-9,2630
1775448118302,key-6,2796
1775448118302,key-4,473
1775448118303,key-30,172
1775448118303,key-37,86
1775448118304,key-37,87
1775448118304,key-10,252
1775448118305,key-26,1125
1775448118306,key-10,254
1775448118306,key-20,547
1775448118306,key-10,254
1775448118306,key-41,6784
1775448118307,key-10,255
1775448118308,key-9,2636
1775448118308,key-5,4940
1775448118308,key-50,1221
1775448118308,key-6,2802
1775448118309,key-26,1129
1775448118309,key-4,480
1775448118309,key-7,4037
1775448118310,key-5,4942
1775448118310,key-5,4942
1775448118311,key-6,2805
1775448118311,key-37,94
1775448118312,key-19,1101
1775448118313,key-9,2641
1775448118313,key-42,2091
1775448118315,key-5,4947
1775448118316,key-5,4948
1775448118316,key-36,671
1775448118317,key-6,2811
1775448118318,key-4,489
1775448118318,key-49,178
1775448118319,key-10,267
1775448118319,key-17,698
1775448118319,key-47,4158
1775448118320,key-48,2195
1775448118320,key-34,2982
1775448118320,key-18,2767
1775448118321,key-5,4953
1775448118322,key-11,3320
1775448118322,key-50,1235
1775448118322,key-5,4954
1775448118322,key-5,4954
1775448118323,key-19,1112
1775448118324,key-6,2818
1775448118324,key-5,4956
1775448118324,key-46,1649
1775448118324,key-16,1633
1775448118326,key-5,4958
1775448118326,key-42,2104
1775448118326,key-17,705
1775448118327,key-17,706
1775448118327,key-5,4959
1775448118328,key-37,111
1775448118328,key-39,1174
1775448118328,key-34,2990
1775448118328,key-36,683
1775448118329,key-48,2204
1775448118330,key-34,2992
1775448118330,key-50,1243
1775448118331,key-35,545
1775448118333,key-41,6811
1775448118333,key-1,4663
1775448118334,key-16,1643
1775448118334,key-34,2996
1775448118334,key-42,2112
1775448118334,key-2,2671
1775448118334,key-17,713
1775448118335,key-39,1181
1775448118336,key-16,1645
1775448118336,key-6,2830
1775448118337,key-5,4969
1775448118337,key-6,2831
1775448118339,key-6,2833
1775448118339,key-23,910
1775448118339,key-38,1154
1775448118339,key-6,2833
1775448118339,key-1,4669
1775448118340,key-18,2787
1775448118340,key-34,3002
1775448118341,key-28,542
1775448118341,key-1,4671
1775448118341,key-42,2119
1775448118341,key-9,2669
1775448118341,key-17,720
1775448118343,key-15,69
1775448118344,key-16,1653
1775448118344,key-39,1190
1775448118344,key-18,2791
1775448118344,key-16,1653
1775448118344,key-17,723
1775448118345,key-30,214
1775448118345,key-16,1654
1775448118345,key-5,4977
1775448118346,key-40,1213
1775448118346,key-18,2793
1775448118346,key-6,2840
1775448118347,key-18,2794
1775448118347,key-6,2841
1775448118347,key-18,2794
1775448118347,key-5,4979
1775448118348,key-15,74
1775448118348,key-9,2676
1775448118348,key-6,2842
1775448118349,key-9,2677
1775448118350,key-15,76
1775448118350,key-39,1196
1775448118351,key-18,2798
1775448118351,key-15,77
1775448118352,key-18,2799
1775448118352,key-15,78
1775448118352,key-5,4984
1775448118354,key-5,4986
1775448118355,key-6,2849
1775448118355,key-30,224
1775448118355,key-6,2849
1775448118356,key-15,82
1775448118357,key-6,2851
1775448118357,key-9,2685
1775448118358,key-5,4990
1775448118358,key-3,6840
1775448118358,key-50,1271
1775448118358,key-49,218
1775448118359,key-5,4991
1775448118360,key-34,3022
1775448118360,key-38,1175
1775448118361,key-13,2286
1775448118361,key-18,2808
1775448118363,key-6,2857
1775448118363,key-5,4995
1775448118363,key-6,2857
1775448118363,key-20,604
1775448118363,key-15,89
1775448118364,key-6,2858
1775448118365,key-3,6846
1775448118365,key-6,2859
1775448118365,key-15,91
1775448118365,key-50,1278
1775448118368,key-5,5000
1775448118368,key-9,2696
1775448118368,key-18,2815
1775448118369,key-3,6851
1775448118370,key-38,1185
1775448118370,key-15,96
1775448118372,key-5,5004
1775448118372,key-15,98
1775448118372,key-46,1697
1775448118373,key-35,587
1775448118373,key-34,3035
1775448118373,key-3,6855
1775448118373,key-50,1286
1775448118373,key-28,574
1775448118374,key-18,2821
1775448118374,key-3,6856
1775448118374,key-32,3591
1775448118374,key-17,753
1775448118375,key-9,2703
1775448118376,key-5,5008
1775448118377,key-18,2824
1775448118377,key-18,2824
1775448118377,key-18,2824
1775448118378,key-50,1291
1775448118378,key-3,6860
1775448118379,key-9,2707
1775448118379,key-15,105
1775448118380,key-17,759
1775448118381,key-34,3043
1775448118381,key-46,1706
1775448118381,key-18,2828
1775448118382,key-3,6864
1775448118382,key-28,583
1775448118383,key-3,6865
1775448118383,key-17,762
1775448118384,key-3,6866
1775448118384,key-34,3046
1775448118386,key-50,1299
1775448118387,key-7,4115
1775448118388,key-15,114
1775448118388,key-46,1713
1775448118389,key-18,2836
1775448118389,key-46,1714
1775448118389,key-46,1714
1775448118390,key-50,1303
1775448118390,key-13,2315
1775448118391,key-18,2838
1775448118391,key-17,770
1775448118391,key-34,3053
1775448118392,key-46,1717
1775448118392,key-46,1717
1775448118392,key-32,7
1775448118393,key-50,1306
1775448118393,key-5,5025
1775448118394,key-18,2841
1775448118394,key-47,4233
1775448118396,key-16,1705
1775448118396,key-12,129
1775448118396,key-50,1309
1775448118397,key-46,1722
1775448118397,key-46,1722
1775448118397,key-16,1706
1775448118397,key-42,2175
1775448118398,key-16,1707
1775448118399,key-21,5771
1775448118400,key-46,1725
1775448118401,key-50,1314
1775448118402,key-9,2730
1775448118402,key-21,5774
1775448118402,key-50,1315
1775448118403,key-9,2731
1775448118403,key-16,1712
1775448118404,key-36,759
1775448118404,key-46,1729
1775448118404,key-28,605
1775448118404,key-50,1317
1775448118407,key-50,1320
1775448118408,key-20,649
1775448118408,key-9,2736
1775448118409,key-46,1734
1775448118410,key-21,5782
1775448118411,key-36,766
1775448118411,key-27,5824
1775448118412,key-21,5784
1775448118412,key-9,2740
1775448118412,key-40,1279
1775448118412,key-46,1737
1775448118413,key-26,1233
1775448118413,key-46,1738
1775448118413,key-46,1738
1775448118414,key-21,5786
1775448118415,key-21,5787
1775448118416,key-21,5788
1775448118417,key-9,2745
1775448118417,key-50,1330
1775448118418,key-17,797
1775448118418,key-49,278
1775448118418,key-9,2746
1775448118420,key-37,203
1775448118424,key-35,638
1775448118424,key-46,1749
1775448118425,key-50,1338
1775448118425,key-46,1750
1775448118425,key-46,1750
1775448118425,key-42,2203
1775448118425,key-26,1245
1775448118426,key-9,2754
1775448118426,key-21,5798
1775448118426,key-9,2754
1775448118427,key-21,5799
1775448118427,key-9,2755
1775448118427,key-40,1294
1775448118429,key-9,2757
1775448118429,key-49,289
1775448118429,key-36,784
1775448118429,key-21,5801
1775448118429,key-46,1754
1775448118431,key-2,2768
1775448118432,key-50,1345
1775448118433,key-40,1300
1775448118433,key-21,5805
1775448118434,key-22,4319
1775448118434,key-41,6912
1775448118434,key-46,1759
1775448118435,key-26,1255
1775448118435,key-21,5807
1775448118435,key-36,790
1775448118435,key-46,1760
1775448118435,key-46,1760
1775448118437,key-7,4165
1775448118438,key-46,1763
1775448118438,key-9,2766
1775448118439,key-50,1352
1775448118439,key-40,1306
1775448118440,key-46,1765
1775448118440,key-22,4325
1775448118440,key-22,4325
1775448118441,key-21,5813
1775448118442,key-36,797
1775448118442,key-22,4327
1775448118442,key-2,2779
1775448118443,key-50,1356
1775448118443,key-46,1768
1775448118443,key-42,2221
1775448118444,key-36,799
1775448118445,key-4,616
1775448118445,key-19,1234
1775448118446,key-29,871
1775448118446,key-49,306
1775448118447,key-30,316
1775448118447,key-21,5819
1775448118449,key-36,4
1775448118450,key-7,4178
1775448118450,key-36,5
1775448118450,key-34,3112
1775448118451,key-21,5823
1775448118452,key-46,1777
1775448118452,key-17,831
1775448118453,key-21,5825
1775448118454,key-6,2948
1775448118454,key-4,625
1775448118454,key-46,1779
1775448118456,key-20,697
1775448118457,key-30,326
1775448118457,key-49,317
1775448118457,key-34,3119
1775448118457,key-50,1370
1775448118459,key-10,407
1775448118460,key-34,3122
1775448118460,key-36,15
1775448118460,key-30,329
1775448118462,key-17,841
1775448118464,key-46,1789
1775448118465,key-50,1378
1775448118467,key-6,2961
1775448118467,key-30,336
1775448118467,key-50,1380
1775448118467,key-4,638
1775448118468,key-10,416
1775448118468,key-34,3130
1775448118468,key-26,1288
1775448118468,key-21,5840
1775448118468,key-6,2962
1775448118470,key-21,5842
1775448118470,key-10,418
1775448118470,key-34,3132
1775448118471,key-32,86
1775448118471,key-4,642
1775448118472,key-34,3134
1775448118472,key-30,341
1775448118472,key-20,713
1775448118472,key-30,341
1775448118474,key-6,2968
1775448118474,key-10,422
1775448118474,key-42,2252
1775448118475,key-30,344
1775448118476,key-30,345
1775448118476,key-50,1389
1775448118476,key-27,5889
1775448118476,key-46,1801
1775448118476,key-6,2970
1775448118477,key-10,425
1775448118477,key-32,92
1775448118477,key-30,346
1775448118477,key-22,4362
1775448118478,key-21,5850
1775448118478,key-6,2972
1775448118479,key-20,720
1775448118479,key-48,2354
1775448118479,key-10,427
1775448118479,key-7,4207
1775448118480,key-32,95
1775448118480,key-30,349
1775448118480,key-50,1393
1775448118482,key-7,4210
1775448118482,key-11,3480
1775448118482,key-30,351
1775448118483,key-7,4211
1775448118483,key-26,1303
1775448118483,key-21,5855
1775448118485,key-10,433
1775448118486,key-21,5858
1775448118486,key-32,101
1775448118486,key-20,727
1775448118486,key-6,2980
1775448118487,key-32,102
1775448118488,key-20,729
1775448118488,key-21,5860
1775448118489,key-20,730
1775448118491,key-25,68
1775448118493,key-6,2987
1775448118493,key-32,108
1775448118494,key-7,4222
1775448118494,key-5,5126
1775448118494,key-2,2831
1775448118495,key-47,4334
1775448118495,key-20,736
1775448118495,key-21,5867
1775448118495,key-21,5867
1775448118495,key-15,46
1775448118495,key-10,443
1775448118496,key-37,279
1775448118496,key-38,1311
1775448118496,key-32,111
1775448118496,key-20,737
1775448118496,key-6,2990
1775448118496,key-29,921
1775448118498,key-3,6980
1775448118498,key-21,5870
1775448118498,key-32,113
1775448118498,key-41,6976
1775448118498,key-20,739
1775448118499,key-38,1314
1775448118499,key-47,4338
1775448118499,key-49,359
1775448118500,key-18,2947
1775448118500,key-21,5872
1775448118500,key-1,4830
1775448118501,key-38,1316
1775448118502,key-29,927
1775448118505,key-20,746
1775448118505,key-29,930
1775448118506,key-37,289
1775448118506,key-6,3000
1775448118506,key-29,931
1775448118507,key-39,1353
1775448118508,key-20,749
1775448118508,key-36,63
1775448118508,key-9,2836
1775448118511,key-20,752
1775448118511,key-4,682
1775448118512,key-29,937
1775448118512,key-15,63
1775448118512,key-22,4397
1775448118514,key-1,4844
1775448118515,key-20,756
1775448118516,key-38,1331
1775448118517,key-36,72
1775448118518,key-29,943
1775448118519,key-6,3013
1775448118520,key-39,1366
1775448118521,key-4,692
1775448118521,key-2,2858
1775448118521,key-41,6999
1775448118521,key-4,692
1775448118522,key-27,5935
1775448118522,key-20,763
1775448118522,key-36,77
1775448118524,key-9,2852
1775448118524,key-39,1370
1775448118524,key-13,2449
1775448118525,key-34,3187
1775448118525,key-29,950
1775448118526,key-29,951
1775448118526,key-6,3020
1775448118526,key-6,3020
1775448118526,key-20,767
1775448118526,key-50,1439
1775448118526,key-4,697
1775448118526,key-38,1341
1775448118527,key-39,1373
1775448118528,key-34,3190
1775448118530,key-39,1376
1775448118531,key-36,86
1775448118531,key-6,3025
1775448118531,key-4,702
1775448118532,key-38,1347
1775448118533,key-29,958
1775448118533,key-6,3027
1775448118533,key-6,3027
1775448118535,key-13,2460
1775448118535,key-38,1350
1775448118535,key-36,90
1775448118536,key-38,1351
1775448118537,key-41,7015
1775448118537,key-39,1383
1775448118537,key-34,3199
1775448118538,key-38,1353
1775448118539,key-21,5911
1775448118539,key-22,4424
1775448118540,key-6,3034
1775448118540,key-6,3034
1775448118541,key-39,1387
1775448118545,key-4,716
1775448118545,key-2,2882
1775448118545,key-38,1360
1775448118546,key-11,3544
1775448118546,key-6,3040
1775448118546,key-38,1361
1775448118546,key-38,1361
1775448118546,key-13,2471
1775448118547,key-29,972
1775448118547,key-22,4432
1775448118547,key-36,102
1775448118547,key-29,972
1775448118549,key-38,1364
1775448118549,key-6,3043
1775448118549,key-13,2474
1775448118550,key-22,4435
1775448118550,key-2,2887
1775448118550,key-6,3044
1775448118550,key-39,1396
1775448118550,key-22,4435
1775448118551,key-6,3045
1775448118551,key-7,4279
1775448118551,key-4,722
1775448118551,key-48,2426
1775448118552,key-2,2889
1775448118553,key-14,5
1775448118553,key-6,3047
1775448118553,key-6,3047
1775448118554,key-3,7036
1775448118554,key-29,979
1775448118554,key-14,6
1775448118556,key-13,2481
1775448118557,key-2,2894
1775448118558,key-22,4443
1775448118558,key-22,4443
1775448118558,key-6,3052
1775448118559,key-14,11
1775448118559,key-14,11
1775448118561,key-14,13
1775448118562,key-7,4290
1775448118562,key-39,1408
1775448118563,key-37,346
1775448118563,key-14,15
1775448118564,key-14,16
1775448118564,key-39,1410
1775448118564,key-16,1873
1775448118564,key-14,16
1775448118565,key-48,2440
1775448118565,key-16,1874
1775448118566,key-39,1412
1775448118567,key-14,19
1775448118567,key-14,19
1775448118567,key-39,1413
1775448118568,key-16,1877
1775448118569,key-42,2347
1775448118570,key-14,22
1775448118570,key-14,22
1775448118571,key-39,1417
1775448118572,key-39,1418
1775448118572,key-16,1881
1775448118572,key-14,24
1775448118573,key-5,5205
1775448118574,key-39,1420
1775448118574,key-14,26
1775448118575,key-14,27
1775448118575,key-14,27
1775448118576,key-14,28
1775448118576,key-39,1422
1775448118576,key-34,3238
1775448118576,key-29,1001
1775448118579,key-39,1425
1775448118579,key-38,1394
1775448118579,key-39,1425
1775448118579,key-16,1888
1775448118579,key-39,1425
1775448118581,key-14,33
1775448118581,key-12,314
1775448118581,key-14,33
1775448118581,key-14,33
1775448118581,key-14,33
1775448118582,key-14,34
1775448118582,key-39,1428
1775448118582,key-42,2360
1775448118582,key-34,3244
1775448118583,key-2,2920
1775448118583,key-14,35
1775448118583,key-14,35
1775448118584,key-2,2921
1775448118584,key-49,444
1775448118584,key-39,1430
1775448118584,key-5,5216
1775448118585,key-20,826
1775448118585,key-39,1431
1775448118585,key-39,1431
1775448118586,key-14,38
1775448118586,key-39,1432
1775448118587,key-14,39
1775448118587,key-14,39
1775448118588,key-14,40
1775448118588,key-2,2925
1775448118588,key-20,829
1775448118589,key-39,1435
1775448118589,key-34,3251
1775448118590,key-2,2927
1775448118590,key-34,3252
1775448118590,key-39,1436
1775448118590,key-29,1015
1775448118591,key-42,2369
1775448118591,key-14,43
1775448118591,key-34,3253
1775448118592,key-14,44
1775448118593,key-19,1382
1775448118593,key-34,3255
1775448118593,key-14,45
1775448118593,key-27,6006
1775448118594,key-2,2931
1775448118594,key-14,46
1775448118596,key-27,6009
1775448118596,key-39,1442
1775448118597,key-38,1412
1775448118597,key-34,3259
1775448118598,key-20,839
1775448118598,key-13,2523
1775448118600,key-39,1446
1775448118600,key-19,1389
1775448118600,key-39,1446
1775448118600,key-34,3262
1775448118601,key-46,1926
1775448118601,key-14,53
1775448118602,key-14,54
1775448118602,key-14,54
1775448118602,key-14,54
1775448118602,key-14,54
1775448118603,key-14,55
1775448118603,key-34,3265
1775448118604,key-22,4489
1775448118605,key-36,160
1775448118606,key-39,1452
1775448118606,key-20,847
1775448118606,key-34,3268
1775448118607,key-39,1453
1775448118607,key-14,59
1775448118607,key-37,390
1775448118608,key-34,3270
1775448118609,key-39,1455
1775448118609,key-39,1455
1775448118609,key-34,3271
1775448118610,key-37,393
1775448118611,key-34,3273
1775448118611,key-20,852
1775448118611,key-23,5
1775448118612,key-48,2487
1775448118612,key-16,1921
1775448118612,key-39,1458
1775448118612,key-34,3274
1775448118612,key-34,3274
1775448118612,key-36,167
1775448118613,key-39,1459
1775448118615,key-39,1461
1775448118615,key-29,1040
1775448118616,key-14,68
1775448118616,key-39,1462
1775448118616,key-34,3278
1775448118617,key-34,3279
1775448118617,key-37,400
1775448118618,key-14,70
1775448118619,key-16,1928
1775448118620,key-14,72
1775448118621,key-16,1930
1775448118621,key-39,1467
1775448118622,key-2,2959
1775448118622,key-23,4
1775448118624,key-29,1049
1775448118624,key-23,6
1775448118624,key-34,3286
1775448118625,key-11,3623
1775448118627,key-17,1006
1775448118627,key-14,79
1775448118627,key-34,3289
1775448118627,key-23,9
1775448118629,key-50,1542
1775448118629,key-16,1938
1775448118629,key-34,3291
1775448118630,key-49,490
1775448118632,key-14,84
1775448118632,key-14,84
1775448118632,key-14,84
1775448118633,key-14,85
1775448118633,key-39,1479
1775448118633,key-4,41
1775448118634,key-2,2971
1775448118634,key-34,3296
1775448118634,key-47,4473
1775448118634,key-16,1943
1775448118634,key-29,1059
1775448118635,key-17,1014
1775448118635,key-11,3633
1775448118636,key-17,1015
1775448118636,key-17,1015
1775448118636,key-23,18
1775448118637,key-16,1946
1775448118638,key-14,90
1775448118638,key-29,1063
1775448118638,key-16,1947
1775448118639,key-16,1948
1775448118639,key-16,1948
1775448118639,key-17,1018
1775448118639,key-11,3637
1775448118639,key-34,3301
1775448118640,key-2,2977
1775448118640,key-39,1486
1775448118640,key-17,1019
1775448118641,key-7,4369
1775448118642,key-15,193
1775448118642,key-23,24
1775448118642,key-10,590
1775448118642,key-16,1951
1775448118642,key-17,1021
1775448118643,key-2,2980
1775448118643,key-17,1022
1775448118643,key-17,1022
1775448118643,key-17,1022
1775448118650,key-10,598
1775448118656,key-17,1035
1775448118656,key-2,2993
1775448118657,key-17,1036
1775448118657,key-17,1036
1775448118657,key-16,1966
1775448118658,key-34,3320
1775448118658,key-16,1967
1775448118658,key-17,1037
1775448118658,key-39,1504
1775448118659,key-16,1968
1775448118661,key-35,875
1775448118661,key-16,1970
1775448118661,key-23,43
1775448118661,key-34,3323
1775448118661,key-17,1040
1775448118662,key-10,610
1775448118662,key-11,3660
1775448118662,key-23,44
1775448118663,key-11,3661
1775448118663,key-23,45
1775448118663,key-10,611
1775448118663,key-25,240
1775448118664,key-17,1043
1775448118664,key-17,1043
1775448118665,key-28,866
1775448118666,key-49,526
1775448118666,key-2,3003
1775448118666,key-7,4394
1775448118666,key-2,3003
1775448118666,key-15,217
1775448118666,key-34,3328
1775448118668,key-16,1977
1775448118668,key-16,1977
1775448118668,key-42,2446
1775448118668,key-16,1977
1775448118668,key-23,50
1775448118669,key-17,1048
1775448118669,key-16,1978
1775448118669,key-7,4397
1775448118670,key-23,52
1775448118670,key-4,78
1775448118671,key-36,226
1775448118671,key-17,1050
1775448118672,key-23,54
1775448118673,key-34,3335
1775448118674,key-11,3672
1775448118674,key-11,3672
1775448118674,key-15,225
1775448118674,key-34,3336
1775448118676,key-25,253
1775448118676,key-23,58
1775448118676,key-42,2454
1775448118678,key-16,1987
1775448118678,key-34,3340
1775448118678,key-23,60
1775448118678,key-17,1057
1775448118679,key-17,1058
1775448118680,key-37,463
1775448118681,key-23,63
1775448118681,key-6,3175
1775448118681,key-34,3343
1775448118681,key-49,541
1775448118681,key-25,258
1775448118682,key-17,1061
1775448118682,key-25,259
1775448118682,key-16,1991
1775448118682,key-46,2007
1775448118683,key-37,466
1775448118683,key-42,2461
1775448118683,key-11,3681
1775448118683,key-23,65
1775448118683,key-49,543
1775448118684,key-17,1063
1775448118684,key-15,235
1775448118684,key-25,261
1775448118685,key-25,262
1775448118685,key-37,468
1775448118685,key-30,554
1775448118686,key-37,469
1775448118687,key-6,3181
1775448118687,key-37,470
1775448118687,key-34,3349
1775448118688,key-14,140
1775448118688,key-25,265
1775448118689,key-25,266
1775448118689,key-4,97
1775448118689,key-6,3183
1775448118689,key-49,549
1775448118693,key-37,476
1775448118693,key-37,476
1775448118694,key-49,554
1775448118695,key-23,77
1775448118696,key-49,556
1775448118696,key-50,1609
1775448118697,key-6,3191
1775448118697,key-15,248
1775448118698,key-48,2573
1775448118699,key-15,250
1775448118701,key-6,3195
1775448118702,key-49,562
1775448118702,key-40,1569
1775448118702,key-4,110
1775448118704,key-15,255
1775448118704,key-49,564
1775448118705,key-16,2014
1775448118705,key-50,1618
1775448118705,key-37,488
1775448118705,key-6,3199
1775448118705,key-15,256
1775448118706,key-14,158
1775448118706,key-35,920
1775448118706,key-15,257
1775448118706,key-14,158
1775448118707,key-49,567
1775448118707,key-9,3035
1775448118707,key-15,258
1775448118708,key-37,491
1775448118708,key-48,2583
1775448118708,key-4,116
1775448118709,key-49,569
1775448118709,key-15,260
1775448118709,key-49,569
1775448118710,key-15,261
1775448118711,key-30,580
1775448118711,key-27,72
1775448118712,key-49,572
1775448118712,key-5,5344
1775448118712,key-4,120
1775448118712,key-15,263
1775448118712,key-48,2587
1775448118713,key-30,582
1775448118713,key-14,165
1775448118714,key-9,3042
1775448118715,key-15,266
1775448118715,key-49,575
1775448118715,key-48,2590
1775448118716,key-15,267
1775448118717,key-15,268
1775448118718,key-9,3046
1775448118718,key-15,269
1775448118718,key-12,451
1775448118718,key-15,269
1775448118719,key-30,588
1775448118719,key-30,588
1775448118719,key-15,270
1775448118719,key-34,3381
1775448118720,key-5,5352
1775448118720,key-15,271
1775448118721,key-12,454
1775448118721,key-5,5353
1775448118721,key-15,272
1775448118722,key-15,273
1775448118725,key-15,276
1775448118725,key-30,594
1775448118725,key-30,594
1775448118725,key-2,3062
1775448118726,key-34,3388
1775448118726,key-30,595
1775448118727,key-30,596
1775448118727,key-15,278
1775448118727,key-34,3389
1775448118728,key-29,1153
1775448118728,key-9,3056
1775448118728,key-20,57
1775448118729,key-20,58
1775448118729,key-15,280
1775448118729,key-22,4614
1775448118731,key-2,3068
1775448118731,key-34,3393
1775448118731,key-14,183
1775448118732,key-11,3730
1775448118732,key-12,465
1775448118732,key-29,1157
1775448118733,key-9,3061
1775448118733,key-2,3070
1775448118733,key-2,3070
1775448118734,key-15,285
1775448118734,key-22,4619
1775448118734,key-30,603
1775448118734,key-30,603
1775448118734,key-2,3071
1775448118736,key-46,2061
1775448118736,key-15,287
1775448118737,key-15,288
1775448118737,key-22,4622
1775448118738,key-14,190
1775448118738,key-35,952
1775448118738,key-2,3075
1775448118739,key-29,1164
1775448118739,key-15,290
1775448118739,key-2,3076
1775448118740,key-15,291
1775448118740,key-12,473
1775448118740,key-22,4625
1775448118741,key-29,1166
1775448118741,key-14,193
1775448118741,key-15,292
1775448118742,key-22,4627
1775448118744,key-14,196
1775448118744,key-32,359
1775448118745,key-2,3082
1775448118745,key-30,614
1775448118745,key-11,3743
1775448118745,key-46,2070
1775448118746,key-35,960
1775448118746,key-14,198
1775448118746,key-22,4631
1775448118746,key-15,297
1775448118747,key-13,2672
1775448118748,key-46,2073
1775448118748,key-15,299
1775448118749,key-32,364
1775448118749,key-35,963
1775448118751,key-28,25
1775448118751,key-14,203
1775448118752,key-14,204
1775448118753,key-13,2678
1775448118753,key-2,3090
1775448118754,key-22,4639
1775448118754,key-13,2679
1775448118755,key-9,3083
1775448118755,key-15,306
1775448118756,key-21,6128
1775448118756,key-35,970
1775448118756,key-2,3093
1775448118758,key-35,972
1775448118758,key-14,210
1775448118759,key-28,33
1775448118761,key-9,3089
1775448118762,key-46,2087
1775448118762,key-13,2687
1775448118762,key-2,3099
1775448118762,key-14,214
1775448118762,key-22,4647
1775448118762,key-28,36
1775448118763,key-3,7245
1775448118763,key-15,314
1775448118763,key-35,977
1775448118763,key-13,2688
1775448118763,key-10,711
1775448118764,key-36,319
1775448118766,key-28,40
1775448118766,key-2,3103
1775448118766,key-25,343
1775448118767,key-19,1556
1775448118767,key-11,3765
1775448118767,key-9,3095
1775448118767,key-14,219
1775448118767,key-9,3095
1775448118767,key-37,550
1775448118768,key-28,42
1775448118768,key-21,6140
1775448118768,key-13,2693
1775448118769,key-15,320
1775448118770,key-4,178
1775448118770,key-9,3098
1775448118771,key-11,3769
1775448118771,key-13,2696
1775448118771,key-28,45
1775448118772,key-9,3100
1775448118772,key-9,3100
1775448118772,key-34,3434
1775448118773,key-13,2698
1775448118773,key-10,721
1775448118774,key-13,2699
1775448118774,key-37,557
1775448118774,key-37,557
1775448118776,key-37,559
1775448118777,key-10,725
1775448118778,key-11,3776
1775448118779,key-21,6151
1775448118779,key-9,3107
1775448118780,key-28,54
1775448118781,key-13,2706
1775448118781,key-37,564
1775448118782,key-38,116
1775448118782,key-13,2707
1775448118782,key-5,5414
1775448118782,key-36,337
1775448118783,key-9,3111
1775448118783,key-37,566
1775448118783,key-34,3445
1775448118784,key-11,3782
1775448118785,key-16,2094
1775448118785,key-30,654
1775448118785,key-38,119
1775448118785,key-26,1605
1775448118786,key-28,60
1775448118786,key-37,569
1775448118786,key-37,569
1775448118787,key-11,3785
1775448118788,key-28,62
1775448118788,key-38,122
1775448118789,key-17,1168
1775448118789,key-30,658
1775448118790,key-22,4675
1775448118791,key-37,574
1775448118792,key-42,2570
1775448118793,key-41,7271
1775448118793,key-2,3130
1775448118793,key-16,2102
1775448118794,key-16,2103
1775448118794,key-22,4679
1775448118795,key-26,1615
1775448118795,key-16,2104
1775448118796,key-37,579
1775448118796,key-11,3794
1775448118796,key-34,3458
1775448118796,key-2,3133
1775448118797,key-28,71
1775448118797,key-6,3291
1775448118798,key-41,7276
1775448118798,key-37,581
1775448118798,key-17,1177
1775448118799,key-16,2108
1775448118799,key-37,582
1775448118800,key-41,7278
1775448118800,key-41,7278
1775448118800,key-28,74
1775448118801,key-40,1668
1775448118801,key-6,3295
1775448118801,key-41,7279
1775448118802,key-19,1591
1775448118804,key-37,587
1775448118804,key-41,7282
1775448118805,key-41,7283
1775448118805,key-37,588
1775448118806,key-16,2115
1775448118806,key-30,675
1775448118807,key-41,7285
1775448118807,key-19,1596
1775448118808,key-34,3470
1775448118808,key-28,82
1775448118809,key-41,7287
1775448118811,key-3,7293
1775448118812,key-16,2121
1775448118812,key-19,1601
1775448118812,key-41,7290
1775448118813,key-41,7291
1775448118813,key-5,5445
1775448118813,key-41,7291
1775448118814,key-41,7292
1775448118814,key-34,3476
1775448118814,key-41,7292
1775448118814,key-22,4699
1775448118815,key-41,7293
1775448118815,key-6,3309
1775448118816,key-16,2125
1775448118816,key-30,685
1775448118816,key-41,7294
1775448118817,key-40,1684
1775448118817,key-41,7295
1775448118817,key-16,2126
1775448118818,key-19,1607
1775448118818,key-42,2596
1775448118819,key-37,602
1775448118820,key-5,5452
1775448118820,key-41,7298
1775448118820,key-40,1687
1775448118820,key-50,1733
1775448118821,key-30,690
1775448118821,key-19,1610
1775448118821,key-3,7303
1775448118822,key-41,7300
1775448118822,key-41,7300
1775448118822,key-40,1689
1775448118822,key-34,3484
1775448118823,key-22,4708
1775448118823,key-32,438
1775448118823,key-6,3317
1775448118824,key-12,557
1775448118825,key-13,2750
1775448118825,key-27,186
1775448118826,key-3,7308
1775448118826,key-25,403
1775448118826,key-7,4554
1775448118827,key-22,4712
1775448118828,key-41,7306
1775448118828,key-41,7306
1775448118829,key-17,1208
1775448118830,key-41,7308
1775448118830,key-41,7308
1775448118830,key-35,1044
1775448118831,key-27,192
1775448118831,key-21,6203
1775448118831,key-9,3159
1775448118831,key-32,446
1775448118832,key-22,4717
1775448118833,key-13,2758
1775448118833,key-12,566
1775448118833,key-21,6205
1775448118834,key-7,4562
1775448118835,key-22,4720
1775448118835,key-41,7313
1775448118837,key-12,570
1775448118838,key-7,4566
1775448118838,key-32,453
1775448118839,key-22,4724
1775448118839,key-21,6211
1775448118840,key-41,7318
1775448118842,key-41,7320
1775448118843,key-41,7321
1775448118843,key-32,458
1775448118844,key-22,4729
1775448118844,key-40,1711
1775448118845,key-38,179
1775448118845,key-7,4573
1775448118846,key-7,4574
1775448118846,key-41,7324
1775448118846,key-21,6218
1775448118847,key-22,4732
1775448118847,key-22,4732
1775448118849,key-12,582
1775448118849,key-4,257
1775448118849,key-13,2774
1775448118850,key-32,465
1775448118851,key-40,1718
1775448118851,key-13,2776
1775448118851,key-38,185
1775448118852,key-7,4580
1775448118853,key-22,4738
1775448118854,key-21,6226
1775448118854,key-41,7332
1775448118854,key-5,5486
1775448118854,key-7,4582
1775448118855,key-20,184
1775448118856,key-28,130
1775448118856,key-22,4741
1775448118856,key-39,1702
1775448118856,key-10,804
1775448118856,key-4,264
1775448118857,key-19,1646
1775448118857,key-23,239
1775448118858,key-35,1072
1775448118858,key-41,7336
1775448118858,key-21,6230
1775448118859,key-23,241
1775448118860,key-5,5492
1775448118861,key-19,1650
1775448118861,key-4,269
1775448118862,key-28,7
1775448118862,key-20,191
1775448118863,key-22,4748
1775448118863,key-7,4591
1775448118864,key-26,1684
1775448118864,key-16,2173
1775448118864,key-5,5496
1775448118864,key-28,9
1775448118866,key-28,11
1775448118866,key-34,3528
1775448118866,key-28,11
1775448118867,key-41,7345
1775448118868,key-23,250
1775448118870,key-19,1659
1775448118870,key-19,1659
1775448118870,key-28,15
1775448118870,key-41,7348
1775448118870,key-48,2745
1775448118871,key-28,16
1775448118871,key-41,7349
1775448118872,key-28,17
1775448118872,key-39,1718
1775448118873,key-36,428
1775448118873,key-28,18
1775448118873,key-12,606
1775448118873,key-41,7351
1775448118874,key-22,4759
1775448118875,key-28,20
1775448118876,key-36,431
1775448118876,key-28,21
1775448118876,key-30,745
1775448118876,key-41,7354
1775448118877,key-28,22
1775448118877,key-28,22
1775448118878,key-29,1303
1775448118879,key-19,1668
1775448118879,key-25,456
1775448118880,key-39,1726
1775448118880,key-12,613
1775448118881,key-41,7359
1775448118882,key-30,751
1775448118883,key-36,438
1775448118883,key-18,3330
1775448118884,key-38,218
1775448118884,key-22,4769
1775448118884,key-28,29
1775448118885,key-28,30
1775448118885,key-12,618
1775448118885,key-28,30
1775448118885,key-19,1674
1775448118886,key-19,1675
1775448118886,key-28,31
1775448118886,key-36,441
1775448118887,key-10,835
1775448118887,key-28,32
1775448118887,key-25,464
1775448118889,key-28,34
1775448118889,key-30,758
1775448118889,key-36,444
1775448118890,key-9,3218
1775448118891,key-28,36
1775448118892,key-28,37
1775448118892,key-28,37
1775448118892,key-19,1681
1775448118893,key-17,1272
1775448118893,key-38,227
1775448118894,key-26,1714
1775448118894,key-36,449
1775448118894,key-22,4779
1775448118895,key-21,6267
1775448118895,key-28,40
1775448118896,key-12,629
1775448118896,key-12,629
1775448118896,key-9,3224
1775448118896,key-30,765
1775448118896,key-19,1685
1775448118897,key-3,7379
1775448118897,key-28,42
1775448118897,key-36,452
1775448118897,key-14,349
1775448118897,key-28,42
1775448118898,key-19,1687
1775448118898,key-19,1687
1775448118899,key-34,3561
1775448118899,key-10,847
1775448118900,key-38,234
1775448118900,key-28,45
1775448118900,key-36,455
1775448118902,key-38,236
1775448118902,key-28,47
1775448118903,key-12,636
1775448118903,key-9,3231
1775448118903,key-5,5535
1775448118908,key-38,242
1775448118908,key-36,463
1775448118909,key-39,12
1775448118909,key-19,1698
1775448118910,key-22,4795
1775448118910,key-39,13
1775448118910,key-30,779
1775448118910,key-12,643
1775448118912,key-12,645
1775448118912,key-5,5544
1775448118912,key-28,57
1775448118912,key-38,246
1775448118913,key-38,247
1775448118913,key-10,861
1775448118913,key-36,468
1775448118914,key-34,3576
1775448118914,key-36,469
1775448118914,key-9,3242
1775448118915,key-19,1704
1775448118916,key-22,4801
1775448118916,key-32,531
1775448118916,key-38,250
1775448118916,key-10,864
1775448118916,key-36,471
1775448118917,key-38,251
1775448118918,key-22,4803
1775448118918,key-19,1707
1775448118918,key-36,473
1775448118919,key-12,652
1775448118920,key-34,3582
1775448118921,key-10,868
1775448118921,key-38,255
1775448118921,key-36,476
1775448118922,key-20,251
1775448118923,key-10,871
1775448118923,key-34,3585
1775448118924,key-19,1713
1775448118925,key-38,259
1775448118925,key-10,873
1775448118925,key-10,873
1775448118927,key-19,1716
1775448118928,key-11,3926
1775448118930,key-20,259
1775448118931,key-10,879
1775448118931,key-41,7409
1775448118931,key-23,313
1775448118932,key-19,1721
1775448118932,key-19,1721
1775448118932,key-16,2241
1775448118933,key-36,488
1775448118933,key-11,3931
1775448118933,key-10,881
1775448118934,key-20,263
1775448118934,key-11,3932
1775448118935,key-10,883
1775448118936,key-19,1725
1775448118936,key-11,3934
1775448118936,key-21,6308
1775448118937,key-38,271
1775448118937,key-21,6309
1775448118937,key-41,7415
1775448118938,key-34,3600
1775448118938,key-10,886
1775448118938,key-16,2247
1775448118939,key-41,7417
1775448118939,key-10,887
1775448118939,key-11,3937
1775448118940,key-11,3938
1775448118940,key-20,269
1775448118941,key-30,810
1775448118942,key-10,890
1775448118942,key-34,3604
1775448118943,key-36,498
1775448118943,key-19,1732
1775448118945,key-38,279
1775448118945,key-41,7423
1775448118945,key-34,3607
1775448118945,key-38,279
1775448118945,key-27,306
1775448118946,key-10,894
1775448118946,key-27,307
1775448118946,key-30,815
1775448118946,key-41,7424
1775448118946,key-49,806
1775448118948,key-30,817
1775448118948,key-10,896
1775448118949,key-47,4788
1775448118949,key-38,283
1775448118949,key-42,2727
1775448118950,key-10,898
1775448118950,key-36,505
1775448118951,key-9,3279
1775448118951,key-10,899
1775448118952,key-27,313
1775448118952,key-38,286
1775448118952,key-30,821
1775448118953,key-41,7431
1775448118953,key-10,901
1775448118954,key-23,336
1775448118955,key-10,903
1775448118955,key-30,824
1775448118958,key-30,827
1775448118958,key-10,906
1775448118958,key-30,827
1775448118958,key-42,2736
1775448118961,key-23,343
1775448118961,key-10,909
1775448118961,key-11,3959
1775448118962,key-48,2837
1775448118962,key-30,831
1775448118963,key-42,2741
1775448118964,key-30,833
1775448118964,key-30,833
1775448118964,key-23,346
1775448118965,key-9,3293
1775448118965,key-22,4850
1775448118966,key-23,348
1775448118966,key-23,348
1775448118966,key-15,517
1775448118967,key-10,915
1775448118968,key-10,916
1775448118968,key-27,329
1775448118969,key-23,351
1775448118969,key-23,351
1775448118970,key-10,918
1775448118970,key-23,352
1775448118970,key-23,352
1775448118971,key-30,840
1775448118971,key-10,919
1775448118971,key-30,840
1775448118971,key-21,6343
1775448118971,key-23,353
1775448118972,key-30,841
1775448118972,key-15,523
1775448118973,key-23,355
1775448118973,key-9,8
1775448118973,key-23,355
1775448118973,key-30,842
1775448118975,key-21,6347
1775448118976,key-41,7454
1775448118976,key-28,121
1775448118977,key-23,359
1775448118977,key-15,528
1775448118978,key-2,3315
1775448118978,key-30,847
1775448118978,key-23,360
1775448118978,key-41,7456
1775448118979,key-21,6351
1775448118979,key-15,530
1775448118979,key-21,6351
1775448118980,key-28,125
1775448118980,key-20,309
1775448118982,key-46,2307
1775448118982,key-21,6354
1775448118983,key-2,3320
1775448118983,key-28,128
1775448118984,key-40,1851
1775448118985,key-30,854
1775448118985,key-30,854
1775448118985,key-46,2310
1775448118985,key-2,3322
1775448118986,key-41,7464
1775448118986,key-40,1853
1775448118986,key-28,131
1775448118986,key-28,131
1775448118986,key-28,131
1775448118987,key-30,856
1775448118987,key-21,6359
1775448118989,key-28,134
1775448118990,key-30,859
1775448118991,key-30,860
1775448118991,key-2,3328
1775448118993,key-2,3330
1775448118994,key-46,2319
1775448118994,key-41,7472
1775448118995,key-40,1862
1775448118995,key-28,140
1775448118996,key-28,141
1775448118996,key-40,1863
1775448118996,key-11,3994
1775448118996,key-30,865
1775448118996,key-25,573
1775448118996,key-2,3333
1775448118997,key-27,358
1775448118998,key-3,7480
1775448118998,key-42,2776
1775448118998,key-30,867
1775448118999,key-39,102
1775448119000,key-11,3998
1775448119000,key-14,452
1775448119000,key-21,6372
1775448119000,key-12,733
1775448119001,key-2,3338
1775448119001,key-30,870
1775448119001,key-11,3999
1775448119002,key-25,579
1775448119002,key-25,579
1775448119002,key-19,1791
1775448119003,key-16,2312
1775448119004,key-37,787
1775448119004,key-27,365
1775448119005,key-12,738
1775448119005,key-4,413
1775448119005,key-30,874
1775448119005,key-27,366
1775448119007,key-4,415
1775448119007,key-30,876
1775448119007,key-4,415
1775448119008,key-30,877
1775448119009,key-12,742
1775448119010,key-30,879
1775448119010,key-27,371
1775448119011,key-21,6383
1775448119011,key-27,372
1775448119011,key-40,1878
1775448119011,key-4,419
1775448119012,key-21,6384
1775448119012,key-2,3349
1775448119012,key-17,1391
1775448119013,key-22,4898
1775448119013,key-12,746
1775448119014,key-4,422
1775448119014,key-30,883
1775448119014,key-27,375
1775448119015,key-30,884
1775448119015,key-12,748
1775448119016,key-48,2891
1775448119016,key-21,6388
1775448119017,key-30,886
1775448119017,key-21,6389
1775448119017,key-27,378
1775448119018,key-30,887
1775448119018,key-2,3355
1775448119019,key-12,752
1775448119019,key-30,888
1775448119020,key-21,6392
1775448119021,key-2,3358
1775448119021,key-27,382
1775448119022,key-19,1811
1775448119023,key-36,578
1775448119024,key-30,893
1775448119024,key-35,1238
1775448119027,key-39,130
1775448119027,key-12,760
1775448119029,key-28,174
1775448119029,key-30,898
1775448119030,key-30,899
1775448119030,key-14,482
1775448119030,key-30,899
1775448119031,key-48,2906
1775448119031,key-27,392
1775448119031,key-36,586
1775448119032,key-21,6404
1775448119032,key-30,901
1775448119032,key-21,6404
1775448119032,key-27,393
1775448119033,key-30,902
1775448119035,key-30,904
1775448119036,key-5,5668
1775448119037,key-16,2346
1775448119037,key-35,1251
1775448119037,key-14,489
1775448119038,key-21,6410
1775448119039,key-30,908
1775448119039,key-48,2914
1775448119039,key-27,400
1775448119040,key-35,1254
1775448119041,key-30,910
1775448119041,key-21,6413
1775448119041,key-18,3488
1775448119041,key-16,2350
1775448119043,key-29,1468
1775448119043,key-48,2918
1775448119043,key-49,903
1775448119043,key-35,1257
1775448119044,key-30,913
1775448119045,key-15,596
1775448119045,key-30,914
1775448119046,key-38,380
1775448119046,key-3,7528
1775448119046,key-6,3540
1775448119047,key-27,408
1775448119048,key-27,409
1775448119048,key-19,1837
1775448119048,key-48,2923
1775448119049,key-35,1263
1775448119050,key-11,4048
1775448119050,key-21,6422
1775448119050,key-26,1870
1775448119050,key-50,1963
1775448119051,key-18,3498
1775448119051,key-48,2926
1775448119051,key-16,2360
1775448119052,key-15,603
1775448119052,key-16,2361
1775448119052,key-19,1841
1775448119052,key-7,4780
1775448119053,key-21,6425
1775448119054,key-11,4052
1775448119055,key-27,416
1775448119055,key-30,924
1775448119056,key-25,633
1775448119056,key-3,7538
1775448119056,key-18,3503
1775448119056,key-6,3550
1775448119057,key-27,418
1775448119057,key-22,4942
1775448119057,key-50,1970
1775448119057,key-9,92
1775448119058,key-16,2367
1775448119058,key-18,3505
1775448119059,key-21,6431
1775448119059,key-39,162
1775448119060,key-16,2369
1775448119062,key-27,423
1775448119062,key-18,3509
1775448119063,key-25,640
1775448119063,key-46,2388
1775448119063,key-27,424
1775448119064,key-27,425
1775448119064,key-27,425
1775448119065,key-16,2374
1775448119066,key-22,4951
1775448119066,key-21,6438
1775448119067,key-27,428
1775448119068,key-46,2393
1775448119069,key-18,3516
1775448119069,key-39,172
1775448119069,key-18,3516
1775448119071,key-18,3518
1775448119071,key-28,216
1775448119072,key-18,3519
1775448119072,key-4,480
1775448119072,key-27,433
1775448119073,key-10,1021
1775448119074,key-4,482
1775448119074,key-18,3521
1775448119076,key-27,437
1775448119077,key-27,438
1775448119077,key-28,222
1775448119078,key-5,5710
1775448119078,key-10,1026
1775448119079,key-10,1027
1775448119079,key-17,1458
1775448119080,key-10,1028
1775448119081,key-32,696
1775448119081,key-46,2406
1775448119082,key-18,3529
1775448119082,key-21,6454
1775448119083,key-10,1031
1775448119083,key-18,3530
1775448119085,key-28,230
1775448119085,key-32,700
1775448119086,key-36,641
1775448119086,key-17,1465
1775448119086,key-28,231
1775448119086,key-17,1465
1775448119086,key-10,1034
1775448119088,key-27,449
1775448119088,key-10,1036
1775448119088,key-28,233
1775448119088,key-27,449
1775448119088,key-40,1955
1775448119089,key-10,1037
1775448119089,key-21,6461
1775448119090,key-46,2415
1775448119090,key-10,1038
1775448119091,key-10,1039
1775448119091,key-30,11
1775448119092,key-28,237
1775448119093,key-28,238
1775448119093,key-46,2418
1775448119094,key-7,4822
1775448119094,key-36,649
1775448119095,key-40,1962
1775448119095,key-10,1043
1775448119096,key-27,457
1775448119096,key-9,131
1775448119096,key-36,651
1775448119097,key-19,1886
1775448119097,key-28,242
1775448119097,key-40,1964
1775448119097,key-30,17
1775448119098,key-46,2423
1775448119098,key-27,459
1775448119098,key-16,2407
1775448119099,key-27,460
1775448119099,key-30,19
1775448119099,key-10,1047
1775448119099,key-27,460
1775448119100,key-40,1967
1775448119100,key-28,245
1775448119101,key-50,2014
1775448119101,key-30,21
1775448119101,key-16,2410
1775448119102,key-27,463
1775448119102,key-30,22
1775448119102,key-19,1891
1775448119103,key-19,1892
1775448119103,key-30,23
1775448119105,key-3,7587
1775448119106,key-10,1054
1775448119106,key-19,1895
1775448119106,key-27,467
1775448119107,key-30,27
1775448119107,key-5,5739
1775448119107,key-19,1896
1775448119107,key-19,1896
1775448119108,key-30,28
1775448119108,key-29,1533
1775448119108,key-7,4836
1775448119108,key-27,469
1775448119109,key-16,2418
1775448119110,key-30,30
1775448119112,key-19,1901
1775448119112,key-38,446
1775448119113,key-19,1902
1775448119114,key-30,34
1775448119114,key-19,1903
1775448119114,key-16,2423
1775448119115,key-10,1063
1775448119115,key-4,523
1775448119115,key-38,449
1775448119116,key-27,477
1775448119117,key-7,4845
1775448119117,key-30,37
1775448119117,key-16,2426
1775448119118,key-19,1907
1775448119119,key-7,4847
1775448119119,key-29,1544
1775448119120,key-19,1909
1775448119120,key-50,2033
1775448119122,key-16,2431
1775448119122,key-7,4850
1775448119122,key-20,451
1775448119123,key-27,484
1775448119123,key-10,1071
1775448119123,key-19,1912
1775448119123,key-4,531
1775448119124,key-19,1913
1775448119124,key-30,44
1775448119125,key-38,459
1775448119127,key-19,1916
1775448119128,key-16,2437
1775448119128,key-29,1553
1775448119129,key-38,463
1775448119129,key-10,1077
1775448119129,key-27,490
1775448119130,key-30,50
1775448119130,key-20,459
1775448119130,key-2,3467
1775448119131,key-38,465
1775448119132,key-7,4860
1775448119132,key-29,1557
1775448119133,key-4,541
1775448119133,key-36,688
1775448119134,key-16,2443
1775448119134,key-16,2443
1775448119135,key-30,55
1775448119135,key-23,517
1775448119136,key-27,497
1775448119136,key-29,1561
1775448119136,key-29,1561
1775448119137,key-29,1562
1775448119137,key-20,466
1775448119137,key-29,1562
1775448119138,key-34,3800
1775448119139,key-30,59
1775448119139,key-30,59
1775448119140,key-42,2918
1775448119141,key-23,523
1775448119141,key-30,61
1775448119142,key-49,1002
1775448119142,key-36,697
1775448119142,key-29,1567
1775448119142,key-30,62
1775448119143,key-27,504
1775448119143,key-45,4
1775448119143,key-4,551
1775448119143,key-29,1568
1775448119143,key-45,4
1775448119144,key-32,759
1775448119144,key-29,1569
1775448119144,key-27,505
1775448119145,key-36,700
1775448119146,key-42,2924
1775448119146,key-27,507
1775448119147,key-23,529
1775448119147,key-42,2925
1775448119147,key-30,67
1775448119148,key-29,1573
1775448119148,key-27,509
1775448119149,key-46,2474
1775448119149,key-29,1574
1775448119149,key-30,69
1775448119150,key-45,11
1775448119150,key-29,1575
1775448119150,key-36,705
1775448119151,key-32,766
1775448119152,key-29,1577
1775448119152,key-27,513
1775448119153,key-34,3815
1775448119153,key-46,2478
1775448119154,key-29,1579
1775448119154,key-30,74
1775448119155,key-34,3817
1775448119156,key-38,490
1775448119156,key-34,3818
1775448119157,key-29,1582
1775448119157,key-49,1017
1775448119157,key-40,2024
1775448119157,key-32,772
1775448119161,key-38,495
1775448119161,key-27,522
1775448119162,key-38,496
1775448119162,key-38,496
1775448119162,key-29,1587
1775448119162,key-45,23
1775448119162,key-47,5001
1775448119162,key-4,570
1775448119163,key-29,1588
1775448119163,key-29,1588
1775448119163,key-30,83
1775448119163,key-49,1023
1775448119164,key-40,2031
1775448119165,key-38,499
1775448119165,key-40,2032
1775448119165,key-49,1025
1775448119165,key-38,499
1775448119165,key-47,5004
1775448119165,key-45,26
1775448119166,key-46,2491
1775448119166,key-29,1591
1775448119166,key-45,27
1775448119167,key-18,3614
1775448119167,key-29,1592
1775448119167,key-4,575
1775448119169,key-23,551
1775448119169,key-38,503
1775448119169,key-4,577
1775448119174,key-46,2499
1775448119174,key-50,2087
1775448119174,key-49,1034
1775448119175,key-9,210
1775448119175,key-45,36
1775448119175,key-47,5014
1775448119175,key-48,3050
1775448119175,key-50,2088
1775448119175,key-29,1600
1775448119177,key-38,511
1775448119180,key-35,1394
1775448119180,key-46,2505
1775448119180,key-49,1040
1775448119180,key-18,3627
1775448119181,key-47,5020
1775448119181,key-29,1606
1775448119181,key-46,2506
1775448119181,key-29,1606
1775448119181,key-49,1041
1775448119181,key-46,2506
1775448119182,key-4,590
1775448119182,key-50,2095
1775448119182,key-29,1607
1775448119182,key-14,634
1775448119183,key-38,517
1775448119184,key-4,592
1775448119184,key-38,518
1775448119185,key-45,46
1775448119185,key-38,519
1775448119185,key-18,3632
1775448119185,key-29,1610
1775448119186,key-29,1611
1775448119186,key-42,2964
1775448119187,key-46,2512
1775448119187,key-49,1047
1775448119188,key-46,2513
1775448119189,key-29,1614
1775448119189,key-4,597
1775448119190,key-23,572
1775448119190,key-4,598
1775448119191,key-14,643
1775448119191,key-14,643
1775448119191,key-38,7
1775448119192,key-36,747
1775448119192,key-29,1617
1775448119192,key-38,8
1775448119194,key-7,4922
1775448119194,key-21,6566
1775448119195,key-15,746
1775448119195,key-27,556
1775448119196,key-14,648
1775448119197,key-36,752
1775448119197,key-29,1622
1775448119197,key-14,649
1775448119198,key-10,1146
1775448119198,key-38,14
1775448119203,key-15,754
1775448119203,key-3,7685
1775448119203,key-49,1063
1775448119204,key-15,755
1775448119204,key-10,1152
1775448119204,key-14,656
1775448119204,key-15,755
1775448119205,key-29,1630
1775448119205,key-29,1630
1775448119205,key-14,657
1775448119205,key-15,756
1775448119206,key-49,1066
1775448119206,key-15,757
1775448119206,key-29,1631
1775448119207,key-14,659
1775448119208,key-37,991
1775448119209,key-15,760
1775448119209,key-15,760
1775448119209,key-50,2122
1775448119210,key-49,1070
1775448119210,key-50,2123
1775448119211,key-29,1636
1775448119212,key-49,1072
1775448119213,key-29,1638
1775448119213,key-15,764
1775448119215,key-37,998
1775448119215,key-47,5054
1775448119216,key-14,668
1775448119217,key-42,2995
1775448119217,key-37,1000
1775448119218,key-37,1001
1775448119219,key-15,770
1775448119219,key-50,2132
1775448119219,key-49,1079
1775448119219,key-42,2997
1775448119219,key-14,671
1775448119219,key-15,770
1775448119220,key-14,672
1775448119220,key-14,672
1775448119221,key-29,1646
1775448119221,key-49,1081
1775448119224,key-48,3099
1775448119224,key-15,775
1775448119224,key-14,676
1775448119224,key-49,1084
1775448119224,key-37,1007
1775448119224,key-15,775
1775448119225,key-40,2092
1775448119225,key-42,3003
1775448119226,key-28,371
1775448119226,key-42,3004
1775448119226,key-49,1086
1775448119226,key-47,5065
1775448119227,key-37,1010
1775448119227,key-15,778
1775448119229,key-37,1012
1775448119229,key-48,3104
1775448119229,key-4,637
1775448119230,key-42,3008
1775448119230,key-42,3008
1775448119230,key-14,682
1775448119231,key-11,4229
1775448119231,key-38,47
1775448119231,key-15,782
1775448119232,key-15,783
1775448119232,key-14,684
1775448119232,key-15,783
1775448119233,key-14,685
1775448119233,key-15,784
1775448119233,key-4,641
1775448119233,key-37,1016
1775448119234,key-11,4232
1775448119234,key-15,785
1775448119234,key-14,686
1775448119234,key-48,3109
1775448119234,key-38,50
1775448119235,key-21,6607
1775448119235,key-22,5120
1775448119235,key-12,968
1775448119235,key-11,4233
1775448119236,key-15,787
1775448119239,key-21,6611
1775448119239,key-14,691
1775448119240,key-14,692
1775448119240,key-15,791
1775448119241,key-37,1024
1775448119243,key-36,798
1775448119243,key-26,2063
1775448119243,key-37,1026
1775448119244,key-21,6616
1775448119244,key-21,6616
1775448119245,key-4,653
1775448119245,key-38,61
1775448119245,key-22,5130
1775448119245,key-26,2065
1775448119246,key-37,1029
1775448119246,key-21,6618
1775448119247,key-15,798
1775448119248,key-22,5133
1775448119248,key-1,5578
1775448119248,key-21,6620
1775448119249,key-37,1032
1775448119249,key-36,804
1775448119249,key-37,1032
1775448119250,key-14,702
1775448119251,key-1,5581
1775448119251,key-21,6623
1775448119252,key-3,4
1775448119252,key-22,5137
1775448119252,key-21,6624
1775448119253,key-21,6625
1775448119253,key-5,60
1775448119253,key-21,6625
1775448119253,key-26,2073
1775448119254,key-1,5584
1775448119254,key-4,662
1775448119254,key-2,3591
1775448119255,key-5,62
1775448119255,key-37,1038
1775448119255,key-21,6627
1775448119256,key-26,2076
1775448119256,key-36,811
1775448119257,key-21,6629
1775448119257,key-37,1040
1775448119259,key-26,2079
1775448119259,key-9,294
1775448119259,key-14,711
1775448119260,key-4,668
1775448119265,key-7,4993
1775448119266,key-21,6638
1775448119266,key-40,2133
1775448119266,key-1,5596
1775448119266,key-22,5151
1775448119266,key-9,301
1775448119266,key-37,1049
1775448119267,key-37,1050
1775448119268,key-21,6640
1775448119269,key-1,5599
1775448119269,key-12,1002
1775448119270,key-13,3195
1775448119270,key-4,678
1775448119271,key-37,1054
1775448119271,key-14,723
1775448119272,key-21,6644
1775448119272,key-4,680
1775448119272,key-13,3197
1775448119273,key-21,6645
1775448119274,key-37,1057
1775448119274,key-4,682
1775448119275,key-46,2600
1775448119275,key-14,727
1775448119275,key-12,1008
1775448119276,key-22,5161
1775448119276,key-36,831
1775448119276,key-21,6648
1775448119277,key-41,7755
1775448119277,key-37,1060
1775448119277,key-42,3055
1775448119278,key-4,686
1775448119278,key-12,1011
1775448119278,key-4,686
1775448119279,key-28,424
1775448119279,key-4,687
1775448119279,key-13,3204
1775448119281,key-12,1014
1775448119282,key-37,1065
1775448119282,key-28,427
1775448119283,key-21,6655
1775448119284,key-27,645
1775448119284,key-12,1017
1775448119284,key-28,429
1775448119284,key-36,839
1775448119284,key-4,692
1775448119284,key-22,5169
1775448119285,key-4,693
1775448119285,key-3,37
1775448119286,key-14,738
1775448119286,key-4,694
1775448119286,key-12,1019
1775448119287,key-38,103
1775448119287,key-5,94
1775448119287,key-4,695
1775448119287,key-22,5172
1775448119287,key-3,39
1775448119289,key-12,1022
1775448119290,key-28,435
1775448119290,key-36,845
1775448119290,key-22,5175
1775448119291,key-3,43
1775448119292,key-25,869
1775448119292,key-14,744
1775448119295,key-22,5180
1775448119296,key-28,441
1775448119296,key-4,704
1775448119296,key-14,748
1775448119296,key-22,5181
1775448119296,key-36,851
1775448119296,key-4,704
1775448119296,key-3,48
1775448119297,key-12,1030
1775448119298,key-1,5628
1775448119300,key-22,5185
1775448119300,key-2,3637
1775448119301,key-14,753
1775448119302,key-26,2122
1775448119302,key-3,54
1775448119302,key-22,5187
1775448119302,key-22,5187
1775448119303,key-19,2092
1775448119303,key-50,2216
1775448119303,key-14,755
1775448119303,key-17,1682
1775448119304,key-14,756
1775448119304,key-22,5189
1775448119304,key-36,859
1775448119305,key-35,1519
1775448119307,key-22,5192
1775448119307,key-2,3644
1775448119308,key-19,2097
1775448119309,key-32,924
1775448119310,key-26,2130
1775448119310,key-6,3804
1775448119310,key-4,718
1775448119310,key-14,762
1775448119311,key-14,763
1775448119312,key-36,867
1775448119312,key-1,5642
1775448119312,key-24,24
1775448119313,key-20,642
1775448119313,key-14,765
1775448119313,key-50,2226
1775448119313,key-2,3650
1775448119314,key-22,5199
1775448119314,key-14,766
1775448119314,key-50,2227
1775448119315,key-17,1694
1775448119315,key-9,350
1775448119316,key-36,871
1775448119317,key-41,7795
1775448119318,key-20,647
1775448119318,key-1,5648
1775448119318,key-16,2627
1775448119319,key-27,680
1775448119319,key-19,2108
1775448119319,key-20,648
1775448119319,key-36,874
1775448119320,key-19,2109
1775448119320,key-32,935
1775448119321,key-42,3099
1775448119321,key-36,876
1775448119321,key-40,2188
1775448119323,key-47,5162
1775448119323,key-20,652
1775448119324,key-20,653
1775448119324,key-30,244
1775448119324,key-17,1703
1775448119324,key-9,359
1775448119324,key-41,7802
1775448119325,key-2,3662
1775448119325,key-36,880
1775448119325,key-20,654
1775448119326,key-47,5165
1775448119326,key-27,687
1775448119327,key-23,709
1775448119327,key-40,2194
1775448119327,key-42,3105
1775448119327,key-20,656
1775448119329,key-20,658
1775448119329,key-42,3107
1775448119330,key-19,2119
1775448119330,key-32,945
1775448119330,key-2,3667
1775448119331,key-40,2198
1775448119335,key-42,3113
1775448119335,key-27,696
1775448119336,key-20,665
1775448119338,key-14,790
1775448119338,key-42,3116
1775448119338,key-41,7816
1775448119339,key-20,668
1775448119339,key-42,3117
1775448119340,key-47,5179
1775448119340,key-39,443
1775448119340,key-2,3677
1775448119341,key-45,202
1775448119341,key-20,670
1775448119341,key-28,486
1775448119342,key-48,3217
1775448119342,key-19,2131
1775448119342,key-9,377
1775448119343,key-27,704
1775448119343,key-20,672
1775448119343,key-48,3218
1775448119343,key-34,4005
1775448119344,key-47,5183
1775448119345,key-38,161
1775448119345,key-19,2134
1775448119346,key-48,3221
1775448119346,key-39,449
1775448119346,key-27,707
1775448119347,key-20,676
1775448119348,key-47,5187
1775448119349,key-42,3127
1775448119350,key-2,3687
1775448119350,key-20,679
1775448119350,key-27,711
1775448119350,key-34,4012
1775448119351,key-41,7829
1775448119352,key-48,3227
1775448119352,key-39,455
1775448119353,key-28,498
1775448119353,key-38,169
1775448119353,key-34,4015
1775448119354,key-19,2143
1775448119354,key-20,683
1775448119354,key-47,5193
1775448119355,key-35,1569
1775448119355,key-19,2144
1775448119356,key-39,459
1775448119357,key-39,460
1775448119358,key-37,1141
1775448119358,key-38,174
1775448119358,key-41,7836
1775448119358,key-38,174
1775448119359,key-47,5198
1775448119359,key-2,3696
1775448119359,key-41,7837
1775448119364,key-27,725
1775448119369,key-47,5208
1775448119369,key-14,821
1775448119370,key-47,5209
1775448119370,key-19,2159
1775448119370,key-28,515
1775448119371,key-38,187
1775448119371,key-41,7849
1775448119371,key-48,3246
1775448119372,key-21,6744
1775448119374,key-41,7852
1775448119374,key-39,477
1775448119375,key-38,191
1775448119375,key-37,1158
1775448119375,key-5,182
1775448119375,key-39,478
1775448119375,key-2,3712
1775448119375,key-27,736
1775448119375,key-24,87
1775448119376,key-3,128
1775448119377,key-41,7855
1775448119377,key-27,738
1775448119377,key-11,4375
1775448119378,key-27,739
1775448119378,key-2,3715
1775448119378,key-38,194
1775448119378,key-38,194
1775448119379,key-16,2688
1775448119379,key-39,482
1775448119380,key-39,483
1775448119380,key-28,525
1775448119380,key-37,1163
1775448119381,key-39,484
1775448119381,key-3,133
1775448119381,key-37,1164
1775448119382,key-3,134
1775448119382,key-47,5221
1775448119383,key-19,2172
1775448119383,key-5,190
1775448119383,key-3,135
1775448119385,key-36,940
1775448119385,key-37,1168
1775448119385,key-3,137
1775448119386,key-3,138
1775448119386,key-37,1169
1775448119386,key-38,202
1775448119388,key-13,3313
1775448119388,key-38,204
1775448119388,key-3,140
1775448119389,key-21,6761
1775448119389,key-37,1172
1775448119389,key-3,141
1775448119390,key-37,1173
1775448119390,key-38,206
1775448119390,key-42,3168
1775448119390,key-3,142
1775448119391,key-3,143
1775448119392,key-47,5231
1775448119393,key-5,200
1775448119393,key-3,145
1775448119394,key-38,210
1775448119394,key-38,210
1775448119395,key-37,1178
1775448119395,key-21,6767
1775448119396,key-3,148
1775448119396,key-9,431
1775448119397,key-47,5236
1775448119397,key-12,1130
1775448119397,key-12,1130
1775448119398,key-37,1181
1775448119398,key-3,150
1775448119399,key-35,1613
1775448119399,key-5,206
1775448119400,key-38,216
1775448119400,key-5,207
1775448119401,key-9,436
1775448119402,key-12,1135
1775448119404,key-5,211
1775448119404,key-37,1187
1775448119404,key-6,3898
1775448119405,key-18,3852
1775448119405,key-12,1138
1775448119406,key-38,222
1775448119406,key-37,1189
1775448119406,key-5,213
1775448119406,key-21,6778
1775448119407,key-9,442
1775448119407,key-18,3854
1775448119407,key-12,1140
1775448119408,key-37,1191
1775448119411,key-37,1194
1775448119411,key-9,446
1775448119412,key-21,6784
1775448119413,key-5,220
1775448119414,key-24,126
1775448119414,key-12,1147
1775448119414,key-48,3289
1775448119415,key-12,1148
1775448119415,key-5,222
1775448119415,key-32,1030
1775448119417,key-9,452
1775448119417,key-9,452
1775448119417,key-5,224
1775448119418,key-50,2331
1775448119418,key-37,1201
1775448119418,key-24,130
1775448119419,key-39,522
1775448119419,key-37,1202
1775448119419,key-37,1202
1775448119420,key-18,3867
1775448119420,key-17,1799
1775448119420,key-5,227
1775448119420,key-12,1153
1775448119422,key-15,973
1775448119422,key-50,2335
1775448119423,key-3,175
1775448119423,key-12,1156
1775448119423,key-30,343
1775448119423,key-24,135
1775448119425,key-37,1208
1775448119425,key-24,137
1775448119427,key-18,3874
1775448119427,key-38,243
1775448119428,key-34,4090
1775448119428,key-39,531
1775448119428,key-30,348
1775448119428,key-37,1211
1775448119428,key-39,531
1775448119428,key-24,140
1775448119428,key-45,289
1775448119429,key-3,181
1775448119429,key-37,1212
1775448119429,key-37,1212
1775448119430,key-37,1213
1775448119430,key-24,142
1775448119430,key-50,2343
1775448119431,key-30,351
1775448119431,key-47,5270
1775448119433,key-37,1216
1775448119444,key-16,2753
1775448119445,key-39,548
1775448119448,key-25,1025
1775448119451,key-4,859
1775448119451,key-38,267
1775448119453,key-22,5338
1775448119453,key-38,269
1775448119453,key-47,5292
1775448119454,key-30,374
1775448119454,key-18,3901
1775448119454,key-37,1237
1775448119454,key-47,5293
1775448119454,key-39,557
1775448119455,key-47,5294
1775448119455,key-24,167
1775448119455,key-30,375
1775448119455,key-7,5183
1775448119455,key-16,2764
1775448119455,key-24,167
1775448119456,key-34,4118
1775448119456,key-39,559
1775448119456,key-39,559
1775448119456,key-1,5786
1775448119456,key-25,1033
1775448119456,key-50,2369
1775448119457,key-7,5185
1775448119457,key-3,209
1775448119457,key-4,865
1775448119457,key-16,2766
1775448119457,key-30,377
1775448119457,key-24,169
1775448119457,key-7,5185
1775448119457,key-50,2370
1775448119458,key-45,319
1775448119458,key-4,866
1775448119458,key-28,603
1775448119458,key-38,274
1775448119458,key-34,4120
1775448119458,key-34,4120
1775448119458,key-3,210
1775448119458,key-39,561
1775448119459,key-36,1014
1775448119459,key-39,562
1775448119461,key-38,277
1775448119461,key-38,277
1775448119461,key-46,2786
1775448119462,key-16,2771
1775448119463,key-17,1842
1775448119463,key-7,5191
1775448119463,key-45,324
1775448119464,key-34,4126
1775448119464,key-13,3389
1775448119464,key-39,567
1775448119465,key-47,5304
1775448119465,key-34,4127
1775448119465,key-28,610
1775448119465,key-38,281
1775448119465,key-36,1020
1775448119465,key-13,3390
1775448119468,key-26,2288
1775448119469,key-19,2258
1775448119469,key-3,221
1775448119470,key-45,331
1775448119470,key-5,277
1775448119471,key-7,5199
1775448119471,key-12,1204
1775448119471,key-15,1022
1775448119472,key-5,279
1775448119473,key-45,334
1775448119474,key-37,1257
1775448119474,key-34,4136
1775448119474,key-26,2294
1775448119474,key-12,1207
1775448119475,key-38,291
1775448119475,key-47,5314
1775448119476,key-45,337
1775448119477,key-15,1028
1775448119478,key-18,3925
1775448119479,key-13,3404
1775448119479,key-5,286
1775448119479,key-5,286
1775448119480,key-45,341
1775448119482,key-7,5210
1775448119483,key-5,290
1775448119483,key-47,5322
1775448119484,key-45,345
1775448119485,key-34,4147
1775448119485,key-34,4147
1775448119487,key-45,348
1775448119487,key-5,294
1775448119487,key-45,348
1775448119487,key-9,522
1775448119489,key-18,3936
1775448119490,key-13,3415
1775448119490,key-45,351
1775448119490,key-4,898
1775448119491,key-5,298
1775448119492,key-34,4154
1775448119492,key-4,900
1775448119492,key-4,900
1775448119492,key-18,3939
1775448119492,key-7,5220
1775448119493,key-39,596
1775448119493,key-22,5378
1775448119493,key-5,300
1775448119495,key-34,4157
1775448119495,key-45,356
1775448119496,key-45,357
1775448119498,key-34,4160
1775448119498,key-5,305
1775448119498,key-45,359
1775448119498,key-45,359
1775448119499,key-34,4161
1775448119499,key-39,602
1775448119500,key-45,361
1775448119500,key-45,361
1775448119500,key-4,908
1775448119500,key-5,307
1775448119501,key-5,308
1775448119501,key-35,1715
1775448119501,key-4,909
1775448119501,key-13,3426
1775448119502,key-9,537
1775448119503,key-28,648
1775448119503,key-45,364
1775448119503,key-3,255
1775448119504,key-34,4166
1775448119504,key-5,311
1775448119504,key-45,365
1775448119505,key-45,366
1775448119505,key-13,3430
1775448119505,key-3,257
1775448119507,key-19,2296
1775448119507,key-5,314
1775448119508,key-25,1085
1775448119508,key-4,916
1775448119508,key-13,3433
1775448119509,key-5,316
1775448119509,key-45,370
1775448119509,key-27,870
1775448119510,key-5,317
1775448119510,key-3,262
1775448119510,key-42,3288
1775448119511,key-45,372
1775448119511,key-18,3958
1775448119511,key-4,919
1775448119511,key-45,372
1775448119511,key-45,372
1775448119515,key-13,3440
1775448119515,key-45,376
1775448119515,key-45,376
1775448119516,key-5,323
1775448119516,key-45,377
1775448119516,key-5,323
1775448119517,key-18,3964
1775448119517,key-47,5356
1775448119517,key-4,925
1775448119517,key-32,1132
1775448119518,key-4,926
1775448119518,key-45,379
1775448119518,key-18,3965
1775448119518,key-18,3965
1775448119518,key-32,1133
1775448119519,key-45,380
1775448119519,key-9,554
1775448119520,key-29,1945
1775448119521,key-32,1136
1775448119522,key-25,1099
1775448119522,key-45,383
1775448119522,key-4,930
1775448119523,key-32,1138
1775448119524,key-29,1949
1775448119524,key-5,331
1775448119526,key-47,5365
1775448119526,key-1,5856
1775448119526,key-15,1077
1775448119530,key-32,1145
1775448119531,key-9,566
1775448119531,key-25,1108
1775448119533,key-32,1148
1775448119534,key-32,1149
1775448119534,key-41,8012
1775448119534,key-25,1111
1775448119534,key-5,341
1775448119535,key-9,570
1775448119535,key-32,1150
1775448119536,key-25,1113
1775448119536,key-29,1961
1775448119536,key-4,944
1775448119536,key-32,1151
1775448119537,key-29,1962
1775448119537,key-32,1152
1775448119538,key-32,1153
1775448119538,key-32,1153
1775448119538,key-32,1153
1775448119538,key-9,573
1775448119539,key-32,1154
1775448119539,key-32,1154
1775448119543,key-32,1158
1775448119544,key-5,351
1775448119545,key-32,1160
1775448119545,key-3,297
1775448119545,key-32,1160
1775448119546,key-25,1123
1775448119546,key-32,1161
1775448119547,key-32,1162
1775448119547,key-48,3422
1775448119548,key-25,1125
1775448119549,key-25,1126
1775448119549,key-32,1164
1775448119550,key-5,357
1775448119551,key-32,1166
1775448119551,key-32,1166
1775448119551,key-9,586
1775448119552,key-32,1167
1775448119552,key-50,2465
1775448119553,key-50,2466
1775448119553,key-32,1168
1775448119553,key-32,1168
1775448119559,key-32,1174
1775448119559,key-32,1174
1775448119560,key-50,2473
1775448119561,key-32,1176
1775448119561,key-32,1176
1775448119561,key-25,1138
1775448119561,key-5,368
1775448119561,key-32,1176
1775448119562,key-42,3340
1775448119562,key-9,597
1775448119562,key-13,3487
1775448119562,key-32,1177
1775448119562,key-28,707
1775448119562,key-32,1177
1775448119562,key-25,1139
1775448119563,key-32,1178
1775448119563,key-5,370
1775448119563,key-25,1140
1775448119563,key-25,1140
1775448119563,key-32,1178
1775448119565,key-29,1990
1775448119567,key-38,383
1775448119567,key-32,1182
1775448119567,key-32,1182
1775448119567,key-32,1182
1775448119568,key-36,1123
1775448119568,key-9,603
1775448119568,key-27,929
1775448119569,key-50,2482
1775448119569,key-26,2389
1775448119569,key-18,4016
1775448119569,key-32,1184
1775448119569,key-28,714
1775448119569,key-25,1146
1775448119569,key-1,5899
1775448119570,key-3,322
1775448119570,key-32,1185
1775448119571,key-13,3496
1775448119571,key-32,1186
1775448119571,key-17,1950
1775448119572,key-11,4570
1775448119572,key-28,717
1775448119573,key-32,1188
1775448119573,key-32,1188
1775448119579,key-1,5909
1775448119592,key-12,1325
1775448119595,key-36,1150
1775448119595,key-26,2415
1775448119596,key-13,3521
1775448119596,key-22,5481
1775448119596,key-45,457
1775448119596,key-2,3933
1775448119596,key-28,741
1775448119596,key-32,1211
1775448119598,key-25,1175
1775448119598,key-1,5928
1775448119598,key-15,1149
1775448119600,key-50,2513
1775448119600,key-32,1215
1775448119600,key-15,1151
1775448119600,key-27,961
1775448119601,key-18,4048
1775448119601,key-27,962
1775448119603,key-1,5933
1775448119603,key-27,964
1775448119603,key-27,964
1775448119603,key-15,1154
1775448119603,key-7,5331
1775448119604,key-32,1219
1775448119606,key-4,1014
1775448119607,key-27,968
1775448119607,key-28,752
1775448119607,key-17,1986
1775448119607,key-22,5492
1775448119607,key-3,359
1775448119608,key-3,360
1775448119608,key-22,5493
1775448119608,key-12,1341
1775448119608,key-1,5938
1775448119608,key-39,711
1775448119608,key-23,990
1775448119608,key-32,1223
1775448119610,key-26,2430
1775448119611,key-32,1226
1775448119611,key-35,1825
1775448119611,key-2,3948
1775448119613,key-22,5498
1775448119614,key-25,1191
1775448119614,key-18,4061
1775448119614,key-18,4061
1775448119614,key-1,5944
1775448119617,key-32,1232
1775448119617,key-18,4064
1775448119617,key-32,1232
1775448119618,key-38,434
1775448119618,key-1,5948
1775448119619,key-14,1071
1775448119619,key-27,980
1775448119619,key-12,1352
1775448119619,key-37,1402
1775448119620,key-28,765
1775448119620,key-11,4618
1775448119621,key-27,982
1775448119621,key-12,1354
1775448119621,key-35,1835
1775448119622,key-3,374
1775448119622,key-26,2442
1775448119622,key-28,767
1775448119622,key-39,725
1775448119622,key-41,8100
1775448119622,key-22,5507
1775448119623,key-32,1238
1775448119623,key-22,5508
1775448119624,key-1,5954
1775448119624,key-45,5
1775448119625,key-37,1408
1775448119626,key-1,5956
1775448119626,key-1,5956
1775448119626,key-35,1840
1775448119627,key-32,1242
1775448119627,key-15,1178
1775448119627,key-23,1009
1775448119627,key-18,4074
1775448119627,key-3,379
1775448119628,key-22,5513
1775448119629,key-45,10
1775448119630,key-35,1844
1775448119630,key-48,3505
1775448119631,key-29,2056
1775448119632,key-35,1846
1775448119635,key-1,5965
1775448119636,key-22,5521
1775448119636,key-15,1187
1775448119636,key-29,2061
1775448119636,key-28,781
1775448119638,key-1,5968
1775448119639,key-18,4086
1775448119640,key-45,21
1775448119641,key-35,1855
1775448119641,key-35,1855
1775448119641,key-22,5526
1775448119642,key-50,2555
1775448119642,key-23,1024
1775448119642,key-35,1856
1775448119642,key-48,3517
1775448119643,key-1,5973
1775448119643,key-15,1194
1775448119643,key-29,2068
1775448119644,key-22,5529
1775448119644,key-18,4091
1775448119644,key-15,1195
1775448119645,key-2,3982
1775448119645,key-28,790
1775448119645,key-42,3423
1775448119646,key-1,5976
1775448119646,key-45,27
1775448119646,key-45,27
1775448119647,key-15,1198
1775448119647,key-2,3984
1775448119648,key-21,7020
1775448119648,key-28,793
1775448119648,key-47,4
1775448119649,key-1,5979
1775448119649,key-19,2438
1775448119651,key-15,1202
1775448119651,key-42,3429
1775448119651,key-42,3429
1775448119651,key-15,1202
1775448119652,key-28,797
1775448119653,key-21,7025
1775448119653,key-18,4100
1775448119654,key-21,7026
1775448119655,key-15,1206
1775448119655,key-47,11
1775448119656,key-1,5986
1775448119656,key-45,37
1775448119656,key-2,3993
1775448119656,key-15,1207
1775448119657,key-42,3435
1775448119657,key-15,1208
1775448119658,key-1,5988
1775448119658,key-45,39
1775448119660,key-2,3997
1775448119661,key-23,1043
1775448119661,key-15,1212
1775448119662,key-42,3440
1775448119662,key-42,3440
1775448119662,key-14,1114
1775448119663,key-15,1214
1775448119663,key-20,8
1775448119665,key-21,7037
1775448119665,key-1,5995
1775448119666,key-2,4003
1775448119666,key-1,5996
1775448119666,key-2,4003
1775448119667,key-29,2092
1775448119667,key-15,1218
1775448119668,key-22,5553
1775448119669,key-42,3447
1775448119669,key-15,1220
1775448119669,key-14,1121
1775448119669,key-1,5999
1775448119669,key-1,5999
1775448119669,key-23,1051
1775448119670,key-2,4007
1775448119671,key-2,4008
1775448119672,key-16,2981
1775448119672,key-14,1124
1775448119673,key-2,4010
1775448119673,key-29,2098
1775448119674,key-14,1126
1775448119675,key-1,6005
1775448119675,key-2,4012
1775448119676,key-15,1227
1775448119676,key-2,4013
1775448119676,key-36,1231
1775448119677,key-6,4171
1775448119677,key-46,3002
1775448119677,key-29,2102
1775448119677,key-42,3455
1775448119678,key-2,4015
1775448119679,key-1,6009
1775448119679,key-2,4016
1775448119680,key-2,4017
1775448119680,key-2,4017
1775448119681,key-16,2990
1775448119681,key-2,4018
1775448119681,key-9,716
1775448119681,key-42,3459
1775448119682,key-14,1134
1775448119683,key-29,2108
1775448119683,key-40,2550
1775448119683,key-38,499
1775448119683,key-1,6013
1775448119683,key-1,6013
1775448119684,key-23,1066
1775448119685,key-1,6015
1775448119686,key-6,4180
1775448119687,key-38,503
1775448119688,key-42,3466
1775448119689,key-42,3467
1775448119690,key-2,4027
1775448119691,key-42,3469
1775448119691,key-34,4353
1775448119691,key-2,4028
1775448119691,key-1,6021
1775448119692,key-14,1144
1775448119692,key-6,4186
1775448119692,key-47,48
1775448119693,key-37,1476
1775448119693,key-14,1145
1775448119694,key-48,3569
1775448119694,key-6,4188
1775448119695,key-10,1643
1775448119695,key-47,51
1775448119695,key-38,511
1775448119696,key-23,1078
1775448119696,key-2,4033
1775448119696,key-34,4358
1775448119697,key-16,3006
1775448119697,key-5,504
1775448119698,key-15,1249
1775448119699,key-2,4036
1775448119699,key-2,4036
1775448119699,key-11,4697
1775448119699,key-14,1151
1775448119700,key-14,1152
1775448119700,key-36,1255
1775448119700,key-34,4362
1775448119702,key-5,509
1775448119702,key-16,3011
1775448119702,key-2,4039
1775448119703,key-6,4197
1775448119703,key-20,48
1775448119704,key-10,1652
1775448119704,key-19,2493
1775448119707,key-23,1089
1775448119707,key-21,7079
1775448119707,key-14,1159
1775448119708,key-11,4706
1775448119709,key-41,8187
1775448119710,key-15,1261
1775448119710,key-14,1162
1775448119710,key-47,66
1775448119710,key-29,2135
1775448119711,key-2,4048
1775448119711,key-34,4373
1775448119711,key-14,1163
1775448119711,key-19,2500
1775448119711,key-21,7083
1775448119712,key-20,57
1775448119712,key-15,1263
1775448119712,key-42,3490
1775448119712,key-9,747
1775448119712,key-23,1094
1775448119713,key-24,200
1775448119714,key-21,7086
1775448119714,key-3,466
1775448119714,key-2,4051
1775448119714,key-2,4051
1775448119714,key-45,95
1775448119715,key-21,7087
1775448119715,key-42,3493
1775448119716,key-24,203
1775448119716,key-21,7088
1775448119717,key-21,7089
1775448119719,key-21,7091
1775448119719,key-21,7091
1775448119719,key-16,3028
1775448119719,key-20,64
1775448119720,key-12,1453
1775448119720,key-15,1271
1775448119720,key-50,2633
1775448119721,key-42,3499
1775448119722,key-32,1337
1775448119723,key-17,2102
1775448119723,key-16,3032
1775448119725,key-17,2104
1775448119726,key-21,7098
1775448119726,key-21,7098
1775448119727,key-42,3505
1775448119728,key-50,2641
1775448119728,key-12,1461
1775448119728,key-21,7100
1775448119729,key-17,2108
1775448119729,key-32,1344
1775448119729,key-50,2642
1775448119730,key-16,3039
1775448119730,key-24,217
1775448119730,key-21,7102
1775448119731,key-20,76
1775448119731,key-45,112
1775448119732,key-21,7104
1775448119732,key-32,1347
1775448119732,key-42,3510
1775448119733,key-32,1348
1775448119734,key-5,541
1775448119734,key-17,2113
1775448119735,key-21,7107
1775448119736,key-17,2115
1775448119737,key-20,82
1775448119737,key-50,2650
1775448119737,key-20,82
1775448119738,key-17,2117
1775448119739,key-20,84
1775448119740,key-17,2119
1775448119740,key-20,85
1775448119741,key-17,2120
1775448119742,key-50,2655
1775448119742,key-2,4079
1775448119743,key-20,88
1775448119743,key-50,2656
1775448119743,key-32,1358
1775448119743,key-20,88
1775448119744,key-17,2123
1775448119745,key-21,7117
1775448119746,key-17,2125
1775448119746,key-5,553
1775448119747,key-45,128
1775448119747,key-50,2660
1775448119747,key-45,128
1775448119748,key-14,1200
1775448119748,key-21,7120
1775448119748,key-2,4085
1775448119748,key-21,7120
1775448119748,key-36,1303
1775448119749,key-42,3527
1775448119749,key-48,3624
1775448119749,key-17,2128
1775448119750,key-21,7122
1775448119750,key-41,8228
1775448119750,key-45,131
1775448119750,key-5,557
1775448119751,key-21,7123
1775448119751,key-50,2664
1775448119752,key-30,672
1775448119752,key-20,97
1775448119752,key-2,4089
1775448119752,key-14,1204
1775448119752,key-25,1329
1775448119753,key-27,1114
1775448119753,key-17,2132
1775448119755,key-17,2134
1775448119755,key-34,4417
1775448119755,key-21,7127
1775448119756,key-14,1208
1775448119758,key-48,3633
1775448119758,key-50,2671
1775448119759,key-25,1336
1775448119759,key-21,7131
1775448119759,key-21,7131
1775448119760,key-17,2139
1775448119760,key-30,680
1775448119760,key-50,2673
1775448119761,key-30,681
1775448119762,key-21,7134
1775448119762,key-50,2675
1775448119764,key-6,4258
1775448119764,key-48,3639
1775448119765,key-21,7137
1775448119765,key-25,1342
1775448119765,key-21,7137
1775448119765,key-50,2678
1775448119766,key-28,911
1775448119766,key-19,2555
1775448119767,key-25,1344
1775448119767,key-17,2146
1775448119767,key-30,687
1775448119768,key-50,2681
1775448119769,key-25,1346
1775448119770,key-17,2149
1775448119770,key-25,1347
1775448119770,key-21,7142
1775448119771,key-21,7143
1775448119772,key-21,7144
1775448119772,key-16,3081
1775448119772,key-28,917
1775448119774,key-50,2687
1775448119774,key-46,3099
1775448119775,key-30,695
1775448119775,key-50,2688
1775448119775,key-36,1330
1775448119775,key-25,1352
1775448119776,key-21,7148
1775448119776,key-21,7148
1775448119777,key-21,7149
1775448119778,key-21,7150
1775448119779,key-11,2
1775448119780,key-21,7152
1775448119780,key-16,3089
1775448119780,key-38,596
1775448119781,key-35,1995
1775448119782,key-35,1996
1775448119784,key-42,3562
1775448119784,key-25,1361
1775448119785,key-11,8
1775448119785,key-11,8
1775448119786,key-30,706
1775448119787,key-30,707
1775448119787,key-11,10
1775448119788,key-25,1365
1775448119788,key-25,1365
1775448119789,key-28,934
1775448119790,key-35,2004
1775448119790,key-11,13
1775448119790,key-38,606
1775448119790,key-25,1367
1775448119790,key-11,13
1775448119791,key-38,607
1775448119792,key-25,1369
1775448119792,key-25,1369
1775448119792,key-25,1369
1775448119793,key-11,16
1775448119794,key-11,17
1775448119794,key-25,1371
1775448119795,key-25,1372
1775448119796,key-11,19
1775448119796,key-11,19
1775448119797,key-15,1348
1775448119798,key-3,550
1775448119799,key-38,615
1775448119799,key-25,1376
1775448119799,key-25,1376
1775448119800,key-3,552
1775448119800,key-11,23
1775448119800,key-29,2225
1775448119800,key-22,5685
1775448119801,key-28,946
1775448119801,key-38,617
1775448119801,key-1,6131
1775448119802,key-25,1379
1775448119803,key-3,555
1775448119803,key-11,26
1775448119804,key-11,27
1775448119804,key-7,5532
1775448119804,key-11,27
1775448119805,key-16,3114
1775448119806,key-28,951
1775448119806,key-11,29
1775448119807,key-28,952
1775448119807,key-25,1384
1775448119807,key-28,952
1775448119809,key-16,3118
1775448119809,key-25,1386
1775448119810,key-50,2723
1775448119810,key-3,562
1775448119811,key-25,1388
1775448119811,key-25,1388
1775448119812,key-26,2632
1775448119812,key-11,35
1775448119812,key-29,2237
1775448119812,key-16,3121
1775448119812,key-25,1389
1775448119812,key-25,1389
1775448119813,key-25,1390
1775448119813,key-7,5541
1775448119813,key-17,2192
1775448119813,key-14,1265
1775448119814,key-11,37
1775448119815,key-50,2728
1775448119816,key-28,961
1775448119818,key-26,2638
1775448119818,key-50,2731
1775448119818,key-25,1395
1775448119819,key-25,1396
1775448119819,key-3,571
1775448119819,key-7,5547
1775448119820,key-7,5548
1775448119820,key-21,7192
1775448119820,key-42,3598
1775448119821,key-50,2734
1775448119822,key-25,1399
1775448119823,key-25,1400
1775448119823,key-18,4270
1775448119823,key-22,5708
1775448119824,key-3,576
1775448119824,key-21,7196
1775448119825,key-25,1402
1775448119826,key-26,2646
1775448119826,key-25,1403
1775448119827,key-36,5
1775448119828,key-25,1405
1775448119828,key-47,184
1775448119829,key-3,581
1775448119829,key-7,5557
1775448119830,key-18,4277
1775448119830,key-36,8
1775448119830,key-3,582
1775448119830,key-25,1407
1775448119831,key-7,5559
1775448119832,key-26,2652
1775448119833,key-47,189
1775448119833,key-36,11
1775448119834,key-25,1411
1775448119835,key-3,587
1775448119836,key-3,588
1775448119837,key-6,4331
1775448119837,key-18,4284
1775448119837,key-3,589
1775448119837,key-36,15
1775448119837,key-47,193
1775448119837,key-3,589
1775448119838,key-25,1415
1775448119838,key-28,983
1775448119838,key-26,2658
1775448119839,key-47,195
1775448119839,key-26,2659
1775448119840,key-36,18
1775448119840,key-3,592
1775448119840,key-18,4287
1775448119841,key-18,4288
1775448119842,key-18,4289
1775448119843,key-3,595
1775448119843,key-6,4337
1775448119843,key-18,4290
1775448119844,key-28,989
1775448119845,key-17,2224
1775448119845,key-18,4292
1775448119846,key-29,2271
1775448119846,key-3,598
1775448119847,key-34,4509
1775448119847,key-28,992
1775448119848,key-17,2227
1775448119849,key-18,4296
1775448119849,key-18,4296
1775448119849,key-20,194
1775448119850,key-12,1583
1775448119850,key-3,602
1775448119851,key-3,603
1775448119851,key-28,996
1775448119851,key-17,2230
1775448119851,key-18,4298
1775448119851,key-18,4298
1775448119852,key-28,997
1775448119853,key-29,2278
1775448119854,key-29,2279
1775448119855,key-17,2234
1775448119855,key-17,2234
1775448119855,key-28,1000
1775448119855,key-17,2234
1775448119855,key-37,1638
1775448119857,key-31,90
1775448119857,key-29,2282
1775448119858,key-2,4195
1775448119858,key-30,778
1775448119858,key-18,4305
1775448119860,key-14,1312
1775448119860,key-30,780
1775448119861,key-2,4198
1775448119862,key-28,1007
1775448119862,key-45,243
1775448119863,key-31,96
1775448119864,key-18,4311
1775448119864,key-2,4201
1775448119864,key-29,2289
1775448119865,key-10,1813
1775448119865,key-28,1010
1775448119866,key-2,4203
1775448119866,key-29,2291
1775448119866,key-29,2291
1775448119867,key-32,1482
1775448119867,key-40,2734
1775448119867,key-18,4314
1775448119868,key-29,2293
1775448119868,key-45,249
1775448119868,key-28,1013
1775448119869,key-45,250
1775448119870,key-28,1015
1775448119871,key-32,1486
1775448119872,key-29,2297
1775448119872,key-18,4319
1775448119873,key-2,4210
1775448119873,key-29,2298
1775448119873,key-28,1018
1775448119873,key-29,2298
1775448119874,key-32,1489
1775448119875,key-45,256
1775448119875,key-29,2300
1775448119876,key-28,1021
1775448119876,key-2,4213
1775448119877,key-29,2302
1775448119877,key-29,2302
1775448119879,key-45,260
1775448119879,key-28,1024
1775448119880,key-29,2305
1775448119880,key-29,2305
1775448119880,key-1,48
1775448119881,key-2,4218
1775448119882,key-10,1830
1775448119882,key-29,2307
1775448119883,key-45,264
1775448119883,key-46,3208
1775448119883,key-29,2308
1775448119883,key-32,1498
1775448119884,key-25,37
1775448119884,key-28,1029
1775448119884,key-28,1029
1775448119884,key-32,1499
1775448119885,key-45,7
1775448119885,key-29,2310
1775448119886,key-32,1501
1775448119886,key-29,2311
1775448119888,key-45,10
1775448119888,key-1,56
1775448119889,key-2,4226
1775448119890,key-45,12
1775448119890,key-28,1035
1775448119890,key-29,2315
1775448119891,key-30,811
1775448119891,key-29,2316
1775448119891,key-29,2316
1775448119891,key-28,1036
1775448119891,key-32,1506
1775448119892,key-40,2759
1775448119892,key-24,379
1775448119893,key-32,1508
1775448119893,key-25,46
1775448119893,key-10,1841
1775448119893,key-38,32
1775448119894,key-50,2807
1775448119894,key-29,2319
1775448119894,key-37,1677
1775448119895,key-45,17
1775448119896,key-38,35
1775448119896,key-12,1629
1775448119897,key-30,817
1775448119897,key-9,932
1775448119897,key-21,7269
1775448119898,key-30,818
1775448119898,key-24,385
1775448119899,key-37,1682
1775448119899,key-38,38
1775448119900,key-32,1515
1775448119901,key-32,1516
1775448119901,key-30,821
1775448119902,key-24,389
1775448119902,key-45,24
1775448119902,key-30,822
1775448119902,key-32,1517
1775448119903,key-37,1686
1775448119903,key-30,823
1775448119903,key-12,1636
1775448119904,key-19,2693
1775448119904,key-36,82
1775448119905,key-32,1520
1775448119906,key-9,941
1775448119906,key-38,45
1775448119908,key-24,395
1775448119908,key-38,47
1775448119908,key-3,660
1775448119908,key-37,1691
1775448119909,key-12,1642
1775448119909,key-37,1692
1775448119909,key-38,48
1775448119909,key-38,48
1775448119910,key-46,3235
1775448119910,key-32,1525
1775448119911,key-1,3
1775448119912,key-19,2701
1775448119913,key-1,5
1775448119914,key-24,401
1775448119914,key-32,1529
1775448119914,key-38,53
1775448119914,key-1,6
1775448119915,key-21,7287
1775448119915,key-38,54
1775448119915,key-9,950
1775448119916,key-13,3841
1775448119916,key-15,1467
1775448119916,key-30,836
1775448119917,key-32,1532
1775448119917,key-21,7289
1775448119918,key-37,1701
1775448119918,key-1,10
1775448119918,key-1,10
1775448119920,key-1,12
1775448119920,key-38,59
1775448119920,key-21,7292
1775448119920,key-49,1780
1775448119921,key-19,2710
1775448119921,key-1,13
1775448119921,key-32,1536
1775448119922,key-49,1782
1775448119923,key-18,4370
1775448119923,key-1,15
1775448119924,key-19,2713
1775448119925,key-38,64
1775448119925,key-50,2838
1775448119926,key-18,4373
1775448119926,key-30,846
1775448119926,key-15,1477
1775448119926,key-15,1477
1775448119927,key-15,1478
1775448119928,key-16,3237
1775448119928,key-1,20
1775448119928,key-19,2717
1775448119928,key-48,3
1775448119929,key-20,274
1775448119931,key-20,276
1775448119931,key-28,1076
1775448119932,key-18,4379
1775448119932,key-32,1547
1775448119932,key-37,1715
1775448119933,key-21,7305
1775448119934,key-15,1485
1775448119934,key-48,9
1775448119935,key-5,147
1775448119936,key-1,28
1775448119936,key-34,4598
1775448119936,key-38,75
1775448119936,key-12,1669
1775448119937,key-30,857
1775448119937,key-6,4431
1775448119938,key-16,3247
1775448119938,key-21,7310
1775448119938,key-32,1553
1775448119938,key-28,1083
1775448119939,key-15,1490
1775448119939,key-1,31
1775448119939,key-16,3248
1775448119939,key-34,4601
1775448119939,key-37,1722
1775448119940,key-12,1673
1775448119940,key-1,32
1775448119941,key-21,7313
1775448119941,key-37,1724
1775448119942,key-41,8420
1775448119942,key-16,3251
1775448119942,key-21,7314
1775448119943,key-1,35
1775448119943,key-41,8421
1775448119943,key-37,1726
1775448119944,key-32,1559
1775448119944,key-1,36
1775448119944,key-1,36
1775448119945,key-30,865
1775448119945,key-16,3254
1775448119945,key-15,1496
1775448119946,key-37,1729
1775448119947,key-37,1730
1775448119949,key-1,41
1775448119950,key-31,52
1775448119950,key-1,42
1775448119951,key-19,2740
1775448119951,key-16,3260
1775448119952,key-21,7324
1775448119954,key-3,706
1775448119954,key-1,46
1775448119954,key-41,8432
1775448119955,key-13,3880
1775448119956,key-3,708
1775448119958,key-15,1509
1775448119958,key-16,3267
1775448119959,key-5,171
1775448119959,key-13,3884
1775448119960,key-41,8438
1775448119960,key-37,1743
1775448119961,key-28,1106
1775448119961,key-16,3270
1775448119962,key-21,7334
1775448119962,key-15,1513
1775448119963,key-5,175
1775448119963,key-3,715
1775448119965,key-20,310
1775448119966,key-3,718
1775448119967,key-41,8445
1775448119967,key-1,59
1775448119968,key-13,3893
1775448119968,key-13,3893
1775448119968,key-32,1583
1775448119969,key-5,181
1775448119969,key-3,721
1775448119969,key-41,8447
1775448119970,key-41,8448
1775448119970,key-15,1521
1775448119971,key-3,723
1775448119971,key-41,8449
1775448119972,key-13,3897
1775448119973,key-20,318
1775448119973,key-5,185
1775448119975,key-3,727
1775448119975,key-48,50
1775448119975,key-46,3300
1775448119975,key-5,187
1775448119976,key-21,7348
1775448119976,key-13,3901
1775448119976,key-20,321
1775448119977,key-5,189
1775448119977,key-21,7349
1775448119977,key-22,5862
1775448119977,key-13,3902
1775448119977,key-3,729
1775448119977,key-13,3902
1775448119978,key-5,190
1775448119978,key-20,323
1775448119978,key-41,8456
1775448119978,key-46,3303
1775448119979,key-13,3904
1775448119979,key-23,1361
1775448119979,key-20,324
1775448119981,key-21,7353
1775448119981,key-46,3306
1775448119982,key-45,104
1775448119982,key-13,3907
1775448119982,key-9,1017
1775448119983,key-20,328
1775448119983,key-10,1931
1775448119983,key-5,195
1775448119984,key-5,196
1775448119984,key-46,3309
1775448119985,key-34,4647
1775448119985,key-13,3910
1775448119986,key-15,1537
1775448119987,key-46,3312
1775448119987,key-13,3912
1775448119987,key-20,332
1775448119988,key-20,333
1775448119988,key-23,1370
1775448119988,key-12,1721
1775448119988,key-39,1091
1775448119989,key-46,3314
1775448119990,key-5,202
1775448119990,key-20,335
1775448119990,key-26,2810
1775448119990,key-13,3915
1775448119991,key-15,1542
1775448119991,key-13,3916
1775448119991,key-16,3300
1775448119992,key-6,12
1775448119993,key-10,1941
1775448119993,key-5,205
1775448119994,key-34,4656
1775448119995,key-46,3320
1775448119995,key-5,207
1775448119995,key-10,1943
1775448119995,key-15,1546
1775448119996,key-13,3921
1775448119996,key-23,1378
1775448119996,key-38,135
1775448119997,key-13,3922
1775448119997,key-13,3922
1775448119997,key-10,1945
1775448119998,key-5,210
1775448119998,key-20,343
1775448119998,key-11,221
1775448119998,key-34,4660
1775448119999,key-16,3308
1775448119999,key-23,1381
1775448120000,key-10,1948
1775448120000,key-13,3925
1775448120000,key-13,3925
1775448120000,key-15,1551
1775448120003,key-4,1411
1775448120003,key-38,142
1775448120003,key-15,1554
1775448120004,key-13,3929
1775448120004,key-10,1952
1775448120004,key-13,3929
1775448120004,key-23,1386
1775448120005,key-10,1953
1775448120005,key-13,3930
1775448120005,key-13,3930
1775448120006,key-26,2826
1775448120006,key-20,351
1775448120006,key-13,3931
1775448120007,key-31,109
1775448120007,key-13,3932
1775448120008,key-13,3933
1775448120008,key-15,1559
1775448120009,key-38,148
1775448120009,key-13,3934
1775448120010,key-23,1392
1775448120010,key-15,1561
1775448120010,key-24,497
1775448120011,key-13,3936
1775448120016,key-15,1567
1775448120018,key-26,2838
1775448120018,key-19,2807
1775448120018,key-13,3943
1775448120019,key-11,242
1775448120019,key-13,3944
1775448120019,key-23,1401
1775448120019,key-13,3944
1775448120019,key-10,1967
1775448120019,key-20,364
1775448120019,key-26,2839
1775448120019,key-20,364
1775448120020,key-38,159
1775448120020,key-24,507
1775448120021,key-15,1572
1775448120022,key-31,124
1775448120022,key-15,1573
1775448120022,key-15,1573
1775448120022,key-13,3947
1775448120023,key-15,1574
1775448120023,key-13,3948
1775448120023,key-13,3948
1775448120024,key-13,3949
1775448120024,key-24,511
1775448120024,key-15,1575
1775448120024,key-24,511
1775448120025,key-13,3950
1775448120025,key-34,4687
1775448120025,key-20,370
1775448120026,key-15,1577
1775448120027,key-20,372
1775448120027,key-13,3952
1775448120028,key-15,1579
1775448120028,key-34,4690
1775448120028,key-26,2848
1775448120028,key-13,3953
1775448120029,key-41,8507
1775448120030,key-13,3955
1775448120030,key-36,208
1775448120030,key-20,375
1775448120031,key-26,2851
1775448120031,key-13,3956
1775448120032,key-15,1583
1775448120035,key-41,8513
1775448120035,key-2,4372
1775448120035,key-38,174
1775448120036,key-15,1587
1775448120036,key-26,2856
1775448120036,key-15,1587
1775448120036,key-20,381
1775448120036,key-26,2856
1775448120037,key-28,1182
1775448120037,key-5,249
1775448120037,key-30,957
1775448120037,key-13,3962
1775448120037,key-32,1652
1775448120038,key-40,2905
1775448120038,key-15,1589
1775448120039,key-41,8517
1775448120039,key-36,217
1775448120041,key-46,3366
1775448120041,key-49,1901
1775448120042,key-15,1593
1775448120042,key-47,398
1775448120042,key-13,3967
1775448120042,key-2,4379
1775448120043,key-28,1188
1775448120043,key-30,963
1775448120044,key-30,964
1775448120045,key-2,4382
1775448120045,key-15,1596
1775448120046,key-41,8524
1775448120046,key-45,168
1775448120047,key-28,1192
1775448120047,key-5,259
1775448120047,key-46,3372
1775448120047,key-41,8525
1775448120048,key-48,123
1775448120049,key-46,3374
1775448120049,key-6,69
1775448120052,key-39,1155
1775448120052,key-26,2872
1775448120052,key-45,174
1775448120052,key-48,127
1775448120053,key-28,1198
1775448120054,key-5,266
1775448120054,key-41,8532
1775448120054,key-23,1436
1775448120055,key-13,3980
1775448120055,key-15,1606
1775448120055,key-2,4392
1775448120056,key-28,1201
1775448120056,key-30,976
1775448120056,key-15,1607
1775448120057,key-24,544
1775448120057,key-38,196
1775448120057,key-49,1917
1775448120057,key-39,1160
1775448120058,key-28,1203
1775448120058,key-26,2878
1775448120058,key-13,3983
1775448120058,key-30,978
1775448120058,key-23,1440
1775448120059,key-26,2879
1775448120060,key-30,980
1775448120060,key-28,1205
1775448120061,key-22,5946
1775448120063,key-22,5948
1775448120064,key-26,2884
1775448120064,key-13,3989
1775448120064,key-30,984
1775448120065,key-28,1210
1775448120065,key-30,985
1775448120066,key-38,205
1775448120066,key-28,1211
1775448120066,key-13,3991
1775448120067,key-12,1800
1775448120067,key-13,3992
1775448120067,key-28,1212
1775448120068,key-30,988
1775448120069,key-30,989
1775448120069,key-41,8547
1775448120069,key-42,3847
1775448120070,key-28,1215
1775448120071,key-13,3996
1775448120071,key-28,1216
1775448120071,key-23,1453
1775448120072,key-28,1217
1775448120073,key-32,1688
1775448120073,key-28,1218
1775448120073,key-13,3998
1775448120073,key-28,1218
1775448120074,key-13,3999
1775448120076,key-17,2455
1775448120077,key-19,2866
1775448120078,key-29,2503
1775448120079,key-45,201
1775448120079,key-15,1630
1775448120079,key-21,7451
1775448120079,key-30,999
1775448120079,key-38,218
1775448120081,key-13,4006
1775448120082,key-47,438
1775448120090,key-28,1235
1775448120104,key-28,1249
1775448120105,key-41,8583
1775448120107,key-48,182
1775448120107,key-30,1027
1775448120107,key-49,1967
1775448120107,key-13,4032
1775448120108,key-28,1253
1775448120111,key-32,1726
1775448120113,key-28,1258
1775448120114,key-38,253
1775448120114,key-38,253
1775448120114,key-13,4039
1775448120114,key-17,2493
1775448120114,key-15,1665
1775448120114,key-13,4039
1775448120114,key-21,7486
1775448120115,key-28,1260
1775448120115,key-32,1730
1775448120115,key-28,1260
1775448120115,key-13,4040
1775448120116,key-32,1731
1775448120116,key-46,64
1775448120118,key-38,257
1775448120119,key-30,1039
1775448120119,key-28,1264
1775448120119,key-45,241
1775448120119,key-28,1264
1775448120119,key-26,2939
1775448120119,key-45,241
1775448120119,key-28,1264
1775448120120,key-29,2545
1775448120120,key-47,476
1775448120120,key-9,1155
1775448120120,key-38,259
1775448120120,key-41,8598
1775448120120,key-28,1265
1775448120120,key-17,2499
1775448120120,key-17,2499
1775448120121,key-13,4046
1775448120121,key-45,243
1775448120121,key-28,1266
1775448120121,key-32,1736
1775448120121,key-46,69
1775448120121,key-21,7493
1775448120121,key-19,2910
1775448120121,key-28,1266
1775448120122,key-49,1982
1775448120123,key-30,1043
1775448120123,key-19,2912
1775448120123,key-21,7495
1775448120124,key-37,1907
1775448120124,key-28,1269
1775448120124,key-16,3433
1775448120125,key-26,2945
1775448120125,key-28,1270
1775448120125,key-28,1270
1775448120125,key-47,481
1775448120125,key-22,6010
1775448120126,key-16,3435
1775448120126,key-28,1271
1775448120126,key-15,1677
1775448120126,key-49,1986
1775448120127,key-15,1678
1775448120127,key-15,1678
1775448120127,key-49,1987
1775448120128,key-17,2507
1775448120128,key-21,7500
1775448120128,key-28,1273
1775448120129,key-47,485
1775448120129,key-26,2949
1775448120130,key-29,2555
1775448120131,key-28,1276
1775448120131,key-23,1513
1775448120131,key-26,2951
1775448120134,key-16,3443
1775448120135,key-49,1995
1775448120135,key-16,3444
1775448120135,key-2,4472
1775448120136,key-29,2561
1775448120136,key-49,1996
1775448120136,key-16,3445
1775448120136,key-2,4473
1775448120138,key-14,1590
1775448120138,key-25,291
1775448120140,key-26,2960
1775448120140,key-26,2960
1775448120141,key-16,3450
1775448120144,key-26,2964
1775448120144,key-25,297
1775448120145,key-16,3454
1775448120145,key-2,4482
1775448120145,key-41,8623
1775448120146,key-14,1598
1775448120146,key-49,2006
1775448120147,key-16,3456
1775448120147,key-16,3456
1775448120147,key-16,3456
1775448120147,key-25,300
1775448120149,key-42,3927
1775448120149,key-16,3458
1775448120151,key-25,304
1775448120153,key-2,4490
1775448120153,key-16,3462
1775448120153,key-2,4490
1775448120154,key-16,3463
1775448120154,key-16,3463
1775448120154,key-49,2014
1775448120155,key-25,308
1775448120155,key-14,1607
1775448120155,key-25,308
1775448120155,key-16,3464
1775448120156,key-6,176
1775448120156,key-2,4493
1775448120156,key-47,512
1775448120157,key-41,8635
1775448120159,key-26,2979
1775448120159,key-12,1892
1775448120159,key-39,1262
1775448120160,key-2,4497
1775448120160,key-5,96
1775448120160,key-2,4497
1775448120161,key-24,648
1775448120161,key-16,3470
1775448120161,key-14,1613
1775448120162,key-16,3471
1775448120162,key-25,315
1775448120163,key-4,1571
1775448120163,key-16,3472
1775448120163,key-16,3472
1775448120163,key-37,1946
1775448120164,key-19,2953
1775448120165,key-14,1617
1775448120165,key-41,8643
1775448120167,key-11,390
1775448120167,key-25,320
1775448120167,key-14,1619
1775448120167,key-25,320
1775448120168,key-5,104
1775448120168,key-25,321
1775448120169,key-16,3478
1775448120169,key-37,1952
1775448120169,key-12,1902
1775448120170,key-5,106
1775448120171,key-26,2991
1775448120171,key-16,3480
1775448120172,key-11,395
1775448120172,key-14,1624
1775448120173,key-16,3482
1775448120173,key-19,2962
1775448120173,key-25,326
1775448120174,key-14,1626
1775448120174,key-37,1957
1775448120174,key-5,110
1775448120175,key-25,328
1775448120175,key-12,1908
1775448120175,key-40,3042
1775448120178,key-19,2967
1775448120179,key-25,332
1775448120179,key-5,115
1775448120179,key-5,115
1775448120179,key-37,1962
1775448120179,key-14,1631
1775448120180,key-25,333
1775448120180,key-16,3489
1775448120181,key-16,3490
1775448120181,key-16,3490
1775448120181,key-8,6
1775448120182,key-45,304
1775448120183,key-12,1916
1775448120183,key-37,1966
1775448120183,key-8,8
1775448120184,key-38,323
1775448120184,key-48,259
1775448120185,key-37,1968
1775448120185,key-16,3494
1775448120185,key-12,1918
1775448120185,key-16,3494
1775448120186,key-14,1638
1775448120186,key-25,339
1775448120186,key-14,1638
1775448120187,key-36,365
1775448120187,key-14,1639
1775448120188,key-4,1596
1775448120189,key-8,14
1775448120190,key-30,1110
1775448120192,key-14,1644
1775448120192,key-8,17
1775448120192,key-25,345
1775448120193,key-14,1645
1775448120194,key-12,1927
1775448120198,key-16,3507
1775448120199,key-12,1932
1775448120199,key-25,352
1775448120199,key-25,352
1775448120199,key-3,951
1775448120199,key-38,338
1775448120200,key-12,1933
1775448120201,key-16,3510
1775448120201,key-8,26
1775448120202,key-30,1122
1775448120202,key-25,355
1775448120202,key-14,1654
1775448120202,key-25,355
1775448120203,key-4,1611
1775448120203,key-8,28
1775448120203,key-14,1655
1775448120204,key-14,1656
1775448120205,key-25,358
1775448120205,key-6,225
1775448120206,key-25,359
1775448120207,key-12,1940
1775448120208,key-38,347
1775448120209,key-1,301
1775448120209,key-12,1942
1775448120210,key-30,1130
1775448120210,key-25,363
1775448120210,key-25,363
1775448120211,key-3,963
1775448120211,key-8,36
1775448120213,key-29,2638
1775448120214,key-48,289
1775448120214,key-12,1947
1775448120216,key-10,2164
1775448120216,key-6,236
1775448120216,key-38,355
1775448120216,key-14,1668
1775448120216,key-12,1949
1775448120218,key-4,1626
1775448120218,key-4,1626
1775448120219,key-12,1952
1775448120219,key-4,1627
1775448120220,key-1,312
1775448120221,key-25,374
1775448120221,key-12,1954
1775448120221,key-4,1629
1775448120222,key-6,8
1775448120222,key-37,2005
1775448120222,key-4,1630
1775448120222,key-12,1955
1775448120223,key-12,1956
1775448120223,key-1,315
1775448120224,key-25,377
1775448120224,key-3,976
1775448120224,key-38,363
1775448120224,key-10,2172
1775448120224,key-25,377
1775448120225,key-29,2650
1775448120225,key-14,1677
1775448120225,key-38,364
1775448120226,key-4,1634
1775448120226,key-14,1678
1775448120226,key-12,1959
1775448120226,key-8,51
1775448120226,key-35,2440
1775448120226,key-25,379
1775448120227,key-4,1635
1775448120227,key-22,6112
1775448120228,key-30,1148
1775448120228,key-3,980
1775448120228,key-38,367
1775448120228,key-29,2653
1775448120229,key-1,321
1775448120229,key-25,382
1775448120229,key-25,382
1775448120229,key-4,1637
1775448120230,key-14,1682
1775448120230,key-25,383
1775448120231,key-45,353
1775448120231,key-37,2014
1775448120231,key-14,1683
1775448120231,key-24,718
1775448120232,key-31,334
1775448120233,key-4,1641
1775448120234,key-11,457
1775448120234,key-3,986
1775448120235,key-24,722
1775448120235,key-17,2614
1775448120235,key-22,6120
1775448120238,key-25,391
1775448120238,key-11,461
1775448120239,key-25,392
1775448120240,key-31,342
1775448120241,key-25,394
1775448120241,key-25,394
1775448120241,key-22,6126
1775448120242,key-37,2025
1775448120242,key-25,395
1775448120243,key-45,365
1775448120243,key-25,396
1775448120243,key-45,365
1775448120244,key-3,996
1775448120244,key-31,346
1775448120245,key-1,337
1775448120245,key-3,997
1775448120246,key-31,348
1775448120246,key-14,1698
1775448120246,key-45,368
1775448120246,key-31,348
1775448120247,key-25,400
1775448120248,key-13,4173
1775448120248,key-25,401
1775448120248,key-1,340
1775448120248,key-25,401
1775448120248,key-25,401
1775448120248,key-25,2
1775448120249,key-31,351
1775448120249,key-1,341
1775448120249,key-25,3
1775448120249,key-25,3
1775448120249,key-17,2628
1775448120251,key-25,5
1775448120251,key-23,1633
1775448120252,key-25,6
1775448120252,key-18,4699
1775448120253,key-28,1398
1775448120254,key-25,8
1775448120255,key-47,611
1775448120255,key-25,9
1775448120255,key-25,9
1775448120255,key-13,4180
1775448120256,key-13,4181
1775448120257,key-25,11
1775448120258,key-17,2637
1775448120258,key-1,350
1775448120259,key-25,13
1775448120259,key-1,351
1775448120259,key-25,13
1775448120259,key-31,361
1775448120260,key-25,14
1775448120260,key-13,4185
1775448120260,key-17,2639
1775448120261,key-25,15
1775448120262,key-13,4187
1775448120262,key-17,2641
1775448120262,key-25,16
1775448120263,key-13,4188
1775448120263,key-1,355
1775448120263,key-25,17
1775448120264,key-7,5992
1775448120265,key-25,19
1775448120265,key-13,4190
1775448120266,key-9,1301
1775448120266,key-25,20
1775448120267,key-13,4192
1775448120267,key-25,21
1775448120268,key-25,22
1775448120269,key-7,5997
1775448120270,key-42,4048
1775448120270,key-36,448
1775448120271,key-16,3580
1775448120272,key-7,6000
1775448120272,key-36,450
1775448120273,key-7,6001
1775448120275,key-17,2654
1775448120275,key-25,29
1775448120276,key-25,30
1775448120277,key-5,213
1775448120277,key-13,4202
1775448120277,key-25,31
1775448120277,key-25,31
1775448120278,key-29,2703
1775448120278,key-25,32
1775448120278,key-36,456
1775448120279,key-40,3146
1775448120279,key-46,227
1775448120279,key-42,4057
1775448120280,key-25,34
1775448120281,key-42,4059
1775448120281,key-50,6
1775448120282,key-7,6010
1775448120283,key-25,37
1775448120283,key-36,461
1775448120284,key-25,38
1775448120284,key-7,6012
1775448120284,key-16,3593
1775448120284,key-25,38
1775448120284,key-35,2498
1775448120285,key-42,4063
1775448120285,key-25,39
1775448120285,key-25,39
1775448120285,key-40,3152
1775448120286,key-50,11
1775448120286,key-47,642
1775448120286,key-36,464
1775448120287,key-25,41
1775448120287,key-22,6172
1775448120288,key-50,5
1775448120288,key-36,466
1775448120288,key-25,42
1775448120289,key-25,43
1775448120289,key-50,6
1775448120289,key-50,6
1775448120290,key-42,4068
1775448120291,key-50,8
1775448120291,key-16,3600
1775448120291,key-20,636
1775448120291,key-7,6019
1775448120292,key-50,9
1775448120293,key-36,471
1775448120293,key-9,1328
1775448120294,key-47,650
1775448120295,key-12,2028
1775448120295,key-50,12
1775448120295,key-36,473
1775448120296,key-36,474
1775448120296,key-40,3163
1775448120296,key-1,388
1775448120297,key-14,1749
1775448120297,key-7,6025
1775448120297,key-50,14
1775448120298,key-22,6183
1775448120298,key-36,476
1775448120298,key-50,15
1775448120299,key-36,477
1775448120299,key-16,3608
1775448120299,key-50,16
1775448120299,key-50,16
1775448120300,key-7,6028
1775448120300,key-50,17
1775448120300,key-36,478
1775448120301,key-1,393
1775448120302,key-19,3091
1775448120302,key-1,394
1775448120303,key-19,3092
1775448120303,key-40,3170
1775448120305,key-1,397
1775448120306,key-10,2254
1775448120307,key-50,24
1775448120308,key-23,1690
1775448120308,key-45,430
1775448120308,key-50,25
1775448120308,key-1,400
1775448120309,key-48,384
1775448120309,key-46,257
1775448120309,key-18,4756
1775448120310,key-50,27
1775448120310,key-1,402
1775448120310,key-26,3130
1775448120310,key-50,27
1775448120311,key-40,3178
1775448120314,key-18,4761
1775448120314,key-1,406
1775448120314,key-40,3181
1775448120315,key-19,3104
1775448120316,key-19,3105
1775448120316,key-1,408
1775448120316,key-45,438
1775448120316,key-40,3183
1775448120317,key-1,409
1775448120317,key-18,4764
1775448120318,key-50,35
1775448120318,key-18,4765
1775448120319,key-50,36
1775448120319,key-7,6047
1775448120319,key-22,6204
1775448120320,key-18,4767
1775448120320,key-3,1072
1775448120320,key-18,4767
1775448120321,key-1,413
1775448120321,key-18,4768
1775448120322,key-45,444
1775448120323,key-50,40
1775448120324,key-40,3191
1775448120324,key-7,6052
1775448120325,key-50,42
1775448120325,key-1,417
1775448120325,key-27,1686
1775448120325,key-1,417
1775448120325,key-40,3192
1775448120326,key-45,448
1775448120326,key-5,262
1775448120326,key-50,43
1775448120326,key-3,1078
1775448120327,key-7,6055
1775448120328,key-50,45
1775448120328,key-1,420
1775448120328,key-1,420
1775448120328,key-7,6056
1775448120329,key-41,3
1775448120329,key-18,4776
1775448120330,key-40,3197
1775448120331,key-7,6059
1775448120331,key-34,4993
1775448120331,key-50,48
1775448120334,key-34,4996
1775448120334,key-6,120
1775448120335,key-42,4113
1775448120335,key-41,9
1775448120335,key-45,457
1775448120336,key-27,1697
1775448120337,key-46,285
1775448120337,key-50,54
1775448120337,key-1,429
1775448120338,key-37,2121
1775448120338,key-6,124
1775448120338,key-18,4785
1775448120339,key-34,5001
1775448120339,key-5,275
1775448120340,key-38,10
1775448120340,key-48,415
1775448120340,key-45,462
1775448120341,key-39,1444
1775448120341,key-29,2766
1775448120343,key-34,5005
1775448120344,key-27,1705
1775448120344,key-50,61
1775448120344,key-45,466
1775448120345,key-24,832
1775448120345,key-37,2128
1775448120345,key-6,131
1775448120346,key-29,2771
1775448120346,key-39,1449
1775448120347,key-38,17
1775448120347,key-40,3214
1775448120347,key-1,439
1775448120347,key-27,1708
1775448120348,key-45,470
1775448120348,key-39,1451
1775448120349,key-48,424
1775448120349,key-27,1710
1775448120350,key-29,2775
1775448120351,key-37,2134
1775448120351,key-27,1712
1775448120351,key-34,5013
1775448120352,key-35,2566
1775448120353,key-50,70
1775448120354,key-39,1457
1775448120354,key-38,24
1775448120354,key-1,446
1775448120355,key-1,447
1775448120355,key-27,1716
1775448120355,key-45,477
1775448120355,key-27,1716
1775448120355,key-46,303
1775448120356,key-45,478
1775448120357,key-5,293
1775448120358,key-39,1461
1775448120358,key-37,2141
1775448120359,key-39,1462
1775448120359,key-45,481
1775448120359,key-27,1720
1775448120360,key-15,1911
1775448120360,key-20,705
1775448120360,key-39,1463
1775448120361,key-28,1506
1775448120362,key-22,6247
1775448120362,key-45,484
1775448120362,key-39,1465
1775448120363,key-20,708
1775448120365,key-22,6250
1775448120366,key-45,488
1775448120366,key-40,3233
1775448120367,key-22,6252
1775448120367,key-5,303
1775448120368,key-39,1471
1775448120368,key-45,490
1775448120368,key-45,490
1775448120368,key-39,1471
1775448120369,key-2,4706
1775448120371,key-39,1474
1775448120371,key-30,1291
1775448120371,key-45,493
1775448120371,key-22,6256
1775448120376,key-15,1927
1775448120376,key-40,3243
1775448120377,key-39,1480
1775448120377,key-22,6262
1775448120377,key-36,555
1775448120377,key-45,499
1775448120377,key-40,3244
1775448120378,key-4,1786
1775448120378,key-5,314
1775448120378,key-40,3245
1775448120378,key-39,1481
1775448120378,key-42,4156
1775448120378,key-2,4715
1775448120379,key-45,501
1775448120379,key-45,501
1775448120381,key-5,317
1775448120381,key-22,6266
1775448120382,key-25,136
1775448120382,key-40,3249
1775448120383,key-16,3692
1775448120383,key-15,1934
1775448120383,key-40,3250
1775448120384,key-15,1935
1775448120385,key-16,3694
1775448120386,key-40,3253
1775448120387,key-22,6272
1775448120388,key-47,744
1775448120388,key-22,6273
1775448120388,key-40,3255
1775448120389,key-23,1771
1775448120390,key-49,2250
1775448120391,key-40,3258
1775448120391,key-40,3258
1775448120391,key-2,4728
1775448120392,key-40,3259
1775448120392,key-3,1144
1775448120393,key-23,1775
1775448120393,key-4,1801
1775448120393,key-17,2772
1775448120393,key-30,1313
1775448120394,key-45,516
1775448120394,key-45,516
1775448120394,key-5,330
1775448120395,key-6,181
1775448120395,key-2,4732
1775448120395,key-2,4732
1775448120396,key-15,1947
1775448120396,key-22,6281
1775448120396,key-16,3705
1775448120396,key-24,883
1775448120396,key-16,3705
1775448120397,key-23,1779
1775448120397,key-22,6282
1775448120398,key-49,2258
1775448120398,key-19,3187
1775448120398,key-4,1806
1775448120399,key-22,6284
1775448120399,key-4,1807
1775448120400,key-5,336
1775448120400,key-9,1435
1775448120402,key-4,1810
1775448120402,key-22,6287
1775448120402,key-4,1810
1775448120402,key-5,338
1775448120403,key-22,6288
1775448120403,key-19,3192
1775448120403,key-23,1785
1775448120404,key-22,6289
1775448120406,key-18,4853
1775448120406,key-28,1551
1775448120406,key-19,3195
1775448120407,key-16,3716
1775448120407,key-22,6292
1775448120408,key-22,6293
1775448120408,key-23,1790
1775448120409,key-23,1791
1775448120409,key-9,1444
1775448120410,key-5,346
1775448120410,key-21,7782
1775448120410,key-23,1792
1775448120411,key-22,6296
1775448120412,key-19,3201
1775448120413,key-5,349
1775448120413,key-24,900
1775448120413,key-1,505
1775448120414,key-23,1796
1775448120414,key-23,1796
1775448120414,key-15,1965
1775448120415,key-39,1518
1775448120417,key-19,3206
1775448120417,key-24,904
1775448120419,key-4,1827
1775448120419,key-5,355
1775448120420,key-31,522
1775448120420,key-23,1802
1775448120421,key-5,357
1775448120421,key-22,6306
1775448120422,key-25,176
1775448120423,key-4,1831
1775448120424,key-6,210
1775448120424,key-24,911
1775448120424,key-19,3213
1775448120424,key-4,1832
1775448120425,key-39,1528
1775448120425,key-27,1786
1775448120425,key-19,3214
1775448120426,key-24,913
1775448120426,key-39,1529
1775448120427,key-23,1809
1775448120427,key-31,529
1775448120427,key-23,1809
1775448120428,key-4,1836
1775448120428,key-6,214
1775448120429,key-39,1532
1775448120429,key-8,254
1775448120429,key-1,521
1775448120430,key-4,1838
1775448120430,key-39,1533
1775448120430,key-22,6315
1775448120431,key-19,3220
1775448120431,key-8,256
1775448120432,key-39,1535
1775448120432,key-22,6317
1775448120432,key-24,919
1775448120433,key-6,219
1775448120433,key-24,920
1775448120434,key-41,108
1775448120434,key-22,6319
1775448120434,key-19,3223
1775448120434,key-27,1795
1775448120435,key-22,6320
1775448120435,key-23,1817
1775448120436,key-4,1844
1775448120438,key-39,1541
1775448120439,key-6,225
1775448120439,key-39,1542
1775448120440,key-22,6325
1775448120441,key-4,1849
1775448120441,key-35,2655
1775448120442,key-49,2302
1775448120442,key-27,1803
1775448120444,key-39,1547
1775448120444,key-19,3233
1775448120445,key-22,6330
1775448120445,key-27,1806
1775448120445,key-5,381
1775448120445,key-25,199
1775448120446,key-39,1549
1775448120446,key-4,1854
1775448120446,key-39,1549
1775448120446,key-39,1549
1775448120447,key-6,233
1775448120447,key-4,1855
1775448120447,key-39,1550
1775448120447,key-41,121
1775448120448,key-41,122
1775448120448,key-35,2662
1775448120449,key-19,3238
1775448120450,key-27,1811
1775448120452,key-21,7824
1775448120452,key-49,2312
1775448120452,key-6,238
1775448120453,key-10,2401
1775448120453,key-6,239
1775448120453,key-4,1861
1775448120453,key-27,1814
1775448120454,key-27,1815
1775448120455,key-25,209
1775448120455,key-21,7827
1775448120456,key-2,4793
1775448120456,key-27,1817
1775448120456,key-21,7828
1775448120457,key-27,1818
1775448120457,key-4,1865
1775448120458,key-4,1866
1775448120458,key-19,3247
1775448120458,key-48,533
1775448120459,key-47,815
1775448120459,key-6,245
1775448120459,key-45,581
1775448120459,key-4,1867
1775448120459,key-21,7831
1775448120460,key-27,1821
1775448120461,key-21,7833
1775448120461,key-4,1869
1775448120461,key-29,2886
1775448120464,key-21,7836
1775448120464,key-21,7836
1775448120464,key-6,250
1775448120464,key-27,1825
1775448120465,key-47,821
1775448120465,key-4,1873
1775448120466,key-21,7838
1775448120466,key-21,7838
1775448120467,key-4,1875
1775448120467,key-19,3256
1775448120467,key-48,542
1775448120467,key-35,2681
1775448120468,key-19,3257
1775448120468,key-19,3257
1775448120468,key-17,2847
1775448120468,key-27,1829
1775448120468,key-21,7840
1775448120470,key-21,7842
1775448120470,key-21,7842
1775448120470,key-31,572
1775448120471,key-4,1879
1775448120471,key-21,7843
1775448120471,key-19,3260
1775448120472,key-21,7844
1775448120472,key-19,3261
1775448120473,key-21,7845
1775448120473,key-2,4810
1775448120474,key-21,7846
1775448120474,key-21,7846
1775448120475,key-27,1836
1775448120476,key-34,5138
1775448120476,key-31,578
1775448120477,key-36,655
1775448120477,key-19,3266
1775448120478,key-3,1230
1775448120479,key-21,7851
1775448120479,key-13,4404
1775448120479,key-21,7851
1775448120479,key-3,1231
1775448120479,key-19,3268
1775448120480,key-21,7852
1775448120481,key-21,7853
1775448120482,key-19,3271
1775448120482,key-31,584
1775448120482,key-3,1234
1775448120484,key-3,1236
1775448120484,key-21,7856
1775448120485,key-6,271
1775448120486,key-34,5148
1775448120487,key-19,3276
1775448120489,key-21,7861
1775448120489,key-21,7861
1775448120490,key-34,5152
1775448120491,key-13,4416
1775448120491,key-21,7863
1775448120491,key-19,3280
1775448120491,key-36,669
1775448120491,key-41,165
1775448120492,key-3,1244
1775448120493,key-41,167
1775448120493,key-19,3282
1775448120493,key-21,7865
1775448120493,key-3,1245
1775448120493,key-13,4418
1775448120493,key-22,6378
1775448120494,key-21,7866
1775448120494,key-10,2442
1775448120494,key-16,3803
1775448120495,key-21,7867
1775448120495,key-21,7867
1775448120497,key-1,589
1775448120497,key-19,3286
1775448120498,key-41,172
1775448120498,key-21,7870
1775448120500,key-15,2051
1775448120500,key-3,1252
1775448120501,key-34,5163
1775448120501,key-22,6386
1775448120502,key-2,4839
1775448120502,key-30,1422
1775448120502,key-21,7874
1775448120503,key-20,848
1775448120503,key-22,6388
1775448120503,key-3,1255
1775448120504,key-19,3293
1775448120504,key-47,860
1775448120505,key-21,7877
1775448120505,key-5,441
1775448120505,key-10,2453
1775448120506,key-34,5168
1775448120506,key-47,862
1775448120506,key-10,2454
1775448120506,key-6,292
1775448120507,key-30,1427
1775448120508,key-21,7880
1775448120508,key-20,853
1775448120508,key-3,1260
1775448120508,key-15,2059
1775448120509,key-15,2060
1775448120509,key-30,1429
1775448120509,key-22,6394
1775448120509,key-37,108
1775448120510,key-3,1262
1775448120512,key-47,868
1775448120513,key-22,6398
1775448120513,key-15,2064
1775448120514,key-21,7886
1775448120514,key-3,1266
1775448120514,key-30,1434
1775448120515,key-3,1267
1775448120516,key-3,1268
1775448120516,key-20,861
1775448120517,key-30,1437
1775448120517,key-6,303
1775448120518,key-39,1621
1775448120519,key-47,875
1775448120519,key-5,455
1775448120519,key-30,1439
1775448120520,key-20,865
1775448120520,key-20,865
1775448120521,key-21,7893
1775448120521,key-3,1273
1775448120521,key-35,2735
1775448120521,key-16,3830
1775448120522,key-20,867
1775448120522,key-22,6407
1775448120522,key-3,1274
1775448120523,key-30,1443
1775448120523,key-1,615
1775448120523,key-20,868
1775448120524,key-6,310
1775448120525,key-38,195
1775448120525,key-30,1445
1775448120526,key-20,871
1775448120528,key-5,464
1775448120528,key-35,2742
1775448120529,key-35,2743
1775448120529,key-22,6414
1775448120530,key-20,875
1775448120531,key-10,2479
1775448120531,key-22,6416
1775448120532,key-38,202
1775448120532,key-5,468
1775448120532,key-1,624
1775448120532,key-38,202
1775448120533,key-22,6418
1775448120533,key-35,2747
1775448120534,key-35,2748
1775448120535,key-38,205
1775448120535,key-5,471
1775448120536,key-31,24
1775448120536,key-35,2750
1775448120538,key-5,474
1775448120538,key-31,26
1775448120538,key-20,883
1775448120538,key-12,2271
1775448120538,key-37,137
1775448120538,key-15,2089
1775448120539,key-5,475
1775448120541,key-31,29
1775448120541,key-22,6426
1775448120541,key-49,2401
1775448120541,key-27,1902
1775448120542,key-5,478
1775448120543,key-12,2276
1775448120544,key-23,1926
1775448120544,key-5,480
1775448120544,key-35,2758
1775448120545,key-5,481
1775448120545,key-34,5207
1775448120546,key-37,145
1775448120546,key-14,1998
1775448120546,key-13,4471
1775448120547,key-5,483
1775448120547,key-5,483
1775448120548,key-27,1909
1775448120549,key-48,624
1775448120550,key-15,2101
1775448120550,key-41,224
1775448120550,key-12,2283
1775448120551,key-5,487
1775448120551,key-5,487
1775448120552,key-15,2103
1775448120552,key-5,488
1775448120552,key-12,2285
1775448120553,key-5,489
1775448120553,key-5,489
1775448120553,key-5,489
1775448120554,key-5,490
1775448120555,key-39,1658
1775448120555,key-15,2106
1775448120555,key-41,229
1775448120555,key-14,2007
1775448120556,key-14,2008
1775448120557,key-41,231
1775448120557,key-15,2108
1775448120557,key-37,156
1775448120558,key-12,2291
1775448120558,key-26,3378
1775448120559,key-5,495
1775448120559,key-5,495
1775448120561,key-48,635
1775448120561,key-31,49
1775448120561,key-41,235
1775448120561,key-12,2294
1775448120562,key-7,29
1775448120562,key-26,3382
1775448120562,key-5,498
1775448120563,key-15,2114
1775448120564,key-7,31
1775448120565,key-38,235
1775448120565,key-38,235
1775448120565,key-31,53
1775448120566,key-41,240
1775448120566,key-5,502
1775448120568,key-26,3388
1775448120568,key-41,242
1775448120569,key-5,505
1775448120569,key-41,243
1775448120570,key-41,244
1775448120571,key-14,2023
1775448120571,key-41,245
1775448120572,key-8,397
1775448120572,key-17,2951
1775448120573,key-10,2521
1775448120573,key-5,509
1775448120573,key-38,243
1775448120574,key-1,666
1775448120574,key-1,666
1775448120574,key-5,510
1775448120574,key-7,41
1775448120575,key-4,1983
1775448120575,key-20,920
1775448120575,key-26,3395
1775448120575,key-38,245
1775448120577,key-5,513
1775448120577,key-26,3397
1775448120577,key-4,1985
1775448120578,key-5,514
1775448120578,key-26,3398
1775448120579,key-38,249
1775448120579,key-4,1987
1775448120579,key-5,515
1775448120581,key-4,1989
1775448120581,key-18,5028
1775448120583,key-28,1728
1775448120584,key-4,1992
1775448120585,key-18,5032
1775448120585,key-23,1967
1775448120585,key-27,1946
1775448120586,key-20,931
1775448120586,key-25,340
1775448120586,key-34,5248
1775448120587,key-4,1995
1775448120587,key-4,1995
1775448120587,key-5,523
1775448120588,key-2,4925
1775448120588,key-26,3408
1775448120589,key-4,1997
1775448120589,key-25,343
1775448120589,key-23,1971
1775448120590,key-28,1735
1775448120592,key-20,9
1775448120592,key-4,2000
1775448120592,key-18,5039
1775448120593,key-36,771
1775448120593,key-20,10
1775448120594,key-22,6479
1775448120594,key-19,3383
1775448120595,key-5,531
1775448120596,key-49,2456
1775448120596,key-21,7968
1775448120597,key-4,2005
1775448120597,key-22,6482
1775448120597,key-4,2005
1775448120597,key-5,533
1775448120597,key-34,5259
1775448120598,key-34,5260
1775448120599,key-28,1744
1775448120599,key-14,2051
1775448120599,key-5,535
1775448120600,key-4,2008
1775448120600,key-22,6485
1775448120601,key-28,1746
1775448120601,key-18,5048
1775448120601,key-4,2009
1775448120601,key-3,1353
1775448120603,key-18,5050
1775448120604,key-9,1639
1775448120604,key-4,2012
1775448120605,key-5,541
1775448120606,key-49,2466
1775448120606,key-3,1358
1775448120606,key-28,1751
1775448120606,key-21,7978
1775448120607,key-4,2015
1775448120607,key-5,543
1775448120607,key-18,5054
1775448120608,key-16,3917
1775448120608,key-28,1753
1775448120608,key-3,1360
1775448120609,key-18,5056
1775448120609,key-50,326
1775448120609,key-13,4534
1775448120609,key-28,1754
1775448120609,key-3,1361
1775448120611,key-12,2344
1775448120611,key-21,7983
1775448120611,key-24,1098
1775448120612,key-34,5274
1775448120612,key-36,790
1775448120614,key-5,550
1775448120614,key-3,1366
1775448120615,key-28,1760
1775448120615,key-24,1102
1775448120615,key-9,1650
1775448120615,key-3,1367
1775448120616,key-50,333
1775448120616,key-21,7988
1775448120618,key-28,1763
1775448120619,key-32,2234
1775448120619,key-34,5281
1775448120619,key-28,1764
1775448120621,key-3,1373
1775448120622,key-3,1374
1775448120623,key-32,2238
1775448120624,key-3,1376
1775448120624,key-12,2357
1775448120626,key-13,4551
1775448120626,key-24,1113
1775448120626,key-3,1378
1775448120626,key-35,2840
1775448120628,key-50,345
1775448120628,key-3,1380
1775448120630,key-3,1382
1775448120630,key-28,1775
1775448120630,key-8,455
1775448120630,key-5,566
1775448120630,key-34,5292
1775448120631,key-28,1776
1775448120632,key-3,1384
1775448120632,key-28,1777
1775448120632,key-27,1993
1775448120632,key-28,1777
1775448120634,key-8,459
1775448120634,key-35,2848
1775448120634,key-50,351
1775448120635,key-3,1387
1775448120635,key-50,352
1775448120635,key-34,5297
1775448120637,key-21,8009
1775448120637,key-24,1124
1775448120637,key-21,8009
1775448120637,key-32,2252
1775448120637,key-11,860
1775448120639,key-3,1391
1775448120639,key-3,1391
1775448120639,key-35,2853
1775448120640,key-3,1392
1775448120640,key-35,2854
1775448120640,key-3,1392
1775448120640,key-8,465
1775448120641,key-3,1393
1775448120641,key-3,1393
1775448120641,key-3,1393
1775448120642,key-34,5304
1775448120642,key-3,1394
1775448120642,key-34,5304
1775448120642,key-50,359
1775448120643,key-14,2095
1775448120643,key-18,5090
1775448120643,key-46,246
1775448120643,key-34,5305
1775448120643,key-38,313
1775448120645,key-16,3954
1775448120646,key-21,8018
1775448120646,key-34,5308
1775448120646,key-8,471
1775448120646,key-21,8018
1775448120646,key-32,2261
1775448120648,key-38,318
1775448120648,key-18,5095
1775448120648,key-12,2381
1775448120648,key-18,5095
1775448120648,key-46,251
1775448120649,key-3,1401
1775448120649,key-19,3438
1775448120649,key-4,2057
1775448120650,key-26,3470
1775448120650,key-34,5312
1775448120650,key-3,1402
1775448120650,key-14,2102
1775448120651,key-35,2865
1775448120652,key-8,477
1775448120652,key-34,5314
1775448120654,key-38,324
1775448120654,key-3,1406
1775448120655,key-18,5102
1775448120656,key-3,1408
1775448120657,key-14,2109
1775448120657,key-3,1409
1775448120657,key-49,2517
1775448120657,key-18,5104
1775448120658,key-19,3447
1775448120660,key-3,1412
1775448120661,key-10,2609
1775448120661,key-19,3450
1775448120662,key-4,2070
1775448120662,key-19,3451
1775448120663,key-3,1415
1775448120663,key-34,5325
1775448120663,key-12,2396
1775448120664,key-38,334
1775448120664,key-3,1416
1775448120664,key-35,2878
1775448120664,key-19,3453
1775448120665,key-41,339
1775448120665,key-10,2613
1775448120666,key-3,1418
1775448120666,key-18,5113
1775448120666,key-30,1586
1775448120667,key-10,2615
1775448120667,key-14,2119
1775448120667,key-4,2075
1775448120668,key-3,1420
1775448120668,key-45,790
1775448120668,key-18,5115
1775448120668,key-49,2528
1775448120669,key-3,1421
1775448120669,key-10,2617
1775448120670,key-18,5117
1775448120671,key-18,5118
1775448120671,key-49,2531
1775448120673,key-10,2621
1775448120673,key-20,90
1775448120674,key-41,348
1775448120674,key-28,7
1775448120675,key-16,3984
1775448120675,key-14,2127
1775448120676,key-49,2536
1775448120676,key-8,501
1775448120677,key-30,1597
1775448120677,key-6,463
1775448120677,key-14,2129
1775448120678,key-21,8050
1775448120678,key-18,5125
1775448120679,key-3,1431
1775448120679,key-41,353
1775448120679,key-3,1431
1775448120680,key-28,13
1775448120680,key-7,147
1775448120681,key-47,1037
1775448120681,key-49,2541
1775448120681,key-21,8053
1775448120682,key-16,3991
1775448120682,key-30,1602
1775448120684,key-27,2045
1775448120684,key-49,2544
1775448120685,key-16,3994
1775448120685,key-16,3994
1775448120685,key-6,471
1775448120686,key-8,511
1775448120686,key-28,19
1775448120686,key-14,2138
1775448120686,key-18,5133
1775448120686,key-18,5133
1775448120687,key-3,1439
1775448120687,key-16,3996
1775448120687,key-47,1043
1775448120687,key-18,5134
1775448120688,key-14,2140
1775448120688,key-18,5135
1775448120688,key-30,1608
1775448120690,key-49,2550
1775448120690,key-18,5137
1775448120690,key-28,23
1775448120691,key-21,8063
1775448120691,key-30,1611
1775448120692,key-6,478
1775448120693,key-16,4002
1775448120693,key-23,2075
1775448120693,key-18,5140
1775448120694,key-13,4619
1775448120695,key-18,5142
1775448120695,key-8,520
1775448120695,key-18,5142
1775448120695,key-16,4004
1775448120696,key-28,29
1775448120697,key-47,1053
1775448120697,key-18,5144
1775448120697,key-18,5144
1775448120697,key-30,1617
1775448120698,key-6,484
1775448120698,key-47,1054
1775448120698,key-35,2912
1775448120699,key-30,1619
1775448120699,key-40,3566
1775448120701,key-30,1621
1775448120701,key-18,5148
1775448120701,key-10,2649
1775448120702,key-13,4627
1775448120702,key-18,5149
1775448120702,key-47,1058
1775448120703,key-40,3570
1775448120703,key-30,1623
1775448120704,key-15,2255
1775448120704,key-47,1060
1775448120704,key-30,1624
1775448120706,key-27,2067
1775448120706,key-6,492
1775448120706,key-42,4484
1775448120707,key-6,493
1775448120707,key-47,1063
1775448120708,key-8,533
1775448120709,key-35,2923
1775448120710,key-27,2071
1775448120710,key-6,496
1775448120710,key-17,3089
1775448120711,key-27,2072
1775448120711,key-24,1198
1775448120711,key-11,934
1775448120711,key-13,4636
1775448120714,key-30,1634
1775448120714,key-6,500
1775448120714,key-35,2928
1775448120715,key-17,3094
1775448120715,key-18,5162
1775448120715,key-47,1071
1775448120715,key-46,318
1775448120717,key-35,2931
1775448120718,key-47,1074
1775448120718,key-6,504
1775448120720,key-40,3587
1775448120720,key-26,3540
1775448120720,key-24,1207
1775448120721,key-10,2669
1775448120721,key-24,1208
1775448120721,key-35,2935
1775448120721,key-30,1641
1775448120722,key-18,5169
1775448120722,key-46,325
1775448120723,key-35,2937
1775448120723,key-13,4648
1775448120723,key-18,5170
1775448120723,key-40,3590
1775448120724,key-28,57
1775448120725,key-11,948
1775448120726,key-7,193
1775448120727,key-1,819
1775448120729,key-24,1216
1775448120729,key-35,2943
1775448120730,key-30,1650
1775448120732,key-35,2946
1775448120732,key-9,1767
1775448120732,key-18,5179
1775448120732,key-6,518
1775448120733,key-32,2348
1775448120733,key-25,487
1775448120734,key-47,1090
1775448120734,key-40,3601
1775448120734,key-48,809
1775448120734,key-35,2948
1775448120735,key-8,560
1775448120736,key-24,1223
1775448120736,key-46,339
1775448120736,key-22,6621
1775448120738,key-40,3605
1775448120738,key-46,341
1775448120740,key-40,3607
1775448120740,key-30,1660
1775448120740,key-32,2355
1775448120740,key-28,73
1775448120741,key-40,3608
1775448120741,key-8,566
1775448120741,key-24,1228
1775448120742,key-7,209
1775448120742,key-13,4667
1775448120744,key-24,1231
1775448120744,key-35,2958
1775448120744,key-7,211
1775448120744,key-11,967
1775448120744,key-8,569
1775448120745,key-32,2360
1775448120745,key-50,462
1775448120745,key-46,348
1775448120746,key-6,532
1775448120747,key-48,822
1775448120747,key-25,501
1775448120747,key-28,80
1775448120748,key-28,81
1775448120748,key-40,3615
1775448120748,key-48,823
1775448120749,key-7,216
1775448120749,key-22,6634
1775448120749,key-34,5411
1775448120749,key-8,574
1775448120749,key-32,2364
1775448120751,key-46,354
1775448120751,key-1,843
1775448120751,key-21,8123
1775448120764,key-32,2379
1775448120764,key-11,987
1775448120764,key-40,3631
1775448120767,key-13,4692
1775448120767,key-32,2382
1775448120768,key-25,522
1775448120768,key-28,101
1775448120769,key-8,594
1775448120769,key-13,4694
1775448120769,key-40,3636
1775448120772,key-34,5434
1775448120772,key-1,864
1775448120772,key-35,2986
1775448120772,key-25,526
1775448120773,key-48,848
1775448120773,key-36,951
1775448120773,key-21,8145
1775448120773,key-10,2721
1775448120773,key-17,3152
1775448120773,key-32,2388
1775448120773,key-21,8145
1775448120773,key-28,106
1775448120774,key-22,6659
1775448120774,key-6,560
1775448120775,key-24,1262
1775448120775,key-17,3154
1775448120775,key-48,850
1775448120776,key-13,4701
1775448120776,key-50,493
1775448120776,key-48,851
1775448120776,key-28,109
1775448120776,key-46,379
1775448120777,key-1,869
1775448120778,key-48,853
1775448120778,key-39,1881
1775448120778,key-21,8150
1775448120778,key-19,3567
1775448120778,key-7,245
1775448120779,key-35,2993
1775448120779,key-8,604
1775448120780,key-40,3647
1775448120780,key-28,113
1775448120780,key-39,1883
1775448120780,key-48,855
1775448120780,key-1,872
1775448120780,key-27,2141
1775448120781,key-8,606
1775448120781,key-28,114
1775448120782,key-21,8154
1775448120782,key-40,3649
1775448120782,key-17,3161
1775448120784,key-28,117
1775448120784,key-28,117
1775448120784,key-10,2732
1775448120785,key-22,6670
1775448120785,key-21,8157
1775448120786,key-46,389
1775448120786,key-50,503
1775448120787,key-7,254
1775448120787,key-27,2148
1775448120787,key-1,879
1775448120787,key-19,3576
1775448120787,key-48,862
1775448120788,key-28,121
1775448120789,key-30,1709
1775448120789,key-21,8
1775448120789,key-10,2737
1775448120790,key-50,507
1775448120790,key-11,1013
1775448120791,key-19,3580
1775448120791,key-49,2651
1775448120791,key-17,3170
1775448120792,key-19,3581
1775448120792,key-46,395
1775448120793,key-22,6678
1775448120794,key-19,3583
1775448120794,key-10,2742
1775448120794,key-48,869
1775448120795,key-46,398
1775448120795,key-17,3174
1775448120796,key-46,399
1775448120796,key-10,2744
1775448120796,key-10,2744
1775448120796,key-17,3175
1775448120799,key-10,2747
1775448120799,key-19,3588
1775448120799,key-14,5
1775448120800,key-17,3179
1775448120800,key-28,133
1775448120801,key-10,2749
1775448120801,key-46,404
1775448120802,key-17,3181
1775448120802,key-46,405
1775448120803,key-10,2751
1775448120804,key-17,3183
1775448120804,key-46,407
1775448120804,key-14,10
1775448120806,key-47,1162
1775448120807,key-19,3596
1775448120807,key-10,2755
1775448120808,key-10,2756
1775448120808,key-46,411
1775448120808,key-36,986
1775448120808,key-10,2756
1775448120809,key-10,2757
1775448120810,key-10,2758
1775448120810,key-46,413
1775448120810,key-46,413
1775448120812,key-10,2760
1775448120812,key-17,3191
1775448120812,key-46,415
1775448120813,key-14,19
1775448120813,key-46,416
1775448120814,key-4,2222
1775448120814,key-10,2762
1775448120815,key-17,3194
1775448120816,key-7,283
1775448120816,key-10,2764
1775448120816,key-19,3605
1775448120816,key-12,2549
1775448120817,key-46,420
1775448120817,key-10,2765
1775448120817,key-10,2765
1775448120818,key-25,572
1775448120818,key-10,2766
1775448120819,key-10,2767
1775448120819,key-7,286
1775448120820,key-10,2768
1775448120820,key-10,2768
1775448120821,key-46,424
1775448120821,key-10,2769
1775448120821,key-18,5268
1775448120821,key-46,424
1775448120821,key-10,2769
1775448120821,key-46,424
1775448120822,key-19,3611
1775448120823,key-37,422
1775448120823,key-10,2771
1775448120825,key-10,2773
1775448120826,key-18,5273
1775448120826,key-10,2774
1775448120826,key-12,2559
1775448120827,key-10,2775
1775448120827,key-37,426
1775448120828,key-18,5275
1775448120828,key-37,427
1775448120828,key-12,2561
1775448120829,key-38,499
1775448120829,key-7,296
1775448120830,key-10,2778
1775448120830,key-25,584
1775448120830,key-12,2563
1775448120830,key-37,429
1775448120831,key-7,298
1775448120831,key-26,3651
1775448120831,key-11,1054
1775448120831,key-5,767
1775448120832,key-37,431
1775448120833,key-18,5280
1775448120833,key-25,587
1775448120833,key-7,300
1775448120833,key-10,2781
1775448120834,key-38,504
1775448120834,key-18,5281
1775448120835,key-12,2568
1775448120836,key-7,303
1775448120836,key-7,303
1775448120836,key-11,1059
1775448120837,key-12,2570
1775448120837,key-25,591
1775448120837,key-7,304
1775448120837,key-16,4146
1775448120840,key-18,5287
1775448120840,key-2,5177
1775448120841,key-7,308
1775448120842,key-18,5289
1775448120842,key-32,2457
1775448120843,key-10,2791
1775448120844,key-7,311
1775448120844,key-5,780
1775448120845,key-37,444
1775448120845,key-37,444
1775448120845,key-18,5292
1775448120846,key-38,516
1775448120846,key-7,313
1775448120846,key-16,4155
1775448120846,key-16,4155
1775448120847,key-37,446
1775448120848,key-18,5295
1775448120850,key-5,786
1775448120850,key-22,6735
1775448120850,key-9,1885
1775448120850,key-4,2258
1775448120852,key-5,788
1775448120852,key-16,4161
1775448120852,key-5,788
1775448120852,key-2,5189
1775448120853,key-14,59
1775448120853,key-10,2801
1775448120853,key-5,789
1775448120854,key-17,3233
1775448120855,key-39,1958
1775448120856,key-18,6
1775448120856,key-29,3281
1775448120856,key-4,2264
1775448120856,key-17,3235
1775448120857,key-16,4166
1775448120857,key-7,324
1775448120857,key-31,345
1775448120859,key-17,3238
1775448120859,key-10,2807
1775448120860,key-22,6745
1775448120861,key-37,2
1775448120862,key-22,6747
1775448120862,key-31,350
1775448120862,key-5,798
1775448120863,key-10,2811
1775448120863,key-36,1041
1775448120864,key-18,14
1775448120864,key-39,1967
1775448120864,key-17,3243
1775448120865,key-29,3290
1775448120866,key-16,4175
1775448120866,key-31,354
1775448120867,key-35,3081
1775448120868,key-29,3293
1775448120869,key-37,10
1775448120869,key-31,357
1775448120870,key-18,20
1775448120870,key-17,3249
1775448120870,key-4,2278
1775448120871,key-5,807
1775448120872,key-10,2820
1775448120873,key-37,14
1775448120873,key-42,4651
1775448120873,key-40,3740
1775448120873,key-39,1976
1775448120873,key-16,4182
1775448120874,key-7,341
1775448120874,key-24,1361
1775448120875,key-17,3254
1775448120875,key-16,4184
1775448120875,key-22,6760
1775448120875,key-20,292
1775448120876,key-31,364
1775448120877,key-38,547
1775448120877,key-17,3256
1775448120877,key-28,66
1775448120878,key-29,3303
1775448120878,key-31,366
1775448120878,key-14,84
1775448120878,key-18,28
1775448120879,key-10,2827
1775448120879,key-18,29
1775448120880,key-42,4658
1775448120880,key-10,2828
1775448120880,key-39,1983
1775448120880,key-31,368
1775448120880,key-48,955
1775448120881,key-16,4190
1775448120882,key-18,32
1775448120882,key-45,1004
1775448120882,key-36,1060
1775448120883,key-31,371
1775448120883,key-20,300
1775448120883,key-24,1370
1775448120883,key-16,4192
1775448120884,key-39,1987
1775448120885,key-42,4663
1775448120885,key-2,5222
1775448120885,key-25,639
1775448120886,key-42,4664
1775448120886,key-31,374
1775448120886,key-18,36
1775448120886,key-39,1989
1775448120887,key-18,37
1775448120887,key-45,1009
1775448120887,key-10,2835
1775448120887,key-45,1009
1775448120888,key-42,4666
1775448120889,key-2,5226
1775448120889,key-31,377
1775448120890,key-10,2838
1775448120891,key-42,4669
1775448120891,key-24,1378
1775448120891,key-45,1013
1775448120891,key-39,1994
1775448120892,key-35,3106
1775448120892,key-20,309
1775448120892,key-42,4670
1775448120893,key-24,1380
1775448120893,key-48,968
1775448120894,key-34,5556
1775448120896,key-35,3110
1775448120896,key-39,1999
1775448120896,key-18,46
1775448120897,key-37,38
1775448120898,key-2,5235
1775448120899,key-24,1386
1775448120902,key-3,1654
1775448120904,key-42,4682
1775448120904,key-39,2007
1775448120905,key-39,2008
1775448120905,key-39,2008
1775448120905,key-24,1392
1775448120905,key-34,5567
1775448120905,key-47,1261
1775448120905,key-18,55
1775448120905,key-4,2313
1775448120906,key-27,2267
1775448120906,key-34,5568
1775448120906,key-45,1028
1775448120906,key-48,981
1775448120906,key-31,394
1775448120906,key-39,2009
1775448120907,key-42,4685
1775448120908,key-50,625
1775448120908,key-49,2768
1775448120909,key-34,5571
1775448120909,key-45,1031
1775448120909,key-24,1396
1775448120910,key-19,3699
1775448120910,key-15,166
1775448120910,key-39,2013
1775448120910,key-34,5572
1775448120911,key-39,2014
1775448120912,key-30,1832
1775448120912,key-39,2015
1775448120912,key-9,1947
1775448120912,key-10,2860
1775448120913,key-50,630
1775448120913,key-45,1035
1775448120913,key-34,5575
1775448120913,key-27,2274
1775448120914,key-39,2017
1775448120916,key-2,5253
1775448120916,key-42,4694
1775448120916,key-48,991
1775448120916,key-50,633
1775448120917,key-9,1952
1775448120917,key-19,3706
1775448120917,key-30,1837
1775448120917,key-45,1039
1775448120917,key-45,1039
1775448120919,key-19,3708
1775448120920,key-45,1042
1775448120920,key-45,1042
1775448120920,key-27,2281
1775448120921,key-19,3710
1775448120922,key-45,1044
1775448120922,key-34,5584
1775448120923,key-41,597
1775448120924,key-45,1046
1775448120924,key-45,1046
1775448120925,key-9,1960
1775448120925,key-37,66
1775448120925,key-19,3714
1775448120925,key-39,2028
1775448120925,key-27,2286
1775448120926,key-50,643
1775448120927,key-27,2288
1775448120927,key-9,1962
1775448120927,key-27,2288
1775448120928,key-9,1963
1775448120928,key-41,602
1775448120929,key-39,2032
1775448120929,key-19,3718
1775448120930,key-9,1965
1775448120930,key-45,1052
1775448120931,key-31,419
1775448120931,key-27,2292
1775448120931,key-9,1966
1775448120932,key-22,6817
1775448120932,key-5,868
1775448120933,key-27,2294
1775448120933,key-27,2294
1775448120935,key-40,3802
1775448120936,key-27,2297
1775448120936,key-19,3725
1775448120937,key-12,2670
1775448120937,key-45,1059
1775448120938,key-19,3727
1775448120938,key-27,2299
1775448120938,key-9,1973
1775448120938,key-32,2553
1775448120938,key-9,1973
1775448120938,key-9,1973
1775448120939,key-9,1974
1775448120941,key-4,2349
1775448120941,key-31,429
1775448120941,key-9,1976
1775448120941,key-28,130
1775448120942,key-14,148
1775448120942,key-45,1064
1775448120942,key-47,1298
1775448120942,key-19,3731
1775448120942,key-9,1977
1775448120942,key-5,878
1775448120942,key-45,1064
1775448120943,key-9,1978
1775448120943,key-27,2304
1775448120944,key-27,2305
1775448120945,key-45,1067
1775448120946,key-28,135
1775448120946,key-9,1981
1775448120947,key-9,1982
1775448120947,key-27,2308
1775448120948,key-9,1983
1775448120948,key-2,5285
1775448120948,key-19,3737
1775448120949,key-14,155
1775448120949,key-45,1071
1775448120951,key-28,140
1775448120952,key-9,1987
1775448120952,key-9,1987
1775448120952,key-45,1074
1775448120953,key-27,2314
1775448120954,key-48,1029
1775448120955,key-28,144
1775448120955,key-9,1990
1775448120955,key-9,1990
1775448120956,key-45,1078
1775448120956,key-27,2317
1775448120956,key-5,892
1775448120957,key-27,2318
1775448120957,key-27,2318
1775448120957,key-19,3746
1775448120958,key-9,1993
1775448120958,key-21,177
1775448120958,key-45,1080
1775448120959,key-9,1994
1775448120960,key-27,2321
1775448120960,key-4,2368
1775448120961,key-35,3175
1775448120961,key-9,1996
1775448120962,key-42,4740
1775448120962,key-1,1054
1775448120963,key-8,788
1775448120965,key-9,2000
1775448120965,key-27,2326
1775448120965,key-9,2000
1775448120965,key-27,2326
1775448120966,key-9,2001
1775448120966,key-42,4744
1775448120966,key-9,2001
1775448120966,key-27,2327
1775448120966,key-34,5628
1775448120966,key-35,3180
1775448120967,key-11,6
1775448120968,key-45,1090
1775448120968,key-35,3182
1775448120968,key-28,157
1775448120968,key-9,2003
1775448120969,key-34,5631
1775448120969,key-34,5631
1775448120969,key-45,1091
1775448120971,key-27,2332
1775448120972,key-35,3186
1775448120972,key-1,1064
1775448120973,key-35,3187
1775448120973,key-9,2008
1775448120973,key-9,2008
1775448120974,key-45,1096
1775448120974,key-9,2009
1775448120976,key-15,232
1775448120976,key-9,2011
1775448120976,key-16,4285
1775448120976,key-28,165
1775448120976,key-9,2011
1775448120977,key-35,3191
1775448120977,key-34,5639
1775448120977,key-35,3191
1775448120977,key-23,2359
1775448120979,key-48,1054
1775448120979,key-22,6864
1775448120979,key-16,4288
1775448120980,key-36,1158
1775448120981,key-9,2016
1775448120982,key-35,3196
1775448120982,key-1,1074
1775448120982,key-15,238
1775448120983,key-48,1058
1775448120984,key-9,2019
1775448120984,key-28,173
1775448120985,key-28,174
1775448120985,key-9,2020
1775448120986,key-36,1164
1775448120986,key-35,3200
1775448120986,key-26,3806
1775448120987,key-9,2022
1775448120987,key-20,404
1775448120988,key-28,177
1775448120988,key-9,2023
1775448120989,key-28,178
1775448120990,key-9,2025
1775448120991,key-12,2724
1775448120991,key-35,3205
1775448120991,key-35,3205
1775448120991,key-35,3205
1775448120992,key-36,1170
1775448120992,key-15,248
1775448120993,key-9,2028
1775448120993,key-48,1068
1775448120994,key-48,1069
1775448120994,key-16,4303
1775448120994,key-9,2029
1775448120994,key-16,4303
1775448120995,key-39,2098
1775448120996,key-41,670
1775448120996,key-35,3210
1775448120996,key-23,2378
1775448120996,key-23,2378
1775448120997,key-47,1353
1775448120997,key-36,1175
1775448120998,key-15,254
1775448120999,key-48,1074
1775448121000,key-39,2103
1775448121000,key-29,3425
1775448121000,key-48,1075
1775448121001,key-39,2104
1775448121001,key-36,1179
1775448121001,key-13,4926
1775448121001,key-13,4926
1775448121001,key-41,675
1775448121001,key-9,2036
1775448121002,key-23,2384
1775448121002,key-23,2384
1775448121002,key-21,221
1775448121003,key-16,4312
1775448121004,key-35,3218
1775448121005,key-36,1183
1775448121005,key-10,2953
1775448121005,key-13,4930
1775448121005,key-13,4930
1775448121006,key-15,262
1775448121006,key-41,680
1775448121006,key-36,1184
1775448121008,key-19,3797
1775448121008,key-39,2111
1775448121008,key-29,3433
1775448121008,key-35,3222
1775448121009,key-29,3434
1775448121009,key-23,2391
1775448121010,key-39,2113
1775448121011,key-32,2626
1775448121011,key-41,685
1775448121011,key-45,1133
1775448121012,key-25,766
1775448121012,key-35,3226
1775448121012,key-13,4937
1775448121012,key-13,4937
1775448121012,key-29,3437
1775448121012,key-15,268
1775448121014,key-1,1106
1775448121015,key-32,2630
1775448121015,key-41,689
1775448121015,key-25,769
1775448121015,key-45,1137
1775448121016,key-41,690
1775448121016,key-16,4325
1775448121017,key-15,273
1775448121017,key-18,167
1775448121017,key-41,691
1775448121018,key-7,485
1775448121019,key-1,1111
1775448121019,key-40,3886
1775448121019,key-19,3808
1775448121020,key-41,694
1775448121020,key-45,1142
1775448121022,key-15,278
1775448121022,key-40,3889
1775448121022,key-41,696
1775448121023,key-15,279
1775448121023,key-27,2384
1775448121024,key-32,2639
1775448121024,key-41,698
1775448121025,key-40,3892
1775448121025,key-41,699
1775448121026,key-26,3846
1775448121026,key-40,3893
1775448121026,key-2,5363
1775448121026,key-15,282
1775448121027,key-41,701
1775448121027,key-41,701
1775448121027,key-45,1149
1775448121027,key-16,4336
1775448121027,key-41,701
1775448121027,key-22,6912
1775448121028,key-27,2389
1775448121029,key-25,783
1775448121030,key-16,4339
1775448121031,key-41,705
1775448121032,key-25,786
1775448121032,key-41,706
1775448121032,key-15,288
1775448121033,key-15,289
1775448121033,key-11,72
1775448121034,key-26,3854
1775448121035,key-41,709
1775448121035,key-41,709
1775448121035,key-16,4344
1775448121035,key-41,709
1775448121035,key-25,789
1775448121035,key-6,821
1775448121036,key-2,5373
1775448121036,key-16,4345
1775448121038,key-40,3905
1775448121038,key-41,712
1775448121038,key-16,4347
1775448121038,key-41,712
1775448121038,key-26,3858
1775448121039,key-27,2400
1775448121039,key-27,2400
1775448121040,key-26,3860
1775448121040,key-6,826
1775448121040,key-40,3907
1775448121040,key-11,79
1775448121041,key-41,715
1775448121041,key-41,715
1775448121042,key-15,298
1775448121045,key-16,4354
1775448121045,key-26,3865
1775448121046,key-16,4355
1775448121047,key-25,801
1775448121047,key-41,721
1775448121048,key-41,722
1775448121048,key-16,4357
1775448121049,key-40,3916
1775448121050,key-40,3917
1775448121050,key-17,3429
1775448121050,key-16,4359
1775448121051,key-27,2412
1775448121052,key-26,3872
1775448121052,key-41,726
1775448121053,key-40,3920
1775448121054,key-45,1176
1775448121054,key-26,3874
1775448121054,key-41,728
1775448121055,key-26,3875
1775448121055,key-35,3269
1775448121055,key-39,2158
1775448121055,key-37,196
1775448121055,key-41,2
1775448121055,key-16,4364
1775448121055,key-25,809
1775448121056,key-6,842
1775448121056,key-16,4365
1775448121056,key-40,3923
1775448121057,key-41,4
1775448121057,key-26,3877
1775448121057,key-10,3005
1775448121057,key-16,4366
1775448121058,key-45,1180
1775448121058,key-10,3006
1775448121059,key-10,3007
1775448121060,key-16,4369
1775448121060,key-26,3880
1775448121061,key-26,3881
1775448121061,key-16,4370
1775448121062,key-15,318
1775448121062,key-45,1184
1775448121063,key-45,1185
1775448121063,key-22,6948
1775448121063,key-10,3011
1775448121064,key-25,818
1775448121064,key-40,3931
1775448121067,key-16,4376
1775448121067,key-17,3446
1775448121068,key-10,3016
1775448121069,key-10,3017
1775448121070,key-41,17
1775448121070,key-16,4379
1775448121071,key-4,2479
1775448121073,key-26,3893
1775448121073,key-45,1195
1775448121074,key-10,3022
1775448121075,key-17,3454
1775448121075,key-45,1197
1775448121075,key-25,829
1775448121075,key-21,294
1775448121076,key-10,3024
1775448121076,key-10,3024
1775448121077,key-20,494
1775448121078,key-26,3898
1775448121078,key-16,4387
1775448121078,key-25,832
1775448121078,key-22,6963
1775448121079,key-10,3027
1775448121079,key-4,2487
1775448121079,key-10,3027
1775448121080,key-10,3028
1775448121080,key-17,3459
1775448121081,key-21,300
1775448121081,key-10,3029
1775448121081,key-26,3901
1775448121082,key-46,685
1775448121082,key-45,1204
1775448121082,key-41,29
1775448121083,key-28,272
1775448121083,key-20,500
1775448121083,key-31,571
1775448121085,key-21,304
1775448121085,key-31,573
1775448121085,key-17,3464
1775448121085,key-9,2120
1775448121086,key-26,3906
1775448121086,key-10,3034
1775448121087,key-10,3035
1775448121087,key-28,276
1775448121088,key-21,307
1775448121088,key-20,505
1775448121088,key-4,2496
1775448121089,key-8,914
1775448121089,key-10,3037
1775448121089,key-9,2124
1775448121089,key-17,3468
1775448121090,key-41,37
1775448121090,key-45,1212
1775448121091,key-10,3039
1775448121091,key-24,1578
1775448121092,key-21,311
1775448121093,key-10,3041
1775448121093,key-41,40
1775448121093,key-10,3041
1775448121093,key-10,3041
1775448121094,key-10,3042
1775448121094,key-39,2197
1775448121094,key-8,919
1775448121095,key-20,512
1775448121097,key-17,3476
1775448121098,key-42,4876
1775448121098,key-10,3046
1775448121098,key-42,4876
1775448121099,key-21,318
1775448121099,key-41,46
1775448121099,key-49,2959
1775448121099,key-10,3047
1775448121100,key-10,3048
1775448121100,key-39,2203
1775448121100,key-42,4878
1775448121100,key-10,3048
1775448121101,key-35,3315
1775448121102,key-20,519
1775448121103,key-10,3051
1775448121103,key-10,3051
1775448121104,key-20,521
1775448121105,key-41,52
1775448121105,key-42,4883
1775448121105,key-10,3053
1775448121106,key-22,6991
1775448121106,key-42,4884
1775448121107,key-10,3055
1775448121107,key-10,3055
1775448121107,key-11,146
1775448121107,key-10,3055
1775448121108,key-15,364
1775448121109,key-3,1861
1775448121109,key-32,2724
1775448121110,key-10,3058
1775448121110,key-20,527
1775448121110,key-10,3058
1775448121111,key-41,58
1775448121111,key-19,3900
1775448121111,key-20,528
1775448121111,key-31,599
1775448121111,key-35,3325
1775448121113,key-10,3061
1775448121113,key-20,530
1775448121113,key-11,152
1775448121113,key-26,3933
1775448121113,key-19,3902
1775448121114,key-27,2475
1775448121115,key-26,3935
1775448121115,key-11,154
1775448121116,key-41,63
1775448121116,key-20,533
1775448121117,key-39,2220
1775448121118,key-20,535
1775448121118,key-10,3066
1775448121118,key-41,65
1775448121120,key-31,608
1775448121121,key-42,4899
1775448121121,key-39,2224
1775448121121,key-3,1873
1775448121122,key-3,1874
1775448121123,key-27,2484
1775448121123,key-25,877
1775448121123,key-11,162
1775448121123,key-49,2983
1775448121123,key-20,540
1775448121124,key-20,541
1775448121124,key-20,541
1775448121125,key-50,842
1775448121125,key-1,1217
1775448121125,key-10,3073
1775448121126,key-28,315
1775448121126,key-20,543
1775448121127,key-30,2047
1775448121129,key-25,883
1775448121129,key-41,76
1775448121129,key-39,2232
1775448121129,key-10,3077
1775448121130,key-6,916
1775448121131,key-14,337
1775448121132,key-20,549
1775448121132,key-25,886
1775448121132,key-35,3346
1775448121134,key-27,2495
1775448121134,key-39,2237
1775448121134,key-49,2994
1775448121135,key-20,552
1775448121135,key-30,2055
1775448121135,key-49,2995
1775448121135,key-20,552
1775448121135,key-10,3083
1775448121135,key-20,552
1775448121136,key-39,2239
1775448121136,key-20,553
1775448121136,key-10,3084
1775448121136,key-20,553
1775448121137,key-41,84
1775448121138,key-49,2998
1775448121138,key-20,555
1775448121139,key-49,2999
1775448121139,key-19,3928
1775448121140,key-25,894
1775448121141,key-41,88
1775448121142,key-20,559
1775448121143,key-49,3003
1775448121143,key-41,90
1775448121144,key-41,91
1775448121144,key-20,561
1775448121145,key-20,562
1775448121146,key-18,296
1775448121147,key-20,564
1775448121148,key-20,565
1775448121149,key-37,290
1775448121150,key-10,3098
1775448121150,key-20,567
1775448121150,key-19,3939
1775448121150,key-49,3010
1775448121150,key-31,638
1775448121152,key-10,3100
1775448121152,key-9,2187
1775448121153,key-20,570
1775448121153,key-49,3013
1775448121153,key-20,570
1775448121153,key-20,570
1775448121155,key-42,4933
1775448121155,key-41,102
1775448121155,key-8,980
1775448121155,key-36,124
1775448121155,key-41,102
1775448121156,key-2,5493
1775448121157,key-49,3017
1775448121158,key-22,7043
1775448121158,key-20,575
1775448121158,key-18,308
1775448121159,key-20,576
1775448121159,key-49,3019
1775448121159,key-31,647
1775448121159,key-16,4468
1775448121159,key-20,576
1775448121159,key-13,5084
1775448121160,key-9,2195
1775448121160,key-20,577
1775448121160,key-37,301
1775448121160,key-20,577
1775448121160,key-20,577
1775448121160,key-36,129
1775448121160,key-2,5497
1775448121161,key-25,915
1775448121161,key-20,578
1775448121161,key-41,108
1775448121161,key-48,1236
1775448121161,key-20,578
1775448121161,key-20,578
1775448121162,key-2,5499
1775448121162,key-36,131
1775448121162,key-31,650
1775448121163,key-11,202
1775448121163,key-36,132
1775448121163,key-20,580
1775448121166,key-2,5503
1775448121166,key-20,583
1775448121167,key-31,655
1775448121167,key-38,837
1775448121168,key-2,5505
1775448121169,key-37,310
1775448121169,key-46,772
1775448121170,key-11,209
1775448121172,key-20,589
1775448121172,key-36,141
1775448121172,key-25,926
1775448121173,key-11,212
1775448121173,key-5,1109
1775448121173,key-36,142
1775448121173,key-41,120
1775448121173,key-16,4482
1775448121174,key-36,143
1775448121174,key-31,662
1775448121174,key-11,213
1775448121175,key-2,5512
1775448121176,key-20,593
1775448121176,key-18,326
1775448121176,key-36,145
1775448121176,key-11,215
1775448121176,key-46,779
1775448121177,key-36,146
1775448121177,key-37,318
1775448121178,key-20,595
1775448121178,key-36,147
1775448121180,key-20,597
1775448121182,key-48,1257
1775448121182,key-20,599
1775448121183,key-32,2798
1775448121183,key-15,439
1775448121185,key-5,1121
1775448121185,key-36,154
1775448121185,key-2,5522
1775448121186,key-11,225
1775448121186,key-48,1261
1775448121187,key-18,337
1775448121188,key-37,329
1775448121188,key-11,227
1775448121188,key-18,338
1775448121189,key-30,2109
1775448121189,key-5,1125
1775448121189,key-36,158
1775448121189,key-36,158
1775448121189,key-37,330
1775448121189,key-20,606
1775448121189,key-15,445
1775448121189,key-38,859
1775448121190,key-36,159
1775448121190,key-23,2572
1775448121190,key-11,229
1775448121193,key-18,343
1775448121194,key-37,335
1775448121194,key-7,661
1775448121195,key-36,164
1775448121196,key-18,346
1775448121196,key-5,1132
1775448121196,key-37,337
1775448121196,key-15,452
1775448121196,key-11,235
1775448121196,key-36,165
1775448121197,key-36,166
1775448121197,key-5,1133
1775448121198,key-18,348
1775448121199,key-19,3988
1775448121199,key-25,953
1775448121199,key-8,1024
1775448121200,key-37,341
1775448121200,key-48,1275
1775448121200,key-18,350
1775448121200,key-45,1322
1775448121200,key-11,239
1775448121201,key-18,351
1775448121202,key-37,343
1775448121202,key-15,458
1775448121202,key-31,690
1775448121203,key-42,4981
1775448121203,key-5,1139
1775448121203,key-37,344
1775448121204,key-25,958
1775448121204,key-15,460
1775448121204,key-7,671
1775448121204,key-37,345
1775448121204,key-23,2586
1775448121204,key-36,173
1775448121205,key-19,3994
1775448121205,key-36,174
1775448121205,key-11,244
1775448121206,key-27,2567
1775448121206,key-26,4026
1775448121206,key-48,1281
1775448121207,key-7,674
1775448121207,key-4,2615
1775448121207,key-11,246
1775448121210,key-4,2618
1775448121210,key-23,2592
1775448121211,key-9,2246
1775448121211,key-7,678
1775448121211,key-5,1147
1775448121212,key-4,2620
1775448121213,key-23,2595
1775448121213,key-4,2621
1775448121214,key-11,253
1775448121216,key-16,4525
1775448121216,key-23,2598
1775448121216,key-19,4005
1775448121216,key-9,2251
1775448121216,key-49,3076
1775448121217,key-35,3431
1775448121217,key-36,186
1775448121217,key-5,1153
1775448121218,key-23,2600
1775448121218,key-4,2626
1775448121218,key-27,2579
1775448121218,key-23,2600
1775448121219,key-4,2627
1775448121219,key-23,2601
1775448121220,key-7,687
1775448121220,key-31,708
1775448121221,key-49,3081
1775448121222,key-7,689
1775448121223,key-49,3083
1775448121224,key-49,3084
1775448121224,key-49,3084
1775448121225,key-19,4014
1775448121225,key-4,2633
1775448121226,key-4,2634
1775448121226,key-49,3086
1775448121226,key-27,2587
1775448121228,key-22,7113
1775448121228,key-23,2610
1775448121229,key-2,5566
1775448121229,key-7,696
1775448121229,key-23,2611
1775448121229,key-4,2637
1775448121229,key-4,2637
1775448121230,key-27,2591
1775448121230,key-4,2638
1775448121231,key-31,719
1775448121231,key-7,698
1775448121231,key-30,2151
1775448121232,key-31,720
1775448121235,key-23,2617
1775448121235,key-4,2643
1775448121236,key-49,3096
1775448121237,key-4,2645
1775448121237,key-30,2157
1775448121237,key-35,3451
1775448121238,key-13,5163
1775448121238,key-7,705
1775448121239,key-27,2600
1775448121239,key-27,2600
1775448121239,key-30,2159
1775448121239,key-20,48
1775448121239,key-4,2647
1775448121239,key-4,2647
1775448121241,key-26,4061
1775448121241,key-31,729
1775448121241,key-4,2649
1775448121242,key-23,2624
1775448121242,key-39,2345
1775448121242,key-8,1067
1775448121242,key-36,211
1775448121242,key-4,2650
1775448121242,key-4,2650
1775448121243,key-4,2651
1775448121243,key-30,2163
1775448121243,key-17,3622
1775448121243,key-23,2625
1775448121243,key-42,5021
1775448121244,key-20,53
1775448121244,key-2,5581
1775448121245,key-6,1031
1775448121246,key-4,2654
1775448121246,key-4,2654
1775448121246,key-47,1602
1775448121247,key-20,56
1775448121248,key-39,2351
1775448121248,key-47,1604
1775448121249,key-4,2657
1775448121249,key-8,1074
1775448121249,key-30,2169
1775448121250,key-4,2658
1775448121250,key-4,2658
1775448121251,key-23,2633
1775448121251,key-23,2633
1775448121252,key-20,61
1775448121252,key-17,3631
1775448121254,key-4,2662
1775448121254,key-4,2662
1775448121254,key-20,63
1775448121255,key-23,2637
1775448121256,key-8,1081
1775448121257,key-4,2665
1775448121258,key-13,5183
1775448121259,key-25,1013
1775448121259,key-8,1084
1775448121260,key-23,2642
1775448121260,key-21,479
1775448121260,key-4,2668
1775448121260,key-4,2668
1775448121261,key-40,4128
1775448121261,key-33,258
1775448121261,key-23,2643
1775448121262,key-20,71
1775448121263,key-33,260
1775448121263,key-18,413
1775448121264,key-37,405
1775448121265,key-23,2647
1775448121267,key-19,4056
1775448121267,key-3,2019
1775448121267,key-4,2675
1775448121268,key-26,4088
1775448121268,key-5,1204
1775448121269,key-13,5194
1775448121269,key-4,2677
1775448121270,key-4,2678
1775448121271,key-46,874
1775448121271,key-33,268
1775448121272,key-4,2680
1775448121272,key-25,1026
1775448121273,key-50,990
1775448121273,key-23,2655
1775448121273,key-3,2025
1775448121274,key-2,5611
1775448121274,key-4,2682
1775448121274,key-4,2682
1775448121275,key-4,2683
1775448121275,key-4,2683
1775448121275,key-50,992
1775448121275,key-37,416
1775448121276,key-4,2684
1775448121277,key-13,5202
1775448121278,key-31,766
1775448121278,key-23,2660
1775448121278,key-28,467
1775448121279,key-3,2031
1775448121279,key-5,1215
1775448121280,key-4,2688
1775448121280,key-3,2032
1775448121280,key-15,536
1775448121281,key-4,2689
1775448121281,key-13,5206
1775448121281,key-4,2689
1775448121281,key-2,5618
1775448121282,key-4,2690
1775448121282,key-33,279
1775448121282,key-28,471
1775448121283,key-50,1000
1775448121284,key-29,3709
1775448121284,key-4,2692
1775448121284,key-13,5209
1775448121284,key-31,772
1775448121284,key-31,772
1775448121284,key-3,2036
1775448121285,key-13,5210
1775448121285,key-3,2
1775448121286,key-12,3019
1775448121287,key-7,754
1775448121288,key-30,2208
1775448121288,key-50,1005
1775448121288,key-34,5950
1775448121288,key-28,477
1775448121289,key-4,2697
1775448121290,key-31,778
1775448121290,key-50,1007
1775448121291,key-3,8
1775448121291,key-12,3024
1775448121291,key-29,3716
1775448121293,key-3,10
1775448121293,key-10,61
1775448121293,key-30,2213
1775448121294,key-27,2655
1775448121295,key-35,7
1775448121295,key-7,762
1775448121295,key-12,3028
1775448121295,key-28,484
1775448121296,key-7,763
1775448121297,key-4,2705
1775448121298,key-35,10
1775448121298,key-10,66
1775448121298,key-15,554
1775448121299,key-27,2660
1775448121300,key-12,3033
1775448121300,key-3,17
1775448121300,key-34,5962
1775448121300,key-12,3033
1775448121301,key-27,2662
1775448121303,key-27,2664
1775448121304,key-3,21
1775448121304,key-34,5966
1775448121304,key-27,2665
1775448121305,key-29,3730
1775448121305,key-28,494
1775448121305,key-8,1130
1775448121305,key-10,73
1775448121305,key-10,73
1775448121306,key-27,2667
1775448121307,key-27,2668
1775448121308,key-10,76
1775448121308,key-3,25
1775448121308,key-28,497
1775448121308,key-12,3041
1775448121309,key-13,5234
1775448121309,key-28,498
1775448121310,key-12,3043
1775448121310,key-45,1432
1775448121310,key-27,2671
1775448121310,key-12,3043
1775448121311,key-12,3044
1775448121311,key-27,2672
1775448121311,key-13,5236
1775448121312,key-29,3737
1775448121312,key-27,2673
1775448121313,key-39,2416
1775448121314,key-46,917
1775448121315,key-45,1437
1775448121315,key-10,83
1775448121316,key-12,3049
1775448121316,key-49,3176
1775448121317,key-12,3050
1775448121317,key-12,3050
1775448121318,key-45,1440
1775448121318,key-47,1674
1775448121319,key-27,2680
1775448121320,key-28,509
1775448121320,key-12,3053
1775448121320,key-10,88
1775448121320,key-27,2681
1775448121320,key-12,3053
1775448121321,key-45,1443
1775448121321,key-27,2682
1775448121321,key-28,510
1775448121322,key-18,472
1775448121322,key-27,2683
1775448121322,key-39,2425
1775448121322,key-35,34
1775448121323,key-28,512
1775448121324,key-10,92
1775448121324,key-28,513
1775448121325,key-12,3058
1775448121325,key-45,1447
1775448121328,key-17,3707
1775448121328,key-27,2689
1775448121328,key-27,2689
1775448121329,key-4,2737
1775448121329,key-12,3062
1775448121330,key-28,519
1775448121330,key-45,1452
1775448121330,key-12,3063
1775448121330,key-45,1452
1775448121331,key-10,99
1775448121332,key-45,1454
1775448121332,key-10,100
1775448121333,key-10,101
1775448121333,key-12,3066
1775448121333,key-12,3066
1775448121334,key-12,3067
1775448121335,key-12,3068
1775448121335,key-35,47
1775448121335,key-6,1121
1775448121336,key-13,5261
1775448121337,key-33,334
1775448121338,key-10,106
1775448121338,key-28,527
1775448121338,key-4,2746
1775448121338,key-12,3071
1775448121338,key-12,3071
1775448121338,key-4,2746
1775448121338,key-30,2258
1775448121339,key-17,3718
1775448121339,key-12,3072
1775448121339,key-12,3072
1775448121339,key-45,1461
1775448121339,key-45,1461
1775448121339,key-12,3072
1775448121340,key-12,3073
1775448121341,key-12,3074
1775448121342,key-9,2377
1775448121342,key-12,3075
1775448121343,key-4,2751
1775448121343,key-45,1465
1775448121344,key-35,56
1775448121344,key-30,2264
1775448121345,key-10,113
1775448121345,key-4,2753
1775448121345,key-17,3724
1775448121345,key-9,2380
1775448121346,key-7,813
1775448121346,key-17,3725
1775448121346,key-12,3079
1775448121346,key-10,114
1775448121347,key-10,115
1775448121347,key-5,1283
1775448121347,key-30,2267
1775448121348,key-12,3081
1775448121350,key-9,2385
1775448121350,key-17,3729
1775448121351,key-12,3084
1775448121351,key-10,119
1775448121351,key-4,2759
1775448121352,key-9,2387
1775448121352,key-30,2272
1775448121352,key-46,955
1775448121353,key-6,1139
1775448121354,key-9,2389
1775448121355,key-45,1477
1775448121355,key-9,2390
1775448121355,key-12,3088
1775448121356,key-23,2738
1775448121356,key-9,2391
1775448121357,key-9,2392
1775448121357,key-10,125
1775448121357,key-35,69
1775448121358,key-10,126
1775448121358,key-30,2278
1775448121358,key-9,2393
1775448121358,key-10,126
1775448121358,key-8,1183
1775448121359,key-30,2279
1775448121359,key-12,3092
1775448121359,key-30,2279
1775448121359,key-47,1715
1775448121360,key-10,128
1775448121360,key-12,3093
1775448121361,key-15,617
1775448121361,key-9,2396
1775448121362,key-45,1484
1775448121362,key-8,1187
1775448121363,key-47,1719
1775448121363,key-25,1117
1775448121363,key-12,3096
1775448121364,key-25,1118
1775448121364,key-1,1456
1775448121364,key-9,2399
1775448121365,key-23,2747
1775448121365,key-38,1035
1775448121365,key-35,77
1775448121365,key-5,1301
1775448121367,key-35,79
1775448121367,key-12,3100
1775448121369,key-3,86
1775448121370,key-15,626
1775448121370,key-35,82
1775448121370,key-35,82
1775448121370,key-2,42
1775448121371,key-9,2406
1775448121372,key-35,84
1775448121372,key-23,2754
1775448121372,key-12,3105
1775448121372,key-9,2407
1775448121374,key-35,86
1775448121374,key-41,321
1775448121374,key-25,1128
1775448121374,key-1,1466
1775448121374,key-46,977
1775448121375,key-3,92
1775448121376,key-1,1468
1775448121376,key-22,7261
1775448121377,key-23,2759
1775448121377,key-12,3110
1775448121377,key-25,1131
1775448121377,key-46,980
1775448121378,key-35,90
1775448121378,key-24,1865
1775448121378,key-26,4198
1775448121379,key-25,1133
1775448121379,key-2,51
1775448121379,key-9,2414
1775448121380,key-35,92
1775448121380,key-35,92
1775448121381,key-25,1135
1775448121381,key-1,1473
1775448121382,key-2,54
1775448121383,key-4,2791
1775448121384,key-35,96
1775448121385,key-1,1477
1775448121385,key-35,97
1775448121385,key-1,1477
1775448121385,key-25,1139
1775448121386,key-1,1478
1775448121386,key-9,2421
1775448121386,key-1,1478
1775448121386,key-2,58
1775448121386,key-20,195
1775448121386,key-9,2421
1775448121386,key-6,1172
1775448121387,key-34,6049
1775448121387,key-12,3120
1775448121387,key-33,384
1775448121387,key-12,3120
1775448121387,key-35,99
1775448121388,key-11,427
1775448121388,key-35,100
1775448121388,key-32,105
1775448121388,key-7,855
1775448121390,key-20,199
1775448121391,key-1,1483
1775448121391,key-2,63
1775448121392,key-1,1484
1775448121392,key-7,859
1775448121392,key-16,4701
1775448121393,key-1,1485
1775448121395,key-1,1487
1775448121395,key-35,107
1775448121395,key-4,2803
1775448121395,key-1,1487
1775448121395,key-7,862
1775448121396,key-33,393
1775448121396,key-41,343
1775448121396,key-35,108
1775448121396,key-16,4705
1775448121396,key-41,343
1775448121396,key-7,863
1775448121398,key-7,865
1775448121401,key-41,348
1775448121401,key-18,551
1775448121402,key-27,2763
1775448121402,key-41,349
1775448121403,key-48,1478
1775448121403,key-1,1495
1775448121404,key-1,1496
1775448121404,key-1,1496
1775448121405,key-5,1341
1775448121405,key-4,2813
1775448121406,key-1,1498
1775448121406,key-33,403
1775448121407,key-1,1499
1775448121407,key-16,4716
1775448121407,key-24,1894
1775448121408,key-42,5186
1775448121408,key-1,1500
1775448121408,key-47,1764
1775448121409,key-15,665
1775448121410,key-41,357
1775448121410,key-34,6072
1775448121410,key-8,1235
1775448121410,key-7,877
1775448121411,key-4,2819
1775448121412,key-2,84
1775448121412,key-15,668
1775448121413,key-29,3838
1775448121413,key-18,563
1775448121414,key-24,1901
1775448121414,key-1,1506
1775448121414,key-1,1506
1775448121415,key-7,882
1775448121416,key-35,5
1775448121416,key-16,4725
1775448121416,key-33,413
1775448121417,key-15,673
1775448121417,key-35,6
1775448121417,key-5,1353
1775448121418,key-8,1243
1775448121418,key-7,885
1775448121419,key-35,8
1775448121419,key-15,675
1775448121420,key-7,887
1775448121420,key-26,4240
1775448121421,key-9,2456
1775448121421,key-7,888
1775448121421,key-1,1513
1775448121422,key-1,1514
1775448121422,key-23,2804
1775448121422,key-36,391
1775448121423,key-26,4243
1775448121423,key-1,1515
1775448121423,key-15,679
1775448121424,key-35,13
1775448121425,key-31,913
1775448121425,key-50,1142
1775448121426,key-20,235
1775448121426,key-35,15
1775448121427,key-26,4247
1775448121427,key-7,894
1775448121428,key-1,1520
1775448121429,key-50,1146
1775448121430,key-23,2812
1775448121430,key-35,19
1775448121430,key-35,19
1775448121430,key-31,918
1775448121430,key-26,4250
1775448121430,key-47,1786
1775448121431,key-40,4298
1775448121431,key-20,240
1775448121432,key-26,4252
1775448121433,key-23,2815
1775448121434,key-5,1370
1775448121434,key-26,4254
1775448121434,key-23,2816
1775448121436,key-23,2818
1775448121437,key-6,1223
1775448121437,key-26,4257
1775448121437,key-14,643
1775448121437,key-20,246
1775448121438,key-20,247
1775448121438,key-50,1155
1775448121438,key-20,247
1775448121439,key-6,1225
1775448121439,key-26,4259
1775448121440,key-31,928
1775448121441,key-5,1377
1775448121441,key-20,250
1775448121442,key-20,251
1775448121443,key-26,4263
1775448121443,key-29,3868
1775448121443,key-50,1160
1775448121445,key-39,2548
1775448121445,key-26,4265
1775448121445,key-11,484
1775448121446,key-20,255
1775448121447,key-23,2829
1775448121448,key-20,257
1775448121448,key-20,257
1775448121449,key-32,166
1775448121449,key-23,2831
1775448121449,key-29,3874
1775448121449,key-6,1235
1775448121449,key-5,1385
1775448121449,key-50,1166
1775448121449,key-26,4269
1775448121449,key-29,3874
1775448121450,key-6,1236
1775448121451,key-20,260
1775448121451,key-26,4271
1775448121451,key-50,1168
1775448121453,key-26,4273
1775448121453,key-20,262
1775448121453,key-11,492
1775448121455,key-36,424
1775448121455,key-27,2816
1775448121455,key-20,264
1775448121455,key-20,264
1775448121457,key-26,4277
1775448121457,key-20,266
1775448121457,key-5,1393
1775448121458,key-29,3883
1775448121458,key-3,175
1775448121458,key-10,226
1775448121459,key-39,2562
1775448121459,key-50,1176
1775448121459,key-48,1534
1775448121459,key-20,268
1775448121460,key-20,269
1775448121460,key-20,269
1775448121465,key-50,1182
1775448121466,key-26,4286
1775448121466,key-45,1588
1775448121466,key-29,3891
1775448121466,key-1,1558
1775448121469,key-20,278
1775448121470,key-2,142
1775448121470,key-26,4290
1775448121470,key-20,279
1775448121470,key-3,187
1775448121470,key-8,1295
1775448121470,key-39,2573
1775448121470,key-5,1406
1775448121470,key-29,3895
1775448121471,key-20,280
1775448121471,key-20,280
1775448121471,key-36,440
1775448121471,key-42,5249
1775448121472,key-11,511
1775448121472,key-10,240
1775448121472,key-5,1408
1775448121472,key-20,281
1775448121472,key-39,2575
1775448121472,key-29,3897
1775448121472,key-29,3897
1775448121473,key-3,190
1775448121473,key-39,2576
1775448121474,key-32,191
1775448121475,key-20,284
1775448121475,key-26,4295
1775448121475,key-37,616
1775448121475,key-3,192
1775448121475,key-6,1261
1775448121475,key-36,444
1775448121476,key-39,2579
1775448121476,key-26,4296
1775448121476,key-21,695
1775448121477,key-20,286
1775448121477,key-8,1302
1775448121477,key-36,446
1775448121477,key-42,5255
1775448121478,key-20,287
1775448121478,key-16,4787
1775448121480,key-36,449
1775448121481,key-36,450
1775448121483,key-20,292
1775448121483,key-37,624
1775448121483,key-20,292
1775448121484,key-36,453
1775448121484,key-36,453
1775448121484,key-36,453
1775448121484,key-6,1270
1775448121485,key-36,454
1775448121485,key-32,202
1775448121486,key-47,1842
1775448121487,key-42,5265
1775448121488,key-20,297
1775448121488,key-20,297
1775448121488,key-18,638
1775448121488,key-16,4797
1775448121489,key-36,458
1775448121489,key-28,678
1775448121489,key-36,458
1775448121490,key-20,299
1775448121490,key-9,2525
1775448121491,key-19,4280
1775448121491,key-28,680
1775448121491,key-10,259
1775448121492,key-24,1978
1775448121492,key-36,461
1775448121492,key-9,2527
1775448121494,key-28,683
1775448121494,key-20,303
1775448121495,key-16,4804
1775448121496,key-9,2531
1775448121496,key-28,685
1775448121496,key-9,2531
1775448121497,key-18,647
1775448121497,key-28,686
1775448121497,key-28,686
1775448121497,key-36,466
1775448121497,key-45,1619
1775448121499,key-36,468
1775448121499,key-18,649
1775448121500,key-28,689
1775448121500,key-9,2535
1775448121501,key-28,690
1775448121501,key-37,642
1775448121501,key-24,1988
1775448121501,key-28,690
1775448121501,key-24,1988
1775448121502,key-9,2537
1775448121503,key-16,4812
1775448121504,key-28,693
1775448121504,key-20,313
1775448121504,key-2,176
1775448121505,key-28,694
1775448121505,key-36,474
1775448121507,key-2,179
1775448121507,key-20,316
1775448121507,key-27,2868
1775448121508,key-28,697
1775448121509,key-9,2544
1775448121509,key-2,181
1775448121509,key-29,3934
1775448121510,key-27,2871
1775448121510,key-4,2918
1775448121510,key-28,699
1775448121511,key-2,183
1775448121512,key-41,459
1775448121512,key-29,3937
1775448121512,key-2,184
1775448121514,key-45,1636
1775448121514,key-12,3247
1775448121515,key-27,2876
1775448121516,key-2,188
1775448121516,key-2,188
1775448121518,key-40,4385
1775448121518,key-29,3943
1775448121518,key-9,2553
1775448121518,key-27,2879
1775448121519,key-2,191
1775448121519,key-2,191
1775448121519,key-45,1641
1775448121519,key-29,3944
1775448121520,key-4,2928
1775448121521,key-41,468
1775448121522,key-28,711
1775448121522,key-13,5447
1775448121522,key-2,194
1775448121522,key-4,2930
1775448121522,key-49,3382
1775448121523,key-34,5
1775448121524,key-9,2559
1775448121524,key-45,1646
1775448121524,key-45,1646
1775448121525,key-45,1647
1775448121526,key-20,335
1775448121526,key-45,1648
1775448121527,key-34,9
1775448121527,key-25,1281
1775448121527,key-34,9
1775448121528,key-27,2889
1775448121528,key-45,1650
1775448121529,key-4,2937
1775448121529,key-31,62
1775448121529,key-14,735
1775448121529,key-34,11
1775448121529,key-2,201
1775448121530,key-45,1652
1775448121530,key-2,202
1775448121530,key-37,671
1775448121531,key-26,4351
1775448121531,key-17,3910
1775448121531,key-25,1285
1775448121531,key-36,500
1775448121531,key-50,21
1775448121533,key-48,1608
1775448121533,key-45,1655
1775448121533,key-34,15
1775448121533,key-34,15
1775448121534,key-5,1470
1775448121535,key-31,68
1775448121536,key-34,18
1775448121536,key-2,208
1775448121537,key-45,1659
1775448121537,key-31,70
1775448121538,key-37,679
1775448121538,key-34,20
1775448121538,key-48,1613
1775448121538,key-23,2920
1775448121538,key-34,20
1775448121539,key-17,3918
1775448121539,key-1,1631
1775448121539,key-2,211
1775448121539,key-45,1661
1775448121540,key-2,212
1775448121540,key-31,73
1775448121540,key-8,1365
1775448121541,key-6,1327
1775448121542,key-30,2462
1775448121542,key-23,2924
1775448121542,key-8,1367
1775448121542,key-34,24
1775448121543,key-31,76
1775448121543,key-14,749
1775448121543,key-2,215
1775448121544,key-11,583
1775448121545,key-24,2
1775448121547,key-24,4
1775448121547,key-31,80
1775448121547,key-24,4
1775448121548,key-17,3927
1775448121548,key-31,81
1775448121549,key-42,5327
1775448121549,key-47,1905
1775448121550,key-14,756
1775448121550,key-6,1336
1775448121550,key-24,7
1775448121551,key-8,1376
1775448121552,key-14,758
1775448121554,key-47,1910
1775448121554,key-24,11
1775448121554,key-34,36
1775448121554,key-11,593
1775448121555,key-2,227
1775448121556,key-8,1381
1775448121556,key-8,1381
1775448121556,key-11,595
1775448121556,key-24,13
1775448121557,key-14,763
1775448121558,key-14,764
1775448121559,key-47,1915
1775448121559,key-18,709
1775448121560,key-6,1346
1775448121560,key-6,1346
1775448121561,key-8,1386
1775448121562,key-24,19
1775448121562,key-31,95
1775448121562,key-11,601
1775448121563,key-14,769
1775448121563,key-24,20
1775448121563,key-23,2945
1775448121564,key-20,373
1775448121565,key-14,771
1775448121565,key-19,4354
1775448121565,key-19,4354
1775448121565,key-42,5343
1775448121566,key-34,48
1775448121566,key-14,772
1775448121566,key-8,1391
1775448121566,key-6,1352
1775448121567,key-20,376
1775448121567,key-2,239
1775448121567,key-8,1392
1775448121568,key-24,25
1775448121569,key-2,241
1775448121569,key-11,608
1775448121569,key-47,1925
1775448121570,key-48,1645
1775448121570,key-14,776
1775448121571,key-20,380
1775448121571,key-24,28
1775448121572,key-42,5350
1775448121572,key-34,54
1775448121572,key-39,2675
1775448121572,key-23,2954
1775448121574,key-8,1399
1775448121574,key-14,780
1775448121574,key-34,56
1775448121575,key-34,57
1775448121575,key-14,781
1775448121575,key-19,4364
1775448121576,key-19,4365
1775448121576,key-2,248
1775448121576,key-42,5354
1775448121577,key-24,34
1775448121577,key-39,2680
1775448121577,key-14,783
1775448121577,key-48,1652
1775448121577,key-8,1402
1775448121578,key-39,2681
1775448121578,key-8,1403
1775448121579,key-42,5357
1775448121579,key-14,785
1775448121579,key-47,1935
1775448121580,key-33,71
1775448121580,key-42,5358
1775448121580,key-42,5358
1775448121581,key-20,390
1775448121581,key-42,5359
1775448121581,key-14,787
1775448121581,key-34,63
1775448121582,key-8,1407
1775448121583,key-34,65
1775448121583,key-14,789
1775448121583,key-34,65
1775448121583,key-14,789
1775448121583,key-8,1408
1775448121584,key-14,790
1775448121584,key-39,2687
1775448121584,key-24,41
1775448121584,key-24,41
1775448121585,key-45,1707
1775448121585,key-8,1410
1775448121586,key-8,1411
1775448121586,key-7,1053
1775448121587,key-24,44
1775448121587,key-10,355
1775448121588,key-25,1342
1775448121588,key-20,397
1775448121588,key-42,5366
1775448121589,key-6,1375
1775448121589,key-14,795
1775448121589,key-24,46
1775448121589,key-14,795
1775448121589,key-45,1711
1775448121590,key-39,2693
1775448121590,key-24,47
1775448121590,key-8,1415
1775448121590,key-25,1344
1775448121590,key-25,1344
1775448121590,key-25,1344
1775448121592,key-6,1378
1775448121593,key-24,50
1775448121593,key-7,1060
1775448121595,key-33,86
1775448121595,key-20,404
1775448121596,key-3,313
1775448121596,key-8,1421
1775448121599,key-14,805
1775448121599,key-45,1721
1775448121600,key-45,1722
1775448121600,key-22,7485
1775448121600,key-39,2703
1775448121600,key-8,1425
1775448121600,key-24,57
1775448121600,key-1,1692
1775448121601,key-11,640
1775448121601,key-5,1537
1775448121601,key-24,58
1775448121601,key-20,410
1775448121601,key-6,1387
1775448121602,key-24,59
1775448121603,key-11,642
1775448121603,key-20,412
1775448121603,key-20,412
1775448121603,key-6,1389
1775448121603,key-7,1070
1775448121604,key-11,643
1775448121605,key-42,5383
1775448121605,key-3,322
1775448121606,key-5,1542
1775448121606,key-7,1073
1775448121609,key-45,1731
1775448121610,key-6,1396
1775448121610,key-15,866
1775448121610,key-24,67
1775448121610,key-46,1213
1775448121610,key-8,1435
1775448121610,key-14,816
1775448121610,key-7,1077
1775448121611,key-7,1078
1775448121611,key-20,420
1775448121611,key-3,328
1775448121611,key-19,4400
1775448121613,key-18,763
1775448121613,key-5,1549
1775448121614,key-5,1550
1775448121614,key-3,331
1775448121614,key-12,3347
1775448121615,key-6,1401
1775448121615,key-5,1551
1775448121615,key-7,1082
1775448121615,key-20,424
1775448121616,key-20,425
1775448121616,key-6,1402
1775448121616,key-7,1083
1775448121617,key-42,5395
1775448121617,key-6,1403
1775448121617,key-23,2999
1775448121618,key-5,1554
1775448121619,key-45,1741
1775448121619,key-8,1444
1775448121620,key-19,4409
1775448121620,key-5,1556
1775448121621,key-5,1557
1775448121621,key-18,771
1775448121622,key-42,5400
1775448121622,key-3,339
1775448121623,key-6,1409
1775448121623,key-20,432
1775448121625,key-29,4050
1775448121625,key-38,1295
1775448121626,key-20,435
1775448121626,key-5,1562
1775448121627,key-5,1563
1775448121627,key-5,1563
1775448121627,key-6,1413
1775448121627,key-5,1563
1775448121627,key-7,1094
1775448121627,key-20,436
1775448121628,key-42,5406
1775448121628,key-23,3010
1775448121628,key-27,2989
1775448121628,key-7,1095
1775448121628,key-10,396
1775448121628,key-38,1298
1775448121628,key-8,1453
1775448121628,key-20,437
1775448121629,key-45,1751
1775448121630,key-6,1416
1775448121630,key-42,5408
1775448121630,key-5,1566
1775448121632,key-25,1386
1775448121632,key-45,1754
1775448121632,key-6,1418
1775448121633,key-7,1100
1775448121633,key-8,1458
1775448121633,key-5,1569
1775448121633,key-5,1569
1775448121633,key-38,1303
1775448121634,key-45,1756
1775448121634,key-20,443
1775448121634,key-32,351
1775448121636,key-6,1422
1775448121636,key-41,583
1775448121636,key-20,445
1775448121636,key-7,1103
1775448121637,key-20,446
1775448121637,key-6,1423
1775448121637,key-31,170
1775448121638,key-8,1463
1775448121638,key-5,1574
1775448121639,key-5,1575
1775448121639,key-5,1575
1775448121639,key-25,1393
1775448121639,key-9,2674
1775448121640,key-23,3022
1775448121640,key-38,1310
1775448121641,key-35,230
1775448121641,key-20,450
1775448121641,key-25,1395
1775448121642,key-20,451
1775448121642,key-38,1312
1775448121642,key-20,451
1775448121642,key-5,1578
1775448121642,key-20,451
1775448121643,key-45,1765
1775448121643,key-30,2563
1775448121644,key-38,1314
1775448121644,key-20,453
1775448121645,key-5,1581
1775448121647,key-45,1769
1775448121647,key-38,1317
1775448121647,key-8,1472
1775448121648,key-9,2683
1775448121648,key-20,457
1775448121649,key-16,4958
1775448121650,key-20,459
1775448121651,key-2,323
1775448121651,key-30,2571
1775448121651,key-45,1773
1775448121652,key-8,1477
1775448121652,key-39,52
1775448121652,key-38,1322
1775448121654,key-14,860
1775448121655,key-30,2575
1775448121656,key-16,4965
1775448121656,key-20,465
1775448121656,key-45,1778
1775448121657,key-8,1482
1775448121657,key-20,466
1775448121657,key-13,5582
1775448121657,key-38,1327
1775448121658,key-33,149
1775448121658,key-38,1328
1775448121658,key-20,467
1775448121658,key-45,1780
1775448121659,key-5,1595
1775448121659,key-34,141
1775448121659,key-16,4968
1775448121659,key-20,468
1775448121660,key-8,1485
1775448121660,key-38,1330
1775448121660,key-14,866
1775448121660,key-2,332
1775448121661,key-8,1486
1775448121661,key-38,1331
1775448121662,key-38,1332
1775448121662,key-34,144
1775448121662,key-20,471
1775448121662,key-48,1737
1775448121663,key-20,472
1775448121663,key-45,1785
1775448121663,key-13,5588
1775448121664,key-48,1739
1775448121665,key-38,1335
1775448121665,key-2,337
1775448121666,key-38,1336
1775448121667,key-45,1789
1775448121667,key-34,149
1775448121667,key-32,384
1775448121668,key-16,4977
1775448121668,key-20,477
1775448121669,key-34,151
1775448121670,key-48,1745
1775448121670,key-41,617
1775448121670,key-14,876
1775448121671,key-48,1746
1775448121671,key-20,480
1775448121671,key-34,153
1775448121672,key-34,154
1775448121672,key-13,5597
1775448121673,key-45,1795
1775448121673,key-20,482
1775448121673,key-2,6
1775448121674,key-14,880
1775448121675,key-14,881
1775448121675,key-2,8
1775448121675,key-16,4984
1775448121676,key-20,485
1775448121676,key-37,817
1775448121677,key-14,883
1775448121677,key-34,159
1775448121678,key-29,4103
1775448121678,key-45,1800
1775448121679,key-45,1801
1775448121679,key-2,12
1775448121681,key-35,270
1775448121681,key-16,4990
1775448121683,key-2,16
1775448121683,key-34,165
1775448121683,key-14,889
1775448121684,key-2,17
1775448121684,key-17,4063
1775448121685,key-37,826
1775448121685,key-2,18
1775448121685,key-13,5610
1775448121685,key-45,1807
1775448121685,key-34,167
1775448121686,key-2,19
1775448121686,key-33,177
1775448121687,key-14,893
1775448121687,key-2,20
1775448121687,key-14,893
1775448121687,key-37,828
1775448121687,key-20,496
1775448121687,key-29,4112
1775448121688,key-34,170
1775448121688,key-14,894
1775448121688,key-45,1810
1775448121689,key-13,5614
1775448121689,key-33,180
1775448121689,key-45,1811
1775448121691,key-34,173
1775448121692,key-2,25
1775448121692,key-2,25
1775448121693,key-2,26
1775448121694,key-1,1786
1775448121694,key-34,176
1775448121695,key-45,1817
1775448121695,key-38,1365
1775448121695,key-45,1817
1775448121695,key-29,4120
1775448121696,key-34,178
1775448121696,key-29,4121
1775448121696,key-49,3556
1775448121697,key-45,1819
1775448121697,key-14,903
1775448121697,key-28,886
1775448121698,key-45,1820
1775448121698,key-29,4123
1775448121698,key-48,1773
1775448121698,key-29,4123
1775448121698,key-14,904
1775448121699,key-7,1166
1775448121699,key-34,181
1775448121699,key-28,888
1775448121700,key-29,4125
1775448121700,key-14,906
1775448121700,key-29,4125
1775448121701,key-24,158
1775448121702,key-45,1824
1775448121703,key-11,742
1775448121703,key-45,1825
1775448121704,key-35,293
1775448121704,key-29,4129
1775448121705,key-14,911
1775448121706,key-14,912
1775448121706,key-48,1781
1775448121707,key-14,913
1775448121707,key-14,913
1775448121708,key-35,297
1775448121708,key-14,914
1775448121709,key-42,5487
1775448121709,key-29,4134
1775448121710,key-45,1832
1775448121710,key-14,916
1775448121710,key-24,167
1775448121712,key-14,918
1775448121712,key-25,1466
1775448121713,key-14,919
1775448121713,key-29,4138
1775448121714,key-29,4139
1775448121714,key-14,920
1775448121714,key-14,920
1775448121715,key-29,4140
1775448121716,key-25,1470
1775448121716,key-24,173
1775448121716,key-49,3576
1775448121717,key-42,5495
1775448121717,key-42,5495
1775448121717,key-14,923
1775448121717,key-14,923
1775448121717,key-14,923
1775448121718,key-14,924
1775448121718,key-14,924
1775448121718,key-14,924
1775448121719,key-45,1841
1775448121720,key-14,926
1775448121721,key-45,1843
1775448121721,key-29,4146
1775448121722,key-14,928
1775448121722,key-46,1325
1775448121722,key-25,1476
1775448121722,key-49,3582
1775448121723,key-14,929
1775448121723,key-42,5501
1775448121723,key-11,762
1775448121723,key-14,929
1775448121724,key-32,441
1775448121724,key-14,930
1775448121724,key-25,1478
1775448121724,key-15,980
1775448121725,key-14,931
1775448121725,key-14,931
1775448121726,key-32,443
1775448121726,key-27,3087
1775448121727,key-45,1849
1775448121727,key-46,1330
1775448121728,key-25,1482
1775448121728,key-7,1195
1775448121729,key-45,1851
1775448121729,key-35,318
1775448121729,key-45,1851
1775448121730,key-14,936
1775448121730,key-25,1484
1775448121731,key-14,937
1775448121731,key-22,7616
1775448121733,key-37,874
1775448121733,key-11,772
1775448121733,key-11,772
1775448121733,key-28,922
1775448121734,key-45,1856
1775448121735,key-10,503
1775448121735,key-32,452
1775448121735,key-34,217
1775448121735,key-46,1338
1775448121735,key-27,3096
1775448121736,key-3,453
1775448121736,key-14,942
1775448121736,key-32,453
1775448121737,key-14,943
1775448121737,key-45,1859
1775448121738,key-39,138
1775448121740,key-25,1494
1775448121741,key-32,458
1775448121742,key-34,224
1775448121743,key-14,949
1775448121743,key-14,949
1775448121743,key-46,1346
1775448121743,key-10,511
1775448121743,key-46,1346
1775448121744,key-3,461
1775448121744,key-21,963
1775448121744,key-49,3604
1775448121744,key-48,1819
1775448121744,key-32,461
1775448121745,key-30,2665
1775448121745,key-45,1867
1775448121745,key-8,1570
1775448121746,key-13,5671
1775448121747,key-48,1822
1775448121747,key-27,3108
1775448121748,key-21,967
1775448121748,key-25,1502
1775448121748,key-25,1502
1775448121749,key-14,955
1775448121749,key-21,968
1775448121749,key-30,2669
1775448121749,key-34,231
1775448121750,key-3,467
1775448121750,key-3,467
1775448121751,key-48,1826
1775448121751,key-49,3611
1775448121752,key-14,958
1775448121754,key-3,471
1775448121754,key-42,5532
1775448121755,key-3,472
1775448121755,key-25,1509
1775448121755,key-21,974
1775448121756,key-30,2676
1775448121758,key-21,977
1775448121758,key-42,5536
1775448121758,key-48,1833
1775448121759,key-46,1362
1775448121760,key-14,966
1775448121761,key-25,1515
1775448121761,key-48,1836
1775448121761,key-34,243
1775448121762,key-30,2682
1775448121762,key-25,1516
1775448121763,key-23,3145
1775448121763,key-26,4583
1775448121763,key-32,480
1775448121763,key-21,982
1775448121764,key-39,164
1775448121764,key-14,970
1775448121764,key-21,983
1775448121764,key-25,1518
1775448121765,key-14,971
1775448121765,key-42,5543
1775448121765,key-33,256
1775448121766,key-48,1841
1775448121766,key-4,3174
1775448121767,key-3,484
1775448121767,key-21,986
1775448121768,key-14,974
1775448121768,key-14,974
1775448121769,key-21,988
1775448121769,key-32,486
1775448121769,key-41,716
1775448121770,key-5,1706
1775448121770,key-30,2690
1775448121771,key-38,1441
1775448121771,key-3,488
1775448121773,key-3,490
1775448121773,key-21,992
1775448121773,key-14,979
1775448121774,key-12,3507
1775448121774,key-14,980
1775448121774,key-21,993
1775448121774,key-14,980
1775448121774,key-3,491
1775448121774,key-5,1710
1775448121774,key-4,3182
1775448121775,key-35,364
1775448121776,key-41,723
1775448121776,key-41,723
1775448121777,key-23,3159
1775448121777,key-37,918
1775448121777,key-3,494
1775448121777,key-14,983
1775448121778,key-36,747
1775448121778,key-21,997
1775448121778,key-3,495
1775448121779,key-34,261
1775448121779,key-21,998
1775448121779,key-30,2699
1775448121780,key-35,369
1775448121780,key-35,369
1775448121780,key-5,1716
1775448121780,key-3,497
1775448121781,key-14,987
1775448121781,key-35,370
1775448121782,key-35,371
1775448121782,key-21,1001
1775448121783,key-7,1250
1775448121783,key-3,500
1775448121784,key-41,731
1775448121784,key-36,753
1775448121784,key-3,501
1775448121785,key-35,374
1775448121785,key-46,1388
1775448121785,key-14,991
1775448121786,key-36,755
1775448121786,key-5,1722
1775448121786,key-36,755
1775448121787,key-41,734
1775448121787,key-3,504
1775448121788,key-17,4167
1775448121789,key-4,3197
1775448121790,key-25,1544
1775448121790,key-14,996
1775448121791,key-3,508
1775448121791,key-7,1258
1775448121792,key-41,739
1775448121793,key-21,1012
1775448121793,key-4,3201
1775448121793,key-22,7678
1775448121794,key-5,1730
1775448121795,key-28,984
1775448121795,key-36,764
1775448121795,key-41,742
1775448121797,key-25,1551
1775448121797,key-46,1400
1775448121797,key-14,1003
1775448121797,key-7,1264
1775448121798,key-46,1401
1775448121799,key-16,12
1775448121800,key-41,747
1775448121800,key-22,7685
1775448121800,key-41,747
1775448121801,key-20,610
1775448121801,key-14,1007
1775448121802,key-3,519
1775448121802,key-14,1008
1775448121803,key-28,992
1775448121803,key-21,1022
1775448121804,key-14,1010
1775448121804,key-25,1558
1775448121806,key-46,1409
1775448121806,key-17,4185
1775448121808,key-16,21
1775448121808,key-49,3668
1775448121808,key-45,1930
1775448121808,key-28,997
1775448121809,key-28,998
1775448121810,key-28,999
1775448121810,key-31,343
1775448121811,key-14,1017
1775448121811,key-16,24
1775448121811,key-46,1414
1775448121812,key-41,759
1775448121812,key-14,1018
1775448121814,key-40,4681
1775448121814,key-21,1033
1775448121814,key-25,1568
1775448121815,key-3,532
1775448121816,key-3,533
1775448121816,key-22,7701
1775448121816,key-28,1005
1775448121818,key-36,787
1775448121818,key-24,275
1775448121818,key-31,351
1775448121818,key-3,535
1775448121818,key-17,4197
1775448121818,key-25,1572
1775448121819,key-45,1941
1775448121819,key-50,309
1775448121819,key-28,1008
1775448121821,key-16,34
1775448121822,key-13,63
1775448121823,key-36,792
1775448121824,key-28,1013
1775448121824,key-3,541
1775448121824,key-18,974
1775448121824,key-31,357
1775448121825,key-21,1044
1775448121825,key-28,1014
1775448121825,key-22,7710
1775448121825,key-17,4204
1775448121827,key-28,1016
1775448121827,key-25,1581
1775448121827,key-50,317
1775448121827,key-31,360
1775448121828,key-3,545
1775448121828,key-16,41
1775448121829,key-24,286
1775448121829,key-50,319
1775448121829,key-40,4696
1775448121829,key-3,546
1775448121830,key-18,980
1775448121830,key-25,1584
1775448121830,key-17,4209
1775448121831,key-38,1501
1775448121831,key-17,4210
1775448121831,key-35,420
1775448121831,key-3,548
1775448121831,key-17,4210
1775448121832,key-16,45
1775448121832,key-3,549
1775448121833,key-50,323
1775448121833,key-28,1022
1775448121833,key-21,1052
1775448121833,key-13,74
1775448121834,key-50,324
1775448121834,key-3,551
1775448121834,key-16,47
1775448121834,key-3,551
1775448121835,key-50,325
1775448121835,key-9,2870
1775448121835,key-2,168
1775448121836,key-17,4215
1775448121836,key-3,553
1775448121836,key-3,553
1775448121838,key-18,988
1775448121838,key-28,1027
1775448121839,key-3,556
1775448121840,key-3,557
1775448121840,key-3,557
1775448121842,key-3,559
1775448121842,key-17,4221
1775448121843,key-21,1062
1775448121843,key-50,333
1775448121844,key-25,1598
1775448121844,key-3,561
1775448121845,key-50,335
1775448121845,key-16,58
1775448121845,key-16,58
1775448121845,key-35,434
1775448121845,key-3,562
1775448121845,key-3,562
1775448121845,key-3,562
1775448121846,key-3,563
1775448121846,key-2,179
1775448121846,key-48,1921
1775448121847,key-17,4226
1775448121848,key-38,1518
1775448121849,key-50,339
1775448121849,key-50,339
1775448121850,key-19,4639
1775448121851,key-45,1973
1775448121851,key-35,440
1775448121852,key-50,342
1775448121852,key-39,252
1775448121853,key-3,570
1775448121854,key-3,571
1775448121854,key-35,443
1775448121854,key-17,4233
1775448121854,key-30,2774
1775448121855,key-25,1609
1775448121855,key-19,4644
1775448121855,key-50,345
1775448121856,key-50,346
1775448121857,key-3,574
1775448121857,key-16,70
1775448121857,key-19,4646
1775448121857,key-3,574
1775448121858,key-36,827
1775448121859,key-38,1529
1775448121859,key-49,3719
1775448121861,key-19,4650
1775448121861,key-30,2781
1775448121862,key-50,352
1775448121863,key-19,4652
1775448121863,key-19,4652
1775448121863,key-50,353
1775448121863,key-17,4242
1775448121864,key-9,2899
1775448121864,key-19,4653
1775448121864,key-50,354
1775448121864,key-50,354
1775448121865,key-35,454
1775448121866,key-25,1620
1775448121866,key-3,583
1775448121866,key-36,835
1775448121867,key-36,836
1775448121867,key-19,4656
1775448121867,key-49,3727
1775448121867,key-50,357
1775448121868,key-49,3728
1775448121868,key-3,585
1775448121868,key-48,1943
1775448121869,key-23,3251
1775448121869,key-19,4658
1775448121869,key-49,3729
1775448121869,key-36,838
1775448121870,key-17,4249
1775448121871,key-19,4660
1775448121871,key-36,840
1775448121871,key-23,3253
1775448121871,key-17,4250
1775448121872,key-19,4661
1775448121872,key-30,2792
1775448121872,key-35,461
1775448121873,key-19,4662
1775448121873,key-48,1948
1775448121873,key-17,4252
1775448121873,key-30,2793
1775448121874,key-23,3256
1775448121875,key-11,20
1775448121876,key-19,4665
1775448121878,key-30,2798
1775448121878,key-23,3260
1775448121878,key-19,4667
1775448121878,key-16,91
1775448121879,key-21,1098
1775448121879,key-10,647
1775448121879,key-42,5657
1775448121880,key-38,1550
1775448121880,key-10,648
1775448121881,key-36,850
1775448121881,key-19,4670
1775448121881,key-30,2801
1775448121882,key-47,2238
1775448121882,key-35,471
1775448121882,key-25,1636
1775448121882,key-39,282
1775448121883,key-30,2803
1775448121883,key-48,1958
1775448121883,key-47,2239
1775448121884,key-30,2804
1775448121884,key-19,4673
1775448121884,key-21,1103
1775448121884,key-30,2804
1775448121885,key-19,4674
1775448121885,key-23,3267
1775448121885,key-20,694
1775448121886,key-21,1105
1775448121887,key-20,696
1775448121887,key-19,4676
1775448121887,key-35,476
1775448121888,key-19,4677
1775448121889,key-19,4678
1775448121889,key-48,1964
1775448121889,key-23,3271
1775448121890,key-23,3272
1775448121890,key-47,2246
1775448121891,key-47,2247
1775448121892,key-21,1111
1775448121892,key-10,660
1775448121893,key-26,4713
1775448121893,key-23,3275
1775448121894,key-24,351
1775448121894,key-48,1969
1775448121895,key-21,1114
1775448121896,key-33,387
1775448121896,key-30,2816
1775448121896,key-21,1115
1775448121896,key-30,2816
1775448121896,key-17,4275
1775448121898,key-32,615
1775448121899,key-17,4278
1775448121899,key-30,2819
1775448121900,key-47,2256
1775448121900,key-17,4279
1775448121901,key-30,2821
1775448121901,key-23,3283
1775448121901,key-30,2821
1775448121902,key-17,4281
1775448121902,key-23,3284
1775448121903,key-21,1122
1775448121904,key-26,4724
1775448121904,key-30,2824
1775448121905,key-48,1980
1775448121905,key-30,2825
1775448121906,key-21,1125
1775448121906,key-30,2826
1775448121906,key-41,853
1775448121907,key-30,2827
1775448121908,key-30,2828
1775448121908,key-17,4287
1775448121909,key-17,4288
1775448121910,key-47,2266
1775448121910,key-32,627
1775448121911,key-17,4290
1775448121911,key-12,3644
1775448121912,key-28,1101
1775448121913,key-47,2269
1775448121913,key-48,1988
1775448121913,key-17,4292
1775448121914,key-30,2834
1775448121914,key-17,4293
1775448121914,key-21,1133
1775448121914,key-13,155
1775448121915,key-30,2835
1775448121915,key-30,2835
1775448121916,key-7,1383
1775448121916,key-47,2272
1775448121916,key-30,2836
1775448121918,key-17,4297
1775448121920,key-17,4299
1775448121920,key-21,1139
1775448121920,key-24,377
1775448121921,key-30,2841
1775448121921,key-13,162
1775448121921,key-32,638
1775448121921,key-35,510
1775448121921,key-38,1591
1775448121922,key-30,2842
1775448121922,key-40,4789
1775448121922,key-47,2278
1775448121922,key-17,4301
1775448121922,key-42,5700
1775448121922,key-30,2842
1775448121922,key-17,4301
1775448121923,key-29,4348
1775448121923,key-17,4302
1775448121923,key-12,3656
1775448121925,key-14,1131
1775448121925,key-17,4304
1775448121925,key-17,4304
1775448121925,key-24,382
1775448121925,key-17,4304
1775448121926,key-30,2846
1775448121926,key-42,5704
1775448121928,key-21,1147
1775448121928,key-42,5706
1775448121928,key-29,4353
1775448121929,key-42,5707
1775448121929,key-29,4354
1775448121929,key-42,5707
1775448121929,key-17,4308
1775448121929,key-40,4796
1775448121930,key-29,4355
1775448121930,key-20,739
1775448121931,key-21,1150
1775448121931,key-29,4356
1775448121931,key-14,1137
1775448121932,key-17,4311
1775448121932,key-42,5710
1775448121933,key-42,5711
1775448121934,key-28,1123
1775448121935,key-17,4314
1775448121935,key-10,703
1775448121935,key-42,5713
1775448121936,key-14,1142
1775448121937,key-14,1143
1775448121938,key-17,4317
1775448121938,key-17,4317
1775448121939,key-20,748
1775448121940,key-17,4319
1775448121940,key-15,1196
1775448121941,key-17,4320
1775448121941,key-20,750
1775448121942,key-40,4809
1775448121942,key-42,5720
1775448121942,key-13,183
1775448121943,key-10,711
1775448121943,key-14,1149
1775448121944,key-25,1698
1775448121945,key-14,1151
1775448121945,key-17,4324
1775448121946,key-21,1165
1775448121946,key-35,535
1775448121946,key-40,4813
1775448121947,key-14,1153
1775448121947,key-40,4814
1775448121947,key-17,4326
1775448121947,key-25,1701
1775448121947,key-20,756
1775448121948,key-42,5726
1775448121948,key-49,3808
1775448121948,key-49,3808
1775448121949,key-14,1155
1775448121949,key-42,5727
1775448121949,key-25,1703
1775448121950,key-25,1704
1775448121950,key-49,3810
1775448121951,key-42,5729
1775448121952,key-17,4331
1775448121952,key-25,1706
1775448121953,key-3,670
1775448121953,key-42,5731
1775448121954,key-17,4333
1775448121955,key-10,723
1775448121956,key-17,4335
1775448121957,key-25,1711
1775448121957,key-9,2992
1775448121957,key-40,4824
1775448121957,key-35,546
1775448121958,key-3,675
1775448121958,key-17,4337
1775448121959,key-42,5737
1775448121959,key-49,3819
1775448121959,key-20,3
1775448121959,key-34,441
1775448121962,key-14,1168
1775448121962,key-25,1716
1775448121962,key-2,295
1775448121963,key-33,454
1775448121963,key-17,4342
1775448121963,key-4,3371
1775448121963,key-17,4342
1775448121964,key-36,933
1775448121964,key-3,681
1775448121964,key-42,5742
1775448121965,key-3,682
1775448121965,key-17,4344
1775448121965,key-42,5743
1775448121965,key-20,9
1775448121965,key-40,4832
1775448121965,key-31,498
1775448121966,key-17,4345
1775448121966,key-17,4345
1775448121966,key-17,4345
1775448121966,key-42,5744
1775448121967,key-17,4346
1775448121968,key-20,12
1775448121968,key-40,4835
1775448121969,key-17,4348
1775448121969,key-42,5747
1775448121970,key-17,4349
1775448121984,key-17,4363
1775448121985,key-17,4364
1775448121985,key-17,4364
1775448121985,key-42,5763
1775448121988,key-40,4855
1775448121989,key-40,4856
1775448121989,key-40,4856
1775448121989,key-17,4368
1775448121989,key-45,2111
1775448121989,key-36,958
1775448121989,key-3,706
1775448121989,key-3,706
1775448121990,key-20,34
1775448121990,key-17,4369
1775448121990,key-42,5768
1775448121990,key-24,447
1775448121990,key-17,4369
1775448121990,key-17,4369
1775448121990,key-17,4369
1775448121990,key-40,4857
1775448121991,key-31,524
1775448121992,key-40,4859
1775448121993,key-42,5771
1775448121993,key-8,1818
1775448121993,key-17,4372
1775448121993,key-17,4372
1775448121993,key-40,4860
1775448121993,key-42,5771
1775448121994,key-17,4373
1775448121994,key-9,3029
1775448121994,key-19,4783
1775448121994,key-42,5772
1775448121995,key-42,5773
1775448121996,key-20,40
1775448121996,key-42,5774
1775448121996,key-42,5774
1775448121998,key-36,967
1775448121998,key-17,4377
1775448121998,key-17,4377
1775448121999,key-17,4378
1775448122000,key-24,457
1775448122000,key-42,5778
1775448122000,key-42,5778
1775448122000,key-40,4867
1775448122000,key-40,4867
1775448122001,key-17,4380
1775448122002,key-31,535
1775448122002,key-42,5780
1775448122002,key-4,3410
1775448122002,key-17,4381
1775448122002,key-9,3037
1775448122002,key-31,535
1775448122003,key-31,536
1775448122003,key-42,5781
1775448122004,key-17,4383
1775448122004,key-42,5782
1775448122004,key-15,1260
1775448122004,key-17,4383
1775448122004,key-17,4383
1775448122005,key-25,1759
1775448122005,key-11,150
1775448122005,key-17,4384
1775448122006,key-42,5784
1775448122006,key-23,3388
1775448122006,key-31,539
1775448122006,key-37,1147
1775448122008,key-11,153
1775448122008,key-21,1227
1775448122008,key-17,4387
1775448122008,key-15,1264
1775448122008,key-30,2928
1775448122009,key-42,5787
1775448122010,key-37,1151
1775448122011,key-17,4390
1775448122011,key-42,5789
1775448122011,key-32,728
1775448122012,key-42,5790
1775448122013,key-47,2369
1775448122013,key-30,2933
1775448122014,key-5,57
1775448122014,key-30,2934
1775448122015,key-42,5793
1775448122015,key-36,984
1775448122015,key-30,2935
1775448122016,key-26,4836
1775448122016,key-15,1272
1775448122017,key-21,1236
1775448122018,key-15,1274
1775448122018,key-47,2374
1775448122019,key-1,2111
1775448122019,key-42,5797
1775448122020,key-42,5798
1775448122020,key-48,2095
1775448122020,key-32,737
1775448122021,key-42,5799
1775448122021,key-27,3382
1775448122021,key-47,2377
1775448122022,key-1,2114
1775448122022,key-42,5800
1775448122022,key-42,5800
1775448122022,key-42,5800
1775448122023,key-47,2379
1775448122023,key-42,5801
1775448122023,key-30,2943
1775448122026,key-15,1282
1775448122026,key-47,2382
1775448122026,key-21,1245
1775448122027,key-47,2383
1775448122028,key-42,5806
1775448122029,key-14,33
1775448122029,key-26,4849
1775448122029,key-47,2385
1775448122030,key-28,1219
1775448122032,key-17,4411
1775448122033,key-47,2389
1775448122033,key-42,5811
1775448122033,key-42,5811
1775448122034,key-1,2126
1775448122035,key-28,1224
1775448122035,key-40,4902
1775448122035,key-1,2127
1775448122035,key-1,2127
1775448122035,key-28,1224
1775448122035,key-42,5813
1775448122037,key-17,4416
1775448122039,key-21,1258
1775448122039,key-47,2395
1775448122039,key-26,4859
1775448122039,key-26,4859
1775448122039,key-26,4859
1775448122039,key-15,1295
1775448122039,key-47,2395
1775448122040,key-47,2396
1775448122040,key-42,5818
1775448122041,key-17,4420
1775448122041,key-1,2133
1775448122041,key-28,1230
1775448122041,key-1,2133
1775448122042,key-15,1298
1775448122042,key-21,1261
1775448122043,key-47,2399
1775448122043,key-47,2399
1775448122044,key-28,1233
1775448122044,key-42,5822
1775448122044,key-26,4864
1775448122044,key-40,4911
1775448122044,key-27,3405
1775448122045,key-24,502
1775448122045,key-6,1831
1775448122045,key-42,5823
1775448122045,key-22,7930
1775448122046,key-21,1265
1775448122046,key-47,2402
1775448122047,key-26,4867
1775448122048,key-47,2404
1775448122048,key-42,5826
1775448122048,key-2,381
1775448122048,key-6,1834
1775448122048,key-33,539
1775448122049,key-8,1874
1775448122049,key-22,7934
1775448122050,key-3,767
1775448122050,key-1,2142
1775448122051,key-6,1837
1775448122052,key-33,543
1775448122052,key-24,509
1775448122053,key-7,1520
1775448122053,key-26,4873
1775448122054,key-22,7939
1775448122054,key-6,1840
1775448122054,key-14,58
1775448122055,key-42,5833
1775448122055,key-7,1522
1775448122056,key-24,513
1775448122056,key-26,4876
1775448122056,key-1,2148
1775448122056,key-8,1881
1775448122058,key-45,2180
1775448122060,key-38,1730
1775448122060,key-26,4880
1775448122063,key-7,1530
1775448122064,key-21,1283
1775448122064,key-38,1734
1775448122064,key-42,5842
1775448122065,key-7,1532
1775448122065,key-3,782
1775448122066,key-8,1891
1775448122066,key-16,279
1775448122067,key-38,1737
1775448122067,key-38,1737
1775448122067,key-38,1737
1775448122067,key-7,1534
1775448122067,key-24,524
1775448122067,key-26,4887
1775448122069,key-7,1536
1775448122070,key-8,1895
1775448122070,key-50,560
1775448122070,key-7,1537
1775448122070,key-26,4890
1775448122070,key-7,1537
1775448122071,key-7,1538
1775448122072,key-33,563
1775448122072,key-8,1897
1775448122072,key-8,1897
1775448122073,key-7,1540
1775448122073,key-21,1292
1775448122074,key-26,4894
1775448122075,key-16,288
1775448122075,key-27,3436
1775448122075,key-26,4895
1775448122076,key-7,1543
1775448122076,key-7,1543
1775448122076,key-27,3437
1775448122076,key-8,1901
1775448122076,key-9,3111
1775448122077,key-45,2199
1775448122077,key-38,1747
1775448122077,key-7,1544
1775448122078,key-7,1545
1775448122078,key-27,3439
1775448122079,key-26,4899
1775448122079,key-2,412
1775448122080,key-26,4900
1775448122082,key-17,4461
1775448122082,key-7,1549
1775448122082,key-27,3443
1775448122083,key-15,1339
1775448122083,key-19,4872
1775448122084,key-26,4904
1775448122084,key-6,1870
1775448122085,key-7,1552
1775448122086,key-7,1553
1775448122087,key-3,804
1775448122087,key-39,487
1775448122088,key-27,3449
1775448122088,key-19,4877
1775448122088,key-18,89
1775448122088,key-9,3123
1775448122089,key-48,2164
1775448122089,key-26,4909
1775448122089,key-10,857
1775448122089,key-38,1759
1775448122090,key-7,1557
1775448122090,key-17,4469
1775448122091,key-7,1558
1775448122091,key-38,1761
1775448122091,key-15,1347
1775448122092,key-7,1559
1775448122092,key-17,4471
1775448122093,key-27,3454
1775448122093,key-26,4913
1775448122093,key-7,1560
1775448122095,key-27,3456
1775448122095,key-17,4474
1775448122096,key-7,1563
1775448122096,key-10,864
1775448122097,key-18,98
1775448122097,key-27,3458
1775448122097,key-34,579
1775448122098,key-9,3133
1775448122098,key-22,7983
1775448122098,key-3,815
1775448122098,key-15,1354
1775448122098,key-7,1565
1775448122099,key-30,3019
1775448122099,key-39,499
1775448122099,key-17,4478
1775448122100,key-27,3461
1775448122100,key-10,868
1775448122100,key-7,1567
1775448122101,key-11,246
1775448122101,key-41,1048
1775448122101,key-9,3136
1775448122102,key-15,1358
1775448122103,key-13,344
1775448122104,key-30,3024
1775448122104,key-26,4924
1775448122104,key-27,3465
1775448122104,key-7,1571
1775448122105,key-10,873
1775448122105,key-3,822
1775448122105,key-15,1361
1775448122105,key-10,873
1775448122106,key-7,1573
1775448122106,key-27,3467
1775448122107,key-41,1054
1775448122107,key-39,507
1775448122108,key-9,3143
1775448122108,key-9,3143
1775448122108,key-7,1575
1775448122109,key-7,1576
1775448122109,key-41,1056
1775448122110,key-12,3843
1775448122110,key-2,443
1775448122111,key-27,3472
1775448122112,key-13,353
1775448122112,key-41,1059
1775448122112,key-39,512
1775448122113,key-3,830
1775448122113,key-33,604
1775448122113,key-9,3148
1775448122115,key-15,1371
1775448122116,key-9,3151
1775448122116,key-50,606
1775448122117,key-27,3478
1775448122117,key-39,517
1775448122117,key-18,118
1775448122118,key-3,835
1775448122118,key-2,451
1775448122119,key-13,360
1775448122119,key-7,1586
1775448122119,key-7,1586
1775448122120,key-13,361
1775448122120,key-4,3528
1775448122120,key-19,4909
1775448122121,key-2,454
1775448122121,key-14,125
1775448122122,key-3,839
1775448122122,key-41,1069
1775448122122,key-27,3483
1775448122123,key-7,1590
1775448122123,key-39,523
1775448122124,key-4,3532
1775448122124,key-2,457
1775448122124,key-7,1591
1775448122125,key-18,126
1775448122126,key-50,616
1775448122126,key-2,459
1775448122127,key-7,1594
1775448122127,key-28,1316
1775448122127,key-7,1594
1775448122132,key-27,3493
1775448122132,key-4,3540
1775448122132,key-2,465
1775448122132,key-33,623
1775448122133,key-2,466
1775448122133,key-7,1600
1775448122134,key-5,177
1775448122134,key-12,3867
1775448122134,key-2,467
1775448122134,key-2,467
1775448122134,key-7,1601
1775448122134,key-18,135
1775448122135,key-28,1324
1775448122135,key-16,348
1775448122135,key-4,3543
1775448122135,key-4,3543
1775448122135,key-4,3543
1775448122135,key-4,3543
1775448122136,key-41,1083
1775448122136,key-41,1083
1775448122137,key-18,138
1775448122137,key-16,350
1775448122137,key-33,628
1775448122137,key-4,3545
1775448122138,key-2,471
1775448122139,key-12,3872
1775448122139,key-4,3547
1775448122140,key-4,3548
1775448122141,key-4,3549
1775448122141,key-16,354
1775448122141,key-4,3549
1775448122142,key-4,3550
1775448122142,key-41,1089
1775448122142,key-50,632
1775448122145,key-4,3553
1775448122145,key-33,636
1775448122146,key-4,3554
1775448122146,key-4,3554
1775448122147,key-28,1336
1775448122147,key-18,148
1775448122147,key-4,3555
1775448122147,key-4,3555
1775448122147,key-4,3555
1775448122147,key-4,3555
1775448122147,key-20,191
1775448122149,key-12,3882
1775448122149,key-19,4938
1775448122150,key-4,3558
1775448122150,key-4,3558
1775448122150,key-28,1339
1775448122151,key-33,642
1775448122151,key-4,3559
1775448122151,key-4,3559
1775448122152,key-50,642
1775448122152,key-48,2227
1775448122153,key-19,4942
1775448122154,key-50,644
1775448122155,key-4,3563
1775448122155,key-4,3563
1775448122155,key-20,199
1775448122156,key-4,3564
1775448122156,key-4,3564
1775448122157,key-18,158
1775448122157,key-48,2232
1775448122157,key-28,9
1775448122160,key-17,4539
1775448122160,key-24,617
1775448122160,key-12,3893
1775448122161,key-33,652
1775448122162,key-48,2237
1775448122162,key-48,2237
1775448122162,key-18,163
1775448122162,key-50,652
1775448122163,key-11,308
1775448122163,key-30,3083
1775448122163,key-19,4952
1775448122163,key-24,620
1775448122163,key-50,653
1775448122163,key-15,1419
1775448122165,key-45,2287
1775448122165,key-48,2240
1775448122165,key-48,2240
1775448122166,key-18,167
1775448122166,key-28,18
1775448122166,key-50,656
1775448122167,key-18,168
1775448122167,key-12,3900
1775448122167,key-18,168
1775448122168,key-48,2243
1775448122168,key-30,3088
1775448122169,key-11,314
1775448122170,key-18,171
1775448122171,key-18,172
1775448122171,key-11,316
1775448122171,key-18,172
1775448122171,key-11,316
1775448122171,key-30,3091
1775448122172,key-30,3092
1775448122172,key-30,3092
1775448122173,key-28,25
1775448122173,key-12,3906
1775448122174,key-3,891
1775448122175,key-18,176
1775448122177,key-50,667
1775448122177,key-18,178
1775448122177,key-18,178
1775448122178,key-15,1434
1775448122178,key-11,323
1775448122178,key-18,179
1775448122179,key-18,180
1775448122180,key-18,181
1775448122180,key-11,325
1775448122181,key-11,326
1775448122181,key-11,326
1775448122182,key-28,34
1775448122182,key-11,327
1775448122182,key-18,183
1775448122183,key-11,328
1775448122183,key-25,1937
1775448122184,key-18,185
1775448122184,key-28,36
1775448122184,key-18,185
1775448122184,key-2,517
1775448122184,key-4,3592
1775448122184,key-3,901
1775448122186,key-11,331
1775448122186,key-11,331
1775448122186,key-18,187
1775448122187,key-11,332
1775448122187,key-23,3569
1775448122187,key-18,188
1775448122188,key-11,333
1775448122189,key-11,334
1775448122189,key-18,190
1775448122189,key-11,334
1775448122189,key-5,232
1775448122190,key-11,335
1775448122190,key-11,335
1775448122191,key-31,724
1775448122191,key-19,4980
1775448122191,key-18,192
1775448122191,key-18,192
1775448122192,key-16,405
1775448122192,key-25,1946
1775448122192,key-25,1946
1775448122192,key-35,781
1775448122193,key-3,910
1775448122193,key-23,3575
1775448122194,key-23,3576
1775448122194,key-18,195
1775448122195,key-10,963
1775448122196,key-23,3578
1775448122196,key-18,197
1775448122197,key-18,198
1775448122197,key-11,342
1775448122200,key-19,4989
1775448122200,key-41,1147
1775448122200,key-11,345
1775448122201,key-19,4990
1775448122201,key-3,918
1775448122201,key-25,1955
1775448122202,key-18,203
1775448122202,key-32,919
1775448122202,key-46,1805
1775448122202,key-25,1956
1775448122202,key-38,1872
1775448122202,key-25,1956
1775448122203,key-24,660
1775448122204,key-34,686
1775448122204,key-23,3586
1775448122206,key-23,3588
1775448122206,key-25,1960
1775448122206,key-19,4995
1775448122206,key-32,923
1775448122208,key-25,1962
1775448122208,key-11,353
1775448122209,key-3,926
1775448122210,key-19,4999
1775448122210,key-41,1157
1775448122211,key-11,356
1775448122211,key-35,800
1775448122211,key-25,1965
1775448122211,key-12,3944
1775448122211,key-19,5000
1775448122211,key-3,928
1775448122212,key-42,5990
1775448122213,key-19,5002
1775448122213,key-25,1967
1775448122213,key-34,695
1775448122213,key-23,3595
1775448122213,key-25,1967
1775448122214,key-13,455
1775448122214,key-5,257
1775448122214,key-16,427
1775448122214,key-32,931
1775448122215,key-11,360
1775448122215,key-11,360
1775448122215,key-12,3948
1775448122215,key-19,5004
1775448122215,key-28,67
1775448122216,key-5,259
1775448122216,key-21,1435
1775448122216,key-11,361
1775448122217,key-25,1971
1775448122217,key-25,1971
1775448122218,key-9,3253
1775448122219,key-19,5008
1775448122220,key-11,365
1775448122221,key-27,3582
1775448122222,key-19,5011
1775448122223,key-16,436
1775448122223,key-3,940
1775448122223,key-25,1977
1775448122225,key-25,1979
1775448122226,key-5,269
1775448122226,key-19,5015
1775448122227,key-21,1446
1775448122228,key-9,3263
1775448122228,key-28,80
1775448122228,key-11,373
1775448122229,key-37,1370
1775448122229,key-25,1983
1775448122229,key-13,470
1775448122229,key-21,1448
1775448122230,key-25,1984
1775448122230,key-5,273
1775448122230,key-5,273
1775448122231,key-19,5020
1775448122231,key-25,1985
1775448122232,key-45,2354
1775448122232,key-5,275
1775448122232,key-5,275
1775448122232,key-25,1986
1775448122233,key-50,723
1775448122234,key-5,277
1775448122234,key-28,86
1775448122235,key-21,1454
1775448122235,key-5,278
1775448122236,key-5,279
1775448122237,key-25,1991
1775448122237,key-29,4662
1775448122238,key-45,2360
1775448122239,key-38,1909
1775448122240,key-5,283
1775448122242,key-5,285
1775448122242,key-3,5
1775448122242,key-12,3975
1775448122243,key-5,286
1775448122243,key-38,1913
1775448122243,key-3,6
1775448122244,key-21,1463
1775448122244,key-45,2366
1775448122244,key-5,287
1775448122244,key-20,288
1775448122245,key-34,727
1775448122245,key-28,97
1775448122245,key-3,8
1775448122246,key-18,247
1775448122246,key-3,9
1775448122246,key-38,1916
1775448122247,key-26,5067
1775448122247,key-5,290
1775448122247,key-22,8132
1775448122248,key-3,11
1775448122248,key-34,730
1775448122248,key-3,11
1775448122249,key-29,4674
1775448122249,key-36,1218
1775448122250,key-3,13
1775448122251,key-5,294
1775448122251,key-28,103
1775448122251,key-3,14
1775448122252,key-21,1471
1775448122252,key-22,8137
1775448122253,key-45,2375
1775448122254,key-22,8139
1775448122254,key-3,17
1775448122254,key-3,17
1775448122254,key-3,17
1775448122255,key-42,6033
1775448122255,key-7,1722
1775448122256,key-3,19
1775448122256,key-28,108
1775448122256,key-29,4681
1775448122256,key-34,738
1775448122256,key-29,4681
1775448122256,key-3,19
1775448122257,key-3,20
1775448122257,key-28,109
1775448122257,key-3,20
1775448122257,key-14,261
1775448122257,key-26,5077
1775448122258,key-38,1928
1775448122258,key-34,740
1775448122260,key-34,742
1775448122261,key-14,265
1775448122261,key-16,474
1775448122261,key-29,4686
1775448122262,key-28,114
1775448122263,key-31,796
1775448122263,key-28,115
1775448122264,key-34,746
1775448122264,key-28,116
1775448122265,key-28,117
1775448122265,key-37,1406
1775448122266,key-28,118
1775448122266,key-9,3301
1775448122267,key-34,749
1775448122267,key-26,5087
1775448122267,key-29,4692
1775448122267,key-14,271
1775448122269,key-28,121
1775448122270,key-14,274
1775448122270,key-28,122
1775448122271,key-9,3306
1775448122272,key-34,754
1775448122272,key-14,276
1775448122274,key-28,126
1775448122274,key-16,487
1775448122275,key-26,5095
1775448122275,key-9,3310
1775448122275,key-27,3636
1775448122275,key-26,5095
1775448122276,key-50,766
1775448122276,key-34,758
1775448122276,key-29,4701
1775448122277,key-14,281
1775448122277,key-50,767
1775448122277,key-15,1533
1775448122278,key-29,4703
1775448122278,key-25,2032
1775448122278,key-26,5098
1775448122278,key-27,3639
1775448122279,key-29,4704
1775448122279,key-14,283
1775448122279,key-14,283
1775448122279,key-34,761
1775448122281,key-15,1537
1775448122281,key-27,3642
1775448122281,key-29,4706
1775448122282,key-15,1538
1775448122282,key-27,3643
1775448122283,key-29,4708
1775448122283,key-50,773
1775448122283,key-15,1539
1775448122284,key-27,3645
1775448122285,key-20,329
1775448122286,key-29,4711
1775448122286,key-19,5075
1775448122287,key-34,769
1775448122287,key-31,820
1775448122287,key-27,3648
1775448122289,key-27,3650
1775448122289,key-15,1545
1775448122289,key-13,530
1775448122290,key-34,772
1775448122291,key-27,3652
1775448122291,key-15,1547
1775448122292,key-29,4717
1775448122292,key-29,4717
1775448122292,key-15,1548
1775448122293,key-27,3654
1775448122293,key-15,1549
1775448122295,key-27,3656
1775448122295,key-19,5084
1775448122295,key-3,58
1775448122296,key-15,1552
1775448122297,key-27,3658
1775448122299,key-15,1555
1775448122300,key-27,3661
1775448122300,key-15,1556
1775448122300,key-48,2375
1775448122301,key-45,2423
1775448122302,key-20,346
1775448122302,key-27,3663
1775448122302,key-15,1558
1775448122303,key-29,4728
1775448122303,key-15,1559
1775448122303,key-3,66
1775448122303,key-8,2128
1775448122304,key-29,4729
1775448122304,key-29,4729
1775448122304,key-27,3665
1775448122305,key-40,11
1775448122306,key-19,5095
1775448122307,key-15,1563
1775448122307,key-15,1563
1775448122307,key-27,3668
1775448122307,key-3,70
1775448122307,key-48,2382
1775448122308,key-3,71
1775448122309,key-27,3670
1775448122309,key-15,1565
1775448122310,key-27,3671
1775448122310,key-47,2666
1775448122311,key-9,3346
1775448122311,key-15,1567
1775448122311,key-40,17
1775448122312,key-29,4737
1775448122312,key-48,2387
1775448122312,key-8,2137
1775448122312,key-45,2434
1775448122313,key-29,4738
1775448122313,key-3,76
1775448122314,key-10,1082
1775448122314,key-15,1570
1775448122314,key-19,5103
1775448122315,key-4,3723
1775448122315,key-9,3350
1775448122316,key-47,2672
1775448122317,key-6,2103
1775448122317,key-2,650
1775448122317,key-3,80
1775448122318,key-15,1574
1775448122318,key-47,2674
1775448122320,key-4,3728
1775448122321,key-19,5110
1775448122321,key-1,2413
1775448122321,key-18,322
1775448122321,key-2,654
1775448122322,key-11,467
1775448122322,key-29,4747
1775448122323,key-4,3731
1775448122323,key-35,912
1775448122323,key-45,2445
1775448122324,key-1,2416
1775448122324,key-47,2680
1775448122325,key-4,3733
1775448122326,key-7,1793
1775448122328,key-47,2684
1775448122329,key-4,3737
1775448122329,key-47,2685
1775448122330,key-15,1586
1775448122330,key-11,475
1775448122331,key-47,2687
1775448122332,key-28,184
1775448122332,key-19,5121
1775448122332,key-47,2688
1775448122333,key-47,2689
1775448122333,key-19,5122
1775448122334,key-1,2426
1775448122335,key-7,1802
1775448122335,key-45,2457
1775448122335,key-47,2691
1775448122335,key-19,5124
1775448122335,key-35,924
1775448122336,key-47,2692
1775448122336,key-18,337
1775448122337,key-42,6115
1775448122337,key-18,338
1775448122340,key-48,2415
1775448122340,key-50,830
1775448122340,key-45,2462
1775448122341,key-42,6119
1775448122341,key-15,1597
1775448122342,key-32,1059
1775448122342,key-14,12
1775448122343,key-50,833
1775448122344,key-2,677
1775448122344,key-1,2436
1775448122344,key-15,1600
1775448122345,key-27,4
1775448122345,key-27,4
1775448122345,key-5,388
1775448122346,key-19,5135
1775448122346,key-14,16
1775448122347,key-45,2469
1775448122347,key-32,1064
1775448122347,key-10,1115
1775448122347,key-50,837
1775448122348,key-27,7
1775448122348,key-1,2440
1775448122348,key-2,681
1775448122349,key-6,2135
1775448122349,key-1,2441
1775448122349,key-45,2471
1775448122350,key-14,20
1775448122350,key-50,840
1775448122351,key-46,1954
1775448122351,key-27,10
1775448122352,key-13,593
1775448122352,key-27,11
1775448122352,key-22,8237
1775448122353,key-1,2445
1775448122353,key-45,2475
1775448122354,key-46,1957
1775448122354,key-38,2024
1775448122355,key-50,845
1775448122355,key-33,846
1775448122355,key-2,688
1775448122356,key-40,62
1775448122356,key-45,2478
1775448122357,key-50,847
1775448122357,key-27,16
1775448122357,key-32,1074
1775448122357,key-6,2143
1775448122358,key-46,1961
1775448122358,key-14,28
1775448122358,key-6,2144
1775448122360,key-32,1077
1775448122360,key-32,1077
1775448122360,key-46,1963
1775448122360,key-6,2146
1775448122361,key-50,851
1775448122361,key-32,1078
1775448122362,key-50,852
1775448122362,key-37,1503
1775448122363,key-6,2149
1775448122363,key-16,576
1775448122365,key-14,35
1775448122365,key-13,606
1775448122367,key-36,1336
1775448122367,key-16,580
1775448122367,key-12,4100
1775448122368,key-32,1085
1775448122368,key-16,581
1775448122369,key-49,4229
1775448122370,key-50,860
1775448122371,key-14,41
1775448122371,key-36,1340
1775448122372,key-14,42
1775448122372,key-6,2158
1775448122372,key-46,1975
1775448122372,key-8,2197
1775448122373,key-29,4798
1775448122373,key-32,1090
1775448122374,key-6,2160
1775448122374,key-36,1343
1775448122374,key-32,1091
1775448122375,key-12,4108
1775448122375,key-32,1092
1775448122375,key-37,1516
1775448122375,key-37,1516
1775448122375,key-6,2161
1775448122376,key-33,867
1775448122376,key-48,2451
1775448122377,key-37,1518
1775448122377,key-6,2163
1775448122378,key-14,48
1775448122378,key-37,1519
1775448122379,key-33,870
1775448122379,key-6,2165
1775448122379,key-36,1348
1775448122380,key-37,1521
1775448122380,key-32,1097
1775448122381,key-8,2206
1775448122382,key-32,1099
1775448122383,key-37,1524
1775448122383,key-6,2169
1775448122383,key-11,528
1775448122383,key-37,1524
1775448122384,key-12,4117
1775448122385,key-45,2507
1775448122385,key-12,4118
1775448122386,key-14,56
1775448122387,key-37,1528
1775448122387,key-6,2173
1775448122387,key-37,1528
1775448122387,key-37,1528
1775448122388,key-29,4813
1775448122388,key-12,4121
1775448122388,key-8,2213
1775448122388,key-6,2174
1775448122389,key-33,880
1775448122389,key-33,880
1775448122390,key-37,1531
1775448122390,key-25,2144
1775448122391,key-35,980
1775448122391,key-37,1532
1775448122393,key-31,926
1775448122393,key-33,884
1775448122393,key-25,2147
1775448122393,key-20,437
1775448122394,key-33,885
1775448122394,key-29,4819
1775448122394,key-18,395
1775448122396,key-25,2150
1775448122397,key-5,440
1775448122397,key-20,441
1775448122397,key-29,4822
1775448122397,key-29,4822
1775448122398,key-1,2490
1775448122398,key-6,2184
1775448122398,key-33,889
1775448122398,key-29,4823
1775448122399,key-29,4824
1775448122399,key-25,2153
1775448122400,key-37,1541
1775448122400,key-5,443
1775448122401,key-37,1542
1775448122401,key-5,444
1775448122402,key-33,893
1775448122402,key-37,1543
1775448122403,key-5,446
1775448122403,key-29,4828
1775448122403,key-5,446
1775448122404,key-43,4
1775448122405,key-47,2761
1775448122405,key-1,2497
1775448122406,key-29,4831
1775448122406,key-5,449
1775448122407,key-5,450
1775448122407,key-19,5196
1775448122407,key-24,864
1775448122408,key-33,899
1775448122408,key-33,899
1775448122409,key-29,4834
1775448122409,key-33,900
1775448122409,key-43,9
1775448122412,key-3,175
1775448122412,key-5,455
1775448122413,key-24,870
1775448122413,key-45,2535
1775448122413,key-29,4838
1775448122413,key-24,870
1775448122413,key-5,456
1775448122413,key-5,456
1775448122414,key-29,4839
1775448122414,key-45,2536
1775448122414,key-43,14
1775448122414,key-32,1131
1775448122415,key-5,458
1775448122416,key-31,949
1775448122416,key-24,873
1775448122417,key-33,908
1775448122418,key-40,124
1775448122418,key-45,2540
1775448122418,key-24,875
1775448122418,key-24,875
1775448122418,key-45,2540
1775448122418,key-33,909
1775448122419,key-37,1560
1775448122419,key-41,1366
1775448122419,key-29,4844
1775448122421,key-37,1562
1775448122422,key-46,2025
1775448122423,key-45,2545
1775448122423,key-50,913
1775448122424,key-5,467
1775448122424,key-29,4849
1775448122424,key-37,1565
1775448122424,key-29,4849
1775448122425,key-5,468
1775448122425,key-37,1566
1775448122425,key-37,1566
1775448122425,key-45,2547
1775448122426,key-33,917
1775448122426,key-13,667
1775448122426,key-18,427
1775448122427,key-24,884
1775448122428,key-33,919
1775448122428,key-29,4853
1775448122429,key-4,3837
1775448122430,key-37,1571
1775448122430,key-5,473
1775448122430,key-33,921
1775448122431,key-20,475
1775448122431,key-22,8316
1775448122432,key-5,475
1775448122432,key-37,1573
1775448122432,key-16,645
1775448122432,key-50,922
1775448122434,key-29,4859
1775448122434,key-28,286
1775448122434,key-5,477
1775448122434,key-18,435
1775448122434,key-18,435
1775448122435,key-21,1654
1775448122435,key-37,1576
1775448122435,key-5,478
1775448122435,key-29,4860
1775448122436,key-5,479
1775448122436,key-18,437
1775448122437,key-33,928
1775448122437,key-5,480
1775448122437,key-50,927
1775448122438,key-18,439
1775448122439,key-18,440
1775448122439,key-50,929
1775448122440,key-18,441
1775448122440,key-50,930
1775448122440,key-21,1659
1775448122442,key-33,933
1775448122443,key-50,933
1775448122443,key-29,4868
1775448122444,key-5,487
1775448122445,key-18,446
1775448122445,key-34,927
1775448122446,key-21,1665
1775448122446,key-37,1587
1775448122447,key-18,448
1775448122447,key-5,490
1775448122447,key-29,4872
1775448122448,key-14,118
1775448122448,key-33,939
1775448122448,key-18,449
1775448122448,key-50,938
1775448122448,key-21,1667
1775448122449,key-21,1668
1775448122449,key-5,492
1775448122449,key-50,939
1775448122449,key-16,662
1775448122449,key-33,940
1775448122450,key-29,4875
1775448122450,key-33,941
1775448122450,key-11,595
1775448122450,key-18,451
1775448122450,key-21,1669
1775448122451,key-33,942
1775448122452,key-33,943
1775448122453,key-5,496
1775448122453,key-37,1594
1775448122453,key-18,454
1775448122453,key-5,496
1775448122454,key-24,911
1775448122454,key-50,944
1775448122454,key-43,54
1775448122455,key-28,307
1775448122455,key-1,2547
1775448122455,key-33,946
1775448122456,key-24,913
1775448122456,key-11,601
1775448122456,key-11,601
1775448122457,key-43,57
1775448122458,key-24,915
1775448122458,key-33,949
1775448122459,key-43,59
1775448122459,key-33,950
1775448122461,key-23,3843
1775448122461,key-33,952
1775448122461,key-33,952
1775448122462,key-33,953
1775448122462,key-33,953
1775448122463,key-43,63
1775448122463,key-28,315
1775448122463,key-39,863
1775448122464,key-3,227
1775448122466,key-43,66
1775448122466,key-36,1435
1775448122466,key-33,957
1775448122466,key-33,957
1775448122466,key-19,5255
1775448122467,key-11,612
1775448122467,key-33,958
1775448122467,key-17,4846
1775448122467,key-24,924
1775448122469,key-43,69
1775448122469,key-39,869
1775448122469,key-3,232
1775448122469,key-25,2223
1775448122469,key-42,6247
1775448122470,key-17,4849
1775448122471,key-20,515
1775448122472,key-16,685
1775448122472,key-1,2564
1775448122473,key-46,2076
1775448122473,key-25,2227
1775448122474,key-24,931
1775448122474,key-33,965
1775448122474,key-33,965
1775448122474,key-16,687
1775448122475,key-32,8
1775448122475,key-33,966
1775448122476,key-17,4855
1775448122482,key-10,1250
1775448122482,key-2,815
1775448122484,key-33,975
1775448122484,key-24,941
1775448122485,key-46,2088
1775448122485,key-7,1952
1775448122485,key-33,976
1775448122485,key-43,85
1775448122485,key-43,85
1775448122486,key-16,699
1775448122486,key-49,4346
1775448122486,key-32,19
1775448122486,key-17,4865
1775448122486,key-32,19
1775448122487,key-46,2090
1775448122487,key-23,3869
1775448122489,key-24,946
1775448122489,key-24,946
1775448122490,key-17,4869
1775448122490,key-26,5310
1775448122490,key-16,703
1775448122490,key-33,981
1775448122490,key-5,533
1775448122490,key-32,23
1775448122491,key-46,2094
1775448122492,key-22,8377
1775448122492,key-15,1748
1775448122492,key-16,705
1775448122493,key-33,984
1775448122493,key-32,26
1775448122495,key-49,4355
1775448122495,key-24,952
1775448122495,key-32,28
1775448122496,key-32,29
1775448122496,key-7,1963
1775448122496,key-5,539
1775448122497,key-43,97
1775448122497,key-46,2100
1775448122497,key-18,498
1775448122497,key-42,6275
1775448122497,key-32,30
1775448122497,key-23,3879
1775448122498,key-33,4
1775448122498,key-4,3906
1775448122499,key-32,32
1775448122499,key-5,542
1775448122499,key-15,1755
1775448122500,key-42,6278
1775448122501,key-5,544
1775448122501,key-16,714
1775448122501,key-32,34
1775448122501,key-16,714
1775448122502,key-36,1471
1775448122503,key-39,903
1775448122503,key-4,3911
1775448122503,key-27,162
1775448122504,key-4,3912
1775448122506,key-33,12
1775448122506,key-18,507
1775448122507,key-16,720
1775448122507,key-4,3915
1775448122507,key-13,748
1775448122508,key-42,6286
1775448122508,key-5,551
1775448122508,key-48,2583
1775448122508,key-48,2583
1775448122509,key-32,42
1775448122509,key-42,6287
1775448122509,key-11,654
1775448122510,key-33,16
1775448122511,key-48,2586
1775448122511,key-16,724
1775448122511,key-40,217
1775448122512,key-47,2868
1775448122512,key-48,2587
1775448122512,key-36,1481
1775448122513,key-48,2588
1775448122514,key-42,6292
1775448122514,key-36,1483
1775448122515,key-9,3550
1775448122515,key-40,221
1775448122516,key-47,2872
1775448122516,key-40,222
1775448122516,key-18,517
1775448122516,key-4,3924
1775448122517,key-20,561
1775448122517,key-5,560
1775448122517,key-11,662
1775448122517,key-48,2592
1775448122517,key-48,2592
1775448122518,key-47,2874
1775448122519,key-33,25
1775448122520,key-4,3928
1775448122520,key-48,2595
1775448122522,key-42,6300
1775448122523,key-4,3931
1775448122523,key-42,6301
1775448122524,key-9,3559
1775448122524,key-18,525
1775448122524,key-48,2599
1775448122525,key-9,3560
1775448122525,key-47,2881
1775448122525,key-9,3560
1775448122526,key-47,2882
1775448122527,key-47,2883
1775448122528,key-20,572
1775448122530,key-20,574
1775448122531,key-5,574
1775448122531,key-48,2606
1775448122532,key-24,989
1775448122532,key-42,6310
1775448122533,key-47,2889
1775448122534,key-9,3569
1775448122534,key-47,2890
1775448122534,key-47,2890
1775448122535,key-42,6313
1775448122535,key-8,2360
1775448122536,key-42,6314
1775448122536,key-47,2892
1775448122536,key-5,579
1775448122537,key-16,750
1775448122537,key-5,580
1775448122537,key-4,3945
1775448122577,key-9,3612
1775448122579,key-5,622
1775448122604,key-47,2960
1775448122607,key-20,651
1775448122607,key-5,650
1775448122607,key-42,6385
1775448122608,key-38,2278
1775448122608,key-47,2964
1775448122608,key-13,849
1775448122608,key-47,2964
1775448122608,key-49,4468
1775448122608,key-47,2964
1775448122608,key-4,4016
1775448122609,key-33,115
1775448122609,key-47,2965
1775448122609,key-4,4017
1775448122609,key-9,3644
1775448122609,key-47,2965
1775448122612,key-47,2968
1775448122612,key-35,1201
1775448122612,key-47,2968
1775448122613,key-33,119
1775448122613,key-21,1832
1775448122613,key-9,3648
1775448122613,key-9,3648
1775448122613,key-26,5433
1775448122613,key-41,1560
1775448122613,key-5,656
1775448122613,key-24,1070
1775448122614,key-48,2689
1775448122614,key-42,6392
1775448122614,key-5,657
1775448122614,key-5,657
1775448122614,key-47,2970
1775448122614,key-5,657
1775448122615,key-29,5040
1775448122615,key-47,2971
1775448122615,key-42,6393
1775448122615,key-17,4994
1775448122616,key-42,6394
1775448122616,key-9,3651
1775448122616,key-48,2691
1775448122617,key-5,660
1775448122617,key-42,6395
1775448122617,key-11,762
1775448122618,key-5,661
1775448122618,key-47,2974
1775448122618,key-31,1151
1775448122618,key-9,3653
1775448122618,key-15,1874
1775448122619,key-4,4027
1775448122619,key-16,832
1775448122619,key-48,2694
1775448122619,key-47,2975
1775448122619,key-8,2444
1775448122621,key-18,622
1775448122623,key-5,666
1775448122623,key-42,6401
1775448122623,key-47,2979
1775448122628,key-47,2984
1775448122628,key-4,4036
1775448122628,key-40,334
1775448122629,key-47,2985
1775448122629,key-42,6407
1775448122629,key-20,673
1775448122630,key-42,6408
1775448122630,key-47,2986
1775448122630,key-20,674
1775448122632,key-47,2988
1775448122632,key-5,675
1775448122632,key-20,676
1775448122633,key-47,2989
1775448122635,key-9,3670
1775448122637,key-28,489
1775448122638,key-4,4046
1775448122638,key-19,5427
1775448122638,key-17,5017
1775448122638,key-11,783
1775448122638,key-47,2994
1775448122639,key-16,852
1775448122639,key-42,6417
1775448122639,key-47,2995
1775448122640,key-47,2996
1775448122640,key-47,2996
1775448122641,key-42,6419
1775448122641,key-31,1174
1775448122641,key-20,685
1775448122641,key-47,2997
1775448122641,key-20,685
1775448122642,key-9,3677
1775448122642,key-5,685
1775448122642,key-4,4050
1775448122643,key-47,2999
1775448122643,key-47,2999
1775448122643,key-20,687
1775448122644,key-42,6422
1775448122644,key-38,2314
1775448122644,key-47,3000
1775448122644,key-47,3000
1775448122645,key-47,3001
1775448122645,key-20,689
1775448122646,key-19,5435
1775448122646,key-20,690
1775448122647,key-42,6425
1775448122647,key-47,3003
1775448122647,key-47,3003
1775448122647,key-37,1788
1775448122647,key-4,4055
1775448122648,key-20,692
1775448122649,key-38,2319
1775448122650,key-20,694
1775448122650,key-42,6428
1775448122651,key-45,2773
1775448122651,key-38,2321
1775448122653,key-42,6431
1775448122654,key-25,2408
1775448122654,key-20,698
1775448122654,key-47,3010
1775448122654,key-41,1601
1775448122654,key-19,5443
1775448122655,key-6,2441
1775448122656,key-47,3012
1775448122656,key-4,4064
1775448122656,key-19,5445
1775448122656,key-4,4064
1775448122657,key-24,1114
1775448122657,key-20,701
1775448122657,key-45,2779
1775448122658,key-32,191
1775448122658,key-26,5478
1775448122659,key-38,2329
1775448122660,key-41,1607
1775448122660,key-20,704
1775448122660,key-46,2263
1775448122661,key-41,1608
1775448122662,key-45,2784
1775448122662,key-45,2784
1775448122662,key-20,706
1775448122662,key-38,2332
1775448122662,key-41,1609
1775448122662,key-42,6440
1775448122663,key-38,2333
1775448122663,key-6,2449
1775448122663,key-41,1610
1775448122663,key-20,707
1775448122664,key-46,2267
1775448122664,key-42,6442
1775448122665,key-32,198
1775448122665,key-37,1806
1775448122666,key-42,6444
1775448122666,key-41,1613
1775448122666,key-38,2336
1775448122668,key-45,2790
1775448122669,key-32,202
1775448122669,key-3,432
1775448122669,key-41,1616
1775448122670,key-22,8555
1775448122670,key-38,2340
1775448122672,key-5,715
1775448122673,key-46,2276
1775448122675,key-42,6453
1775448122675,key-17,5054
1775448122675,key-32,208
1775448122676,key-32,209
1775448122676,key-10,1444
1775448122677,key-25,2431
1775448122677,key-3,440
1775448122679,key-47,3035
1775448122679,key-9,3714
1775448122679,key-10,1447
1775448122679,key-38,2349
1775448122680,key-32,213
1775448122682,key-32,215
1775448122682,key-31,1215
1775448122683,key-29,5108
1775448122683,key-34,1165
1775448122684,key-3,447
1775448122684,key-46,2287
1775448122684,key-25,2438
1775448122684,key-17,5063
1775448122685,key-46,2288
1775448122685,key-32,218
1775448122685,key-9,3720
1775448122685,key-22,8570
1775448122686,key-10,1454
1775448122686,key-32,219
1775448122686,key-22,8571
1775448122686,key-37,1827
1775448122687,key-5,730
1775448122687,key-18,688
1775448122688,key-3,451
1775448122688,key-10,1456
1775448122688,key-31,9
1775448122688,key-32,221
1775448122688,key-25,2442
1775448122689,key-9,3724
1775448122689,key-38,2359
1775448122689,key-10,1457
1775448122690,key-48,2765
1775448122690,key-5,733
1775448122690,key-46,2293
1775448122690,key-37,1831
1775448122692,key-18,693
1775448122692,key-12,4425
1775448122693,key-10,1461
1775448122693,key-10,1461
1775448122696,key-18,697
1775448122696,key-32,229
1775448122697,key-11,842
1775448122697,key-3,460
1775448122697,key-37,1838
1775448122698,key-48,2773
1775448122698,key-31,19
1775448122699,key-25,2453
1775448122700,key-46,2303
1775448122700,key-37,1841
1775448122701,key-31,22
1775448122702,key-11,847
1775448122702,key-11,847
1775448122703,key-18,704
1775448122703,key-18,704
1775448122704,key-10,1472
1775448122704,key-11,849
1775448122704,key-31,25
1775448122704,key-48,2779
1775448122705,key-28,557
1775448122707,key-38,8
1775448122707,key-37,1848
1775448122707,key-25,2461
1775448122707,key-11,852
1775448122708,key-18,709
1775448122708,key-11,853
1775448122709,key-3,472
1775448122709,key-31,30
1775448122709,key-11,854
1775448122710,key-46,2313
1775448122710,key-11,855
1775448122710,key-31,31
1775448122710,key-25,2464
1775448122711,key-4,4119
1775448122711,key-18,712
1775448122712,key-31,33
1775448122712,key-31,33
1775448122712,key-37,1853
1775448122712,key-25,2466
1775448122712,key-48,2787
1775448122714,key-18,715
1775448122715,key-11,860
1775448122715,key-11,860
1775448122716,key-48,2791
1775448122716,key-2,1049
1775448122716,key-31,37
1775448122717,key-18,718
1775448122717,key-11,862
1775448122717,key-4,4125
1775448122717,key-25,2471
1775448122717,key-31,38
1775448122719,key-17,5098
1775448122720,key-33,226
1775448122720,key-48,2795
1775448122721,key-38,22
1775448122722,key-31,43
1775448122722,key-12,4455
1775448122722,key-31,43
1775448122722,key-18,723
1775448122723,key-48,2798
1775448122723,key-4,4131
1775448122724,key-4,4132
1775448122724,key-12,4457
1775448122725,key-5,768
1775448122725,key-40,431
1775448122726,key-31,47
1775448122726,key-18,727
1775448122726,key-38,27
1775448122727,key-42,6505
1775448122727,key-6,2513
1775448122728,key-48,2803
1775448122729,key-40,435
1775448122729,key-12,4462
1775448122730,key-31,51
1775448122731,key-5,774
1775448122731,key-18,732
1775448122732,key-42,6510
1775448122733,key-4,4141
1775448122733,key-6,2519
1775448122734,key-48,2809
1775448122734,key-15,1990
1775448122735,key-18,736
1775448122735,key-18,736
1775448122736,key-12,4469
1775448122736,key-38,37
1775448122737,key-5,780
1775448122737,key-31,58
1775448122737,key-18,738
1775448122737,key-14,407
1775448122738,key-4,4146
1775448122738,key-42,6516
1775448122738,key-18,739
1775448122739,key-7,2206
1775448122739,key-48,2814
1775448122740,key-4,4148
1775448122741,key-6,2527
1775448122741,key-38,42
1775448122742,key-42,6520
1775448122743,key-7,2210
1775448122744,key-19,5533
1775448122744,key-18,745
1775448122746,key-38,47
1775448122746,key-4,4154
1775448122746,key-12,4479
1775448122746,key-42,6524
1775448122746,key-12,4479
1775448122747,key-6,2533
1775448122747,key-39,1147
1775448122748,key-38,49
1775448122748,key-42,6526
1775448122749,key-19,5538
1775448122749,key-29,5174
1775448122750,key-38,51
1775448122750,key-18,751
1775448122750,key-4,4158
1775448122751,key-4,4159
1775448122751,key-47,3107
1775448122751,key-18,752
1775448122751,key-25,2505
1775448122752,key-12,4485
1775448122752,key-42,6530
1775448122752,key-39,1152
1775448122752,key-4,4160
1775448122753,key-39,1153
1775448122753,key-4,4161
1775448122754,key-29,5179
1775448122755,key-6,2541
1775448122755,key-4,4163
1775448122756,key-39,1156
1775448122756,key-47,3112
1775448122757,key-4,4165
1775448122757,key-14,427
1775448122757,key-39,1157
1775448122757,key-38,58
1775448122758,key-4,4166
1775448122759,key-39,1159
1775448122759,key-29,5184
1775448122760,key-39,1160
1775448122760,key-14,430
1775448122760,key-4,4168
1775448122760,key-18,761
1775448122761,key-12,4494
1775448122762,key-12,4495
1775448122763,key-3,526
1775448122763,key-38,64
1775448122764,key-4,4172
1775448122764,key-4,4172
1775448122764,key-38,65
1775448122764,key-38,65
1775448122766,key-4,4174
1775448122766,key-38,67
1775448122766,key-42,6544
1775448122767,key-4,4175
1775448122768,key-47,3124
1775448122768,key-47,3124
1775448122768,key-47,3124
1775448122769,key-14,439
1775448122769,key-47,3125
1775448122769,key-8,2594
1775448122769,key-12,4502
1775448122769,key-39,1169
1775448122769,key-38,70
1775448122770,key-47,3126
1775448122770,key-38,71
1775448122770,key-21,1989
1775448122772,key-47,3128
1775448122772,key-12,4505
1775448122773,key-4,4181
1775448122774,key-4,4182
1775448122774,key-8,2599
1775448122775,key-8,2600
1775448122775,key-38,76
1775448122776,key-12,4509
1775448122776,key-47,3132
1775448122776,key-38,77
1775448122776,key-47,3132
1775448122777,key-47,3133
1775448122777,key-47,3133
1775448122778,key-16,991
1775448122778,key-21,1997
1775448122778,key-21,1997
1775448122778,key-11,923
1775448122778,key-47,3134
1775448122779,key-49,4639
1775448122779,key-20,823
1775448122780,key-47,3136
1775448122780,key-47,3136
1775448122780,key-35,1369
1775448122780,key-38,81
1775448122781,key-38,82
1775448122781,key-7,2248
1775448122784,key-38,85
1775448122785,key-45,2907
1775448122785,key-9,3820
1775448122785,key-47,3141
1775448122786,key-2,1119
1775448122787,key-49,4647
1775448122787,key-35,1376
1775448122787,key-45,2909
1775448122787,key-38,88
1775448122788,key-38,89
1775448122788,key-47,3144
1775448122788,key-47,3144
1775448122789,key-20,833
1775448122790,key-47,3146
1775448122790,key-20,834
1775448122790,key-49,4650
1775448122790,key-45,2912
1775448122791,key-38,92
1775448122792,key-29,5217
1775448122792,key-49,4652
1775448122792,key-2,1125
1775448122793,key-20,837
1775448122793,key-38,94
1775448122794,key-35,1383
1775448122794,key-45,2916
1775448122795,key-20,839
1775448122795,key-2,1128
1775448122796,key-20,840
1775448122796,key-35,1385
1775448122796,key-29,5221
1775448122797,key-36,1766
1775448122798,key-27,457
1775448122799,key-2,1132
1775448122799,key-47,3155
1775448122799,key-47,3155
1775448122800,key-49,4660
1775448122802,key-47,3158
1775448122802,key-49,4662
1775448122802,key-49,4662
1775448122803,key-11,948
1775448122803,key-49,4663
1775448122803,key-49,4663
1775448122804,key-29,5229
1775448122805,key-11,950
1775448122805,key-29,5230
1775448122806,key-20,850
1775448122806,key-22,8691
1775448122806,key-49,4666
1775448122807,key-47,3163
1775448122808,key-49,4668
1775448122809,key-11,954
1775448122809,key-40,515
1775448122810,key-20,854
1775448122810,key-11,955
1775448122811,key-49,4671
1775448122811,key-47,3167
1775448122811,key-49,4671
1775448122812,key-49,4672
1775448122812,key-49,4672
1775448122812,key-29,5237
1775448122813,key-20,857
1775448122814,key-49,4674
1775448122814,key-22,8699
1775448122814,key-49,4674
1775448122814,key-20,858
1775448122815,key-8,2640
1775448122815,key-1,2907
1775448122817,key-11,962
1775448122817,key-23,4199
1775448122817,key-49,4677
1775448122818,key-47,3174
1775448122818,key-49,4678
1775448122818,key-49,4678
1775448122819,key-3,582
1775448122820,key-49,4680
1775448122820,key-20,864
1775448122820,key-40,526
1775448122821,key-49,4681
1775448122821,key-49,4681
1775448122822,key-49,4682
1775448122822,key-29,5247
1775448122824,key-8,2649
1775448122824,key-19,5613
1775448122824,key-22,8709
1775448122825,key-20,869
1775448122825,key-49,4685
1775448122826,key-49,4686
1775448122826,key-48,2901
1775448122826,key-34,1308
1775448122827,key-49,4687
1775448122827,key-22,8712
1775448122827,key-22,8712
1775448122828,key-49,4688
1775448122828,key-41,1775
1775448122828,key-13,1069
1775448122829,key-48,2904
1775448122829,key-22,8714
1775448122830,key-22,8715
1775448122830,key-48,2905
1775448122830,key-49,4690
1775448122830,key-49,4690
1775448122831,key-20,875
1775448122831,key-20,875
1775448122831,key-22,8716
1775448122832,key-22,8717
1775448122833,key-49,4693
1775448122833,key-49,4693
1775448122834,key-38,135
1775448122834,key-49,4694
1775448122835,key-34,1317
1775448122835,key-22,8720
1775448122835,key-49,4695
1775448122835,key-22,8720
1775448122836,key-20,880
1775448122838,key-34,1320
1775448122839,key-22,8724
1775448122839,key-22,8724
1775448122839,key-20,883
1775448122839,key-27,498
1775448122840,key-22,8725
1775448122840,key-8,2665
1775448122840,key-38,141
1775448122841,key-30,3761
1775448122841,key-20,885
1775448122842,key-49,4702
1775448122842,key-22,8727
1775448122842,key-48,2917
1775448122845,key-49,4705
1775448122845,key-49,4705
1775448122846,key-21,2065
1775448122847,key-2,1180
1775448122847,key-22,8732
1775448122848,key-3,611
1775448122848,key-21,2067
1775448122849,key-22,8734
1775448122849,key-20,893
1775448122850,key-34,1332
1775448122850,key-23,4232
1775448122850,key-49,4710
1775448122851,key-2,1184
1775448122851,key-48,2926
1775448122851,key-22,8736
1775448122852,key-48,2927
1775448122852,key-43,452
1775448122853,key-38,154
1775448122853,key-21,2072
1775448122853,key-34,1335
1775448122854,key-49,4714
1775448122854,key-21,2073
1775448122854,key-47,3210
1775448122855,key-49,4715
1775448122855,key-48,2930
1775448122856,key-48,2931
1775448122856,key-34,1338
1775448122856,key-46,2459
1775448122857,key-34,1339
1775448122857,key-49,4717
1775448122858,key-34,1340
1775448122858,key-47,3214
1775448122859,key-46,2462
1775448122860,key-21,2079
1775448122860,key-47,3216
1775448122860,key-32,393
1775448122861,key-15,2117
1775448122861,key-48,2936
1775448122863,key-17,5242
1775448122864,key-27,523
1775448122864,key-32,397
1775448122865,key-32,398
1775448122865,key-18,866
1775448122866,key-49,4726
1775448122867,key-46,2470
1775448122868,key-43,468
1775448122868,key-49,4728
1775448122868,key-46,2471
1775448122869,key-46,2472
1775448122869,key-48,2944
1775448122870,key-32,403
1775448122871,key-34,1353
1775448122872,key-8,2697
1775448122873,key-49,4733
1775448122874,key-46,2477
1775448122874,key-17,5253
1775448122875,key-46,2478
1775448122875,key-49,4735
1775448122875,key-43,475
1775448122876,key-27,535
1775448122876,key-7,2343
1775448122876,key-8,2701
1775448122876,key-23,4258
1775448122877,key-4,4285
1775448122877,key-21,2096
1775448122878,key-50,1368
1775448122878,key-21,2097
1775448122878,key-17,5257
1775448122878,key-27,537
1775448122878,key-46,2481
1775448122879,key-35,1468
1775448122879,key-40,585
1775448122880,key-39,1280
1775448122880,key-43,480
1775448122880,key-3,643
1775448122881,key-40,587
1775448122881,key-4,4289
1775448122881,key-17,5260
1775448122882,key-31,203
1775448122882,key-6,5
1775448122883,key-39,1283
1775448122884,key-4,4292
1775448122884,key-46,2487
1775448122884,key-17,5263
1775448122885,key-49,4745
1775448122886,key-40,592
1775448122886,key-31,207
1775448122886,key-32,419
1775448122889,key-28,741
1775448122889,key-4,4297
1775448122890,key-35,1479
1775448122890,key-35,1479
1775448122890,key-39,1290
1775448122891,key-46,2494
1775448122891,key-3,654
1775448122892,key-40,598
1775448122892,key-49,4752
1775448122893,key-35,1482
1775448122893,key-17,5272
1775448122893,key-39,1293
1775448122893,key-17,5272
1775448122894,key-17,5273
1775448122895,key-39,1295
1775448122895,key-39,1295
1775448122896,key-7,2363
1775448122897,key-40,603
1775448122897,key-40,603
1775448122897,key-31,218
1775448122897,key-3,660
1775448122898,key-6,21
1775448122899,key-27,558
1775448122899,key-13,1140
1775448122899,key-25,2653
1775448122899,key-22,8784
1775448122900,key-8,2725
1775448122900,key-39,1300
1775448122901,key-40,607
1775448122902,key-17,5281
1775448122902,key-8,2727
1775448122903,key-40,609
1775448122904,key-17,5283
1775448122904,key-39,1304
1775448122904,key-17,5283
1775448122904,key-48,2979
1775448122905,key-31,226
1775448122906,key-9,3941
1775448122906,key-40,612
1775448122906,key-42,6684
1775448122906,key-48,2981
1775448122939,key-47,3295
1775448122939,key-48,3014
