timestamp_ms,key,delta_ms
1775447893083,key-42,73
1775447893122,key-42,112
1775447893231,key-14,68
1775447893261,key-37,150
1775447893433,key-13,225
1775447893434,key-37,323
1775447893563,key-37,452
1775447893564,key-37,453
1775447893655,key-13,447
1775447893706,key-37,595
1775447893788,key-37,677
1775447893804,key-37,693
1775447893818,key-13,610
1775447893859,key-37,748
1775447893877,key-13,669
1775447893934,key-37,823
1775447894054,key-13,846
1775447894100,key-37,989
1775447894146,key-39,146
1775447894169,key-19,128
1775447894171,key-39,171
1775447894233,key-39,233
1775447894246,key-37,1135
1775447894294,key-40,194
1775447894353,key-39,353
1775447894359,key-37,1248
1775447894391,key-37,1280
1775447894411,key-19,370
1775447894430,key-3,178
1775447894434,key-40,334
1775447894434,key-19,393
1775447894443,key-13,235
1775447894485,key-37,1374
1775447894486,key-16,192
1775447894496,key-40,396
1775447894504,key-37,1393
1775447894523,key-37,1412
1775447894543,key-3,291
1775447894552,key-37,1441
1775447894558,key-40,458
1775447894571,key-39,571
1775447894611,key-14,1448
1775447894638,key-16,126
1775447894639,key-3,387
1775447894677,key-37,1566
1775447894680,key-37,1569
1775447894696,key-16,184
1775447894728,key-37,1617
1775447894759,key-48,154
1775447894766,key-3,514
1775447894774,key-41,314
1775447894812,key-6,84
1775447894836,key-6,108
1775447894856,key-39,856
1775447894872,key-16,360
1775447894874,key-48,269
1775447894877,key-37,1766
1775447894897,key-4,191
1775447894910,key-28,644
1775447894947,key-6,219
1775447894952,key-46,170
1775447894961,key-40,861
1775447894962,key-6,234
1775447894971,key-46,189
1775447895029,key-40,929
1775447895069,key-39,1069
1775447895072,key-43,55
1775447895079,key-37,1968
1775447895096,key-41,108
1775447895098,key-31,109
1775447895104,key-46,322
1775447895120,key-46,338
1775447895134,key-28,868
1775447895149,key-6,421
1775447895149,key-31,160
1775447895168,key-31,179
1775447895169,key-46,387
1775447895201,key-40,1101
1775447895221,key-40,1121
1775447895223,key-41,235
1775447895236,key-43,219
1775447895250,key-40,1150
1775447895252,key-2,170
1775447895257,key-46,475
1775447895294,key-41,306
1775447895317,key-31,328
1775447895320,key-43,303
1775447895325,key-31,336
1775447895356,key-43,339
1775447895365,key-2,283
1775447895395,key-6,667
1775447895396,key-19,1355
1775447895401,key-46,619
1775447895403,key-41,415
1775447895432,key-7,93
1775447895445,key-7,106
1775447895448,key-46,666
1775447895455,key-45,243
1775447895482,key-43,465
1775447895483,key-2,401
1775447895487,key-7,148
1775447895495,key-41,507
1775447895497,key-31,508
1775447895498,key-2,416
1775447895499,key-40,1399
1775447895517,key-45,305
1775447895525,key-6,797
1775447895526,key-37,2415
1775447895527,key-41,539
1775447895531,key-43,514
1775447895543,key-46,761
1775447895544,key-43,527
1775447895569,key-46,787
1775447895575,key-34,175
1775447895581,key-41,593
1775447895590,key-45,378
1775447895601,key-2,519
1775447895604,key-37,2493
1775447895609,key-2,527
1775447895618,key-2,536
1775447895618,key-39,1618
1775447895619,key-9,115
1775447895629,key-46,847
1775447895629,key-16,1117
1775447895635,key-46,853
1775447895636,key-6,908
1775447895641,key-41,653
1775447895645,key-42,107
1775447895663,key-46,881
1775447895664,key-41,676
1775447895664,key-42,126
1775447895673,key-6,945
1775447895680,key-9,176
1775447895684,key-2,602
1775447895692,key-2,610
1775447895696,key-43,679
1775447895698,key-45,486
1775447895702,key-37,2591
1775447895706,key-16,1194
1775447895712,key-9,208
1775447895718,key-45,506
1775447895736,key-42,198
1775447895748,key-16,1236
1775447895748,key-16,1236
1775447895756,key-16,1244
1775447895757,key-1,184
1775447895761,key-42,223
1775447895777,key-37,2666
1775447895779,key-39,1779
1775447895780,key-42,242
1775447895794,key-46,1012
1775447895799,key-2,717
1775447895827,key-14,2664
1775447895840,key-37,2729
1775447895847,key-21,444
1775447895849,key-45,637
1775447895850,key-34,450
1775447895854,key-17,381
1775447895862,key-9,358
1775447895867,key-2,785
1775447895883,key-16,1371
1775447895892,key-2,810
1775447895904,key-16,1392
1775447895908,key-42,370
1775447895909,key-5,148
1775447895925,key-2,843
1775447895927,key-34,527
1775447895928,key-45,716
1775447895931,key-2,849
1775447895937,key-38,137
1775447895938,key-5,177
1775447895941,key-40,1841
1775447895951,key-39,1951
1775447895952,key-2,870
1775447895962,key-2,880
1775447895965,key-1,392
1775447895968,key-21,565
1775447895974,key-5,213
1775447895984,key-42,446
1775447895991,key-34,591
1775447895997,key-9,493
1775447895998,key-2,916
1775447895999,key-45,787
1775447896013,key-2,931
1775447896013,key-5,252
1775447896018,key-2,936
1775447896019,key-40,1919
1775447896024,key-2,942
1775447896032,key-1,459
1775447896035,key-39,2035
1775447896036,key-38,96
1775447896042,key-16,1530
1775447896054,key-38,114
1775447896058,key-5,297
1775447896066,key-39,2066
1775447896081,key-21,678
1775447896096,key-34,696
1775447896107,key-2,1025
1775447896112,key-13,1904
1775447896122,key-39,2122
1775447896135,key-7,796
1775447896139,key-30,54
1775447896141,key-34,741
1775447896143,key-39,2143
1775447896147,key-17,674
1775447896147,key-2,1065
1775447896165,key-38,225
1775447896167,key-39,2167
1775447896175,key-2,1093
1775447896176,key-39,2176
1775447896200,key-2,1118
1775447896203,key-45,991
1775447896205,key-17,732
1775447896207,key-21,804
1775447896207,key-44,438
1775447896217,key-38,277
1775447896228,key-7,889
1775447896228,key-21,825
1775447896229,key-48,649
1775447896232,key-30,147
1775447896232,key-13,2024
1775447896236,key-10,436
1775447896245,key-17,772
1775447896275,key-46,1493
1775447896277,key-39,2277
1775447896280,key-5,119
1775447896281,key-13,2073
1775447896287,key-13,2079
1775447896293,key-4,1587
1775447896296,key-37,3185
1775447896302,key-40,2202
1775447896303,key-39,2303
1775447896305,key-5,144
1775447896316,key-45,1104
1775447896331,key-17,858
1775447896332,key-17,859
1775447896333,key-45,1121
1775447896337,key-1,764
1775447896341,key-10,541
1775447896343,key-48,763
1775447896347,key-45,1135
1775447896357,key-7,1018
1775447896373,key-2,1291
1775447896388,key-13,125
1775447896389,key-17,916
1775447896398,key-39,2398
1775447896403,key-39,2403
1775447896404,key-45,1192
1775447896408,key-5,247
1775447896414,key-37,3303
1775447896415,key-5,254
1775447896422,key-7,1083
1775447896423,key-45,1211
1775447896440,key-16,1928
1775447896443,key-31,114
1775447896445,key-1,872
1775447896446,key-17,973
1775447896446,key-31,117
1775447896451,key-39,2451
1775447896452,key-1,879
1775447896459,key-45,1247
1775447896461,key-41,365
1775447896465,key-9,961
1775447896466,key-11,117
1775447896466,key-40,2366
1775447896473,key-48,893
1775447896481,key-31,152
1775447896494,key-17,1021
1775447896494,key-31,165
1775447896497,key-1,924
1775447896498,key-2,1416
1775447896499,key-17,1026
1775447896507,key-17,1034
1775447896532,key-17,1059
1775447896534,key-45,1322
1775447896534,key-31,205
1775447896537,key-7,1198
1775447896538,key-5,377
1775447896539,key-1,966
1775447896542,key-22,61
1775447896545,key-5,384
1775447896547,key-39,2547
1775447896548,key-37,3437
1775447896553,key-1,980
1775447896556,key-39,2556
1775447896564,key-2,1482
1775447896574,key-9,1070
1775447896581,key-48,166
1775447896588,key-3,2336
1775447896589,key-1,1016
1775447896591,key-48,176
1775447896605,key-22,124
1775447896607,key-1,1034
1775447896614,key-2,1532
1775447896614,key-45,1402
1775447896624,key-5,463
1775447896625,key-36,641
1775447896626,key-48,211
1775447896631,key-40,2531
1775447896632,key-17,1159
1775447896632,key-5,471
1775447896633,key-39,2633
1775447896642,key-3,2390
1775447896649,key-19,2608
1775447896657,key-48,242
1775447896665,key-17,1192
1775447896673,key-5,512
1775447896675,key-22,194
1775447896684,key-1,1111
1775447896698,key-48,283
1775447896699,key-22,218
1775447896702,key-28,76
1775447896708,key-10,908
1775447896712,key-2,1630
1775447896712,key-1,1139
1775447896714,key-48,299
1775447896716,key-34,107
1775447896728,key-3,2476
1775447896731,key-36,747
1775447896752,key-3,2500
1775447896753,key-1,1180
1775447896768,key-13,505
1775447896769,key-22,288
1775447896770,key-34,161
1775447896776,key-17,1303
1775447896777,key-17,1304
1775447896779,key-36,795
1775447896782,key-48,367
1775447896797,key-39,2797
1775447896799,key-48,384
1775447896802,key-48,387
1775447896807,key-29,129
1775447896820,key-1,1247
1775447896821,key-19,2780
1775447896822,key-1,1249
1775447896823,key-28,197
1775447896823,key-34,214
1775447896840,key-29,162
1775447896842,key-17,1369
1775447896848,key-3,2596
1775447896849,key-38,909
1775447896860,key-28,234
1775447896860,key-11,511
1775447896861,key-1,1288
1775447896874,key-17,1401
1775447896874,key-3,2622
1775447896877,key-3,2625
1775447896882,key-2,1800
1775447896892,key-3,2640
1775447896893,key-39,2893
1775447896900,key-1,1327
1775447896901,key-22,420
1775447896915,key-36,931
1775447896919,key-13,656
1775447896926,key-1,1353
1775447896928,key-36,944
1775447896935,key-29,257
1775447896936,key-28,310
1775447896945,key-13,682
1775447896950,key-17,1477
1775447896951,key-39,2951
1775447896957,key-46,2175
1775447896957,key-29,279
1775447896958,key-29,280
1775447896959,key-13,696
1775447896959,key-48,544
1775447896961,key-17,1488
1775447896965,key-22,484
1775447896978,key-28,352
1775447896986,key-43,648
1775447896991,key-7,1652
1775447897000,key-17,1527
1775447897010,key-2,1928
1775447897011,key-2,1929
1775447897012,key-13,749
1775447897024,key-39,3024
1775447897026,key-29,348
1775447897031,key-6,2303
1775447897038,key-2,1956
1775447897039,key-16,2527
1775447897039,key-22,558
1775447897041,key-36,111
1775447897045,key-1,1472
1775447897046,key-30,961
1775447897046,key-1,1473
1775447897062,key-29,384
1775447897064,key-10,1264
1775447897067,key-6,2339
1775447897074,key-17,1601
1775447897076,key-14,3913
1775447897077,key-36,147
1775447897078,key-17,1605
1775447897078,key-29,400
1775447897083,key-42,165
1775447897094,key-13,831
1775447897097,key-13,834
1775447897097,key-28,184
1775447897098,key-17,1625
1775447897098,key-7,1759
1775447897099,key-7,1760
1775447897108,key-13,845
1775447897141,key-17,1668
1775447897142,key-13,879
1775447897145,key-14,3982
1775447897145,key-16,2633
1775447897150,key-29,472
1775447897151,key-7,1812
1775447897157,key-17,1684
1775447897158,key-28,245
1775447897159,key-28,246
1775447897163,key-7,1824
1775447897164,key-14,4001
1775447897165,key-2,2083
1775447897165,key-50,66
1775447897165,key-2,2083
1775447897166,key-19,3125
1775447897174,key-10,1374
1775447897182,key-39,3182
1775447897183,key-13,920
1775447897189,key-19,3148
1775447897211,key-50,112
1775447897212,key-13,949
1775447897214,key-13,951
1775447897228,key-43,890
1775447897235,key-28,322
1775447897236,key-42,241
1775447897236,key-7,1897
1775447897237,key-34,628
1775447897237,key-10,1437
1775447897248,key-10,1448
1775447897248,key-21,1845
1775447897260,key-7,1921
1775447897265,key-7,1926
1775447897278,key-29,600
1775447897280,key-50,181
1775447897284,key-31,700
1775447897287,key-7,1948
1775447897287,key-14,4124
1775447897293,key-14,4130
1775447897296,key-17,1823
1775447897303,key-19,3262
1775447897313,key-42,318
1775447897316,key-7,1977
1775447897318,key-43,57
1775447897318,key-19,3277
1775447897327,key-13,1064
1775447897343,key-10,1543
1775447897354,key-6,142
1775447897354,key-28,154
1775447897355,key-20,106
1775447897359,key-20,110
1775447897363,key-14,4200
1775447897364,key-21,1961
1775447897371,key-34,762
1775447897378,key-44,76
1775447897379,key-43,118
1775447897379,key-50,280
1775447897388,key-14,67
1775447897391,key-44,89
1775447897393,key-42,398
1775447897399,key-2,2317
1775447897406,key-31,822
1775447897411,key-39,3411
1775447897411,key-25,117
1775447897415,key-20,166
1775447897415,key-31,831
1775447897416,key-44,114
1775447897420,key-7,2081
1775447897420,key-42,425
1775447897431,key-20,182
1775447897432,key-22,951
1775447897433,key-20,184
1775447897435,key-14,114
1775447897435,key-28,235
1775447897436,key-21,2033
1775447897436,key-14,115
1775447897436,key-6,224
1775447897441,key-50,342
1775447897443,key-10,1643
1775447897443,key-17,1970
1775447897445,key-13,1182
1775447897458,key-25,164
1775447897463,key-13,1200
1775447897474,key-44,172
1775447897474,key-24,146
1775447897476,key-44,174
1775447897478,key-31,894
1775447897480,key-44,178
1775447897484,key-44,182
1775447897484,key-16,2972
1775447897485,key-28,285
1775447897486,key-44,184
1775447897489,key-43,228
1775447897494,key-42,499
1775447897495,key-20,246
1775447897501,key-42,506
1775447897506,key-45,2294
1775447897513,key-18,351
1775447897515,key-14,194
1775447897523,key-50,424
1775447897538,key-6,59
1775447897542,key-21,2139
1775447897548,key-17,2075
1775447897552,key-6,340
1775447897553,key-21,2150
1775447897554,key-44,252
1775447897561,key-3,3309
1775447897563,key-44,261
1775447897566,key-5,730
1775447897570,key-5,734
1775447897572,key-39,3572
1775447897578,key-9,2074
1775447897580,key-45,2368
1775447897583,key-10,1783
1775447897584,key-43,77
1775447897588,key-45,2376
1775447897592,key-36,662
1775447897594,key-38,1654
1775447897596,key-6,117
1775447897600,key-50,501
1775447897606,key-20,357
1775447897608,key-45,2396
1775447897610,key-4,146
1775447897617,key-43,110
1775447897617,key-43,110
1775447897623,key-43,116
1775447897624,key-44,322
1775447897624,key-42,629
1775447897624,key-44,322
1775447897627,key-3,3375
1775447897632,key-50,533
1775447897633,key-18,471
1775447897641,key-43,134
1775447897643,key-21,2240
1775447897646,key-5,810
1775447897653,key-45,2441
1775447897662,key-45,2450
1775447897665,key-45,2453
1775447897666,key-31,1082
1775447897669,key-45,2457
1775447897674,key-26,109
1775447897674,key-43,167
1775447897676,key-31,1092
1775447897678,key-24,350
1775447897683,key-5,847
1775447897689,key-40,693
1775447897692,key-6,213
1775447897696,key-9,2192
1775447897699,key-5,863
1775447897699,key-39,3699
1775447897705,key-7,91
1775447897710,key-44,408
1775447897714,key-21,2311
1775447897720,key-44,418
1775447897721,key-31,1137
1775447897721,key-50,622
1775447897724,key-42,729
1775447897728,key-36,798
1775447897732,key-45,2520
1775447897734,key-8,1073
1775447897734,key-7,120
1775447897748,key-20,499
1775447897750,key-45,2538
1775447897750,key-20,501
1775447897751,key-45,2539
1775447897754,key-16,3242
1775447897756,key-23,106
1775447897757,key-42,762
1775447897757,key-42,762
1775447897761,key-45,2549
1775447897763,key-44,461
1775447897766,key-21,2363
1775447897767,key-23,117
1775447897773,key-43,116
1775447897774,key-5,938
1775447897774,key-43,117
1775447897781,key-45,2569
1775447897783,key-43,126
1775447897795,key-9,2291
1775447897799,key-24,471
1775447897805,key-9,2301
1775447897808,key-45,2596
1775447897808,key-7,194
1775447897810,key-14,489
1775447897812,key-45,2600
1775447897814,key-37,4703
1775447897814,key-8,1153
1775447897824,key-44,522
1775447897830,key-5,994
1775447897832,key-45,2620
1775447897836,key-39,3836
1775447897836,key-28,636
1775447897839,key-24,511
1775447897843,key-36,913
1775447897845,key-3,63
1775447897845,key-8,1184
1775447897851,key-16,3339
1775447897851,key-8,1190
1775447897851,key-5,1015
1775447897859,key-31,1275
1775447897884,key-3,3632
1775447897885,key-16,3372
1775447897887,key-20,638
1775447897888,key-23,238
1775447897889,key-7,275
1775447897891,key-45,2679
1775447897896,key-2,2814
1775447897902,key-42,139
1775447897903,key-43,246
1775447897910,key-8,128
1775447897912,key-13,126
1775447897916,key-5,1080
1775447897918,key-7,304
1775447897920,key-22,1439
1775447897922,key-8,140
1775447897922,key-8,140
1775447897924,key-9,2420
1775447897929,key-40,933
1775447897930,key-39,3930
1775447897932,key-8,150
1775447897934,key-45,2722
1775447897934,key-5,1098
1775447897939,key-9,2435
1775447897940,key-45,2728
1775447897948,key-9,2444
1775447897949,key-8,167
1775447897949,key-23,299
1775447897949,key-8,167
1775447897953,key-39,3953
1775447897955,key-16,3443
1775447897968,key-3,186
1775447897973,key-31,1389
1775447897973,key-36,1043
1775447897975,key-7,361
1775447897984,key-8,202
1775447897987,key-7,373
1775447897987,key-8,205
1775447897992,key-16,3480
1775447897997,key-7,383
1775447897999,key-21,2596
1775447897999,key-38,2059
1775447898013,key-8,231
1775447898016,key-16,3504
1775447898017,key-28,817
1775447898024,key-29,1346
1775447898035,key-13,249
1775447898037,key-27,121
1775447898039,key-26,474
1775447898040,key-23,390
1775447898044,key-4,580
1775447898046,key-43,389
1775447898046,key-45,92
1775447898051,key-9,132
1775447898052,key-9,133
1775447898055,key-7,441
1775447898057,key-3,275
1775447898057,key-19,365
1775447898057,key-3,275
1775447898059,key-7,445
1775447898068,key-8,286
1775447898068,key-39,4068
1775447898070,key-9,151
1775447898072,key-28,872
1775447898077,key-9,158
1775447898080,key-19,388
1775447898085,key-45,131
1775447898088,key-6,609
1775447898090,key-3,308
1775447898097,key-16,3585
1775447898099,key-16,3587
1775447898103,key-17,2630
1775447898106,key-45,152
1775447898108,key-31,1524
1775447898127,key-7,513
1775447898127,key-3,345
1775447898129,key-9,210
1775447898129,key-13,180
1775447898133,key-43,476
1775447898135,key-3,353
1775447898138,key-16,3626
1775447898141,key-1,2568
1775447898151,key-16,3639
1775447898154,key-29,1476
1775447898154,key-21,2751
1775447898154,key-41,2058
1775447898157,key-45,203
1775447898159,key-23,509
1775447898160,key-39,4160
1775447898161,key-12,1105
1775447898163,key-29,1485
1775447898166,key-3,384
1775447898178,key-27,262
1775447898180,key-39,4180
1775447898187,key-3,405
1775447898188,key-29,1510
1775447898188,key-3,406
1775447898188,key-45,234
1775447898192,key-24,864
1775447898194,key-9,275
1775447898202,key-1,2629
1775447898206,key-45,252
1775447898213,key-16,3701
1775447898220,key-27,304
1775447898224,key-9,305
1775447898233,key-16,3721
1775447898233,key-11,1884
1775447898241,key-6,762
1775447898251,key-13,302
1775447898252,key-26,687
1775447898252,key-22,1771
1775447898260,key-17,2787
1775447898260,key-45,306
1775447898262,key-9,343
1775447898269,key-3,487
1775447898279,key-1,2706
1775447898281,key-8,121
1775447898283,key-48,152
1775447898283,key-39,4283
1775447898287,key-21,2884
1775447898299,key-19,607
1775447898302,key-47,250
1775447898303,key-10,415
1775447898303,key-13,354
1775447898303,key-9,384
1775447898303,key-16,3791
1775447898305,key-24,977
1775447898318,key-28,1118
1775447898321,key-9,402
1775447898326,key-46,3544
1775447898335,key-9,416
1775447898341,key-11,1992
1775447898344,key-9,425
1775447898344,key-29,194
1775447898344,key-11,1995
1775447898349,key-27,433
1775447898354,key-45,400
1775447898355,key-39,4355
1775447898356,key-21,140
1775447898359,key-21,143
1775447898359,key-21,143
1775447898360,key-13,411
1775447898365,key-21,149
1775447898367,key-3,585
1775447898371,key-24,1043
1775447898374,key-18,1212
1775447898382,key-28,1182
1775447898383,key-48,252
1775447898384,key-13,435
1775447898400,key-26,835
1775447898401,key-13,452
1775447898406,key-18,1244
1775447898409,key-47,357
1775447898409,key-17,2936
1775447898410,key-39,4410
1775447898426,key-44,91
1775447898426,key-39,4426
1775447898434,key-27,518
1775447898435,key-27,519
1775447898435,key-3,653
1775447898435,key-10,547
1775447898437,key-13,488
1775447898437,key-24,57
1775447898441,key-11,2092
1775447898442,key-21,226
1775447898442,key-18,1280
1775447898442,key-11,2093
1775447898453,key-19,761
1775447898453,key-29,303
1775447898454,key-27,538
1775447898462,key-6,71
1775447898469,key-7,855
1775447898470,key-24,90
1775447898471,key-4,1007
1775447898473,key-37,5362
1775447898485,key-21,269
1775447898485,key-28,1285
1775447898487,key-8,327
1775447898488,key-33,153
1775447898490,key-48,359
1775447898492,key-45,538
1775447898492,key-9,573
1775447898493,key-11,2144
1775447898493,key-13,544
1775447898494,key-21,278
1775447898494,key-21,278
1775447898497,key-39,4497
1775447898502,key-33,167
1775447898502,key-11,2153
1775447898506,key-6,115
1775447898513,key-6,122
1775447898519,key-10,631
1775447898520,key-13,571
1775447898521,key-13,572
1775447898521,key-17,173
1775447898522,key-24,142
1775447898526,key-4,1062
1775447898526,key-6,135
1775447898529,key-27,613
1775447898531,key-47,479
1775447898534,key-2,3452
1775447898547,key-11,2198
1775447898560,key-19,868
1775447898561,key-33,226
1775447898564,key-48,433
1775447898567,key-1,2994
1775447898570,key-12,118
1775447898573,key-21,357
1775447898577,key-24,115
1775447898578,key-24,116
1775447898578,key-30,2493
1775447898578,key-12,126
1775447898585,key-4,1121
1775447898589,key-7,975
1775447898589,key-1,3016
1775447898590,key-23,940
1775447898600,key-50,610
1775447898602,key-6,211
1775447898606,key-36,1676
1775447898612,key-31,2028
1775447898613,key-9,694
1775447898616,key-41,2520
1775447898619,key-11,2270
1775447898627,key-5,1791
1775447898630,key-13,681
1775447898632,key-50,642
1775447898636,key-19,944
1775447898642,key-48,511
1775447898644,key-31,2060
1775447898651,key-48,520
1775447898652,key-25,1358
1775447898653,key-6,262
1775447898654,key-25,1360
1775447898655,key-48,524
1775447898657,key-33,322
1775447898664,key-4,1200
1775447898665,key-11,2316
1775447898665,key-2,3583
1775447898665,key-17,317
1775447898665,key-2,3583
1775447898668,key-4,1204
1775447898673,key-2,3591
1775447898681,key-47,629
1775447898687,key-12,235
1775447898690,key-26,71
1775447898703,key-33,368
1775447898703,key-1,3130
1775447898705,key-31,2121
1775447898709,key-25,1415
1775447898711,key-5,1875
1775447898713,key-6,322
1775447898716,key-12,264
1775447898719,key-48,588
1775447898722,key-4,1258
1775447898726,key-23,1076
1775447898729,key-41,2633
1775447898730,key-4,1266
1775447898730,key-25,1436
1775447898731,key-1,3158
1775447898731,key-1,3158
1775447898734,key-4,1270
1775447898736,key-11,76
1775447898749,key-9,112
1775447898752,key-40,197
1775447898754,key-36,1824
1775447898755,key-50,765
1775447898762,key-31,2178
1775447898771,key-6,380
1775447898772,key-5,1936
1775447898774,key-2,3692
1775447898777,key-2,3695
1775447898779,key-17,431
1775447898783,key-11,123
1775447898796,key-34,125
1775447898797,key-33,462
1775447898800,key-43,1143
1775447898807,key-4,1343
1775447898808,key-31,2224
1775447898819,key-4,1355
1775447898824,key-27,129
1775447898825,key-12,373
1775447898825,key-34,154
1775447898826,key-32,165
1775447898830,key-50,840
1775447898832,key-36,1902
1775447898839,key-40,284
1775447898840,key-4,1376
1775447898848,key-41,2752
1775447898849,key-11,189
1775447898850,key-7,106
1775447898851,key-21,635
1775447898851,key-1,3278
1775447898852,key-1,3279
1775447898852,key-5,2016
1775447898853,key-33,518
1775447898858,key-4,1394
1775447898871,key-6,480
1775447898879,key-23,1229
1775447898891,key-40,336
1775447898897,key-4,1433
1775447898899,key-31,2315
1775447898902,key-12,450
1775447898904,key-18,124
1775447898907,key-43,1250
1775447898908,key-11,248
1775447898918,key-11,258
1775447898920,key-11,260
1775447898921,key-31,107
1775447898926,key-6,535
1775447898928,key-4,1464
1775447898931,key-24,469
1775447898931,key-5,2095
1775447898934,key-14,105
1775447898941,key-7,197
1775447898944,key-38,693
1775447898951,key-18,171
1775447898951,key-23,1301
1775447898952,key-36,2022
1775447898956,key-37,5845
1775447898960,key-21,744
1775447898960,key-21,744
1775447898967,key-5,2131
1775447898967,key-41,2871
1775447898968,key-39,4968
1775447898972,key-21,756
1775447898973,key-41,2877
1775447898973,key-17,625
1775447898973,key-18,193
1775447898974,key-11,314
1775447898974,key-40,419
1775447898982,key-44,77
1775447898994,key-29,221
1775447898997,key-14,168
1775447899003,key-8,112
1775447899004,key-42,1241
1775447899006,key-7,262
1775447899007,key-11,347
1775447899008,key-24,546
1775447899012,key-11,352
1775447899027,key-11,367
1775447899031,key-7,287
1775447899034,key-1,3461
1775447899036,key-41,2940
1775447899042,key-44,137
1775447899044,key-29,271
1775447899051,key-31,237
1775447899051,key-18,271
1775447899052,key-17,704
1775447899062,key-24,600
1775447899062,key-41,2966
1775447899063,key-10,54
1775447899066,key-33,731
1775447899066,key-28,1866
1775447899071,key-42,1308
1775447899073,key-38,822
1775447899074,key-41,2978
1775447899074,key-1,3501
1775447899078,key-33,743
1775447899087,key-18,307
1775447899088,key-11,428
1775447899094,key-38,843
1775447899095,key-25,1801
1775447899097,key-23,1447
1775447899098,key-41,3002
1775447899098,key-21,882
1775447899102,key-11,442
1775447899103,key-37,5992
1775447899103,key-29,330
1775447899111,key-43,1454
1775447899114,key-42,1351
1775447899117,key-44,212
1775447899119,key-12,123
1775447899125,key-21,909
1775447899126,key-39,123
1775447899131,key-1,3558
1775447899132,key-33,797
1775447899134,key-4,1670
1775447899136,key-39,133
1775447899137,key-19,144
1775447899138,key-17,74
1775447899139,key-41,3043
1775447899140,key-10,131
1775447899147,key-29,374
1775447899149,key-41,3053
1775447899151,key-7,407
1775447899154,key-29,381
1775447899155,key-6,764
1775447899155,key-33,820
1775447899163,key-8,272
1775447899163,key-8,272
1775447899163,key-33,828
1775447899166,key-48,1035
1775447899171,key-29,398
1775447899177,key-17,113
1775447899179,key-33,844
1775447899183,key-18,403
1775447899191,key-18,411
1775447899191,key-17,127
1775447899196,key-29,423
1775447899198,key-28,1998
1775447899200,key-16,4688
1775447899200,key-41,3104
1775447899205,key-19,212
1775447899205,key-17,141
1775447899209,key-12,213
1775447899214,key-1,3641
1775447899216,key-41,117
1775447899217,key-28,2017
1775447899219,key-15,103
1775447899221,key-41,122
1775447899223,key-41,124
1775447899230,key-45,103
1775447899231,key-44,78
1775447899233,key-6,842
1775447899236,key-38,985
1775447899238,key-29,465
1775447899242,key-17,178
1775447899242,key-29,469
1775447899243,key-15,127
1775447899243,key-42,85
1775447899243,key-32,582
1775447899253,key-1,3680
1775447899254,key-39,251
1775447899256,key-15,140
1775447899256,key-41,157
1775447899262,key-18,482
1775447899266,key-43,1609
1775447899266,key-17,202
1775447899268,key-23,1618
1775447899268,key-29,495
1775447899271,key-4,1807
1775447899272,key-33,937
1775447899274,key-48,1143
1775447899281,key-29,508
1775447899282,key-39,279
1775447899282,key-17,218
1775447899284,key-15,168
1775447899287,key-6,896
1775447899288,key-42,130
1775447899290,key-19,297
1775447899293,key-24,831
1775447899293,key-16,4781
1775447899304,key-28,95
1775447899305,key-20,742
1775447899305,key-29,532
1775447899310,key-41,211
1775447899320,key-15,204
1775447899325,key-16,4813
1775447899328,key-23,1678
1775447899329,key-13,575
1775447899330,key-46,4548
1775447899339,key-37,6228
1775447899340,key-17,276
1775447899343,key-47,300
1775447899344,key-45,135
1775447899346,key-30,3261
1775447899347,key-42,189
1775447899350,key-6,959
1775447899351,key-6,960
1775447899352,key-15,236
1775447899359,key-29,586
1775447899364,key-18,584
1775447899366,key-39,363
1775447899368,key-41,269
1775447899371,key-48,1240
1775447899373,key-43,1716
1775447899374,key-15,258
1775447899384,key-42,226
1775447899384,key-47,341
1775447899385,key-42,227
1775447899385,key-4,176
1775447899391,key-41,292
1775447899394,key-17,135
1775447899394,key-11,734
1775447899397,key-6,1006
1775447899399,key-6,1008
1775447899405,key-23,1755
1775447899407,key-33,1072
1775447899409,key-4,200
1775447899409,key-33,1074
1775447899411,key-10,109
1775447899413,key-48,1282
1775447899419,key-20,856
1775447899422,key-6,1031
1775447899427,key-18,647
1775447899431,key-6,1040
1775447899432,key-27,737
1775447899435,key-45,226
1775447899435,key-20,872
1775447899436,key-5,2600
1775447899436,key-31,622
1775447899437,key-48,1306
1775447899437,key-6,1046
1775447899438,key-29,665
1775447899438,key-21,356
1775447899443,key-26,148
1775447899444,key-38,114
1775447899448,key-22,2967
1775447899449,key-38,119
1775447899449,key-3,995
1775447899454,key-16,4942
1775447899455,key-37,147
1775447899462,key-34,791
1775447899465,key-10,163
1775447899467,key-15,351
1775447899471,key-38,141
1775447899471,key-6,1080
1775447899477,key-30,3392
1775447899480,key-42,322
1775447899481,key-4,272
1775447899485,key-13,731
1775447899488,key-33,1153
1775447899489,key-37,181
1775447899489,key-18,709
1775447899489,key-33,1154
1775447899490,key-9,853
1775447899495,key-41,396
1775447899504,key-15,388
1775447899506,key-48,1375
1775447899506,key-34,835
1775447899509,key-47,466
1775447899512,key-4,303
1775447899513,key-50,1523
1775447899514,key-41,415
1775447899520,key-46,4738
1775447899522,key-48,1391
1775447899523,key-43,1866
1775447899525,key-17,266
1775447899525,key-11,865
1775447899527,key-11,867
1775447899536,key-6,1145
1775447899536,key-5,2700
1775447899541,key-37,233
1775447899542,key-27,847
1775447899546,key-38,216
1775447899547,key-48,1416
1775447899557,key-36,562
1775447899557,key-48,1426
1775447899565,key-29,792
1775447899566,key-27,871
1775447899566,key-20,1003
1775447899568,key-6,1177
1775447899570,key-37,262
1775447899572,key-16,5060
1775447899573,key-2,4491
1775447899573,key-4,364
1775447899579,key-41,480
1775447899581,key-40,1026
1775447899583,key-6,1192
1775447899583,key-24,1121
1775447899584,key-37,276
1775447899584,key-29,811
1775447899584,key-22,3103
1775447899585,key-47,542
1775447899587,key-4,378
1775447899589,key-9,952
1775447899591,key-43,1934
1775447899593,key-11,933
1775447899593,key-6,1202
1775447899599,key-11,939
1775447899603,key-14,774
1775447899607,key-9,970
1775447899608,key-25,2314
1775447899610,key-18,830
1775447899612,key-4,403
1775447899613,key-41,514
1775447899620,key-27,79
1775447899625,key-14,796
1775447899625,key-38,295
1775447899625,key-15,509
1775447899630,key-48,1499
1775447899634,key-43,1977
1775447899635,key-4,426
1775447899637,key-48,1506
1775447899640,key-27,99
1775447899642,key-28,433
1775447899644,key-11,984
1775447899647,key-41,548
1775447899649,key-40,1094
1775447899650,key-48,1519
1775447899654,key-48,1523
1775447899656,key-1,82
1775447899657,key-44,504
1775447899658,key-48,1527
1775447899661,key-8,770
1775447899664,key-6,1273
1775447899664,key-48,1533
1775447899665,key-4,456
1775447899669,key-36,674
1775447899679,key-11,1019
1775447899686,key-2,4604
1775447899698,key-8,807
1775447899699,key-47,656
1775447899700,key-9,1063
1775447899705,key-16,5193
1775447899707,key-6,1316
1775447899708,key-13,954
1775447899709,key-6,1318
1775447899712,key-6,1321
1775447899714,key-28,505
1775447899716,key-30,210
1775447899720,key-16,5208
1775447899723,key-26,428
1775447899724,key-48,1593
1775447899726,key-41,627
1775447899726,key-16,95
1775447899728,key-29,955
1775447899730,key-44,577
1775447899732,key-11,1072
1775447899735,key-14,906
1775447899736,key-9,1099
1775447899738,key-21,656
1775447899741,key-28,532
1775447899743,key-43,169
1775447899745,key-16,114
1775447899747,key-5,2911
1775447899750,key-46,4968
1775447899750,key-26,455
1775447899751,key-14,922
1775447899755,key-2,4673
1775447899765,key-30,259
1775447899765,key-5,2929
1775447899771,key-48,1640
1775447899774,key-6,1383
1775447899775,key-2,4693
1775447899781,key-48,1650
1775447899781,key-41,682
1775447899782,key-6,1391
1775447899782,key-16,151
1775447899787,key-44,634
1775447899787,key-16,156
1775447899787,key-8,896
1775447899796,key-39,80
1775447899797,key-48,1666
1775447899799,key-45,590
1775447899800,key-13,1046
1775447899800,key-21,718
1775447899803,key-11,1143
1775447899803,key-9,111
1775447899803,key-41,704
1775447899804,key-28,595
1775447899809,key-5,71
1775447899812,key-11,1152
1775447899813,key-26,518
1775447899816,key-1,242
1775447899820,key-9,128
1775447899825,key-29,1052
1775447899825,key-5,87
1775447899829,key-5,91
1775447899830,key-9,138
1775447899830,key-6,1439
1775447899832,key-1,258
1775447899832,key-16,201
1775447899837,key-2,4755
1775447899837,key-14,1008
1775447899837,key-17,578
1775447899838,key-46,5056
1775447899842,key-14,1013
1775447899847,key-19,854
1775447899851,key-30,345
1775447899854,key-28,645
1775447899859,key-26,564
1775447899860,key-36,865
1775447899861,key-41,762
1775447899867,key-16,236
1775447899868,key-32,1207
1775447899871,key-37,563
1775447899874,key-48,1743
1775447899880,key-9,188
1775447899881,key-31,1067
1775447899881,key-11,1221
1775447899884,key-33,112
1775447899884,key-22,3403
1775447899885,key-5,147
1775447899885,key-2,4803
1775447899886,key-23,2236
1775447899887,key-46,5105
1775447899892,key-5,154
1775447899898,key-26,74
1775447899906,key-6,1515
1775447899913,key-37,71
1775447899913,key-7,1169
1775447899915,key-1,341
1775447899916,key-46,5134
1775447899916,key-48,1785
1775447899926,key-37,84
1775447899928,key-15,812
1775447899931,key-9,239
1775447899932,key-17,673
1775447899936,key-46,5154
1775447899947,key-16,316
1775447899947,key-36,129
1775447899951,key-11,1291
1775447899953,key-31,1139
1775447899953,key-13,1199
1775447899953,key-1,379
1775447899955,key-9,263
1775447899955,key-20,1392
1775447899959,key-23,2309
1775447899962,key-6,1571
1775447899966,key-7,1222
1775447899966,key-2,4884
1775447899966,key-3,448
1775447899967,key-14,1138
1775447899969,key-28,760
1775447899969,key-46,5187
1775447899969,key-28,760
1775447899970,key-2,4888
1775447899971,key-48,1840
1775447899971,key-48,1840
1775447899971,key-6,1580
1775447899978,key-46,5196
1775447899979,key-1,405
1775447899982,key-2,4900
1775447899986,key-21,904
1775447899988,key-19,995
1775447899990,key-23,2340
1775447899990,key-46,5208
1775447899990,key-5,252
1775447899990,key-50,526
1775447899992,key-29,1219
1775447899996,key-28,787
1775447900000,key-17,741
1775447900012,key-32,1351
1775447900017,key-37,175
1775447900018,key-16,387
1775447900020,key-8,1129
1775447900022,key-23,2372
1775447900023,key-48,1892
1775447900024,key-7,1280
1775447900029,key-7,1285
1775447900036,key-14,1207
1775447900041,key-46,5259
1775447900041,key-5,303
1775447900045,key-19,1052
1775447900049,key-9,161
1775447900050,key-35,59
1775447900050,key-48,1919
1775447900054,key-37,212
1775447900055,key-9,167
1775447900061,key-15,945
1775447900063,key-4,77
1775447900065,key-20,1502
1775447900065,key-13,1311
1775447900067,key-28,858
1775447900067,key-2,4985
1775447900068,key-10,766
1775447900072,key-19,1079
1775447900073,key-14,1244
1775447900075,key-20,1512
1775447900077,key-6,1686
1775447900085,key-29,1312
1775447900086,key-35,95
1775447900088,key-31,1274
1775447900091,key-38,120
1775447900093,key-6,1702
1775447900096,key-19,1103
1775447900096,key-35,105
1775447900102,key-23,2452
1775447900102,key-48,1971
1775447900102,key-28,893
1775447900103,key-6,1712
1775447900103,key-17,77
1775447900104,key-19,1111
1775447900105,key-17,846
1775447900106,key-6,106
1775447900107,key-4,121
1775447900107,key-2,5025
1775447900110,key-20,1547
1775447900113,key-19,1120
1775447900114,key-46,5332
1775447900116,key-1,542
1775447900116,key-8,1225
1775447900119,key-2,5037
1775447900132,key-37,290
1775447900132,key-16,501
1775447900133,key-40,233
1775447900136,key-9,248
1775447900139,key-2,5057
1775447900142,key-37,300
1775447900146,key-23,2496
1775447900146,key-36,328
1775447900147,key-48,2016
1775447900152,key-17,126
1775447900157,key-28,948
1775447900160,key-35,169
1775447900164,key-46,5382
1775447900168,key-46,5386
1775447900170,key-35,179
1775447900170,key-23,2520
1775447900178,key-24,1716
1775447900179,key-19,1186
1775447900180,key-37,338
1775447900188,key-35,197
1775447900190,key-17,164
1775447900192,key-20,1629
1775447900193,key-46,5411
1775447900195,key-3,280
1775447900196,key-16,565
1775447900197,key-2,5115
1775447900201,key-37,359
1775447900202,key-23,2552
1775447900202,key-6,202
1775447900204,key-4,218
1775447900211,key-29,1438
1775447900211,key-14,1382
1775447900215,key-6,215
1775447900217,key-6,217
1775447900217,key-6,217
1775447900218,key-17,192
1775447900218,key-28,58
1775447900219,key-46,5437
1775447900222,key-40,322
1775447900222,key-38,251
1775447900226,key-19,1233
1775447900232,key-37,390
1775447900235,key-28,63
1775447900236,key-20,1673
1775447900237,key-50,773
1775447900238,key-28,66
1775447900240,key-28,1031
1775447900240,key-35,249
1775447900241,key-34,92
1775447900243,key-17,217
1775447900244,key-48,2113
1775447900245,key-35,254
1775447900245,key-28,73
1775447900247,key-1,673
1775447900248,key-8,1357
1775447900249,key-19,1256
1775447900251,key-25,2957
1775447900251,key-37,409
1775447900255,key-16,624
1775447900257,key-37,415
1775447900261,key-8,1370
1775447900263,key-20,1700
1775447900275,key-8,1384
1775447900281,key-38,310
1775447900287,key-37,445
1775447900291,key-23,2641
1775447900292,key-30,786
1775447900293,key-16,662
1775447900295,key-23,2645
1775447900295,key-19,1302
1775447900296,key-15,144
1775447900299,key-19,61
1775447900299,key-18,269
1775447900305,key-46,5523
1775447900307,key-6,69
1775447900308,key-28,136
1775447900310,key-16,679
1775447900310,key-37,468
1775447900320,key-37,478
1775447900322,key-6,322
1775447900324,key-37,482
1775447900327,key-34,178
1775447900328,key-2,5246
1775447900336,key-22,3855
1775447900336,key-20,1773
1775447900340,key-43,766
1775447900341,key-23,2691
1775447900345,key-19,107
1775447900347,key-6,109
1775447900347,key-6,109
1775447900351,key-38,380
1775447900353,key-35,362
1775447900357,key-37,515
1775447900358,key-20,1795
1775447900358,key-21,1276
1775447900364,key-8,1473
1775447900368,key-8,1477
1775447900368,key-9,480
1775447900370,key-37,528
1775447900372,key-36,150
1775447900372,key-16,741
1775447900373,key-37,531
1775447900373,key-26,285
1775447900373,key-37,531
1775447900384,key-8,1493
1775447900384,key-19,146
1775447900385,key-43,811
1775447900386,key-25,3092
1775447900388,key-9,500
1775447900391,key-46,5609
1775447900392,key-37,550
1775447900402,key-38,431
1775447900406,key-26,62
1775447900409,key-23,2759
1775447900411,key-38,440
1775447900412,key-6,174
1775447900416,key-16,785
1775447900418,key-20,1855
1775447900419,key-16,788
1775447900424,key-37,582
1775447900427,key-46,5645
1775447900429,key-26,341
1775447900429,key-8,1538
1775447900437,key-2,5355
1775447900437,key-34,288
1775447900438,key-50,974
1775447900438,key-19,200
1775447900441,key-6,203
1775447900441,key-43,867
1775447900442,key-3,527
1775447900443,key-36,221
1775447900444,key-37,602
1775447900444,key-25,3150
1775447900446,key-31,1632
1775447900446,key-47,244
1775447900446,key-20,1883
1775447900446,key-26,102
1775447900447,key-36,225
1775447900447,key-26,103
1775447900449,key-10,1147
1775447900450,key-26,106
1775447900450,key-50,986
1775447900451,key-26,107
1775447900454,key-20,1891
1775447900457,key-33,570
1775447900457,key-9,569
1775447900465,key-22,3984
1775447900465,key-19,227
1775447900466,key-22,3985
1775447900472,key-34,323
1775447900474,key-24,2012
1775447900477,key-23,2827
1775447900491,key-37,649
1775447900491,key-8,1600
1775447900494,key-12,1498
1775447900496,key-34,347
1775447900496,key-6,258
1775447900496,key-34,347
1775447900496,key-28,324
1775447900499,key-13,418
1775447900500,key-36,278
1775447900502,key-11,1842
1775447900508,key-8,1617
1775447900509,key-5,771
1775447900516,key-38,545
1775447900517,key-3,602
1775447900517,key-37,675
1775447900518,key-37,676
1775447900518,key-47,81
1775447900519,key-38,548
1775447900521,key-24,2059
1775447900523,key-19,285
1775447900526,key-26,182
1775447900527,key-26,183
1775447900529,key-8,1638
1775447900529,key-26,185
1775447900529,key-33,642
1775447900529,key-28,55
1775447900531,key-49,114
1775447900533,key-26,189
1775447900536,key-23,2886
1775447900536,key-24,2074
1775447900538,key-34,389
1775447900539,key-10,1237
1775447900539,key-44,90
1775447900539,key-49,122
1775447900547,key-6,309
1775447900547,key-5,809
1775447900548,key-16,917
1775447900551,key-36,329
1775447900555,key-34,406
1775447900559,key-25,3265
1775447900560,key-28,86
1775447900560,key-6,322
1775447900560,key-38,589
1775447900564,key-8,1673
1775447900564,key-20,2001
1775447900571,key-29,1798
1775447900571,key-33,684
1775447900571,key-32,1910
1775447900572,key-18,212
1775447900579,key-9,691
1775447900581,key-8,1690
1775447900583,key-37,741
1775447900584,key-24,2122
1775447900584,key-10,1282
1775447900589,key-24,2127
1775447900592,key-20,2029
1775447900592,key-22,4111
1775447900594,key-26,250
1775447900597,key-34,448
1775447900598,key-12,1602
1775447900598,key-26,254
1775447900602,key-27,690
1775447900602,key-5,864
1775447900605,key-26,261
1775447900606,key-34,456
1775447900608,key-29,1835
1775447900610,key-34,461
1775447900611,key-30,1105
1775447900614,key-15,462
1775447900616,key-30,1110
1775447900616,key-19,378
1775447900623,key-47,186
1775447900625,key-10,1323
1775447900630,key-28,156
1775447900631,key-16,176
1775447900632,key-8,1741
1775447900634,key-37,792
1775447900634,key-26,290
1775447900634,key-17,608
1775447900636,key-38,665
1775447900637,key-26,293
1775447900637,key-36,415
1775447900640,key-42,1482
1775447900643,key-47,206
1775447900645,key-24,2183
1775447900646,key-29,1873
1775447900649,key-34,500
1775447900650,key-2,5568
1775447900652,key-8,1761
1775447900652,key-26,308
1775447900654,key-10,1352
1775447900656,key-39,940
1775447900658,key-41,1559
1775447900662,key-5,114
1775447900667,key-2,5585
1775447900667,key-36,445
1775447900674,key-8,1783
1775447900676,key-25,3382
1775447900676,key-36,454
1775447900677,key-5,129
1775447900677,key-38,706
1775447900678,key-30,1172
1775447900679,key-26,335
1775447900680,key-20,2117
1775447900680,key-5,132
1775447900680,key-6,442
1775447900681,key-18,321
1775447900682,key-12,1686
1775447900685,key-9,797
1775447900687,key-31,1873
1775447900691,key-34,542
1775447900697,key-19,459
1775447900697,key-33,810
1775447900699,key-29,1926
1775447900699,key-7,383
1775447900701,key-26,357
1775447900703,key-30,1197
1775447900707,key-45,757
1775447900708,key-12,1712
1775447900715,key-25,3421
1775447900717,key-9,829
1775447900717,key-9,829
1775447900717,key-26,373
1775447900724,key-45,774
1775447900725,key-24,2263
1775447900726,key-5,178
1775447900727,key-34,578
1775447900730,key-8,1839
1775447900731,key-50,129
1775447900733,key-8,1842
1775447900733,key-11,2073
1775447900739,key-28,192
1775447900743,key-5,195
1775447900744,key-5,196
1775447900746,key-8,1855
1775447900747,key-38,122
1775447900747,key-34,598
1775447900749,key-50,147
1775447900751,key-26,407
1775447900754,key-7,438
1775447900755,key-47,318
1775447900759,key-8,1868
1775447900761,key-3,846
1775447900766,key-3,851
1775447900768,key-12,1772
1775447900769,key-38,144
1775447900770,key-5,222
1775447900770,key-7,454
1775447900771,key-2,5689
1775447900771,key-2,5689
1775447900774,key-12,1778
1775447900776,key-25,3482
1775447900776,key-40,876
1775447900779,key-24,2317
1775447900779,key-19,541
1775447900780,key-49,363
1775447900782,key-48,2651
1775447900784,key-29,2011
1775447900786,key-9,898
1775447900786,key-5,238
1775447900786,key-39,122
1775447900786,key-25,3492
1775447900787,key-35,796
1775447900790,key-11,56
1775447900794,key-9,906
1775447900795,key-12,1799
1775447900796,key-26,452
1775447900798,key-5,250
1775447900805,key-26,461
1775447900806,key-5,258
1775447900808,key-33,921
1775447900812,key-27,900
1775447900815,key-13,115
1775447900816,key-8,1925
1775447900816,key-50,214
1775447900816,key-12,1820
1775447900818,key-39,154
1775447900818,key-40,918
1775447900824,key-33,937
1775447900824,key-21,1742
1775447900825,key-14,335
1775447900826,key-41,1727
1775447900842,key-11,108
1775447900843,key-26,499
1775447900843,key-8,70
1775447900843,key-7,527
1775447900843,key-5,295
1775447900843,key-13,143
1775447900843,key-9,955
1775447900844,key-34,695
1775447900844,key-35,853
1775447900845,key-9,957
1775447900849,key-34,700
1775447900850,key-24,2388
1775447900858,key-26,514
1775447900858,key-12,1862
1775447900859,key-9,971
1775447900864,key-26,520
1775447900868,key-34,719
1775447900868,key-34,719
1775447900868,key-17,842
1775447900875,key-8,1984
1775447900887,key-49,470
1775447900890,key-49,473
1775447900891,key-35,900
1775447900894,key-10,1592
1775447900897,key-7,581
1775447900897,key-41,1798
1775447900898,key-22,101
1775447900898,key-19,660
1775447900898,key-10,1596
1775447900898,key-48,2767
1775447900900,key-35,909
1775447900900,key-2,5818
1775447900903,key-34,754
1775447900903,key-40,1003
1775447900908,key-11,174
1775447900909,key-25,3615
1775447900909,key-25,3615
1775447900915,key-9,1027
1775447900921,key-9,1033
1775447900921,key-33,1034
1775447900922,key-12,1926
1775447900923,key-13,223
1775447900923,key-26,579
1775447900924,key-17,898
1775447900924,key-5,376
1775447900924,key-12,1928
1775447900925,key-35,934
1775447900925,key-33,1038
1775447900926,key-19,77
1775447900933,key-2,52
1775447900939,key-34,790
1775447900943,key-35,952
1775447900945,key-34,796
1775447900946,key-21,62
1775447900948,key-9,1060
1775447900948,key-21,1866
1775447900948,key-27,1036
1775447900949,key-22,152
1775447900949,key-40,1049
1775447900949,key-13,249
1775447900949,key-22,152
1775447900949,key-7,633
1775447900950,key-5,402
1775447900952,key-34,803
1775447900960,key-39,74
1775447900961,key-26,617
1775447900961,key-36,73
1775447900962,key-33,1075
1775447900964,key-2,83
1775447900967,key-19,118
1775447900968,key-35,977
1775447900968,key-10,1666
1775447900971,key-27,1059
1775447900972,key-35,981
1775447900975,key-24,113
1775447900979,key-24,117
1775447900980,key-34,831
1775447900981,key-9,1093
1775447900981,key-50,379
1775447900983,key-27,1071
1775447900985,key-39,321
1775447900985,key-12,1989
1775447900989,key-35,998
1775447900990,key-24,128
1775447900990,key-31,2176
1775447900990,key-15,838
1775447900992,key-11,258
1775447900992,key-19,143
1775447900995,key-26,651
1775447900996,key-21,112
1775447900996,key-30,1490
1775447900996,key-17,970
1775447900997,key-19,148
1775447901003,key-41,1904
1775447901003,key-32,2342
1775447901010,key-24,148
1775447901013,key-25,3719
1775447901020,key-9,1132
1775447901025,key-34,876
1775447901027,key-11,293
1775447901028,key-33,1141
1775447901028,key-2,147
1775447901033,key-27,1121
1775447901040,key-38,415
1775447901042,key-33,1155
1775447901046,key-25,3752
1775447901046,key-9,1158
1775447901047,key-24,185
1775447901049,key-34,900
1775447901050,key-19,201
1775447901050,key-35,1059
1775447901058,key-21,174
1775447901059,key-39,173
1775447901062,key-21,178
1775447901062,key-9,1174
1775447901067,key-21,183
1775447901071,key-20,2508
1775447901075,key-35,1084
1775447901075,key-39,189
1775447901076,key-26,732
1775447901079,key-13,379
1775447901080,key-36,192
1775447901080,key-22,283
1775447901081,key-45,1131
1775447901084,key-27,1172
1775447901084,key-22,287
1775447901090,key-36,202
1775447901090,key-37,1248
1775447901092,key-26,748
1775447901092,key-32,2431
1775447901095,key-36,207
1775447901097,key-35,1106
1775447901099,key-24,237
1775447901100,key-34,951
1775447901100,key-39,214
1775447901100,key-17,64
1775447901101,key-33,1214
1775447901109,key-35,1118
1775447901109,key-11,375
1775447901110,key-28,261
1775447901113,key-9,1225
1775447901113,key-34,964
1775447901114,key-37,1272
1775447901119,key-26,775
1775447901120,key-24,258
1775447901122,key-38,497
1775447901123,key-17,1097
1775447901123,key-19,274
1775447901126,key-15,974
1775447901127,key-14,637
1775447901127,key-17,91
1775447901133,key-28,284
1775447901136,key-47,105
1775447901142,key-39,256
1775447901144,key-30,1638
1775447901147,key-29,357
1775447901147,key-36,259
1775447901148,key-3,1233
1775447901150,key-47,119
1775447901150,key-16,695
1775447901152,key-9,1264
1775447901152,key-11,418
1775447901153,key-25,3859
1775447901153,key-49,736
1775447901156,key-45,1206
1775447901161,key-11,427
1775447901162,key-36,273
1775447901162,key-9,1274
1775447901162,key-27,1250
1775447901164,key-49,747
1775447901167,key-25,3873
1775447901167,key-11,433
1775447901168,key-28,319
1775447901169,key-9,1281
1775447901172,key-24,310
1775447901172,key-22,375
1775447901179,key-35,1188
1775447901179,key-22,382
1775447901180,key-32,2519
1775447901185,key-21,301
1775447901187,key-50,585
1775447901190,key-33,1303
1775447901191,key-13,491
1775447901197,key-21,313
1775447901198,key-33,1311
1775447901199,key-46,6417
1775447901204,key-14,714
1775447901205,key-23,129
1775447901209,key-32,2548
1775447901212,key-28,363
1775447901213,key-24,351
1775447901214,key-33,1327
1775447901218,key-21,334
1775447901220,key-39,334
1775447901221,key-50,619
1775447901221,key-37,1379
1775447901223,key-29,433
1775447901225,key-9,1337
1775447901225,key-32,2564
1775447901227,key-26,883
1775447901232,key-26,888
1775447901237,key-40,1337
1775447901237,key-37,1395
1775447901240,key-47,209
1775447901241,key-20,2678
1775447901242,key-28,393
1775447901242,key-45,1292
1775447901251,key-24,389
1775447901252,key-21,368
1775447901253,key-22,456
1775447901256,key-19,407
1775447901258,key-9,1370
1775447901261,key-49,844
1775447901262,key-37,1420
1775447901264,key-11,530
1775447901266,key-33,1379
1775447901267,key-40,108
1775447901268,key-40,109
1775447901270,key-28,92
1775447901271,key-23,195
1775447901276,key-36,388
1775447901279,key-22,482
1775447901282,key-33,1395
1775447901284,key-50,682
1775447901290,key-49,873
1775447901291,key-37,1449
1775447901291,key-3,1376
1775447901291,key-21,407
1775447901292,key-50,690
1775447901294,key-21,410
1775447901296,key-50,694
1775447901299,key-33,1412
1775447901299,key-32,2638
1775447901300,key-29,510
1775447901308,key-22,511
1775447901310,key-21,426
1775447901311,key-23,235
1775447901314,key-21,430
1775447901316,key-49,899
1775447901317,key-14,827
1775447901317,key-38,692
1775447901317,key-26,69
1775447901318,key-26,70
1775447901322,key-30,1816
1775447901322,key-1,764
1775447901323,key-14,833
1775447901326,key-19,477
1775447901335,key-26,138
1775447901337,key-36,449
1775447901339,key-23,263
1775447901339,key-28,161
1775447901341,key-40,182
1775447901342,key-26,145
1775447901343,key-28,165
1775447901345,key-8,572
1775447901345,key-37,1503
1775447901346,key-29,556
1775447901350,key-21,466
1775447901354,key-24,492
1775447901354,key-21,470
1775447901360,key-29,570
1775447901361,key-35,1370
1775447901362,key-42,113
1775447901363,key-20,2800
1775447901364,key-7,131
1775447901367,key-26,119
1775447901367,key-10,2065
1775447901367,key-40,208
1775447901369,key-19,520
1775447901369,key-33,1482
1775447901371,key-38,746
1775447901373,key-48,3242
1775447901375,key-28,197
1775447901381,key-9,1493
1775447901381,key-50,779
1775447901382,key-30,1876
1775447901391,key-36,503
1775447901392,key-26,144
1775447901392,key-45,1442
1775447901392,key-14,902
1775447901393,key-22,596
1775447901394,key-28,216
1775447901396,key-8,61
1775447901397,key-21,513
1775447901402,key-26,154
1775447901403,key-8,68
1775447901403,key-30,1897
1775447901404,key-7,171
1775447901406,key-29,616
1775447901407,key-1,849
1775447901407,key-14,917
1775447901409,key-26,161
1775447901413,key-25,4119
1775447901413,key-25,4119
1775447901414,key-20,126
1775447901417,key-42,168
1775447901422,key-46,58
1775447901423,key-50,821
1775447901424,key-20,136
1775447901427,key-2,546
1775447901433,key-30,1927
1775447901433,key-26,59
1775447901434,key-10,2132
1775447901438,key-6,1200
1775447901438,key-30,1932
1775447901438,key-46,74
1775447901439,key-46,75
1775447901445,key-28,267
1775447901446,key-38,821
1775447901450,key-8,115
1775447901455,key-32,2794
1775447901455,key-40,296
1775447901458,key-5,910
1775447901461,key-21,577
1775447901464,key-29,674
1775447901467,key-29,677
1775447901467,key-6,1229
1775447901468,key-29,678
1775447901473,key-26,99
1775447901475,key-30,1969
1775447901476,key-43,1902
1775447901479,key-26,105
1775447901481,key-34,80
1775447901481,key-7,248
1775447901483,key-46,77
1775447901484,key-35,1493
1775447901484,key-45,1534
1775447901488,key-28,310
1775447901488,key-48,3357
1775447901489,key-33,1602
1775447901490,key-42,241
1775447901490,key-20,202
1775447901490,key-38,865
1775447901491,key-19,642
1775447901491,key-1,60
1775447901491,key-26,117
1775447901491,key-46,85
1775447901495,key-50,893
1775447901495,key-9,1607
1775447901496,key-7,263
1775447901496,key-46,132
1775447901496,key-40,337
1775447901497,key-21,613
1775447901497,key-45,1547
1775447901497,key-18,243
1775447901497,key-26,123
1775447901502,key-1,71
1775447901503,key-38,878
1775447901509,key-38,884
1775447901509,key-19,128
1775447901509,key-9,1621
1775447901510,key-6,1272
1775447901511,key-11,777
1775447901513,key-50,911
1775447901513,key-49,1096
1775447901515,key-28,337
1775447901515,key-50,913
1775447901525,key-43,1951
1775447901526,key-38,901
1775447901527,key-20,239
1775447901529,key-29,739
1775447901529,key-46,123
1775447901531,key-32,2870
1775447901535,key-24,62
1775447901537,key-29,747
1775447901537,key-46,131
1775447901542,key-50,940
1775447901546,key-40,387
1775447901549,key-28,371
1775447901553,key-25,4259
1775447901553,key-20,265
1775447901554,key-46,148
1775447901554,key-30,2048
1775447901558,key-30,2052
1775447901561,key-50,959
1775447901561,key-20,273
1775447901563,key-28,385
1775447901570,key-8,235
1775447901579,key-15,440
1775447901579,key-48,112
1775447901581,key-6,1343
1775447901584,key-13,884
1775447901586,key-13,886
1775447901591,key-30,2085
1775447901592,key-44,1143
1775447901593,key-50,991
1775447901595,key-46,189
1775447901600,key-43,2026
1775447901600,key-26,226
1775447901602,key-34,201
1775447901602,key-46,196
1775447901604,key-15,465
1775447901604,key-44,1155
1775447901608,key-42,214
1775447901610,key-26,236
1775447901610,key-4,664
1775447901614,key-40,455
1775447901614,key-31,2800
1775447901615,key-28,437
1775447901618,key-29,828
1775447901622,key-48,155
1775447901622,key-20,334
1775447901624,key-44,1175
1775447901624,key-11,890
1775447901625,key-32,2964
1775447901627,key-21,743
1775447901627,key-11,893
1775447901628,key-7,395
1775447901628,key-13,928
1775447901628,key-26,254
1775447901631,key-9,1743
1775447901635,key-28,457
1775447901636,key-42,242
1775447901636,key-49,1219
1775447901637,key-35,1646
1775447901637,key-39,751
1775447901637,key-6,1399
1775447901638,key-19,122
1775447901638,key-28,460
1775447901638,key-45,1688
1775447901639,key-43,2065
1775447901642,key-38,1017
1775447901642,key-43,2068
1775447901643,key-11,909
1775447901644,key-13,944
1775447901644,key-45,1694
1775447901645,key-31,2831
1775447901649,key-32,2988
1775447901649,key-29,859
1775447901651,key-30,2145
1775447901651,key-16,81
1775447901652,key-3,1737
1775447901653,key-28,474
1775447901655,key-46,128
1775447901656,key-1,225
1775447901657,key-43,2083
1775447901660,key-20,372
1775447901660,key-3,1745
1775447901667,key-14,126
1775447901669,key-28,491
1775447901670,key-17,634
1775447901678,key-4,732
1775447901678,key-46,151
1775447901683,key-7,450
1775447901683,key-20,395
1775447901683,key-11,949
1775447901684,key-29,894
1775447901687,key-27,1775
1775447901688,key-20,400
1775447901688,key-13,988
1775447901693,key-30,2187
1775447901693,key-19,177
1775447901696,key-19,180
1775447901704,key-15,565
1775447901707,key-34,306
1775447901710,key-16,140
1775447901710,key-46,183
1775447901710,key-6,1472
1775447901711,key-29,921
1775447901711,key-13,1011
1775447901712,key-11,978
1775447901712,key-43,2138
1775447901715,key-31,2901
1775447901715,key-30,2209
1775447901717,key-13,1017
1775447901717,key-31,2903
1775447901721,key-43,2147
1775447901723,key-11,989
1775447901724,key-46,197
1775447901725,key-45,1775
1775447901727,key-19,211
1775447901731,key-11,997
1775447901731,key-46,204
1775447901731,key-44,1282
1775447901737,key-4,791
1775447901737,key-46,210
1775447901739,key-29,949
1775447901739,key-20,451
1775447901739,key-20,451
1775447901740,key-49,1323
1775447901748,key-7,515
1775447901748,key-47,116
1775447901749,key-13,1049
1775447901750,key-43,2176
1775447901753,key-43,2179
1775447901753,key-47,121
1775447901756,key-30,2250
1775447901759,key-20,471
1775447901761,key-28,583
1775447901765,key-28,587
1775447901765,key-16,195
1775447901765,key-34,364
1775447901765,key-29,975
1775447901767,key-43,2193
1775447901768,key-43,2194
1775447901768,key-43,2194
1775447901768,key-43,2194
1775447901774,key-3,1859
1775447901775,key-4,829
1775447901775,key-17,739
1775447901775,key-38,1150
1775447901778,key-15,57
1775447901778,key-13,1078
1775447901781,key-15,60
1775447901781,key-29,991
1775447901790,key-46,263
1775447901790,key-46,263
1775447901791,key-27,1879
1775447901791,key-10,2489
1775447901791,key-11,1057
1775447901797,key-29,1007
1775447901797,key-29,1007
1775447901798,key-15,77
1775447901798,key-1,367
1775447901800,key-27,1888
1775447901801,key-45,1851
1775447901804,key-13,1104
1775447901805,key-11,1071
1775447901810,key-46,283
1775447901813,key-43,82
1775447901818,key-29,1028
1775447901818,key-4,872
1775447901819,key-33,220
1775447901823,key-2,272
1775447901823,key-20,535
1775447901823,key-44,1374
1775447901823,key-30,2317
1775447901824,key-15,103
1775447901825,key-5,1277
1775447901832,key-41,112
1775447901835,key-19,319
1775447901836,key-16,266
1775447901840,key-20,552
1775447901843,key-14,302
1775447901843,key-46,316
1775447901848,key-45,1898
1775447901848,key-50,232
1775447901848,key-20,560
1775447901852,key-46,325
1775447901853,key-26,66
1775447901854,key-22,1057
1775447901855,key-20,567
1775447901859,key-15,138
1775447901859,key-7,626
1775447901859,key-20,571
1775447901860,key-20,572
1775447901860,key-3,1945
1775447901864,key-11,1130
1775447901867,key-15,146
1775447901870,key-43,139
1775447901870,key-29,1080
1775447901871,key-44,1422
1775447901871,key-43,140
1775447901873,key-49,109
1775447901873,key-49,109
1775447901874,key-34,473
1775447901877,key-27,74
1775447901880,key-43,149
1775447901881,key-30,2375
1775447901883,key-19,367
1775447901886,key-22,75
1775447901887,key-28,709
1775447901888,key-34,487
1775447901888,key-34,487
1775447901889,key-3,1974
1775447901890,key-43,159
1775447901890,key-49,126
1775447901892,key-2,341
1775447901898,key-16,328
1775447901899,key-3,1984
1775447901900,key-4,954
1775447901901,key-46,374
1775447901904,key-43,173
1775447901904,key-29,1114
1775447901906,key-46,379
1775447901906,key-43,175
1775447901909,key-46,382
1775447901909,key-9,2021
1775447901910,key-11,1176
1775447901911,key-14,370
1775447901911,key-45,1961
1775447901914,key-7,681
1775447901916,key-46,389
1775447901917,key-15,196
1775447901917,key-28,739
1775447901917,key-38,1292
1775447901918,key-46,391
1775447901919,key-20,631
1775447901924,key-34,70
1775447901924,key-45,1974
1775447901925,key-22,114
1775447901926,key-43,195
1775447901933,key-7,700
1775447901933,key-32,3272
1775447901934,key-11,1200
1775447901934,key-31,3120
1775447901939,key-5,1391
1775447901940,key-27,137
1775447901944,key-49,180
1775447901944,key-15,223
1775447901950,key-46,423
1775447901951,key-30,2445
1775447901956,key-44,1507
1775447901958,key-20,670
1775447901961,key-14,420
1775447901961,key-25,328
1775447901963,key-43,232
1775447901964,key-19,448
1775447901968,key-22,157
1775447901970,key-16,400
1775447901970,key-46,443
1775447901970,key-44,1521
1775447901972,key-19,72
1775447901977,key-47,345
1775447901978,key-11,1244
1775447901979,key-14,438
1775447901980,key-15,259
1775447901980,key-43,249
1775447901980,key-29,1190
1775447901985,key-22,174
1775447901985,key-15,264
1775447901986,key-46,459
1775447901986,key-24,513
1775447901987,key-46,460
1775447901987,key-22,176
1775447901989,key-44,1540
1775447901991,key-30,2485
1775447901993,key-15,272
1775447901996,key-18,385
1775447902001,key-45,2051
1775447902001,key-23,925
1775447902001,key-49,237
1775447902002,key-7,769
1775447902002,key-39,1116
1775447902002,key-15,281
1775447902003,key-43,272
1775447902005,key-26,218
1775447902006,key-1,575
1775447902014,key-42,620
1775447902014,key-49,250
1775447902015,key-30,2509
1775447902021,key-43,290
1775447902021,key-43,290
1775447902022,key-20,734
1775447902022,key-40,863
1775447902023,key-11,1289
1775447902023,key-39,1137
1775447902023,key-19,123
1775447902024,key-20,736
1775447902026,key-4,1080
1775447902026,key-43,295
1775447902031,key-20,743
1775447902033,key-11,1299
1775447902037,key-44,1588
1775447902038,key-46,511
1775447902045,key-14,504
1775447902049,key-5,1501
1775447902049,key-40,890
1775447902051,key-18,440
1775447902051,key-5,1503
1775447902055,key-39,1169
1775447902056,key-45,2106
1775447902059,key-23,70
1775447902059,key-1,628
1775447902059,key-36,1171
1775447902060,key-23,71
1775447902060,key-35,65
1775447902061,key-2,510
1775447902064,key-32,3403
1775447902065,key-30,2559
1775447902065,key-1,634
1775447902065,key-12,213
1775447902069,key-19,169
1775447902071,key-44,1622
1775447902071,key-46,544
1775447902071,key-10,82
1775447902074,key-23,85
1775447902077,key-49,313
1775447902084,key-43,353
1775447902084,key-42,73
1775447902085,key-12,233
1775447902085,key-5,1537
1775447902086,key-14,545
1775447902087,key-46,560
1775447902088,key-27,82
1775447902091,key-11,1357
1775447902095,key-46,568
1775447902097,key-1,666
1775447902098,key-43,367
1775447902099,key-27,93
1775447902100,key-43,369
1775447902100,key-44,1651
1775447902100,key-27,94
1775447902101,key-30,2595
1775447902102,key-11,1368
1775447902105,key-19,205
1775447902106,key-24,633
1775447902110,key-1,679
1775447902111,key-42,717
1775447902111,key-40,952
1775447902111,key-46,584
1775447902111,key-43,380
1775447902116,key-46,589
1775447902116,key-27,110
1775447902118,key-46,591
1775447902119,key-23,130
1775447902123,key-36,1235
1775447902127,key-42,116
1775447902127,key-43,396
1775447902128,key-12,276
1775447902131,key-30,2625
1775447902131,key-49,367
1775447902131,key-2,580
1775447902132,key-42,121
1775447902132,key-45,2182
1775447902135,key-36,1247
1775447902135,key-42,124
1775447902138,key-28,960
1775447902139,key-22,328
1775447902139,key-43,67
1775447902142,key-29,1352
1775447902148,key-5,1600
1775447902160,key-18,109
1775447902161,key-43,430
1775447902161,key-49,397
1775447902162,key-43,431
1775447902163,key-45,2213
1775447902167,key-18,116
1775447902169,key-1,738
1775447902171,key-48,704
1775447902172,key-23,183
1775447902175,key-1,744
1775447902177,key-2,626
1775447902178,key-35,183
1775447902180,key-42,169
1775447902180,key-46,653
1775447902186,key-23,197
1775447902188,key-2,637
1775447902192,key-41,472
1775447902193,key-49,429
1775447902194,key-7,961
1775447902195,key-49,431
1775447902197,key-10,208
1775447902200,key-35,54
1775447902207,key-46,680
1775447902207,key-36,1319
1775447902207,key-5,1659
1775447902210,key-23,221
1775447902214,key-19,314
1775447902215,key-14,674
1775447902215,key-26,69
1775447902215,key-42,204
1775447902219,key-43,147
1775447902220,key-42,209
1775447902220,key-8,885
1775447902222,key-43,150
1775447902224,key-35,78
1775447902226,key-46,699
1775447902227,key-43,155
1775447902227,key-2,676
1775447902229,key-1,798
1775447902229,key-19,329
1775447902230,key-6,1992
1775447902230,key-46,703
1775447902231,key-26,85
1775447902232,key-32,186
1775447902233,key-2,682
1775447902235,key-36,1347
1775447902235,key-30,2729
1775447902236,key-42,225
1775447902239,key-22,428
1775447902239,key-46,712
1775447902240,key-16,670
1775447902243,key-5,1695
1775447902243,key-42,232
1775447902245,key-2,694
1775447902246,key-27,240
1775447902246,key-20,958
1775447902247,key-49,483
1775447902252,key-45,2302
1775447902255,key-43,183
1775447902255,key-49,491
1775447902256,key-24,783
1775447902256,key-42,245
1775447902265,key-7,119
1775447902266,key-49,502
1775447902267,key-5,1719
1775447902268,key-49,504
1775447902269,key-2,718
1775447902275,key-18,224
1775447902282,key-18,231
1775447902282,key-45,2332
1775447902283,key-1,852
1775447902285,key-29,123
1775447902289,key-29,127
1775447902290,key-42,279
1775447902296,key-6,2058
1775447902298,key-29,136
1775447902298,key-18,247
1775447902299,key-7,153
1775447902299,key-42,288
1775447902300,key-26,154
1775447902302,key-23,313
1775447902304,key-10,315
1775447902307,key-20,1019
1775447902308,key-6,2070
1775447902308,key-2,757
1775447902308,key-42,297
1775447902314,key-35,168
1775447902314,key-23,74
1775447902315,key-30,2809
1775447902318,key-16,748
1775447902321,key-31,3507
1775447902322,key-45,2372
1775447902323,key-21,1439
1775447902324,key-46,797
1775447902333,key-46,806
1775447902333,key-23,344
1775447902334,key-17,1298
1775447902334,key-49,570
1775447902334,key-42,323
1775447902338,key-1,78
1775447902338,key-10,349
1775447902340,key-29,178
1775447902341,key-36,1453
1775447902343,key-28,117
1775447902343,key-6,2105
1775447902344,key-32,298
1775447902348,key-18,297
1775447902348,key-42,337
1775447902350,key-10,361
1775447902350,key-46,823
1775447902351,key-11,1617
1775447902351,key-1,920
1775447902353,key-27,347
1775447902356,key-26,210
1775447902356,key-26,210
1775447902358,key-23,118
1775447902358,key-7,212
1775447902360,key-46,833
1775447902362,key-5,1814
1775447902362,key-50,746
1775447902362,key-23,122
1775447902364,key-12,512
1775447902364,key-24,891
1775447902364,key-34,104
1775447902369,key-34,109
1775447902374,key-49,610
1775447902376,key-7,230
1775447902377,key-34,117
1775447902377,key-19,477
1775447902379,key-26,121
1775447902381,key-34,121
1775447902383,key-7,237
1775447902383,key-1,123
1775447902386,key-32,340
1775447902386,key-45,106
1775447902386,key-37,2544
1775447902387,key-18,336
1775447902390,key-45,110
1775447902393,key-23,153
1775447902394,key-5,1846
1775447902395,key-10,406
1775447902397,key-29,235
1775447902397,key-2,846
1775447902398,key-29,236
1775447902399,key-32,107
1775447902399,key-19,499
1775447902402,key-5,1854
1775447902403,key-28,177
1775447902404,key-10,415
1775447902404,key-49,640
1775447902409,key-32,117
1775447902410,key-42,399
1775447902410,key-1,150
1775447902410,key-7,264
1775447902416,key-23,176
1775447902416,key-12,564
1775447902418,key-23,178
1775447902418,key-42,407
1775447902423,key-40,116
1775447902423,key-5,1875
1775447902425,key-23,185
1775447902428,key-7,69
1775447902430,key-11,1696
1775447902432,key-50,816
1775447902432,key-34,172
1775447902437,key-25,560
1775447902437,key-2,121
1775447902437,key-7,291
1775447902440,key-1,180
1775447902442,key-30,2936
1775447902449,key-26,191
1775447902449,key-37,2607
1775447902449,key-35,303
1775447902450,key-29,288
1775447902450,key-23,210
1775447902451,key-19,551
1775447902454,key-17,1418
1775447902461,key-28,235
1775447902462,key-34,202
1775447902465,key-18,414
1775447902465,key-32,173
1775447902466,key-1,206
1775447902467,key-7,108
1775447902470,key-12,618
1775447902473,key-10,484
1775447902475,key-13,1775
1775447902476,key-1,216
1775447902478,key-46,951
1775447902481,key-5,1933
1775447902483,key-8,1148
1775447902485,key-43,413
1775447902487,key-23,247
1775447902489,key-7,130
1775447902490,key-18,439
1775447902490,key-17,1454
1775447902491,key-4,1545
1775447902492,key-49,728
1775447902496,key-24,1023
1775447902498,key-1,238
1775447902498,key-49,734
1775447902500,key-34,240
1775447902501,key-5,1953
1775447902503,key-3,2588
1775447902503,key-41,783
1775447902504,key-50,888
1775447902504,key-38,1879
1775447902505,key-23,265
1775447902506,key-33,208
1775447902508,key-2,192
1775447902512,key-1,252
1775447902512,key-19,612
1775447902513,key-32,221
1775447902514,key-2,198
1775447902521,key-26,263
1775447902522,key-28,296
1775447902524,key-35,378
1775447902526,key-5,1978
1775447902528,key-47,605
1775447902529,key-28,303
1775447902536,key-7,177
1775447902538,key-12,686
1775447902538,key-46,1011
1775447902540,key-5,1992
1775447902542,key-13,1842
1775447902542,key-11,1808
1775447902542,key-31,3728
1775447902542,key-12,690
1775447902543,key-12,691
1775447902545,key-2,229
1775447902545,key-17,1509
1775447902546,key-7,187
1775447902546,key-36,1658
1775447902548,key-11,1814
1775447902551,key-8,1216
1775447902555,key-25,678
1775447902557,key-23,317
1775447902557,key-38,1932
1775447902559,key-7,200
1775447902560,key-1,300
1775447902560,key-28,334
1775447902563,key-38,1938
1775447902565,key-1,305
1775447902570,key-25,693
1775447902573,key-22,762
1775447902574,key-18,523
1775447902577,key-28,351
1775447902579,key-34,319
1775447902580,key-3,2665
1775447902580,key-18,529
1775447902580,key-37,2738
1775447902580,key-12,728
1775447902583,key-16,1013
1775447902585,key-40,212
1775447902586,key-3,2671
1775447902587,key-23,347
1775447902588,key-36,1700
1775447902590,key-32,298
1775447902598,key-26,340
1775447902598,key-44,2149
1775447902599,key-1,339
1775447902601,key-13,1901
1775447902602,key-12,750
1775447902604,key-8,1269
1775447902604,key-46,1077
1775447902604,key-18,553
1775447902610,key-41,890
1775447902611,key-2,295
1775447902611,key-1,351
1775447902614,key-7,255
1775447902619,key-17,1583
1775447902619,key-2,303
1775447902619,key-11,137
1775447902621,key-34,361
1775447902621,key-2,305
1775447902621,key-11,139
1775447902623,key-42,612
1775447902625,key-49,185
1775447902626,key-25,749
1775447902628,key-1,368
1775447902630,key-28,404
1775447902637,key-29,475
1775447902639,key-23,399
1775447902640,key-28,414
1775447902641,key-23,401
1775447902643,key-16,74
1775447902644,key-16,75
1775447902645,key-28,419
1775447902650,key-25,773
1775447902652,key-4,1706
1775447902652,key-7,293
1775447902654,key-47,731
1775447902654,key-5,2106
1775447902655,key-40,282
1775447902663,key-25,786
1775447902663,key-36,1775
1775447902664,key-3,2749
1775447902664,key-17,1628
1775447902664,key-23,424
1775447902664,key-1,404
1775447902672,key-39,77
1775447902673,key-23,433
1775447902674,key-39,79
1775447902677,key-38,2052
1775447902679,key-22,868
1775447902679,key-8,1344
1775447902680,key-50,1064
1775447902684,key-3,2769
1775447902685,key-46,1158
1775447902687,key-18,636
1775447902690,key-25,813
1775447902691,key-34,431
1775447902691,key-1,431
1775447902691,key-38,2066
1775447902691,key-7,332
1775447902691,key-28,465
1775447902692,key-25,815
1775447902692,key-40,319
1775447902692,key-36,1804
1775447902696,key-32,404
1775447902709,key-45,80
1775447902709,key-23,469
1775447902714,key-1,454
1775447902721,key-40,348
1775447902723,key-36,1835
1775447902723,key-26,136
1775447902723,key-18,672
1775447902724,key-10,735
1775447902726,key-1,466
1775447902727,key-7,368
1775447902728,key-47,805
1775447902730,key-8,1395
1775447902734,key-4,65
1775447902735,key-1,475
1775447902735,key-25,858
1775447902735,key-47,812
1775447902737,key-1,477
1775447902738,key-23,498
1775447902741,key-34,481
1775447902743,key-42,166
1775447902745,key-1,485
1775447902746,key-38,115
1775447902747,key-23,507
1775447902747,key-28,521
1775447902748,key-16,179
1775447902750,key-46,1223
1775447902751,key-30,3245
1775447902754,key-27,125
1775447902755,key-28,529
1775447902755,key-25,878
1775447902755,key-8,97
1775447902755,key-38,124
1775447902757,key-38,126
1775447902759,key-23,519
1775447902766,key-1,506
1775447902772,key-23,532
1775447902773,key-16,204
1775447902775,key-8,117
1775447902775,key-3,106
1775447902777,key-28,551
1775447902778,key-34,518
1775447902779,key-16,210
1775447902781,key-8,123
1775447902782,key-39,187
1775447902785,key-8,127
1775447902788,key-8,130
1775447902789,key-36,75
1775447902789,key-4,120
1775447902795,key-1,535
1775447902796,key-25,919
1775447902796,key-1,536
1775447902796,key-23,556
1775447902797,key-34,537
1775447902797,key-10,119
1775447902799,key-1,539
1775447902801,key-23,561
1775447902802,key-25,925
1775447902804,key-25,927
1775447902806,key-38,175
1775447902808,key-41,1088
1775447902810,key-3,69
1775447902810,key-38,179
1775447902811,key-32,65
1775447902813,key-42,236
1775447902820,key-28,594
1775447902824,key-25,947
1775447902824,key-28,598
1775447902825,key-31,4011
1775447902827,key-39,232
1775447902827,key-25,950
1775447902828,key-28,602
1775447902830,key-5,2282
1775447902834,key-26,247
1775447902835,key-25,958
1775447902835,key-30,3329
1775447902836,key-23,596
1775447902839,key-44,2390
1775447902840,key-10,162
1775447902843,key-1,583
1775447902847,key-46,1320
1775447902848,key-23,608
1775447902853,key-48,1386
1775447902856,key-8,198
1775447902857,key-7,498
1775447902859,key-36,145
1775447902860,key-19,960
1775447902864,key-42,287
1775447902867,key-50,1251
1775447902867,key-8,209
1775447902867,key-34,607
1775447902868,key-38,237
1775447902868,key-1,608
1775447902869,key-34,609
1775447902872,key-32,126
1775447902872,key-38,241
1775447902873,key-7,514
1775447902876,key-13,237
1775447902877,key-39,282
1775447902878,key-38,247
1775447902881,key-25,1004
1775447902883,key-30,3377
1775447902887,key-18,836
1775447902890,key-38,259
1775447902892,key-39,297
1775447902894,key-34,634
1775447902897,key-38,266
1775447902897,key-28,671
1775447902899,key-28,673
1775447902899,key-20,330
1775447902900,key-1,640
1775447902907,key-23,667
1775447902907,key-25,1030
1775447902911,key-23,671
1775447902916,key-34,656
1775447902916,key-21,2032
1775447902917,key-38,286
1775447902917,key-36,203
1775447902918,key-1,658
1775447902919,key-19,1019
1775447902921,key-1,661
1775447902923,key-34,663
1775447902924,key-43,385
1775447902925,key-4,256
1775447902926,key-4,257
1775447902926,key-15,1205
1775447902929,key-7,570
1775447902939,key-36,225
1775447902944,key-28,718
1775447902948,key-41,1228
1775447902949,key-42,372
1775447902952,key-1,692
1775447902952,key-13,110
1775447902954,key-30,3448
1775447902957,key-11,254
1775447902958,key-30,3452
1775447902958,key-10,280
1775447902967,key-8,309
1775447902972,key-39,377
1775447902973,key-37,3131
1775447902973,key-49,533
1775447902975,key-8,317
1775447902976,key-35,830
1775447902976,key-32,230
1775447902977,key-9,3089
1775447902980,key-36,266
1775447902980,key-22,1169
1775447902982,key-36,268
1775447902985,key-19,1085
1775447902990,key-23,750
1775447902991,key-40,618
1775447902996,key-42,419
1775447903000,key-39,405
1775447903003,key-38,372
1775447903008,key-1,748
1775447903011,key-11,308
1775447903011,key-40,638
1775447903013,key-7,654
1775447903014,key-47,1091
1775447903016,key-34,756
1775447903017,key-1,757
1775447903017,key-34,757
1775447903018,key-28,792
1775447903018,key-28,792
1775447903024,key-50,1408
1775447903024,key-25,1147
1775447903024,key-19,1124
1775447903024,key-5,2476
1775447903032,key-25,1155
1775447903032,key-30,3526
1775447903033,key-38,402
1775447903034,key-25,1157
1775447903040,key-8,382
1775447903044,key-10,366
1775447903044,key-32,298
1775447903045,key-15,1324
1775447903046,key-49,108
1775447903046,key-36,332
1775447903048,key-15,1327
1775447903049,key-36,335
1775447903053,key-10,375
1775447903053,key-36,339
1775447903060,key-39,465
1775447903061,key-23,821
1775447903064,key-19,1164
1775447903065,key-7,127
1775447903067,key-45,438
1775447903067,key-41,1347
1775447903074,key-30,3568
1775447903079,key-19,1179
1775447903079,key-39,484
1775447903080,key-28,854
1775447903081,key-47,1158
1775447903083,key-39,488
1775447903083,key-49,145
1775447903083,key-19,1183
1775447903086,key-11,383
1775447903093,key-19,1193
1775447903094,key-40,721
1775447903097,key-9,3209
1775447903108,key-19,1208
1775447903110,key-39,515
1775447903112,key-8,454
1775447903112,key-50,76
1775447903113,key-32,367
1775447903115,key-40,742
1775447903116,key-10,112
1775447903119,key-7,181
1775447903121,key-40,748
1775447903122,key-24,1649
1775447903123,key-39,528
1775447903124,key-34,138
1775447903132,key-10,128
1775447903133,key-10,129
1775447903133,key-36,419
1775447903137,key-25,1260
1775447903137,key-19,1237
1775447903138,key-23,53
1775447903139,key-47,1216
1775447903140,key-4,289
1775447903142,key-39,547
1775447903142,key-38,511
1775447903148,key-1,888
1775447903148,key-45,519
1775447903150,key-50,114
1775447903152,key-36,438
1775447903153,key-4,302
1775447903155,key-32,409
1775447903158,key-39,563
1775447903162,key-30,3656
1775447903166,key-5,2618
1775447903168,key-46,88
1775447903171,key-23,931
1775447903172,key-19,1272
1775447903175,key-33,877
1775447903175,key-19,1275
1775447903184,key-26,597
1775447903185,key-46,105
1775447903190,key-30,3684
1775447903196,key-40,823
1775447903197,key-19,1297
1775447903197,key-24,1724
1775447903205,key-46,125
1775447903205,key-14,227
1775447903206,key-39,611
1775447903207,key-47,75
1775447903209,key-2,893
1775447903213,key-28,987
1775447903213,key-47,1290
1775447903216,key-8,558
1775447903217,key-23,132
1775447903217,key-39,622
1775447903220,key-13,176
1775447903228,key-35,292
1775447903228,key-9,3340
1775447903229,key-7,74
1775447903230,key-39,635
1775447903233,key-39,638
1775447903240,key-9,3352
1775447903242,key-4,391
1775447903246,key-47,114
1775447903247,key-8,124
1775447903248,key-44,133
1775447903251,key-38,55
1775447903255,key-37,3413
1775447903255,key-20,147
1775447903256,key-25,1379
1775447903260,key-36,546
1775447903261,key-47,129
1775447903262,key-10,258
1775447903264,key-33,112
1775447903264,key-10,260
1775447903266,key-40,893
1775447903271,key-8,148
1775447903272,key-19,1372
1775447903274,key-47,142
1775447903275,key-25,1398
1775447903276,key-36,562
1775447903282,key-47,150
1775447903282,key-41,1562
1775447903284,key-4,433
1775447903284,key-46,204
1775447903287,key-1,1027
1775447903288,key-39,693
1775447903289,key-22,1478
1775447903292,key-26,705
1775447903295,key-7,140
1775447903296,key-25,1419
1775447903297,key-36,583
1775447903298,key-2,982
1775447903299,key-19,106
1775447903314,key-8,126
1775447903315,key-40,942
1775447903315,key-19,122
1775447903316,key-7,109
1775447903316,key-20,208
1775447903317,key-28,1091
1775447903317,key-23,232
1775447903317,key-47,185
1775447903320,key-47,188
1775447903325,key-27,696
1775447903327,key-47,195
1775447903327,key-43,788
1775447903328,key-38,132
1775447903331,key-47,199
1775447903332,key-28,1106
1775447903341,key-28,1115
1775447903343,key-7,136
1775447903344,key-39,749
1775447903344,key-43,805
1775447903348,key-36,57
1775447903349,key-2,1033
1775447903349,key-7,142
1775447903354,key-4,503
1775447903356,key-13,312
1775447903361,key-4,510
1775447903361,key-1,1101
1775447903363,key-44,248
1775447903366,key-39,771
1775447903370,key-46,290
1775447903372,key-44,257
1775447903372,key-29,104
1775447903375,key-40,56
1775447903376,key-47,85
1775447903376,key-4,525
1775447903379,key-37,3537
1775447903380,key-25,1503
1775447903381,key-7,174
1775447903383,key-47,251
1775447903384,key-8,196
1775447903385,key-47,253
1775447903385,key-7,178
1775447903385,key-47,94
1775447903387,key-19,194
1775447903392,key-10,388
1775447903394,key-48,1927
1775447903394,key-47,262
1775447903397,key-47,106
1775447903397,key-7,190
1775447903398,key-39,803
1775447903399,key-33,161
1775447903403,key-47,112
1775447903403,key-10,399
1775447903412,key-47,121
1775447903412,key-43,873
1775447903417,key-20,309
1775447903418,key-32,672
1775447903418,key-36,127
1775447903419,key-44,304
1775447903421,key-47,130
1775447903423,key-16,92
1775447903424,key-4,573
1775447903428,key-27,70
1775447903429,key-47,138
1775447903430,key-2,1114
1775447903433,key-18,1382
1775447903439,key-43,900
1775447903440,key-6,3202
1775447903443,key-20,62
1775447903446,key-40,127
1775447903446,key-19,70
1775447903448,key-40,129
1775447903449,key-8,261
1775447903451,key-28,1225
1775447903455,key-7,248
1775447903456,key-14,478
1775447903459,key-47,168
1775447903460,key-30,3954
1775447903462,key-7,255
1775447903466,key-26,116
1775447903467,key-26,117
1775447903468,key-47,177
1775447903473,key-30,3967
1775447903474,key-3,733
1775447903479,key-44,364
1775447903481,key-49,543
1775447903484,key-14,506
1775447903484,key-4,633
1775447903487,key-39,892
1775447903487,key-26,51
1775447903488,key-43,949
1775447903492,key-2,1176
1775447903494,key-2,1178
1775447903494,key-39,899
1775447903498,key-18,1447
1775447903499,key-15,1778
1775447903499,key-10,96
1775447903499,key-16,168
1775447903502,key-14,524
1775447903502,key-25,1625
1775447903505,key-8,317
1775447903505,key-8,317
1775447903505,key-35,569
1775447903507,key-47,216
1775447903507,key-27,111
1775447903508,key-8,320
1775447903511,key-50,475
1775447903511,key-30,4005
1775447903514,key-4,663
1775447903522,key-7,315
1775447903524,key-9,3636
1775447903525,key-7,318
1775447903525,key-49,587
1775447903527,key-47,236
1775447903528,key-4,677
1775447903535,key-7,328
1775447903535,key-43,996
1775447903535,key-11,220
1775447903537,key-32,78
1775447903538,key-10,135
1775447903541,key-20,160
1775447903541,key-15,1820
1775447903543,key-44,428
1775447903544,key-47,253
1775447903551,key-50,515
1775447903551,key-10,148
1775447903552,key-8,364
1775447903555,key-33,317
1775447903556,key-40,237
1775447903558,key-38,362
1775447903562,key-18,1511
1775447903565,key-30,4059
1775447903570,key-19,194
1775447903571,key-2,1255
1775447903578,key-50,542
1775447903578,key-3,837
1775447903579,key-15,1858
1775447903579,key-5,3031
1775447903579,key-25,1702
1775447903579,key-47,288
1775447903581,key-6,3343
1775447903584,key-40,265
1775447903585,key-8,397
1775447903589,key-9,3701
1775447903594,key-30,4088
1775447903594,key-32,135
1775447903594,key-12,202
1775447903595,key-29,327
1775447903597,key-22,1786
1775447903601,key-43,1062
1775447903601,key-14,623
1775447903603,key-15,1882
1775447903603,key-26,167
1775447903603,key-2,1287
1775447903604,key-26,168
1775447903604,key-39,1009
1775447903605,key-47,314
1775447903606,key-43,1067
1775447903607,key-49,669
1775447903610,key-49,672
1775447903613,key-29,345
1775447903617,key-11,302
1775447903617,key-10,214
1775447903618,key-10,215
1775447903618,key-41,1898
1775447903619,key-33,381
1775447903621,key-5,3073
1775447903622,key-38,426
1775447903623,key-30,4117
1775447903625,key-50,589
1775447903628,key-2,1312
1775447903629,key-50,593
1775447903630,key-7,109
1775447903632,key-3,891
1775447903638,key-11,323
1775447903646,key-31,112
1775447903646,key-6,3408
1775447903650,key-47,359
1775447903658,key-49,720
1775447903658,key-47,367
1775447903659,key-36,368
1775447903659,key-39,1064
1775447903667,key-32,151
1775447903670,key-12,278
1775447903670,key-22,1859
1775447903671,key-49,733
1775447903671,key-29,91
1775447903672,key-10,269
1775447903672,key-8,117
1775447903674,key-2,1358
1775447903675,key-10,272
1775447903676,key-8,61
1775447903679,key-7,158
1775447903680,key-36,389
1775447903681,key-11,366
1775447903681,key-17,118
1775447903685,key-19,309
1775447903687,key-19,311
1775447903687,key-22,106
1775447903689,key-19,313
1775447903689,key-29,109
1775447903692,key-8,77
1775447903700,key-2,1384
1775447903701,key-6,3463
1775447903703,key-19,327
1775447903704,key-50,668
1775447903707,key-7,186
1775447903707,key-15,1986
1775447903708,key-3,967
1775447903708,key-37,3866
1775447903709,key-3,968
1775447903709,key-48,2242
1775447903714,key-5,3166
1775447903715,key-43,1176
1775447903715,key-1,1455
1775447903717,key-29,137
1775447903724,key-28,1498
1775447903725,key-20,344
1775447903725,key-11,410
1775447903727,key-39,1132
1775447903728,key-39,1133
1775447903728,key-11,413
1775447903731,key-30,4225
1775447903733,key-44,618
1775447903737,key-43,1198
1775447903741,key-11,426
1775447903742,key-37,3900
1775447903743,key-12,351
1775447903743,key-30,4237
1775447903748,key-49,810
1775447903749,key-41,2029
1775447903750,key-19,374
1775447903751,key-12,359
1775447903752,key-24,2279
1775447903756,key-15,2035
1775447903757,key-10,354
1775447903761,key-11,446
1775447903761,key-50,725
1775447903762,key-17,199
1775447903762,key-38,566
1775447903763,key-8,148
1775447903764,key-46,100
1775447903769,key-6,3531
1775447903770,key-3,1029
1775447903773,key-8,158
1775447903774,key-29,194
1775447903775,key-23,690
1775447903778,key-21,211
1775447903783,key-8,168
1775447903784,key-28,1558
1775447903785,key-36,114
1775447903785,key-3,1044
1775447903788,key-8,173
1775447903789,key-27,259
1775447903794,key-6,3556
1775447903796,key-7,275
1775447903797,key-28,1571
1775447903800,key-41,145
1775447903802,key-50,766
1775447903802,key-30,4296
1775447903804,key-11,489
1775447903804,key-3,1063
1775447903807,key-2,152
1775447903807,key-22,226
1775447903807,key-2,152
1775447903811,key-36,140
1775447903812,key-17,249
1775447903812,key-11,497
1775447903813,key-17,250
1775447903813,key-12,421
1775447903818,key-45,241
1775447903819,key-49,881
1775447903819,key-17,256
1775447903822,key-17,259
1775447903825,key-6,3587
1775447903827,key-5,3279
1775447903833,key-43,1294
1775447903834,key-5,3286
1775447903837,key-3,1096
1775447903839,key-36,168
1775447903839,key-24,2366
1775447903843,key-36,172
1775447903843,key-11,528
1775447903843,key-10,440
1775447903845,key-5,3297
1775447903849,key-42,1272
1775447903850,key-31,187
1775447903857,key-11,542
1775447903859,key-19,483
1775447903861,key-33,134
1775447903863,key-13,819
1775447903863,key-48,2396
1775447903865,key-30,4359
1775447903865,key-22,284
1775447903866,key-50,830
1775447903872,key-1,1612
1775447903873,key-17,310
1775447903874,key-50,838
1775447903876,key-19,500
1775447903876,key-37,4034
1775447903877,key-3,1136
1775447903879,key-49,941
1775447903881,key-15,2160
1775447903883,key-29,119
1775447903886,key-6,3648
1775447903886,key-15,2165
1775447903887,key-31,71
1775447903888,key-6,3650
1775447903888,key-10,485
1775447903890,key-46,226
1775447903890,key-22,309
1775447903892,key-17,329
1775447903893,key-11,578
1775447903898,key-25,2021
1775447903898,key-11,583
1775447903900,key-29,136
1775447903905,key-28,1679
1775447903905,key-30,4399
1775447903905,key-39,1310
1775447903916,key-2,261
1775447903920,key-24,2447
1775447903922,key-41,267
1775447903925,key-17,362
1775447903926,key-31,110
1775447903927,key-11,612
1775447903931,key-12,539
1775447903931,key-42,1354
1775447903934,key-49,996
1775447903938,key-15,152
1775447903939,key-2,284
1775447903940,key-17,377
1775447903941,key-10,538
1775447903944,key-12,552
1775447903946,key-41,291
1775447903946,key-48,130
1775447903948,key-27,418
1775447903948,key-45,371
1775447903949,key-12,557
1775447903951,key-47,660
1775447903952,key-36,281
1775447903955,key-11,640
1775447903957,key-46,293
1775447903958,key-2,303
1775447903964,key-24,2491
1775447903964,key-17,401
1775447903965,key-42,1388
1775447903970,key-5,3422
1775447903970,key-48,154
1775447903973,key-17,410
1775447903974,key-30,4468
1775447903975,key-9,74
1775447903975,key-9,74
1775447903976,key-27,446
1775447903976,key-11,87
1775447903979,key-39,1384
1775447903979,key-12,587
1775447903981,key-42,1404
1775447903982,key-9,254
1775447903982,key-19,606
1775447903989,key-29,225
1775447903991,key-2,336
1775447903991,key-9,90
1775447903991,key-50,955
1775447904002,key-6,3764
1775447904002,key-23,917
1775447904006,key-1,1746
1775447904007,key-46,343
1775447904008,key-14,1030
1775447904011,key-12,619
1775447904012,key-17,449
1775447904012,key-21,445
1775447904014,key-9,113
1775447904015,key-14,1037
1775447904016,key-46,352
1775447904017,key-46,353
1775447904019,key-30,4513
1775447904020,key-42,1443
1775447904021,key-28,1795
1775447904023,key-39,58
1775447904024,key-29,260
1775447904030,key-39,1435
1775447904030,key-11,141
1775447904032,key-47,741
1775447904032,key-46,368
1775447904033,key-22,452
1775447904034,key-32,518
1775447904040,key-19,664
1775447904041,key-9,140
1775447904041,key-12,649
1775447904044,key-27,514
1775447904051,key-26,615
1775447904053,key-48,237
1775447904058,key-47,767
1775447904063,key-29,299
1775447904066,key-37,4224
1775447904066,key-27,536
1775447904067,key-22,486
1775447904069,key-35,83
1775447904070,key-39,105
1775447904073,key-5,3525
1775447904074,key-9,173
1775447904076,key-2,421
1775447904076,key-40,757
1775447904077,key-30,4571
1775447904082,key-36,411
1775447904082,key-5,3534
1775447904083,key-6,3845
1775447904085,key-39,120
1775447904091,key-17,528
1775447904092,key-9,191
1775447904095,key-30,4589
1775447904102,key-25,75
1775447904103,key-34,1117
1775447904103,key-13,1059
1775447904104,key-19,728
1775447904105,key-32,589
1775447904110,key-32,594
1775447904110,key-9,209
1775447904113,key-1,1853
1775447904114,key-9,213
1775447904116,key-35,130
1775447904117,key-42,1540
1775447904117,key-19,741
1775447904117,key-42,1540
1775447904124,key-16,101
1775447904124,key-11,235
1775447904125,key-36,454
1775447904127,key-48,311
1775447904127,key-46,105
1775447904127,key-46,105
1775447904129,key-39,164
1775447904133,key-14,1155
1775447904134,key-5,3586
1775447904136,key-28,1910
1775447904140,key-47,849
1775447904141,key-15,66
1775447904142,key-3,1401
1775447904142,key-46,120
1775447904145,key-17,582
1775447904146,key-49,117
1775447904156,key-8,68
1775447904158,key-12,766
1775447904159,key-2,504
1775447904164,key-25,137
1775447904164,key-30,111
1775447904167,key-47,876
1775447904168,key-29,404
1775447904168,key-32,652
1775447904168,key-48,352
1775447904172,key-27,642
1775447904174,key-27,644
1775447904176,key-8,88
1775447904176,key-32,660
1775447904178,key-27,648
1775447904178,key-27,648
1775447904178,key-9,277
1775447904181,key-19,805
1775447904181,key-32,665
1775447904182,key-13,1138
1775447904186,key-19,810
1775447904187,key-28,1961
1775447904191,key-37,4349
1775447904191,key-27,83
1775447904193,key-29,429
1775447904193,key-8,105
1775447904194,key-5,3646
1775447904194,key-42,1617
1775447904203,key-49,174
1775447904206,key-49,177
1775447904207,key-17,644
1775447904208,key-39,243
1775447904209,key-5,3661
1775447904209,key-10,81
1775447904219,key-5,3671
1775447904219,key-30,166
1775447904221,key-27,81
1775447904223,key-35,237
1775447904223,key-9,322
1775447904229,key-19,853
1775447904230,key-47,939
1775447904233,key-9,332
1775447904237,key-8,149
1775447904239,key-11,350
1775447904240,key-45,663
1775447904241,key-5,3693
1775447904241,key-32,725
1775447904242,key-35,256
1775447904242,key-11,353
1775447904242,key-29,478
1775447904242,key-9,341
1775447904243,key-39,278
1775447904243,key-9,342
1775447904249,key-46,62
1775447904249,key-3,125
1775447904250,key-3,126
1775447904250,key-10,122
1775447904251,key-27,111
1775447904260,key-5,3712
1775447904260,key-10,132
1775447904261,key-8,173
1775447904261,key-35,275
1775447904266,key-18,523
1775447904267,key-24,184
1775447904267,key-5,3719
1775447904267,key-37,4425
1775447904270,key-27,130
1775447904270,key-17,707
1775447904271,key-17,708
1775447904274,key-47,983
1775447904276,key-28,2050
1775447904277,key-44,1162
1775447904277,key-48,461
1775447904280,key-47,989
1775447904281,key-17,718
1775447904283,key-30,230
1775447904285,key-17,722
1775447904290,key-29,526
1775447904290,key-27,150
1775447904295,key-19,919
1775447904296,key-27,156
1775447904296,key-27,156
1775447904300,key-42,1723
1775447904307,key-29,543
1775447904308,key-11,419
1775447904311,key-3,187
1775447904313,key-8,225
1775447904314,key-30,261
1775447904314,key-9,413
1775447904315,key-49,286
1775447904317,key-29,553
1775447904317,key-11,428
1775447904318,key-50,1282
1775447904318,key-3,194
1775447904319,key-35,120
1775447904322,key-35,123
1775447904324,key-44,111
1775447904325,key-42,1748
1775447904326,key-27,186
1775447904326,key-9,425
1775447904327,key-24,244
1775447904330,key-44,117
1775447904331,key-10,203
1775447904336,key-35,137
1775447904337,key-18,594
1775447904339,key-49,310
1775447904339,key-20,183
1775447904345,key-35,146
1775447904346,key-30,293
1775447904346,key-30,293
1775447904347,key-30,294
1775447904347,key-17,784
1775447904350,key-35,59
1775447904352,key-29,588
1775447904358,key-17,795
1775447904359,key-17,796
1775447904359,key-8,271
1775447904359,key-29,595
1775447904360,key-5,3812
1775447904361,key-26,925
1775447904362,key-31,546
1775447904366,key-32,850
1775447904366,key-9,465
1775447904372,key-3,248
1775447904372,key-8,284
1775447904373,key-42,1796
1775447904375,key-46,188
1775447904379,key-35,88
1775447904379,key-49,350
1775447904380,key-30,327
1775447904380,key-47,1089
1775447904381,key-9,480
1775447904383,key-28,2157
1775447904384,key-47,1093
1775447904385,key-40,1066
1775447904388,key-15,313
1775447904388,key-8,300
1775447904389,key-5,3841
1775447904391,key-5,3843
1775447904397,key-48,581
1775447904398,key-35,107
1775447904398,key-29,634
1775447904402,key-5,3854
1775447904405,key-47,1114
1775447904406,key-25,379
1775447904407,key-20,251
1775447904407,key-17,844
1775447904408,key-29,644
1775447904411,key-6,119
1775447904413,key-17,850
1775447904413,key-6,121
1775447904416,key-22,835
1775447904416,key-30,363
1775447904418,key-8,330
1775447904418,key-16,59
1775447904418,key-17,855
1775447904423,key-32,907
1775447904424,key-2,769
1775447904424,key-5,3876
1775447904428,key-50,1392
1775447904428,key-2,61
1775447904429,key-49,400
1775447904431,key-27,291
1775447904436,key-5,3888
1775447904436,key-2,69
1775447904439,key-10,190
1775447904444,key-46,257
1775447904445,key-3,321
1775447904450,key-35,159
1775447904450,key-20,294
1775447904451,key-30,398
1775447904452,key-4,130
1775447904455,key-11,566
1775447904456,key-35,165
1775447904458,key-35,167
1775447904460,key-29,696
1775447904460,key-26,69
1775447904464,key-42,1887
1775447904464,key-26,1028
1775447904465,key-5,3917
1775447904466,key-10,75
1775447904468,key-30,415
1775447904471,key-10,80
1775447904471,key-8,383
1775447904474,key-17,911
1775447904474,key-8,386
1775447904475,key-17,912
1775447904476,key-25,449
1775447904477,key-5,3929
1775447904485,key-5,3937
1775447904485,key-3,361
1775447904486,key-31,670
1775447904488,key-5,3940
1775447904489,key-26,98
1775447904490,key-8,402
1775447904491,key-9,590
1775447904492,key-2,125
1775447904494,key-49,94
1775447904496,key-8,408
1775447904498,key-8,410
1775447904498,key-8,410
1775447904503,key-42,1926
1775447904505,key-49,105
1775447904505,key-9,604
1775447904511,key-17,948
1775447904513,key-6,221
1775447904513,key-35,222
1775447904515,key-47,1224
1775447904517,key-45,67
1775447904518,key-47,1227
1775447904518,key-47,1227
1775447904520,key-49,120
1775447904526,key-1,2266
1775447904527,key-17,964
1775447904527,key-47,1236
1775447904528,key-32,1012
1775447904532,key-25,505
1775447904533,key-26,142
1775447904534,key-30,481
1775447904540,key-27,400
1775447904540,key-12,240
1775447904541,key-29,777
1775447904542,key-25,515
1775447904543,key-17,980
1775447904543,key-17,980
1775447904545,key-6,253
1775447904551,key-25,524
1775447904559,key-32,1043
1775447904560,key-11,671
1775447904560,key-42,1983
1775447904563,key-8,475
1775447904563,key-5,4015
1775447904564,key-3,440
1775447904566,key-32,1050
1775447904567,key-31,751
1775447904569,key-20,413
1775447904570,key-9,128
1775447904570,key-3,446
1775447904571,key-49,171
1775447904572,key-27,432
1775447904572,key-26,181
1775447904574,key-42,1997
1775447904576,key-13,1532
1775447904576,key-48,760
1775447904577,key-30,524
1775447904578,key-24,495
1775447904585,key-30,532
1775447904591,key-1,2331
1775447904592,key-25,565
1775447904592,key-3,468
1775447904592,key-25,565
1775447904592,key-26,201
1775447904594,key-19,1218
1775447904601,key-30,548
1775447904605,key-26,214
1775447904606,key-28,2380
1775447904607,key-17,1044
1775447904614,key-36,943
1775447904617,key-17,1054
1775447904622,key-5,4074
1775447904627,key-12,327
1775447904628,key-31,812
1775447904628,key-8,90
1775447904629,key-35,338
1775447904632,key-20,476
1775447904632,key-42,2055
1775447904633,key-47,1342
1775447904633,key-9,191
1775447904635,key-3,108
1775447904635,key-32,1119
1775447904638,key-47,1347
1775447904641,key-8,103
1775447904643,key-8,105
1775447904645,key-49,245
1775447904645,key-17,1082
1775447904645,key-42,2068
1775447904650,key-45,200
1775447904652,key-6,360
1775447904652,key-25,625
1775447904654,key-32,1138
1775447904656,key-26,265
1775447904656,key-1,2396
1775447904658,key-29,894
1775447904663,key-25,636
1775447904663,key-23,117
1775447904665,key-6,373
1775447904666,key-7,1145
1775447904668,key-48,88
1775447904668,key-38,515
1775447904668,key-8,130
1775447904671,key-5,127
1775447904671,key-26,280
1775447904678,key-30,625
1775447904678,key-31,862
1775447904678,key-26,287
1775447904679,key-46,492
1775447904679,key-35,388
1775447904679,key-32,1163
1775447904683,key-26,82
1775447904683,key-41,1028
1775447904685,key-49,285
1775447904687,key-38,534
1775447904692,key-22,70
1775447904692,key-30,639
1775447904692,key-47,1401
1775447904693,key-8,155
1775447904696,key-33,363
1775447904696,key-1,2436
1775447904703,key-26,312
1775447904706,key-5,123
1775447904711,key-3,184
1775447904711,key-8,173
1775447904713,key-1,2453
1775447904713,key-35,422
1775447904713,key-25,686
1775447904713,key-8,175
1775447904716,key-29,952
1775447904720,key-25,693
1775447904720,key-36,1049
1775447904720,key-28,2494
1775447904720,key-14,1742
1775447904721,key-26,120
1775447904721,key-19,158
1775447904723,key-30,670
1775447904723,key-3,196
1775447904727,key-24,644
1775447904730,key-25,703
1775447904730,key-48,150
1775447904731,key-24,648
1775447904732,key-32,1216
1775447904737,key-34,1751
1775447904738,key-17,1175
1775447904744,key-35,453
1775447904745,key-44,532
1775447904752,key-47,1461
1775447904754,key-17,1191
1775447904754,key-49,354
1775447904754,key-30,70
1775447904757,key-35,466
1775447904760,key-39,192
1775447904765,key-18,1022
1775447904769,key-26,168
1775447904769,key-1,2509
1775447904770,key-9,328
1775447904772,key-6,480
1775447904774,key-7,1253
1775447904774,key-23,181
1775447904776,key-47,1485
1775447904776,key-48,196
1775447904776,key-8,238
1775447904779,key-1,2519
1775447904780,key-35,489
1775447904783,key-7,1262
1775447904783,key-8,245
1775447904786,key-47,1495
1775447904788,key-11,899
1775447904790,key-25,763
1775447904790,key-32,1274
1775447904795,key-5,212
1775447904799,key-50,1763
1775447904799,key-32,1283
1775447904800,key-24,717
1775447904802,key-45,352
1775447904803,key-16,444
1775447904803,key-30,119
1775447904805,key-44,592
1775447904806,key-31,990
1775447904808,key-29,1044
1775447904811,key-19,248
1775447904811,key-37,4969
1775447904811,key-49,411
1775447904815,key-3,288
1775447904820,key-35,529
1775447904820,key-33,487
1775447904823,key-10,432
1775447904823,key-8,285
1775447904827,key-19,264
1775447904829,key-11,940
1775447904829,key-3,302
1775447904835,key-48,255
1775447904835,key-25,808
1775447904838,key-32,61
1775447904840,key-10,449
1775447904840,key-35,549
1775447904841,key-47,1550
1775447904842,key-35,551
1775447904845,key-30,161
1775447904845,key-25,818
1775447904846,key-28,2620
1775447904847,key-8,309
1775447904849,key-30,165
1775447904853,key-41,1198
1775447904854,key-8,316
1775447904854,key-23,261
1775447904856,key-48,276
1775447904860,key-35,569
1775447904868,key-46,681
1775447904871,key-13,128
1775447904873,key-3,52
1775447904874,key-17,1311
1775447904874,key-34,1888
1775447904875,key-50,1839
1775447904880,key-32,103
1775447904881,key-40,1562
1775447904881,key-11,992
1775447904884,key-9,442
1775447904887,key-23,294
1775447904889,key-32,112
1775447904893,key-1,2633
1775447904893,key-32,116
1775447904893,key-7,129
1775447904894,key-29,1130
1775447904894,key-10,503
1775447904898,key-25,871
1775447904899,key-7,135
1775447904899,key-48,319
1775447904902,key-3,81
1775447904904,key-28,2678
1775447904905,key-32,128
1775447904909,key-35,618
1775447904909,key-35,618
1775447904909,key-14,1931
1775447904935,key-3,408
1775447904935,key-29,1171
1775447904936,key-35,645
1775447904937,key-30,253
1775447904937,key-49,537
1775447904938,key-49,538
1775447904938,key-30,254
1775447904942,key-35,651
1775447904945,key-49,545
1775447904946,key-33,613
1775447904946,key-30,262
1775447904947,key-34,87
1775447904948,key-30,264
1775447904948,key-35,657
1775447904948,key-34,88
1775447904949,key-21,1382
1775447904950,key-28,2724
1775447904951,key-34,91
1775447904954,key-30,270
1775447904955,key-32,178
1775447904958,key-32,181
1775447904981,key-28,2755
1775447904982,key-30,298
1775447904982,key-4,660
1775447904982,key-35,691
1775447904995,key-17,1432
1775447904995,key-40,1676
1775447904995,key-34,135
1775447904995,key-41,1340
1775447904995,key-30,311
1775447904996,key-2,629
1775447905002,key-32,225
1775447905003,key-3,182
1775447905004,key-12,704
1775447905005,key-11,1116
1775447905005,key-36,1334
1775447905005,key-10,614
1775447905005,key-32,228
1775447905005,key-7,241
1775447905005,key-48,425
1775447905006,key-28,2780
1775447905006,key-32,229
1775447905008,key-28,2782
1775447905017,key-49,617
1775447905017,key-3,196
1775447905018,key-28,68
1775447905018,key-48,438
1775447905022,key-34,162
1775447905024,key-5,247
1775447905026,key-30,55
1775447905033,key-7,269
1775447905033,key-49,633
1775447905036,key-25,1009
1775447905038,key-34,178
1775447905049,key-48,469
1775447905053,key-10,662
1775447905053,key-44,840
1775447905054,key-1,2794
1775447905054,key-35,763
1775447905055,key-40,1736
1775447905055,key-35,764
1775447905055,key-28,2829
1775447905056,key-1,2796
1775447905056,key-32,279
1775447905056,key-1,2796
1775447905056,key-35,765
1775447905056,key-10,665
1775447905068,key-13,325
1775447905069,key-41,1414
1775447905069,key-30,385
1775447905069,key-34,209
1775447905072,key-12,772
1775447905073,key-14,2095
1775447905078,key-30,107
1775447905081,key-26,480
1775447905081,key-21,1514
1775447905082,key-14,2104
1775447905083,key-32,306
1775447905088,key-41,54
1775447905093,key-49,693
1775447905097,key-41,63
1775447905098,key-6,64
1775447905099,key-27,959
1775447905100,key-34,240
1775447905100,key-33,767
1775447905100,key-40,118
1775447905102,key-21,1535
1775447905103,key-17,1540
1775447905104,key-25,1077
1775447905106,key-30,135
1775447905106,key-48,526
1775447905113,key-1,2853
1775447905117,key-20,59
1775447905124,key-13,381
1775447905124,key-13,381
1775447905125,key-32,60
1775447905125,key-49,725
1775447905125,key-28,175
1775447905130,key-19,567
1775447905133,key-46,946
1775447905133,key-30,162
1775447905137,key-3,316
1775447905137,key-28,187
1775447905138,key-4,64
1775447905138,key-13,395
1775447905141,key-8,603
1775447905141,key-30,170
1775447905141,key-32,364
1775447905145,key-27,104
1775447905145,key-1,2885
1775447905151,key-28,201
1775447905151,key-49,751
1775447905153,key-21,1586
1775447905154,key-21,1587
1775447905157,key-14,2179
1775447905157,key-34,297
1775447905157,key-35,866
1775447905159,key-33,826
1775447905161,key-10,770
1775447905163,key-34,303
1775447905163,key-28,213
1775447905167,key-3,346
1775447905172,key-44,959
1775447905177,key-22,240
1775447905178,key-13,434
1775447905178,key-49,73
1775447905182,key-40,148
1775447905183,key-1,2923
1775447905185,key-37,5343
1775447905185,key-46,998
1775447905186,key-45,736
1775447905193,key-13,450
1775447905195,key-43,2656
1775447905196,key-1,2936
1775447905196,key-48,616
1775447905196,key-32,131
1775447905196,key-32,131
1775447905198,key-32,133
1775447905198,key-20,140
1775447905201,key-35,910
1775447905204,key-28,254
1775447905204,key-32,139
1775447905206,key-32,141
1775447905206,key-40,172
1775447905207,key-1,2947
1775447905209,key-41,175
1775447905209,key-26,608
1775447905211,key-1,2951
1775447905212,key-33,879
1775447905215,key-21,1648
1775447905219,key-1,2959
1775447905220,key-27,179
1775447905220,key-49,115
1775447905225,key-49,120
1775447905225,key-23,632
1775447905226,key-10,835
1775447905226,key-28,276
1775447905226,key-35,129
1775447905232,key-33,66
1775447905233,key-20,175
1775447905233,key-14,2255
1775447905240,key-34,380
1775447905241,key-44,1028
1775447905242,key-48,662
1775447905244,key-1,2984
1775447905247,key-43,2708
1775447905257,key-28,307
1775447905257,key-32,192
1775447905258,key-26,657
1775447905262,key-30,291
1775447905263,key-13,520
1775447905264,key-43,2725
1775447905264,key-32,199
1775447905266,key-40,232
1775447905267,key-10,876
1775447905272,key-14,2294
1775447905273,key-10,882
1775447905278,key-20,220
1775447905282,key-32,217
1775447905282,key-14,2304
1775447905283,key-33,117
1775447905283,key-23,690
1775447905284,key-5,112
1775447905285,key-31,1469
1775447905289,key-46,1102
1775447905290,key-33,124
1775447905291,key-38,1138
1775447905291,key-28,341
1775447905292,key-1,3032
1775447905294,key-3,473
1775447905295,key-38,61
1775447905303,key-13,560
1775447905304,key-15,787
1775447905304,key-24,1221
1775447905304,key-42,2727
1775447905307,key-40,273
1775447905308,key-43,2769
1775447905309,key-49,204
1775447905310,key-48,730
1775447905312,key-34,452
1775447905314,key-10,923
1775447905315,key-32,250
1775447905323,key-1,3063
1775447905324,key-40,290
1775447905327,key-35,230
1775447905328,key-1,3068
1775447905329,key-28,379
1775447905329,key-1,3069
1775447905332,key-10,941
1775447905333,key-38,1180
1775447905333,key-1,3073
1775447905334,key-43,2795
1775447905335,key-28,385
1775447905339,key-20,281
1775447905340,key-20,282
1775447905342,key-35,245
1775447905343,key-33,177
1775447905343,key-34,483
1775447905343,key-49,238
1775447905372,key-16,1013
1775447905373,key-21,1806
1775447905373,key-44,142
1775447905373,key-38,139
1775447905373,key-23,780
1775447905374,key-37,5532
1775447905374,key-50,71
1775447905375,key-9,933
1775447905375,key-40,341
1775447905375,key-49,270
1775447905376,key-14,2398
1775447905383,key-32,318
1775447905385,key-1,3125
1775447905387,key-12,1087
1775447905391,key-43,2852
1775447905392,key-16,1033
1775447905392,key-10,1001
1775447905393,key-1,3133
1775447905395,key-38,161
1775447905404,key-40,370
1775447905408,key-40,74
1775447905410,key-1,3150
1775447905410,key-14,2432
1775447905411,key-33,245
1775447905413,key-50,110
1775447905415,key-28,465
1775447905419,key-48,839
1775447905425,key-38,191
1775447905427,key-1,3167
1775447905427,key-40,93
1775447905428,key-16,1069
1775447905429,key-49,57
1775447905429,key-44,198
1775447905430,key-49,58
1775447905433,key-43,2894
1775447905435,key-1,3175
1775447905435,key-42,2858
1775447905441,key-43,2902
1775447905444,key-28,494
1775447905444,key-50,72
1775447905446,key-43,2907
1775447905446,key-1,3186
1775447905448,key-7,684
1775447905448,key-34,588
1775447905452,key-20,394
1775447905454,key-28,504
1775447905454,key-40,120
1775447905457,key-12,1157
1775447905461,key-38,227
1775447905468,key-40,134
1775447905469,key-33,303
1775447905471,key-23,124
1775447905477,key-28,527
1775447905477,key-34,617
1775447905478,key-1,3218
1775447905478,key-22,541
1775447905478,key-23,131
1775447905480,key-34,620
1775447905480,key-37,5638
1775447905482,key-9,1040
1775447905487,key-22,550
1775447905487,key-49,115
1775447905488,key-3,292
1775447905495,key-9,1053
1775447905495,key-44,264
1775447905496,key-21,1929
1775447905497,key-43,2958
1775447905498,key-6,393
1775447905499,key-43,2960
1775447905505,key-43,2966
1775447905510,key-42,2933
1775447905511,key-37,5669
1775447905512,key-40,178
1775447905514,key-20,83
1775447905519,key-42,2942
1775447905519,key-50,147
1775447905520,key-20,89
1775447905521,key-49,149
1775447905521,key-30,550
1775447905521,key-28,571
1775447905525,key-28,575
1775447905527,key-20,96
1775447905527,key-45,1077
1775447905528,key-48,948
1775447905539,key-41,109
1775447905540,key-1,3280
1775447905541,key-23,194
1775447905544,key-28,594
1775447905547,key-50,175
1775447905547,key-43,3008
1775447905548,key-1,3288
1775447905548,key-30,577
1775447905551,key-34,691
1775447905552,key-42,2975
1775447905556,key-20,125
1775447905556,key-1,3296
1775447905558,key-43,3019
1775447905562,key-13,259
1775447905564,key-31,1748
1775447905564,key-9,1122
1775447905565,key-38,134
1775447905565,key-22,628
1775447905565,key-43,3026
1775447905565,key-46,190
1775447905566,key-43,3027
1775447905566,key-42,2989
1775447905568,key-43,3029
1775447905572,key-26,971
1775447905572,key-22,635
1775447905576,key-28,626
1775447905577,key-40,125
1775447905578,key-40,126
1775447905582,key-13,103
1775447905585,key-28,635
1775447905587,key-20,156
1775447905587,key-22,650
1775447905588,key-42,3011
1775447905590,key-34,730
1775447905591,key-43,105
1775447905592,key-20,161
1775447905592,key-33,426
1775447905595,key-48,1015
1775447905597,key-49,225
1775447905599,key-28,649
1775447905603,key-37,5761
1775447905604,key-28,654
1775447905604,key-9,1162
1775447905604,key-21,173
1775447905606,key-28,656
1775447905606,key-43,120
1775447905609,key-20,178
1775447905611,key-30,640
1775447905613,key-13,134
1775447905613,key-28,663
1775447905614,key-23,267
1775447905615,key-37,5773
1775447905615,key-6,510
1775447905618,key-30,647
1775447905621,key-20,190
1775447905621,key-49,249
1775447905628,key-42,3051
1775447905628,key-20,197
1775447905629,key-20,198
1775447905630,key-13,151
1775447905633,key-31,1817
1775447905633,key-9,1191
1775447905635,key-46,260
1775447905635,key-43,149
1775447905643,key-48,1063
1775447905646,key-2,1279
1775447905647,key-28,697
1775447905649,key-44,418
1775447905649,key-10,1258
1775447905650,key-20,219
1775447905656,key-34,796
1775447905657,key-48,1077
1775447905658,key-45,1208
1775447905658,key-40,206
1775447905658,key-28,708
1775447905659,key-30,688
1775447905662,key-34,802
1775447905664,key-20,233
1775447905666,key-37,5824
1775447905667,key-30,696
1775447905669,key-43,183
1775447905674,key-28,724
1775447905674,key-9,1232
1775447905678,key-37,5836
1775447905681,key-20,250
1775447905683,key-28,733
1775447905683,key-20,252
1775447905684,key-6,579
1775447905684,key-38,253
1775447905685,key-49,313
1775447905687,key-47,2396
1775447905687,key-29,1923
1775447905688,key-31,1872
1775447905690,key-26,120
1775447905692,key-40,240
1775447905697,key-13,218
1775447905698,key-23,351
1775447905699,key-35,602
1775447905699,key-20,268
1775447905700,key-46,325
1775447905700,key-40,248
1775447905702,key-13,97
1775447905705,key-13,100
1775447905707,key-6,602
1775447905707,key-28,757
1775447905710,key-40,258
1775447905711,key-49,339
1775447905713,key-20,282
1775447905715,key-34,855
1775447905717,key-37,5875
1775447905719,key-43,233
1775447905720,key-44,489
1775447905720,key-9,1278
1775447905722,key-20,291
1775447905731,key-30,760
1775447905731,key-30,760
1775447905733,key-9,1291
1775447905737,key-9,1295
1775447905738,key-34,878
1775447905738,key-6,633
1775447905738,key-20,307
1775447905739,key-42,3162
1775447905742,key-9,1300
1775447905748,key-46,373
1775447905748,key-28,798
1775447905750,key-37,5908
1775447905752,key-20,321
1775447905756,key-16,1397
1775447905756,key-34,896
1775447905758,key-23,411
1775447905762,key-47,2471
1775447905766,key-12,180
1775447905769,key-17,394
1775447905769,key-10,1378
1775447905771,key-30,800
1775447905772,key-48,1192
1775447905773,key-13,168
1775447905777,key-27,325
1775447905778,key-49,406
1775447905779,key-34,76
1775447905779,key-42,3202
1775447905783,key-48,107
1775447905783,key-30,812
1775447905784,key-48,108
1775447905786,key-11,1897
1775447905788,key-48,112
1775447905788,key-37,5946
1775447905789,key-37,69
1775447905790,key-37,5948
1775447905794,key-20,363
1775447905798,key-9,1356
1775447905799,key-28,849
1775447905799,key-42,3222
1775447905800,key-14,2822
1775447905801,key-44,570
1775447905804,key-23,457
1775447905806,key-9,1364
1775447905806,key-26,236
1775447905808,key-20,377
1775447905809,key-6,704
1775447905812,key-9,1370
1775447905818,key-40,366
1775447905820,key-24,448
1775447905821,key-34,118
1775447905821,key-13,216
1775447905821,key-9,1379
1775447905822,key-20,391
1775447905822,key-31,2006
1775447905823,key-11,1934
1775447905823,key-19,790
1775447905824,key-25,1797
1775447905827,key-9,1385
1775447905827,key-13,222
1775447905829,key-30,858
1775447905832,key-13,227
1775447905832,key-28,882
1775447905840,key-6,735
1775447905841,key-9,1399
1775447905843,key-27,391
1775447905844,key-34,141
1775447905847,key-42,3270
1775447905851,key-43,365
1775447905852,key-9,1410
1775447905853,key-48,177
1775447905855,key-9,1413
1775447905855,key-44,624
1775447905862,key-20,431
1775447905863,key-16,1504
1775447905864,key-46,489
1775447905865,key-20,434
1775447905866,key-36,591
1775447905874,key-4,800
1775447905874,key-26,56
1775447905875,key-20,444
1775447905875,key-10,1484
1775447905875,key-46,500
1775447905894,key-6,789
1775447905895,key-6,790
1775447905897,key-34,194
1775447905897,key-30,926
1775447905897,key-7,129
1775447905898,key-17,523
1775447905898,key-11,2009
1775447905898,key-13,293
1775447905898,key-22,961
1775447905898,key-16,1539
1775447905899,key-42,75
1775447905900,key-13,295
1775447905900,key-13,295
1775447905901,key-11,2012
1775447905901,key-40,449
1775447905901,key-42,3324
1775447905902,key-40,450
1775447905903,key-30,932
1775447905903,key-42,3326
1775447905905,key-12,319
1775447905909,key-2,62
1775447905910,key-25,1883
1775447905913,key-11,2024
1775447905914,key-9,1472
1775447905914,key-37,194
1775447905915,key-17,540
1775447905919,key-44,688
1775447905925,key-38,494
1775447905926,key-20,495
1775447905926,key-5,459
1775447905926,key-48,250
1775447905942,key-26,124
1775447905943,key-24,571
1775447905943,key-6,838
1775447905943,key-41,120
1775447905944,key-45,1494
1775447905946,key-46,571
1775447905946,key-20,515
1775447905946,key-20,515
1775447905947,key-21,516
1775447905948,key-11,2059
1775447905950,key-19,917
1775447905951,key-48,275
1775447905954,key-6,849
1775447905955,key-13,350
1775447905956,key-42,132
1775447905957,key-9,1515
1775447905961,key-13,356
1775447905962,key-42,138
1775447905965,key-21,67
1775447905965,key-44,734
1775447905967,key-6,862
1775447905976,key-6,871
1775447905980,key-16,1621
1775447905981,key-11,2092
1775447905985,key-7,108
1775447905985,key-38,554
1775447905996,key-46,621
1775447905997,key-2,150
1775447905997,key-2,150
1775447905999,key-20,568
1775447905999,key-46,624
1775447906001,key-20,570
1775447906001,key-20,570
1775447906002,key-29,61
1775447906002,key-44,771
1775447906002,key-20,571
1775447906007,key-45,140
1775447906009,key-11,2120
1775447906009,key-14,75
1775447906012,key-35,323
1775447906014,key-2,167
1775447906014,key-42,147
1775447906015,key-17,640
1775447906015,key-20,584
1775447906016,key-42,149
1775447906018,key-25,1991
1775447906018,key-42,151
1775447906019,key-21,121
1775447906022,key-18,1245
1775447906025,key-25,1998
1775447906026,key-6,921
1775447906027,key-48,351
1775447906027,key-13,422
1775447906028,key-30,1057
1775447906029,key-20,598
1775447906032,key-12,446
1775447906032,key-17,657
1775447906034,key-13,429
1775447906034,key-29,2270
1775447906035,key-12,54
1775447906036,key-4,962
1775447906039,key-11,2150
1775447906045,key-25,116
1775447906047,key-26,229
1775447906047,key-13,442
1775447906047,key-48,371
1775447906049,key-46,674
1775447906049,key-41,171
1775447906051,key-46,92
1775447906051,key-13,446
1775447906055,key-36,780
1775447906056,key-26,238
1775447906066,key-10,120
1775447906068,key-21,170
1775447906069,key-18,1292
1775447906069,key-42,202
1775447906070,key-11,2181
1775447906075,key-43,272
1775447906075,key-37,355
1775447906075,key-45,208
1775447906077,key-42,210
1775447906077,key-45,210
1775447906079,key-20,648
1775447906080,key-13,475
1775447906084,key-38,653
1775447906086,key-6,981
1775447906093,key-25,164
1775447906093,key-43,290
1775447906095,key-21,197
1775447906096,key-12,115
1775447906098,key-8,773
1775447906098,key-16,1739
1775447906100,key-9,119
1775447906102,key-45,235
1775447906105,key-46,146
1775447906106,key-13,97
1775447906106,key-46,147
1775447906108,key-4,1034
1775447906111,key-37,391
1775447906111,key-6,1006
1775447906114,key-44,883
1775447906121,key-48,445
1775447906124,key-18,1347
1775447906125,key-11,2236
1775447906126,key-20,695
1775447906129,key-2,282
1775447906129,key-21,231
1775447906130,key-22,1193
1775447906130,key-10,184
1775447906130,key-33,334
1775447906132,key-2,285
1775447906133,key-21,235
1775447906133,key-42,266
1775447906135,key-30,1164
1775447906135,key-19,75
1775447906135,key-21,237
1775447906136,key-24,764
1775447906141,key-46,182
1775447906142,key-48,466
1775447906144,key-16,1785
1775447906146,key-11,2257
1775447906146,key-39,1388
1775447906146,key-21,248
1775447906148,key-42,281
1775447906149,key-30,1178
1775447906149,key-13,140
1775447906149,key-11,2260
1775447906156,key-17,781
1775447906159,key-26,341
1775447906161,key-46,202
1775447906163,key-9,182
1775447906163,key-25,234
1775447906163,key-4,1089
1775447906164,key-11,2275
1775447906165,key-48,489
1775447906167,key-32,1102
1775447906167,key-8,842
1775447906171,key-48,495
1775447906174,key-48,498
1775447906182,key-26,364
1775447906185,key-41,307
1775447906185,key-14,251
1775447906187,key-18,1410
1775447906187,key-50,815
1775447906188,key-19,128
1775447906190,key-46,231
1775447906192,key-30,1221
1775447906192,key-18,1415
1775447906195,key-21,297
1775447906202,key-21,304
1775447906206,key-37,486
1775447906210,key-9,229
1775447906213,key-33,417
1775447906217,key-38,124
1775447906217,key-20,786
1775447906218,key-20,787
1775447906218,key-38,125
1775447906223,key-9,242
1775447906223,key-17,848
1775447906226,key-23,879
1775447906226,key-13,217
1775447906227,key-28,1277
1775447906229,key-11,2340
1775447906229,key-16,1870
1775447906233,key-21,335
1775447906233,key-6,1128
1775447906235,key-46,276
1775447906239,key-21,341
1775447906239,key-26,421
1775447906239,key-26,421
1775447906241,key-13,232
1775447906242,key-19,182
1775447906242,key-10,296
1775447906245,key-48,121
1775447906246,key-2,399
1775447906248,key-27,304
1775447906248,key-44,1017
1775447906249,key-48,125
1775447906254,key-11,2365
1775447906256,key-11,2367
1775447906256,key-6,1151
1775447906257,key-11,2368
1775447906259,key-48,135
1775447906261,key-19,201
1775447906264,key-46,305
1775447906266,key-8,941
1775447906267,key-21,369
1775447906269,key-24,897
1775447906273,key-22,1336
1775447906273,key-10,327
1775447906275,key-5,808
1775447906279,key-11,2390
1775447906279,key-16,1920
1775447906279,key-9,298
1775447906285,key-4,1211
1775447906286,key-45,58
1775447906290,key-46,331
1775447906292,key-28,1342
1775447906292,key-48,168
1775447906294,key-48,170
1775447906295,key-8,970
1775447906298,key-9,317
1775447906299,key-32,228
1775447906299,key-19,239
1775447906301,key-25,372
1775447906303,key-46,344
1775447906303,key-48,179
1775447906304,key-19,244
1775447906308,key-50,936
1775447906308,key-45,441
1775447906311,key-10,365
1775447906311,key-46,352
1775447906312,key-11,2423
1775447906314,key-25,385
1775447906316,key-32,245
1775447906316,key-2,106
1775447906316,key-26,498
1775447906316,key-44,1085
1775447906318,key-21,420
1775447906322,key-26,504
1775447906324,key-20,893
1775447906325,key-21,427
1775447906325,key-26,507
1775447906326,key-10,380
1775447906330,key-18,1553
1775447906330,key-30,1359
1775447906333,key-5,866
1775447906333,key-23,986
1775447906338,key-21,440
1775447906339,key-46,380
1775447906339,key-38,246
1775447906344,key-11,2455
1775447906350,key-5,883
1775447906359,key-48,235
1775447906363,key-6,118
1775447906364,key-26,546
1775447906364,key-6,119
1775447906365,key-34,79
1775447906366,key-35,677
1775447906371,key-48,247
1775447906371,key-48,247
1775447906374,key-30,1403
1775447906375,key-11,2486
1775447906376,key-19,316
1775447906378,key-8,1053
1775447906380,key-11,2491
1775447906380,key-2,170
1775447906382,key-44,1151
1775447906382,key-39,147
1775447906385,key-45,157
1775447906385,key-21,487
1775447906385,key-11,2496
1775447906387,key-1,4127
1775447906391,key-24,1019
1775447906393,key-26,575
1775447906393,key-32,168
1775447906393,key-20,962
1775447906398,key-10,452
1775447906401,key-28,1451
1775447906403,key-27,459
1775447906405,key-44,1174
1775447906405,key-44,1174
1775447906405,key-44,1174
1775447906408,key-20,977
1775447906414,key-20,983
1775447906416,key-46,457
1775447906418,key-38,325
1775447906419,key-25,490
1775447906420,key-47,90
1775447906421,key-48,297
1775447906429,key-50,1057
1775447906434,key-38,341
1775447906439,key-30,1468
1775447906440,key-7,563
1775447906441,key-10,495
1775447906441,key-26,623
1775447906441,key-11,2552
1775447906445,key-13,436
1775447906445,key-21,547
1775447906446,key-36,1171
1775447906447,key-23,1100
1775447906447,key-25,518
1775447906450,key-42,126
1775447906451,key-21,553
1775447906451,key-21,553
1775447906452,key-45,224
1775447906455,key-5,988
1775447906456,key-18,1679
1775447906456,key-39,221
1775447906456,key-5,989
1775447906456,key-1,4196
1775447906457,key-39,222
1775447906459,key-27,515
1775447906462,key-9,481
1775447906468,key-27,524
1775447906468,key-44,1237
1775447906469,key-31,2653
1775447906471,key-29,530
1775447906471,key-12,106
1775447906477,key-5,1010
1775447906484,key-6,239
1775447906487,key-36,79
1775447906489,key-10,543
1775447906498,key-44,1267
1775447906499,key-26,681
1775447906500,key-35,811
1775447906501,key-2,291
1775447906504,key-32,279
1775447906504,key-13,59
1775447906505,key-39,270
1775447906505,key-50,1133
1775447906508,key-46,78
1775447906510,key-32,285
1775447906511,key-11,2622
1775447906515,key-21,617
1775447906515,key-15,927
1775447906516,key-5,1049
1775447906516,key-44,1285
1775447906516,key-44,1285
1775447906516,key-11,2627
1775447906517,key-1,122
1775447906523,key-27,579
1775447906524,key-5,1057
1775447906524,key-12,159
1775447906524,key-44,1293
1775447906525,key-30,1554
1775447906525,key-47,195
1775447906526,key-35,54
1775447906529,key-44,1298
1775447906530,key-21,77
1775447906530,key-48,124
1775447906536,key-49,1164
1775447906537,key-21,84
1775447906538,key-5,1071
1775447906545,key-46,115
1775447906545,key-38,452
1775447906546,key-27,602
1775447906546,key-7,669
1775447906558,key-27,614
1775447906558,key-25,629
1775447906559,key-27,615
1775447906559,key-1,164
1775447906559,key-5,1092
1775447906559,key-7,682
1775447906560,key-39,325
1775447906562,key-48,156
1775447906562,key-6,317
1775447906567,key-13,122
1775447906568,key-35,879
1775447906568,key-1,173
1775447906573,key-44,1342
1775447906577,key-21,124
1775447906578,key-5,1111
1775447906578,key-46,148
1775447906581,key-47,76
1775447906582,key-12,217
1775447906583,key-21,130
1775447906583,key-50,1211
1775447906584,key-47,79
1775447906591,key-33,795
1775447906591,key-11,2702
1775447906595,key-15,1007
1775447906596,key-36,188
1775447906598,key-11,2709
1775447906601,key-31,2785
1775447906601,key-30,1630
1775447906608,key-29,667
1775447906609,key-27,665
1775447906609,key-6,364
1775447906610,key-29,669
1775447906610,key-7,733
1775447906610,key-5,1143
1775447906612,key-50,1240
1775447906613,key-32,388
1775447906618,key-8,1293
1775447906625,key-24,1253
1775447906626,key-32,401
1775447906628,key-13,183
1775447906630,key-36,69
1775447906631,key-22,1694
1775447906632,key-2,422
1775447906635,key-27,691
1775447906635,key-8,1310
1775447906635,key-6,390
1775447906639,key-15,1051
1775447906639,key-44,1408
1775447906639,key-5,1172
1775447906644,key-5,1177
1775447906645,key-7,768
1775447906645,key-44,1414
1775447906647,key-49,1275
1775447906650,key-6,405
1775447906652,key-47,147
1775447906658,key-30,1687
1775447906659,key-30,1688
1775447906659,key-36,98
1775447906660,key-12,295
1775447906660,key-22,119
1775447906662,key-21,209
1775447906663,key-46,233
1775447906663,key-11,106
1775447906665,key-27,721
1775447906667,key-7,790
1775447906669,key-4,375
1775447906669,key-25,740
1775447906669,key-44,1438
1775447906670,key-49,1298
1775447906672,key-15,1084
1775447906672,key-6,427
1775447906674,key-22,133
1775447906676,key-11,119
1775447906679,key-16,2320
1775447906681,key-7,804
1775447906683,key-39,448
1775447906683,key-8,1358
1775447906683,key-24,1311
1775447906684,key-35,212
1775447906686,key-39,451
1775447906687,key-21,76
1775447906689,key-39,454
1775447906691,key-44,125
1775447906691,key-46,261
1775447906692,key-17,1317
1775447906692,key-27,748
1775447906698,key-48,112
1775447906701,key-44,110
1775447906705,key-47,200
1775447906707,key-21,254
1775447906709,key-36,148
1775447906709,key-6,464
1775447906709,key-44,118
1775447906710,key-48,124
1775447906710,key-24,1338
1775447906715,key-14,781
1775447906715,key-6,470
1775447906716,key-3,1520
1775447906721,key-5,1254
1775447906722,key-11,165
1775447906730,key-47,225
1775447906732,key-32,507
1775447906732,key-16,107
1775447906734,key-36,173
1775447906734,key-47,229
1775447906737,key-42,413
1775447906740,key-8,1415
1775447906742,key-27,798
1775447906743,key-22,202
1775447906743,key-8,1418
1775447906747,key-16,122
1775447906752,key-16,127
1775447906754,key-26,936
1775447906755,key-44,164
1775447906756,key-44,165
1775447906757,key-13,312
1775447906758,key-49,1386
1775447906761,key-3,1565
1775447906761,key-15,1173
1775447906761,key-47,256
1775447906763,key-44,172
1775447906763,key-43,960
1775447906763,key-36,202
1775447906763,key-35,291
1775447906764,key-21,153
1775447906767,key-44,176
1775447906767,key-47,262
1775447906768,key-14,834
1775447906768,key-49,1396
1775447906768,key-38,675
1775447906778,key-36,217
1775447906778,key-6,533
1775447906783,key-22,242
1775447906783,key-44,192
1775447906788,key-24,1416
1775447906788,key-28,1838
1775447906789,key-5,1322
1775447906793,key-39,558
1775447906797,key-50,1425
1775447906798,key-6,106
1775447906801,key-42,477
1775447906802,key-42,478
1775447906804,key-35,332
1775447906805,key-47,300
1775447906808,key-18,2031
1775447906811,key-24,1439
1775447906814,key-24,1442
1775447906816,key-44,225
1775447906816,key-8,1491
1775447906818,key-17,1443
1775447906819,key-46,389
1775447906819,key-44,228
1775447906819,key-44,228
1775447906823,key-17,1448
1775447906823,key-49,1451
1775447906830,key-5,1363
1775447906830,key-49,1458
1775447906831,key-41,953
1775447906831,key-12,466
1775447906832,key-30,1861
1775447906835,key-36,274
1775447906835,key-14,75
1775447906835,key-5,1368
1775447906836,key-17,1461
1775447906837,key-43,1034
1775447906842,key-35,370
1775447906843,key-44,252
1775447906843,key-44,252
1775447906843,key-36,282
1775447906844,key-3,1648
1775447906844,key-21,233
1775447906844,key-15,1256
1775447906850,key-44,259
1775447906851,key-48,243
1775447906853,key-36,292
1775447906854,key-44,263
1775447906854,key-27,910
1775447906857,key-34,142
1775447906857,key-38,764
1775447906859,key-19,799
1775447906862,key-44,271
1775447906863,key-11,306
1775447906863,key-8,1538
1775447906863,key-36,302
1775447906864,key-39,629
1775447906868,key-28,78
1775447906875,key-15,1287
1775447906875,key-43,1072
1775447906877,key-44,286
1775447906883,key-13,438
1775447906884,key-21,108
1775447906885,key-18,2108
1775447906886,key-44,295
1775447906886,key-23,1539
1775447906888,key-35,416
1775447906901,key-39,79
1775447906902,key-44,311
1775447906903,key-23,1556
1775447906903,key-47,398
1775447906904,key-14,144
1775447906905,key-44,314
1775447906905,key-37,381
1775447906909,key-27,965
1775447906909,key-27,965
1775447906911,key-21,135
1775447906912,key-6,220
1775447906917,key-14,157
1775447906918,key-44,327
1775447906919,key-24,1547
1775447906921,key-42,597
1775447906924,key-39,102
1775447906926,key-18,2149
1775447906926,key-19,866
1775447906930,key-33,1134
1775447906931,key-32,706
1775447906932,key-17,1557
1775447906935,key-24,1563
1775447906936,key-32,711
1775447906937,key-27,993
1775447906938,key-15,1350
1775447906941,key-22,400
1775447906942,key-39,120
1775447906944,key-36,383
1775447906946,key-6,254
1775447906950,key-43,1147
1775447906951,key-14,191
1775447906954,key-10,1008
1775447906955,key-39,133
1775447906955,key-44,364
1775447906956,key-36,395
1775447906956,key-35,484
1775447906957,key-36,396
1775447906959,key-21,183
1775447906960,key-44,369
1775447906961,key-19,901
1775447906963,key-21,187
1775447906965,key-44,374
1775447906966,key-36,405
1775447906966,key-7,1089
1775447906968,key-27,1024
1775447906968,key-19,908
1775447906968,key-34,253
1775447906968,key-19,908
1775447906971,key-14,211
1775447906971,key-39,149
1775447906973,key-36,412
1775447906975,key-44,384
1775447906976,key-47,100
1775447906979,key-36,418
1775447906983,key-36,422
1775447906983,key-14,223
1775447906987,key-37,463
1775447906988,key-27,1044
1775447906993,key-11,436
1775447906993,key-15,1405
1775447906997,key-4,703
1775447906997,key-14,237
1775447907006,key-44,415
1775447907006,key-13,225
1775447907007,key-15,1419
1775447907007,key-21,231
1775447907011,key-44,420
1775447907012,key-15,1424
1775447907014,key-27,1070
1775447907019,key-10,1073
1775447907020,key-11,463
1775447907021,key-45,793
1775447907022,key-41,1144
1775447907022,key-7,152
1775447907022,key-39,200
1775447907025,key-36,464
1775447907027,key-12,662
1775447907032,key-27,1088
1775447907034,key-14,274
1775447907038,key-37,514
1775447907039,key-44,448
1775447907040,key-33,1244
1775447907046,key-37,522
1775447907048,key-6,356
1775447907054,key-27,1110
1775447907055,key-11,498
1775447907056,key-41,112
1775447907058,key-18,2281
1775447907058,key-43,1255
1775447907058,key-6,366
1775447907060,key-17,152
1775447907060,key-10,1114
1775447907060,key-13,279
1775447907061,key-32,836
1775447907062,key-9,616
1775447907062,key-4,768
1775447907062,key-14,302
1775447907066,key-44,475
1775447907067,key-10,1121
1775447907069,key-45,841
1775447907070,key-35,211
1775447907071,key-19,1011
1775447907078,key-36,517
1775447907079,key-2,117
1775447907081,key-37,557
1775447907081,key-35,222
1775447907081,key-27,1137
1775447907082,key-29,516
1775447907082,key-39,260
1775447907083,key-35,224
1775447907083,key-27,1139
1775447907086,key-10,1140
1775447907086,key-36,525
1775447907089,key-39,267
1775447907090,key-27,1146
1775447907092,key-36,531
1775447907092,key-11,535
1775447907093,key-19,1033
1775447907094,key-29,528
1775447907102,key-19,1042
1775447907107,key-25,118
1775447907108,key-39,286
1775447907109,key-27,1165
1775447907109,key-5,1642
1775447907111,key-36,550
1775447907115,key-14,355
1775447907120,key-27,1176
1775447907122,key-16,497
1775447907123,key-14,363
1775447907123,key-17,215
1775447907123,key-37,599
1775447907125,key-27,1181
1775447907125,key-21,349
1775447907125,key-3,262
1775447907126,key-44,535
1775447907132,key-7,126
1775447907134,key-29,568
1775447907134,key-10,1188
1775447907135,key-7,129
1775447907144,key-44,553
1775447907147,key-43,1344
1775447907157,key-10,1211
1775447907158,key-26,226
1775447907158,key-36,597
1775447907160,key-12,795
1775447907160,key-1,765
1775447907160,key-41,216
1775447907160,key-35,301
1775447907164,key-8,1839
1775447907166,key-4,872
1775447907167,key-9,721
1775447907168,key-27,1224
1775447907168,key-33,121
1775447907172,key-43,1369
1775447907174,key-11,617
1775447907174,key-40,1722
1775447907176,key-10,1230
1775447907177,key-6,485
1775447907177,key-11,620
1775447907178,key-43,1375
1775447907181,key-33,134
1775447907181,key-13,400
1775447907183,key-4,889
1775447907183,key-5,1716
1775447907183,key-6,491
1775447907185,key-25,196
1775447907187,key-14,427
1775447907188,key-2,226
1775447907190,key-47,108
1775447907191,key-10,1245
1775447907195,key-40,1743
1775447907199,key-35,340
1775447907199,key-37,675
1775447907201,key-27,1257
1775447907203,key-29,637
1775447907211,key-36,650
1775447907211,key-27,1267
1775447907212,key-27,1268
1775447907212,key-37,688
1775447907213,key-36,652
1775447907213,key-25,224
1775447907217,key-19,1157
1775447907217,key-17,309
1775447907218,key-7,181
1775447907220,key-39,398
1775447907220,key-11,663
1775447907220,key-15,111
1775447907220,key-10,1274
1775447907224,key-36,663
1775447907225,key-15,116
1775447907227,key-13,446
1775447907232,key-27,1288
1775447907232,key-17,324
1775447907232,key-36,671
1775447907232,key-29,666
1775447907237,key-27,1293
1775447907238,key-33,191
1775447907242,key-5,1775
1775447907244,key-37,720
1775447907244,key-14,484
1775447907251,key-36,690
1775447907256,key-15,147
1775447907259,key-2,167
1775447907260,key-5,1793
1775447907265,key-27,1321
1775447907265,key-4,971
1775447907270,key-34,555
1775447907272,key-10,1326
1775447907274,key-3,411
1775447907276,key-42,320
1775447907276,key-25,287
1775447907277,key-29,711
1775447907278,key-10,1332
1775447907278,key-43,1475
1775447907290,key-5,1823
1775447907292,key-21,516
1775447907292,key-20,405
1775447907292,key-4,998
1775447907296,key-6,604
1775447907296,key-11,739
1775447907304,key-13,523
1775447907305,key-26,106
1775447907306,key-11,749
1775447907306,key-43,1503
1775447907306,key-27,1362
1775447907306,key-10,1360
1775447907307,key-43,1504
1775447907307,key-13,526
1775447907307,key-43,1504
1775447907308,key-10,1362
1775447907310,key-24,1938
1775447907310,key-10,1364
1775447907314,key-37,790
1775447907328,key-14,568
1775447907329,key-27,1385
1775447907330,key-37,806
1775447907334,key-38,1241
1775447907334,key-26,135
1775447907334,key-29,768
1775447907334,key-14,574
1775447907335,key-11,778
1775447907336,key-11,779
1775447907336,key-13,555
1775447907336,key-47,254
1775447907337,key-25,348
1775447907339,key-11,782
1775447907340,key-42,384
1775447907342,key-36,781
1775447907344,key-20,457
1775447907349,key-13,568
1775447907349,key-7,312
1775447907350,key-21,574
1775447907350,key-10,1404
1775447907356,key-7,319
1775447907360,key-27,1416
1775447907360,key-10,1414
1775447907361,key-11,804
1775447907363,key-36,802
1775447907363,key-10,1417
1775447907365,key-15,256
1775447907365,key-4,81
1775447907365,key-27,1421
1775447907365,key-48,113
1775447907368,key-13,587
1775447907368,key-26,169
1775447907368,key-27,1424
1775447907370,key-10,1424
1775447907370,key-12,1005
1775447907376,key-29,810
1775447907377,key-37,853
1775447907377,key-5,1910
1775447907378,key-21,602
1775447907379,key-10,1433
1775447907379,key-13,598
1775447907380,key-10,1434
1775447907382,key-43,1579
1775447907382,key-11,98
1775447907384,key-26,185
1775447907387,key-10,1441
1775447907389,key-40,1937
1775447907390,key-23,2043
1775447907394,key-7,357
1775447907396,key-14,636
1775447907399,key-26,200
1775447907402,key-35,543
1775447907411,key-43,1608
1775447907411,key-5,1944
1775447907413,key-36,852
1775447907416,key-21,640
1775447907417,key-49,2045
1775447907419,key-26,220
1775447907423,key-17,515
1775447907426,key-39,604
1775447907433,key-7,396
1775447907433,key-33,386
1775447907433,key-10,1487
1775447907434,key-40,1982
1775447907434,key-10,1488
1775447907434,key-37,910
1775447907435,key-13,654
1775447907435,key-10,1489
1775447907435,key-24,2063
1775447907435,key-42,479
1775447907436,key-12,1071
1775447907438,key-23,2091
1775447907443,key-26,244
1775447907443,key-46,250
1775447907445,key-10,1499
1775447907447,key-27,1503
1775447907452,key-11,168
1775447907453,key-37,929
1775447907453,key-23,2106
1775447907454,key-14,694
1775447907456,key-11,172
1775447907456,key-10,1510
1775447907458,key-38,1365
1775447907460,key-11,176
1775447907461,key-13,680
1775447907461,key-14,82
1775447907461,key-14,82
1775447907464,key-25,475
1775447907464,key-27,1520
1775447907467,key-14,88
1775447907470,key-36,909
1775447907473,key-35,614
1775447907474,key-41,530
1775447907476,key-11,192
1775447907482,key-23,2135
1775447907487,key-14,63
1775447907487,key-40,2035
1775447907489,key-29,923
1775447907489,key-14,65
1775447907490,key-36,929
1775447907495,key-4,108
1775447907496,key-26,297
1775447907496,key-31,947
1775447907498,key-10,1552
1775447907498,key-10,1552
1775447907498,key-23,2151
1775447907503,key-13,722
1775447907503,key-21,727
1775447907507,key-37,983
1775447907509,key-14,130
1775447907509,key-13,728
1775447907512,key-10,1566
1775447907512,key-27,1568
1775447907513,key-11,229
1775447907515,key-43,1712
1775447907520,key-9,1074
1775447907522,key-46,329
1775447907522,key-23,2175
1775447907524,key-1,61
1775447907524,key-2,432
1775447907528,key-14,104
1775447907531,key-8,2206
1775447907537,key-11,253
1775447907537,key-14,113
1775447907538,key-14,114
1775447907541,key-11,257
1775447907548,key-35,689
1775447907552,key-37,1028
1775447907552,key-3,116
1775447907554,key-34,839
1775447907555,key-22,311
1775447907556,key-45,1328
1775447907556,key-36,995
1775447907559,key-3,123
1775447907561,key-8,2236
1775447907564,key-23,125
1775447907566,key-21,790
1775447907566,key-10,1620
1775447907566,key-10,1620
1775447907567,key-9,1121
1775447907569,key-27,1625
1775447907573,key-10,1627
1775447907576,key-14,152
1775447907578,key-47,266
1775447907580,key-27,1636
1775447907582,key-27,1638
1775447907582,key-43,62
1775447907587,key-37,1063
1775447907587,key-18,2810
1775447907587,key-35,728
1775447907589,key-42,633
1775447907590,key-23,151
1775447907591,key-27,1647
1775447907593,key-27,1649
1775447907596,key-14,172
1775447907598,key-13,817
1775447907599,key-27,1655
1775447907600,key-33,553
1775447907607,key-14,183
1775447907607,key-25,228
1775447907609,key-15,500
1775447907610,key-35,73
1775447907613,key-11,329
1775447907613,key-48,61
1775447907616,key-2,524
1775447907617,key-31,1068
1775447907619,key-26,420
1775447907620,key-22,376
1775447907620,key-27,1676
1775447907620,key-14,196
1775447907626,key-11,62
1775447907626,key-3,190
1775447907626,key-43,106
1775447907629,key-3,193
1775447907630,key-36,1069
1775447907630,key-21,854
1775447907635,key-43,115
1775447907637,key-13,106
1775447907638,key-11,354
1775447907640,key-14,69
1775447907640,key-15,531
1775447907641,key-14,70
1775447907641,key-23,202
1775447907643,key-35,106
1775447907650,key-28,860
1775447907650,key-41,706
1775447907661,key-3,225
1775447907664,key-18,2887
1775447907665,key-33,618
1775447907665,key-18,2888
1775447907665,key-11,381
1775447907667,key-11,383
1775447907667,key-14,243
1775447907667,key-23,228
1775447907669,key-8,2344
1775447907673,key-44,1082
1775447907674,key-10,1728
1775447907676,key-8,2351
1775447907676,key-11,112
1775447907678,key-31,1129
1775447907679,key-14,108
1775447907682,key-11,118
1775447907682,key-21,56
1775447907682,key-15,573
1775447907683,key-21,907
1775447907686,key-14,115
1775447907688,key-36,1127
1775447907691,key-14,120
1775447907693,key-23,254
1775447907694,key-45,1466
1775447907698,key-14,127
1775447907700,key-10,1754
1775447907700,key-40,108
1775447907702,key-40,110
1775447907702,key-43,182
1775447907706,key-36,1145
1775447907706,key-11,142
1775447907707,key-10,1761
1775447907707,key-14,136
1775447907709,key-18,2932
1775447907711,key-9,1265
1775447907713,key-14,142
1775447907715,key-42,759
1775447907718,key-13,187
1775447907718,key-14,147
1775447907719,key-44,1128
1775447907723,key-27,1779
1775447907725,key-13,194
1775447907727,key-10,1781
1775447907728,key-41,784
1775447907730,key-3,294
1775447907730,key-8,2405
1775447907733,key-32,1508
1775447907733,key-20,846
1775447907735,key-11,171
1775447907738,key-14,167
1775447907744,key-36,1183
1775447907749,key-21,123
1775447907751,key-36,1190
1775447907752,key-15,643
1775447907755,key-22,511
1775447907759,key-38,1666
1775447907760,key-4,373
1775447907761,key-14,190
1775447907762,key-3,326
1775447907764,key-11,200
1775447907764,key-43,244
1775447907766,key-14,195
1775447907768,key-45,1540
1775447907768,key-17,860
1775447907770,key-16,55
1775447907772,key-33,725
1775447907773,key-42,817
1775447907773,key-35,236
1775447907774,key-28,984
1775447907777,key-14,206
1775447907779,key-27,75
1775447907781,key-3,345
1775447907781,key-18,3004
1775447907788,key-13,257
1775447907790,key-3,354
1775447907791,key-11,227
1775447907791,key-13,260
1775447907791,key-13,260
1775447907796,key-14,225
1775447907796,key-21,170
1775447907799,key-14,228
1775447907799,key-13,268
1775447907800,key-8,2475
1775447907803,key-6,1111
1775447907803,key-45,1575
1775447907808,key-40,216
1775447907810,key-10,90
1775447907810,key-8,2485
1775447907811,key-15,702
1775447907813,key-21,93
1775447907815,key-13,284
1775447907815,key-44,1224
1775447907819,key-15,710
1775447907819,key-16,104
1775447907822,key-27,118
1775447907822,key-4,435
1775447907824,key-25,445
1775447907824,key-43,304
1775447907828,key-21,108
1775447907832,key-43,312
1775447907832,key-17,924
1775447907834,key-35,297
1775447907834,key-3,398
1775447907834,key-42,878
1775447907836,key-3,400
1775447907838,key-10,118
1775447907839,key-15,730
1775447907842,key-3,406
1775447907842,key-32,1617
1775447907843,key-42,887
1775447907843,key-43,323
1775447907844,key-35,307
1775447907846,key-39,1024
1775447907846,key-49,486
1775447907854,key-44,1263
1775447907855,key-44,1264
1775447907859,key-20,213
1775447907860,key-22,113
1775447907862,key-21,142
1775447907865,key-36,1304
1775447907872,key-45,1644
1775447907874,key-3,438
1775447907875,key-14,304
1775447907879,key-8,2554
1775447907879,key-8,2554
1775447907881,key-29,81
1775447907882,key-8,2557
1775447907883,key-15,774
1775447907885,key-22,138
1775447907887,key-4,500
1775447907890,key-11,326
1775447907891,key-11,327
1775447907891,key-43,371
1775447907892,key-38,1799
1775447907892,key-17,984
1775447907895,key-24,241
1775447907896,key-3,460
1775447907897,key-6,1205
1775447907898,key-11,334
1775447907899,key-8,2574
1775447907901,key-1,57
1775447907901,key-5,2434
1775447907902,key-3,466
1775447907905,key-35,75
1775447907909,key-18,3132
1775447907909,key-33,862
1775447907911,key-9,1465
1775447907911,key-27,207
1775447907917,key-15,808
1775447907921,key-11,357
1775447907921,key-43,401
1775447907923,key-44,1332
1775447907923,key-21,203
1775447907926,key-13,395
1775447907926,key-39,1104
1775447907927,key-44,1336
1775447907928,key-21,208
1775447907929,key-44,1338
1775447907935,key-45,1707
1775447907939,key-3,503
1775447907945,key-8,2620
1775447907947,key-17,1039
1775447907947,key-38,1854
1775447907949,key-38,1856
1775447907950,key-3,514
1775447907951,key-32,1726
1775447907951,key-21,231
1775447907951,key-3,515
1775447907953,key-42,997
1775447907954,key-24,300
1775447907955,key-35,125
1775447907957,key-30,577
1775447907957,key-35,127
1775447907960,key-4,573
1775447907963,key-46,113
1775447907964,key-44,1373
1775447907965,key-18,129
1775447907969,key-29,169
1775447907969,key-32,1744
1775447907973,key-49,613
1775447907974,key-38,1881
1775447907975,key-27,271
1775447907978,key-38,1885
1775447907980,key-15,871
1775447907980,key-44,1389
1775447907981,key-43,461
1775447907981,key-38,1888
1775447907981,key-44,1390
1775447907981,key-27,277
1775447907981,key-19,652
1775447907986,key-11,422
1775447907987,key-43,467
1775447907988,key-17,1080
1775447907995,key-45,1767
1775447907996,key-15,887
1775447907997,key-3,561
1775447907997,key-21,277
1775447908001,key-15,892
1775447908004,key-44,1413
1775447908004,key-15,895
1775447908005,key-8,2680
1775447908006,key-3,570
1775447908011,key-11,447
1775447908013,key-31,1464
1775447908013,key-21,293
1775447908013,key-33,966
1775447908014,key-12,1649
1775447908014,key-18,178
1775447908015,key-34,1300
1775447908015,key-14,444
1775447908015,key-28,1225
1775447908016,key-3,580
1775447908017,key-42,1061
1775447908020,key-33,973
1775447908020,key-20,374
1775447908021,key-12,1656
1775447908024,key-11,460
1775447908028,key-3,592
1775447908036,key-38,69
1775447908036,key-27,332
1775447908037,key-27,333
1775447908041,key-44,1450
1775447908042,key-29,242
1775447908043,key-27,339
1775447908043,key-36,89
1775447908044,key-38,77
1775447908047,key-17,1139
1775447908049,key-15,940
1775447908049,key-29,249
1775447908052,key-3,616
1775447908054,key-27,67
1775447908054,key-17,1146
1775447908055,key-42,1099
1775447908057,key-38,90
1775447908058,key-3,622
1775447908060,key-1,216
1775447908062,key-3,626
1775447908062,key-15,953
1775447908065,key-36,111
1775447908067,key-12,109
1775447908073,key-12,115
1775447908073,key-21,353
1775447908073,key-38,106
1775447908074,key-20,428
1775447908075,key-11,511
1775447908077,key-3,641
1775447908077,key-35,247
1775447908081,key-20,435
1775447908082,key-3,646
1775447908090,key-12,132
1775447908099,key-31,81
1775447908099,key-24,445
1775447908100,key-38,133
1775447908100,key-18,264
1775447908102,key-27,115
1775447908102,key-38,135
1775447908103,key-4,716
1775447908104,key-27,117
1775447908104,key-4,717
1775447908105,key-13,574
1775447908107,key-1,263
1775447908109,key-36,155
1775447908110,key-43,590
1775447908111,key-49,181
1775447908112,key-38,145
1775447908114,key-32,1889
1775447908117,key-38,150
1775447908117,key-42,1161
1775447908126,key-37,1602
1775447908130,key-3,694
1775447908131,key-3,695
1775447908131,key-11,567
1775447908133,key-32,1908
1775447908133,key-28,1343
1775447908138,key-12,180
1775447908139,key-12,181
1775447908140,key-4,753
1775447908140,key-35,310
1775447908142,key-3,706
1775447908143,key-31,125
1775447908145,key-38,178
1775447908149,key-46,299
1775447908149,key-48,597
1775447908149,key-47,837
1775447908151,key-36,197
1775447908151,key-36,197
1775447908151,key-3,715
1775447908153,key-4,766
1775447908154,key-33,1107
1775447908155,key-20,509
1775447908155,key-38,79
1775447908155,key-12,197
1775447908156,key-34,1441
1775447908156,key-44,1565
1775447908157,key-27,131
1775447908158,key-7,1121
1775447908158,key-31,140
1775447908160,key-17,1252
1775447908162,key-27,136
1775447908169,key-31,151
1775447908169,key-31,151
1775447908170,key-3,734
1775447908174,key-27,148
1775447908175,key-15,1066
1775447908178,key-11,614
1775447908182,key-15,1073
1775447908183,key-33,1136
1775447908184,key-38,108
1775447908191,key-3,755
1775447908191,key-38,115
1775447908192,key-38,116
1775447908192,key-27,104
1775447908194,key-43,674
1775447908194,key-35,364
1775447908195,key-3,759
1775447908195,key-46,345
1775447908196,key-12,238
1775447908203,key-17,1295
1775447908204,key-3,768
1775447908204,key-38,128
1775447908204,key-17,1296
1775447908204,key-3,768
1775447908205,key-12,247
1775447908206,key-12,248
1775447908208,key-4,821
1775447908208,key-15,1099
1775447908208,key-12,250
1775447908208,key-15,1099
1775447908209,key-12,251
1775447908209,key-41,1265
1775447908210,key-36,256
1775447908210,key-34,1495
1775447908210,key-35,380
1775447908211,key-50,123
1775447908212,key-44,1621
1775447908214,key-1,370
1775447908215,key-7,124
1775447908215,key-38,139
1775447908215,key-43,695
1775447908222,key-49,292
1775447908224,key-47,912
1775447908227,key-7,136
1775447908227,key-38,151
1775447908230,key-15,1121
1775447908230,key-27,142
1775447908234,key-21,514
1775447908234,key-3,798
1775447908236,key-44,1645
1775447908241,key-3,805
1775447908247,key-7,156
1775447908249,key-49,319
1775447908252,key-28,1462
1775447908257,key-38,181
1775447908259,key-28,1469
1775447908259,key-33,1212
1775447908260,key-27,172
1775447908261,key-12,303
1775447908262,key-36,308
1775447908265,key-4,878
1775447908266,key-31,248
1775447908268,key-47,956
1775447908269,key-41,1325
1775447908272,key-26,267
1775447908274,key-29,474
1775447908276,key-3,840
1775447908278,key-24,624
1775447908278,key-50,190
1775447908278,key-23,839
1775447908282,key-14,711
1775447908282,key-33,1235
1775447908284,key-38,208
1775447908284,key-47,972
1775447908288,key-4,901
1775447908289,key-3,853
1775447908290,key-38,214
1775447908291,key-15,1182
1775447908292,key-1,448
1775447908295,key-21,575
1775447908296,key-36,342
1775447908296,key-50,208
1775447908296,key-38,220
1775447908297,key-27,209
1775447908300,key-3,864
1775447908301,key-49,371
1775447908302,key-27,214
1775447908302,key-47,990
1775447908303,key-3,867
1775447908303,key-40,711
1775447908304,key-45,134
1775447908304,key-44,1713
1775447908304,key-38,228
1775447908304,key-27,216
1775447908306,key-27,56
1775447908310,key-9,1864
1775447908318,key-36,364
1775447908325,key-13,794
1775447908325,key-17,117
1775447908328,key-33,1281
1775447908331,key-18,495
1775447908331,key-12,373
1775447908333,key-44,1742
1775447908333,key-3,897
1775447908334,key-7,243
1775447908335,key-37,187
1775447908335,key-3,899
1775447908335,key-19,1006
1775447908341,key-36,387
1775447908342,key-4,955
1775447908342,key-38,266
1775447908345,key-15,1236
1775447908346,key-23,115
1775447908346,key-22,599
1775447908348,key-3,912
1775447908348,key-38,272
1775447908350,key-50,262
1775447908353,key-18,517
1775447908353,key-34,1638
1775447908353,key-24,699
1775447908354,key-23,123
1775447908357,key-23,126
1775447908360,key-49,430
1775447908360,key-3,924
1775447908360,key-47,1048
1775447908360,key-15,1251
1775447908362,key-47,1050
1775447908364,key-21,644
1775447908368,key-36,414
1775447908373,key-28,1583
1775447908374,key-4,987
1775447908375,key-3,939
1775447908382,key-36,428
1775447908384,key-38,308
1775447908387,key-36,433
1775447908388,key-40,796
1775447908389,key-3,953
1775447908393,key-3,957
1775447908393,key-36,439
1775447908394,key-11,830
1775447908394,key-21,674
1775447908394,key-44,1803
1775447908397,key-13,866
1775447908401,key-7,310
1775447908403,key-2,1311
1775447908403,key-3,967
1775447908404,key-9,1958
1775447908409,key-27,159
1775447908409,key-12,451
1775447908410,key-12,452
1775447908411,key-20,765
1775447908413,key-3,977
1775447908415,key-50,327
1775447908415,key-50,327
1775447908419,key-38,343
1775447908420,key-46,570
1775447908420,key-50,332
1775447908420,key-3,984
1775447908424,key-1,580
1775447908424,key-46,574
1775447908427,key-32,2202
1775447908427,key-21,707
1775447908429,key-21,709
1775447908430,key-13,899
1775447908436,key-27,186
1775447908442,key-28,1652
1775447908446,key-27,196
1775447908448,key-3,1012
1775447908451,key-24,797
1775447908451,key-3,1015
1775447908451,key-27,201
1775447908453,key-36,499
1775447908457,key-24,803
1775447908457,key-34,1742
1775447908458,key-7,367
1775447908458,key-50,370
1775447908459,key-7,368
1775447908462,key-46,612
1775447908462,key-7,371
1775447908466,key-23,235
1775447908466,key-23,235
1775447908468,key-38,392
1775447908468,key-23,237
1775447908470,key-20,824
1775447908470,key-38,394
1775447908470,key-7,379
1775447908472,key-12,514
1775447908473,key-38,397
1775447908474,key-15,198
1775447908474,key-42,1518
1775447908475,key-13,944
1775447908478,key-39,124
1775447908479,key-15,203
1775447908480,key-27,230
1775447908483,key-24,829
1775447908483,key-34,1768
1775447908484,key-9,2038
1775447908489,key-31,471
1775447908489,key-27,239
1775447908493,key-36,539
1775447908494,key-3,1058
1775447908494,key-36,540
1775447908496,key-36,542
1775447908497,key-50,409
1775447908499,key-49,168
1775447908500,key-1,656
1775447908505,key-28,1715
1775447908507,key-46,657
1775447908510,key-28,1720
1775447908512,key-7,421
1775447908514,key-44,1923
1775447908514,key-4,1127
1775447908516,key-20,870
1775447908521,key-23,290
1775447908521,key-40,929
1775447908522,key-50,434
1775447908522,key-27,272
1775447908525,key-10,701
1775447908525,key-21,805
1775447908529,key-5,175
1775447908531,key-3,1095
1775447908531,key-23,300
1775447908533,key-23,302
1775447908536,key-17,247
1775447908538,key-32,2313
1775447908539,key-34,1824
1775447908541,key-27,291
1775447908544,key-39,190
1775447908546,key-50,458
1775447908547,key-34,1832
1775447908550,key-3,1114
1775447908552,key-18,716
1775447908554,key-26,549
1775447908555,key-27,305
1775447908555,key-24,160
1775447908558,key-32,2333
1775447908561,key-38,485
1775447908562,key-50,74
1775447908564,key-9,2118
1775447908565,key-28,1775
1775447908566,key-24,171
1775447908566,key-21,846
1775447908567,key-50,479
1775447908567,key-34,1852
1775447908568,key-49,237
1775447908575,key-24,180
1775447908575,key-20,929
1775447908576,key-20,930
1775447908578,key-20,932
1775447908580,key-1,736
1775447908582,key-49,251
1775447908582,key-36,628
1775447908582,key-4,107
1775447908584,key-46,734
1775447908584,key-23,353
1775447908584,key-42,1628
1775447908590,key-45,420
1775447908596,key-28,1806
1775447908596,key-43,1076
1775447908597,key-49,266
1775447908598,key-15,322
1775447908598,key-31,580
1775447908603,key-31,585
1775447908608,key-13,1077
1775447908609,key-18,773
1775447908615,key-31,597
1775447908616,key-33,1569
1775447908616,key-50,128
1775447908617,key-24,222
1775447908617,key-4,142
1775447908624,key-39,270
1775447908626,key-24,231
1775447908626,key-31,608
1775447908626,key-32,2401
1775447908627,key-36,673
1775447908630,key-28,1840
1775447908633,key-50,145
1775447908635,key-46,785
1775447908635,key-28,1845
1775447908636,key-28,1846
1775447908637,key-13,1106
1775447908638,key-20,992
1775447908641,key-3,1205
1775447908647,key-27,397
1775447908650,key-28,1860
1775447908650,key-20,1004
1775447908651,key-40,1059
1775447908651,key-14,1080
1775447908654,key-3,1218
1775447908655,key-18,128
1775447908655,key-27,405
1775447908659,key-18,132
1775447908660,key-46,810
1775447908661,key-18,134
1775447908661,key-18,134
1775447908663,key-31,645
1775447908667,key-13,1136
1775447908669,key-24,274
1775447908669,key-17,380
1775447908669,key-9,2223
1775447908671,key-24,276
1775447908673,key-18,146
1775447908678,key-4,203
1775447908679,key-23,62
1775447908684,key-11,361
1775447908687,key-34,1972
1775447908690,key-32,2465
1775447908690,key-45,520
1775447908691,key-20,1045
1775447908691,key-49,360
1775447908692,key-48,1140
1775447908702,key-28,1912
1775447908703,key-23,86
1775447908703,key-27,453
1775447908704,key-31,686
1775447908705,key-50,217
1775447908705,key-20,1059
1775447908707,key-50,219
1775447908711,key-18,184
1775447908712,key-4,237
1775447908712,key-46,862
1775447908712,key-20,1066
1775447908713,key-9,2267
1775447908713,key-13,1182
1775447908714,key-20,1068
1775447908714,key-27,464
1775447908714,key-7,623
1775447908716,key-2,68
1775447908720,key-20,1074
1775447908726,key-4,251
1775447908726,key-45,556
1775447908727,key-40,1135
1775447908728,key-18,201
1775447908732,key-27,482
1775447908736,key-24,341
1775447908736,key-31,718
1775447908737,key-15,461
1775447908737,key-50,249
1775447908741,key-13,1210
1775447908744,key-50,256
1775447908746,key-18,219
1775447908747,key-49,416
1775447908748,key-24,353
1775447908749,key-50,261
1775447908750,key-15,474
1775447908757,key-28,1967
1775447908759,key-18,232
1775447908763,key-28,1973
1775447908767,key-18,240
1775447908768,key-2,120
1775447908768,key-28,1978
1775447908769,key-30,60
1775447908778,key-27,528
1775447908778,key-13,1247
1775447908780,key-9,2334
1775447908781,key-18,254
1775447908783,key-20,1137
1775447908783,key-30,74
1775447908785,key-4,310
1775447908785,key-40,1193
1775447908788,key-3,1352
1775447908788,key-14,1217
1775447908789,key-25,266
1775447908796,key-9,2350
1775447908796,key-44,118
1775447908796,key-10,972
1775447908797,key-11,474
1775447908799,key-18,272
1775447908799,key-15,523
1775447908800,key-15,524
1775447908811,key-50,323
1775447908811,key-14,1240
1775447908813,key-49,482
1775447908815,key-6,79
1775447908815,key-4,340
1775447908816,key-15,540
1775447908816,key-19,1487
1775447908817,key-48,1265
1775447908817,key-28,2027
1775447908817,key-48,1265
1775447908822,key-6,86
1775447908822,key-28,2032
1775447908829,key-18,302
1775447908829,key-29,1029
1775447908829,key-18,302
1775447908830,key-15,554
1775447908831,key-20,1185
1775447908831,key-30,122
1775447908834,key-5,480
1775447908836,key-27,586
1775447908847,key-9,2401
1775447908850,key-18,323
1775447908852,key-21,1132
1775447908854,key-4,379
1775447908862,key-45,692
1775447908862,key-27,612
1775447908869,key-20,1223
1775447908869,key-48,1317
1775447908870,key-25,347
1775447908871,key-14,1300
1775447908872,key-48,1320
1775447908873,key-13,1342
1775447908873,key-36,919
1775447908873,key-31,855
1775447908881,key-28,2091
1775447908882,key-28,2092
1775447908882,key-48,1330
1775447908886,key-2,238
1775447908886,key-16,1171
1775447908886,key-28,2096
1775447908887,key-28,2097
1775447908888,key-30,110
1775447908892,key-48,1340
1775447908895,key-14,1324
1775447908895,key-3,1459
1775447908902,key-30,124
1775447908902,key-44,224
1775447908906,key-4,431
1775447908906,key-40,1314
1775447908906,key-49,149
1775447908908,key-29,60
1775447908909,key-14,1338
1775447908915,key-27,665
1775447908918,key-29,70
1775447908920,key-10,1096
1775447908920,key-15,644
1775447908920,key-27,670
1775447908920,key-9,2474
1775447908922,key-46,1072
1775447908930,key-14,1359
1775447908931,key-43,1411
1775447908936,key-8,88
1775447908937,key-11,614
1775447908937,key-6,201
1775447908937,key-18,410
1775447908937,key-28,2147
1775447908937,key-14,1366
1775447908938,key-48,1386
1775447908938,key-29,90
1775447908939,key-8,91
1775447908940,key-31,922
1775447908941,key-15,665
1775447908941,key-28,2151
1775447908943,key-6,207
1775447908943,key-1,309
1775447908948,key-48,1396
1775447908949,key-19,1620
1775447908949,key-18,422
1775447908953,key-50,61
1775447908953,key-25,430
1775447908960,key-15,684
1775447908960,key-5,131
1775447908961,key-23,115
1775447908961,key-9,2515
1775447908965,key-6,229
1775447908965,key-5,136
1775447908970,key-4,495
1775447908970,key-3,137
1775447908973,key-9,2527
1775447908973,key-18,446
1775447908976,key-46,1126
1775447908982,key-14,1411
1775447908982,key-9,2536
1775447908983,key-27,733
1775447908987,key-8,139
1775447908989,key-49,232
1775447908990,key-3,157
1775447909000,key-30,222
1775447909000,key-16,1285
1775447909002,key-14,1431
1775447909002,key-18,475
1775447909005,key-28,2215
1775447909007,key-15,731
1775447909007,key-38,121
1775447909007,key-15,731
1775447909008,key-50,116
1775447909012,key-3,179
1775447909016,key-6,280
1775447909016,key-15,740
1775447909018,key-28,2228
1775447909018,key-15,742
1775447909018,key-33,1971
1775447909018,key-5,189
1775447909018,key-48,1466
1775447909025,key-49,268
1775447909026,key-25,503
1775447909027,key-7,936
1775447909029,key-29,181
1775447909033,key-27,783
1775447909035,key-5,206
1775447909039,key-46,113
1775447909041,key-23,133
1775447909042,key-33,125
1775447909042,key-24,647
1775447909044,key-28,2254
1775447909046,key-16,55
1775447909046,key-4,571
1775447909047,key-9,2601
1775447909047,key-44,369
1775447909048,key-46,122
1775447909050,key-9,2604
1775447909053,key-32,105
1775447909058,key-50,166
1775447909063,key-31,1045
1775447909064,key-19,1735
1775447909064,key-42,125
1775447909064,key-16,73
1775447909065,key-50,173
1775447909065,key-15,789
1775447909067,key-8,219
1775447909067,key-33,150
1775447909069,key-15,793
1775447909069,key-6,333
1775447909074,key-50,182
1775447909076,key-38,190
1775447909077,key-15,801
1775447909078,key-16,87
1775447909081,key-5,252
1775447909081,key-15,805
1775447909086,key-15,810
1775447909087,key-28,2297
1775447909088,key-1,454
1775447909088,key-4,613
1775447909090,key-9,2644
1775447909090,key-46,164
1775447909092,key-48,1540
1775447909095,key-18,568
1775447909096,key-9,2650
1775447909098,key-23,190
1775447909099,key-5,270
1775447909100,key-10,1276
1775447909101,key-4,626
1775447909101,key-34,2386
1775447909106,key-14,1535
1775447909106,key-32,158
1775447909108,key-16,117
1775447909111,key-33,194
1775447909115,key-46,189
1775447909116,key-9,2670
1775447909120,key-3,287
1775447909120,key-24,725
1775447909124,key-31,1106
1775447909130,key-18,603
1775447909131,key-33,214
1775447909131,key-50,160
1775447909132,key-6,396
1775447909135,key-17,846
1775447909136,key-5,307
1775447909138,key-38,252
1775447909139,key-31,1121
1775447909142,key-28,2352
1775447909142,key-1,508
1775447909146,key-15,870
1775447909147,key-29,299
1775447909148,key-43,1628
1775447909150,key-4,675
1775447909150,key-24,755
1775447909156,key-28,2366
1775447909158,key-26,1153
1775447909160,key-21,1440
1775447909162,key-7,1071
1775447909163,key-15,887
1775447909164,key-25,641
1775447909164,key-49,407
1775447909166,key-28,2376
1775447909167,key-25,644
1775447909167,key-25,644
1775447909167,key-2,129
1775447909167,key-9,115
1775447909171,key-31,1153
1775447909174,key-15,898
1775447909175,key-16,184
1775447909177,key-5,348
1775447909181,key-19,1852
1775447909183,key-5,354
1775447909184,key-5,355
1775447909185,key-16,194
1775447909188,key-33,271
1775447909188,key-29,340
1775447909189,key-48,1637
1775447909190,key-33,273
1775447909190,key-14,1619
1775447909194,key-1,560
1775447909199,key-38,313
1775447909204,key-50,119
1775447909205,key-38,319
1775447909207,key-50,122
1775447909207,key-50,122
1775447909211,key-14,1640
1775447909216,key-13,1685
1775447909217,key-29,369
1775447909217,key-33,300
1775447909217,key-3,384
1775447909219,key-1,55
1775447909220,key-46,294
1775447909220,key-15,944
1775447909220,key-48,1668
1775447909222,key-37,1074
1775447909226,key-9,174
1775447909226,key-4,751
1775447909226,key-33,309
1775447909228,key-23,320
1775447909230,key-25,99
1775447909233,key-46,307
1775447909233,key-15,957
1775447909235,key-42,296
1775447909235,key-47,958
1775447909236,key-1,72
1775447909236,key-33,319
1775447909236,key-24,841
1775447909236,key-22,74
1775447909241,key-18,714
1775447909241,key-7,64
1775447909242,key-34,2527
1775447909242,key-1,78
1775447909247,key-23,339
1775447909248,key-11,120
1775447909249,key-24,854
1775447909250,key-48,1698
1775447909252,key-48,1700
1775447909252,key-30,117
1775447909256,key-14,1685
1775447909258,key-1,624
1775447909266,key-48,1714
1775447909268,key-38,382
1775447909268,key-24,873
1775447909270,key-49,513
1775447909270,key-7,1179
1775447909271,key-16,280
1775447909271,key-12,115
1775447909274,key-29,426
1775447909278,key-29,430
1775447909280,key-28,2490
1775447909280,key-7,103
1775447909282,key-16,291
1775447909284,key-50,199
1775447909284,key-5,455
1775447909290,key-37,1142
1775447909293,key-44,615
1775447909294,key-33,377
1775447909298,key-37,1150
1775447909300,key-37,1152
1775447909301,key-9,249
1775447909303,key-24,908
1775447909303,key-24,908
1775447909303,key-14,1732
1775447909303,key-33,386
1775447909304,key-36,1350
1775447909304,key-33,387
1775447909306,key-43,1786
1775447909312,key-45,1142
1775447909314,key-14,1743
1775447909318,key-1,154
1775447909321,key-34,2606
1775447909321,key-3,488
1775447909323,key-24,928
1775447909325,key-17,1036
1775447909325,key-23,417
1775447909328,key-34,2613
1775447909328,key-15,1052
1775447909332,key-3,499
1775447909332,key-13,1801
1775447909336,key-48,1784
1775447909338,key-33,421
1775447909339,key-33,422
1775447909343,key-22,181
1775447909343,key-12,144
1775447909344,key-50,259
1775447909345,key-7,168
1775447909345,key-7,168
1775447909346,key-16,355
1775447909346,key-22,184
1775447909350,key-48,1798
1775447909352,key-47,1075
1775447909353,key-25,222
1775447909355,key-22,193
1775447909357,key-44,679
1775447909357,key-11,229
1775447909362,key-34,2647
1775447909363,key-11,235
1775447909364,key-23,456
1775447909364,key-24,969
1775447909366,key-24,971
1775447909368,key-38,482
1775447909369,key-13,1838
1775447909369,key-22,207
1775447909370,key-23,462
1775447909370,key-22,208
1775447909370,key-48,1818
1775447909381,key-34,2666
1775447909382,key-14,1811
1775447909384,key-20,1738
1775447909385,key-16,394
1775447909388,key-33,471
1775447909388,key-34,2673
1775447909389,key-33,472
1775447909390,key-22,228
1775447909393,key-24,998
1775447909393,key-16,402
1775447909395,key-8,296
1775447909395,key-36,1441
1775447909397,key-3,564
1775447909397,key-48,1845
1775447909397,key-24,1002
1775447909397,key-8,69
1775447909399,key-28,159
1775447909399,key-34,2684
1775447909405,key-31,1387
1775447909413,key-3,580
1775447909414,key-11,149
1775447909414,key-37,1266
1775447909415,key-33,498
1775447909415,key-26,1410
1775447909416,key-36,1462
1775447909420,key-33,503
1775447909421,key-14,1850
1775447909421,key-43,217
1775447909422,key-22,260
1775447909422,key-7,245
1775447909426,key-37,1278
1775447909431,key-8,332
1775447909432,key-24,60
1775447909435,key-41,2491
1775447909436,key-1,272
1775447909437,key-28,197
1775447909440,key-32,492
1775447909440,key-24,68
1775447909448,key-3,615
1775447909449,key-36,1495
1775447909450,key-8,122
1775447909450,key-34,65
1775447909454,key-34,69
1775447909458,key-25,163
1775447909461,key-16,470
1775447909463,key-22,301
1775447909465,key-34,80
1775447909467,key-48,1915
1775447909468,key-47,1191
1775447909468,key-48,1916
1775447909473,key-11,208
1775447909474,key-8,146
1775447909475,key-37,1327
1775447909478,key-24,106
1775447909479,key-3,646
1775447909479,key-44,801
1775447909483,key-22,321
1775447909483,key-22,321
1775447909486,key-23,578
1775447909486,key-11,221
1775447909487,key-37,1339
1775447909487,key-36,1533
1775447909490,key-24,118
1775447909490,key-3,657
1775447909491,key-11,226
1775447909491,key-37,1343
1775447909493,key-35,1033
1775447909495,key-15,1219
1775447909495,key-8,167
1775447909496,key-33,579
1775447909496,key-24,124
1775447909504,key-8,176
1775447909505,key-36,1551
1775447909506,key-33,589
1775447909509,key-28,269
1775447909510,key-21,1790
1775447909512,key-36,1558
1775447909513,key-38,107
1775447909517,key-34,132
1775447909517,key-3,684
1775447909518,key-20,1872
1775447909518,key-46,592
1775447909519,key-8,191
1775447909523,key-38,117
1775447909525,key-25,230
1775447909526,key-33,609
1775447909527,key-3,694
1775447909529,key-36,1575
1775447909529,key-25,234
1775447909529,key-21,1809
1775447909535,key-13,2004
1775447909536,key-20,1890
1775447909536,key-19,95
1775447909538,key-3,705
1775447909541,key-8,213
1775447909541,key-48,1989
1775447909541,key-5,712
1775447909545,key-36,1591
1775447909545,key-3,712
1775447909554,key-8,226
1775447909555,key-43,351
1775447909556,key-24,184
1775447909556,key-11,291
1775447909557,key-32,609
1775447909558,key-24,186
1775447909560,key-22,398
1775447909562,key-44,884
1775447909563,key-25,268
1775447909563,key-21,1843
1775447909571,key-18,115
1775447909576,key-36,1622
1775447909577,key-22,415
1775447909578,key-20,1932
1775447909581,key-19,140
1775447909583,key-3,750
1775447909587,key-48,2035
1775447909588,key-16,597
1775447909589,key-33,672
1775447909602,key-8,274
1775447909602,key-20,55
1775447909603,key-35,1143
1775447909607,key-24,235
1775447909607,key-10,317
1775447909608,key-11,343
1775447909611,key-22,449
1775447909613,key-8,285
1775447909613,key-43,409
1775447909615,key-1,451
1775447909618,key-36,1664
1775447909619,key-17,1330
1775447909622,key-20,75
1775447909622,key-10,332
1775447909623,key-35,1163
1775447909623,key-8,295
1775447909627,key-11,362
1775447909627,key-27,1377
1775447909628,key-42,689
1775447909629,key-25,334
1775447909630,key-29,782
1775447909632,key-31,1614
1775447909633,key-19,192
1775447909633,key-44,89
1775447909635,key-20,1989
1775447909637,key-11,372
1775447909639,key-3,806
1775447909639,key-38,233
1775447909640,key-28,400
1775447909642,key-34,158
1775447909643,key-3,810
1775447909645,key-44,101
1775447909646,key-21,1926
1775447909646,key-19,205
1775447909651,key-2,107
1775447909654,key-35,1194
1775447909655,key-18,133
1775447909656,key-46,730
1775447909658,key-33,741
1775447909658,key-15,1382
1775447909658,key-25,363
1775447909658,key-25,363
1775447909660,key-24,96
1775447909664,key-21,1944
1775447909664,key-33,747
1775447909667,key-8,339
1775447909668,key-5,839
1775447909668,key-8,340
1775447909674,key-32,726
1775447909675,key-38,269
1775447909680,key-33,763
1775447909683,key-9,418
1775447909685,key-24,121
1775447909687,key-37,245
1775447909687,key-11,422
1775447909690,key-21,1970
1775447909692,key-10,402
1775447909692,key-47,1415
1775447909696,key-33,779
1775447909698,key-36,1744
1775447909698,key-28,458
1775447909700,key-20,153
1775447909704,key-24,140
1775447909707,key-22,545
1775447909707,key-21,1987
1775447909708,key-33,791
1775447909709,key-22,547
1775447909711,key-38,305
1775447909715,key-3,882
1775447909721,key-21,2001
1775447909722,key-40,422
1775447909723,key-19,282
1775447909725,key-2,54
1775447909727,key-10,437
1775447909727,key-21,2007
1775447909729,key-8,401
1775447909734,key-15,1458
1775447909738,key-1,574
1775447909738,key-38,332
1775447909740,key-31,1722
1775447909741,key-33,824
1775447909743,key-20,196
1775447909747,key-14,2176
1775447909751,key-36,1797
1775447909754,key-37,312
1775447909759,key-11,494
1775447909760,key-11,495
1775447909760,key-46,834
1775447909762,key-13,2231
1775447909762,key-46,836
1775447909763,key-39,58
1775447909763,key-25,468
1775447909764,key-38,358
1775447909767,key-35,1307
1775447909767,key-43,107
1775447909769,key-46,843
1775447909770,key-12,571
1775447909772,key-46,846
1775447909773,key-44,229
1775447909775,key-33,858
1775447909779,key-36,1825
1775447909779,key-2,108
1775447909781,key-22,619
1775447909783,key-33,866
1775447909783,key-25,488
1775447909784,key-37,342
1775447909784,key-23,876
1775447909785,key-33,868
1775447909785,key-23,877
1775447909789,key-40,489
1775447909791,key-46,865
1775447909799,key-37,357
1775447909801,key-20,254
1775447909801,key-5,972
1775447909803,key-33,886
1775447909804,key-33,887
1775447909807,key-24,243
1775447909810,key-31,1792
1775447909811,key-29,963
1775447909814,key-11,549
1775447909815,key-24,251
1775447909815,key-47,1538
1775447909816,key-22,654
1775447909816,key-32,868
1775447909818,key-20,271
1775447909820,key-22,658
1775447909820,key-34,336
1775447909822,key-9,557
1775447909828,key-33,911
1775447909830,key-34,346
1775447909830,key-33,913
1775447909835,key-38,429
1775447909835,key-3,1002
1775447909839,key-24,275
1775447909840,key-50,755
1775447909843,key-1,679
1775447909847,key-42,56
1775447909849,key-46,923
1775447909855,key-37,413
1775447909856,key-34,372
1775447909856,key-33,64
1775447909859,key-25,564
1775447909859,key-15,1583
1775447909859,key-23,951
1775447909861,key-37,419
1775447909867,key-46,941
1775447909891,key-39,186
1775447909892,key-32,944
1775447909892,key-46,966
1775447909892,key-34,408
1775447909892,key-22,730
1775447909892,key-19,451
1775447909893,key-34,409
1775447909893,key-13,2362
1775447909893,key-13,2362
1775447909893,key-33,101
1775447909895,key-37,453
1775447909897,key-3,1064
1775447909899,key-22,737
1775447909899,key-43,239
1775447909901,key-2,230
1775447909901,key-9,636
1775447909906,key-40,606
1775447909907,key-24,343
1775447909907,key-33,115
1775447909912,key-46,986
1775447909914,key-23,1006
1775447909914,key-46,988
1775447909918,key-29,1070
1775447909918,key-47,1641
1775447909921,key-22,759
1775447909923,key-3,1090
1775447909924,key-29,1076
1775447909925,key-50,137
1775447909929,key-34,445
1775447909932,key-47,1655
1775447909932,key-20,385
1775447909935,key-20,388
1775447909938,key-33,146
1775447909939,key-5,1110
1775447909943,key-2,272
1775447909943,key-34,459
1775447909945,key-34,461
1775447909948,key-32,1000
1775447909948,key-33,156
1775447909948,key-34,464
1775447909950,key-33,158
1775447909953,key-31,1935
1775447909953,key-20,406
1775447909959,key-23,1051
1775447909959,key-46,1033
1775447909965,key-24,401
1775447909966,key-13,2435
1775447909974,key-23,1066
1775447909982,key-50,194
1775447909984,key-20,437
1775447909986,key-21,2266
1775447909992,key-36,2038
1775447909993,key-3,132
1775447909994,key-20,447
1775447909996,key-46,1070
1775447909996,key-34,512
1775447909997,key-46,1071
1775447909997,key-25,702
1775447909998,key-22,836
1775447910001,key-33,209
1775447910001,key-3,140
1775447910003,key-39,298
1775447910011,key-37,569
1775447910011,key-20,464
1775447910016,key-2,345
1775447910017,key-49,1260
1775447910017,key-8,689
1775447910019,key-46,1093
1775447910025,key-4,458
1775447910025,key-34,129
1775447910029,key-36,2075
1775447910030,key-47,1753
1775447910036,key-47,1759
1775447910038,key-23,1130
1775447910039,key-20,492
1775447910040,key-40,740
1775447910040,key-46,1114
1775447910043,key-50,255
1775447910048,key-33,126
1775447910049,key-48,2497
1775447910049,key-47,1772
1775447910049,key-17,1760
1775447910050,key-31,2032
1775447910056,key-14,2485
1775447910056,key-38,650
1775447910061,key-34,165
1775447910061,key-34,165
1775447910063,key-33,141
1775447910063,key-37,621
1775447910065,key-42,274
1775447910065,key-5,1236
1775447910067,key-46,1141
1775447910068,key-31,2050
1775447910073,key-45,257
1775447910076,key-2,405
1775447910078,key-42,77
1775447910078,key-25,783
1775447910078,key-33,156
1775447910080,key-23,1172
1775447910081,key-34,185
1775447910081,key-39,166
1775447910081,key-33,159
1775447910085,key-31,2067
1775447910090,key-44,546
1775447910090,key-4,523
1775447910094,key-33,172
1775447910097,key-32,1149
1775447910100,key-9,91
1775447910100,key-46,1174
1775447910100,key-2,429
1775447910101,key-20,554
1775447910102,key-36,66
1775447910102,key-47,1825
1775447910107,key-18,585
1775447910108,key-12,909
1775447910109,key-2,65
1775447910113,key-20,566
1775447910117,key-48,2565
1775447910118,key-31,2100
1775447910120,key-34,224
1775447910122,key-22,960
1775447910124,key-34,228
1775447910124,key-37,682
1775447910128,key-13,2596
1775447910129,key-40,829
1775447910131,key-36,2177
1775447910131,key-5,67
1775447910132,key-34,236
1775447910136,key-37,694
1775447910139,key-2,468
1775447910143,key-42,142
1775447910143,key-38,139
1775447910144,key-9,135
1775447910151,key-38,147
1775447910153,key-45,337
1775447910158,key-48,2606
1775447910158,key-3,297
1775447910159,key-25,864
1775447910161,key-36,125
1775447910161,key-23,1253
1775447910163,key-23,1255
1775447910164,key-7,764
1775447910165,key-12,966
1775447910169,key-47,1892
1775447910175,key-44,125
1775447910176,key-17,1887
1775447910176,key-2,132
1775447910178,key-28,938
1775447910179,key-27,124
1775447910180,key-45,364
1775447910180,key-45,364
1775447910182,key-44,132
1775447910182,key-46,1256
1775447910182,key-46,1256
1775447910184,key-40,884
1775447910187,key-30,289
1775447910188,key-30,290
1775447910189,key-24,625
1775447910192,key-13,2661
1775447910195,key-23,1287
1775447910198,key-23,1290
1775447910198,key-42,197
1775447910199,key-33,277
1775447910205,key-14,199
1775447910205,key-23,62
1775447910206,key-9,197
1775447910206,key-31,2188
1775447910207,key-20,660
1775447910212,key-37,770
1775447910217,key-22,1055
1775447910217,key-46,1291
1775447910217,key-23,1309
1775447910218,key-31,2200
1775447910219,key-44,169
1775447910219,key-32,1271
1775447910219,key-34,323
1775447910224,key-6,1488
1775447910227,key-12,1028
1775447910227,key-2,183
1775447910230,key-25,935
1775447910231,key-37,789
1775447910237,key-20,690
1775447910239,key-19,798
1775447910243,key-1,1079
1775447910244,key-46,1318
1775447910245,key-37,803
1775447910246,key-42,245
1775447910254,key-31,2236
1775447910254,key-13,2723
1775447910258,key-34,362
1775447910258,key-34,362
1775447910261,key-5,197
1775447910265,key-9,256
1775447910267,key-37,825
1775447910269,key-7,869
1775447910269,key-31,2251
1775447910272,key-45,456
1775447910272,key-23,129
1775447910273,key-34,377
1775447910275,key-31,2257
1775447910276,key-42,275
1775447910277,key-23,134
1775447910279,key-45,463
1775447910279,key-23,136
1775447910286,key-23,143
1775447910288,key-6,1552
1775447910288,key-48,2736
1775447910289,key-23,146
1775447910293,key-37,851
1775447910296,key-20,749
1775447910301,key-40,1001
1775447910305,key-25,1010
1775447910305,key-25,1010
1775447910307,key-21,2587
1775447910308,key-23,165
1775447910308,key-2,264
1775447910311,key-8,209
1775447910316,key-46,1390
1775447910316,key-30,418
1775447910318,key-22,137
1775447910319,key-40,1019
1775447910322,key-37,880
1775447910322,key-23,179
1775447910324,key-32,1376
1775447910327,key-29,473
1775447910328,key-14,322
1775447910330,key-38,326
1775447910334,key-45,518
1775447910334,key-14,328
1775447910339,key-12,1140
1775447910339,key-12,1140
1775447910345,key-37,903
1775447910347,key-6,1611
1775447910350,key-12,1151
1775447910352,key-6,1616
1775447910352,key-22,171
1775447910355,key-28,1115
1775447910360,key-19,919
1775447910362,key-31,2344
1775447910363,key-49,80
1775447910363,key-2,319
1775447910370,key-42,369
1775447910370,key-9,361
1775447910371,key-13,2840
1775447910371,key-37,929
1775447910375,key-19,934
1775447910375,key-37,933
1775447910377,key-45,561
1775447910378,key-47,2101
1775447910378,key-45,562
1775447910380,key-22,199
1775447910382,key-30,79
1775447910386,key-31,2368
1775447910387,key-43,727
1775447910387,key-41,3443
1775447910387,key-45,571
1775447910390,key-21,179
1775447910390,key-45,574
1775447910392,key-16,1401
1775447910392,key-31,2374
1775447910398,key-7,998
1775447910399,key-23,256
1775447910399,key-14,393
1775447910402,key-17,2113
1775447910403,key-20,856
1775447910406,key-12,1207
1775447910411,key-43,751
1775447910415,key-23,272
1775447910415,key-35,246
1775447910416,key-45,600
1775447910421,key-42,115
1775447910421,key-25,1126
1775447910427,key-48,2875
1775447910428,key-3,567
1775447910429,key-30,126
1775447910429,key-48,2877
1775447910432,key-30,129
1775447910433,key-18,911
1775447910435,key-37,993
1775447910438,key-40,1138
1775447910438,key-1,1274
1775447910447,key-41,3503
1775447910447,key-48,2895
1775447910448,key-29,594
1775447910450,key-14,444
1775447910451,key-39,110
1775447910452,key-22,271
1775447910452,key-37,1010
1775447910454,key-30,151
1775447910456,key-10,1166
1775447910459,key-34,563
1775447910462,key-43,802
1775447910463,key-11,1198
1775447910466,key-12,1267
1775447910469,key-12,1270
1775447910471,key-44,421
1775447910476,key-43,816
1775447910477,key-31,2459
1775447910478,key-19,1037
1775447910482,key-23,339
1775447910483,key-42,177
1775447910483,key-28,1243
1775447910483,key-37,1041
1775447910487,key-46,125
1775447910488,key-19,112
1775447910491,key-42,185
1775447910494,key-9,485
1775447910494,key-48,106
1775447910495,key-19,119
1775447910497,key-37,1055
1775447910499,key-41,3555
1775447910501,key-37,1059
1775447910501,key-40,1201
1775447910503,key-14,497
1775447910503,key-36,467
1775447910503,key-48,115
1775447910504,key-45,688
1775447910506,key-48,118
1775447910509,key-40,1209
1775447910510,key-43,850
1775447910514,key-30,211
1775447910514,key-19,111
1775447910515,key-45,699
1775447910515,key-40,1215
1775447910515,key-48,127
1775447910519,key-19,115
1775447910520,key-14,514
1775447910521,key-14,515
1775447910521,key-28,1281
1775447910524,key-31,2506
1775447910524,key-41,3580
1775447910525,key-29,671
1775447910525,key-39,184
1775447910529,key-4,962
1775447910531,key-34,119
1775447910539,key-12,1340
1775447910539,key-50,477
1775447910539,key-25,1244
1775447910544,key-47,2267
1775447910545,key-43,885
1775447910547,key-43,887
1775447910550,key-8,448
1775447910550,key-12,1351
1775447910552,key-42,246
1775447910553,key-37,52
1775447910553,key-18,1031
1775447910559,key-30,256
1775447910560,key-9,551
1775447910569,key-43,909
1775447910571,key-18,1049
1775447910571,key-36,535
1775447910577,key-36,541
1775447910578,key-41,3634
1775447910579,key-48,191
1775447910580,key-14,574
1775447910581,key-34,169
1775447910583,key-29,729
1775447910583,key-48,195
1775447910590,key-30,287
1775447910590,key-29,736
1775447910591,key-12,1392
1775447910594,key-34,182
1775447910596,key-14,590
1775447910596,key-16,130
1775447910597,key-48,209
1775447910597,key-42,291
1775447910597,key-45,781
1775447910598,key-42,292
1775447910599,key-34,187
1775447910599,key-40,1299
1775447910602,key-42,296
1775447910602,key-3,741
1775447910602,key-19,199
1775447910603,key-29,749
1775447910604,key-3,743
1775447910605,key-48,217
1775447910607,key-20,1060
1775447910612,key-32,68
1775447910613,key-34,201
1775447910618,key-47,2341
1775447910619,key-19,216
1775447910619,key-31,2601
1775447910620,key-34,208
1775447910622,key-47,74
1775447910622,key-45,806
1775447910628,key-48,240
1775447910630,key-48,242
1775447910631,key-30,328
1775447910637,key-48,249
1775447910640,key-29,786
1775447910640,key-39,299
1775447910641,key-14,635
1775447910641,key-4,1074
1775447910641,key-32,97
1775447910642,key-30,339
1775447910644,key-16,81
1775447910649,key-14,643
1775447910651,key-7,1251
1775447910654,key-1,1490
1775447910654,key-50,592
1775447910655,key-29,801
1775447910661,key-43,1001
1775447910661,key-8,211
1775447910662,key-48,274
1775447910665,key-11,165
1775447910667,key-37,166
1775447910667,key-26,53
1775447910672,key-9,663
1775447910673,key-14,667
1775447910673,key-39,332
1775447910674,key-43,1014
1775447910675,key-32,131
1775447910675,key-47,127
1775447910679,key-36,643
1775447910681,key-28,1441
1775447910683,key-17,84
1775447910683,key-12,1484
1775447910684,key-9,675
1775447910686,key-18,1164
1775447910689,key-49,406
1775447910694,key-45,878
1775447910694,key-48,306
1775447910696,key-29,842
1775447910696,key-47,148
1775447910696,key-14,690
1775447910696,key-24,1132
1775447910698,key-30,395
1775447910702,key-32,158
1775447910704,key-48,316
1775447910710,key-20,1163
1775447910710,key-48,322
1775447910717,key-32,173
1775447910720,key-34,308
1775447910723,key-50,661
1775447910724,key-29,870
1775447910724,key-35,555
1775447910726,key-20,1179
1775447910726,key-26,112
1775447910727,key-48,339
1775447910728,key-48,340
1775447910731,key-34,319
1775447910735,key-45,919
1775447910736,key-3,875
1775447910737,key-47,189
1775447910737,key-30,434
1775447910737,key-16,174
1775447910741,key-17,142
1775447910744,key-48,356
1775447910749,key-9,740
1775447910750,key-32,206
1775447910751,key-18,1229
1775447910755,key-46,393
1775447910755,key-5,691
1775447910760,key-48,372
1775447910760,key-39,419
1775447910760,key-11,260
1775447910761,key-9,752
1775447910769,key-50,707
1775447910769,key-1,1605
1775447910771,key-50,709
1775447910773,key-32,229
1775447910773,key-35,604
1775447910776,key-31,2758
1775447910777,key-50,715
1775447910778,key-10,1488
1775447910779,key-4,1212
1775447910780,key-1,1616
1775447910782,key-48,394
1775447910782,key-14,776
1775447910783,key-21,572
1775447910783,key-36,747
1775447910787,key-5,723
1775447910788,key-48,400
1775447910789,key-37,288
1775447910789,key-23,646
1775447910792,key-17,193
1775447910797,key-18,1275
1775447910798,key-2,83
1775447910801,key-10,1511
1775447910802,key-13,3271
1775447910804,key-29,950
1775447910806,key-6,283
1775447910807,key-43,1147
1775447910807,key-50,745
1775447910811,key-12,1612
1775447910811,key-29,957
1775447910814,key-45,998
1775447910814,key-48,426
1775447910816,key-24,1252
1775447910819,key-17,220
1775447910822,key-48,434
1775447910823,key-40,1523
1775447910824,key-18,63
1775447910826,key-37,325
1775447910830,key-9,821
1775447910830,key-45,1014
1775447910831,key-48,443
1775447910839,key-39,498
1775447910840,key-28,1600
1775447910841,key-39,500
1775447910843,key-20,1296
1775447910843,key-48,455
1775447910843,key-48,455
1775447910844,key-21,633
1775447910844,key-23,701
1775447910844,key-18,105
1775447910845,key-14,87
1775447910845,key-1,1681
1775447910849,key-37,348
1775447910856,key-10,1566
1775447910857,key-4,1290
1775447910858,key-16,295
1775447910867,key-6,344
1775447910867,key-5,108
1775447910873,key-21,662
1775447910874,key-30,571
1775447910874,key-34,115
1775447910874,key-5,115
1775447910875,key-37,374
1775447910875,key-39,534
1775447910875,key-25,375
1775447910878,key-26,264
1775447910880,key-14,122
1775447910882,key-2,167
1775447910882,key-45,1066
1775447910884,key-48,496
1775447910890,key-38,571
1775447910892,key-49,609
1775447910892,key-17,293
1775447910892,key-19,215
1775447910892,key-35,723
1775447910893,key-48,505
1775447910897,key-37,396
1775447910905,key-2,190
1775447910906,key-37,405
1775447910907,key-1,1743
1775447910907,key-10,1617
1775447910909,key-35,740
1775447910909,key-15,560
1775447910910,key-21,699
1775447910912,key-13,3381
1775447910912,key-48,524
1775447910917,key-29,1063
1775447910918,key-49,635
1775447910919,key-2,204
1775447910924,key-2,209
1775447910926,key-1,1762
1775447910926,key-44,118
1775447910928,key-18,167
1775447910931,key-40,1631
1775447910935,key-25,435
1775447910942,key-40,1642
1775447910942,key-44,118
1775447910942,key-3,1081
1775447910942,key-22,118
1775447910943,key-12,1744
1775447910943,key-26,329
1775447910943,key-24,1379
1775447910948,key-40,1648
1775447910948,key-21,737
1775447910951,key-22,127
1775447910954,key-17,355
1775447910955,key-39,614
1775447910958,key-34,199
1775447910959,key-48,571
1775447910962,key-35,793
1775447910962,key-21,751
1775447910965,key-48,577
1775447910968,key-39,627
1775447910975,key-50,69
1775447910975,key-27,526
1775447910977,key-9,968
1775447910977,key-35,808
1775447910978,key-39,637
1775447910984,key-26,370
1775447910984,key-5,123
1775447910984,key-4,1417
1775447910985,key-5,124
1775447910985,key-45,1169
1775447910986,key-37,485
1775447910990,key-50,84
1775447910990,key-2,275
1775447910993,key-13,3462
1775447910994,key-25,494
1775447910995,key-10,1705
1775447910995,key-14,125
1775447910995,key-21,784
1775447910996,key-19,319
1775447910999,key-13,3468
1775447910999,key-35,830
1775447910999,key-24,1435
1775447911000,key-5,139
1775447911002,key-12,120
1775447911002,key-29,1148
1775447911003,key-40,1703
1775447911005,key-26,391
1775447911006,key-13,3475
1775447911009,key-38,690
1775447911009,key-44,185
1775447911009,key-49,726
1775447911009,key-40,1709
1775447911010,key-27,561
1775447911010,key-26,396
1775447911012,key-42,489
1775447911012,key-2,297
1775447911018,key-28,1778
1775447911019,key-15,670
1775447911019,key-3,114
1775447911024,key-37,523
1775447911024,key-13,3493
1775447911026,key-16,463
1775447911026,key-32,482
1775447911028,key-24,1464
1775447911028,key-27,579
1775447911028,key-17,429
1775447911029,key-2,314
1775447911032,key-1,1868
1775447911034,key-2,319
1775447911035,key-11,535
1775447911038,key-28,1798
1775447911038,key-37,537
1775447911038,key-6,515
1775447911039,key-48,651
1775447911039,key-25,539
1775447911045,key-35,876
1775447911045,key-50,139
1775447911047,key-40,1747
1775447911049,key-38,730
1775447911054,key-2,339
1775447911056,key-22,232
1775447911056,key-13,3525
1775447911057,key-1,126
1775447911057,key-1,126
1775447911058,key-40,1758
1775447911059,key-38,740
1775447911060,key-39,719
1775447911063,key-35,894
1775447911065,key-10,1775
1775447911071,key-42,548
1775447911077,key-17,478
1775447911079,key-18,318
1775447911080,key-3,175
1775447911082,key-40,1782
1775447911082,key-14,212
1775447911084,key-38,765
1775447911085,key-39,744
1775447911085,key-30,782
1775447911088,key-16,525
1775447911092,key-27,643
1775447911093,key-2,378
1775447911098,key-40,1798
1775447911099,key-13,3568
1775447911099,key-38,780
1775447911101,key-39,760
1775447911102,key-44,278
1775447911107,key-45,1291
1775447911108,key-19,71
1775447911109,key-50,203
1775447911109,key-13,3578
1775447911109,key-37,608
1775447911110,key-12,228
1775447911114,key-38,795
1775447911114,key-39,773
1775447911114,key-25,614
1775447911114,key-13,3583
1775447911115,key-25,615
1775447911119,key-24,1555
1775447911119,key-35,950
1775447911120,key-40,1820
1775447911120,key-2,405
1775447911122,key-44,298
1775447911122,key-38,803
1775447911122,key-49,839
1775447911124,key-28,1884
1775447911127,key-25,627
1775447911127,key-47,58
1775447911130,key-38,811
1775447911135,key-17,157
1775447911137,key-8,56
1775447911137,key-42,614
1775447911139,key-2,424
1775447911141,key-12,259
1775447911141,key-41,104
1775447911143,key-26,180
1775447911144,key-36,1108
1775447911145,key-13,3614
1775447911145,key-35,976
1775447911147,key-1,216
1775447911150,key-16,587
1775447911152,key-37,651
1775447911152,key-16,589
1775447911152,key-16,589
1775447911154,key-19,117
1775447911159,key-14,54
1775447911163,key-28,1923
1775447911164,key-27,715
1775447911169,key-13,3638
1775447911169,key-2,454
1775447911172,key-37,671
1775447911172,key-39,831
1775447911176,key-38,857
1775447911176,key-34,417
1775447911178,key-37,677
1775447911178,key-19,141
1775447911183,key-47,114
1775447911184,key-3,279
1775447911186,key-35,1017
1775447911188,key-38,73
1775447911189,key-38,74
1775447911189,key-10,1899
1775447911193,key-49,910
1775447911193,key-18,432
1775447911194,key-14,89
1775447911196,key-37,695
1775447911198,key-8,117
1775447911198,key-12,316
1775447911198,key-14,328
1775447911201,key-41,164
1775447911203,key-10,1913
1775447911204,key-37,703
1775447911207,key-1,276
1775447911210,key-47,141
1775447911210,key-2,495
1775447911213,key-44,389
1775447911213,key-40,1913
1775447911215,key-12,333
1775447911218,key-33,324
1775447911218,key-41,181
1775447911218,key-19,181
1775447911220,key-37,719
1775447911220,key-29,1366
1775447911224,key-12,342
1775447911224,key-37,723
1775447911229,key-38,114
1775447911229,key-24,1665
1775447911230,key-14,125
1775447911230,key-38,115
1775447911232,key-40,1932
1775447911234,key-30,931
1775447911234,key-40,1934
1775447911235,key-20,1688
1775447911239,key-35,1070
1775447911239,key-47,170
1775447911245,key-38,130
1775447911245,key-35,1076
1775447911245,key-7,225
1775447911247,key-50,341
1775447911250,key-42,727
1775447911250,key-26,287
1775447911254,key-30,951
1775447911255,key-5,108
1775447911255,key-15,906
1775447911256,key-12,374
1775447911261,key-36,1225
1775447911264,key-15,915
1775447911266,key-14,161
1775447911267,key-28,2027
1775447911269,key-5,122
1775447911271,key-12,389
1775447911274,key-8,55
1775447911274,key-1,343
1775447911275,key-14,56
1775447911275,key-41,238
1775447911279,key-1,348
1775447911280,key-27,831
1775447911281,key-35,1112
1775447911281,key-37,780
1775447911282,key-19,245
1775447911283,key-16,720
1775447911283,key-14,64
1775447911286,key-22,462
1775447911286,key-19,249
1775447911290,key-44,466
1775447911290,key-39,949
1775447911291,key-11,202
1775447911291,key-14,72
1775447911297,key-40,1997
1775447911299,key-23,1156
1775447911299,key-19,262
1775447911306,key-35,1137
1775447911307,key-37,806
1775447911307,key-47,132
1775447911309,key-14,59
1775447911310,key-8,91
1775447911312,key-1,381
1775447911314,key-28,2074
1775447911314,key-49,1031
1775447911316,key-37,815
1775447911317,key-38,202
1775447911320,key-35,1151
1775447911323,key-5,176
1775447911323,key-32,111
1775447911324,key-28,2084
1775447911325,key-5,178
1775447911326,key-46,114
1775447911328,key-39,987
1775447911328,key-7,308
1775447911329,key-14,110
1775447911329,key-37,828
1775447911331,key-26,368
1775447911331,key-44,507
1775447911333,key-11,244
1775447911334,key-40,2034
1775447911335,key-36,1299
1775447911341,key-8,122
1775447911345,key-12,56
1775447911348,key-1,417
1775447911348,key-37,847
1775447911355,key-35,1186
1775447911357,key-25,107
1775447911358,key-19,321
1775447911360,key-29,1506
1775447911360,key-34,601
1775447911365,key-17,387
1775447911366,key-14,116
1775447911368,key-11,279
1775447911368,key-20,1821
1775447911368,key-38,253
1775447911375,key-15,1026
1775447911376,key-5,229
1775447911376,key-19,339
1775447911376,key-37,875
1775447911379,key-5,232
1775447911380,key-40,2080
1775447911380,key-28,2140
1775447911380,key-50,474
1775447911381,key-35,1212
1775447911381,key-1,450
1775447911388,key-12,506
1775447911388,key-49,1105
1775447911389,key-5,242
1775447911389,key-9,1380
1775447911392,key-9,1383
1775447911392,key-7,372
1775447911395,key-43,1735
1775447911396,key-30,1093
1775447911399,key-14,149
1775447911401,key-46,189
1775447911404,key-16,841
1775447911406,key-28,2166
1775447911406,key-37,905
1775447911412,key-47,237
1775447911412,key-19,375
1775447911414,key-44,590
1775447911416,key-37,915
1775447911416,key-35,1247
1775447911417,key-12,128
1775447911418,key-14,168
1775447911420,key-37,919
1775447911422,key-11,333
1775447911427,key-8,208
1775447911430,key-46,218
1775447911430,key-20,1883
1775447911433,key-25,183
1775447911433,key-5,286
1775447911443,key-16,880
1775447911443,key-36,1407
1775447911445,key-28,2205
1775447911447,key-28,2207
1775447911449,key-12,160
1775447911449,key-33,555
1775447911451,key-28,2211
1775447911455,key-22,631
1775447911456,key-35,1287
1775447911457,key-27,1008
1775447911457,key-40,2157
1775447911458,key-5,311
1775447911458,key-50,552
1775447911462,key-38,110
1775447911467,key-11,378
1775447911470,key-35,1301
1775447911470,key-35,1301
1775447911471,key-27,1022
1775447911472,key-11,383
1775447911472,key-35,1303
1775447911473,key-11,384
1775447911479,key-40,2179
1775447911479,key-32,267
1775447911480,key-40,2180
1775447911480,key-42,957
1775447911480,key-44,656
1775447911482,key-48,1094
1775447911485,key-50,579
1775447911487,key-46,275
1775447911488,key-5,61
1775447911491,key-9,1482
1775447911491,key-29,87
1775447911494,key-50,588
1775447911498,key-38,146
1775447911499,key-5,352
1775447911502,key-11,413
1775447911502,key-3,354
1775447911503,key-5,356
1775447911503,key-20,1956
1775447911504,key-15,1155
1775447911507,key-33,613
1775447911507,key-5,360
1775447911508,key-29,104
1775447911509,key-9,1500
1775447911509,key-33,615
1775447911516,key-22,692
1775447911516,key-20,1969
1775447911518,key-12,229
1775447911518,key-27,1069
1775447911522,key-47,347
1775447911524,key-39,1183
1775447911525,key-47,350
1775447911525,key-37,1024
1775447911525,key-36,170
1775447911529,key-22,705
1775447911531,key-37,1030
1775447911534,key-5,107
1775447911534,key-44,710
1775447911534,key-47,359
1775447911540,key-17,562
1775447911542,key-50,636
1775447911542,key-48,1154
1775447911544,key-5,117
1775447911544,key-5,117
1775447911546,key-48,1158
1775447911549,key-35,1380
1775447911551,key-40,2251
1775447911551,key-32,339
1775447911552,key-19,515
1775447911554,key-5,127
1775447911555,key-35,1386
1775447911555,key-37,1054
1775447911559,key-40,2259
1775447911560,key-15,1211
1775447911560,key-9,1551
1775447911561,key-38,209
1775447911566,key-3,418
1775447911570,key-5,143
1775447911570,key-30,108
1775447911573,key-3,425
1775447911573,key-5,146
1775447911575,key-12,286
1775447911579,key-6,1056
1775447911579,key-9,1570
1775447911584,key-35,1415
1775447911589,key-35,1420
1775447911589,key-35,1420
1775447911591,key-47,416
1775447911594,key-46,382
1775447911595,key-11,506
1775447911595,key-11,506
1775447911597,key-47,422
1775447911601,key-17,623
1775447911601,key-39,1260
1775447911605,key-37,1104
1775447911605,key-31,611
1775447911606,key-20,2059
1775447911608,key-11,519
1775447911608,key-11,519
1775447911610,key-44,786
1775447911610,key-40,2310
1775447911614,key-38,262
1775447911617,key-9,1608
1775447911619,key-8,400
1775447911621,key-50,715
1775447911625,key-41,588
1775447911631,key-39,1290
1775447911632,key-37,66
1775447911633,key-22,809
1775447911634,key-15,1285
1775447911634,key-4,2067
1775447911639,key-43,97
1775447911640,key-47,465
1775447911640,key-5,213
1775447911642,key-12,353
1775447911643,key-33,749
1775447911647,key-32,435
1775447911647,key-50,741
1775447911648,key-49,1365
1775447911648,key-35,1479
1775447911649,key-35,1480
1775447911650,key-27,1201
1775447911655,key-20,2108
1775447911655,key-21,1444
1775447911658,key-46,446
1775447911658,key-12,369
1775447911658,key-37,1157
1775447911660,key-40,2360
1775447911661,key-3,513
1775447911662,key-35,1493
1775447911662,key-45,1846
1775447911674,key-45,1858
1775447911674,key-19,637
1775447911675,key-48,1287
1775447911675,key-42,1152
1775447911678,key-19,641
1775447911691,key-32,479
1775447911739,key-45,1923
1775447911740,key-3,592
1775447911743,key-12,116
1775447911743,key-11,654
1775447911743,key-50,837
1775447911743,key-5,316
1775447911744,key-24,350
1775447911744,key-5,317
1775447911744,key-35,1575
1775447911744,key-20,2197
1775447911744,key-42,1221
1775447911745,key-2,393
1775447911745,key-15,1396
1775447911745,key-12,456
1775447911745,key-46,533
1775447911745,key-5,318
1775447911745,key-35,1576
1775447911745,key-29,123
1775447911746,key-42,1223
1775447911746,key-22,922
1775447911746,key-9,1737
1775447911746,key-46,534
1775447911746,key-47,571
1775447911746,key-7,118
1775447911747,key-23,1604
1775447911747,key-20,2200
1775447911747,key-12,120
1775447911747,key-20,2200
1775447911747,key-7,119
1775447911752,key-39,1411
1775447911775,key-40,2475
1775447911785,key-5,358
1775447911789,key-31,154
1775447911791,key-34,1032
1775447911792,key-47,617
1775447911793,key-38,441
1775447911793,key-12,166
1775447911803,key-48,137
1775447911803,key-21,1592
1775447911806,key-12,179
1775447911806,key-12,179
1775447911807,key-41,128
1775447911807,key-21,1596
1775447911807,key-45,1991
1775447911807,key-20,2260
1775447911811,key-46,599
1775447911814,key-9,1805
1775447911823,key-20,2276
1775447911826,key-7,198
1775447911827,key-20,2280
1775447911828,key-20,2281
1775447911829,key-31,62
1775447911849,key-40,92
1775447911850,key-31,83
1775447911850,key-23,1707
1775447911851,key-40,94
1775447911851,key-46,639
1775447911851,key-9,1842
1775447911851,key-22,107
1775447911852,key-47,186
1775447911852,key-46,640
1775447911856,key-47,190
1775447911856,key-48,190
1775447911857,key-47,191
1775447911858,key-19,821
1775447911859,key-45,2043
1775447911859,key-35,1690
1775447911860,key-3,712
1775447911861,key-27,1412
1775447911863,key-44,1039
1775447911863,key-6,1340
1775447911865,key-11,119
1775447911866,key-35,1697
1775447911873,key-17,895
1775447911876,key-46,664
1775447911878,key-11,132
1775447911879,key-5,452
1775447911880,key-34,1121
1775447911880,key-49,1597
1775447911884,key-21,1673
1775447911885,key-49,1602
1775447911899,key-40,142
1775447911900,key-31,133
1775447911900,key-20,2353
1775447911901,key-12,274
1775447911901,key-39,1560
1775447911901,key-32,689
1775447911901,key-11,155
1775447911902,key-34,1143
1775447911902,key-31,135
1775447911902,key-34,1143
1775447911902,key-23,1759
1775447911908,key-20,2361
1775447911908,key-29,60
1775447911909,key-41,230
1775447911909,key-40,152
1775447911909,key-9,1900
1775447911914,key-1,983
1775447911915,key-16,1352
1775447911920,key-21,1709
1775447911921,key-12,294
1775447911929,key-31,162
1775447911929,key-49,1646
1775447911935,key-48,269
1775447911942,key-44,73
1775447911942,key-35,1773
1775447911950,key-45,183
1775447911952,key-44,83
1775447911952,key-20,2405
1775447911952,key-6,1429
1775447911953,key-21,1742
1775447911954,key-20,2407
1775447911954,key-26,157
1775447911954,key-46,742
1775447911955,key-17,977
1775447911958,key-20,2411
1775447911958,key-2,606
1775447911960,key-23,80
1775447911961,key-45,194
1775447911964,key-49,1681
1775447911964,key-45,197
1775447911964,key-37,398
1775447911965,key-20,2418
1775447911969,key-40,212
1775447911971,key-48,305
1775447911971,key-22,157
1775447911972,key-48,306
1775447911973,key-3,825
1775447911973,key-40,216
1775447911977,key-47,311
1775447911978,key-14,728
1775447911981,key-19,944
1775447911981,key-46,769
1775447911987,key-14,737
1775447911988,key-32,776
1775447911990,key-12,363
1775447911991,key-27,1542
1775447911991,key-34,1232
1775447911994,key-34,1235
1775447911994,key-34,1235
1775447911995,key-11,249
1775447911998,key-3,850
1775447912006,key-44,137
1775447912007,key-49,1724
1775447912008,key-49,1725
1775447912009,key-38,657
1775447912009,key-47,343
1775447912012,key-48,346
1775447912018,key-49,1735
1775447912024,key-20,2477
1775447912030,key-11,284
1775447912030,key-16,1467
1775447912030,key-12,403
1775447912031,key-2,679
1775447912032,key-29,184
1775447912032,key-1,1101
1775447912032,key-49,1749
1775447912037,key-43,186
1775447912042,key-23,162
1775447912043,key-32,831
1775447912046,key-49,1763
1775447912047,key-20,2500
1775447912051,key-35,1882
1775447912051,key-12,424
1775447912053,key-47,387
1775447912055,key-21,1844
1775447912055,key-3,130
1775447912057,key-3,132
1775447912057,key-34,1298
1775447912059,key-48,393
1775447912059,key-7,431
1775447912063,key-32,851
1775447912063,key-45,88
1775447912064,key-49,1781
1775447912066,key-20,2519
1775447912066,key-6,1543
1775447912075,key-46,863
1775447912076,key-48,410
1775447912076,key-14,826
1775447912078,key-48,412
1775447912078,key-46,866
1775447912078,key-48,412
1775447912079,key-20,57
1775447912083,key-47,417
1775447912083,key-46,871
1775447912085,key-11,339
1775447912094,key-37,528
1775447912095,key-22,281
1775447912096,key-36,741
1775447912096,key-40,339
1775447912096,key-43,245
1775447912097,key-38,745
1775447912098,key-20,2551
1775447912098,key-45,123
1775447912098,key-3,173
1775447912101,key-34,1342
1775447912101,key-16,1538
1775447912107,key-13,4576
1775447912110,key-22,296
1775447912114,key-11,368
1775447912115,key-44,246
1775447912119,key-28,61
1775447912119,key-34,1360
1775447912128,key-34,1369
1775447912129,key-12,502
1775447912130,key-23,250
1775447912131,key-48,465
1775447912132,key-12,505
1775447912137,key-34,1378
1775447912138,key-49,1855
1775447912138,key-1,1207
1775447912141,key-29,192
1775447912141,key-11,395
1775447912145,key-48,479
1775447912147,key-34,1388
1775447912147,key-46,935
1775447912149,key-19,1112
1775447912150,key-6,1627
1775447912150,key-20,128
1775447912152,key-20,130
1775447912152,key-30,690
1775447912159,key-37,593
1775447912159,key-31,392
1775447912160,key-47,494
1775447912164,key-16,1601
1775447912164,key-41,485
1775447912166,key-27,1717
1775447912167,key-21,1956
1775447912167,key-11,421
1775447912168,key-42,1645
1775447912170,key-3,245
1775447912172,key-32,960
1775447912174,key-9,2165
1775447912174,key-37,608
1775447912179,key-23,299
1775447912180,key-20,158
1775447912180,key-32,968
1775447912181,key-46,969
1775447912184,key-8,965
1775447912184,key-9,2175
1775447912185,key-20,163
1775447912185,key-16,1622
1775447912185,key-34,1426
1775447912186,key-3,261
1775447912189,key-23,309
1775447912190,key-48,524
1775447912200,key-49,1917
1775447912204,key-20,182
1775447912206,key-38,854
1775447912206,key-47,121
1775447912213,key-34,1454
1775447912213,key-36,858
1775447912213,key-25,186
1775447912214,key-6,1691
1775447912214,key-13,4683
1775447912216,key-6,1693
1775447912218,key-5,108
1775447912219,key-19,1182
1775447912228,key-37,662
1775447912228,key-40,471
1775447912229,key-20,207
1775447912229,key-11,483
1775447912230,key-9,2221
1775447912234,key-16,1671
1775447912236,key-16,1673
1775447912237,key-49,1954
1775447912238,key-34,1479
1775447912239,key-32,133
1775447912241,key-20,219
1775447912245,key-22,431
1775447912246,key-24,852
1775447912247,key-48,581
1775447912250,key-32,144
1775447912252,key-32,146
1775447912252,key-12,625
1775447912262,key-34,1503
1775447912264,key-31,497
1775447912266,key-48,600
1775447912270,key-21,2059
1775447912272,key-41,593
1775447912273,key-15,1924
1775447912274,key-47,189
1775447912276,key-47,191
1775447912276,key-6,1753
1775447912279,key-18,1518
1775447912279,key-43,428
1775447912281,key-3,356
1775447912281,key-18,1520
1775447912287,key-20,265
1775447912288,key-21,2077
1775447912288,key-9,2279
1775447912288,key-48,622
1775447912290,key-28,232
1775447912291,key-16,1728
1775447912291,key-42,1768
1775447912292,key-9,2283
1775447912294,key-7,666
1775447912298,key-3,373
1775447912298,key-34,1539
1775447912298,key-9,2289
1775447912301,key-34,1542
1775447912302,key-23,422
1775447912303,key-20,281
1775447912303,key-20,281
1775447912306,key-32,200
1775447912308,key-5,198
1775447912310,key-9,2301
1775447912310,key-45,130
1775447912316,key-3,391
1775447912317,key-13,4786
1775447912319,key-32,213
1775447912319,key-47,234
1775447912321,key-48,655
1775447912322,key-48,656
1775447912323,key-39,1982
1775447912324,key-24,930
1775447912324,key-41,645
1775447912329,key-31,562
1775447912331,key-21,92
1775447912331,key-37,765
1775447912333,key-20,311
1775447912333,key-10,529
1775447912338,key-22,524
1775447912339,key-6,1816
1775447912343,key-18,1582
1775447912343,key-11,597
1775447912343,key-47,97
1775447912344,key-47,98
1775447912344,key-36,989
1775447912346,key-48,61
1775447912347,key-6,1824
1775447912347,key-32,241
1775447912351,key-8,176
1775447912352,key-48,67
1775447912356,key-32,250
1775447912357,key-20,335
1775447912357,key-7,729
1775447912364,key-33,143
1775447912365,key-42,1842
1775447912369,key-10,565
1775447912370,key-9,2361
1775447912374,key-28,316
1775447912377,key-31,610
1775447912380,key-19,1343
1775447912382,key-44,513
1775447912382,key-45,146
1775447912383,key-47,137
1775447912383,key-18,1622
1775447912384,key-32,108
1775447912389,key-34,1630
1775447912389,key-48,104
1775447912390,key-29,218
1775447912390,key-31,623
1775447912392,key-31,625
1775447912395,key-48,110
1775447912396,key-3,471
1775447912396,key-6,1873
1775447912397,key-6,1874
1775447912405,key-48,120
1775447912406,key-12,779
1775447912407,key-42,1884
1775447912412,key-42,1889
1775447912416,key-32,140
1775447912417,key-11,671
1775447912418,key-33,197
1775447912418,key-20,396
1775447912420,key-9,2411
1775447912420,key-43,569
1775447912420,key-28,362
1775447912423,key-47,177
1775447912424,key-32,148
1775447912426,key-7,798
1775447912426,key-32,150
1775447912428,key-36,1073
1775447912428,key-39,2087
1775447912428,key-35,232
1775447912431,key-37,865
1775447912434,key-26,637
1775447912441,key-10,637
1775447912441,key-32,165
1775447912443,key-41,764
1775447912448,key-10,90
1775447912450,key-36,1095
1775447912455,key-39,2114
1775447912456,key-19,1419
1775447912456,key-18,1695
1775447912459,key-10,655
1775447912459,key-4,2892
1775447912461,key-37,895
1775447912461,key-42,75
1775447912461,key-13,4930
1775447912463,key-8,288
1775447912463,key-5,353
1775447912469,key-6,1946
1775447912469,key-46,1257
1775447912471,key-48,186
1775447912471,key-8,296
1775447912472,key-32,196
1775447912474,key-2,1122
1775447912475,key-29,303
1775447912477,key-2,1125
1775447912479,key-6,1956
1775447912479,key-17,438
1775447912485,key-7,857
1775447912495,key-3,570
1775447912495,key-27,271
1775447912499,key-42,113
1775447912499,key-19,1462
1775447912500,key-3,575
1775447912502,key-10,144
1775447912504,key-16,1941
1775447912506,key-9,86
1775447912510,key-26,111
1775447912513,key-48,228
1775447912514,key-37,155
1775447912520,key-47,274
1775447912522,key-45,286
1775447912523,key-10,165
1775447912524,key-19,1487
1775447912525,key-6,2002
1775447912531,key-12,904
1775447912533,key-32,257
1775447912533,key-8,358
1775447912540,key-26,141
1775447912541,key-48,256
1775447912546,key-41,867
1775447912548,key-33,327
1775447912554,key-37,195
1775447912556,key-9,136
1775447912561,key-9,141
1775447912564,key-46,1352
1775447912566,key-36,1211
1775447912567,key-38,1215
1775447912570,key-7,942
1775447912575,key-46,1363
1775447912584,key-33,363
1775447912585,key-43,734
1775447912586,key-2,1234
1775447912587,key-37,228
1775447912588,key-21,349
1775447912589,key-37,230
1775447912590,key-46,1378
1775447912590,key-42,204
1775447912591,key-19,1554
1775447912591,key-50,307
1775447912592,key-7,964
1775447912593,key-16,2030
1775447912593,key-4,3026
1775447912594,key-14,332
1775447912596,key-9,176
1775447912598,key-5,488
1775447912599,key-6,88
1775447912604,key-46,1392
1775447912605,key-14,343
1775447912606,key-1,126
1775447912608,key-6,2085
1775447912608,key-2,1256
1775447912608,key-41,929
1775447912610,key-6,99
1775447912610,key-8,122
1775447912613,key-25,586
1775447912616,key-16,2053
1775447912618,key-26,219
1775447912619,key-38,1267
1775447912622,key-33,145
1775447912622,key-48,337
1775447912625,key-40,868
1775447912630,key-6,119
1775447912631,key-3,706
1775447912631,key-19,1594
1775447912642,key-26,243
1775447912645,key-41,966
1775447912649,key-41,89
1775447912652,key-4,3085
1775447912652,key-42,266
1775447912652,key-43,801
1775447912652,key-47,406
1775447912653,key-37,294
1775447912655,key-46,1443
1775447912658,key-37,299
1775447912661,key-6,150
1775447912664,key-7,1036
1775447912665,key-50,381
1775447912665,key-44,796
1775447912669,key-32,393
1775447912671,key-18,1910
1775447912671,key-19,1634
1775447912672,key-48,387
1775447912672,key-30,1210
1775447912672,key-9,252
1775447912672,key-34,1913
1775447912672,key-19,1635
1775447912679,key-27,85
1775447912683,key-37,324
1775447912687,key-14,425
1775447912688,key-26,289
1775447912693,key-31,926
1775447912693,key-14,431
1775447912698,key-40,114
1775447912702,key-9,282
1775447912702,key-6,191
1775447912702,key-33,225
1775447912703,key-26,304
1775447912703,key-48,418
1775447912704,key-41,144
1775447912704,key-21,465
1775447912704,key-30,1242
1775447912704,key-33,227
1775447912706,key-26,307
1775447912709,key-9,289
1775447912714,key-46,1502
1775447912715,key-37,356
1775447912715,key-41,155
1775447912716,key-17,675
1775447912716,key-39,2375
1775447912718,key-18,1957
1775447912722,key-35,526
1775447912725,key-8,180
1775447912728,key-6,217
1775447912730,key-15,137
1775447912731,key-13,5200
1775447912732,key-22,918
1775447912737,key-14,475
1775447912737,key-46,1525
1775447912738,key-26,339
1775447912738,key-27,144
1775447912738,key-6,227
1775447912742,key-44,873
1775447912744,key-18,1983
1775447912745,key-14,483
1775447912746,key-26,347
1775447912752,key-26,353
1775447912754,key-9,334
1775447912754,key-33,277
1775447912755,key-4,3188
1775447912755,key-6,244
1775447912755,key-44,886
1775447912757,key-37,398
1775447912758,key-9,338
1775447912763,key-31,996
1775447912765,key-48,480
1775447912766,key-46,1554
1775447912766,key-39,2425
1775447912770,key-16,2207
1775447912771,key-33,294
1775447912772,key-4,3205
1775447912776,key-4,3209
1775447912776,key-50,492
1775447912779,key-47,533
1775447912783,key-32,507
1775447912791,key-26,392
1775447912792,key-9,372
1775447912792,key-39,2451
1775447912792,key-45,54
1775447912795,key-44,926
1775447912795,key-12,1168
1775447912797,key-6,286
1775447912797,key-41,237
1775447912799,key-9,379
1775447912803,key-44,934
1775447912804,key-27,210
1775447912805,key-44,936
1775447912809,key-27,215
1775447912810,key-48,525
1775447912810,key-15,217
1775447912811,key-9,391
1775447912811,key-26,412
1775447912816,key-9,396
1775447912818,key-14,169
1775447912818,key-19,1781
1775447912821,key-45,585
1775447912821,key-21,582
1775447912822,key-27,228
1775447912822,key-33,345
1775447912823,key-48,538
1775447912825,key-3,900
1775447912825,key-33,348
1775447912829,key-9,409
1775447912829,key-46,1617
1775447912829,key-9,409
1775447912831,key-6,320
1775447912833,key-33,356
1775447912835,key-47,589
1775447912837,key-33,360
1775447912839,key-33,362
1775447912843,key-39,2502
1775447912843,key-28,111
1775447912850,key-9,430
1775447912850,key-21,611
1775447912852,key-48,567
1775447912854,key-22,1040
1775447912862,key-35,666
1775447912864,key-44,995
1775447912865,key-26,466
1775447912866,key-10,508
1775447912868,key-44,999
1775447912870,key-27,75
1775447912875,key-1,395
1775447912877,key-22,1063
1775447912877,key-39,2536
1775447912879,key-17,838
1775447912879,key-13,5348
1775447912882,key-21,643
1775447912883,key-31,1116
1775447912888,key-48,603
1775447912890,key-6,379
1775447912890,key-33,413
1775447912894,key-33,417
1775447912896,key-9,476
1775447912896,key-28,164
1775447912897,key-3,972
1775447912899,key-28,167
1775447912901,key-47,655
1775447912901,key-19,1864
1775447912901,key-9,481
1775447912901,key-37,542
1775447912902,key-31,1135
1775447912905,key-18,2144
1775447912906,key-33,429
1775447912907,key-21,668
1775447912907,key-4,3340
1775447912909,key-3,984
1775447912917,key-26,518
1775447912917,key-28,185
1775447912919,key-28,187
1775447912921,key-6,410
1775447912922,key-44,1053
1775447912922,key-15,329
1775447912928,key-33,451
1775447912934,key-24,1540
1775447912938,key-27,143
1775447912942,key-22,1128
1775447912943,key-19,1906
1775447912945,key-13,5414
1775447912948,key-9,528
1775447912950,key-27,155
1775447912952,key-27,157
1775447912954,key-41,117
1775447912956,key-9,536
1775447912958,key-32,272
1775447912961,key-3,1036
1775447912964,key-9,92
1775447912965,key-33,488
1775447912968,key-33,491
1775447912972,key-48,687
1775447912975,key-47,729
1775447912979,key-41,142
1775447912985,key-48,700
1775447912988,key-13,5457
1775447912989,key-26,590
1775447912991,key-10,633
1775447912995,key-29,72
1775447912995,key-17,954
1775447912997,key-26,598
1775447912997,key-5,129
1775447913002,key-22,1188
1775447913007,key-44,1138
1775447913009,key-6,498
1775447913011,key-3,1086
1775447913011,key-28,279
1775447913015,key-4,3448
1775447913018,key-31,1251
1775447913018,key-14,369
1775447913020,key-22,1206
1775447913022,key-3,1097
1775447913024,key-38,1672
1775447913024,key-9,152
1775447913026,key-12,1399
1775447913027,key-47,781
1775447913028,key-16,2465
1775447913030,key-6,519
1775447913030,key-34,2271
1775447913031,key-13,119
1775447913032,key-15,439
1775447913037,key-34,2278
1775447913039,key-7,64
1775447913039,key-14,103
1775447913047,key-28,315
1775447913050,key-22,1236
1775447913050,key-6,539
1775447913051,key-3,1126
1775447913052,key-27,257
1775447913052,key-27,257
1775447913060,key-27,265
1775447913062,key-22,1248
1775447913062,key-24,1668
1775447913064,key-27,269
1775447913065,key-44,1196
1775447913067,key-30,108
1775447913069,key-22,1255
1775447913069,key-13,157
1775447913070,key-46,1858
1775447913070,key-32,384
1775447913070,key-47,79
1775447913072,key-22,1258
1775447913083,key-37,64
1775447913083,key-27,288
1775447913084,key-31,1317
1775447913084,key-48,799
1775447913086,key-6,575
1775447913086,key-9,144
1775447913092,key-7,117
1775447913094,key-9,152
1775447913095,key-34,2336
1775447913098,key-48,813
1775447913101,key-28,369
1775447913106,key-26,707
1775447913107,key-48,822
1775447913107,key-6,596
1775447913107,key-6,596
1775447913113,key-14,177
1775447913115,key-48,830
1775447913116,key-27,321
1775447913123,key-4,3556
1775447913124,key-3,1199
1775447913125,key-44,1256
1775447913126,key-30,167
1775447913126,key-47,135
1775447913130,key-9,188
1775447913130,key-44,1261
1775447913134,key-22,1320
1775447913134,key-11,1388
1775447913135,key-43,1284
1775447913136,key-32,450
1775447913140,key-6,629
1775447913146,key-24,1752
1775447913146,key-37,127
1775447913147,key-12,1520
1775447913149,key-9,207
1775447913155,key-32,469
1775447913157,key-15,564
1775447913157,key-26,758
1775447913159,key-47,168
1775447913159,key-28,427
1775447913159,key-29,125
1775447913170,key-48,109
1775447913170,key-22,1356
1775447913171,key-27,376
1775447913174,key-13,262
1775447913175,key-33,698
1775447913179,key-30,220
1775447913179,key-44,1310
1775447913185,key-27,390
1775447913187,key-42,801
1775447913187,key-3,137
1775447913188,key-27,393
1775447913189,key-6,678
1775447913189,key-3,139
1775447913190,key-26,791
1775447913192,key-13,280
1775447913193,key-22,1379
1775447913197,key-47,206
1775447913199,key-38,1847
1775447913199,key-9,151
1775447913200,key-31,1433
1775447913203,key-19,90
1775447913204,key-43,1353
1775447913210,key-44,1341
1775447913212,key-47,221
1775447913212,key-27,417
1775447913212,key-34,2453
1775447913214,key-37,195
1775447913214,key-15,621
1775447913218,key-48,157
1775447913218,key-33,741
1775447913219,key-25,111
1775447913222,key-10,864
1775447913223,key-25,115
1775447913227,key-32,541
1775447913227,key-6,716
1775447913228,key-15,635
1775447913229,key-6,718
1775447913231,key-19,118
1775447913233,key-42,847
1775447913234,key-50,950
1775447913238,key-3,188
1775447913240,key-28,508
1775447913240,key-6,729
1775447913245,key-30,286
1775447913247,key-23,897
1775447913249,key-3,199
1775447913249,key-27,454
1775447913251,key-22,1437
1775447913253,key-38,1901
1775447913254,key-3,204
1775447913254,key-44,1385
1775447913256,key-44,1387
1775447913259,key-26,115
1775447913261,key-12,1634
1775447913263,key-47,272
1775447913263,key-35,1067
1775447913264,key-32,578
1775447913268,key-37,249
1775447913270,key-15,677
1775447913280,key-18,257
1775447913283,key-9,235
1775447913285,key-32,599
1775447913291,key-27,496
1775447913297,key-15,704
1775447913297,key-47,306
1775447913298,key-22,1484
1775447913299,key-28,567
1775447913299,key-30,340
1775447913300,key-32,614
1775447913301,key-10,943
1775447913301,key-10,943
1775447913301,key-25,193
1775447913304,key-19,191
1775447913305,key-47,314
1775447913305,key-30,346
1775447913305,key-3,255
1775447913309,key-19,196
1775447913312,key-22,56
1775447913313,key-30,105
1775447913314,key-19,201
1775447913315,key-44,1446
1775447913316,key-26,172
1775447913324,key-38,1972
1775447913325,key-27,530
1775447913327,key-9,279
1775447913328,key-7,227
1775447913331,key-22,1517
1775447913332,key-3,282
1775447913332,key-13,420
1775447913333,key-37,314
1775447913334,key-42,948
1775447913337,key-11,1591
1775447913339,key-12,1712
1775447913339,key-23,989
1775447913340,key-34,2581
1775447913342,key-6,831
1775447913344,key-32,658
1775447913345,key-35,161
1775447913348,key-6,837
1775447913349,key-50,1065
1775447913350,key-19,237
1775447913350,key-48,289
1775447913351,key-15,758
1775447913354,key-18,331
1775447913364,key-26,220
1775447913366,key-30,158
1775447913371,key-38,2019
1775447913381,key-10,1023
1775447913381,key-42,995
1775447913382,key-40,798
1775447913384,key-10,1026
1775447913390,key-18,367
1775447913392,key-28,64
1775447913392,key-30,184
1775447913394,key-37,375
1775447913395,key-17,1354
1775447913396,key-32,710
1775447913398,key-27,603
1775447913401,key-9,353
1775447913403,key-25,295
1775447913406,key-13,494
1775447913411,key-3,361
1775447913411,key-29,377
1775447913412,key-20,729
1775447913416,key-1,936
1775447913417,key-4,78
1775447913418,key-34,2659
1775447913418,key-47,427
1775447913424,key-30,216
1775447913425,key-6,914
1775447913427,key-8,882
1775447913427,key-22,171
1775447913429,key-19,316
1775447913429,key-9,381
1775447913430,key-44,1561
1775447913430,key-4,91
1775447913430,key-47,439
1775447913431,key-27,68
1775447913432,key-30,224
1775447913433,key-19,320
1775447913438,key-3,388
1775447913438,key-26,99
1775447913440,key-3,390
1775447913440,key-22,184
1775447913441,key-35,257
1775447913443,key-12,1816
1775447913443,key-18,88
1775447913446,key-22,190
1775447913449,key-18,94
1775447913449,key-50,1165
1775447913451,key-27,656
1775447913451,key-23,1101
1775447913451,key-22,195
1775447913454,key-22,198
1775447913458,key-31,94
1775447913458,key-9,410
1775447913458,key-11,1712
1775447913459,key-48,398
1775447913459,key-32,773
1775447913462,key-15,869
1775447913467,key-26,128
1775447913468,key-27,105
1775447913470,key-43,1619
1775447913470,key-27,107
1775447913474,key-6,963
1775447913476,key-18,121
1775447913479,key-21,1240
1775447913480,key-19,367
1775447913483,key-19,370
1775447913491,key-32,805
1775447913492,key-3,442
1775447913494,key-26,155
1775447913494,key-32,808
1775447913496,key-42,1110
1775447913498,key-3,448
1775447913501,key-18,146
1775447913504,key-3,454
1775447913509,key-22,65
1775447913509,key-30,301
1775447913510,key-23,62
1775447913510,key-18,155
1775447913513,key-35,329
1775447913517,key-22,73
1775447913519,key-10,1161
1775447913519,key-12,1892
1775447913528,key-18,173
1775447913528,key-30,320
1775447913529,key-20,846
1775447913529,key-8,984
1775447913530,key-6,1019
1775447913530,key-19,417
1775447913532,key-6,1021
1775447913532,key-18,177
1775447913533,key-15,940
1775447913535,key-48,474
1775447913537,key-44,1668
1775447913537,key-9,489
1775447913537,key-6,1026
1775447913543,key-38,69
1775447913545,key-19,432
1775447913549,key-26,210
1775447913550,key-6,1039
1775447913550,key-42,1164
1775447913551,key-35,367
1775447913551,key-21,1312
1775447913552,key-16,2989
1775447913553,key-18,198
1775447913556,key-18,201
1775447913556,key-3,506
1775447913560,key-18,205
1775447913561,key-2,112
1775447913562,key-6,59
1775447913564,key-36,2209
1775447913564,key-1,1084
1775447913565,key-23,117
1775447913569,key-23,121
1775447913571,key-20,888
1775447913575,key-48,514
1775447913578,key-27,215
1775447913578,key-9,530
1775447913581,key-18,226
1775447913582,key-13,670
1775447913583,key-9,535
1775447913584,key-22,140
1775447913584,key-30,90
1775447913584,key-50,1300
1775447913588,key-27,225
1775447913595,key-32,909
1775447913596,key-9,548
1775447913598,key-13,686
1775447913600,key-32,914
1775447913600,key-8,1055
1775447913603,key-46,2391
1775447913605,key-43,1754
1775447913605,key-38,131
1775447913608,key-6,105
1775447913609,key-21,1370
1775447913612,key-16,3049
1775447913612,key-9,52
1775447913613,key-38,139
1775447913613,key-31,249
1775447913616,key-18,261
1775447913616,key-18,261
1775447913620,key-29,124
1775447913622,key-26,283
1775447913624,key-9,576
1775447913626,key-2,177
1775447913627,key-43,1776
1775447913627,key-18,272
1775447913628,key-48,74
1775447913631,key-48,77
1775447913632,key-20,949
1775447913632,key-10,1274
1775447913632,key-18,277
1775447913635,key-23,106
1775447913635,key-47,103
1775447913637,key-12,2010
1775447913639,key-6,136
1775447913641,key-5,105
1775447913645,key-6,142
1775447913645,key-38,171
1775447913651,key-5,115
1775447913657,key-30,163
1775447913661,key-43,1810
1775447913662,key-13,750
1775447913662,key-33,334
1775447913666,key-47,134
1775447913666,key-48,112
1775447913670,key-19,557
1775447913673,key-42,1287
1775447913675,key-38,201
1775447913676,key-46,121
1775447913678,key-3,628
1775447913678,key-42,1292
1775447913678,key-36,2323
1775447913680,key-23,151
1775447913680,key-48,126
1775447913681,key-34,2922
1775447913681,key-1,1201
1775447913681,key-35,497
1775447913683,key-28,355
1775447913684,key-3,634
1775447913686,key-3,636
1775447913688,key-9,128
1775447913690,key-23,161
1775447913691,key-23,162
1775447913691,key-18,107
1775447913691,key-47,159
1775447913691,key-48,52
1775447913693,key-27,330
1775447913696,key-18,112
1775447913698,key-50,1414
1775447913700,key-23,171
1775447913700,key-27,337
1775447913702,key-38,228
1775447913702,key-29,206
1775447913705,key-20,1022
1775447913705,key-50,1421
1775447913707,key-50,1423
1775447913707,key-20,1024
1775447913709,key-12,2082
1775447913710,key-13,798
1775447913714,key-6,211
1775447913715,key-43,1864
1775447913715,key-12,2088
1775447913716,key-4,377
1775447913717,key-18,133
1775447913719,key-6,216
1775447913722,key-9,162
1775447913722,key-38,248
1775447913724,key-46,169
1775447913726,key-6,223
1775447913727,key-46,172
1775447913727,key-5,191
1775447913729,key-46,174
1775447913730,key-26,391
1775447913734,key-9,174
1775447913737,key-48,98
1775447913745,key-48,106
1775447913745,key-17,1704
1775447913748,key-23,71
1775447913748,key-28,420
1775447913752,key-47,220
1775447913761,key-47,229
1775447913761,key-46,206
1775447913762,key-47,230
1775447913763,key-11,2017
1775447913763,key-38,289
1775447913764,key-26,425
1775447913764,key-20,101
1775447913766,key-23,237
1775447913767,key-47,60
1775447913767,key-13,855
1775447913771,key-48,132
1775447913771,key-13,859
1775447913778,key-47,246
1775447913778,key-31,414
1775447913778,key-16,3215
1775447913780,key-46,225
1775447913780,key-20,117
1775447913781,key-23,104
1775447913782,key-46,227
1775447913788,key-46,233
1775447913792,key-35,608
1775447913793,key-50,1509
1775447913793,key-33,465
1775447913795,key-43,1944
1775447913795,key-6,292
1775447913798,key-26,459
1775447913798,key-18,214
1775447913803,key-26,464
1775447913803,key-49,3520
1775447913803,key-3,753
1775447913805,key-23,128
1775447913809,key-15,119
1775447913809,key-38,335
1775447913812,key-32,1126
1775447913815,key-41,869
1775447913815,key-41,869
1775447913817,key-9,257
1775447913817,key-17,1776
1775447913817,key-6,314
1775447913818,key-50,1534
1775447913818,key-23,141
1775447913819,key-23,142
1775447913823,key-19,710
1775447913824,key-35,640
1775447913824,key-6,321
1775447913826,key-11,2080
1775447913826,key-41,880
1775447913827,key-47,120
1775447913830,key-9,270
1775447913830,key-43,1979
1775447913830,key-30,336
1775447913830,key-4,491
1775447913831,key-18,247
1775447913832,key-50,1548
1775447913833,key-6,330
1775447913834,key-47,127
1775447913837,key-16,3274
1775447913843,key-11,2097
1775447913844,key-6,341
1775447913844,key-40,1260
1775447913844,key-9,284
1775447913845,key-31,481
1775447913847,key-23,170
1775447913850,key-6,347
1775447913852,key-21,109
1775447913854,key-9,294
1775447913857,key-6,354
1775447913863,key-6,360
1775447913863,key-35,679
1775447913864,key-47,157
1775447913864,key-46,309
1775447913869,key-21,126
1775447913869,key-28,541
1775447913869,key-48,180
1775447913870,key-26,531
1775447913875,key-20,68
1775447913875,key-32,1189
1775447913876,key-26,537
1775447913877,key-46,322
1775447913879,key-31,515
1775447913881,key-23,204
1775447913883,key-47,176
1775447913885,key-26,546
1775447913890,key-6,387
1775447913890,key-50,1606
1775447913895,key-46,340
1775447913896,key-47,189
1775447913896,key-5,360
1775447913896,key-23,219
1775447913897,key-35,713
1775447913898,key-43,2047
1775447913899,key-6,396
1775447913900,key-20,237
1775447913900,key-11,2154
1775447913902,key-50,1618
1775447913902,key-4,563
1775447913905,key-47,198
1775447913910,key-6,407
1775447913911,key-12,2284
1775447913911,key-16,3348
1775447913911,key-47,204
1775447913914,key-50,1630
1775447913921,key-17,1880
1775447913928,key-6,425
1775447913929,key-21,186
1775447913929,key-5,69
1775447913934,key-46,379
1775447913939,key-19,826
1775447913942,key-22,297
1775447913942,key-5,406
1775447913942,key-11,2196
1775447913943,key-47,236
1775447913943,key-32,1257
1775447913945,key-6,442
1775447913948,key-50,1664
1775447913948,key-41,1002
1775447913951,key-6,448
1775447913951,key-41,1005
1775447913951,key-11,2205
1775447913952,key-47,245
1775447913955,key-46,400
1775447913955,key-6,452
1775447913958,key-43,2107
1775447913958,key-16,3395
1775447913958,key-40,1374
1775447913961,key-40,1377
1775447913962,key-31,598
1775447913962,key-15,272
1775447913965,key-23,288
1775447913966,key-47,259
1775447913967,key-23,290
1775447913967,key-9,407
1775447913967,key-35,783
1775447913973,key-23,296
1775447913974,key-10,1616
1775447913974,key-23,297
1775447913975,key-23,298
1775447913975,key-5,115
1775447913979,key-38,505
1775447913981,key-9,421
1775447913985,key-20,178
1775447913987,key-24,130
1775447913994,key-6,491
1775447913994,key-20,187
1775447913995,key-21,252
1775447913995,key-26,656
1775447913999,key-47,292
1775447914001,key-47,294
1775447914001,key-46,446
1775447914003,key-5,143
1775447914008,key-26,669
1775447914009,key-47,302
1775447914013,key-5,153
1775447914014,key-23,337
1775447914015,key-47,308
1775447914015,key-6,512
1775447914017,key-5,157
1775447914019,key-48,59
1775447914019,key-39,226
1775447914020,key-6,517
1775447914023,key-47,316
1775447914027,key-23,350
1775447914031,key-6,528
1775447914031,key-35,847
1775447914032,key-11,2286
1775447914039,key-50,1755
1775447914039,key-31,675
1775447914040,key-5,180
1775447914042,key-8,1497
1775447914042,key-25,934
1775447914045,key-19,131
1775447914045,key-50,1761
1775447914045,key-10,1687
1775447914046,key-21,303
1775447914046,key-15,356
1775447914046,key-17,2005
1775447914052,key-20,245
1775447914053,key-29,557
1775447914054,key-20,247
1775447914056,key-50,1772
1775447914058,key-4,719
1775447914060,key-19,104
1775447914060,key-39,267
1775447914062,key-46,507
1775447914063,key-19,107
1775447914066,key-16,3503
1775447914066,key-38,592
1775447914068,key-46,513
1775447914072,key-44,86
1775447914073,key-7,972
1775447914073,key-41,1127
1775447914074,key-36,2719
1775447914075,key-48,115
1775447914075,key-20,268
1775447914080,key-23,403
1775447914081,key-19,125
1775447914081,key-1,113
1775447914083,key-43,2232
1775447914083,key-23,406
1775447914085,key-43,2234
1775447914087,key-23,410
1775447914090,key-22,445
1775447914095,key-31,731
1775447914095,key-35,911
1775447914096,key-14,773
1775447914097,key-20,290
1775447914101,key-1,133
1775447914105,key-4,766
1775447914107,key-10,1749
1775447914111,key-47,404
1775447914112,key-38,638
1775447914116,key-20,309
1775447914116,key-45,1378
1775447914116,key-39,323
1775447914121,key-47,414
1775447914124,key-37,1105
1775447914126,key-36,74
1775447914126,key-16,3563
1775447914126,key-36,74
1775447914127,key-24,270
1775447914128,key-5,268
1775447914128,key-5,268
1775447914131,key-47,424
1775447914135,key-41,1189
1775447914139,key-6,636
1775447914141,key-43,2290
1775447914145,key-6,642
1775447914147,key-46,592
1775447914147,key-5,287
1775447914148,key-47,441
1775447914148,key-43,2297
1775447914150,key-23,473
1775447914153,key-16,70
1775447914155,key-20,348
1775447914155,key-17,2114
1775447914155,key-43,2304
1775447914157,key-29,661
1775447914161,key-10,79
1775447914164,key-40,61
1775447914164,key-19,208
1775447914167,key-46,612
1775447914167,key-21,424
1775447914170,key-29,674
1775447914170,key-36,118
1775447914172,key-29,676
1775447914173,key-39,380
1775447914179,key-6,676
1775447914185,key-37,1166
1775447914185,key-4,846
1775447914186,key-38,712
1775447914186,key-47,479
1775447914187,key-19,231
1775447914187,key-11,2441
1775447914190,key-23,513
1775447914190,key-5,330
1775447914191,key-47,484
1775447914193,key-1,225
1775447914197,key-10,115
1775447914197,key-37,1178
1775447914199,key-43,2348
1775447914199,key-16,116
1775447914199,key-36,147
1775447914200,key-16,117
1775447914200,key-36,148
1775447914200,key-46,645
1775447914200,key-38,726
1775447914201,key-46,645
1775447914204,key-22,559
1775447914205,key-3,1155
1775447914205,key-45,1467
1775447914209,key-41,1263
1775447914210,key-16,127
1775447914212,key-19,256
1775447914215,key-23,538
1775447914215,key-23,538
1775447914222,key-16,139
1775447914224,key-27,861
1775447914226,key-8,1681
1775447914226,key-22,581
1775447914226,key-9,666
1775447914229,key-35,1045
1775447914229,key-23,552
1775447914229,key-49,70
1775447914230,key-38,756
1775447914230,key-31,866
1775447914235,key-19,279
1775447914242,key-29,746
1775447914242,key-37,1223
1775447914242,key-11,2496
1775447914245,key-40,142
1775447914251,key-36,199
1775447914251,key-46,696
1775447914254,key-46,699
1775447914257,key-5,397
1775447914259,key-43,2408
1775447914262,key-5,402
1775447914268,key-43,2417
1775447914272,key-21,529
1775447914272,key-19,316
1775447914274,key-41,1328
1775447914279,key-43,2428
1775447914281,key-46,726
1775447914281,key-20,474
1775447914281,key-43,2430
1775447914282,key-34,3523
1775447914287,key-35,1103
1775447914287,key-16,204
1775447914288,key-49,129
1775447914289,key-19,333
1775447914290,key-8,58
1775447914290,key-50,127
1775447914292,key-50,129
1775447914295,key-11,2549
1775447914296,key-19,340
1775447914296,key-3,1246
1775447914297,key-5,437
1775447914298,key-23,621
1775447914305,key-36,253
1775447914306,key-38,832
1775447914306,key-23,629
1775447914307,key-49,148
1775447914311,key-22,666
1775447914311,key-47,604
1775447914312,key-46,757
1775447914313,key-5,453
1775447914313,key-10,231
1775447914317,key-43,2466
1775447914319,key-9,165
1775447914324,key-22,679
1775447914328,key-23,651
1775447914332,key-31,124
1775447914332,key-19,376
1775447914333,key-16,250
1775447914339,key-41,1393
1775447914340,key-19,384
1775447914340,key-41,1394
1775447914341,key-9,187
1775447914343,key-19,387
1775447914346,key-23,669
1775447914346,key-32,1660
1775447914346,key-23,669
1775447914347,key-49,188
1775447914347,key-23,670
1775447914348,key-34,3589
1775447914351,key-15,351
1775447914351,key-19,395
1775447914354,key-5,69
1775447914357,key-46,802
1775447914359,key-16,276
1775447914360,key-43,2509
1775447914361,key-11,2615
1775447914361,key-5,76
1775447914367,key-18,783
1775447914370,key-7,1269
1775447914371,key-38,897
1775447914381,key-46,826
1775447914384,key-37,1365
1775447914384,key-19,428
1775447914384,key-3,1334
1775447914386,key-24,361
1775447914388,key-31,180
1775447914391,key-29,895
1775447914394,key-19,438
1775447914395,key-19,439
1775447914396,key-2,947
1775447914398,key-49,239
1775447914403,key-7,1302
1775447914404,key-17,2363
1775447914405,key-41,1459
1775447914408,key-41,75
1775447914413,key-50,250
1775447914414,key-41,81
1775447914414,key-43,2563
1775447914415,key-16,332
1775447914418,key-11,2672
1775447914422,key-24,397
1775447914423,key-6,920
1775447914424,key-3,1374
1775447914424,key-5,139
1775447914426,key-10,344
1775447914426,key-18,842
1775447914432,key-23,755
1775447914436,key-37,1417
1775447914438,key-16,355
1775447914439,key-7,1338
1775447914440,key-36,388
1775447914442,key-3,1392
1775447914442,key-38,968
1775447914444,key-24,419
1775447914445,key-3,1395
1775447914445,key-3,90
1775447914445,key-16,362
1775447914446,key-41,113
1775447914447,key-44,461
1775447914449,key-37,1430
1775447914449,key-22,804
1775447914455,key-31,247
1775447914456,key-23,779
1775447914458,key-34,3699
1775447914458,key-40,355
1775447914459,key-18,875
1775447914461,key-17,2420
1775447914462,key-41,129
1775447914462,key-19,506
1775447914464,key-46,124
1775447914464,key-16,381
1775447914466,key-23,789
1775447914475,key-19,519
1775447914478,key-32,1792
1775447914478,key-5,193
1775447914483,key-35,1299
1775447914483,key-3,128
1775447914486,key-12,73
1775447914487,key-3,132
1775447914493,key-50,330
1775447914493,key-37,1474
1775447914494,key-11,2748
1775447914495,key-27,1132
1775447914496,key-41,163
1775447914502,key-16,419
1775447914502,key-7,1401
1775447914504,key-2,1055
1775447914506,key-7,1405
1775447914510,key-38,1036
1775447914513,key-38,1039
1775447914514,key-19,558
1775447914515,key-41,182
1775447914518,key-24,493
1775447914518,key-46,178
1775447914520,key-41,187
1775447914521,key-31,313
1775447914521,key-13,135
1775447914526,key-41,193
1775447914527,key-42,2141
1775447914528,key-12,115
1775447914529,key-41,196
1775447914531,key-43,2680
1775447914552,key-3,197
1775447914552,key-50,389
1775447914552,key-9,152
1775447914552,key-17,2511
1775447914553,key-10,471
1775447914553,key-35,1369
1775447914553,key-41,76
1775447914553,key-16,470
1775447914553,key-2,1104
1775447914553,key-5,268
1775447914554,key-16,471
1775447914554,key-27,1191
1775447914554,key-28,116
1775447914556,key-32,1870
1775447914557,key-44,571
1775447914560,key-20,64
1775447914562,key-23,885
1775447914562,key-16,479
1775447914566,key-27,1203
1775447914566,key-12,153
1775447914566,key-15,566
1775447914568,key-2,1119
1775447914568,key-44,108
1775447914568,key-38,80
1775447914569,key-44,109
1775447914572,key-17,2531
1775447914573,key-47,866
1775447914574,key-19,618
1775447914574,key-22,929
1775447914580,key-27,1217
1775447914580,key-16,497
1775447914584,key-42,2198
1775447914585,key-17,2544
1775447914588,key-35,1404
1775447914588,key-32,1902
1775447914590,key-41,113
1775447914591,key-41,114
1775447914592,key-4,107
1775447914592,key-3,237
1775447914594,key-41,117
1775447914595,key-41,118
1775447914607,key-41,130
1775447914607,key-16,524
1775447914608,key-41,131
1775447914608,key-24,583
1775447914609,key-48,649
1775447914609,key-41,132
1775447914610,key-5,325
1775447914611,key-19,655
1775447914614,key-20,118
1775447914615,key-35,1431
1775447914619,key-12,206
1775447914625,key-3,137
1775447914626,key-41,149
1775447914627,key-38,139
1775447914629,key-47,922
1775447914640,key-26,1301
1775447914640,key-2,1191
1775447914641,key-16,558
1775447914641,key-19,685
1775447914642,key-22,997
1775447914645,key-22,1000
1775447914646,key-43,2795
1775447914647,key-41,170
1775447914647,key-2,1198
1775447914652,key-10,570
1775447914652,key-3,164
1775447914655,key-44,195
1775447914656,key-28,218
1775447914658,key-7,1557
1775447914658,key-16,575
1775447914658,key-7,1557
1775447914658,key-7,1557
1775447914660,key-10,578
1775447914660,key-22,1015
1775447914662,key-16,579
1775447914662,key-34,197
1775447914674,key-34,56
1775447914676,key-44,216
1775447914676,key-22,1031
1775447914678,key-24,653
1775447914679,key-46,339
1775447914680,key-38,192
1775447914684,key-28,246
1775447914693,key-41,216
1775447914693,key-19,88
1775447914694,key-24,669
1775447914694,key-13,141
1775447914694,key-2,1245
1775447914697,key-12,284
1775447914697,key-24,672
1775447914697,key-29,1201
1775447914697,key-26,1358
1775447914697,key-26,1358
1775447914698,key-34,233
1775447914698,key-17,2657
1775447914699,key-18,1115
1775447914699,key-27,1336
1775447914699,key-40,57
1775447914700,key-2,58
1775447914704,key-4,219
1775447914706,key-26,1367
1775447914706,key-35,105
1775447914709,key-24,684
1775447914709,key-48,749
1775447914709,key-7,1608
1775447914711,key-19,106
1775447914711,key-31,503
1775447914714,key-43,2863
1775447914714,key-35,113
1775447914715,key-10,633
1775447914717,key-16,634
1775447914722,key-19,117
1775447914722,key-45,115
1775447914730,key-5,445
1775447914732,key-44,272
1775447914732,key-44,272
1775447914733,key-10,651
1775447914733,key-22,1088
1775447914734,key-16,651
1775447914737,key-3,249
1775447914741,key-38,253
1775447914744,key-29,1248
1775447914744,key-41,267
1775447914745,key-24,720
1775447914750,key-20,254
1775447914750,key-13,197
1775447914751,key-13,198
1775447914751,key-32,2065
1775447914758,key-42,2372
1775447914758,key-16,675
1775447914765,key-26,1426
1775447914765,key-3,277
1775447914766,key-34,148
1775447914769,key-1,801
1775447914769,key-2,127
1775447914769,key-30,1275
1775447914771,key-41,294
1775447914772,key-43,2921
1775447914772,key-27,1409
1775447914773,key-17,2732
1775447914777,key-34,159
1775447914780,key-16,697
1775447914784,key-16,701
1775447914785,key-44,325
1775447914785,key-22,1140
1775447914790,key-43,2939
1775447914790,key-34,172
1775447914792,key-7,1691
1775447914792,key-46,452
1775447914795,key-12,133
1775447914797,key-3,309
1775447914797,key-31,589
1775447914801,key-41,324
1775447914803,key-19,198
1775447914806,key-12,144
1775447914815,key-26,1476
1775447914823,key-2,181
1775447914824,key-48,110
1775447914826,key-19,221
1775447914826,key-10,744
1775447914827,key-3,339
1775447914827,key-48,113
1775447914829,key-35,228
1775447914829,key-13,276
1775447914831,key-47,1124
1775447914833,key-42,2447
1775447914833,key-43,2982
1775447914834,key-47,1127
1775447914835,key-1,867
1775447914836,key-5,551
1775447914836,key-7,1735
1775447914837,key-13,284
1775447914839,key-31,631
1775447914839,key-44,379
1775447914841,key-43,2990
1775447914841,key-44,381
1775447914841,key-9,441
1775447914842,key-4,357
1775447914844,key-34,226
1775447914845,key-26,1506
1775447914845,key-43,2994
1775447914848,key-3,360
1775447914849,key-27,1486
1775447914850,key-10,768
1775447914850,key-24,825
1775447914850,key-38,139
1775447914852,key-24,827
1775447914852,key-41,375
1775447914852,key-14,114
1775447914852,key-24,827
1775447914856,key-24,831
1775447914857,key-19,252
1775447914859,key-9,62
1775447914860,key-43,3009
1775447914861,key-19,256
1775447914861,key-24,836
1775447914861,key-24,836
1775447914869,key-7,1768
1775447914870,key-29,1374
1775447914870,key-29,1374
1775447914874,key-41,397
1775447914874,key-26,1535
1775447914886,key-17,2845
1775447914886,key-40,115
1775447914887,key-19,282
1775447914892,key-17,2851
1775447914892,key-16,809
1775447914895,key-46,555
1775447914899,key-16,816
1775447914901,key-27,1538
1775447914901,key-7,1800
1775447914902,key-25,1794
1775447914905,key-27,64
1775447914907,key-14,169
1775447914910,key-38,199
1775447914910,key-24,885
1775447914911,key-6,1408
1775447914912,key-24,887
1775447914913,key-9,116
1775447914914,key-24,889
1775447914921,key-14,183
1775447914922,key-43,3071
1775447914923,key-38,212
1775447914924,key-3,436
1775447914924,key-24,899
1775447914924,key-9,127
1775447914927,key-14,189
1775447914928,key-9,131
1775447914928,key-32,2242
1775447914931,key-48,217
1775447914933,key-48,219
1775447914934,key-41,457
1775447914934,key-46,594
1775447914935,key-21,1192
1775447914938,key-6,1435
1775447914941,key-41,83
1775447914945,key-24,920
1775447914946,key-41,88
1775447914946,key-1,149
1775447914949,key-7,1848
1775447914949,key-11,3203
1775447914952,key-43,3101
1775447914955,key-31,747
1775447914955,key-44,495
1775447914956,key-17,2915
1775447914956,key-49,797
1775447914962,key-35,361
1775447914963,key-27,122
1775447914964,key-47,154
1775447914964,key-12,302
1775447914971,key-5,686
1775447914974,key-25,68
1775447914976,key-24,951
1775447914978,key-38,267
1775447914978,key-7,1877
1775447914979,key-3,491
1775447914979,key-50,816
1775447914980,key-26,1641
1775447914981,key-48,267
1775447914986,key-10,904
1775447914987,key-45,380
1775447914988,key-43,3137
1775447914988,key-26,1649
1775447914991,key-1,194
1775447914993,key-9,196
1775447914996,key-9,199
1775447914996,key-41,138
1775447914998,key-17,2957
1775447915002,key-24,977
1775447915004,key-7,1903
1775447915004,key-41,146
1775447915005,key-25,1897
1775447915006,key-18,67
1775447915008,key-24,983
1775447915008,key-48,294
1775447915009,key-43,121
1775447915014,key-1,217
1775447915017,key-12,355
1775447915017,key-47,207
1775447915023,key-6,1520
1775447915027,key-7,1926
1775447915028,key-32,2342
1775447915028,key-1,231
1775447915032,key-9,235
1775447915035,key-32,2349
1775447915038,key-7,83
1775447915039,key-21,1296
1775447915040,key-41,182
1775447915042,key-48,328
1775447915043,key-43,155
1775447915043,key-26,1704
1775447915044,key-47,234
1775447915047,key-50,884
1775447915051,key-9,254
1775447915051,key-1,254
1775447915055,key-1,258
1775447915055,key-45,124
1775447915060,key-41,62
1775447915061,key-26,1722
1775447915063,key-21,1320
1775447915064,key-43,176
1775447915064,key-45,133
1775447915065,key-46,725
1775447915065,key-9,268
1775447915066,key-24,1041
1775447915069,key-41,211
1775447915074,key-26,1735
1775447915076,key-9,279
1775447915076,key-45,145
1775447915076,key-47,266
1775447915079,key-7,124
1775447915079,key-14,341
1775447915081,key-43,193
1775447915082,key-16,999
1775447915082,key-17,3041
1775447915084,key-7,129
1775447915087,key-3,599
1775447915087,key-5,802
1775447915093,key-45,162
1775447915095,key-38,384
1775447915095,key-3,607
1775447915098,key-24,1073
1775447915104,key-42,76
1775447915110,key-18,171
1775447915111,key-41,113
1775447915112,key-7,157
1775447915116,key-45,185
1775447915116,key-32,2430
1775447915116,key-45,185
1775447915122,key-47,312
1775447915123,key-9,326
1775447915125,key-26,1786
1775447915125,key-47,315
1775447915127,key-1,330
1775447915129,key-22,1484
1775447915129,key-43,241
1775447915129,key-45,198
1775447915132,key-9,335
1775447915132,key-9,335
1775447915133,key-7,178
1775447915134,key-31,926
1775447915136,key-16,1053
1775447915139,key-25,233
1775447915142,key-7,187
1775447915142,key-7,187
1775447915143,key-18,204
1775447915144,key-9,347
1775447915148,key-12,486
1775447915149,key-27,308
1775447915149,key-9,352
1775447915149,key-9,352
1775447915149,key-32,2463
1775447915151,key-30,1657
1775447915152,key-32,2466
1775447915156,key-7,201
1775447915159,key-47,349
1775447915159,key-18,220
1775447915161,key-26,92
1775447915166,key-16,1083
1775447915166,key-18,227
1775447915167,key-12,505
1775447915173,key-1,376
1775447915177,key-45,246
1775447915179,key-22,1534
1775447915179,key-45,248
1775447915185,key-35,198
1775447915186,key-14,448
1775447915187,key-7,232
1775447915189,key-16,1106
1775447915191,key-46,851
1775447915191,key-9,394
1775447915194,key-9,397
1775447915196,key-3,708
1775447915197,key-9,400
1775447915200,key-37,362
1775447915203,key-7,248
1775447915204,key-9,407
1775447915209,key-31,1001
1775447915213,key-24,1188
1775447915213,key-22,129
1775447915214,key-47,404
1775447915214,key-3,726
1775447915214,key-18,275
1775447915218,key-7,263
1775447915218,key-18,279
1775447915225,key-35,238
1775447915228,key-42,200
1775447915230,key-18,291
1775447915231,key-33,1903
1775447915231,key-1,434
1775447915238,key-47,428
1775447915240,key-12,578
1775447915244,key-36,1192
1775447915244,key-45,313
1775447915246,key-7,291
1775447915246,key-31,1038
1775447915247,key-7,292
1775447915248,key-1,451
1775447915249,key-41,251
1775447915254,key-27,413
1775447915254,key-5,969
1775447915255,key-27,414
1775447915257,key-18,318
1775447915257,key-1,460
1775447915258,key-8,327
1775447915264,key-32,2578
1775447915271,key-43,383
1775447915272,key-27,431
1775447915272,key-15,1272
1775447915272,key-47,462
1775447915272,key-9,475
1775447915274,key-7,319
1775447915275,key-32,2589
1775447915276,key-32,2590
1775447915279,key-7,324
1775447915279,key-9,482
1775447915283,key-1,486
1775447915289,key-17,3248
1775447915290,key-12,628
1775447915291,key-16,1208
1775447915294,key-18,355
1775447915296,key-17,3255
1775447915297,key-39,875
1775447915298,key-46,958
1775447915298,key-19,129
1775447915299,key-45,368
1775447915300,key-45,369
1775447915305,key-12,643
1775447915305,key-15,1305
1775447915308,key-41,310
1775447915310,key-21,63
1775447915311,key-5,1026
1775447915315,key-14,577
1775447915318,key-3,85
1775447915320,key-3,87
1775447915321,key-1,524
1775447915324,key-31,1116
1775447915324,key-7,369
1775447915324,key-24,1299
1775447915326,key-35,113
1775447915328,key-47,109
1775447915328,key-11,3582
1775447915332,key-25,426
1775447915332,key-18,85
1775447915334,key-31,1126
1775447915334,key-18,395
1775447915336,key-18,397
1775447915336,key-7,381
1775447915340,key-42,215
1775447915343,key-41,345
1775447915345,key-12,683
1775447915346,key-31,1138
1775447915349,key-47,130
1775447915351,key-50,111
1775447915353,key-12,691
1775447915354,key-31,1146
1775447915356,key-6,1853
1775447915357,key-41,359
1775447915358,key-41,360
1775447915362,key-3,129
1775447915363,key-1,64
1775447915366,key-50,126
1775447915368,key-42,243
1775447915372,key-15,62
1775447915373,key-12,711
1775447915376,key-12,714
1775447915378,key-1,581
1775447915381,key-1,82
1775447915381,key-9,584
1775447915382,key-15,1382
1775447915383,key-9,586
1775447915393,key-10,1311
1775447915394,key-45,463
1775447915401,key-27,560
1775447915401,key-7,446
1775447915404,key-18,157
1775447915406,key-7,451
1775447915408,key-43,520
1775447915408,key-26,59
1775447915413,key-17,3372
1775447915413,key-41,415
1775447915414,key-21,62
1775447915415,key-42,290
1775447915416,key-49,287
1775447915417,key-41,419
1775447915419,key-31,1211
1775447915421,key-47,202
1775447915425,key-16,1342
1775447915425,key-5,1140
1775447915427,key-38,91
1775447915431,key-41,433
1775447915434,key-14,696
1775447915434,key-14,696
1775447915437,key-15,127
1775447915442,key-1,143
1775447915442,key-15,132
1775447915444,key-9,647
1775447915445,key-1,146
1775447915445,key-4,960
1775447915446,key-24,1421
1775447915448,key-31,1240
1775447915453,key-45,522
1775447915455,key-17,3414
1775447915455,key-15,145
1775447915457,key-47,238
1775447915464,key-42,339
1775447915468,key-47,249
1775447915468,key-18,221
1775447915471,key-12,809
1775447915473,key-18,226
1775447915473,key-3,106
1775447915474,key-41,476
1775447915477,key-39,1055
1775447915479,key-35,64
1775447915479,key-26,130
1775447915480,key-47,261
1775447915482,key-41,484
1775447915489,key-50,249
1775447915489,key-31,1281
1775447915490,key-50,250
1775447915498,key-29,2002
1775447915499,key-45,568
1775447915499,key-13,682
1775447915505,key-41,507
1775447915505,key-42,380
1775447915507,key-45,576
1775447915509,key-34,891
1775447915509,key-15,199
1775447915513,key-16,1430
1775447915516,key-40,745
1775447915519,key-39,1097
1775447915520,key-23,318
1775447915522,key-15,212
1775447915522,key-26,173
1775447915525,key-26,176
1775447915525,key-45,594
1775447915527,key-45,59
1775447915528,key-18,281
1775447915529,key-17,3488
1775447915530,key-3,163
1775447915533,key-26,184
1775447915535,key-11,3789
1775447915540,key-31,1332
1775447915545,key-39,1123
1775447915546,key-20,1050
1775447915546,key-17,3505
1775447915549,key-18,302
1775447915551,key-4,1066
1775447915551,key-26,202
1775447915556,key-31,1348
1775447915557,key-42,432
1775447915557,key-41,559
1775447915558,key-40,66
1775447915558,key-50,318
1775447915561,key-37,723
1775447915561,key-5,1276
1775447915561,key-47,342
1775447915565,key-16,1482
1775447915565,key-34,947
1775447915565,key-31,1357
1775447915567,key-14,829
1775447915567,key-26,218
1775447915570,key-5,1285
1775447915570,key-1,271
1775447915572,key-27,73
1775447915575,key-24,1550
1775447915575,key-45,107
1775447915577,key-15,267
1775447915579,key-31,1371
1775447915580,key-16,1497
1775447915582,key-26,233
1775447915587,key-47,368
1775447915587,key-15,277
1775447915590,key-3,223
1775447915591,key-18,344
1775447915604,key-45,136
1775447915604,key-18,357
1775447915605,key-48,891
1775447915606,key-26,257
1775447915614,key-34,996
1775447915614,key-11,3868
1775447915615,key-39,1193
1775447915622,key-16,1539
1775447915622,key-26,273
1775447915623,key-37,162
1775447915625,key-50,385
1775447915630,key-37,169
1775447915633,key-40,141
1775447915633,key-50,393
1775447915636,key-16,1553
1775447915636,key-3,269
1775447915639,key-45,171
1775447915642,key-26,293
1775447915642,key-16,1559
1775447915644,key-39,1222
1775447915644,key-15,334
1775447915645,key-14,907
1775447915646,key-44,1186
1775447915647,key-16,1564
1775447915648,key-15,338
1775447915651,key-26,302
1775447915651,key-31,1443
1775447915651,key-39,1229
1775447915652,key-1,353
1775447915653,key-13,836
1775447915654,key-26,305
1775447915658,key-45,190
1775447915658,key-5,136
1775447915660,key-45,192
1775447915660,key-24,1635
1775447915661,key-3,294
1775447915661,key-45,193
1775447915664,key-7,92
1775447915670,key-20,1174
1775447915674,key-47,455
1775447915679,key-15,369
1775447915682,key-14,944
1775447915684,key-26,335
1775447915687,key-45,219
1775447915688,key-27,189
1775447915689,key-5,167
1775447915690,key-22,122
1775447915692,key-7,120
1775447915694,key-15,384
1775447915696,key-3,329
1775447915697,key-26,348
1775447915697,key-34,1079
1775447915698,key-34,1080
1775447915698,key-7,126
1775447915698,key-26,349
1775447915700,key-26,351
1775447915702,key-14,964
1775447915702,key-18,455
1775447915704,key-26,355
1775447915712,key-27,65
1775447915718,key-44,1258
1775447915719,key-28,1281
1775447915720,key-45,252
1775447915722,key-18,475
1775447915722,key-26,373
1775447915722,key-5,200
1775447915723,key-26,374
1775447915731,key-26,382
1775447915731,key-22,163
1775447915734,key-18,487
1775447915738,key-16,1655
1775447915738,key-37,277
1775447915741,key-37,280
1775447915748,key-14,1010
1775447915750,key-35,335
1775447915752,key-15,442
1775447915754,key-3,387
1775447915756,key-12,164
1775447915756,key-40,264
1775447915758,key-35,343
1775447915763,key-26,414
1775447915767,key-50,527
1775447915770,key-7,132
1775447915771,key-13,954
1775447915773,key-14,1035
1775447915775,key-13,958
1775447915775,key-45,307
1775447915775,key-18,528
1775447915776,key-15,466
1775447915776,key-37,315
1775447915776,key-45,308
1775447915776,key-26,427
1775447915777,key-13,960
1775447915781,key-15,471
1775447915781,key-45,313
1775447915784,key-26,435
1775447915785,key-16,1702
1775447915785,key-31,1577
1775447915786,key-20,1290
1775447915789,key-45,321
1775447915793,key-24,1768
1775447915794,key-18,547
1775447915794,key-43,906
1775447915794,key-45,326
1775447915798,key-18,551
1775447915800,key-45,332
1775447915801,key-23,599
1775447915804,key-21,255
1775447915815,key-45,347
1775447915817,key-2,1175
1775447915820,key-29,115
1775447915824,key-13,1007
1775447915826,key-26,477
1775447915826,key-21,109
1775447915833,key-15,95
1775447915835,key-26,486
1775447915837,key-18,590
1775447915837,key-7,199
1775447915839,key-13,1022
1775447915841,key-45,373
1775447915843,key-18,596
1775447915845,key-26,496
1775447915845,key-18,598
1775447915848,key-48,1134
1775447915850,key-15,112
1775447915851,key-15,113
1775447915853,key-18,606
1775447915853,key-50,613
1775447915855,key-37,394
1775447915855,key-26,506
1775447915857,key-34,1239
1775447915859,key-35,444
1775447915860,key-49,297
1775447915866,key-43,978
1775447915866,key-12,274
1775447915869,key-19,700
1775447915871,key-15,133
1775447915871,key-5,349
1775447915877,key-26,528
1775447915877,key-37,416
1775447915879,key-24,1854
1775447915885,key-45,417
1775447915888,key-45,420
1775447915890,key-45,422
1775447915895,key-7,62
1775447915895,key-13,1078
1775447915903,key-33,2575
1775447915904,key-15,166
1775447915904,key-33,2576
1775447915904,key-18,657
1775447915910,key-23,708
1775447915911,key-37,450
1775447915912,key-28,53
1775447915916,key-45,448
1775447915916,key-45,448
1775447915918,key-26,82
1775447915918,key-30,2424
1775447915923,key-20,1427
1775447915924,key-15,186
1775447915925,key-45,457
1775447915926,key-18,679
1775447915926,key-2,1284
1775447915926,key-18,679
1775447915928,key-15,190
1775447915930,key-23,728
1775447915932,key-15,194
1775447915934,key-37,100
1775447915934,key-28,75
1775447915936,key-18,689
1775447915938,key-49,375
1775447915938,key-29,233
1775447915939,key-23,737
1775447915940,key-42,815
1775447915940,key-15,202
1775447915941,key-26,105
1775447915943,key-15,205
1775447915943,key-2,118
1775447915944,key-37,110
1775447915944,key-32,3258
1775447915947,key-37,113
1775447915949,key-15,211
1775447915952,key-15,214
1775447915956,key-15,218
1775447915959,key-18,712
1775447915960,key-19,791
1775447915960,key-26,124
1775447915960,key-49,54
1775447915963,key-8,1032
1775447915970,key-26,134
1775447915971,key-37,137
1775447915974,key-44,1514
1775447915979,key-49,73
1775447915981,key-36,1929
1775447915983,key-11,4237
1775447915983,key-26,147
1775447915985,key-20,1489
1775447915988,key-26,152
1775447915992,key-34,1374
1775447915998,key-34,1380
1775447916000,key-49,437
1775447916000,key-26,164
1775447916004,key-7,171
1775447916005,key-13,1188
1775447916006,key-27,307
1775447916008,key-34,1390
1775447916013,key-2,188
1775447916014,key-42,889
1775447916015,key-6,175
1775447916015,key-15,277
1775447916017,key-9,1220
1775447916019,key-29,314
1775447916022,key-18,775
1775447916025,key-42,900
1775447916026,key-20,1530
1775447916028,key-15,53
1775447916029,key-15,291
1775447916031,key-10,1949
1775447916031,key-15,293
1775447916031,key-12,439
1775447916034,key-24,2009
1775447916036,key-15,298
1775447916038,key-18,791
1775447916042,key-30,2548
1775447916042,key-6,202
1775447916043,key-48,224
1775447916050,key-41,72
1775447916055,key-2,230
1775447916055,key-49,149
1775447916059,key-41,81
1775447916063,key-15,325
1775447916064,key-47,231
1775447916064,key-21,347
1775447916066,key-13,1249
1775447916066,key-23,864
1775447916067,key-49,161
1775447916069,key-50,79
1775447916070,key-37,236
1775447916070,key-7,237
1775447916071,key-15,333
1775447916071,key-13,1254
1775447916074,key-23,872
1775447916074,key-20,1578
1775447916076,key-18,829
1775447916077,key-15,339
1775447916078,key-48,259
1775447916085,key-15,110
1775447916086,key-43,1198
1775447916091,key-50,851
1775447916093,key-38,162
1775447916094,key-11,4348
1775447916095,key-19,117
1775447916095,key-22,527
1775447916095,key-8,1164
1775447916095,key-6,255
1775447916096,key-49,190
1775447916107,key-37,273
1775447916108,key-16,2025
1775447916108,key-37,274
1775447916122,key-27,423
1775447916122,key-49,216
1775447916123,key-26,287
1775447916124,key-13,1307
1775447916124,key-41,146
1775447916126,key-42,1001
1775447916127,key-27,428
1775447916129,key-49,223
1775447916129,key-20,1633
1775447916131,key-50,141
1775447916133,key-34,1515
1775447916133,key-15,158
1775447916133,key-49,227
1775447916135,key-23,933
1775447916136,key-20,1640
1775447916136,key-15,161
1775447916138,key-29,433
1775447916140,key-50,150
1775447916144,key-48,325
1775447916146,key-14,1408
1775447916148,key-38,217
1775447916148,key-18,901
1775447916153,key-24,2128
1775447916153,key-43,1265
1775447916156,key-9,1359
1775447916158,key-8,1227
1775447916158,key-29,453
1775447916159,key-38,228
1775447916163,key-18,916
1775447916165,key-6,325
1775447916166,key-6,326
1775447916167,key-38,236
1775447916167,key-16,2084
1775447916168,key-9,1371
1775447916168,key-10,2086
1775447916170,key-7,117
1775447916174,key-9,1377
1775447916174,key-22,60
1775447916175,key-37,67
1775447916178,key-6,338
1775447916185,key-20,1689
1775447916187,key-22,619
1775447916187,key-21,470
1775447916190,key-11,4444
1775447916191,key-2,62
1775447916192,key-47,359
1775447916194,key-15,219
1775447916195,key-20,1699
1775447916195,key-17,4154
1775447916196,key-20,1700
1775447916206,key-44,1746
1775447916207,key-2,78
1775447916207,key-48,388
1775447916209,key-8,1278
1775447916214,key-17,4173
1775447916216,key-15,241
1775447916218,key-22,104
1775447916218,key-43,1330
1775447916224,key-9,133
1775447916225,key-46,694
1775447916225,key-24,2200
1775447916225,key-33,2897
1775447916228,key-38,297
1775447916239,key-13,1422
1775447916239,key-38,308
1775447916240,key-35,314
1775447916240,key-2,111
1775447916241,key-20,1745
1775447916244,key-40,72
1775447916244,key-9,153
1775447916246,key-2,117
1775447916246,key-2,117
1775447916248,key-44,1788
1775447916249,key-42,1124
1775447916250,key-42,72
1775447916250,key-22,65
1775447916257,key-49,351
1775447916259,key-14,1521
1775447916259,key-38,328
1775447916261,key-48,442
1775447916261,key-20,1765
1775447916263,key-50,273
1775447916263,key-22,78
1775447916264,key-23,1062
1775447916265,key-18,1018
1775447916267,key-40,95
1775447916271,key-45,803
1775447916271,key-8,1340
1775447916276,key-20,1780
1775447916276,key-36,82
1775447916277,key-29,572
1775447916280,key-50,290
1775447916282,key-8,1351
1775447916289,key-18,1042
1775447916291,key-8,1360
1775447916291,key-42,113
1775447916291,key-16,2208
1775447916296,key-6,456
1775447916299,key-20,1803
1775447916299,key-38,368
1775447916299,key-19,234
1775447916300,key-6,460
1775447916300,key-10,2218
1775447916301,key-2,172
1775447916301,key-15,326
1775447916302,key-46,771
1775447916304,key-32,359
1775447916304,key-8,1373
1775447916309,key-20,1813
1775447916317,key-49,411
1775447916318,key-20,1822
1775447916323,key-2,194
1775447916324,key-15,349
1775447916324,key-49,418
1775447916326,key-16,2243
1775447916326,key-14,1588
1775447916327,key-22,142
1775447916327,key-44,1867
1775447916330,key-2,201
1775447916331,key-36,137
1775447916333,key-29,628
1775447916333,key-45,865
1775447916337,key-3,970
1775447916342,key-8,1411
1775447916343,key-36,149
1775447916343,key-44,1883
1775447916344,key-46,813
1775447916344,key-38,413
1775447916345,key-16,2262
1775447916346,key-36,152
1775447916347,key-18,1100
1775447916347,key-40,175
1775447916348,key-8,1417
1775447916352,key-38,421
1775447916355,key-39,1933
1775447916360,key-32,415
1775447916360,key-8,1429
1775447916361,key-2,232
1775447916363,key-45,64
1775447916370,key-8,1439
1775447916371,key-38,440
1775447916377,key-22,192
1775447916379,key-39,1957
1775447916381,key-8,1450
1775447916381,key-3,1014
1775447916386,key-2,257
1775447916389,key-1,250
1775447916392,key-49,486
1775447916395,key-8,1464
1775447916395,key-30,2901
1775447916396,key-48,577
1775447916396,key-29,691
1775447916397,key-36,203
1775447916401,key-40,229
1775447916404,key-47,571
1775447916406,key-29,701
1775447916406,key-50,416
1775447916408,key-22,223
1775447916409,key-15,434
1775447916409,key-36,215
1775447916409,key-40,237
1775447916414,key-17,80
1775447916415,key-18,1168
1775447916415,key-19,350
1775447916417,key-19,352
1775447916418,key-8,86
1775447916418,key-38,487
1775447916420,key-40,248
1775447916421,key-42,243
1775447916421,key-8,89
1775447916424,key-43,1536
1775447916424,key-42,246
1775447916426,key-20,149
1775447916431,key-8,1500
1775447916433,key-15,458
1775447916438,key-14,1700
1775447916438,key-32,493
1775447916441,key-35,515
1775447916442,key-22,257
1775447916443,key-36,249
1775447916443,key-29,738
1775447916445,key-39,2023
1775447916447,key-14,1709
1775447916449,key-2,320
1775447916449,key-46,918
1775447916449,key-2,320
1775447916451,key-36,257
1775447916455,key-31,306
1775447916456,key-8,124
1775447916458,key-8,126
1775447916465,key-46,934
1775447916465,key-36,271
1775447916465,key-18,1218
1775447916468,key-49,562
1775447916472,key-36,278
1775447916472,key-3,1105
1775447916475,key-32,530
1775447916477,key-4,1992
1775447916479,key-17,145
1775447916479,key-38,548
1775447916480,key-8,148
1775447916481,key-2,352
1775447916481,key-38,550
1775447916483,key-18,1236
1775447916483,key-8,151
1775447916484,key-16,2401
1775447916488,key-39,2066
1775447916489,key-21,360
1775447916489,key-33,261
1775447916492,key-36,298
1775447916492,key-14,1754
1775447916495,key-8,163
1775447916496,key-3,1129
1775447916497,key-23,1295
1775447916501,key-12,909
1775447916503,key-46,972
1775447916504,key-42,326
1775447916504,key-42,326
1775447916504,key-29,799
1775447916510,key-20,233
1775447916512,key-45,213
1775447916512,key-30,3018
1775447916513,key-17,179
1775447916513,key-2,384
1775447916515,key-36,321
1775447916515,key-14,1777
1775447916515,key-43,87
1775447916520,key-17,186
1775447916522,key-41,544
1775447916523,key-36,329
1775447916523,key-39,108
1775447916535,key-7,482
1775447916537,key-41,559
1775447916538,key-15,563
1775447916538,key-38,607
1775447916539,key-8,207
1775447916540,key-36,346
1775447916546,key-11,109
1775447916547,key-21,418
1775447916548,key-33,320
1775447916548,key-5,244
1775447916551,key-8,219
1775447916552,key-4,77
1775447916553,key-8,221
1775447916553,key-8,221
1775447916553,key-42,375
1775447916560,key-9,469
1775447916561,key-21,432
1775447916561,key-8,229
1775447916561,key-36,367
1775447916563,key-14,1825
1775447916566,key-34,75
1775447916568,key-30,3074
1775447916574,key-49,668
1775447916574,key-4,99
1775447916576,key-31,427
1775447916583,key-17,249
1775447916585,key-18,1338
1775447916589,key-11,152
1775447916589,key-36,395
1775447916592,key-38,661
1775447916593,key-8,261
1775447916593,key-14,1855
1775447916594,key-20,317
1775447916597,key-8,265
1775447916597,key-49,111
1775447916601,key-49,115
1775447916601,key-2,472
1775447916602,key-37,494
1775447916603,key-36,409
1775447916603,key-17,269
1775447916609,key-8,277
1775447916615,key-16,2532
1775447916615,key-33,105
1775447916617,key-37,509
1775447916619,key-3,1252
1775447916619,key-8,287
1775447916621,key-43,193
1775447916622,key-22,437
1775447916624,key-31,475
1775447916627,key-33,117
1775447916627,key-36,433
1775447916629,key-16,2546
1775447916629,key-41,651
1775447916630,key-3,1263
1775447916631,key-9,71
1775447916637,key-18,143
1775447916637,key-11,200
1775447916639,key-34,148
1775447916642,key-2,513
1775447916643,key-29,938
1775447916646,key-41,668
1775447916646,key-26,544
1775447916648,key-14,1910
1775447916648,key-45,349
1775447916649,key-32,704
1775447916651,key-7,598
1775447916653,key-14,1915
1775447916658,key-14,1920
1775447916666,key-33,156
1775447916667,key-8,335
1775447916678,key-9,118
1775447916679,key-8,347
1775447916679,key-12,1087
1775447916681,key-21,552
1775447916686,key-8,354
1775447916692,key-50,128
1775447916696,key-36,502
1775447916704,key-21,575
1775447916706,key-41,728
1775447916707,key-40,535
1775447916707,key-21,578
1775447916707,key-14,1969
1775447916707,key-37,89
1775447916707,key-37,89
1775447916708,key-13,121
1775447916708,key-33,121
1775447916708,key-31,559
1775447916709,key-41,731
1775447916709,key-33,122
1775447916710,key-38,779
1775447916710,key-38,779
1775447916712,key-46,1181
1775447916714,key-4,239
1775447916718,key-7,665
1775447916723,key-36,529
1775447916723,key-8,391
1775447916724,key-14,1986
1775447916724,key-8,392
1775447916724,key-35,798
1775447916725,key-34,234
1775447916725,key-18,231
1775447916725,key-40,553
1775447916729,key-14,1991
1775447916730,key-2,601
1775447916733,key-22,548
1775447916735,key-39,320
1775447916735,key-43,307
1775447916737,key-5,433
1775447916742,key-21,613
1775447916742,key-8,410
1775447916742,key-43,314
1775447916744,key-36,550
1775447916744,key-36,550
1775447916746,key-9,186
1775447916749,key-15,774
1775447916750,key-27,1051
1775447916756,key-41,778
1775447916756,key-8,424
1775447916761,key-9,201
1775447916761,key-29,105
1775447916764,key-50,200
1775447916764,key-8,432
1775447916770,key-41,114
1775447916772,key-47,64
1775447916775,key-45,476
1775447916779,key-7,726
1775447916779,key-37,161
1775447916781,key-30,3287
1775447916781,key-33,194
1775447916781,key-45,482
1775447916783,key-7,730
1775447916788,key-18,294
1775447916789,key-7,736
1775447916790,key-7,737
1775447916793,key-30,64
1775447916797,key-6,957
1775447916802,key-36,70
1775447916803,key-30,74
1775447916803,key-11,366
1775447916805,key-22,620
1775447916805,key-39,390
1775447916808,key-43,380
1775447916811,key-16,251
1775447916811,key-37,193
1775447916812,key-22,627
1775447916814,key-14,2076
1775447916814,key-14,2076
1775447916814,key-7,761
1775447916817,key-21,688
1775447916827,key-2,698
1775447916829,key-14,2091
1775447916871,key-14,2133
1775447916871,key-34,380
1775447916871,key-30,142
1775447916872,key-43,444
1775447916872,key-36,140
1775447916872,key-5,568
1775447916872,key-18,378
1775447916872,key-22,687
1775447916872,key-9,312
1775447916873,key-7,820
1775447916873,key-41,217
1775447916873,key-1,734
1775447916873,key-28,955
1775447916873,key-35,947
1775447916873,key-16,313
1775447916874,key-3,1507
1775447916874,key-36,142
1775447916874,key-40,702
1775447916874,key-18,380
1775447916874,key-50,310
1775447916874,key-8,542
1775447916875,key-2,746
1775447916875,key-41,219
1775447916875,key-21,746
1775447916875,key-19,485
1775447916875,key-35,949
1775447916875,key-16,315
1775447916876,key-14,2138
1775447916877,key-8,545
1775447916877,key-13,290
1775447916877,key-27,1178
1775447916877,key-33,290
1775447916879,key-11,442
1775447916880,key-15,905
1775447916880,key-37,262
1775447916916,key-45,617
1775447916916,key-15,941
1775447916916,key-7,863
1775447916917,key-15,942
1775447916919,key-7,866
1775447916919,key-27,1220
1775447916920,key-41,264
1775447916920,key-50,356
1775447916921,key-18,427
1775447916922,key-41,114
1775447916922,key-11,485
1775447916922,key-14,2184
1775447916922,key-39,507
1775447916928,key-43,500
1775447916929,key-22,744
1775447916929,key-18,435
1775447916930,key-30,201
1775447916930,key-41,122
1775447916931,key-46,1400
1775447916931,key-14,2193
1775447916931,key-48,1112
1775447916941,key-27,1242
1775447916945,key-2,816
1775447916948,key-32,1003
1775447916949,key-43,521
1775447916953,key-8,621
1775447916953,key-21,69
1775447916954,key-15,979
1775447916957,key-37,339
1775447916963,key-35,1037
1775447916964,key-19,574
1775447916968,key-12,1376
1775447916976,key-14,2238
1775447916977,key-11,540
1775447916979,key-3,1612
1775447916980,key-14,2242
1775447916981,key-36,249
1775447916981,key-14,2243
1775447916981,key-39,566
1775447916982,key-43,554
1775447916982,key-37,364
1775447916982,key-30,253
1775447916982,key-44,2522
1775447916984,key-22,799
1775447916985,key-35,1059
1775447916986,key-14,2248
1775447916989,key-4,514
1775447916995,key-22,810
1775447916995,key-5,691
1775447916995,key-35,1069
1775447916999,key-38,1068
1775447916999,key-50,435
1775447916999,key-19,609
1775447917000,key-43,572
1775447917000,key-2,871
1775447917000,key-18,506
1775447917000,key-9,440
1775447917004,key-27,1305
1775447917004,key-17,114
1775447917007,key-28,1089
1775447917008,key-44,2548
1775447917008,key-26,56
1775447917008,key-15,1033
1775447917008,key-8,676
1775447917009,key-21,125
1775447917011,key-17,121
1775447917012,key-3,1645
1775447917013,key-10,2931
1775447917014,key-50,450
1775447917017,key-15,1042
1775447917017,key-17,127
1775447917017,key-14,2279
1775447917017,key-16,457
1775447917021,key-17,131
1775447917023,key-2,894
1775447917023,key-18,529
1775447917023,key-15,1048
1775447917025,key-21,141
1775447917028,key-50,464
1775447917028,key-45,729
1775447917030,key-6,1190
1775447917031,key-15,1056
1775447917031,key-20,754
1775447917032,key-37,414
1775447917035,key-32,1090
1775447917038,key-36,115
1775447917045,key-14,2307
1775447917045,key-29,228
1775447917048,key-7,221
1775447917051,key-18,557
1775447917051,key-3,1684
1775447917052,key-18,558
1775447917055,key-1,916
1775447917055,key-36,132
1775447917056,key-11,619
1775447917058,key-28,1140
1775447917059,key-15,1084
1775447917064,key-49,578
1775447917065,key-22,880
1775447917070,key-33,483
1775447917071,key-17,181
1775447917071,key-46,1540
1775447917073,key-30,344
1775447917077,key-50,513
1775447917081,key-1,942
1775447917081,key-26,129
1775447917081,key-3,1714
1775447917082,key-2,953
1775447917082,key-24,210
1775447917083,key-48,1264
1775447917085,key-28,1167
1775447917087,key-16,527
1775447917088,key-10,3006
1775447917088,key-41,57
1775447917088,key-41,57
1775447917096,key-29,279
1775447917100,key-14,2362
1775447917101,key-49,615
1775447917102,key-37,484
1775447917102,key-41,71
1775447917103,key-37,485
1775447917105,key-12,138
1775447917106,key-43,678
1775447917108,key-36,185
1775447917110,key-44,2650
1775447917111,key-29,294
1775447917111,key-11,674
1775447917115,key-28,1197
1775447917116,key-11,679
1775447917116,key-17,226
1775447917119,key-14,2381
1775447917119,key-43,691
1775447917125,key-50,561
1775447917125,key-22,940
1775447917125,key-7,298
1775447917127,key-15,1152
1775447917128,key-27,128
1775447917128,key-14,2390
1775447917129,key-22,944
1775447917132,key-14,2394
1775447917133,key-15,1158
1775447917135,key-18,641
1775447917139,key-6,1299
1775447917139,key-48,1320
1775447917141,key-37,54
1775447917141,key-26,189
1775447917142,key-16,582
1775447917147,key-24,275
1775447917149,key-37,531
1775447917151,key-17,261
1775447917151,key-26,199
1775447917151,key-6,60
1775447917152,key-14,2414
1775447917153,key-14,2415
1775447917153,key-26,201
1775447917154,key-41,123
1775447917156,key-41,125
1775447917162,key-43,734
1775447917166,key-41,135
1775447917166,key-19,776
1775447917167,key-36,244
1775447917169,key-12,202
1775447917176,key-18,682
1775447917176,key-46,1645
1775447917177,key-10,3095
1775447917177,key-27,177
1775447917178,key-20,901
1775447917178,key-36,255
1775447917179,key-3,1812
1775447917180,key-1,1041
1775447917180,key-18,686
1775447917182,key-50,618
1775447917182,key-11,68
1775447917182,key-36,259
1775447917182,key-15,1207
1775447917183,key-29,366
1775447917186,key-50,622
1775447917192,key-1,1053
1775447917202,key-1,1063
1775447917203,key-14,52
1775447917204,key-12,237
1775447917204,key-16,644
1775447917206,key-14,55
1775447917206,key-2,1077
1775447917206,key-5,112
1775447917210,key-18,716
1775447917216,key-41,185
1775447917216,key-16,656
1775447917217,key-3,1850
1775447917217,key-30,488
1775447917217,key-37,130
1775447917222,key-11,108
1775447917222,key-41,191
1775447917223,key-2,1094
1775447917227,key-14,2489
1775447917229,key-12,262
1775447917229,key-6,60
1775447917229,key-50,665
1775447917230,key-19,840
1775447917233,key-14,2495
1775447917235,key-12,268
1775447917235,key-15,1260
1775447917237,key-33,650
1775447917239,key-12,272
1775447917240,key-46,1709
1775447917243,key-20,966
1775447917245,key-7,418
1775447917245,key-47,517
1775447917245,key-41,214
1775447917246,key-1,1107
1775447917246,key-42,590
1775447917250,key-17,360
1775447917250,key-7,423
1775447917251,key-1,1112
1775447917254,key-50,690
1775447917254,key-18,760
1775447917257,key-36,334
1775447917260,key-14,109
1775447917264,key-26,312
1775447917266,key-29,97
1775447917267,key-45,115
1775447917267,key-50,703
1775447917267,key-49,781
1775447917268,key-50,704
1775447917268,key-14,117
1775447917275,key-1,1136
1775447917276,key-11,162
1775447917278,key-37,109
1775447917280,key-49,794
1775447917280,key-14,129
1775447917281,key-50,717
1775447917285,key-27,285
1775447917291,key-3,1924
1775447917291,key-29,122
1775447917291,key-37,122
1775447917292,key-5,198
1775447917295,key-1,1156
1775447917297,key-50,733
1775447917298,key-33,711
1775447917298,key-12,331
1775447917301,key-1,1162
1775447917301,key-29,132
1775447917301,key-3,1934
1775447917302,key-15,1327
1775447917302,key-40,1130
1775447917302,key-18,808
1775447917304,key-17,414
1775447917308,key-37,139
1775447917309,key-35,72
1775447917310,key-14,159
1775447917313,key-50,749
1775447917313,key-5,219
1775447917314,key-5,220
1775447917314,key-4,77
1775447917316,key-12,349
1775447917318,key-46,1787
1775447917318,key-1,1179
1775447917320,key-14,169
1775447917321,key-1,1182
1775447917325,key-45,173
1775447917325,key-50,761
1775447917326,key-49,840
1775447917333,key-18,839
1775447917337,key-12,370
1775447917337,key-42,681
1775447917338,key-30,123
1775447917342,key-20,1065
1775447917348,key-47,128
1775447917349,key-34,858
1775447917349,key-25,1364
1775447917351,key-20,1074
1775447917351,key-34,860
1775447917353,key-15,151
1775447917355,key-32,1410
1775447917356,key-7,529
1775447917356,key-35,119
1775447917356,key-31,593
1775447917362,key-37,193
1775447917362,key-4,125
1775447917363,key-7,536
1775447917365,key-35,128
1775447917367,key-17,477
1775447917367,key-32,1422
1775447917368,key-37,199
1775447917369,key-11,255
1775447917371,key-15,169
1775447917371,key-18,877
1775447917372,key-8,1040
1775447917374,key-46,1843
1775447917375,key-7,548
1775447917377,key-1,1238
1775447917385,key-17,495
1775447917387,key-36,464
1775447917389,key-36,466
1775447917390,key-22,1205
1775447917390,key-38,1459
1775447917390,key-26,438
1775447917393,key-29,224
1775447917395,key-37,226
1775447917398,key-10,3316
1775447917400,key-45,248
1775447917402,key-3,2035
1775447917402,key-50,838
1775447917402,key-30,187
1775447917409,key-50,845
1775447917410,key-5,316
1775447917410,key-26,458
1775447917411,key-7,584
1775447917413,key-50,849
1775447917416,key-7,589
1775447917418,key-29,249
1775447917418,key-33,831
1775447917418,key-21,534
1775447917419,key-35,182
1775447917419,key-33,832
1775447917420,key-1,1281
1775447917422,key-18,928
1775447917422,key-26,470
1775447917425,key-41,394
1775447917425,key-3,2058
1775447917425,key-7,598
1775447917425,key-46,1894
1775447917431,key-1,1292
1775447917431,key-14,280
1775447917431,key-40,1259
1775447917431,key-32,1486
1775447917434,key-14,283
1775447917439,key-17,549
1775447917441,key-15,239
1775447917442,key-33,855
1775447917451,key-4,214
1775447917452,key-20,1175
1775447917452,key-30,237
1775447917453,key-1,1314
1775447917457,key-49,971
1775447917457,key-12,490
1775447917457,key-7,630
1775447917461,key-1,1322
1775447917462,key-7,635
1775447917463,key-49,977
1775447917464,key-25,1479
1775447917465,key-50,901
1775447917467,key-50,903
1775447917469,key-26,517
1775447917469,key-4,232
1775447917469,key-19,1079
1775447917469,key-37,300
1775447917471,key-4,103
1775447917474,key-31,711
1775447917474,key-48,63
1775447917474,key-48,63
1775447917476,key-32,1531
1775447917476,key-4,108
1775447917476,key-37,109
1775447917478,key-35,241
1775447917478,key-2,1349
1775447917479,key-4,111
1775447917482,key-1,66
1775447917484,key-38,1553
1775447917484,key-20,1207
1775447917485,key-35,248
1775447917492,key-15,290
1775447917492,key-35,255
1775447917493,key-1,1354
1775447917499,key-36,576
1775447917501,key-46,1970
1775447917503,key-33,916
1775447917504,key-18,1010
1775447917506,key-45,354
1775447917506,key-33,919
1775447917507,key-41,476
1775447917507,key-42,851
1775447917508,key-3,2141
1775447917513,key-39,1098
1775447917513,key-26,561
1775447917514,key-7,687
1775447917516,key-17,626
1775447917517,key-5,423
1775447917522,key-45,370
1775447917522,key-5,428
1775447917525,key-2,1396
1775447917527,key-4,132
1775447917527,key-7,700
1775447917531,key-29,362
1775447917535,key-26,583
1775447917535,key-26,583
1775447917539,key-7,712
1775447917539,key-37,123
1775447917543,key-14,392
1775447917544,key-37,128
1775447917546,key-32,1601
1775447917546,key-6,377
1775447917548,key-48,137
1775447917554,key-46,2023
1775447917555,key-32,1610
1775447917556,key-33,969
1775447917556,key-21,672
1775447917557,key-40,1385
1775447917557,key-1,141
1775447917558,key-37,142
1775447917558,key-40,1386
1775447917559,key-14,408
1775447917559,key-14,408
1775447917566,key-3,2199
1775447917566,key-6,397
1775447917568,key-7,741
1775447917570,key-33,983
1775447917571,key-47,351
1775447917575,key-31,812
1775447917579,key-15,377
1775447917579,key-5,485
1775447917582,key-40,1410
1775447917583,key-32,1638
1775447917583,key-2,1454
1775447917586,key-37,170
1775447917588,key-39,1173
1775447917588,key-35,351
1775447917595,key-48,184
1775447917595,key-35,358
1775447917595,key-35,358
1775447917599,key-18,1105
1775447917601,key-4,206
1775447917605,key-32,1660
1775447917605,key-48,194
1775447917606,key-32,1661
1775447917607,key-38,1676
1775447917607,key-15,405
1775447917610,key-4,215
1775447917610,key-37,194
1775447917610,key-46,2079
1775447917610,key-6,76
1775447917611,key-29,442
1775447917611,key-20,1334
1775447917614,key-22,1429
1775447917615,key-36,692
1775447917616,key-38,1685
1775447917618,key-33,1031
1775447917618,key-41,587
1775447917622,key-5,528
1775447917625,key-41,594
1775447917627,key-14,476
1775447917627,key-32,1682
1775447917629,key-41,598
1775447917629,key-45,477
1775447917632,key-31,869
1775447917632,key-45,480
1775447917633,key-5,539
1775447917637,key-34,102
1775447917638,key-2,1509
1775447917640,key-4,245
1775447917640,key-43,1212
1775447917640,key-7,813
1775447917641,key-5,547
1775447917644,key-10,3562
1775447917646,key-40,1474
1775447917647,key-26,695
1775447917652,key-47,432
1775447917652,key-32,1707
1775447917655,key-11,541
1775447917656,key-18,1162
1775447917658,key-31,895
1775447917660,key-26,708
1775447917662,key-35,425
1775447917663,key-35,426
1775447917671,key-40,1499
1775447917671,key-24,57
1775447917675,key-47,455
1775447917676,key-3,2309
1775447917677,key-9,1117
1775447917680,key-28,1762
1775447917681,key-40,1509
1775447917682,key-16,1122
1775447917685,key-4,290
1775447917685,key-7,858
1775447917687,key-45,535
1775447917687,key-47,467
1775447917687,key-40,1515
1775447917687,key-17,797
1775447917688,key-41,657
1775447917689,key-41,658
1775447917689,key-49,1203
1775447917690,key-7,863
1775447917690,key-10,3608
1775447917691,key-33,58
1775447917693,key-31,930
1775447917695,key-14,544
1775447917697,key-33,64
1775447917699,key-10,3617
1775447917703,key-7,876
1775447917704,key-4,309
1775447917706,key-7,879
1775447917707,key-38,1776
1775447917708,key-43,1280
1775447917708,key-8,73
1775447917709,key-6,175
1775447917709,key-33,76
1775447917711,key-18,1217
1775447917711,key-7,884
1775447917713,key-35,476
1775447917713,key-47,493
1775447917715,key-43,1287
1775447917719,key-4,324
1775447917719,key-4,324
1775447917720,key-46,2189
1775447917724,key-10,3642
1775447917727,key-38,1796
1775447917727,key-4,332
1775447917727,key-43,1299
1775447917731,key-40,1559
1775447917734,key-11,620
1775447917735,key-22,159
1775447917741,key-1,104
1775447917743,key-16,1183
1775447917751,key-41,720
1775447917752,key-33,119
1775447917756,key-34,221
1775447917757,key-4,362
1775447917758,key-7,931
1775447917765,key-1,128
1775447917765,key-26,176
1775447917766,key-14,615
1775447917770,key-13,740
1775447917771,key-35,534
1775447917773,key-35,536
1775447917778,key-23,176
1775447917778,key-26,189
1775447917779,key-7,952
1775447917780,key-35,543
1775447917781,key-43,1353
1775447917781,key-5,687
1775447917782,key-35,545
1775447917785,key-40,1613
1775447917786,key-7,959
1775447917787,key-46,2256
1775447917787,key-3,2420
1775447917788,key-47,568
1775447917789,key-38,1858
1775447917789,key-47,569
1775447917792,key-40,1620
1775447917792,key-37,376
1775447917792,key-24,178
1775447917794,key-47,574
1775447917796,key-22,220
1775447917798,key-47,578
1775447917798,key-33,165
1775447917803,key-10,3721
1775447917803,key-33,170
1775447917808,key-41,777
1775447917808,key-11,694
1775447917809,key-10,3727
1775447917812,key-37,396
1775447917813,key-7,986
1775447917819,key-25,1834
1775447917821,key-7,994
1775447917821,key-8,186
1775447917827,key-7,1000
1775447917827,key-7,1000
1775447917828,key-4,433
1775447917830,key-41,799
1775447917830,key-14,679
1775447917830,key-18,1336
1775447917832,key-16,1272
1775447917832,key-46,2301
1775447917835,key-35,598
1775447917836,key-29,667
1775447917839,key-11,725
1775447917840,key-43,1412
1775447917842,key-48,431
1775447917843,key-47,623
1775447917845,key-27,845
1775447917848,key-27,848
1775447917848,key-5,754
1775447917856,key-20,1579
1775447917860,key-40,1688
1775447917860,key-47,640
1775447917861,key-43,1433
1775447917864,key-40,1692
1775447917864,key-4,469
1775447917866,key-12,899
1775447917868,key-21,984
1775447917868,key-18,1374
1775447917869,key-4,474
1775447917870,key-1,233
1775447917871,key-22,295
1775447917873,key-25,1888
1775447917877,key-13,847
1775447917880,key-7,1053
1775447917882,key-41,62
1775447917883,key-7,1056
1775447917886,key-33,253
1775447917886,key-42,276
1775447917888,key-36,128
1775447917889,key-7,1062
1775447917893,key-1,256
1775447917898,key-4,503
1775447917899,key-43,1471
1775447917903,key-22,327
1775447917905,key-47,685
1775447917906,key-38,1975
1775447917907,key-21,1023
1775447917908,key-38,1977
1775447917908,key-35,671
1775447917910,key-7,1083
1775447917911,key-47,691
1775447917911,key-47,691
1775447917919,key-18,1425
1775447917922,key-40,1750
1775447917924,key-37,508
1775447917926,key-13,896
1775447917926,key-37,510
1775447917932,key-9,1372
1775447917932,key-11,139
1775447917932,key-48,129
1775447917935,key-4,540
1775447917935,key-14,784
1775447917938,key-18,1444
1775447917939,key-16,1379
1775447917939,key-10,3857
1775447917939,key-28,2021
1775447917940,key-15,240
1775447917942,key-24,182
1775447917947,key-50,1383
1775447917947,key-37,531
1775447917948,key-16,1388
1775447917950,key-13,96
1775447917950,key-41,130
1775447917951,key-10,3869
1775447917953,key-46,2422
1775447917953,key-50,1389
1775447917954,key-25,1969
1775447917955,key-16,1395
1775447917957,key-11,112
1775447917957,key-47,737
1775447917962,key-16,1402
1775447917963,key-44,3503
1775447917964,key-7,1137
1775447917966,key-47,746
1775447917968,key-40,1796
1775447917973,key-41,153
1775447917973,key-24,83
1775447917973,key-21,1089
1775447917974,key-1,337
1775447917979,key-5,105
1775447917982,key-21,1098
1775447917983,key-47,763
1775447917983,key-40,1811
1775447917983,key-36,223
1775447917987,key-1,350
1775447917987,key-22,411
1775447917987,key-4,592
1775447917992,key-18,1498
1775447917992,key-5,118
1775447917994,key-18,1500
1775447917997,key-7,1170
1775447918000,key-35,763
1775447918002,key-25,2017
1775447918002,key-13,148
1775447918002,key-21,1118
1775447918006,key-19,349
1775447918007,key-24,117
1775447918008,key-16,1448
1775447918009,key-36,249
1775447918009,key-43,1581
1775447918009,key-29,139
1775447918009,key-48,206
1775447918011,key-20,1734
1775447918013,key-16,1453
1775447918025,key-35,788
1775447918025,key-47,805
1775447918025,key-10,3943
1775447918026,key-33,393
1775447918026,key-25,2041
1775447918027,key-33,394
1775447918033,key-37,617
1775447918034,key-21,1150
1775447918034,key-50,1470
1775447918036,key-23,434
1775447918040,key-9,1480
1775447918040,key-40,1868
1775447918040,key-47,820
1775447918041,key-1,404
1775447918046,key-43,1618
1775447918046,key-5,172
1775447918048,key-33,415
1775447918052,key-7,75
1775447918052,key-1,415
1775447918053,key-7,76
1775447918056,key-13,202
1775447918056,key-21,1172
1775447918056,key-50,1492
1775447918058,key-22,482
1775447918067,key-17,1177
1775447918067,key-4,672
1775447918070,key-47,850
1775447918072,key-16,1512
1775447918075,key-41,255
1775447918077,key-21,1193
1775447918077,key-38,214
1775447918077,key-7,1250
1775447918079,key-22,503
1775447918079,key-4,684
1775447918079,key-35,842
1775447918080,key-13,226
1775447918081,key-28,2163
1775447918086,key-41,266
1775447918088,key-15,388
1775447918091,key-40,1919
1775447918092,key-44,3632
1775447918094,key-24,204
1775447918099,key-21,1215
1775447918100,key-47,880
1775447918104,key-24,214
1775447918104,key-47,884
1775447918115,key-25,2130
1775447918116,key-7,139
1775447918118,key-16,1558
1775447918118,key-7,141
1775447918121,key-9,1561
1775447918130,key-25,2145
1775447918132,key-35,895
1775447918132,key-32,2187
1775447918133,key-41,313
1775447918138,key-48,335
1775447918138,key-13,284
1775447918139,key-20,1862
1775447918139,key-7,162
1775447918139,key-19,482
1775447918139,key-35,902
1775447918139,key-20,1862
1775447918140,key-16,1580
1775447918140,key-4,745
1775447918142,key-41,322
1775447918143,key-13,289
1775447918143,key-15,443
1775447918143,key-27,1143
1775447918145,key-43,1717
1775447918145,key-44,61
1775447918146,key-29,276
1775447918148,key-10,4066
1775447918151,key-35,103
1775447918153,key-33,520
1775447918155,key-47,935
1775447918156,key-16,1596
1775447918159,key-5,285
1775447918161,key-1,524
1775447918163,key-50,1599
1775447918163,key-35,115
1775447918163,key-4,768
1775447918164,key-24,274
1775447918167,key-19,510
1775447918167,key-7,190
1775447918168,key-40,1996
1775447918169,key-7,192
1775447918172,key-23,570
1775447918175,key-3,2808
1775447918182,key-4,787
1775447918188,key-49,1702
1775447918188,key-41,368
1775447918189,key-50,1625
1775447918189,key-35,141
1775447918191,key-4,796
1775447918191,key-36,134
1775447918192,key-13,338
1775447918194,key-15,494
1775447918197,key-41,377
1775447918197,key-50,1633
1775447918198,key-16,1638
1775447918200,key-15,500
1775447918206,key-7,229
1775447918207,key-12,1240
1775447918209,key-10,53
1775447918210,key-46,2679
1775447918212,key-4,817
1775447918214,key-41,394
1775447918220,key-5,346
1775447918220,key-4,825
1775447918220,key-4,825
1775447918222,key-38,359
1775447918223,key-31,1460
1775447918223,key-50,1659
1775447918226,key-16,1666
1775447918226,key-4,831
1775447918232,key-10,76
1775447918232,key-3,2865
1775447918232,key-19,575
1775447918233,key-10,77
1775447918233,key-25,162
1775447918235,key-35,187
1775447918240,key-16,1680
1775447918240,key-19,583
1775447918241,key-19,584
1775447918243,key-21,1359
1775447918246,key-7,269
1775447918249,key-31,1486
1775447918251,key-8,616
1775447918253,key-41,433
1775447918254,key-13,400
1775447918256,key-16,1696
1775447918257,key-4,862
1775447918257,key-22,681
1775447918257,key-17,1367
1775447918258,key-33,625
1775447918261,key-41,441
1775447918265,key-15,98
1775447918267,key-29,397
1775447918273,key-47,1053
1775447918275,key-1,638
1775447918278,key-5,404
1775447918280,key-23,108
1775447918281,key-1,644
1775447918286,key-4,891
1775447918286,key-4,891
1775447918286,key-1,649
1775447918287,key-29,417
1775447918290,key-5,416
1775447918294,key-9,110
1775447918294,key-46,2763
1775447918294,key-7,317
1775447918296,key-7,319
1775447918296,key-48,493
1775447918299,key-50,1735
1775447918299,key-15,132
1775447918300,key-39,1885
1775447918305,key-40,2133
1775447918305,key-43,1877
1775447918306,key-4,911
1775447918307,key-45,104
1775447918307,key-15,140
1775447918310,key-13,456
1775447918319,key-31,60
1775447918322,key-45,119
1775447918323,key-50,1759
1775447918325,key-10,169
1775447918331,key-15,164
1775447918333,key-16,1773
1775447918333,key-48,530
1775447918334,key-41,514
1775447918336,key-11,491
1775447918338,key-4,943
1775447918338,key-22,762
1775447918340,key-3,2973
1775447918340,key-18,86
1775447918342,key-4,947
1775447918343,key-4,948
1775447918345,key-36,86
1775447918346,key-4,951
1775447918346,key-41,526
1775447918347,key-41,527
1775447918347,key-19,690
1775447918351,key-21,1467
1775447918356,key-38,493
1775447918357,key-10,201
1775447918358,key-4,963
1775447918361,key-37,945
1775447918361,key-21,1477
1775447918362,key-15,195
1775447918363,key-25,292
1775447918365,key-35,317
1775447918368,key-6,834
1775447918370,key-39,1955
1775447918370,key-19,713
1775447918370,key-22,794
1775447918371,key-8,736
1775447918375,key-15,208
1775447918376,key-13,522
1775447918380,key-31,121
1775447918380,key-18,126
1775447918381,key-31,122
1775447918382,key-41,562
1775447918386,key-35,56
1775447918390,key-1,753
1775447918391,key-22,815
1775447918393,key-5,519
1775447918396,key-1,759
1775447918397,key-22,821
1775447918398,key-29,528
1775447918404,key-6,870
1775447918407,key-7,430
1775447918408,key-4,1013
1775447918409,key-33,776
1775447918413,key-14,1262
1775447918413,key-14,1262
1775447918415,key-21,1531
1775447918415,key-32,2470
1775447918417,key-19,760
1775447918421,key-50,1857
1775447918425,key-13,571
1775447918425,key-37,1009
1775447918427,key-41,607
1775447918429,key-15,262
1775447918430,key-10,274
1775447918430,key-43,2002
1775447918431,key-16,1871
1775447918434,key-13,580
1775447918435,key-45,232
1775447918437,key-41,617
1775447918442,key-48,639
1775447918442,key-35,112
1775447918443,key-39,2028
1775447918444,key-21,1560
1775447918444,key-4,1049
1775447918444,key-45,241
1775447918446,key-22,870
1775447918448,key-10,122
1775447918449,key-19,792
1775447918449,key-15,282
1775447918449,key-31,131
1775447918451,key-13,57
1775447918456,key-40,2284
1775447918461,key-2,120
1775447918461,key-32,2516
1775447918461,key-1,824
1775447918467,key-17,120
1775447918467,key-3,3100
1775447918472,key-38,609
1775447918474,key-35,144
1775447918474,key-37,1058
1775447918475,key-39,2060
1775447918475,key-14,116
1775447918476,key-11,631
1775447918478,key-31,160
1775447918480,key-21,1596
1775447918480,key-41,660
1775447918484,key-4,1089
1775447918486,key-19,829
1775447918488,key-14,129
1775447918488,key-46,2957
1775447918490,key-46,2959
1775447918491,key-41,671
1775447918497,key-43,2069
1775447918501,key-37,1085
1775447918501,key-1,864
1775447918503,key-44,419
1775447918503,key-45,300
1775447918503,key-1,866
1775447918507,key-35,110
1775447918508,key-43,2080
1775447918508,key-41,688
1775447918508,key-20,2231
1775447918509,key-47,75
1775447918510,key-13,116
1775447918512,key-16,1952
1775447918512,key-50,1948
1775447918513,key-35,116
1775447918516,key-7,539
1775447918516,key-33,883
1775447918518,key-1,881
1775447918520,key-2,179
1775447918521,key-22,945
1775447918525,key-14,166
1775447918527,key-4,1132
1775447918527,key-6,993
1775447918531,key-29,661
1775447918531,key-13,137
1775447918540,key-15,373
1775447918546,key-35,149
1775447918547,key-3,123
1775447918549,key-12,64
1775447918556,key-47,56
1775447918558,key-15,391
1775447918562,key-50,1998
1775447918564,key-14,69
1775447918564,key-41,744
1775447918564,key-6,1030
1775447918565,key-50,2001
1775447918565,key-45,362
1775447918566,key-18,312
1775447918566,key-45,363
1775447918566,key-47,66
1775447918567,key-46,3036
1775447918569,key-48,766
1775447918571,key-32,2626
1775447918573,key-1,936
1775447918574,key-24,178
1775447918584,key-24,188
1775447918587,key-4,1192
1775447918587,key-32,2642
1775447918587,key-3,163
1775447918589,key-2,248
1775447918589,key-50,2025
1775447918590,key-35,193
1775447918591,key-2,250
1775447918594,key-31,276
1775447918600,key-37,1184
1775447918600,key-16,2040
1775447918601,key-14,106
1775447918602,key-10,276
1775447918604,key-37,1188
1775447918608,key-14,113
1775447918609,key-19,952
1775447918609,key-11,764
1775447918612,key-44,528
1775447918616,key-3,192
1775447918616,key-35,219
1775447918616,key-46,3085
1775447918619,key-41,799
1775447918620,key-47,120
1775447918621,key-1,984
1775447918624,key-50,2060
1775447918624,key-37,1208
1775447918626,key-48,823
1775447918626,key-13,232
1775447918628,key-32,2683
1775447918634,key-44,550
1775447918635,key-44,551
1775447918635,key-2,294
1775447918635,key-45,432
1775447918636,key-45,433
1775447918636,key-16,2076
1775447918636,key-36,377
1775447918637,key-13,243
1775447918640,key-35,243
1775447918641,key-5,767
1775447918642,key-37,60
1775447918642,key-13,248
1775447918643,key-20,2366
1775447918645,key-15,478
1775447918647,key-33,1014
1775447918657,key-29,787
1775447918658,key-20,2381
1775447918658,key-32,2713
1775447918659,key-20,2382
1775447918659,key-50,2095
1775447918664,key-47,84
1775447918664,key-14,169
1775447918677,key-47,177
1775447918680,key-36,421
1775447918684,key-14,189
1775447918686,key-35,289
1775447918686,key-48,883
1775447918692,key-42,1082
1775447918694,key-6,1160
1775447918696,key-37,114
1775447918697,key-48,894
1775447918708,key-6,1174
1775447918709,key-24,313
1775447918710,key-32,2765
1775447918711,key-37,129
1775447918711,key-32,2766
1775447918712,key-37,130
1775447918712,key-16,2152
1775447918718,key-5,113
1775447918720,key-42,1110
1775447918722,key-37,140
1775447918725,key-43,2297
1775447918726,key-41,906
1775447918727,key-44,643
1775447918727,key-37,145
1775447918729,key-50,2165
1775447918731,key-46,3200
1775447918733,key-20,2456
1775447918733,key-20,2456
1775447918736,key-37,154
1775447918738,key-14,243
1775447918738,key-5,133
1775447918744,key-32,2799
1775447918744,key-13,350
1775447918746,key-11,901
1775447918746,key-16,2186
1775447918747,key-13,353
1775447918748,key-4,79
1775447918749,key-35,352
1775447918751,key-50,2187
1775447918755,key-47,175
1775447918755,key-35,358
1775447918755,key-13,361
1775447918759,key-15,592
1775447918760,key-2,419
1775447918761,key-33,1128
1775447918762,key-6,138
1775447918766,key-35,369
1775447918768,key-50,2204
1775447918769,key-5,164
1775447918773,key-43,2345
1775447918773,key-20,2496
1775447918777,key-3,119
1775447918777,key-29,907
1775447918777,key-40,2605
1775447918778,key-35,381
1775447918780,key-13,386
1775447918780,key-6,156
1775447918780,key-48,977
1775447918783,key-48,980
1775447918785,key-20,2508
1775447918787,key-21,1903
1775447918793,key-35,396
1775447918794,key-50,2230
1775447918797,key-37,215
1775447918798,key-50,2234
1775447918799,key-20,2522
1775447918803,key-8,1168
1775447918807,key-11,962
1775447918808,key-35,411
1775447918811,key-13,417
1775447918811,key-48,1008
1775447918811,key-47,231
1775447918814,key-15,62
1775447918819,key-32,2874
1775447918822,key-42,1212
1775447918823,key-50,2259
1775447918827,key-23,410
1775447918828,key-47,248
1775447918829,key-42,1219
1775447918829,key-5,224
1775447918832,key-37,250
1775447918836,key-8,1201
1775447918837,key-37,255
1775447918839,key-37,257
1775447918840,key-40,2668
1775447918843,key-1,1206
1775447918843,key-5,60
1775447918843,key-49,726
1775447918845,key-20,2568
1775447918848,key-17,501
1775447918855,key-48,1052
1775447918855,key-13,80
1775447918855,key-14,360
1775447918858,key-50,2294
1775447918859,key-3,201
1775447918859,key-48,1056
1775447918863,key-35,76
1775447918864,key-35,467
1775447918864,key-32,2919
1775447918869,key-13,475
1775447918874,key-13,480
1775447918878,key-2,537
1775447918880,key-20,2603
1775447918885,key-33,1252
1775447918885,key-13,110
1775447918886,key-5,281
1775447918888,key-5,105
1775447918888,key-45,685
1775447918888,key-44,66
1775447918889,key-23,472
1775447918891,key-13,116
1775447918891,key-33,1258
1775447918893,key-3,235
1775447918893,key-6,269
1775447918895,key-35,108
1775447918895,key-5,112
1775447918899,key-49,782
1775447918899,key-47,319
1775447918901,key-29,1031
1775447918901,key-42,1291
1775447918904,key-13,129
1775447918905,key-37,323
1775447918907,key-44,823
1775447918909,key-3,251
1775447918916,key-3,258
1775447918917,key-48,1114
1775447918920,key-20,2643
1775447918921,key-48,1118
1775447918921,key-50,2357
1775447918922,key-35,135
1775447918925,key-36,127
1775447918930,key-1,83
1775447918931,key-14,436
1775447918934,key-50,2370
1775447918939,key-27,1939
1775447918939,key-10,613
1775447918940,key-47,360
1775447918940,key-20,2663
1775447918946,key-49,829
1775447918947,key-14,452
1775447918947,key-7,970
1775447918949,key-13,174
1775447918950,key-6,326
1775447918950,key-40,128
1775447918953,key-29,1083
1775447918956,key-47,376
1775447918957,key-20,2680
1775447918957,key-41,1137
1775447918960,key-47,380
1775447918965,key-5,182
1775447918966,key-13,191
1775447918967,key-5,184
1775447918967,key-5,184
1775447918969,key-3,311
1775447918972,key-1,125
1775447918972,key-19,131
1775447918975,key-40,153
1775447918978,key-35,191
1775447918979,key-16,2419
1775447918979,key-13,204
1775447918980,key-13,205
1775447918981,key-3,323
1775447918985,key-37,403
1775447918988,key-35,201
1775447918988,key-17,641
1775447918990,key-20,2713
1775447918990,key-36,192
1775447918994,key-35,207
1775447918994,key-35,207
1775447918997,key-48,1194
1775447918998,key-37,416
1775447918998,key-45,795
1775447919001,key-22,1425
1775447919003,key-13,228
1775447919004,key-20,2727
1775447919004,key-3,346
1775447919008,key-36,210
1775447919012,key-23,595
1775447919016,key-20,2739
1775447919020,key-37,438
1775447919021,key-2,680
1775447919022,key-37,440
1775447919025,key-3,367
1775447919028,key-35,241
1775447919028,key-39,2613
1775447919029,key-10,703
1775447919031,key-42,1421
1775447919032,key-27,123
1775447919032,key-3,374
1775447919034,key-3,376
1775447919041,key-44,219
1775447919049,key-27,140
1775447919050,key-34,813
1775447919050,key-40,228
1775447919050,key-39,2635
1775447919050,key-13,275
1775447919051,key-35,264
1775447919055,key-10,729
1775447919055,key-36,257
1775447919058,key-29,1188
1775447919060,key-36,262
1775447919062,key-50,2498
1775447919064,key-35,277
1775447919064,key-14,569
1775447919065,key-50,2501
1775447919068,key-13,293
1775447919068,key-48,1265
1775447919072,key-33,1439
1775447919073,key-36,275
1775447919074,key-22,1498
1775447919076,key-25,1005
1775447919077,key-46,110
1775447919077,key-32,3132
1775447919083,key-3,425
1775447919088,key-10,762
1775447919089,key-13,314
1775447919090,key-19,249
1775447919094,key-20,2817
1775447919094,key-36,296
1775447919098,key-49,120
1775447919101,key-10,775
1775447919101,key-13,326
1775447919103,key-19,262
1775447919104,key-38,127
1775447919105,key-30,1890
1775447919106,key-40,284
1775447919107,key-35,320
1775447919107,key-13,332
1775447919134,key-47,165
1775447919135,key-20,2858
1775447919135,key-35,348
1775447919135,key-37,553
1775447919135,key-13,360
1775447919135,key-29,1265
1775447919136,key-35,349
1775447919136,key-39,2721
1775447919136,key-40,314
1775447919136,key-13,361
1775447919137,key-34,151
1775447919137,key-39,2722
1775447919137,key-39,2722
1775447919137,key-22,1561
1775447919138,key-37,556
1775447919138,key-39,2723
1775447919138,key-3,480
1775447919138,key-40,316
1775447919138,key-50,2574
1775447919140,key-4,471
1775447919141,key-10,815
1775447919143,key-33,1510
1775447919143,key-3,485
1775447919143,key-37,561
1775447919144,key-42,1534
1775447919144,key-35,357
1775447919144,key-8,1509
1775447919145,key-3,487
1775447919146,key-50,2582
1775447919155,key-40,333
1775447919155,key-3,497
1775447919159,key-39,2744
1775447919160,key-46,193
1775447919160,key-1,313
1775447919167,key-27,258
1775447919173,key-29,1303
1775447919176,key-33,1543
1775447919191,key-25,1120
1775447919195,key-19,354
1775447919195,key-30,1980
1775447919195,key-44,134
1775447919196,key-18,129
1775447919201,key-5,418
1775447919201,key-13,426
1775447919205,key-8,1570
1775447919206,key-4,135
1775447919206,key-25,1135
1775447919207,key-46,240
1775447919209,key-25,1138
1775447919209,key-13,434
1775447919211,key-8,1576
1775447919211,key-21,2327
1775447919212,key-37,630
1775447919212,key-13,437
1775447919214,key-22,1638
1775447919223,key-50,2659
1775447919224,key-11,1379
1775447919229,key-27,320
1775447919232,key-3,574
1775447919237,key-3,579
1775447919238,key-27,329
1775447919238,key-29,1368
1775447919244,key-3,586
1775447919246,key-50,2682
1775447919246,key-10,157
1775447919247,key-38,270
1775447919247,key-19,406
1775447919248,key-10,159
1775447919248,key-50,2684
1775447919248,key-35,461
1775447919248,key-10,159
1775447919249,key-35,462
1775447919252,key-8,1617
1775447919252,key-10,163
1775447919252,key-27,343
1775447919253,key-3,595
1775447919256,key-39,2841
1775447919256,key-28,620
1775447919256,key-46,115
1775447919258,key-46,117
1775447919260,key-33,1627
1775447919260,key-39,2845
1775447919262,key-35,475
1775447919273,key-19,432
1775447919273,key-12,304
1775447919274,key-13,499
1775447919274,key-46,133
1775447919275,key-40,453
1775447919275,key-17,928
1775447919275,key-47,306
1775447919276,key-3,618
1775447919277,key-13,502
1775447919277,key-4,206
1775447919280,key-28,644
1775447919280,key-41,123
1775447919281,key-37,699
1775447919281,key-35,494
1775447919285,key-27,376
1775447919285,key-34,299
1775447919285,key-43,441
1775447919287,key-13,512
1775447919290,key-33,1657
1775447919291,key-4,220
1775447919291,key-21,2407
1775447919292,key-21,2408
1775447919299,key-29,1429
1775447919302,key-25,1231
1775447919306,key-19,465
1775447919310,key-39,2895
1775447919312,key-4,241
1775447919312,key-41,155
1775447919318,key-4,247
1775447919319,key-26,1730
1775447919323,key-33,1690
1775447919325,key-10,236
1775447919329,key-19,488
1775447919329,key-35,542
1775447919329,key-10,240
1775447919330,key-13,555
1775447919335,key-7,1358
1775447919336,key-13,561
1775447919336,key-50,2772
1775447919337,key-39,2922
1775447919337,key-47,368
1775447919340,key-25,103
1775447919340,key-26,1751
1775447919340,key-7,1363
1775447919341,key-25,1270
1775447919344,key-13,569
1775447919344,key-41,187
1775447919344,key-13,569
1775447919345,key-34,359
1775447919346,key-34,360
1775447919347,key-40,525
1775447919347,key-36,549
1775447919352,key-15,133
1775447919352,key-8,144
1775447919353,key-43,509
1775447919354,key-13,579
1775447919359,key-37,777
1775447919359,key-13,584
1775447919359,key-50,2795
1775447919361,key-4,290
1775447919363,key-28,110
1775447919363,key-16,106
1775447919363,key-43,519
1775447919364,key-21,2480
1775447919365,key-4,294
1775447919369,key-10,280
1775447919369,key-19,528
1775447919369,key-29,1499
1775447919371,key-50,2807
1775447919371,key-28,108
1775447919371,key-9,156
1775447919372,key-39,2957
1775447919375,key-43,531
1775447919381,key-46,240
1775447919382,key-21,2498
1775447919383,key-35,596
1775447919389,key-26,1800
1775447919390,key-35,603
1775447919392,key-19,551
1775447919395,key-35,608
1775447919397,key-13,622
1775447919397,key-39,2982
1775447919400,key-30,2185
1775447919401,key-34,415
1775447919404,key-15,185
1775447919406,key-24,1010
1775447919406,key-29,1536
1775447919410,key-47,441
1775447919414,key-38,437
1775447919415,key-29,1545
1775447919418,key-8,210
1775447919419,key-31,1101
1775447919419,key-24,1023
1775447919419,key-16,162
1775447919423,key-27,514
1775447919423,key-4,352
1775447919439,key-44,288
1775447919440,key-35,653
1775447919440,key-21,2556
1775447919440,key-42,74
1775447919444,key-4,373
1775447919444,key-19,603
1775447919444,key-21,2560
1775447919445,key-43,601
1775447919447,key-44,296
1775447919447,key-38,470
1775447919449,key-9,234
1775447919450,key-29,1580
1775447919454,key-20,3177
1775447919454,key-28,191
1775447919454,key-7,1477
1775447919457,key-41,300
1775447919459,key-25,222
1775447919459,key-34,473
1775447919462,key-13,687
1775447919463,key-44,312
1775447919465,key-1,618
1775447919467,key-37,885
1775447919467,key-45,1264
1775447919469,key-50,2905
1775447919470,key-38,493
1775447919470,key-16,213
1775447919471,key-17,1124
1775447919473,key-29,1603
1775447919489,key-9,274
1775447919489,key-43,645
1775447919489,key-50,2925
1775447919489,key-43,645
1775447919490,key-4,419
1775447919490,key-46,349
1775447919492,key-16,78
1775447919492,key-31,1174
1775447919492,key-43,648
1775447919495,key-28,232
1775447919496,key-29,1626
1775447919496,key-8,288
1775447919502,key-8,294
1775447919502,key-39,3087
1775447919503,key-47,534
1775447919504,key-19,663
1775447919505,key-14,1010
1775447919507,key-46,366
1775447919509,key-13,734
1775447919509,key-39,3094
1775447919510,key-42,144
1775447919511,key-4,440
1775447919513,key-5,730
1775447919515,key-38,538
1775447919517,key-1,670
1775447919518,key-13,743
1775447919518,key-15,299
1775447919518,key-25,281
1775447919521,key-45,120
1775447919521,key-15,302
1775447919522,key-35,735
1775447919524,key-50,69
1775447919524,key-45,123
1775447919525,key-35,738
1775447919528,key-13,753
1775447919528,key-24,1132
1775447919535,key-29,1665
1775447919539,key-45,138
1775447919543,key-46,402
1775447919543,key-27,634
1775447919544,key-24,1148
1775447919544,key-16,130
1775447919546,key-44,395
1775447919548,key-17,1201
1775447919554,key-23,232
1775447919555,key-16,141
1775447919555,key-29,1685
1775447919561,key-9,346
1775447919561,key-43,717
1775447919564,key-39,3149
1775447919566,key-8,358
1775447919567,key-4,496
1775447919568,key-39,3153
1775447919569,key-44,418
1775447919572,key-13,797
1775447919574,key-4,503
1775447919574,key-30,2359
1775447919574,key-38,597
1775447919576,key-42,210
1775447919578,key-2,1237
1775447919583,key-7,139
1775447919587,key-21,2703
1775447919587,key-34,601
1775447919588,key-50,133
1775447919588,key-29,1718
1775447919588,key-45,187
1775447919589,key-29,1719
1775447919589,key-25,173
1775447919590,key-45,189
1775447919590,key-22,439
1775447919590,key-15,371
1775447919591,key-50,136
1775447919594,key-42,228
1775447919599,key-32,427
1775447919601,key-25,185
1775447919603,key-45,202
1775447919606,key-27,697
1775447919606,key-29,1736
1775447919606,key-46,465
1775447919608,key-14,1113
1775447919608,key-47,639
1775447919610,key-28,347
1775447919615,key-29,1745
1775447919616,key-9,401
1775447919618,key-13,843
1775447919619,key-47,650
1775447919620,key-43,776
1775447919624,key-26,197
1775447919624,key-35,82
1775447919630,key-21,2746
1775447919632,key-50,177
1775447919632,key-17,1285
1775447919635,key-3,397
1775447919635,key-24,1239
1775447919639,key-40,175
1775447919641,key-48,1838
1775447919642,key-4,571
1775447919642,key-43,798
1775447919642,key-38,665
1775447919645,key-33,63
1775447919645,key-42,279
1775447919645,key-45,244
1775447919648,key-4,577
1775447919650,key-35,108
1775447919651,key-35,70
1775447919653,key-7,209
1775447919658,key-10,569
1775447919658,key-5,133
1775447919658,key-2,1317
1775447919659,key-24,1263
1775447919659,key-35,117
1775447919661,key-45,260
1775447919663,key-24,1267
1775447919666,key-28,138
1775447919667,key-22,516
1775447919670,key-45,269
1775447919670,key-36,872
1775447919670,key-45,269
1775447919670,key-15,451
1775447919670,key-29,1800
1775447919673,key-7,229
1775447919674,key-17,1327
1775447919676,key-29,1806
1775447919676,key-35,95
1775447919684,key-30,2469
1775447919685,key-16,271
1775447919685,key-30,2470
1775447919688,key-9,473
1775447919696,key-42,330
1775447919700,key-2,1359
1775447919700,key-45,299
1775447919704,key-49,414
1775447919704,key-21,2820
1775447919709,key-18,642
1775447919709,key-29,1839
1775447919710,key-21,2826
1775447919710,key-49,420
1775447919712,key-38,735
1775447919715,key-27,806
1775447919715,key-7,271
1775447919717,key-6,761
1775447919717,key-45,316
1775447919718,key-34,732
1775447919720,key-11,366
1775447919721,key-24,1325
1775447919723,key-30,2508
1775447919725,key-38,748
1775447919727,key-24,1331
1775447919727,key-29,1857
1775447919730,key-20,3453
1775447919732,key-9,517
1775447919732,key-45,331
1775447919732,key-28,204
1775447919736,key-3,121
1775447919740,key-24,1344
1775447919742,key-45,341
1775447919744,key-34,758
1775447919748,key-35,167
1775447919749,key-43,905
1775447919750,key-16,336
1775447919752,key-19,911
1775447919757,key-43,913
1775447919758,key-42,392
1775447919760,key-38,783
1775447919761,key-7,317
1775447919763,key-9,75
1775447919767,key-43,923
1775447919767,key-45,366
1775447919768,key-4,697
1775447919768,key-35,187
1775447919769,key-6,813
1775447919771,key-18,704
1775447919776,key-5,251
1775447919776,key-7,332
1775447919776,key-2,1435
1775447919778,key-45,377
1775447919781,key-29,1911
1775447919781,key-41,624
1775447919783,key-24,1387
1775447919785,key-45,384
1775447919787,key-47,818
1775447919787,key-29,1917
1775447919790,key-45,389
1775447919793,key-45,392
1775447919796,key-45,395
1775447919796,key-7,352
1775447919797,key-50,342
1775447919797,key-45,396
1775447919798,key-24,1402
1775447919804,key-6,116
1775447919807,key-11,453
1775447919807,key-23,485
1775447919807,key-28,104
1775447919808,key-35,227
1775447919811,key-43,967
1775447919811,key-2,104
1775447919817,key-8,609
1775447919818,key-15,117
1775447919818,key-28,115
1775447919820,key-11,466
1775447919824,key-24,1428
1775447919827,key-34,841
1775447919828,key-15,127
1775447919830,key-18,763
1775447919832,key-2,125
1775447919836,key-20,3559
1775447919837,key-3,222
1775447919839,key-45,438
1775447919843,key-30,2628
1775447919844,key-27,935
1775447919844,key-28,141
1775447919847,key-38,870
1775447919849,key-29,1979
1775447919849,key-21,2965
1775447919854,key-28,151
1775447919855,key-11,501
1775447919855,key-32,63
1775447919855,key-45,454
1775447919856,key-20,3579
1775447919856,key-50,401
1775447919856,key-20,3579
1775447919856,key-7,412
1775447919857,key-34,871
1775447919857,key-31,1539
1775447919860,key-50,405
1775447919860,key-20,3583
1775447919862,key-35,281
1775447919862,key-23,540
1775447919865,key-32,73
1775447919867,key-45,466
1775447919872,key-28,169
1775447919872,key-34,886
1775447919872,key-34,886
1775447919872,key-35,291
1775447919873,key-23,551
1775447919876,key-35,295
1775447919880,key-28,177
1775447919882,key-18,815
1775447919885,key-18,818
1775447919885,key-37,1303
1775447919887,key-34,901
1775447919891,key-29,2021
1775447919892,key-32,720
1775447919894,key-26,467
1775447919895,key-43,1051
1775447919896,key-5,62
1775447919896,key-20,3619
1775447919898,key-44,747
1775447919904,key-45,503
1775447919905,key-7,461
1775447919908,key-8,700
1775447919908,key-3,116
1775447919910,key-50,455
1775447919910,key-24,1514
1775447919911,key-45,510
1775447919914,key-20,3637
1775447919914,key-3,122
1775447919916,key-48,2113
1775447919920,key-32,128
1775447919921,key-45,520
1775447919922,key-32,130
1775447919925,key-11,571
1775447919927,key-28,224
1775447919927,key-28,224
1775447919930,key-35,349
1775447919931,key-33,134
1775447919936,key-34,950
1775447919937,key-43,1093
1775447919940,key-10,851
1775447919940,key-3,148
1775447919941,key-8,733
1775447919942,key-35,361
1775447919943,key-34,957
1775447919945,key-45,544
1775447919946,key-24,1550
1775447919947,key-26,74
1775447919947,key-19,1106
1775447919951,key-18,884
1775447919951,key-14,96
1775447919955,key-34,969
1775447919956,key-26,83
1775447919957,key-26,84
1775447919961,key-7,517
1775447919965,key-37,1383
1775447919966,key-33,169
1775447919970,key-38,993
1775447919974,key-44,823
1775447919976,key-18,909
1775447919977,key-45,576
1775447919978,key-32,98
1775447919978,key-28,54
1775447919982,key-34,996
1775447919982,key-35,401
1775447919986,key-20,3709
1775447919986,key-2,279
1775447919986,key-28,283
1775447919997,key-28,294
1775447919998,key-28,74
1775447919999,key-41,842
1775447919999,key-34,1013
1775447919999,key-3,207
1775447919999,key-45,598
1775447920000,key-18,933
1775447920001,key-31,1683
1775447920002,key-36,1204
1775447920006,key-23,684
1775447920007,key-35,426
1775447920015,key-35,434
1775447920016,key-24,1620
1775447920016,key-50,561
1775447920017,key-7,573
1775447920017,key-10,114
1775447920017,key-17,105
1775447920023,key-15,322
1775447920026,key-3,234
1775447920033,key-13,1258
1775447920033,key-50,578
1775447920040,key-35,459
1775447920042,key-34,1056
1775447920043,key-37,1461
1775447920045,key-17,133
1775447920048,key-35,467
1775447920049,key-10,146
1775447920051,key-34,1065
1775447920051,key-41,894
1775447920052,key-3,260
1775447920054,key-8,846
1775447920055,key-14,133
1775447920056,key-4,985
1775447920056,key-14,134
1775447920060,key-43,1216
1775447920060,key-11,706
1775447920062,key-5,228
1775447920064,key-4,103
1775447920069,key-2,362
1775447920069,key-2,362
1775447920070,key-47,1101
1775447920070,key-34,1084
1775447920070,key-41,913
1775447920075,key-9,100
1775447920075,key-23,753
1775447920079,key-15,378
1775447920079,key-47,1110
1775447920079,key-18,1012
1775447920082,key-21,3198
1775447920082,key-14,160
1775447920082,key-28,158
1775447920083,key-3,291
1775447920083,key-40,619
1775447920083,key-24,1687
1775447920084,key-23,762
1775447920086,key-45,685
1775447920086,key-3,294
1775447920091,key-17,179
1775447920091,key-29,2221
1775447920096,key-18,1029
1775447920098,key-35,119
1775447920101,key-37,1519
1775447920102,key-35,123
1775447920103,key-9,128
1775447920104,key-30,339
1775447920105,key-28,181
1775447920106,key-32,226
1775447920109,key-10,206
1775447920122,key-14,200
1775447920122,key-24,1726
1775447920122,key-5,288
1775447920123,key-35,144
1775447920123,key-2,416
1775447920123,key-36,1325
1775447920123,key-2,416
1775447920126,key-10,223
1775447920128,key-14,206
1775447920132,key-3,340
1775447920136,key-34,1150
1775447920136,key-4,175
1775447920139,key-17,227
1775447920142,key-7,698
1775447920145,key-35,166
1775447920154,key-3,362
1775447920154,key-31,244
1775447920157,key-7,713
1775447920158,key-17,246
1775447920162,key-45,761
1775447920163,key-11,809
1775447920164,key-10,261
1775447920167,key-9,192
1775447920167,key-14,245
1775447920172,key-2,465
1775447920173,key-1,81
1775447920175,key-17,263
1775447920175,key-32,295
1775447920176,key-24,1780
1775447920176,key-11,822
1775447920176,key-2,469
1775447920179,key-4,218
1775447920181,key-10,278
1775447920182,key-47,1213
1775447920182,key-2,475
1775447920183,key-3,391
1775447920185,key-3,393
1775447920187,key-47,1218
1775447920187,key-2,480
1775447920187,key-18,1120
1775447920191,key-14,269
1775447920192,key-7,748
1775447920195,key-4,234
1775447920196,key-17,284
1775447920198,key-29,2328
1775447920202,key-17,290
1775447920203,key-2,496
1775447920208,key-10,305
1775447920210,key-37,1628
1775447920210,key-14,288
1775447920212,key-9,237
1775447920213,key-37,1631
1775447920213,key-7,769
1775447920214,key-5,380
1775447920216,key-9,68
1775447920220,key-9,72
1775447920222,key-9,74
1775447920225,key-16,238
1775447920225,key-35,246
1775447920225,key-24,1829
1775447920227,key-35,248
1775447920228,key-9,80
1775447920236,key-20,74
1775447920237,key-6,116
1775447920237,key-24,1841
1775447920237,key-2,530
1775447920241,key-10,338
1775447920242,key-36,1444
1775447920243,key-6,122
1775447920244,key-2,537
1775447920246,key-37,104
1775447920248,key-32,368
1775447920254,key-9,106
1775447920255,key-10,352
1775447920261,key-37,119
1775447920262,key-2,555
1775447920264,key-5,430
1775447920272,key-31,362
1775447920273,key-18,1206
1775447920280,key-4,319
1775447920281,key-11,927
1775447920282,key-32,402
1775447920282,key-29,2412
1775447920284,key-32,404
1775447920284,key-45,883
1775447920289,key-2,582
1775447920291,key-5,457
1775447920292,key-37,150
1775447920293,key-20,131
1775447920294,key-9,146
1775447920294,key-3,502
1775447920295,key-34,1309
1775447920296,key-4,335
1775447920296,key-2,589
1775447920296,key-17,384
1775447920297,key-5,463
1775447920300,key-20,138
1775447920300,key-25,884
1775447920301,key-23,979
1775447920304,key-4,343
1775447920306,key-12,1337
1775447920306,key-21,3422
1775447920307,key-44,1156
1775447920307,key-4,346
1775447920314,key-10,114
1775447920315,key-17,403
1775447920317,key-7,873
1775447920320,key-41,1163
1775447920321,key-36,1523
1775447920323,key-10,123
1775447920325,key-5,491
1775447920325,key-37,183
1775447920326,key-17,414
1775447920328,key-20,166
1775447920328,key-16,341
1775447920329,key-48,2526
1775447920329,key-13,1554
1775447920331,key-48,2528
1775447920341,key-24,1945
1775447920342,key-1,250
1775447920345,key-35,366
1775447920348,key-37,206
1775447920349,key-16,362
1775447920352,key-10,152
1775447920357,key-29,2487
1775447920358,key-35,379
1775447920358,key-9,210
1775447920358,key-7,914
1775447920364,key-21,3480
1775447920366,key-25,950
1775447920368,key-24,1972
1775447920368,key-20,206
1775447920370,key-25,954
1775447920371,key-2,664
1775447920373,key-12,90
1775447920376,key-9,228
1775447920377,key-48,2574
1775447920384,key-32,146
1775447920384,key-17,71
1775447920385,key-10,66
1775447920386,key-25,970
1775447920386,key-2,679
1775447920387,key-5,553
1775447920387,key-7,943
1775447920388,key-2,681
1775447920388,key-17,75
1775447920389,key-20,227
1775447920392,key-22,1241
1775447920394,key-42,1028
1775447920397,key-48,2594
1775447920400,key-16,413
1775447920400,key-9,252
1775447920401,key-37,259
1775447920401,key-10,201
1775447920402,key-36,1604
1775447920406,key-1,314
1775447920406,key-13,99
1775447920408,key-20,246
1775447920416,key-17,103
1775447920416,key-37,274
1775447920420,key-37,278
1775447920423,key-10,78
1775447920425,key-16,438
1775447920428,key-4,467
1775447920428,key-20,266
1775447920430,key-2,723
1775447920431,key-17,118
1775447920437,key-13,130
1775447920437,key-20,275
1775447920440,key-21,3556
1775447920440,key-20,278
1775447920444,key-2,737
1775447920446,key-31,536
1775447920448,key-10,129
1775447920452,key-41,1295
1775447920454,key-48,2651
1775447920454,key-34,1468
1775447920454,key-20,292
1775447920455,key-32,110
1775447920455,key-37,313
1775447920455,key-48,2652
1775447920459,key-13,152
1775447920468,key-47,1499
1775447920471,key-37,329
1775447920474,key-7,1030
1775447920474,key-20,312
1775447920476,key-36,1678
1775447920476,key-21,3592
1775447920477,key-35,498
1775447920477,key-17,164
1775447920480,key-10,135
1775447920482,key-17,169
1775447920482,key-50,1027
1775447920488,key-37,346
1775447920488,key-37,346
1775447920488,key-17,175
1775447920491,key-35,512
1775447920497,key-32,152
1775447920497,key-20,335
1775447920499,key-37,357
1775447920501,key-25,1085
1775447920503,key-9,355
1775447920505,key-48,2702
1775447920505,key-7,1061
1775447920507,key-10,74
1775447920509,key-10,164
1775447920511,key-17,198
1775447920511,key-9,363
1775447920514,key-20,352
1775447920514,key-48,2711
1775447920517,key-49,1227
1775447920519,key-13,212
1775447920522,key-32,177
1775447920523,key-48,63
1775447920526,key-27,174
1775447920527,key-37,385
1775447920530,key-35,551
1775447920531,key-36,1733
1775447920533,key-13,226
1775447920535,key-44,56
1775447920535,key-42,1169
1775447920539,key-10,106
1775447920540,key-9,392
1775447920540,key-9,392
1775447920544,key-48,84
1775447920546,key-10,113
1775447920546,key-37,404
1775447920548,key-17,235
1775447920548,key-43,1704
1775447920550,key-37,408
1775447920550,key-17,237
1775447920550,key-37,408
1775447920552,key-17,239
1775447920552,key-3,136
1775447920558,key-37,416
1775447920560,key-48,2757
1775447920562,key-20,400
1775447920562,key-19,277
1775447920564,key-20,402
1775447920566,key-49,71
1775447920568,key-17,255
1775447920575,key-21,3691
1775447920575,key-21,3691
1775447920575,key-9,427
1775447920577,key-23,146
1775447920577,key-34,1591
1775447920581,key-48,121
1775447920581,key-10,148
1775447920582,key-13,275
1775447920583,key-30,818
1775447920585,key-25,162
1775447920590,key-44,111
1775447920596,key-35,617
1775447920603,key-49,108
1775447920603,key-17,290
1775447920604,key-10,171
1775447920604,key-10,171
1775447920606,key-35,627
1775447920608,key-37,466
1775447920608,key-6,487
1775447920610,key-10,177
1775447920610,key-45,1209
1775447920611,key-9,463
1775447920611,key-37,469
1775447920616,key-43,1772
1775447920618,key-20,456
1775447920619,key-20,457
1775447920621,key-49,126
1775447920622,key-49,73
1775447920622,key-17,309
1775447920623,key-14,701
1775447920623,key-48,163
1775447920624,key-49,75
1775447920627,key-7,1183
1775447920628,key-19,343
1775447920630,key-48,170
1775447920631,key-3,215
1775447920631,key-4,670
1775447920633,key-10,200
1775447920634,key-9,486
1775447920637,key-34,1651
1775447920638,key-35,659
1775447920638,key-36,174
1775447920638,key-20,476
1775447920642,key-17,329
1775447920643,key-46,783
1775447920644,key-11,89
1775447920644,key-25,221
1775447920648,key-36,184
1775447920650,key-21,3766
1775447920650,key-48,190
1775447920652,key-17,339
1775447920657,key-48,197
1775447920658,key-9,510
1775447920658,key-36,194
1775447920659,key-48,199
1775447920661,key-46,801
1775447920661,key-37,519
1775447920662,key-11,107
1775447920667,key-23,236
1775447920667,key-10,234
1775447920668,key-45,63
1775447920669,key-48,209
1775447920669,key-17,356
1775447920671,key-45,66
1775447920671,key-5,118
1775447920671,key-37,529
1775447920673,key-10,240
1775447920673,key-17,360
1775447920673,key-20,511
1775447920674,key-49,125
1775447920675,key-17,362
1775447920675,key-44,196
1775447920678,key-5,125
1775447920681,key-21,3797
1775447920684,key-9,536
1775447920684,key-21,3800
1775447920691,key-17,378
1775447920691,key-49,142
1775447920695,key-37,553
1775447920696,key-49,147
1775447920699,key-37,557
1775447920701,key-38,206
1775447920707,key-43,1863
1775447920707,key-6,586
1775447920708,key-42,1342
1775447920710,key-19,425
1775447920713,key-30,948
1775447920715,key-48,255
1775447920717,key-46,857
1775447920718,key-18,1651
1775447920721,key-10,288
1775447920724,key-45,119
1775447920724,key-25,301
1775447920727,key-10,294
1775447920728,key-43,1884
1775447920729,key-17,416
1775447920735,key-49,186
1775447920735,key-27,54
1775447920738,key-15,1037
1775447920738,key-19,453
1775447920740,key-42,1374
1775447920743,key-48,283
1775447920744,key-2,118
1775447920747,key-17,434
1775447920749,key-7,1305
1775447920752,key-40,241
1775447920753,key-17,440
1775447920761,key-6,640
1775447920762,key-32,417
1775447920762,key-48,302
1775447920762,key-37,620
1775447920763,key-36,299
1775447920764,key-43,1920
1775447920765,key-17,452
1775447920765,key-17,452
1775447920766,key-49,217
1775447920766,key-50,249
1775447920767,key-19,54
1775447920769,key-44,290
1775447920769,key-48,309
1775447920769,key-21,3885
1775447920772,key-10,339
1775447920776,key-42,1410
1775447920778,key-48,318
1775447920779,key-45,174
1775447920780,key-37,638
1775447920780,key-32,435
1775447920780,key-36,316
1775447920780,key-49,231
1775447920786,key-1,694
1775447920787,key-10,354
1775447920788,key-46,928
1775447920790,key-9,642
1775447920792,key-48,103
1775447920798,key-27,117
1775447920803,key-16,199
1775447920803,key-25,380
1775447920805,key-1,713
1775447920807,key-45,202
1775447920807,key-49,258
1775447920809,key-21,3925
1775447920813,key-20,651
1775447920813,key-40,302
1775447920814,key-2,188
1775447920815,key-44,336
1775447920817,key-32,472
1775447920817,key-2,191
1775447920818,key-37,676
1775447920820,key-46,960
1775447920820,key-9,672
1775447920825,key-19,112
1775447920829,key-17,516
1775447920833,key-36,369
1775447920835,key-10,402
1775447920836,key-10,403
1775447920839,key-27,158
1775447920842,key-49,293
1775447920845,key-48,156
1775447920847,key-33,336
1775447920850,key-50,333
1775447920850,key-12,84
1775447920852,key-1,760
1775447920852,key-9,704
1775447920852,key-6,731
1775447920856,key-46,996
1775447920860,key-27,179
1775447920862,key-24,137
1775447920865,key-49,316
1775447920865,key-42,1499
1775447920868,key-19,155
1775447920870,key-37,728
1775447920876,key-45,271
1775447920877,key-41,1720
1775447920877,key-16,273
1775447920877,key-15,1176
1775447920877,key-37,735
1775447920878,key-40,59
1775447920879,key-14,957
1775447920882,key-17,569
1775447920883,key-21,3999
1775447920886,key-32,541
1775447920891,key-36,427
1775447920893,key-17,580
1775447920894,key-19,181
1775447920895,key-1,803
1775447920895,key-12,129
1775447920896,key-49,347
1775447920901,key-10,61
1775447920905,key-4,944
1775447920907,key-16,303
1775447920907,key-9,759
1775447920909,key-9,761
1775447920911,key-48,222
1775447920916,key-1,824
1775447920916,key-45,311
1775447920918,key-49,369
1775447920919,key-50,402
1775447920920,key-46,1060
1775447920922,key-42,1556
1775447920928,key-18,146
1775447920929,key-21,4045
1775447920931,key-45,326
1775447920934,key-34,1948
1775447920935,key-37,793
1775447920935,key-19,222
1775447920936,key-49,387
1775447920942,key-49,393
1775447920947,key-25,524
1775447920948,key-23,81
1775447920948,key-10,108
1775447920948,key-27,267
1775447920949,key-17,636
1775447920949,key-48,260
1775447920950,key-49,401
1775447920955,key-19,242
1775447920956,key-49,407
1775447920956,key-23,89
1775447920960,key-10,120
1775447920960,key-40,141
1775447920961,key-8,1753
1775447920963,key-49,414
1775447920963,key-22,64
1775447920963,key-32,618
1775447920963,key-50,446
1775447920967,key-30,1202
1775447920970,key-47,2001
1775447920971,key-17,658
1775447920971,key-49,422
1775447920971,key-37,829
1775447920971,key-48,282
1775447920972,key-12,206
1775447920972,key-9,824
1775447920972,key-50,455
1775447920979,key-49,430
1775447920987,key-19,274
1775447920987,key-17,674
1775447920988,key-49,439
1775447920990,key-37,848
1775447920993,key-1,901
1775447920999,key-50,482
1775447921001,key-12,235
1775447921002,key-24,277
1775447921004,key-42,1638
1775447921004,key-49,455
1775447921007,key-1,915
1775447921009,key-19,296
1775447921011,key-27,83
1775447921011,key-10,74
1775447921012,key-16,408
1775447921017,key-49,468
1775447921020,key-18,104
1775447921024,key-9,876
1775447921024,key-2,76
1775447921024,key-25,601
1775447921025,key-12,259
1775447921027,key-1,935
1775447921027,key-9,879
1775447921027,key-1,935
1775447921033,key-42,1667
1775447921033,key-10,193
1775447921034,key-23,167
1775447921035,key-22,136
1775447921037,key-26,1164
1775447921039,key-34,60
1775447921041,key-47,2072
1775447921049,key-16,445
1775447921052,key-34,2066
1775447921052,key-21,4168
1775447921054,key-50,537
1775447921054,key-34,2068
1775447921067,key-49,518
1775447921068,key-28,113
1775447921071,key-27,143
1775447921071,key-11,516
1775447921075,key-49,526
1775447921075,key-42,56
1775447921076,key-8,1868
1775447921077,key-42,1711
1775447921077,key-47,2108
1775447921079,key-32,734
1775447921080,key-42,61
1775447921082,key-40,163
1775447921082,key-48,393
1775447921085,key-4,1124
1775447921086,key-50,569
1775447921089,key-50,572
1775447921091,key-49,542
1775447921091,key-49,542
1775447921094,key-34,115
1775447921095,key-27,167
1775447921096,key-7,1652
1775447921097,key-49,548
1775447921100,key-17,787
1775447921107,key-37,965
1775447921107,key-19,394
1775447921107,key-28,152
1775447921109,key-49,560
1775447921109,key-37,967
1775447921111,key-26,1238
1775447921112,key-46,65
1775447921113,key-12,347
1775447921114,key-42,95
1775447921115,key-40,196
1775447921117,key-10,180
1775447921118,key-9,970
1775447921118,key-17,805
1775447921119,key-48,430
1775447921122,key-23,255
1775447921122,key-16,518
1775447921129,key-27,201
1775447921129,key-9,981
1775447921129,key-39,4714
1775447921138,key-41,1981
1775447921142,key-39,4727
1775447921144,key-7,1700
1775447921147,key-47,2178
1775447921149,key-10,212
1775447921149,key-24,424
1775447921152,key-40,233
1775447921152,key-46,105
1775447921153,key-42,134
1775447921153,key-18,237
1775447921160,key-10,223
1775447921163,key-50,646
1775447921164,key-24,439
1775447921164,key-26,1291
1775447921165,key-37,1023
1775447921168,key-17,855
1775447921168,key-32,823
1775447921170,key-49,621
1775447921176,key-18,260
1775447921176,key-37,1034
1775447921178,key-49,629
1775447921180,key-30,1415
1775447921183,key-46,136
1775447921190,key-47,2221
1775447921190,key-49,641
1775447921191,key-41,54
1775447921192,key-7,1748
1775447921203,key-7,1759
1775447921206,key-39,4791
1775447921207,key-49,658
1775447921207,key-41,113
1775447921207,key-16,603
1775447921208,key-27,280
1775447921213,key-19,500
1775447921214,key-23,347
1775447921215,key-34,236
1775447921217,key-39,4802
1775447921218,key-26,1345
1775447921228,key-49,679
1775447921232,key-10,145
1775447921234,key-15,1533
1775447921234,key-28,279
1775447921235,key-22,336
1775447921238,key-26,1365
1775447921238,key-29,555
1775447921241,key-48,552
1775447921243,key-36,779
1775447921243,key-49,694
1775447921247,key-6,1126
1775447921248,key-46,201
1775447921248,key-10,161
1775447921253,key-21,4369
1775447921255,key-23,388
1775447921259,key-23,392
1775447921259,key-47,2290
1775447921260,key-19,63
1775447921268,key-42,249
1775447921269,key-39,4854
1775447921270,key-35,1291
1775447921272,key-46,225
1775447921275,key-50,758
1775447921279,key-49,730
1775447921279,key-41,142
1775447921281,key-26,1408
1775447921285,key-18,369
1775447921286,key-22,100
1775447921286,key-7,1842
1775447921288,key-10,201
1775447921291,key-49,742
1775447921291,key-50,79
1775447921292,key-40,373
1775447921296,key-29,613
1775447921299,key-9,1151
1775447921299,key-10,212
1775447921302,key-50,785
1775447921310,key-49,761
1775447921311,key-49,762
1775447921313,key-50,101
1775447921314,key-18,398
1775447921316,key-43,70
1775447921319,key-23,452
1775447921320,key-37,1178
1775447921320,key-30,1555
1775447921321,key-49,772
1775447921322,key-46,67
1775447921323,key-1,1231
1775447921324,key-23,457
1775447921330,key-22,144
1775447921332,key-41,195
1775447921332,key-36,868
1775447921336,key-46,81
1775447921337,key-6,1216
1775447921342,key-22,156
1775447921342,key-40,423
1775447921349,key-49,800
1775447921350,key-49,801
1775447921354,key-36,890
1775447921355,key-12,589
1775447921355,key-46,308
1775447921357,key-39,72
1775447921362,key-49,813
1775447921364,key-7,1920
1775447921364,key-23,497
1775447921365,key-46,110
1775447921368,key-19,171
1775447921369,key-47,2400
1775447921370,key-29,687
1775447921376,key-5,823
1775447921376,key-7,1932
1775447921383,key-43,137
1775447921387,key-49,838
1775447921388,key-26,73
1775447921388,key-23,77
1775447921399,key-23,88
1775447921400,key-35,1421
1775447921400,key-22,214
1775447921401,key-50,189
1775447921401,key-46,79
1775447921402,key-10,315
1775447921404,key-35,1425
1775447921405,key-7,1961
1775447921417,key-18,501
1775447921419,key-40,500
1775447921419,key-48,730
1775447921421,key-35,110
1775447921423,key-23,112
1775447921427,key-43,181
1775447921429,key-19,232
1775447921430,key-49,881
1775447921430,key-37,1288
1775447921432,key-31,55
1775447921434,key-28,113
1775447921492,key-44,170
1775447921494,key-26,179
1775447921494,key-18,578
1775447921496,key-41,359
1775447921497,key-48,808
1775447921497,key-46,175
1775447921498,key-39,171
1775447921499,key-36,1035
1775447921499,key-39,172
1775447921499,key-46,177
1775447921499,key-36,1035
1775447921503,key-23,192
1775447921503,key-46,181
1775447921504,key-32,1159
1775447921504,key-22,318
1775447921504,key-23,193
1775447921504,key-35,193
1775447921505,key-22,319
1775447921505,key-49,956
1775447921505,key-10,418
1775447921505,key-29,822
1775447921505,key-22,319
1775447921506,key-29,823
1775447921507,key-18,591
1775447921507,key-31,130
1775447921507,key-28,186
1775447921508,key-31,131
1775447921508,key-7,2064
1775447921508,key-6,1387
1775447921509,key-49,960
1775447921514,key-43,268
1775447921530,key-49,981
1775447921539,key-50,327
1775447921549,key-7,2105
1775447921549,key-35,238
1775447921550,key-18,634
1775447921550,key-50,338
1775447921556,key-22,370
1775447921556,key-21,252
1775447921556,key-23,245
1775447921557,key-31,180
1775447921557,key-35,246
1775447921560,key-47,2591
1775447921562,key-18,646
1775447921564,key-22,378
1775447921564,key-9,1416
1775447921564,key-43,318
1775447921564,key-22,378
1775447921565,key-5,1012
1775447921575,key-7,2131
1775447921575,key-29,892
1775447921575,key-32,1230
1775447921575,key-20,65
1775447921575,key-5,71
1775447921576,key-22,390
1775447921581,key-29,898
1775447921581,key-43,335
1775447921584,key-6,1463
1775447921591,key-31,214
1775447921595,key-31,218
1775447921600,key-35,289
1775447921603,key-22,417
1775447921604,key-13,1124
1775447921604,key-49,1055
1775447921607,key-18,691
1775447921610,key-18,694
1775447921611,key-19,414
1775447921613,key-11,1058
1775447921625,key-22,439
1775447921625,key-3,1209
1775447921625,key-10,538
1775447921627,key-5,123
1775447921627,key-43,381
1775447921627,key-35,316
1775447921629,key-34,650
1775447921633,key-31,256
1775447921633,key-16,265
1775447921635,key-46,313
1775447921635,key-49,1086
1775447921639,key-49,1090
1775447921641,key-28,320
1775447921644,key-22,53
1775447921646,key-7,2202
1775447921646,key-15,506
1775447921648,key-49,1099
1775447921648,key-5,144
1775447921651,key-29,968
1775447921654,key-10,567
1775447921654,key-22,468
1775447921659,key-43,413
1775447921660,key-49,1111
1775447921661,key-18,745
1775447921665,key-18,749
1775447921672,key-22,486
1775447921673,key-41,536
1775447921677,key-40,758
1775447921680,key-32,1335
1775447921684,key-23,373
1775447921684,key-41,547
1775447921686,key-29,1003
1775447921686,key-33,742
1775447921686,key-47,2717
1775447921687,key-13,1207
1775447921687,key-10,600
1775447921687,key-9,1539
1775447921689,key-9,1541
1775447921689,key-18,773
1775447921689,key-47,2720
1775447921693,key-23,382
1775447921693,key-23,382
1775447921699,key-49,1150
1775447921699,key-2,751
1775447921701,key-6,1580
1775447921701,key-49,1152
1775447921702,key-16,334
1775447921703,key-5,199
1775447921704,key-7,2260
1775447921704,key-41,567
1775447921705,key-7,2261
1775447921706,key-11,1151
1775447921714,key-13,1234
1775447921718,key-16,350
1775447921719,key-31,342
1775447921719,key-22,128
1775447921722,key-10,635
1775447921723,key-31,346
1775447921731,key-41,594
1775447921733,key-43,487
1775447921735,key-22,144
1775447921737,key-49,1188
1775447921740,key-43,494
1775447921743,key-40,114
1775447921747,key-10,660
1775447921747,key-40,118
1775447921747,key-16,379
1775447921748,key-16,380
1775447921752,key-49,1203
1775447921754,key-40,125
1775447921758,key-29,1075
1775447921761,key-1,113
1775447921762,key-23,451
1775447921763,key-16,395
1775447921763,key-41,626
1775447921765,key-9,1617
1775447921768,key-41,631
1775447921771,key-22,180
1775447921772,key-18,856
1775447921775,key-7,2331
1775447921775,key-42,77
1775447921776,key-31,399
1775447921778,key-6,1657
1775447921780,key-13,132
1775447921782,key-31,405
1775447921787,key-15,647
1775447921789,key-31,412
1775447921789,key-2,841
1775447921790,key-29,1107
1775447921790,key-10,703
1775447921790,key-28,143
1775447921791,key-18,875
1775447921793,key-7,2349
1775447921794,key-18,878
1775447921794,key-9,1646
1775447921794,key-18,878
1775447921798,key-29,1115
1775447921800,key-33,856
1775447921802,key-23,491
1775447921803,key-10,716
1775447921804,key-50,117
1775447921806,key-47,158
1775447921808,key-40,74
1775447921808,key-37,1666
1775447921808,key-2,860
1775447921812,key-14,1890
1775447921814,key-2,866
1775447921815,key-16,447
1775447921815,key-42,117
1775447921819,key-49,1270
1775447921821,key-29,1138
1775447921823,key-2,875
1775447921830,key-48,1141
1775447921831,key-9,1683
1775447921839,key-28,110
1775447921841,key-15,701
1775447921842,key-31,465
1775447921842,key-31,465
1775447921842,key-45,1237
1775447921844,key-24,1119
1775447921846,key-2,898
1775447921846,key-8,556
1775447921846,key-31,469
1775447921851,key-13,203
1775447921853,key-16,485
1775447921855,key-36,149
1775447921858,key-16,490
1775447921864,key-10,777
1775447921864,key-39,537
1775447921867,key-29,1184
1775447921867,key-7,68
1775447921867,key-37,1725
1775447921869,key-40,135
1775447921870,key-43,624
1775447921873,key-40,139
1775447921877,key-14,1955
1775447921880,key-36,81
1775447921881,key-41,744
1775447921886,key-26,571
1775447921889,key-12,1123
1775447921891,key-42,193
1775447921892,key-50,205
1775447921893,key-13,245
1775447921893,key-23,582
1775447921895,key-40,161
1775447921895,key-2,947
1775447921895,key-22,304
1775447921895,key-2,947
1775447921896,key-31,519
1775447921897,key-9,1749
1775447921897,key-45,1292
1775447921897,key-31,520
1775447921901,key-18,985
1775447921901,key-48,1212
1775447921911,key-35,77
1775447921911,key-29,1228
1775447921911,key-8,621
1775447921911,key-7,112
1775447921913,key-40,179
1775447921913,key-50,226
1775447921913,key-9,1765
1775447921916,key-12,117
1775447921919,key-10,832
1775447921920,key-34,318
1775447921920,key-36,121
1775447921923,key-33,979
1775447921923,key-40,57
1775447921926,key-42,228
1775447921926,key-16,558
1775447921926,key-30,2161
1775447921927,key-12,128
1775447921927,key-50,240
1775447921932,key-16,564
1775447921932,key-31,555
1775447921934,key-40,68
1775447921934,key-29,1251
1775447921934,key-23,623
1775447921936,key-2,988
1775447921937,key-49,1388
1775447921937,key-16,569
1775447921938,key-37,1796
1775447921940,key-7,141
1775447921942,key-16,574
1775447921943,key-29,1260
1775447921944,key-40,78
1775447921948,key-29,1265
1775447921950,key-42,252
1775447921951,key-49,1402
1775447921953,key-50,266
1775447921957,key-21,135
1775447921959,key-5,455
1775447921963,key-45,1358
1775447921965,key-3,1549
1775447921970,key-16,602
1775447921971,key-35,137
1775447921974,key-4,2013
1775447921976,key-25,150
1775447921976,key-25,150
1775447921981,key-24,1256
1775447921982,key-16,614
1775447921984,key-30,2219
1775447921984,key-40,118
1775447921987,key-43,165
1775447921987,key-43,165
1775447921987,key-40,121
1775447921988,key-28,259
1775447921991,key-12,66
1775447921991,key-39,664
1775447921994,key-41,115
1775447921994,key-39,667
1775447921995,key-2,1047
1775447921995,key-7,196
1775447921996,key-34,394
1775447921997,key-10,910
1775447921997,key-34,395
1775447921997,key-31,620
1775447921998,key-8,708
1775447922003,key-13,355
1775447922010,key-19,813
1775447922010,key-12,184
1775447922010,key-42,312
1775447922012,key-45,1407
1775447922016,key-40,150
1775447922018,key-29,1335
1775447922019,key-7,220
1775447922019,key-31,642
1775447922019,key-31,642
1775447922021,key-41,142
1775447922024,key-18,1108
1775447922026,key-40,160
1775447922026,key-40,160
1775447922026,key-26,711
1775447922028,key-31,651
1775447922029,key-37,1887
1775447922033,key-39,123
1775447922033,key-33,1089
1775447922038,key-40,172
1775447922038,key-42,340
1775447922038,key-40,172
1775447922044,key-12,119
1775447922045,key-49,1496
1775447922045,key-23,734
1775447922051,key-8,761
1775447922055,key-7,256
1775447922063,key-40,197
1775447922063,key-29,1380
1775447922065,key-45,1460
1775447922067,key-41,188
1775447922070,key-27,457
1775447922072,key-6,65
1775447922072,key-50,385
1775447922073,key-27,460
1775447922073,key-1,177
1775447922074,key-42,376
1775447922081,key-45,1476
1775447922081,key-50,394
1775447922082,key-31,705
1775447922082,key-25,256
1775447922082,key-6,75
1775447922082,key-37,1940
1775447922083,key-17,63
1775447922084,key-16,716
1775447922085,key-26,770
1775447922088,key-38,545
1775447922088,key-23,777
1775447922090,key-32,76
1775447922090,key-42,392
1775447922090,key-5,586
1775447922091,key-16,723
1775447922091,key-23,780
1775447922093,key-40,227
1775447922096,key-3,1680
1775447922097,key-33,1153
1775447922097,key-24,1372
1775447922097,key-6,69
1775447922099,key-2,1151
1775447922099,key-23,788
1775447922101,key-33,1157
1775447922103,key-2,1155
1775447922104,key-42,406
1775447922104,key-17,84
1775447922106,key-39,196
1775447922106,key-43,284
1775447922113,key-23,802
1775447922119,key-39,209
1775447922121,key-22,530
1775447922123,key-17,103
1775447922123,key-12,198
1775447922125,key-40,259
1775447922127,key-34,525
1775447922127,key-19,930
1775447922133,key-40,267
1775447922134,key-48,302
1775447922136,key-8,846
1775447922142,key-40,276
1775447922144,key-37,2002
1775447922144,key-31,767
1775447922148,key-11,1593
1775447922155,key-17,135
1775447922155,key-17,135
1775447922155,key-40,289
1775447922157,key-40,291
1775447922157,key-42,459
1775447922158,key-23,847
1775447922158,key-31,781
1775447922160,key-17,140
1775447922162,key-42,464
1775447922164,key-6,136
1775447922166,key-40,300
1775447922175,key-6,147
1775447922175,key-29,1492
1775447922176,key-29,1493
1775447922177,key-18,69
1775447922178,key-39,268
1775447922178,key-43,356
1775447922182,key-40,316
1775447922182,key-46,491
1775447922182,key-3,1766
1775447922184,key-2,1236
1775447922185,key-7,386
1775447922186,key-24,1461
1775447922187,key-50,500
1775447922189,key-8,899
1775447922189,key-45,1584
1775447922196,key-6,168
1775447922200,key-50,513
1775447922204,key-6,176
1775447922205,key-48,373
1775447922210,key-36,411
1775447922210,key-43,388
1775447922211,key-32,197
1775447922213,key-39,303
1775447922217,key-23,906
1775447922224,key-5,720
1775447922225,key-6,197
1775447922226,key-39,316
1775447922230,key-11,1675
1775447922231,key-17,211
1775447922236,key-23,925
1775447922237,key-19,1040
1775447922237,key-40,371
1775447922237,key-44,915
1775447922238,key-19,1041
1775447922242,key-8,952
1775447922244,key-12,319
1775447922245,key-22,654
1775447922248,key-43,426
1775447922249,key-2,1301
1775447922249,key-19,1052
1775447922251,key-17,231
1775447922251,key-39,341
1775447922251,key-48,419
1775447922254,key-19,1057
1775447922256,key-32,242
1775447922262,key-40,396
1775447922264,key-19,1067
1775447922276,key-19,1079
1775447922277,key-40,411
1775447922277,key-40,411
1775447922278,key-45,1673
1775447922279,key-39,369
1775447922280,key-21,83
1775447922281,key-17,261
1775447922281,key-37,2139
1775447922281,key-5,777
1775447922285,key-29,1602
1775447922287,key-38,744
1775447922291,key-19,1094
1775447922291,key-15,1151
1775447922291,key-29,1608
1775447922291,key-24,1566
1775447922293,key-31,916
1775447922294,key-20,74
1775447922299,key-22,708
1775447922300,key-27,687
1775447922302,key-39,392
1775447922302,key-18,194
1775447922306,key-29,1623
1775447922307,key-13,118
1775447922307,key-30,2542
1775447922312,key-12,387
1775447922317,key-42,619
1775447922319,key-32,305
1775447922321,key-19,1124
1775447922324,key-16,956
1775447922327,key-8,1037
1775447922327,key-8,1037
1775447922328,key-23,1017
1775447922328,key-32,314
1775447922329,key-48,497
1775447922329,key-8,1039
1775447922329,key-21,132
1775447922330,key-40,464
1775447922330,key-17,310
1775447922332,key-40,466
1775447922333,key-17,313
1775447922335,key-5,831
1775447922335,key-36,110
1775447922337,key-5,833
1775447922337,key-19,1140
1775447922341,key-43,519
1775447922342,key-28,76
1775447922343,key-11,1788
1775447922346,key-19,1149
1775447922348,key-45,1743
1775447922352,key-11,1797
1775447922352,key-38,809
1775447922357,key-19,1160
1775447922359,key-17,339
1775447922359,key-39,449
1775447922364,key-45,56
1775447922366,key-15,1226
1775447922372,key-28,106
1775447922374,key-15,1234
1775447922374,key-23,1063
1775447922376,key-6,348
1775447922377,key-48,545
1775447922378,key-31,1001
1775447922378,key-6,350
1775447922381,key-16,1013
1775447922381,key-17,361
1775447922383,key-38,54
1775447922387,key-32,373
1775447922387,key-19,1190
1775447922389,key-16,1021
1775447922389,key-16,1021
1775447922394,key-37,2252
1775447922394,key-8,1104
1775447922402,key-48,570
1775447922403,key-8,1113
1775447922403,key-17,383
1775447922407,key-40,541
1775447922409,key-5,905
1775447922410,key-27,797
1775447922410,key-30,2645
1775447922412,key-45,104
1775447922412,key-40,546
1775447922415,key-36,190
1775447922418,key-48,586
1775447922419,key-41,540
1775447922423,key-38,94
1775447922426,key-1,530
1775447922428,key-49,1879
1775447922430,key-18,322
1775447922434,key-41,555
1775447922436,key-23,1125
1775447922438,key-22,847
1775447922441,key-36,216
1775447922442,key-19,1245
1775447922443,key-48,611
1775447922446,key-15,1306
1775447922449,key-21,252
1775447922453,key-15,1313
1775447922455,key-19,1258
1775447922455,key-16,1087
1775447922455,key-34,108
1775447922456,key-2,1508
1775447922458,key-34,111
1775447922461,key-31,1084
1775447922466,key-40,600
1775447922466,key-34,119
1775447922469,key-17,449
1775447922471,key-16,1103
1775447922471,key-11,1916
1775447922476,key-34,129
1775447922476,key-17,456
1775447922477,key-38,148
1775447922478,key-17,458
1775447922478,key-46,126
1775447922480,key-15,57
1775447922483,key-48,651
1775447922485,key-15,1345
1775447922487,key-36,262
1775447922487,key-28,221
1775447922487,key-30,2722
1775447922488,key-41,609
1775447922489,key-23,87
1775447922490,key-48,658
1775447922493,key-31,1116
1775447922495,key-48,663
1775447922500,key-11,1945
1775447922505,key-43,121
1775447922506,key-21,309
1775447922507,key-36,282
1775447922508,key-17,488
1775447922514,key-29,1831
1775447922517,key-16,1149
1775447922520,key-48,688
1775447922521,key-10,1434
1775447922529,key-48,697
1775447922531,key-41,652
1775447922538,key-9,2390
1775447922538,key-41,659
1775447922540,key-48,708
1775447922544,key-45,207
1775447922546,key-46,194
1775447922548,key-34,110
1775447922553,key-23,151
1775447922554,key-17,534
1775447922559,key-11,2004
1775447922559,key-22,968
1775447922561,key-49,2012
1775447922561,key-19,1364
1775447922562,key-38,233
1775447922562,key-19,1365
1775447922564,key-46,212
1775447922565,key-41,686
1775447922565,key-34,127
1775447922570,key-16,1202
1775447922572,key-15,149
1775447922572,key-18,109
1775447922572,key-7,773
1775447922573,key-16,1205
1775447922573,key-19,1376
1775447922576,key-28,310
1775447922577,key-34,139
1775447922578,key-28,312
1775447922583,key-49,55
1775447922586,key-35,752
1775447922589,key-17,569
1775447922589,key-43,205
1775447922590,key-48,758
1775447922592,key-35,758
1775447922595,key-19,1398
1775447922595,key-38,266
1775447922597,key-40,731
1775447922597,key-10,1510
1775447922601,key-48,769
1775447922605,key-34,167
1775447922609,key-15,186
1775447922611,key-48,779
1775447922611,key-15,188
1775447922614,key-46,262
1775447922616,key-41,737
1775447922618,key-43,234
1775447922618,key-46,266
1775447922618,key-30,2853
1775447922623,key-48,791
1775447922623,key-38,294
1775447922623,key-28,357
1775447922625,key-29,1942
1775447922630,key-15,207
1775447922631,key-40,765
1775447922636,key-36,411
1775447922638,key-31,1261
1775447922641,key-19,1444
1775447922641,key-18,178
1775447922643,key-20,423
1775447922644,key-21,447
1775447922644,key-9,2496
1775447922645,key-34,207
1775447922650,key-16,1282
1775447922652,key-9,2504
1775447922656,key-17,636
1775447922658,key-28,392
1775447922658,key-38,329
1775447922660,key-32,646
1775447922665,key-43,281
1775447922666,key-5,217
1775447922667,key-47,116
1775447922672,key-46,320
1775447922672,key-48,131
1775447922673,key-41,794
1775447922676,key-46,324
1775447922678,key-18,215
1775447922678,key-43,294
1775447922682,key-32,66
1775447922682,key-29,63
1775447922682,key-16,1314
1775447922687,key-19,1490
1775447922689,key-30,74
1775447922690,key-28,424
1775447922692,key-20,472
1775447922692,key-46,340
1775447922692,key-31,121
1775447922693,key-38,364
1775447922693,key-38,364
1775447922693,key-15,270
1775447922695,key-49,167
1775447922697,key-43,58
1775447922698,key-36,473
1775447922706,key-34,268
1775447922709,key-48,168
1775447922710,key-19,1513
1775447922710,key-25,884
1775447922711,key-19,1514
1775447922713,key-8,1423
1775447922713,key-9,2565
1775447922715,key-47,135
1775447922715,key-35,881
1775447922717,key-36,492
1775447922719,key-12,794
1775447922719,key-38,390
1775447922719,key-40,119
1775447922724,key-43,340
1775447922726,key-39,816
1775447922726,key-11,2171
1775447922736,key-15,313
1775447922738,key-48,197
1775447922740,key-34,302
1775447922742,key-43,103
1775447922742,key-46,390
1775447922745,key-32,129
1775447922745,key-32,129
1775447922745,key-28,479
1775447922749,key-38,420
1775447922749,key-43,110
1775447922754,key-36,529
1775447922762,key-11,57
1775447922762,key-31,110
1775447922770,key-43,131
1775447922773,key-29,154
1775447922777,key-9,2629
1775447922777,key-34,339
1775447922778,key-26,1463
1775447922778,key-9,56
1775447922780,key-40,180
1775447922782,key-41,903
1775447922782,key-34,344
1775447922786,key-32,170
1775447922788,key-48,247
1775447922789,key-47,209
1775447922791,key-28,525
1775447922793,key-46,441
1775447922793,key-28,527
1775447922794,key-43,155
1775447922794,key-35,960
1775447922797,key-13,393
1775447922800,key-29,181
1775447922800,key-15,377
1775447922802,key-25,976
1775447922802,key-36,577
1775447922805,key-36,580
1775447922808,key-30,193
1775447922809,key-11,104
1775447922810,key-27,1197
1775447922813,key-49,285
1775447922814,key-28,548
1775447922817,key-33,118
1775447922817,key-25,991
1775447922819,key-43,180
1775447922819,key-31,111
1775447922822,key-25,996
1775447922822,key-15,399
1775447922828,key-19,1631
1775447922828,key-19,1631
1775447922830,key-43,191
1775447922837,key-48,296
1775447922837,key-43,198
1775447922838,key-35,1004
1775447922838,key-48,297
1775447922840,key-35,1006
1775447922841,key-11,136
1775447922842,key-38,513
1775447922845,key-9,123
1775447922845,key-21,111
1775447922845,key-12,920
1775447922846,key-9,124
1775447922846,key-35,1012
1775447922850,key-32,234
1775447922850,key-20,630
1775447922854,key-34,416
1775447922855,key-31,147
1775447922857,key-39,947
1775447922857,key-39,947
1775447922860,key-49,332
1775447922860,key-10,1773
1775447922861,key-4,66
1775447922869,key-49,341
1775447922870,key-41,135
1775447922871,key-27,1258
1775447922872,key-27,57
1775447922874,key-36,649
1775447922874,key-30,259
1775447922876,key-48,335
1775447922876,key-36,651
1775447922876,key-11,171
1775447922881,key-39,971
1775447922881,key-28,615
1775447922881,key-29,262
1775447922881,key-38,552
1775447922887,key-27,72
1775447922889,key-26,1574
1775447922890,key-9,168
1775447922893,key-28,627
1775447922893,key-19,1696
1775447922894,key-11,189
1775447922894,key-35,1060
1775447922896,key-28,630
1775447922904,key-31,196
1775447922906,key-47,326
1775447922906,key-48,365
1775447922907,key-47,327
1775447922909,key-48,368
1775447922909,key-41,174
1775447922909,key-9,187
1775447922910,key-38,581
1775447922910,key-43,271
1775447922912,key-36,687
1775447922914,key-38,585
1775447922916,key-48,375
1775447922918,key-30,303
1775447922926,key-25,1100
1775447922927,key-39,1017
1775447922932,key-29,313
1775447922932,key-27,117
1775447922932,key-43,293
1775447922934,key-39,1024
1775447922935,key-7,127
1775447922936,key-30,321
1775447922938,key-10,1851
1775447922940,key-7,132
1775447922940,key-49,412
1775447922945,key-15,522
1775447922945,key-28,679
1775447922945,key-43,306
1775447922946,key-43,307
1775447922948,key-27,133
1775447922950,key-14,3028
1775447922957,key-1,1061
1775447922957,key-48,416
1775447922958,key-21,224
1775447922959,key-12,1034
1775447922960,key-39,1050
1775447922965,key-12,1040
1775447922965,key-39,1055
1775447922966,key-21,232
1775447922966,key-47,386
1775447922974,key-20,754
1775447922974,key-34,536
1775447922974,key-7,166
1775447922976,key-49,448
1775447922976,key-5,527
1775447922978,key-47,398
1775447922978,key-28,712
1775447922981,key-31,119
1775447922981,key-39,1071
1775447922981,key-4,186
1775447922981,key-39,1071
1775447922983,key-39,1073
1775447922986,key-10,1899
1775447922991,key-43,352
1775447922994,key-33,208
1775447922998,key-28,732
1775447922999,key-38,670
1775447922999,key-11,294
1775447922999,key-43,360
1775447923000,key-7,192
1775447923000,key-32,384
1775447923002,key-1,1106
1775447923002,key-25,169
1775447923003,key-30,388
1775447923012,key-8,1722
1775447923013,key-28,747
1775447923013,key-48,472
1775447923013,key-19,1816
1775447923013,key-30,398
1775447923014,key-19,1817
1775447923014,key-18,551
1775447923016,key-28,750
1775447923021,key-21,287
1775447923024,key-31,162
1775447923029,key-11,133
1775447923030,key-39,126
1775447923031,key-47,451
1775447923032,key-32,416
1775447923033,key-25,200
1775447923034,key-28,768
1775447923039,key-47,459
1775447923039,key-7,62
1775447923042,key-48,501
1775447923045,key-39,141
1775447923047,key-38,718
1775447923047,key-25,214
1775447923047,key-21,313
1775447923047,key-7,239
1775447923050,key-39,146
1775447923054,key-47,474
1775447923054,key-41,319
1775447923055,key-47,475
1775447923063,key-27,248
1775447923065,key-4,270
1775447923065,key-25,232
1775447923066,key-12,1141
1775447923066,key-50,116
1775447923067,key-43,428
1775447923069,key-50,119
1775447923072,key-18,609
1775447923074,key-7,97
1775447923074,key-23,72
1775447923075,key-21,341
1775447923077,key-14,165
1775447923079,key-48,128
1775447923081,key-20,861
1775447923081,key-21,347
1775447923083,key-5,634
1775447923086,key-18,623
1775447923090,key-27,275
1775447923090,key-7,113
1775447923092,key-39,188
1775447923093,key-21,359
1775447923093,key-5,644
1775447923097,key-23,357
1775447923097,key-7,120
1775447923103,key-41,368
1775447923103,key-37,436
1775447923105,key-49,577
1775447923106,key-18,643
1775447923106,key-31,244
1775447923107,key-49,579
1775447923110,key-19,1913
1775447923117,key-32,501
1775447923118,key-4,323
1775447923118,key-43,479
1775447923118,key-39,214
1775447923119,key-1,1223
1775447923119,key-4,324
1775447923126,key-44,1804
1775447923126,key-39,222
1775447923127,key-47,547
1775447923127,key-38,173
1775447923129,key-11,233
1775447923129,key-31,267
1775447923130,key-18,667
1775447923131,key-25,59
1775447923132,key-7,155
1775447923132,key-31,270
1775447923132,key-14,220
1775447923134,key-30,519
1775447923135,key-41,400
1775447923136,key-25,303
1775447923137,key-25,304
1775447923138,key-28,872
1775447923140,key-8,1850
1775447923140,key-7,87
1775447923142,key-19,1945
1775447923144,key-11,248
1775447923144,key-30,529
1775447923147,key-32,531
1775447923147,key-39,243
1775447923149,key-31,287
1775447923150,key-5,130
1775447923152,key-38,198
1775447923154,key-48,203
1775447923154,key-28,888
1775447923156,key-11,260
1775447923156,key-39,252
1775447923169,key-43,530
1775447923170,key-25,337
1775447923178,key-30,563
1775447923178,key-25,106
1775447923179,key-40,579
1775447923179,key-9,457
1775447923180,key-9,458
1775447923183,key-39,279
1775447923184,key-43,545
1775447923184,key-25,79
1775447923185,key-38,231
1775447923185,key-31,323
1775447923187,key-43,548
1775447923189,key-48,238
1775447923189,key-38,235
1775447923191,key-11,295
1775447923196,key-43,557
1775447923196,key-50,246
1775447923196,key-18,733
1775447923197,key-33,109
1775447923199,key-32,583
1775447923206,key-7,153
1775447923210,key-21,476
1775447923211,key-36,986
1775447923211,key-8,1921
1775447923216,key-30,601
1775447923216,key-49,688
1775447923216,key-25,111
1775447923217,key-11,321
1775447923220,key-25,115
1775447923220,key-21,486
1775447923223,key-21,489
1775447923223,key-7,170
1775447923223,key-11,327
1775447923229,key-18,766
1775447923230,key-49,702
1775447923230,key-43,591
1775447923230,key-21,496
1775447923230,key-28,964
1775447923231,key-49,703
1775447923231,key-39,327
1775447923231,key-49,703
1775447923236,key-5,216
1775447923236,key-43,597
1775447923236,key-32,620
1775447923239,key-4,444
1775447923241,key-4,446
1775447923244,key-37,577
1775447923244,key-11,348
1775447923246,key-7,193
1775447923246,key-12,197
1775447923249,key-2,2301
1775447923253,key-41,518
1775447923254,key-33,166
1775447923259,key-40,659
1775447923259,key-25,154
1775447923259,key-32,643
1775447923262,key-7,209
1775447923262,key-25,157
1775447923263,key-25,158
1775447923264,key-32,648
1775447923267,key-8,1977
1775447923269,key-19,2072
1775447923271,key-19,2074
1775447923271,key-48,72
1775447923274,key-28,1008
1775447923280,key-2,2332
1775447923281,key-11,385
1775447923281,key-25,176
1775447923281,key-22,1690
1775447923284,key-11,388
1775447923284,key-39,380
1775447923286,key-43,647
1775447923288,key-18,825
1775447923288,key-11,392
1775447923291,key-3,2875
1775447923291,key-25,186
1775447923292,key-49,764
1775447923292,key-25,187
1775447923300,key-18,837
1775447923300,key-12,72
1775447923300,key-30,685
1775447923305,key-48,106
1775447923311,key-42,1613
1775447923312,key-40,712
1775447923314,key-31,452
1775447923315,key-7,262
1775447923318,key-4,523
1775447923322,key-30,707
1775447923323,key-18,860
1775447923323,key-18,860
1775447923324,key-41,589
1775447923324,key-38,370
1775447923327,key-33,239
1775447923327,key-27,512
1775447923327,key-30,712
1775447923329,key-4,534
1775447923330,key-32,714
1775447923333,key-19,2136
1775447923333,key-43,694
1775447923337,key-11,441
1775447923337,key-22,1746
1775447923337,key-25,232
1775447923339,key-28,1073
1775447923339,key-4,544
1775447923343,key-14,431
1775447923348,key-19,2151
1775447923349,key-25,244
1775447923352,key-9,630
1775447923352,key-11,74
1775447923355,key-49,827
1775447923356,key-11,78
1775447923357,key-16,1989
1775447923357,key-42,1659
1775447923358,key-28,1092
1775447923358,key-11,462
1775447923358,key-14,446
1775447923361,key-25,256
1775447923363,key-27,548
1775447923363,key-4,568
1775447923365,key-40,765
1775447923365,key-29,746
1775447923366,key-22,1775
1775447923366,key-20,1146
1775447923370,key-32,754
1775447923370,key-40,770
1775447923371,key-24,375
1775447923372,key-48,173
1775447923373,key-26,2058
1775447923373,key-37,706
1775447923374,key-11,112
1775447923376,key-48,177
1775447923378,key-7,325
1775447923378,key-2,2430
1775447923381,key-4,586
1775447923383,key-19,2186
1775447923387,key-37,720
1775447923389,key-40,789
1775447923392,key-38,438
1775447923394,key-2,2446
1775447923398,key-14,486
1775447923399,key-48,200
1775447923405,key-44,2083
1775447923406,key-22,1815
1775447923410,key-25,305
1775447923410,key-11,132
1775447923410,key-44,2088
1775447923425,key-31,563
1775447923429,key-48,230
1775447923429,key-11,93
1775447923431,key-25,326
1775447923432,key-25,327
1775447923432,key-7,379
1775447923432,key-30,817
1775447923434,key-3,3018
1775447923439,key-19,2242
1775447923440,key-24,444
1775447923440,key-30,825
1775447923441,key-32,825
1775447923444,key-32,828
1775447923445,key-40,845
1775447923450,key-4,655
1775447923450,key-32,834
1775447923452,key-22,1861
1775447923453,key-11,117
1775447923456,key-22,1865
1775447923460,key-43,821
1775447923460,key-45,1123
1775447923460,key-38,506
1775447923461,key-19,2264
1775447923461,key-19,2264
1775447923465,key-30,850
1775447923465,key-42,1767
1775447923465,key-19,2268
1775447923466,key-2,2518
1775447923469,key-50,225
1775447923471,key-49,943
1775447923472,key-47,892
1775447923475,key-44,2153
1775447923477,key-41,742
1775447923477,key-49,949
1775447923483,key-8,2193
1775447923483,key-48,284
1775447923485,key-4,690
1775447923487,key-4,692
1775447923487,key-48,288
1775447923490,key-29,871
1775447923492,key-43,853
1775447923493,key-25,388
1775447923493,key-3,3077
1775447923500,key-40,900
1775447923501,key-25,396
1775447923501,key-17,930
1775447923503,key-35,1669
1775447923504,key-44,2182
1775447923506,key-24,510
1775447923506,key-11,170
1775447923507,key-14,595
1775447923508,key-11,172
1775447923513,key-37,846
1775447923513,key-37,846
1775447923516,key-36,1291
1775447923516,key-2,2568
1775447923520,key-24,524
1775447923523,key-7,470
1775447923528,key-11,192
1775447923530,key-20,1310
1775447923532,key-22,1941
1775447923535,key-22,1944
1775447923535,key-49,128
1775447923536,key-31,674
1775447923536,key-20,1316
1775447923536,key-32,920
1775447923543,key-34,581
1775447923545,key-29,926
1775447923546,key-24,550
1775447923552,key-45,1215
1775447923552,key-4,140
1775447923554,key-22,1963
1775447923557,key-4,145
1775447923558,key-4,146
1775447923558,key-4,146
1775447923560,key-4,148
1775447923560,key-8,2270
1775447923561,key-25,456
1775447923563,key-21,829
1775447923564,key-15,283
1775447923565,key-44,2243
1775447923569,key-4,157
1775447923569,key-45,1232
1775447923569,key-45,1232
1775447923573,key-23,571
1775447923575,key-45,1238
1775447923577,key-19,2380
1775447923577,key-29,958
1775447923582,key-49,175
1775447923582,key-36,1357
1775447923582,key-50,338
1775447923583,key-4,171
1775447923586,key-19,2389
1775447923587,key-39,683
1775447923592,key-44,2270
1775447923596,key-13,305
1775447923596,key-49,189
1775447923598,key-20,1378
1775447923598,key-45,1261
1775447923603,key-2,2655
1775447923604,key-30,989
1775447923604,key-19,2407
1775447923604,key-50,360
1775447923605,key-48,406
1775447923606,key-43,967
1775447923607,key-4,195
1775447923608,key-4,196
1775447923609,key-43,970
1775447923610,key-35,1776
1775447923613,key-11,277
1775447923614,key-44,2292
1775447923614,key-29,995
1775447923614,key-8,2324
1775447923614,key-29,995
1775447923618,key-48,419
1775447923618,key-29,999
1775447923622,key-45,1285
1775447923625,key-24,629
1775447923625,key-29,1006
1775447923627,key-24,631
1775447923628,key-25,523
1775447923630,key-44,2308
1775447923632,key-43,993
1775447923633,key-29,1014
1775447923638,key-45,1301
1775447923638,key-44,2316
1775447923638,key-4,226
1775447923640,key-26,2325
1775447923648,key-20,1428
1775447923655,key-20,1435
1775447923655,key-7,602
1775447923655,key-37,988
1775447923656,key-48,125
1775447923658,key-14,108
1775447923658,key-7,605
1775447923660,key-31,798
1775447923662,key-19,75
1775447923665,key-14,115
1775447923665,key-29,1046
1775447923666,key-43,1027
1775447923666,key-45,1329
1775447923666,key-13,375
1775447923668,key-20,1448
1775447923669,key-14,119
1775447923669,key-4,257
1775447923671,key-50,152
1775447923671,key-9,949
1775447923672,key-20,1452
1775447923681,key-24,60
1775447923681,key-24,60
1775447923681,key-50,162
1775447923684,key-25,579
1775447923686,key-25,581
1775447923701,key-44,2379
1775447923701,key-28,130
1775447923702,key-19,115
1775447923702,key-36,1477
1775447923702,key-29,1083
1775447923702,key-21,968
1775447923702,key-43,1063
1775447923703,key-34,741
1775447923704,key-29,1085
1775447923704,key-19,117
1775447923707,key-29,1088
1775447923709,key-36,1484
1775447923709,key-44,2387
1775447923710,key-44,2388
1775447923711,key-48,180
1775447923711,key-27,896
1775447923717,key-49,310
1775447923717,key-49,310
1775447923719,key-48,188
1775447923719,key-29,1100
1775447923720,key-45,1383
1775447923720,key-13,429
1775447923722,key-50,203
1775447923722,key-44,2400
1775447923725,key-32,73
1775447923725,key-11,389
1775447923728,key-44,2406
1775447923733,key-24,112
1775447923733,key-50,214
1775447923735,key-13,63
1775447923735,key-35,1901
1775447923738,key-29,1119
1775447923738,key-8,2448
1775447923741,key-50,222
1775447923742,key-30,1127
1775447923750,key-36,1525
1775447923750,key-44,2428
1775447923754,key-19,167
1775447923754,key-29,1135
1775447923755,key-25,650
1775447923755,key-45,1418
1775447923755,key-44,2433
1775447923755,key-16,348
1775447923756,key-29,1137
1775447923756,key-22,149
1775447923757,key-36,1532
1775447923758,key-23,756
1775447923759,key-43,1120
1775447923761,key-20,1541
1775447923761,key-29,1142
1775447923761,key-44,2439
1775447923762,key-25,657
1775447923766,key-29,1147
1775447923767,key-4,355
1775447923769,key-29,1150
1775447923769,key-48,238
1775447923772,key-34,810
1775447923774,key-29,1155
1775447923774,key-31,912
1775447923774,key-20,1554
1775447923782,key-46,781
1775447923783,key-44,2461
1775447923786,key-11,450
1775447923786,key-50,267
1775447923791,key-24,170
1775447923793,key-13,121
1775447923804,key-29,1185
1775447923804,key-13,132
1775447923805,key-25,700
1775447923807,key-32,155
1775447923807,key-11,471
1775447923807,key-13,135
1775447923808,key-30,1193
1775447923808,key-11,472
1775447923808,key-29,1189
1775447923809,key-9,1087
1775447923809,key-28,238
1775447923809,key-27,994
1775447923810,key-9,1088
1775447923813,key-44,2491
1775447923814,key-36,1589
1775447923818,key-11,482
1775447923819,key-21,1085
1775447923820,key-36,1595
1775447923825,key-29,1206
1775447923827,key-29,1208
1775447923831,key-43,1192
1775447923832,key-50,313
1775447923832,key-50,313
1775447923835,key-36,1610
1775447923836,key-32,184
1775447923837,key-11,501
1775447923839,key-45,1502
1775447923840,key-20,1620
1775447923843,key-6,1815
1775447923845,key-30,1230
1775447923846,key-13,174
1775447923850,key-50,331
1775447923851,key-49,444
1775447923851,key-13,179
1775447923855,key-8,2565
1775447923855,key-12,525
1775447923856,key-20,1636
1775447923861,key-37,113
1775447923861,key-25,756
1775447923865,key-42,453
1775447923866,key-36,1641
1775447923866,key-10,71
1775447923868,key-14,104
1775447923869,key-24,248
1775447923870,key-17,182
1775447923878,key-36,1653
1775447923879,key-29,1260
1775447923879,key-13,207
1775447923883,key-11,547
1775447923886,key-29,1267
1775447923887,key-29,1268
1775447923887,key-1,1991
1775447923889,key-35,2055
1775447923889,key-44,122
1775447923889,key-44,122
1775447923889,key-29,1270
1775447923891,key-7,838
1775447923892,key-33,804
1775447923896,key-28,325
1775447923897,key-9,1175
1775447923897,key-48,366
1775447923897,key-50,378
1775447923897,key-50,378
1775447923902,key-16,114
1775447923903,key-46,902
1775447923903,key-13,231
1775447923904,key-50,385
1775447923904,key-29,1285
1775447923904,key-24,283
1775447923908,key-23,906
1775447923908,key-29,1289
1775447923908,key-36,1683
1775447923912,key-50,393
1775447923918,key-25,813
1775447923918,key-10,123
1775447923920,key-29,1301
1775447923926,key-44,159
1775447923929,key-11,593
1775447923929,key-13,257
1775447923929,key-32,277
1775447923935,key-29,1316
1775447923935,key-28,364
1775447923938,key-29,1319
1775447923940,key-36,1715
1775447923940,key-21,1206
1775447923940,key-41,184
1775447923940,key-13,268
1775447923943,key-43,1304
1775447923947,key-15,666
1775447923947,key-29,1328
1775447923949,key-49,542
1775447923952,key-50,433
1775447923953,key-49,546
1775447923954,key-7,901
1775447923954,key-49,547
1775447923955,key-7,902
1775447923957,key-37,209
1775447923959,key-32,307
1775447923962,key-29,1343
1775447923962,key-45,1625
1775447923962,key-45,1625
1775447923967,key-44,200
1775447923969,key-20,1749
1775447923971,key-36,1746
1775447923971,key-13,299
1775447923973,key-40,168
1775447923974,key-24,353
1775447923974,key-7,921
1775447923977,key-17,289
1775447923978,key-50,459
1775447923979,key-8,2689
1775447923980,key-16,192
1775447923983,key-11,647
1775447923983,key-13,311
1775447923983,key-29,1364
1775447923986,key-24,365
1775447923990,key-13,62
1775447923991,key-13,319
1775447923992,key-42,580
1775447923993,key-20,1773
1775447923995,key-25,890
1775447923995,key-9,1273
1775447923996,key-13,68
1775447923999,key-29,1380
1775447923999,key-10,204
1775447924006,key-13,78
1775447924007,key-35,2173
1775447924010,key-35,2176
1775447924013,key-48,482
1775447924013,key-50,494
1775447924014,key-36,1789
1775447924014,key-28,443
1775447924017,key-7,964
1775447924020,key-2,3072
1775447924021,key-19,434
1775447924023,key-9,1301
1775447924023,key-15,127
1775447924027,key-7,974
1775447924027,key-10,232
1775447924028,key-5,105
1775447924028,key-50,509
1775447924029,key-7,976
1775447924029,key-36,1804
1775447924031,key-29,1412
1775447924031,key-19,444
1775447924031,key-49,101
1775447924033,key-36,1808
1775447924033,key-50,514
1775447924033,key-28,462
1775447924035,key-16,73
1775447924040,key-13,112
1775447924041,key-5,118
1775447924041,key-50,522
1775447924041,key-24,420
1775447924043,key-17,355
1775447924043,key-43,77
1775447924043,key-25,938
1775447924044,key-23,1042
1775447924044,key-16,256
1775447924046,key-13,118
1775447924049,key-8,2759
1775447924049,key-50,530
1775447924050,key-13,122
1775447924055,key-21,1321
1775447924060,key-34,67
1775447924060,key-16,98
1775447924061,key-30,1446
1775447924063,key-36,1838
1775447924063,key-13,63
1775447924065,key-16,103
1775447924065,key-41,309
1775447924065,key-43,1426
1775447924067,key-29,85
1775447924068,key-15,172
1775447924068,key-45,1731
1775447924073,key-44,152
1775447924074,key-25,115
1775447924074,key-19,487
1775447924081,key-14,317
1775447924081,key-7,1028
1775447924082,key-29,1463
1775447924082,key-35,2248
1775447924087,key-49,157
1775447924088,key-24,467
1775447924088,key-45,1751
1775447924089,key-29,107
1775447924090,key-29,108
1775447924091,key-26,2776
1775447924093,key-24,472
1775447924096,key-41,340
1775447924097,key-50,578
1775447924098,key-29,116
1775447924098,key-44,177
1775447924098,key-16,136
1775447924102,key-24,481
1775447924103,key-34,110
1775447924111,key-29,129
1775447924111,key-17,423
1775447924112,key-13,112
1775447924112,key-38,1158
1775447924112,key-25,153
1775447924117,key-34,124
1775447924119,key-32,467
1775447924120,key-3,3704
1775447924121,key-23,1119
1775447924123,key-41,367
1775447924126,key-13,126
1775447924126,key-29,144
1775447924128,key-9,1406
1775447924132,key-21,1398
1775447924132,key-43,166
1775447924135,key-19,548
1775447924136,key-46,1135
1775447924138,key-9,1416
1775447924140,key-15,244
1775447924140,key-37,392
1775447924144,key-50,625
1775447924145,key-23,1143
1775447924147,key-24,526
1775447924148,key-36,1923
1775447924148,key-43,182
1775447924149,key-19,562
1775447924150,key-25,191
1775447924151,key-25,192
1775447924154,key-43,188
1775447924154,key-24,533
1775447924155,key-19,568
1775447924155,key-50,636
1775447924157,key-24,536
1775447924159,key-6,2131
1775447924165,key-29,183
1775447924165,key-18,1702
1775447924165,key-16,203
1775447924166,key-29,184
1775447924168,key-13,168
1775447924172,key-29,190
1775447924174,key-26,83
1775447924181,key-41,425
1775447924182,key-50,663
1775447924182,key-29,200
1775447924183,key-50,664
1775447924183,key-34,190
1775447924183,key-16,221
1775447924184,key-15,288
1775447924186,key-34,193
1775447924188,key-29,206
1775447924188,key-43,222
1775447924190,key-38,1236
1775447924192,key-34,199
1775447924192,key-7,1139
1775447924194,key-44,273
1775447924194,key-44,273
1775447924194,key-29,212
1775447924196,key-41,440
1775447924197,key-15,301
1775447924199,key-7,1146
1775447924201,key-5,254
1775447924202,key-46,1201
1775447924202,key-9,1480
1775447924209,key-42,797
1775447924209,key-41,453
1775447924216,key-25,257
1775447924216,key-24,595
1775447924220,key-24,599
1775447924220,key-5,273
1775447924220,key-43,254
1775447924225,key-31,1363
1775447924225,key-25,266
1775447924229,key-50,710
1775447924231,key-25,272
1775447924232,key-13,232
1775447924234,key-50,715
1775447924237,key-12,907
1775447924239,key-34,246
1775447924245,key-15,349
1775447924245,key-17,557
1775447924246,key-7,1193
1775447924246,key-26,155
1775447924248,key-18,1785
1775447924249,key-26,158
1775447924254,key-19,667
1775447924255,key-43,289
1775447924255,key-44,334
1775447924257,key-43,291
1775447924259,key-24,638
1775447924260,key-13,260
1775447924260,key-3,3844
1775447924262,key-24,641
1775447924262,key-24,641
1775447924262,key-9,1540
1775447924263,key-23,1261
1775447924263,key-15,367
1775447924266,key-15,370
1775447924267,key-21,1533
1775447924268,key-24,647
1775447924268,key-15,372
1775447924269,key-29,287
1775447924274,key-5,327
1775447924275,key-41,519
1775447924276,key-29,294
1775447924279,key-9,86
1775447924279,key-43,313
1775447924282,key-41,526
1775447924284,key-25,325
1775447924284,key-32,632
1775447924290,key-16,328
1775447924296,key-25,337
1775447924299,key-34,306
1775447924299,key-16,337
1775447924301,key-26,210
1775447924301,key-15,405
1775447924301,key-28,730
1775447924305,key-34,312
1775447924308,key-30,1693
1775447924308,key-5,361
1775447924311,key-11,133
1775447924312,key-25,353
1775447924313,key-42,901
1775447924313,key-29,331
1775447924316,key-12,986
1775447924318,key-9,125
1775447924319,key-22,571
1775447924319,key-7,1266
1775447924320,key-50,801
1775447924322,key-13,322
1775447924325,key-43,359
1775447924331,key-18,1868
1775447924332,key-5,385
1775447924334,key-43,368
1775447924334,key-25,375
1775447924337,key-26,246
1775447924342,key-9,148
1775447924342,key-31,1480
1775447924347,key-41,591
1775447924348,key-41,592
1775447924352,key-19,765
1775447924352,key-12,1022
1775447924360,key-31,1498
1775447924361,key-18,1898
1775447924363,key-32,711
1775447924372,key-22,624
1775447924372,key-7,1319
1775447924373,key-48,190
1775447924373,key-23,1371
1775447924373,key-11,195
1775447924373,key-24,752
1775447924374,key-42,962
1775447924379,key-43,413
1775447924381,key-24,760
1775447924382,key-16,420
1775447924385,key-9,192
1775447924385,key-42,973
1775447924388,key-41,632
1775447924389,key-43,423
1775447924394,key-32,742
1775447924394,key-17,706
1775447924396,key-41,640
1775447924396,key-31,1534
1775447924397,key-50,878
1775447924397,key-5,450
1775447924401,key-7,1348
1775447924402,key-6,113
1775447924402,key-23,1400
1775447924403,key-25,444
1775447924405,key-41,649
1775447924406,key-15,510
1775447924407,key-9,214
1775447924411,key-48,228
1775447924415,key-30,1800
1775447924415,key-31,1553
1775447924418,key-5,471
1775447924419,key-34,426
1775447924420,key-9,227
1775447924422,key-16,460
1775447924423,key-47,1843
1775447924423,key-16,461
1775447924423,key-49,493
1775447924423,key-29,441
1775447924425,key-43,459
1775447924425,key-15,529
1775447924427,key-25,468
1775447924427,key-7,1374
1775447924433,key-50,914
1775447924436,key-42,1024
1775447924436,key-44,515
1775447924436,key-43,470
1775447924438,key-2,75
1775447924438,key-12,1108
1775447924438,key-22,690
1775447924441,key-43,475
1775447924447,key-5,500
1775447924450,key-50,931
1775447924450,key-39,1546
1775447924457,key-43,491
1775447924459,key-41,703
1775447924465,key-37,717
1775447924465,key-26,374
1775447924467,key-23,1465
1775447924470,key-17,136
1775447924471,key-43,505
1775447924471,key-40,666
1775447924473,key-31,1611
1775447924477,key-17,143
1775447924477,key-31,1615
1775447924481,key-5,534
1775447924485,key-32,833
1775447924485,key-31,1623
1775447924488,key-24,867
1775447924489,key-17,155
1775447924489,key-30,1874
1775447924489,key-5,542
1775447924499,key-33,1411
1775447924499,key-41,743
1775447924499,key-20,266
1775447924503,key-43,537
1775447924503,key-31,1641
1775447924507,key-32,855
1775447924507,key-50,988
1775447924507,key-44,586
1775447924509,key-43,543
1775447924511,key-25,552
1775447924511,key-2,148
1775447924511,key-29,529
1775447924511,key-47,1931
1775447924516,key-16,554
1775447924521,key-17,187
1775447924521,key-41,765
1775447924524,key-50,1005
1775447924524,key-40,73
1775447924528,key-23,1526
1775447924528,key-30,1913
1775447924528,key-49,598
1775447924529,key-50,1010
1775447924530,key-10,735
1775447924530,key-9,337
1775447924532,key-48,349
1775447924537,key-20,304
1775447924539,key-43,573
1775447924539,key-29,557
1775447924540,key-39,1636
1775447924551,key-49,621
1775447924553,key-9,360
1775447924554,key-50,1035
1775447924554,key-50,1035
1775447924554,key-12,1224
1775447924556,key-50,1037
1775447924557,key-5,610
1775447924557,key-12,1227
1775447924560,key-41,804
1775447924564,key-31,1702
1775447924566,key-43,600
1775447924566,key-17,232
1775447924569,key-43,603
1775447924571,key-44,158
1775447924571,key-7,1518
1775447924571,key-11,393
1775447924572,key-2,209
1775447924572,key-48,389
1775447924572,key-47,1992
1775447924574,key-22,826
1775447924575,key-32,168
1775447924575,key-50,1056
1775447924577,key-40,126
1775447924583,key-28,1012
1775447924586,key-5,639
1775447924586,key-41,830
1775447924589,key-5,642
1775447924592,key-50,1073
1775447924592,key-26,501
1775447924596,key-49,666
1775447924597,key-7,1544
1775447924599,key-29,617
1775447924607,key-31,1745
1775447924607,key-26,516
1775447924611,key-5,664
1775447924620,key-50,1101
1775447924621,key-9,428
1775447924621,key-43,655
1775447924622,key-31,1760
1775447924630,key-31,1768
1775447924632,key-43,666
1775447924634,key-20,401
1775447924634,key-8,3344
1775447924636,key-50,1117
1775447924637,key-48,454
1775447924638,key-44,225
1775447924642,key-43,676
1775447924644,key-41,888
1775447924644,key-41,888
1775447924644,key-2,281
1775447924644,key-25,685
1775447924651,key-32,244
1775447924652,key-36,2427
1775447924652,key-39,1748
1775447924652,key-41,69
1775447924652,key-26,561
1775447924653,key-43,687
1775447924654,key-50,1135
1775447924659,key-50,1140
1775447924659,key-9,466
1775447924659,key-50,1140
1775447924660,key-9,467
1775447924660,key-42,130
1775447924661,key-7,1608
1775447924663,key-49,733
1775447924666,key-50,1147
1775447924668,key-19,1081
1775447924668,key-30,69
1775447924668,key-40,54
1775447924673,key-49,743
1775447924673,key-43,707
1775447924676,key-31,1814
1775447924678,key-24,1057
1775447924678,key-12,1348
1775447924678,key-11,500
1775447924686,key-31,1824
1775447924688,key-30,89
1775447924688,key-12,1358
1775447924688,key-47,2108
1775447924697,key-1,2801
1775447924698,key-41,115
1775447924698,key-47,2118
1775447924698,key-38,485
1775447924698,key-15,802
1775447924699,key-50,1180
1775447924703,key-32,296
1775447924703,key-48,520
1775447924705,key-5,758
1775447924705,key-18,2242
1775447924706,key-41,123
1775447924709,key-47,2129
1775447924709,key-49,779
1775447924712,key-22,964
1775447924712,key-5,765
1775447924715,key-49,785
1775447924718,key-41,135
1775447924719,key-31,1857
1775447924720,key-50,1201
1775447924720,key-19,1133
1775447924721,key-19,1134
1775447924724,key-15,57
1775447924724,key-5,777
1775447924725,key-45,354
1775447924729,key-36,2504
1775447924733,key-31,1871
1775447924733,key-5,786
1775447924736,key-49,57
1775447924744,key-10,108
1775447924745,key-40,131
1775447924745,key-31,1883
1775447924748,key-46,1747
1775447924752,key-48,569
1775447924754,key-38,54
1775447924762,key-33,123
1775447924763,key-43,797
1775447924763,key-1,2867
1775447924766,key-27,66
1775447924769,key-49,839
1775447924771,key-7,1718
1775447924775,key-41,192
1775447924778,key-32,125
1775447924782,key-11,604
1775447924782,key-5,835
1775447924787,key-15,120
1775447924789,key-49,110
1775447924789,key-31,1927
1775447924791,key-36,2566
1775447924792,key-43,826
1775447924792,key-31,1930
1775447924792,key-31,1930
1775447924794,key-5,847
1775447924794,key-43,828
1775447924794,key-12,1464
1775447924796,key-5,849
1775447924796,key-21,2062
1775447924798,key-40,184
1775447924798,key-5,851
1775447924799,key-36,2574
1775447924799,key-15,132
1775447924799,key-11,116
1775447924801,key-50,1282
1775447924801,key-49,122
1775447924802,key-20,569
1775447924803,key-31,1941
1775447924803,key-25,106
1775447924803,key-25,106
1775447924803,key-34,478
1775447924810,key-33,171
1775447924810,key-32,157
1775447924815,key-40,201
1775447924815,key-47,2235
1775447924815,key-31,1953
1775447924816,key-5,869
1775447924816,key-25,119
1775447924816,key-40,202
1775447924817,key-30,218
1775447924820,key-16,93
1775447924823,key-31,1961
1775447924824,key-7,1771
1775447924827,key-5,880
1775447924829,key-5,882
1775447924831,key-5,884
1775447924833,key-10,197
1775447924842,key-31,1980
1775447924842,key-3,4426
1775447924843,key-37,133
1775447924843,key-50,1324
1775447924843,key-10,207
1775447924844,key-47,2264
1775447924845,key-37,135
1775447924845,key-49,166
1775447924847,key-49,168
1775447924850,key-17,516
1775447924852,key-15,185
1775447924852,key-5,905
1775447924853,key-31,1991
1775447924857,key-47,2277
1775447924861,key-36,2636
1775447924865,key-46,1864
1775447924876,key-49,197
1775447924877,key-8,3587
1775447924878,key-5,931
1775447924884,key-7,76
1775447924886,key-5,939
1775447924886,key-5,939
1775447924894,key-45,523
1775447924895,key-35,3061
1775447924895,key-5,948
1775447924897,key-18,57
1775447924899,key-32,246
1775447924903,key-12,1573
1775447924903,key-31,2041
1775447924904,key-44,491
1775447924909,key-8,3619
1775447924909,key-34,109
1775447924909,key-31,2047
1775447924911,key-5,964
1775447924911,key-31,2049
1775447924916,key-34,116
1775447924918,key-29,936
1775447924921,key-49,242
1775447924922,key-50,1403
1775447924922,key-15,255
1775447924926,key-20,693
1775447924926,key-35,3092
1775447924926,key-34,126
1775447924927,key-5,980
1775447924927,key-44,514
1775447924927,key-31,2065
1775447924927,key-46,1926
1775447924928,key-40,314
1775447924928,key-25,231
1775447924929,key-47,2349
1775447924931,key-40,317
1775447924933,key-5,986
1775447924933,key-30,334
1775447924933,key-31,2071
1775447924934,key-47,2354
1775447924934,key-25,237
1775447924934,key-5,987
1775447924937,key-40,323
1775447924938,key-7,130
1775447924938,key-7,130
1775447924938,key-17,67
1775447924941,key-7,133
1775447924941,key-39,2037
1775447924943,key-25,246
1775447924945,key-27,245
1775447924947,key-47,2367
1775447924947,key-25,250
1775447924951,key-10,131
1775447924951,key-37,241
1775447924955,key-5,1008
1775447924956,key-5,1009
1775447924959,key-5,1012
1775447924962,key-31,2100
1775447924962,key-38,262
1775447924962,key-10,142
1775447924965,key-3,4549
1775447924965,key-47,2385
1775447924969,key-5,1022
1775447924973,key-28,1402
1775447924973,key-18,133
1775447924974,key-49,295
1775447924975,key-29,993
1775447924975,key-16,248
1775447924979,key-24,1358
1775447924979,key-26,888
1775447924981,key-2,70
1775447924981,key-47,2401
1775447924981,key-26,890
1775447924985,key-38,285
1775447924985,key-5,1038
1775447924985,key-3,4569
1775447924989,key-31,2127
1775447924989,key-47,2409
1775447924990,key-49,311
1775447924993,key-7,185
1775447924998,key-40,384
1775447924998,key-7,190
1775447925007,key-7,199
1775447925007,key-5,1060
1775447925007,key-31,2145
1775447925011,key-7,203
1775447925011,key-38,311
1775447925011,key-42,141
1775447925012,key-18,172
1775447925012,key-40,398
1775447925014,key-5,1067
1775447925016,key-45,645
1775447925022,key-35,3188
1775447925023,key-5,1076
1775447925024,key-17,153
1775447925027,key-10,207
1775447925027,key-25,109
1775447925028,key-5,1081
1775447925032,key-16,305
1775447925036,key-7,56
1775447925041,key-5,1094
1775447925044,key-47,2464
1775447925044,key-33,405
1775447925045,key-27,345
1775447925047,key-31,2185
1775447925049,key-7,241
1775447925050,key-18,210
1775447925050,key-31,2188
1775447925051,key-25,133
1775447925051,key-40,437
1775447925052,key-28,1481
1775447925058,key-17,187
1775447925058,key-7,250
1775447925059,key-47,2479
1775447925059,key-5,1112
1775447925070,key-35,3236
1775447925070,key-10,250
1775447925071,key-5,1124
1775447925071,key-7,263
1775447925071,key-5,1124
1775447925075,key-39,2171
1775447925075,key-48,296
1775447925075,key-37,365
1775447925076,key-4,1664
1775447925076,key-7,96
1775447925076,key-33,437
1775447925077,key-5,1130
1775447925081,key-18,241
1775447925086,key-7,106
1775447925086,key-33,447
1775447925095,key-47,2515
1775447925097,key-5,1150
1775447925098,key-29,1116
1775447925099,key-5,1152
1775447925099,key-40,485
1775447925099,key-47,2519
1775447925102,key-26,1011
1775447925104,key-49,425
1775447925104,key-10,284
1775447925104,key-49,425
1775447925104,key-40,490
1775447925106,key-7,126
1775447925106,key-5,1159
1775447925108,key-10,288
1775447925108,key-49,429
1775447925110,key-5,1163
1775447925110,key-47,2530
1775447925114,key-40,500
1775447925115,key-29,1133
1775447925115,key-49,436
1775447925117,key-5,1170
1775447925118,key-5,1171
1775447925121,key-9,59
1775447925121,key-40,507
1775447925125,key-38,425
1775447925125,key-46,2124
1775447925128,key-5,1181
1775447925128,key-5,1181
1775447925132,key-49,453
1775447925134,key-30,535
1775447925135,key-5,1188
1775447925137,key-5,1190
1775447925142,key-5,1195
1775447925144,key-33,505
1775447925144,key-45,773
1775447925147,key-5,1200
1775447925148,key-19,1561
1775447925149,key-33,510
1775447925152,key-27,452
1775447925152,key-10,82
1775447925152,key-7,172
1775447925154,key-45,783
1775447925159,key-6,849
1775447925160,key-40,546
1775447925161,key-31,2299
1775447925161,key-5,1214
1775447925171,key-36,2946
1775447925172,key-47,2592
1775447925173,key-42,303
1775447925177,key-29,1195
1775447925178,key-25,260
1775447925178,key-37,123
1775447925179,key-5,1232
1775447925181,key-49,502
1775447925182,key-10,112
1775447925182,key-10,112
1775447925185,key-21,2451
1775447925189,key-40,575
1775447925189,key-1,124
1775447925191,key-49,512
1775447925195,key-37,140
1775447925198,key-47,2618
1775447925199,key-7,219
1775447925199,key-30,600
1775447925200,key-33,561
1775447925205,key-37,150
1775447925206,key-19,1619
1775447925213,key-42,343
1775447925213,key-49,534
1775447925215,key-9,153
1775447925215,key-24,163
1775447925227,key-25,309
1775447925227,key-45,856
1775447925228,key-5,1281
1775447925228,key-40,67
1775447925230,key-29,1248
1775447925232,key-47,2652
1775447925232,key-19,1645
1775447925234,key-46,2233
1775447925235,key-49,556
1775447925235,key-47,2655
1775447925243,key-30,644
1775447925243,key-40,629
1775447925243,key-49,564
1775447925244,key-5,1297
1775447925244,key-49,565
1775447925244,key-10,174
1775447925245,key-30,646
1775447925245,key-40,84
1775447925246,key-49,567
1775447925247,key-44,393
1775447925247,key-40,86
1775447925248,key-40,87
1775447925248,key-49,569
1775447925248,key-35,3414
1775447925252,key-35,3418
1775447925252,key-5,1305
1775447925252,key-40,638
1775447925253,key-37,198
1775447925256,key-7,276
1775447925257,key-40,96
1775447925259,key-42,389
1775447925267,key-1,202
1775447925267,key-5,1320
1775447925268,key-27,568
1775447925268,key-7,288
1775447925268,key-23,2266
1775447925273,key-5,1326
1775447925278,key-41,510
1775447925282,key-6,972
1775447925282,key-16,555
1775447925283,key-48,504
1775447925283,key-5,1336
1775447925285,key-42,415
1775447925293,key-19,1706
1775447925295,key-40,134
1775447925297,key-6,987
1775447925298,key-19,1711
1775447925298,key-10,228
1775447925298,key-40,137
1775447925299,key-11,616
1775447925304,key-19,1717
1775447925308,key-37,253
1775447925309,key-40,148
1775447925309,key-5,1362
1775447925313,key-40,152
1775447925313,key-10,243
1775447925315,key-49,636
1775447925316,key-14,619
1775447925318,key-10,248
1775447925320,key-49,641
1775447925320,key-42,450
1775447925321,key-5,1374
1775447925322,key-36,3097
1775447925323,key-7,343
1775447925325,key-9,263
1775447925325,key-23,2323
1775447925328,key-30,729
1775447925330,key-10,260
1775447925330,key-5,1383
1775447925331,key-13,1331
1775447925331,key-35,3497
1775447925334,key-1,269
1775447925334,key-21,2600
1775447925335,key-33,696
1775447925338,key-47,2758
1775447925338,key-16,611
1775447925338,key-6,1028
1775447925340,key-49,661
1775447925348,key-9,79
1775447925349,key-42,479
1775447925349,key-42,479
1775447925350,key-37,295
1775447925350,key-36,67
1775447925355,key-12,466
1775447925359,key-31,2497
1775447925364,key-49,685
1775447925366,key-35,3532
1775447925368,key-49,82
1775447925370,key-49,84
1775447925371,key-12,482
1775447925373,key-33,734
1775447925374,key-11,691
1775447925374,key-5,1427
1775447925376,key-35,3542
1775447925379,key-7,399
1775447925379,key-16,652
1775447925380,key-37,325
1775447925381,key-49,702
1775447925382,key-23,2380
1775447925382,key-24,330
1775447925391,key-40,230
1775447925392,key-21,99
1775447925394,key-49,108
1775447925394,key-36,111
1775447925396,key-5,1449
1775447925396,key-9,127
1775447925398,key-25,480
1775447925398,key-44,544
1775447925398,key-49,112
1775447925401,key-5,1454
1775447925402,key-42,532
1775447925403,key-30,804
1775447925406,key-6,1096
1775447925406,key-47,2826
1775447925409,key-5,1462
1775447925444,key-11,761
1775447925444,key-35,3610
1775447925445,key-19,1858
1775447925445,key-14,748
1775447925445,key-31,2583
1775447925445,key-49,159
1775447925446,key-49,160
1775447925446,key-1,381
1775447925446,key-49,160
1775447925446,key-5,1499
1775447925446,key-33,807
1775447925447,key-35,3613
1775447925447,key-7,467
1775447925447,key-5,1500
1775447925447,key-31,2585
1775447925447,key-36,164
1775447925447,key-37,392
1775447925448,key-42,578
1775447925448,key-36,165
1775447925448,key-5,1501
