timestamp_ms,key,delta_ms
1775447218101,key-28,15
1775447218129,key-24,43
1775447218151,key-32,23
1775447218178,key-28,92
1775447218194,key-24,108
1775447218213,key-22,29
1775447218220,key-32,92
1775447218221,key-24,135
1775447218222,key-24,136
1775447218236,key-24,150
1775447218238,key-32,110
1775447218239,key-41,20
1775447218266,key-32,138
1775447218299,key-41,80
1775447218299,key-41,80
1775447218300,key-24,214
1775447218300,key-24,214
1775447218302,key-28,216
1775447218318,key-24,232
1775447218323,key-28,237
1775447218323,key-22,139
1775447218337,key-24,250
1775447218345,key-28,259
1775447218347,key-24,261
1775447218348,key-32,220
1775447218353,key-41,134
1775447218357,key-41,138
1775447218386,key-7,139
1775447218387,key-28,301
1775447218389,key-24,303
1775447218389,key-32,261
1775447218409,key-28,323
1775447218412,key-28,326
1775447218423,key-28,337
1775447218431,key-7,184
1775447218437,key-22,253
1775447218448,key-28,362
1775447218467,key-28,381
1775447218469,key-32,341
1775447218476,key-28,390
1775447218483,key-22,299
1775447218491,key-41,272
1775447218491,key-28,405
1775447218515,key-32,387
1775447218522,key-7,275
1775447218535,key-37,23
1775447218552,key-37,40
1775447218555,key-37,43
1775447218569,key-32,441
1775447218570,key-7,323
1775447218583,key-28,497
1775447218584,key-28,498
1775447218586,key-34,139
1775447218601,key-22,417
1775447218613,key-7,366
1775447218613,key-28,527
1775447218616,key-7,369
1775447218618,key-7,371
1775447218634,key-7,387
1775447218639,key-22,455
1775447218644,key-28,558
1775447218667,key-32,539
1775447218668,key-37,156
1775447218697,key-22,513
1775447218698,key-28,612
1775447218706,key-7,459
1775447218720,key-7,473
1775447218721,key-7,474
1775447218749,key-7,502
1775447218749,key-37,237
1775447218752,key-7,505
1775447218753,key-32,625
1775447218753,key-28,667
1775447218754,key-28,668
1775447218754,key-37,242
1775447218754,key-41,535
1775447218754,key-32,626
1775447218754,key-7,507
1775447218754,key-28,668
1775447218774,key-7,527
1775447218775,key-32,647
1775447218775,key-7,528
1775447218784,key-7,537
1775447218786,key-28,700
1775447218790,key-7,543
1775447218793,key-7,546
1775447218793,key-28,707
1775447218807,key-7,560
1775447218808,key-32,680
1775447218808,key-7,561
1775447218808,key-7,561
1775447218810,key-28,724
1775447218818,key-7,571
1775447218829,key-28,743
1775447218840,key-32,712
1775447218841,key-7,594
1775447218847,key-7,600
1775447218847,key-7,600
1775447218857,key-7,610
1775447218857,key-32,729
1775447218872,key-7,625
1775447218873,key-28,787
1775447218882,key-7,635
1775447218882,key-7,635
1775447218883,key-7,636
1775447218891,key-32,762
1775447218905,key-7,658
1775447218908,key-7,661
1775447218908,key-32,780
1775447218912,key-32,784
1775447218920,key-28,834
1775447218921,key-32,793
1775447218931,key-7,684
1775447218940,key-7,693
1775447218941,key-7,694
1775447218941,key-32,813
1775447218955,key-7,708
1775447218967,key-7,720
1775447218972,key-28,886
1775447218973,key-32,845
1775447218985,key-7,738
1775447218996,key-32,868
1775447218996,key-4,31
1775447218997,key-32,869
1775447218997,key-7,750
1775447219001,key-7,754
1775447219004,key-7,757
1775447219008,key-28,922
1775447219034,key-45,69
1775447219038,key-6,65
1775447219042,key-40,493
1775447219053,key-28,967
1775447219060,key-6,87
1775447219075,key-45,110
1775447219075,key-6,102
1775447219078,key-7,831
1775447219079,key-7,832
1775447219110,key-7,863
1775447219111,key-45,146
1775447219120,key-28,1034
1775447219127,key-28,1041
1775447219132,key-28,1046
1775447219148,key-42,56
1775447219161,key-28,1075
1775447219162,key-45,197
1775447219174,key-7,927
1775447219177,key-28,1091
1775447219178,key-34,731
1775447219186,key-34,739
1775447219195,key-28,1109
1775447219205,key-34,758
1775447219206,key-19,48
1775447219226,key-19,68
1775447219226,key-7,979
1775447219231,key-24,1145
1775447219232,key-34,785
1775447219248,key-7,1001
1775447219250,key-34,803
1775447219252,key-19,94
1775447219273,key-28,1187
1775447219293,key-7,1046
1775447219294,key-19,136
1775447219320,key-19,162
1775447219322,key-7,1075
1775447219349,key-19,191
1775447219354,key-34,907
1775447219382,key-7,1135
1775447219389,key-7,1142
1775447219390,key-29,255
1775447219391,key-7,1144
1775447219412,key-7,1165
1775447219413,key-12,107
1775447219415,key-45,450
1775447219429,key-24,1343
1775447219437,key-19,279
1775447219468,key-19,310
1775447219469,key-29,334
1775447219489,key-24,1403
1775447219489,key-7,1242
1775447219490,key-7,1243
1775447219518,key-7,1271
1775447219519,key-45,554
1775447219539,key-24,1453
1775447219554,key-19,396
1775447219554,key-24,1468
1775447219569,key-45,604
1775447219585,key-45,620
1775447219592,key-24,1506
1775447219608,key-24,1522
1775447219610,key-29,475
1775447219679,key-19,521
1775447219689,key-29,554
1775447219716,key-24,1630
1775447219727,key-45,762
1775447219737,key-3,79
1775447219737,key-24,1651
1775447219740,key-24,1654
1775447219758,key-3,100
1775447219759,key-24,1673
1775447219759,key-16,34
1775447219761,key-3,103
1775447219767,key-3,109
1775447219769,key-45,804
1775447219769,key-4,804
1775447219774,key-4,809
1775447219782,key-45,817
1775447219788,key-3,130
1775447219792,key-16,67
1775447219795,key-3,137
1775447219804,key-24,1718
1775447219804,key-24,1718
1775447219805,key-24,1719
1775447219810,key-37,42
1775447219812,key-31,470
1775447219822,key-24,1736
1775447219837,key-31,495
1775447219842,key-24,1756
1775447219844,key-3,186
1775447219844,key-24,1758
1775447219852,key-24,1766
1775447219853,key-19,45
1775447219861,key-16,136
1775447219866,key-16,141
1775447219867,key-16,142
1775447219880,key-19,72
1775447219880,key-16,155
1775447219881,key-42,789
1775447219883,key-16,158
1775447219884,key-3,226
1775447219891,key-7,1644
1775447219900,key-37,132
1775447219902,key-16,177
1775447219902,key-19,94
1775447219903,key-16,178
1775447219914,key-24,1828
1775447219930,key-16,205
1775447219942,key-16,217
1775447219951,key-32,1823
1775447219953,key-19,145
1775447219954,key-16,229
1775447219960,key-16,235
1775447219960,key-3,302
1775447219964,key-40,32
1775447219988,key-16,263
1775447219991,key-42,30
1775447220006,key-16,281
1775447220028,key-16,303
1775447220029,key-32,28
1775447220036,key-47,5
1775447220036,key-3,378
1775447220039,key-3,381
1775447220041,key-3,383
1775447220042,key-16,317
1775447220052,key-3,394
1775447220052,key-43,917
1775447220064,key-3,406
1775447220076,key-47,45
1775447220076,key-22,1892
1775447220081,key-3,423
1775447220083,key-3,425
1775447220085,key-3,427
1775447220086,key-47,55
1775447220092,key-29,957
1775447220096,key-3,438
1775447220115,key-47,84
1775447220120,key-47,89
1775447220127,key-3,469
1775447220136,key-12,830
1775447220137,key-3,479
1775447220137,key-47,106
1775447220138,key-2,47
1775447220145,key-29,1010
1775447220152,key-29,1017
1775447220161,key-2,70
1775447220187,key-29,1052
1775447220189,key-12,883
1775447220189,key-42,228
1775447220201,key-32,200
1775447220212,key-29,1077
1775447220216,key-47,185
1775447220231,key-47,200
1775447220232,key-32,231
1775447220233,key-12,18
1775447220236,key-16,511
1775447220237,key-47,206
1775447220245,key-40,313
1775447220250,key-32,249
1775447220255,key-45,1290
1775447220266,key-45,1301
1775447220270,key-32,269
1775447220270,key-45,1305
1775447220274,key-16,549
1775447220278,key-36,1225
1775447220285,key-12,70
1775447220285,key-47,254
1775447220290,key-43,1155
1775447220298,key-45,1333
1775447220302,key-32,301
1775447220302,key-20,62
1775447220305,key-47,274
1775447220318,key-12,103
1775447220318,key-45,1353
1775447220326,key-16,601
1775447220333,key-47,302
1775447220334,key-47,303
1775447220336,key-9,29
1775447220370,key-47,339
1775447220379,key-45,1414
1775447220399,key-9,92
1775447220408,key-47,377
1775447220417,key-22,2233
1775447220424,key-36,1371
1775447220429,key-29,25
1775447220437,key-28,172
1775447220437,key-28,172
1775447220452,key-29,48
1775447220452,key-28,187
1775447220456,key-28,191
1775447220456,key-47,425
1775447220461,key-47,430
1775447220476,key-34,36
1775447220480,key-28,215
1775447220488,key-30,51
1775447220489,key-29,85
1775447220495,key-28,230
1775447220501,key-34,61
1775447220507,key-29,103
1775447220520,key-28,255
1775447220521,key-28,256
1775447220531,key-14,61
1775447220550,key-36,1497
1775447220568,key-29,164
1775447220569,key-29,165
1775447220576,key-8,47
1775447220577,key-6,1604
1775447220585,key-29,181
1775447220586,key-29,182
1775447220587,key-14,117
1775447220593,key-29,189
1775447220627,key-7,2380
1775447220632,key-36,1579
1775447220638,key-6,1665
1775447220658,key-37,890
1775447220670,key-29,266
1775447220678,key-29,274
1775447220705,key-6,1732
1775447220706,key-37,938
1775447220716,key-7,2469
1775447220718,key-6,1745
1775447220726,key-29,322
1775447220731,key-43,1596
1775447220750,key-6,1777
1775447220750,key-43,1615
1775447220750,key-9,443
1775447220754,key-36,1701
1775447220754,key-30,317
1775447220755,key-43,1620
1775447220755,key-37,987
1775447220755,key-12,540
1775447220755,key-43,1620
1775447220766,key-43,1631
1775447220769,key-43,1634
1775447220782,key-29,378
1775447220783,key-37,1015
1775447220784,key-43,1649
1775447220792,key-43,1657
1775447220794,key-43,1659
1775447220798,key-6,1825
1775447220798,key-43,1663
1775447220799,key-43,1664
1775447220803,key-12,588
1775447220806,key-28,541
1775447220817,key-43,1682
1775447220819,key-43,1684
1775447220822,key-43,1687
1775447220829,key-34,388
1775447220833,key-26,593
1775447220834,key-12,619
1775447220837,key-43,1702
1775447220843,key-31,628
1775447220844,key-43,1709
1775447220846,key-31,631
1775447220866,key-28,601
1775447220867,key-12,652
1775447220869,key-24,498
1775447220869,key-26,629
1775447220870,key-43,1735
1775447220879,key-31,664
1775447220887,key-43,1752
1775447220889,key-28,624
1775447220892,key-31,677
1775447220896,key-49,895
1775447220898,key-28,633
1775447220909,key-24,538
1775447220916,key-47,186
1775447220920,key-26,680
1775447220925,key-43,1790
1775447220925,key-14,455
1775447220925,key-47,195
1775447220928,key-28,663
1775447220937,key-47,207
1775447220938,key-43,1803
1775447220945,key-47,215
1775447220947,key-7,2700
1775447220961,key-47,231
1775447220961,key-47,231
1775447220973,key-34,533
1775447220975,key-24,604
1775447220984,key-47,254
1775447220994,key-36,14
1775447220995,key-30,15
1775447220995,key-27,15
1775447220996,key-41,60
1775447220997,key-28,732
1775447220998,key-27,18
1775447220998,key-27,18
1775447221000,key-47,270
1775447221002,key-32,55
1775447221004,key-27,24
1775447221007,key-27,27
1775447221018,key-27,38
1775447221027,key-27,47
1775447221035,key-36,55
1775447221036,key-12,821
1775447221038,key-27,58
1775447221039,key-27,59
1775447221051,key-27,71
1775447221051,key-27,71
1775447221052,key-17,18
1775447221053,key-27,73
1775447221054,key-27,74
1775447221073,key-17,39
1775447221075,key-27,95
1775447221077,key-27,97
1775447221077,key-27,97
1775447221078,key-29,674
1775447221081,key-20,59
1775447221084,key-36,104
1775447221087,key-27,107
1775447221088,key-27,108
1775447221088,key-27,108
1775447221093,key-19,1285
1775447221103,key-49,1102
1775447221105,key-49,1104
1775447221113,key-2,1022
1775447221113,key-14,643
1775447221116,key-29,712
1775447221117,key-17,83
1775447221118,key-29,714
1775447221118,key-19,1310
1775447221120,key-27,140
1775447221135,key-17,101
1775447221138,key-7,2891
1775447221138,key-27,158
1775447221141,key-27,161
1775447221141,key-7,2894
1775447221142,key-27,162
1775447221157,key-17,8
1775447221161,key-17,12
1775447221164,key-14,694
1775447221166,key-29,762
1775447221173,key-17,24
1775447221176,key-27,196
1775447221189,key-7,2942
1775447221191,key-17,42
1775447221191,key-10,49
1775447221205,key-17,56
1775447221206,key-12,991
1775447221212,key-7,2965
1775447221213,key-27,233
1775447221219,key-12,1004
1775447221219,key-17,70
1775447221220,key-6,2247
1775447221224,key-6,2251
1775447221224,key-14,754
1775447221237,key-12,1022
1775447221238,key-6,2265
1775447221239,key-14,769
1775447221247,key-12,1032
1775447221249,key-6,2276
1775447221252,key-17,103
1775447221259,key-37,339
1775447221264,key-17,115
1775447221267,key-17,118
1775447221268,key-10,126
1775447221269,key-17,120
1775447221270,key-6,2297
1775447221273,key-12,1058
1775447221282,key-12,1067
1775447221284,key-49,1283
1775447221284,key-17,135
1775447221287,key-17,138
1775447221304,key-17,155
1775447221304,key-12,1089
1775447221318,key-10,176
1775447221324,key-17,175
1775447221325,key-48,19
1775447221328,key-17,179
1775447221330,key-48,24
1775447221333,key-10,191
1775447221335,key-48,29
1775447221343,key-27,363
1775447221347,key-28,1082
1775447221360,key-48,54
1775447221363,key-10,221
1775447221376,key-28,1111
1775447221377,key-28,1112
1775447221385,key-28,1120
1775447221389,key-28,1124
1775447221394,key-14,924
1775447221400,key-10,258
1775447221403,key-48,97
1775447221406,key-28,1141
1775447221412,key-27,432
1775447221413,key-29,1009
1775447221440,key-16,1715
1775447221441,key-28,1176
1775447221442,key-38,61
1775447221444,key-28,1179
1775447221450,key-48,144
1775447221453,key-28,1188
1775447221468,key-28,1203
1775447221469,key-37,549
1775447221474,key-28,1209
1775447221476,key-28,1211
1775447221487,key-19,1679
1775447221492,key-22,3308
1775447221516,key-28,1251
1775447221519,key-22,3335
1775447221538,key-28,1273
1775447221544,key-17,395
1775447221561,key-3,162
1775447221563,key-14,3
1775447221570,key-3,171
1775447221590,key-28,1325
1775447221591,key-45,22
1775447221592,key-3,193
1775447221592,key-3,193
1775447221596,key-14,36
1775447221603,key-48,297
1775447221623,key-3,224
1775447221625,key-36,645
1775447221629,key-9,29
1775447221629,key-14,69
1775447221630,key-3,231
1775447221633,key-9,33
1775447221637,key-45,68
1775447221646,key-14,86
1775447221674,key-36,694
1775447221676,key-9,76
1775447221677,key-9,77
1775447221677,key-14,117
1775447221678,key-14,118
1775447221685,key-14,125
1775447221690,key-27,710
1775447221702,key-9,102
1775447221716,key-14,156
1775447221730,key-9,130
1775447221730,key-10,588
1775447221731,key-16,2006
1775447221732,key-9,132
1775447221732,key-14,172
1775447221737,key-48,21
1775447221739,key-14,179
1775447221744,key-19,1936
1775447221753,key-16,2028
1775447221754,key-14,194
1775447221755,key-5,74
1775447221755,key-48,39
1775447221755,key-10,613
1775447221756,key-45,187
1775447221756,key-32,11
1775447221756,key-48,40
1775447221756,key-32,11
1775447221757,key-10,615
1775447221758,key-16,2033
1775447221759,key-37,839
1775447221759,key-37,839
1775447221759,key-32,14
1775447221761,key-37,841
1775447221762,key-45,193
1775447221762,key-15,17
1775447221768,key-8,718
1775447221775,key-30,795
1775447221775,key-32,30
1775447221777,key-16,2052
1775447221777,key-29,4
1775447221779,key-10,637
1775447221783,key-15,38
1775447221783,key-32,38
1775447221784,key-32,39
1775447221784,key-16,2059
1775447221787,key-16,2062
1775447221814,key-29,41
1775447221833,key-47,1103
1775447221834,key-29,61
1775447221834,key-30,854
1775447221834,key-16,2109
1775447221835,key-45,266
1775447221835,key-45,266
1775447221836,key-30,856
1775447221836,key-15,91
1775447221836,key-37,916
1775447221836,key-50,298
1775447221837,key-29,64
1775447221837,key-10,695
1775447221838,key-37,918
1775447221838,key-10,696
1775447221838,key-22,3654
1775447221838,key-27,858
1775447221839,key-37,919
1775447221839,key-9,239
1775447221848,key-16,2123
1775447221855,key-16,2130
1775447221856,key-9,256
1775447221865,key-9,265
1775447221865,key-48,149
1775447221868,key-37,948
1775447221868,key-9,268
1775447221870,key-16,2145
1775447221872,key-22,3688
1775447221872,key-9,272
1775447221872,key-41,868
1775447221877,key-16,2152
1775447221879,key-31,1664
1775447221882,key-22,3698
1775447221883,key-27,903
1775447221884,key-12,1669
1775447221884,key-10,742
1775447221885,key-9,285
1775447221887,key-37,967
1775447221891,key-9,291
1775447221893,key-16,2168
1775447221893,key-10,751
1775447221895,key-16,2170
1775447221895,key-16,2170
1775447221898,key-9,298
1775447221899,key-6,2926
1775447221912,key-38,531
1775447221913,key-31,1698
1775447221914,key-16,2189
1775447221915,key-31,1700
1775447221916,key-9,316
1775447221917,key-9,317
1775447221917,key-14,357
1775447221917,key-9,317
1775447221932,key-9,332
1775447221934,key-14,374
1775447221934,key-15,32
1775447221936,key-16,2211
1775447221937,key-47,22
1775447221937,key-47,22
1775447221938,key-9,338
1775447221946,key-9,346
1775447221946,key-47,31
1775447221948,key-47,33
1775447221948,key-6,2975
1775447221948,key-31,1733
1775447221950,key-14,390
1775447221951,key-36,971
1775447221952,key-6,2979
1775447221952,key-27,972
1775447221956,key-47,41
1775447221957,key-45,388
1775447221960,key-36,980
1775447221963,key-45,394
1775447221963,key-15,61
1775447221964,key-3,565
1775447221966,key-36,986
1775447221967,key-36,987
1775447221968,key-45,399
1775447221972,key-36,992
1775447221980,key-6,3007
1775447221987,key-22,3803
1775447221990,key-39,2417
1775447221990,key-31,1775
1775447221992,key-40,2060
1775447221992,key-36,13
1775447221998,key-31,1783
1775447221998,key-45,429
1775447221998,key-36,19
1775447222010,key-19,2202
1775447222011,key-36,32
1775447222015,key-40,2083
1775447222015,key-10,40
1775447222017,key-31,1802
1775447222020,key-40,2088
1775447222020,key-16,14
1775447222021,key-18,47
1775447222025,key-6,20
1775447222031,key-32,286
1775447222033,key-31,1818
1775447222033,key-31,1818
1775447222033,key-14,473
1775447222034,key-32,289
1775447222037,key-10,62
1775447222038,key-12,1823
1775447222043,key-45,474
1775447222043,key-31,1828
1775447222044,key-31,1829
1775447222044,key-36,65
1775447222046,key-34,1606
1775447222056,key-6,51
1775447222082,key-6,77
1775447222088,key-32,343
1775447222089,key-14,529
1775447222089,key-10,114
1775447222090,key-31,1875
1775447222091,key-34,1651
1775447222091,key-34,1651
1775447222092,key-31,1877
1775447222092,key-17,943
1775447222093,key-4,3128
1775447222093,key-14,533
1775447222094,key-32,349
1775447222095,key-32,350
1775447222096,key-36,18
1775447222097,key-31,1882
1775447222104,key-40,2172
1775447222109,key-36,31
1775447222111,key-4,3146
1775447222111,key-32,366
1775447222112,key-3,713
1775447222116,key-4,3151
1775447222120,key-36,42
1775447222122,key-17,973
1775447222130,key-32,385
1775447222132,key-31,1917
1775447222134,key-32,389
1775447222135,key-32,390
1775447222137,key-32,392
1775447222137,key-32,392
1775447222138,key-36,60
1775447222139,key-32,394
1775447222140,key-36,62
1775447222141,key-36,63
1775447222141,key-36,63
1775447222142,key-38,12
1775447222146,key-36,68
1775447222146,key-22,3962
1775447222151,key-32,406
1775447222153,key-17,1004
1775447222157,key-36,79
1775447222158,key-6,153
1775447222159,key-36,81
1775447222160,key-36,82
1775447222160,key-17,1011
1775447222161,key-36,83
1775447222162,key-36,84
1775447222162,key-47,247
1775447222169,key-20,1147
1775447222169,key-6,164
1775447222170,key-32,425
1775447222173,key-20,1151
1775447222179,key-36,101
1775447222181,key-20,1159
1775447222181,key-38,51
1775447222182,key-20,1160
1775447222182,key-36,104
1775447222185,key-36,107
1775447222187,key-36,109
1775447222187,key-36,109
1775447222190,key-36,111
1775447222190,key-8,1140
1775447222197,key-47,281
1775447222202,key-36,124
1775447222203,key-20,1181
1775447222206,key-38,76
1775447222206,key-37,1286
1775447222207,key-15,305
1775447222208,key-20,1186
1775447222209,key-36,131
1775447222224,key-36,146
1775447222226,key-47,311
1775447222228,key-36,150
1775447222228,key-42,2267
1775447222230,key-38,100
1775447222231,key-24,1860
1775447222233,key-41,1229
1775447222233,key-37,1313
1775447222233,key-38,103
1775447222236,key-37,1316
1775447222237,key-42,2276
1775447222237,key-12,23
1775447222245,key-2,14
1775447222245,key-42,2284
1775447222246,key-27,1266
1775447222247,key-16,241
1775447222248,key-14,688
1775447222249,key-2,18
1775447222251,key-42,2290
1775447222255,key-42,2294
1775447222264,key-48,548
1775447222264,key-2,33
1775447222268,key-12,54
1775447222269,key-14,709
1775447222275,key-38,145
1775447222281,key-38,151
1775447222281,key-14,721
1775447222282,key-38,152
1775447222282,key-15,380
1775447222282,key-2,51
1775447222282,key-39,231
1775447222283,key-27,1303
1775447222286,key-38,156
1775447222288,key-45,719
1775447222294,key-12,80
1775447222298,key-2,67
1775447222298,key-14,738
1775447222304,key-48,588
1775447222305,key-12,91
1775447222309,key-45,740
1775447222311,key-38,181
1775447222313,key-29,540
1775447222313,key-45,744
1775447222315,key-9,715
1775447222326,key-48,610
1775447222327,key-17,1178
1775447222329,key-2,98
1775447222329,key-39,278
1775447222330,key-12,116
1775447222331,key-38,201
1775447222335,key-45,766
1775447222338,key-32,4
1775447222341,key-17,1192
1775447222344,key-39,293
1775447222344,key-31,2129
1775447222346,key-42,2385
1775447222348,key-29,575
1775447222350,key-18,376
1775447222354,key-14,794
1775447222364,key-32,30
1775447222365,key-41,85
1775447222369,key-41,89
1775447222369,key-18,395
1775447222369,key-18,395
1775447222370,key-26,1152
1775447222376,key-29,603
1775447222381,key-31,2166
1775447222383,key-18,409
1775447222386,key-26,1168
1775447222387,key-41,107
1775447222398,key-41,118
1775447222402,key-16,5
1775447222402,key-41,122
1775447222403,key-15,28
1775447222404,key-26,1186
1775447222409,key-41,129
1775447222417,key-13,21
1775447222417,key-31,2202
1775447222418,key-18,444
1775447222418,key-15,43
1775447222418,key-13,22
1775447222419,key-15,44
1775447222420,key-13,24
1775447222421,key-41,141
1775447222426,key-13,30
1775447222427,key-15,52
1775447222431,key-15,56
1775447222432,key-15,57
1775447222433,key-36,355
1775447222434,key-26,1216
1775447222435,key-30,1455
1775447222437,key-15,62
1775447222440,key-13,44
1775447222441,key-13,45
1775447222442,key-15,67
1775447222444,key-44,231
1775447222445,key-32,111
1775447222451,key-38,321
1775447222454,key-13,58
1775447222454,key-38,324
1775447222455,key-14,895
1775447222456,key-32,122
1775447222457,key-24,2086
1775447222461,key-31,17
1775447222464,key-15,89
1775447222465,key-44,252
1775447222469,key-13,73
1775447222473,key-13,77
1775447222473,key-14,913
1775447222477,key-10,502
1775447222482,key-15,107
1775447222484,key-44,271
1775447222484,key-13,88
1775447222485,key-13,89
1775447222487,key-13,91
1775447222489,key-15,114
1775447222490,key-13,94
1775447222493,key-31,49
1775447222496,key-10,521
1775447222497,key-31,53
1775447222499,key-31,55
1775447222499,key-13,103
1775447222500,key-13,104
1775447222501,key-48,785
1775447222506,key-15,131
1775447222506,key-10,531
1775447222509,key-45,940
1775447222513,key-15,138
1775447222515,key-48,799
1775447222516,key-15,141
1775447222520,key-10,545
1775447222520,key-45,951
1775447222521,key-50,983
1775447222524,key-42,2563
1775447222526,key-40,2594
1775447222526,key-13,130
1775447222528,key-13,132
1775447222528,key-13,132
1775447222530,key-13,134
1775447222535,key-45,966
1775447222536,key-45,967
1775447222539,key-10,564
1775447222540,key-27,1560
1775447222545,key-20,12
1775447222546,key-2,315
1775447222546,key-5,865
1775447222548,key-13,152
1775447222551,key-5,870
1775447222551,key-10,576
1775447222553,key-20,20
1775447222554,key-35,442
1775447222561,key-42,2600
1775447222584,key-10,609
1775447222584,key-30,1604
1775447222585,key-5,904
1775447222585,key-13,189
1775447222585,key-27,1605
1775447222585,key-20,52
1775447222598,key-47,683
1775447222604,key-13,208
1775447222605,key-2,374
1775447222612,key-10,637
1775447222616,key-13,220
1775447222625,key-13,229
1775447222628,key-5,44
1775447222628,key-18,654
1775447222628,key-35,516
1775447222628,key-19,2820
1775447222628,key-13,232
1775447222629,key-47,45
1775447222629,key-47,45
1775447222629,key-6,624
1775447222629,key-27,1649
1775447222629,key-47,45
1775447222634,key-27,1654
1775447222634,key-5,50
1775447222634,key-20,101
1775447222645,key-5,61
1775447222652,key-43,25
1775447222652,key-5,68
1775447222653,key-28,2388
1775447222654,key-5,70
1775447222659,key-20,126
1775447222663,key-20,130
1775447222665,key-13,269
1775447222665,key-47,81
1775447222666,key-43,39
1775447222671,key-2,440
1775447222675,key-2,444
1775447222678,key-32,344
1775447222678,key-47,94
1775447222679,key-20,146
1775447222680,key-28,2415
1775447222685,key-13,289
1775447222687,key-40,2755
1775447222688,key-20,155
1775447222690,key-43,63
1775447222703,key-28,2438
1775447222703,key-40,2771
1775447222704,key-13,308
1775447222704,key-28,2439
1775447222704,key-43,77
1775447222713,key-17,1564
1775447222716,key-13,320
1775447222716,key-32,382
1775447222724,key-2,493
1775447222725,key-40,2793
1775447222725,key-28,2460
1775447222725,key-13,329
1775447222725,key-28,2460
1775447222730,key-28,2465
1775447222731,key-40,2799
1775447222736,key-20,203
1775447222737,key-40,2805
1775447222756,key-47,27
1775447222757,key-20,224
1775447222758,key-28,2493
1775447222759,key-40,2827
1775447222759,key-40,2827
1775447222760,key-28,2495
1775447222762,key-40,2830
1775447222762,key-47,33
1775447222763,key-20,230
1775447222763,key-47,34
1775447222763,key-24,2392
1775447222764,key-2,533
1775447222764,key-12,550
1775447222764,key-17,1615
1775447222764,key-12,550
1775447222765,key-2,534
1775447222765,key-40,2833
1775447222766,key-40,2834
1775447222769,key-40,2837
1775447222771,key-12,557
1775447222771,key-12,557
1775447222772,key-49,2771
1775447222778,key-28,2513
1775447222778,key-24,2407
1775447222778,key-40,2846
1775447222779,key-47,50
1775447222782,key-40,2850
1775447222783,key-17,1634
1775447222784,key-28,2519
1775447222784,key-47,55
1775447222792,key-2,561
1775447222792,key-40,2860
1775447222793,key-24,2422
1775447222793,key-16,115
1775447222794,key-12,580
1775447222800,key-24,2429
1775447222804,key-40,2872
1775447222804,key-47,75
1775447222806,key-16,128
1775447222809,key-24,2438
1775447222809,key-40,2877
1775447222810,key-40,2878
1775447222812,key-50,1274
1775447222815,key-12,601
1775447222816,key-40,2884
1775447222816,key-2,585
1775447222817,key-2,586
1775447222822,key-2,591
1775447222822,key-17,1673
1775447222822,key-12,608
1775447222828,key-40,2896
1775447222829,key-2,598
1775447222832,key-24,2461
1775447222833,key-40,2901
1775447222835,key-24,2464
1775447222835,key-15,28
1775447222841,key-2,610
1775447222842,key-15,35
1775447222851,key-28,2586
1775447222851,key-40,2919
1775447222855,key-2,624
1775447222864,key-2,633
1775447222864,key-43,237
1775447222865,key-20,332
1775447222866,key-29,1093
1775447222866,key-28,2601
1775447222868,key-40,2936
1775447222868,key-34,2428
1775447222876,key-24,2505
1775447222882,key-43,255
1775447222882,key-40,2950
1775447222883,key-42,2922
1775447222884,key-2,653
1775447222887,key-2,656
1775447222897,key-43,270
1775447222907,key-40,2975
1775447222908,key-34,2468
1775447222909,key-29,1136
1775447222913,key-43,286
1775447222915,key-29,1142
1775447222919,key-24,2548
1775447222921,key-43,294
1775447222927,key-43,300
1775447222936,key-29,1163
1775447222937,key-5,353
1775447222949,key-29,1176
1775447222951,key-35,839
1775447222952,key-5,368
1775447222954,key-35,842
1775447222955,key-29,1182
1775447222958,key-35,846
1775447222958,key-2,727
1775447222965,key-29,1192
1775447222975,key-11,219
1775447222980,key-24,2608
1775447222980,key-29,1207
1775447222982,key-5,398
1775447222984,key-29,1211
1775447222987,key-29,1214
1775447222997,key-35,885
1775447222997,key-35,885
1775447223001,key-29,1228
1775447223004,key-35,892
1775447223018,key-5,434
1775447223020,key-29,1247
1775447223023,key-29,1250
1775447223023,key-29,1250
1775447223024,key-29,1251
1775447223032,key-24,2661
1775447223043,key-6,321
1775447223044,key-11,288
1775447223045,key-5,461
1775447223065,key-35,953
1775447223066,key-3,25
1775447223071,key-43,444
1775447223086,key-5,502
1775447223087,key-27,2107
1775447223088,key-50,1550
1775447223089,key-13,693
1775447223089,key-18,43
1775447223090,key-29,1317
1775447223093,key-5,509
1775447223116,key-6,394
1775447223118,key-50,1580
1775447223118,key-5,534
1775447223121,key-21,12
1775447223131,key-35,46
1775447223131,key-43,504
1775447223132,key-23,837
1775447223132,key-3,91
1775447223149,key-45,1580
1775447223150,key-31,9
1775447223154,key-31,13
1775447223156,key-31,15
1775447223158,key-31,17
1775447223159,key-42,3198
1775447223160,key-6,438
1775447223160,key-15,353
1775447223160,key-34,2720
1775447223164,key-50,1626
1775447223164,key-42,3203
1775447223164,key-31,23
1775447223180,key-36,1102
1775447223181,key-24,2810
1775447223182,key-50,1644
1775447223182,key-31,41
1775447223185,key-42,3224
1775447223185,key-6,463
1775447223185,key-31,44
1775447223186,key-50,1648
1775447223191,key-36,1113
1775447223194,key-23,899
1775447223197,key-23,902
1775447223205,key-50,1667
1775447223207,key-23,912
1775447223207,key-24,2836
1775447223213,key-31,72
1775447223213,key-31,72
1775447223214,key-50,2
1775447223220,key-45,1651
1775447223221,key-31,80
1775447223233,key-50,21
1775447223234,key-23,939
1775447223234,key-28,104
1775447223235,key-37,2315
1775447223235,key-50,23
1775447223240,key-32,906
1775447223240,key-50,28
1775447223240,key-31,99
1775447223241,key-23,946
1775447223245,key-6,6
1775447223248,key-29,1475
1775447223255,key-28,125
1775447223256,key-45,1687
1775447223258,key-50,46
1775447223260,key-45,1691
1775447223261,key-28,131
1775447223262,key-6,23
1775447223266,key-37,2346
1775447223266,key-6,27
1775447223266,key-31,125
1775447223267,key-45,1698
1775447223268,key-28,138
1775447223269,key-48,1553
1775447223272,key-42,3311
1775447223272,key-48,1556
1775447223284,key-48,1568
1775447223285,key-29,1512
1775447223291,key-13,895
1775447223292,key-40,3360
1775447223295,key-37,2375
1775447223298,key-13,902
1775447223298,key-37,2378
1775447223299,key-31,158
1775447223301,key-37,2381
1775447223306,key-40,3374
1775447223311,key-40,3379
1775447223311,key-31,170
1775447223312,key-31,171
1775447223317,key-31,176
1775447223317,key-48,1601
1775447223317,key-48,1601
1775447223318,key-35,116
1775447223324,key-48,1608
1775447223327,key-40,3395
1775447223332,key-7,1081
1775447223374,key-30,69
1775447223374,key-48,1658
1775447223375,key-37,2455
1775447223375,key-40,3443
1775447223375,key-40,3443
1775447223375,key-24,3004
1775447223375,key-31,234
1775447223376,key-40,3444
1775447223376,key-22,5192
1775447223376,key-40,3444
1775447223376,key-31,235
1775447223376,key-24,3005
1775447223376,key-48,1660
1775447223377,key-6,138
1775447223393,key-24,3022
1775447223396,key-29,1623
1775447223404,key-50,192
1775447223405,key-48,1689
1775447223406,key-24,3035
1775447223406,key-22,5222
1775447223409,key-18,33
1775447223410,key-24,3039
1775447223410,key-22,5226
1775447223412,key-43,785
1775447223413,key-18,37
1775447223415,key-48,1699
1775447223416,key-48,1700
1775447223424,key-3,383
1775447223425,key-50,213
1775447223427,key-19,541
1775447223428,key-6,189
1775447223433,key-40,3501
1775447223437,key-29,20
1775447223438,key-3,397
1775447223438,key-1,249
1775447223438,key-42,3477
1775447223439,key-22,5255
1775447223439,key-18,63
1775447223441,key-40,3509
1775447223442,key-42,3481
1775447223447,key-41,1167
1775447223447,key-3,406
1775447223449,key-22,5265
1775447223450,key-3,409
1775447223452,key-31,311
1775447223457,key-3,416
1775447223462,key-42,3501
1775447223463,key-3,422
1775447223464,key-1,275
1775447223466,key-42,3505
1775447223467,key-32,1133
1775447223468,key-42,3507
1775447223472,key-22,5288
1775447223481,key-32,1147
1775447223482,key-13,1086
1775447223482,key-3,441
1775447223486,key-13,1090
1775447223488,key-3,447
1775447223489,key-22,5305
1775447223492,key-32,1158
1775447223494,key-27,2514
1775447223495,key-9,1017
1775447223503,key-3,12
1775447223504,key-50,292
1775447223510,key-3,19
1775447223515,key-1,326
1775447223516,key-3,25
1775447223516,key-32,1182
1775447223516,key-22,5332
1775447223522,key-3,8
1775447223523,key-21,414
1775447223530,key-3,16
1775447223531,key-47,802
1775447223533,key-32,1199
1775447223534,key-32,1200
1775447223544,key-50,332
1775447223547,key-22,5363
1775447223548,key-31,407
1775447223549,key-3,35
1775447223549,key-38,1419
1775447223550,key-37,2630
1775447223550,key-27,2570
1775447223551,key-3,37
1775447223553,key-3,39
1775447223557,key-37,2637
1775447223558,key-31,417
1775447223561,key-22,5377
1775447223564,key-4,4599
1775447223566,key-40,3634
1775447223568,key-44,3
1775447223584,key-31,443
1775447223586,key-31,445
1775447223586,key-38,1456
1775447223586,key-32,1252
1775447223589,key-38,1459
1775447223590,key-36,5
1775447223593,key-38,1463
1775447223596,key-40,3664
1775447223598,key-20,1065
1775447223599,key-34,24
1775447223600,key-21,15
1775447223601,key-36,16
1775447223613,key-33,483
1775447223614,key-9,1136
1775447223614,key-35,412
1775447223615,key-34,40
1775447223615,key-32,1281
1775447223615,key-13,36
1775447223615,key-38,1485
1775447223618,key-36,33
1775447223618,key-38,1488
1775447223618,key-20,1085
1775447223619,key-38,1489
1775447223623,key-10,1648
1775447223627,key-32,1293
1775447223630,key-18,254
1775447223630,key-10,1655
1775447223631,key-38,1501
1775447223640,key-9,1162
1775447223645,key-9,1167
1775447223654,key-9,1176
1775447223654,key-14,543
1775447223654,key-5,1070
1775447223654,key-21,69
1775447223655,key-13,76
1775447223655,key-10,1680
1775447223655,key-1,466
1775447223656,key-35,454
1775447223660,key-1,471
1775447223660,key-13,81
1775447223661,key-1,472
1775447223665,key-31,524
1775447223667,key-1,478
1775447223668,key-38,1538
1775447223671,key-13,92
1775447223675,key-9,1197
1775447223684,key-1,495
1775447223685,key-35,483
1775447223685,key-16,11
1775447223692,key-13,113
1775447223693,key-13,114
1775447223693,key-31,552
1775447223696,key-38,1566
1775447223697,key-35,495
1775447223697,key-4,4732
1775447223705,key-40,3773
1775447223705,key-38,1575
1775447223707,key-13,128
1775447223707,key-2,1476
1775447223716,key-13,137
1775447223717,key-1,528
1775447223719,key-38,1589
1775447223727,key-1,538
1775447223730,key-13,151
1775447223730,key-40,3798
1775447223736,key-13,157
1775447223737,key-13,158
1775447223739,key-13,160
1775447223743,key-13,164
1775447223745,key-1,556
1775447223745,key-33,615
1775447223750,key-8,2700
1775447223750,key-1,561
1775447223756,key-8,2706
1775447223756,key-18,380
1775447223759,key-13,180
1775447223760,key-13,181
1775447223761,key-2,1530
1775447223761,key-49,612
1775447223761,key-2,1530
1775447223761,key-1,572
1775447223761,key-13,182
1775447223763,key-2,1532
1775447223764,key-47,1035
1775447223765,key-8,2715
1775447223768,key-13,189
1775447223775,key-1,586
1775447223776,key-13,197
1775447223782,key-43,1155
1775447223782,key-1,593
1775447223783,key-8,2733
1775447223783,key-24,3412
1775447223785,key-1,596
1775447223787,key-37,2867
1775447223788,key-9,1310
1775447223793,key-2,1562
1775447223793,key-8,2743
1775447223796,key-2,1565
1775447223797,key-1,608
1775447223799,key-2,1568
1775447223800,key-13,221
1775447223800,key-2,1569
1775447223804,key-2,1573
1775447223809,key-8,2759
1775447223811,key-44,246
1775447223814,key-13,235
1775447223815,key-2,1584
1775447223816,key-3,302
1775447223816,key-44,251
1775447223816,key-1,627
1775447223818,key-1,629
1775447223819,key-1,630
1775447223819,key-9,1341
1775447223819,key-38,1689
1775447223822,key-17,2673
1775447223826,key-8,2776
1775447223827,key-13,248
1775447223827,key-2,1596
1775447223828,key-1,639
1775447223829,key-40,3897
1775447223833,key-8,2783
1775447223834,key-8,2784
1775447223835,key-44,270
1775447223837,key-36,252
1775447223838,key-8,2788
1775447223839,key-40,3907
1775447223848,key-18,472
1775447223850,key-48,2134
1775447223851,key-1,662
1775447223852,key-40,3920
1775447223853,key-17,2704
1775447223858,key-38,36
1775447223859,key-17,2710
1775447223861,key-1,672
1775447223862,key-27,278
1775447223864,key-8,2814
1775447223864,key-2,1633
1775447223866,key-16,192
1775447223878,key-1,689
1775447223878,key-2,1647
1775447223879,key-47,13
1775447223880,key-21,15
1775447223884,key-47,18
1775447223885,key-16,211
1775447223887,key-27,303
1775447223888,key-47,22
1775447223892,key-16,218
1775447223894,key-36,18
1775447223895,key-47,29
1775447223896,key-14,785
1775447223898,key-14,787
1775447223899,key-38,23
1775447223900,key-47,34
1775447223902,key-14,791
1775447223903,key-47,37
1775447223904,key-17,2755
1775447223913,key-32,15
1775447223913,key-31,772
1775447223913,key-16,239
1775447223915,key-38,39
1775447223915,key-17,2766
1775447223917,key-14,806
1775447223918,key-47,52
1775447223919,key-14,808
1775447223920,key-2,1689
1775447223921,key-14,810
1775447223925,key-16,251
1775447223931,key-32,33
1775447223934,key-2,1703
1775447223938,key-14,827
1775447223938,key-14,827
1775447223939,key-11,1183
1775447223941,key-17,2792
1775447223943,key-19,1057
1775447223944,key-12,21
1775447223944,key-2,1713
1775447223945,key-14,834
1775447223946,key-11,1190
1775447223948,key-2,1717
1775447223952,key-29,535
1775447223952,key-16,278
1775447223954,key-11,1198
1775447223956,key-32,58
1775447223958,key-37,3038
1775447223962,key-2,1731
1775447223962,key-16,288
1775447223963,key-29,546
1775447223965,key-23,230
1775447223967,key-23,232
1775447223978,key-37,3058
1775447223978,key-14,867
1775447223979,key-16,305
1775447223979,key-29,562
1775447223980,key-26,2762
1775447223982,key-23,247
1775447223983,key-23,248
1775447223985,key-23,250
1775447223988,key-4,5023
1775447223995,key-41,1715
1775447223997,key-29,580
1775447223998,key-33,3
1775447223999,key-47,19
1775447224000,key-16,326
1775447224000,key-5,1416
1775447224002,key-23,267
1775447224003,key-23,268
1775447224009,key-23,274
1775447224009,key-47,29
1775447224009,key-25,133
1775447224012,key-26,2794
1775447224012,key-33,17
1775447224014,key-33,19
1775447224015,key-26,2797
1775447224015,key-23,280
1775447224017,key-47,37
1775447224018,key-23,283
1775447224024,key-23,289
1775447224025,key-23,290
1775447224032,key-47,52
1775447224033,key-26,2815
1775447224034,key-7,1783
1775447224035,key-43,1408
1775447224035,key-26,2817
1775447224036,key-37,27
1775447224049,key-24,10
1775447224051,key-45,2482
1775447224051,key-33,56
1775447224053,key-45,2484
1775447224060,key-16,16
1775447224062,key-43,1435
1775447224062,key-23,327
1775447224063,key-23,328
1775447224063,key-23,328
1775447224064,key-24,7
1775447224065,key-43,1438
1775447224065,key-24,8
1775447224071,key-24,14
1775447224074,key-24,17
1775447224076,key-33,81
1775447224079,key-32,181
1775447224086,key-49,937
1775447224087,key-23,352
1775447224087,key-45,2518
1775447224087,key-45,2518
1775447224087,key-23,352
1775447224088,key-23,353
1775447224089,key-24,16
1775447224090,key-23,355
1775447224092,key-23,357
1775447224095,key-23,360
1775447224096,key-23,361
1775447224097,key-25,221
1775447224098,key-33,103
1775447224099,key-24,26
1775447224099,key-24,26
1775447224100,key-35,898
1775447224103,key-23,368
1775447224103,key-25,227
1775447224107,key-50,895
1775447224107,key-42,192
1775447224110,key-36,144
1775447224115,key-2,1884
1775447224115,key-14,13
1775447224115,key-14,13
1775447224116,key-23,381
1775447224116,key-24,43
1775447224117,key-45,2548
1775447224119,key-25,243
1775447224122,key-32,224
1775447224123,key-14,21
1775447224124,key-18,748
1775447224125,key-48,2409
1775447224128,key-8,3078
1775447224129,key-37,67
1775447224131,key-50,9
1775447224132,key-50,10
1775447224132,key-40,4200
1775447224138,key-19,139
1775447224138,key-23,403
1775447224138,key-37,76
1775447224138,key-36,172
1775447224140,key-14,38
1775447224142,key-45,2573
1775447224143,key-23,408
1775447224144,key-37,82
1775447224145,key-37,83
1775447224145,key-32,247
1775447224147,key-36,181
1775447224149,key-8,3099
1775447224149,key-37,3
1775447224149,key-37,3
1775447224151,key-37,5
1775447224153,key-14,51
1775447224157,key-4,5192
1775447224158,key-37,12
1775447224160,key-4,5195
1775447224160,key-3,646
1775447224162,key-25,286
1775447224162,key-37,16
1775447224169,key-37,23
1775447224174,key-37,28
1775447224174,key-14,72
1775447224174,key-25,298
1775447224175,key-10,2200
1775447224175,key-47,195
1775447224181,key-37,35
1775447224182,key-37,36
1775447224182,key-37,36
1775447224182,key-30,877
1775447224187,key-37,41
1775447224187,key-38,311
1775447224189,key-41,20
1775447224190,key-47,210
1775447224191,key-37,45
1775447224191,key-37,45
1775447224192,key-37,46
1775447224193,key-37,47
1775447224194,key-50,72
1775447224195,key-37,49
1775447224199,key-37,53
1775447224202,key-21,17
1775447224204,key-5,1620
1775447224205,key-42,290
1775447224212,key-36,246
1775447224212,key-37,66
1775447224218,key-37,72
1775447224219,key-38,343
1775447224219,key-37,73
1775447224219,key-38,343
1775447224220,key-29,803
1775447224220,key-37,74
1775447224221,key-24,148
1775447224223,key-27,639
1775447224224,key-44,659
1775447224224,key-36,258
1775447224226,key-37,80
1775447224227,key-27,643
1775447224230,key-27,646
1775447224231,key-48,2515
1775447224233,key-38,357
1775447224234,key-38,358
1775447224234,key-44,669
1775447224235,key-38,359
1775447224235,key-37,89
1775447224236,key-2,2005
1775447224238,key-24,165
1775447224242,key-44,677
1775447224243,key-2,2012
1775447224243,key-27,659
1775447224249,key-6,481
1775447224254,key-44,689
1775447224255,key-10,2280
1775447224257,key-44,692
1775447224258,key-37,112
1775447224258,key-27,674
1775447224259,key-44,694
1775447224263,key-10,2288
1775447224265,key-39,1218
1775447224266,key-33,271
1775447224267,key-2,2036
1775447224268,key-24,195
1775447224269,key-44,704
1775447224270,key-37,124
1775447224272,key-2,2041
1775447224273,key-35,35
1775447224275,key-27,691
1775447224277,key-10,2302
1775447224277,key-1,1088
1775447224279,key-3,765
1775447224282,key-39,1235
1775447224282,key-44,717
1775447224284,key-10,2309
1775447224284,key-5,1700
1775447224284,key-40,4352
1775447224286,key-24,213
1775447224299,key-45,2730
1775447224300,key-33,305
1775447224301,key-10,2326
1775447224301,key-2,2070
1775447224302,key-27,718
1775447224307,key-40,4375
1775447224308,key-37,162
1775447224319,key-22,6135
1775447224319,key-10,2344
1775447224319,key-40,4387
1775447224320,key-27,736
1775447224321,key-27,2
1775447224322,key-45,2753
1775447224322,key-40,4390
1775447224323,key-27,4
1775447224325,key-24,252
1775447224332,key-40,4400
1775447224333,key-2,2102
1775447224335,key-18,52
1775447224339,key-27,20
1775447224339,key-24,266
1775447224340,key-43,1713
1775447224342,key-27,23
1775447224347,key-12,424
1775447224349,key-43,1722
1775447224350,key-27,31
1775447224351,key-43,1724
1775447224352,key-27,33
1775447224359,key-18,76
1775447224363,key-18,80
1775447224364,key-36,34
1775447224364,key-24,291
1775447224364,key-27,45
1775447224369,key-43,1742
1775447224373,key-18,90
1775447224375,key-27,56
1775447224376,key-40,4444
1775447224378,key-24,305
1775447224383,key-47,403
1775447224385,key-33,390
1775447224390,key-25,41
1775447224391,key-43,1764
1775447224397,key-25,48
1775447224398,key-43,1771
1775447224399,key-31,1258
1775447224399,key-12,476
1775447224404,key-18,121
1775447224406,key-25,57
1775447224410,key-27,91
1775447224411,key-18,128
1775447224420,key-43,1793
1775447224420,key-40,4488
1775447224423,key-32,525
1775447224424,key-22,19
1775447224427,key-2,2196
1775447224430,key-25,81
1775447224431,key-5,1847
1775447224434,key-2,2203
1775447224434,key-22,29
1775447224437,key-2,2206
1775447224439,key-5,1855
1775447224444,key-19,445
1775447224444,key-43,1817
1775447224445,key-25,96
1775447224448,key-22,43
1775447224460,key-22,55
1775447224460,key-25,111
1775447224462,key-27,143
1775447224463,key-22,58
1775447224469,key-25,120
1775447224473,key-22,68
1775447224475,key-22,70
1775447224477,key-22,72
1775447224488,key-2,2257
1775447224488,key-22,83
1775447224492,key-22,87
1775447224494,key-2,2263
1775447224496,key-22,91
1775447224503,key-25,154
1775447224506,key-22,101
1775447224508,key-16,464
1775447224510,key-22,105
1775447224512,key-22,107
1775447224513,key-16,469
1775447224516,key-22,111
1775447224521,key-22,116
1775447224522,key-25,173
1775447224524,key-22,119
1775447224525,key-22,120
1775447224526,key-8,3476
1775447224531,key-22,126
1775447224532,key-22,127
1775447224533,key-22,128
1775447224539,key-32,641
1775447224539,key-43,1912
1775447224549,key-22,144
1775447224549,key-22,144
1775447224550,key-6,58
1775447224550,key-28,493
1775447224552,key-18,269
1775447224553,key-45,2984
1775447224556,key-8,3506
1775447224563,key-22,158
1775447224565,key-6,73
1775447224566,key-8,3516
1775447224579,key-22,174
1775447224579,key-22,174
1775447224585,key-45,3016
1775447224586,key-22,181
1775447224587,key-43,1960
1775447224590,key-25,241
1775447224591,key-8,3541
1775447224592,key-32,694
1775447224593,key-8,3543
1775447224599,key-27,280
1775447224601,key-5,110
1775447224605,key-37,459
1775447224620,key-22,215
1775447224621,key-39,1574
1775447224625,key-8,3575
1775447224625,key-45,3056
1775447224627,key-39,1580
1775447224627,key-22,222
1775447224638,key-29,1221
1775447224640,key-4,5675
1775447224641,key-39,1594
1775447224647,key-39,1600
1775447224663,key-16,619
1775447224664,key-22,259
1775447224664,key-4,5699
1775447224665,key-22,260
1775447224665,key-26,543
1775447224666,key-22,261
1775447224671,key-8,28
1775447224676,key-45,3106
1775447224677,key-8,34
1775447224680,key-8,37
1775447224688,key-8,45
1775447224693,key-28,636
1775447224699,key-32,33
1775447224701,key-26,579
1775447224702,key-47,722
1775447224704,key-28,647
1775447224705,key-32,39
1775447224706,key-28,649
1775447224711,key-26,589
1775447224716,key-5,24
1775447224727,key-28,670
1775447224728,key-6,236
1775447224728,key-32,62
1775447224729,key-5,37
1775447224729,key-8,86
1775447224730,key-28,673
1775447224732,key-25,35
1775447224733,key-32,67
1775447224740,key-8,97
1775447224741,key-8,98
1775447224742,key-8,99
1775447224745,key-32,79
1775447224773,key-26,651
1775447224773,key-32,107
1775447224776,key-12,49
1775447224777,key-47,797
1775447224777,key-5,85
1775447224777,key-40,4845
1775447224778,key-1,1589
1775447224778,key-8,135
1775447224778,key-32,112
1775447224778,key-5,86
1775447224778,key-32,112
1775447224779,key-32,113
1775447224779,key-4,5814
1775447224779,key-25,82
1775447224779,key-32,113
1775447224780,key-8,137
1775447224780,key-40,4848
1775447224793,key-1,1604
1775447224793,key-33,798
1775447224794,key-32,128
1775447224797,key-33,802
1775447224805,key-4,5840
1775447224806,key-19,807
1775447224806,key-32,140
1775447224807,key-4,5842
1775447224809,key-32,143
1775447224809,key-5,117
1775447224810,key-47,18
1775447224815,key-5,123
1775447224821,key-32,155
1775447224821,key-40,4889
1775447224821,key-48,19
1775447224821,key-9,2343
1775447224821,key-5,129
1775447224827,key-13,1248
1775447224828,key-7,301
1775447224832,key-8,189
1775447224835,key-13,1256
1775447224835,key-50,637
1775447224835,key-40,4903
1775447224835,key-40,4903
1775447224837,key-40,4905
1775447224838,key-31,1697
1775447224838,key-32,172
1775447224838,key-48,36
1775447224847,key-1,1658
1775447224848,key-32,182
1775447224849,key-31,1708
1775447224851,key-48,49
1775447224853,key-31,1712
1775447224855,key-50,657
1775447224857,key-50,659
1775447224863,key-13,1284
1775447224863,key-1,1674
1775447224866,key-27,547
1775447224866,key-31,1725
1775447224868,key-40,4936
1775447224874,key-32,208
1775447224875,key-17,3726
1775447224876,key-40,4944
1775447224876,key-31,1735
1775447224876,key-20,2343
1775447224877,key-50,679
1775447224883,key-40,4951
1775447224884,key-31,1743
1775447224885,key-19,886
1775447224886,key-38,19
1775447224886,key-14,784
1775447224887,key-36,95
1775447224889,key-19,890
1775447224891,key-38,24
1775447224891,key-18,608
1775447224893,key-27,574
1775447224896,key-40,4964
1775447224896,key-31,1755
1775447224897,key-41,728
1775447224898,key-18,615
1775447224902,key-25,205
1775447224910,key-36,118
1775447224910,key-40,4978
1775447224910,key-40,4978
1775447224911,key-17,3762
1775447224912,key-31,1771
1775447224915,key-17,3766
1775447224916,key-19,917
1775447224917,key-19,918
1775447224917,key-10,2942
1775447224918,key-22,3
1775447224918,key-36,126
1775447224919,key-3,25
1775447224919,key-38,52
1775447224923,key-30,12
1775447224930,key-41,761
1775447224932,key-24,859
1775447224935,key-31,1794
1775447224936,key-19,937
1775447224936,key-1,1747
1775447224937,key-24,864
1775447224938,key-36,146
1775447224939,key-30,28
1775447224941,key-19,942
1775447224946,key-18,663
1775447224947,key-38,80
1775447224951,key-19,952
1775447224953,key-1,1764
1775447224959,key-38,92
1775447224959,key-18,676
1775447224959,key-41,790
1775447224959,key-18,676
1775447224961,key-18,678
1775447224962,key-33,967
1775447224965,key-36,173
1775447224968,key-41,799
1775447224971,key-10,2996
1775447224972,key-10,2997
1775447224973,key-4,2
1775447224973,key-36,181
1775447224974,key-18,691
1775447224974,key-39,1927
1775447224975,key-41,806
1775447224975,key-7,114
1775447224979,key-36,187
1775447224986,key-6,494
1775447224987,key-36,195
1775447224987,key-36,195
1775447224992,key-39,1945
1775447224993,key-7,132
1775447224994,key-39,1947
1775447224996,key-36,204
1775447224996,key-49,146
1775447224996,key-37,850
1775447224997,key-4,26
1775447224998,key-7,137
1775447224999,key-10,3024
1775447224999,key-10,3024
1775447225000,key-14,898
1775447225001,key-6,509
1775447225010,key-39,1963
1775447225011,key-49,161
1775447225012,key-4,41
1775447225013,key-3,11
1775447225013,key-50,815
1775447225015,key-39,1968
1775447225015,key-36,223
1775447225016,key-10,3041
1775447225016,key-28,959
1775447225017,key-6,525
1775447225018,key-36,226
1775447225018,key-10,3043
1775447225021,key-4,50
1775447225022,key-28,965
1775447225024,key-10,3049
1775447225029,key-10,3054
1775447225033,key-3,30
1775447225034,key-24,961
1775447225038,key-28,981
1775447225039,key-4,68
1775447225041,key-3,39
1775447225047,key-3,45
1775447225047,key-10,3072
1775447225047,key-36,255
1775447225048,key-3,46
1775447225049,key-32,383
1775447225049,key-50,851
1775447225050,key-39,2003
1775447225050,key-14,948
1775447225050,key-23,1315
1775447225050,key-28,993
1775447225051,key-50,853
1775447225061,key-24,988
1775447225062,key-50,864
1775447225062,key-39,2
1775447225065,key-10,3090
1775447225066,key-46,29
1775447225069,key-3,67
1775447225070,key-10,3095
1775447225070,key-36,278
1775447225070,key-7,209
1775447225071,key-10,3096
1775447225072,key-23,1337
1775447225074,key-35,836
1775447225075,key-46,38
1775447225075,key-10,3100
1775447225076,key-8,433
1775447225076,key-10,3101
1775447225077,key-8,434
1775447225077,key-17,3928
1775447225077,key-10,3102
1775447225087,key-10,3112
1775447225087,key-36,295
1775447225088,key-10,3113
1775447225090,key-7,229
1775447225092,key-2,6
1775447225093,key-5,401
1775447225098,key-17,3949
1775447225099,key-36,307
1775447225102,key-20,155
1775447225103,key-36,311
1775447225103,key-23,1368
1775447225104,key-32,438
1775447225104,key-35,866
1775447225104,key-33,1109
1775447225108,key-14,1006
1775447225109,key-41,940
1775447225109,key-43,2482
1775447225111,key-23,1376
1775447225112,key-32,446
1775447225112,key-2,26
1775447225114,key-35,876
1775447225115,key-36,323
1775447225116,key-11,145
1775447225117,key-32,451
1775447225121,key-2,35
1775447225122,key-2,36
1775447225122,key-36,330
1775447225122,key-11,151
1775447225123,key-14,1021
1775447225124,key-32,458
1775447225125,key-14,1023
1775447225126,key-36,334
1775447225126,key-11,155
1775447225128,key-32,462
1775447225135,key-11,164
1775447225141,key-18,858
1775447225141,key-2,55
1775447225142,key-37,996
1775447225144,key-11,173
1775447225145,key-10,3170
1775447225149,key-50,951
1775447225151,key-36,359
1775447225151,key-18,868
1775447225152,key-11,181
1775447225152,key-44,12
1775447225155,key-36,363
1775447225157,key-11,186
1775447225160,key-18,877
1775447225161,key-11,190
1775447225165,key-13,1586
1775447225168,key-12,216
1775447225168,key-36,376
1775447225169,key-37,1023
1775447225170,key-11,199
1775447225171,key-11,200
1775447225172,key-45,30
1775447225173,key-27,854
1775447225173,key-36,381
1775447225178,key-13,1599
1775447225183,key-44,43
1775447225184,key-11,213
1775447225185,key-18,902
1775447225186,key-11,215
1775447225186,key-24,1113
1775447225187,key-11,216
1775447225192,key-11,221
1775447225192,key-11,221
1775447225192,key-39,132
1775447225193,key-39,133
1775447225195,key-36,403
1775447225195,key-11,224
1775447225202,key-36,410
1775447225202,key-11,231
1775447225203,key-50,33
1775447225203,key-27,884
1775447225203,key-11,232
1775447225207,key-36,415
1775447225207,key-40,5275
1775447225210,key-45,68
1775447225212,key-24,1139
1775447225213,key-11,242
1775447225213,key-24,1140
1775447225214,key-11,243
1775447225214,key-44,74
1775447225217,key-45,75
1775447225219,key-36,427
1775447225219,key-50,49
1775447225221,key-36,429
1775447225221,key-11,250
1775447225223,key-50,53
1775447225224,key-36,432
1775447225225,key-24,1152
1775447225227,key-3,225
1775447225227,key-27,908
1775447225228,key-42,245
1775447225228,key-36,436
1775447225236,key-6,744
1775447225238,key-20,291
1775447225241,key-4,107
1775447225242,key-24,1169
1775447225242,key-24,1169
1775447225243,key-27,924
1775447225244,key-45,102
1775447225244,key-39,184
1775447225245,key-24,1172
1775447225247,key-45,105
1775447225247,key-36,455
1775447225248,key-22,333
1775447225249,key-24,1176
1775447225252,key-37,1106
1775447225253,key-42,270
1775447225254,key-27,935
1775447225254,key-10,3279
1775447225254,key-27,935
1775447225259,key-7,27
1775447225261,key-27,942
1775447225262,key-39,202
1775447225263,key-27,944
1775447225263,key-37,1117
1775447225264,key-19,1265
1775447225265,key-31,186
1775447225266,key-27,947
1775447225266,key-45,124
1775447225266,key-36,474
1775447225266,key-23,1531
1775447225268,key-10,3293
1775447225269,key-27,950
1775447225270,key-39,210
1775447225271,key-43,59
1775447225273,key-37,1127
1775447225275,key-32,609
1775447225276,key-23,1541
1775447225276,key-27,957
1775447225278,key-19,1279
1775447225279,key-4,145
1775447225286,key-11,315
1775447225286,key-50,54
1775447225289,key-23,1554
1775447225290,key-10,3315
1775447225291,key-23,1556
1775447225293,key-37,1147
1775447225293,key-32,627
1775447225293,key-36,501
1775447225294,key-4,160
1775447225297,key-39,237
1775447225298,key-23,1563
1775447225299,key-21,332
1775447225299,key-27,980
1775447225300,key-10,3325
1775447225301,key-45,159
1775447225302,key-27,983
1775447225304,key-39,244
1775447225308,key-9,2830
1775447225312,key-39,252
1775447225313,key-9,2835
1775447225313,key-10,3338
1775447225315,key-27,996
1775447225315,key-4,181
1775447225317,key-39,257
1775447225317,key-23,1582
1775447225318,key-36,526
1775447225319,key-10,3344
1775447225321,key-27,1002
1775447225322,key-9,2844
1775447225323,key-10,3348
1775447225324,key-14,1222
1775447225330,key-4,196
1775447225331,key-45,189
1775447225337,key-19,1338
1775447225337,key-2,251
1775447225341,key-9,2863
1775447225341,key-4,207
1775447225342,key-9,2864
1775447225342,key-10,3367
1775447225345,key-10,3370
1775447225347,key-9,2869
1775447225349,key-39,289
1775447225349,key-9,2871
1775447225349,key-10,3374
1775447225351,key-4,217
1775447225351,key-45,209
1775447225351,key-33,65
1775447225352,key-45,210
1775447225354,key-15,2547
1775447225358,key-4,224
1775447225359,key-4,225
1775447225364,key-10,3389
1775447225364,key-33,78
1775447225368,key-42,385
1775447225368,key-49,518
1775447225368,key-20,421
1775447225369,key-10,3394
1775447225369,key-33,83
1775447225370,key-4,236
1775447225371,key-45,229
1775447225373,key-10,3398
1775447225374,key-29,1957
1775447225376,key-19,20
1775447225376,key-45,234
1775447225376,key-42,393
1775447225387,key-4,253
1775447225388,key-29,1971
1775447225388,key-45,246
1775447225388,key-25,691
1775447225389,key-38,24
1775447225389,key-20,442
1775447225390,key-10,3415
1775447225393,key-10,3418
1775447225393,key-14,1291
1775447225394,key-20,447
1775447225395,key-45,253
1775447225395,key-32,729
1775447225396,key-42,413
1775447225399,key-31,320
1775447225402,key-20,455
1775447225404,key-11,433
1775447225405,key-4,271
1775447225405,key-27,1086
1775447225406,key-42,423
1775447225406,key-31,327
1775447225407,key-30,496
1775447225407,key-23,1672
1775447225407,key-18,1124
1775447225408,key-10,3433
1775447225409,key-25,712
1775447225410,key-31,331
1775447225410,key-36,8
1775447225412,key-36,10
1775447225417,key-23,1682
1775447225420,key-15,2613
1775447225423,key-11,452
1775447225425,key-3,6
1775447225429,key-36,27
1775447225430,key-8,787
1775447225434,key-36,32
1775447225435,key-5,131
1775447225435,key-36,33
1775447225437,key-36,35
1775447225437,key-23,1702
1775447225437,key-3,18
1775447225438,key-23,1703
1775447225439,key-45,297
1775447225439,key-26,1317
1775447225441,key-36,39
1775447225444,key-36,42
1775447225445,key-33,26
1775447225445,key-22,12
1775447225445,key-3,26
1775447225448,key-3,29
1775447225449,key-36,47
1775447225450,key-40,5518
1775447225450,key-3,31
1775447225452,key-36,50
1775447225456,key-23,1721
1775447225462,key-23,1727
1775447225462,key-37,1316
1775447225463,key-46,426
1775447225464,key-36,62
1775447225465,key-33,46
1775447225467,key-27,1148
1775447225468,key-36,66
1775447225469,key-37,1323
1775447225470,key-36,68
1775447225471,key-27,1152
1775447225472,key-36,70
1775447225476,key-36,74
1775447225478,key-30,567
1775447225478,key-36,76
1775447225478,key-32,11
1775447225479,key-3,60
1775447225479,key-47,687
1775447225479,key-36,77
1775447225479,key-32,12
1775447225484,key-27,1165
1775447225488,key-27,1169
1775447225489,key-32,22
1775447225489,key-36,87
1775447225489,key-13,27
1775447225490,key-36,88
1775447225491,key-36,89
1775447225492,key-33,23
1775447225500,key-27,1181
1775447225501,key-47,709
1775447225501,key-30,590
1775447225503,key-22,11
1775447225503,key-36,101
1775447225504,key-9,3026
1775447225507,key-33,38
1775447225508,key-45,16
1775447225515,key-41,1346
1775447225516,key-36,114
1775447225517,key-12,565
1775447225517,key-45,25
1775447225517,key-36,115
1775447225517,key-25,820
1775447225518,key-27,1199
1775447225518,key-36,116
1775447225520,key-36,118
1775447225520,key-45,28
1775447225520,key-27,1201
1775447225520,key-38,155
1775447225522,key-12,570
1775447225522,key-5,5
1775447225523,key-45,31
1775447225527,key-46,59
1775447225532,key-44,392
1775447225532,key-36,130
1775447225533,key-31,454
1775447225534,key-36,132
1775447225535,key-12,583
1775447225535,key-39,475
1775447225536,key-8,893
1775447225536,key-4,402
1775447225538,key-46,70
1775447225539,key-8,896
1775447225540,key-18,1257
1775447225540,key-36,138
1775447225542,key-37,1396
1775447225544,key-44,404
1775447225545,key-47,753
1775447225546,key-8,903
1775447225546,key-45,54
1775447225547,key-45,55
1775447225554,key-8,911
1775447225555,key-4,421
1775447225555,key-23,1820
1775447225556,key-8,913
1775447225558,key-36,156
1775447225559,key-4,425
1775447225560,key-23,1825
1775447225560,key-12,608
1775447225561,key-4,427
1775447225562,key-36,160
1775447225562,key-4,428
1775447225564,key-47,772
1775447225567,key-37,1421
1775447225567,key-45,75
1775447225573,key-8,930
1775447225575,key-8,932
1775447225575,key-45,83
1775447225576,key-8,933
1775447225577,key-30,9
1775447225579,key-37,1433
1775447225580,key-8,937
1775447225580,key-45,88
1775447225582,key-30,14
1775447225582,key-50,350
1775447225582,key-15,14
1775447225583,key-13,121
1775447225584,key-19,228
1775447225584,key-4,450
1775447225585,key-30,17
1775447225589,key-45,97
1775447225590,key-13,128
1775447225590,key-30,22
1775447225591,key-8,948
1775447225593,key-8,950
1775447225594,key-45,102
1775447225595,key-26,1473
1775447225596,key-45,104
1775447225599,key-8,955
1775447225599,key-30,31
1775447225602,key-8,959
1775447225603,key-30,35
1775447225604,key-15,36
1775447225604,key-50,372
1775447225604,key-13,142
1775447225605,key-8,962
1775447225606,key-45,114
1775447225609,key-15,41
1775447225609,key-29,2192
1775447225617,key-14,148
1775447225618,key-28,1561
1775447225619,key-15,51
1775447225619,key-30,51
1775447225619,key-30,51
1775447225621,key-30,53
1775447225622,key-30,54
1775447225623,key-14,154
1775447225624,key-8,981
1775447225624,key-14,155
1775447225627,key-14,158
1775447225628,key-45,136
1775447225631,key-14,162
1775447225635,key-38,270
1775447225637,key-14,168
1775447225637,key-14,168
1775447225641,key-44,501
1775447225641,key-14,172
1775447225643,key-14,174
1775447225643,key-14,174
1775447225644,key-14,175
1775447225645,key-21,678
1775447225650,key-14,181
1775447225650,key-14,181
1775447225650,key-36,248
1775447225650,key-45,158
1775447225651,key-31,572
1775447225652,key-38,287
1775447225659,key-18,1376
1775447225659,key-14,190
1775447225659,key-38,294
1775447225659,key-14,190
1775447225660,key-31,581
1775447225662,key-45,13
1775447225664,key-14,195
1775447225664,key-18,1381
1775447225664,key-14,195
1775447225666,key-14,197
1775447225666,key-14,197
1775447225667,key-14,198
1775447225668,key-45,19
1775447225675,key-14,206
1775447225675,key-29,2258
1775447225675,key-14,206
1775447225675,key-14,206
1775447225675,key-14,206
1775447225675,key-22,183
1775447225679,key-11,63
1775447225680,key-22,188
1775447225681,key-36,279
1775447225686,key-4,20
1775447225689,key-29,2272
1775447225691,key-14,222
1775447225692,key-22,200
1775447225699,key-20,752
1775447225699,key-14,230
1775447225702,key-29,2285
1775447225702,key-24,1629
1775447225704,key-22,212
1775447225704,key-14,235
1775447225705,key-29,2288
1775447225706,key-5,32
1775447225706,key-29,2289
1775447225707,key-29,2290
1775447225720,key-14,251
1775447225720,key-14,251
1775447225721,key-36,319
1775447225721,key-37,1575
1775447225721,key-22,229
1775447225722,key-1,309
1775447225724,key-8,1081
1775447225727,key-22,235
1775447225727,key-5,53
1775447225727,key-12,775
1775447225728,key-22,236
1775447225730,key-14,261
1775447225732,key-1,319
1775447225736,key-13,274
1775447225737,key-12,785
1775447225740,key-29,2323
1775447225748,key-5,74
1775447225750,key-5,76
1775447225759,key-7,527
1775447225760,key-5,86
1775447225760,key-36,358
1775447225760,key-14,291
1775447225760,key-22,268
1775447225761,key-1,348
1775447225761,key-1,348
1775447225761,key-29,2344
1775447225761,key-36,359
1775447225761,key-22,269
1775447225761,key-22,269
1775447225762,key-20,815
1775447225762,key-5,88
1775447225762,key-12,810
1775447225762,key-30,194
1775447225763,key-5,89
1775447225767,key-22,275
1775447225770,key-5,96
1775447225771,key-22,279
1775447225772,key-22,280
1775447225775,key-45,126
1775447225775,key-42,140
1775447225777,key-20,830
1775447225777,key-36,375
1775447225784,key-22,292
1775447225787,key-12,835
1775447225787,key-15,219
1775447225789,key-29,2372
1775447225792,key-5,118
1775447225792,key-15,224
1775447225794,key-15,226
1775447225806,key-45,157
1775447225806,key-5,132
1775447225806,key-5,132
1775447225807,key-5,133
1775447225807,key-1,394
1775447225807,key-5,133
1775447225807,key-5,133
1775447225808,key-25,293
1775447225811,key-36,409
1775447225812,key-18,1529
1775447225812,key-15,244
1775447225813,key-26,1691
1775447225813,key-20,866
1775447225813,key-43,10
1775447225814,key-22,322
1775447225815,key-36,412
1775447225815,key-25,300
1775447225815,key-36,413
1775447225818,key-36,416
1775447225819,key-4,153
1775447225820,key-22,328
1775447225821,key-20,874
1775447225821,key-30,253
1775447225825,key-49,975
1775447225825,key-6,136
1775447225827,key-6,138
1775447225827,key-49,977
1775447225830,key-18,1547
1775447225831,key-33,362
1775447225835,key-22,343
1775447225835,key-6,146
1775447225836,key-44,696
1775447225837,key-49,987
1775447225838,key-24,1765
1775447225839,key-36,437
1775447225841,key-20,894
1775447225844,key-41,1675
1775447225845,key-8,1202
1775447225845,key-5,171
1775447225845,key-4,179
1775447225846,key-8,1203
1775447225847,key-49,997
1775447225847,key-6,158
1775447225847,key-4,181
1775447225851,key-18,1568
1775447225851,key-37,131
1775447225854,key-6,165
1775447225855,key-41,1686
1775447225856,key-3,437
1775447225858,key-44,718
1775447225863,key-44,723
1775447225863,key-6,174
1775447225863,key-44,723
1775447225865,key-6,176
1775447225866,key-5,192
1775447225870,key-40,5938
1775447225870,key-6,181
1775447225871,key-18,1588
1775447225875,key-6,186
1775447225875,key-6,186
1775447225877,key-37,157
1775447225877,key-6,188
1775447225881,key-41,1712
1775447225881,key-6,192
1775447225882,key-41,1713
1775447225882,key-6,193
1775447225882,key-4,216
1775447225884,key-44,744
1775447225892,key-40,5960
1775447225892,key-41,1723
1775447225893,key-33,424
1775447225893,key-5,219
1775447225893,key-6,204
1775447225894,key-44,754
1775447225895,key-6,206
1775447225896,key-24,1823
1775447225897,key-41,1728
1775447225898,key-44,758
1775447225899,key-44,759
1775447225903,key-6,214
1775447225903,key-41,1734
1775447225904,key-6,215
1775447225908,key-24,1835
1775447225910,key-6,221
1775447225917,key-44,777
1775447225917,key-6,228
1775447225918,key-44,778
1775447225919,key-41,1750
1775447225923,key-6,234
1775447225924,key-24,1851
1775447225926,key-44,786
1775447225927,key-6,238
1775447225928,key-24,1855
1775447225929,key-35,774
1775447225936,key-23,331
1775447225936,key-6,247
1775447225937,key-44,797
1775447225937,key-24,1864
1775447225937,key-6,248
1775447225939,key-44,799
1775447225943,key-44,803
1775447225945,key-24,1872
1775447225945,key-44,805
1775447225945,key-35,790
1775447225948,key-6,259
1775447225951,key-6,262
1775447225952,key-35,797
1775447225957,key-24,1884
1775447225958,key-16,763
1775447225958,key-41,1789
1775447225958,key-31,140
1775447225958,key-44,818
1775447225959,key-39,899
1775447225959,key-31,141
1775447225967,key-35,812
1775447225970,key-24,1897
1775447225970,key-44,830
1775447225976,key-41,17
1775447225977,key-12,1025
1775447225978,key-41,19
1775447225983,key-48,1181
1775447225985,key-31,167
1775447225989,key-31,171
1775447225989,key-24,1916
1775447225991,key-41,32
1775447225991,key-25,476
1775447225992,key-12,1040
1775447225992,key-12,1040
1775447225993,key-49,2
1775447226000,key-44,860
1775447226010,key-49,19
1775447226012,key-46,21
1775447226012,key-36,5
1775447226012,key-41,53
1775447226012,key-11,209
1775447226015,key-30,447
1775447226016,key-49,25
1775447226016,key-41,57
1775447226017,key-46,26
1775447226018,key-30,450
1775447226034,key-49,43
1775447226034,key-23,43
1775447226034,key-30,466
1775447226035,key-19,679
1775447226037,key-44,897
1775447226038,key-40,6106
1775447226040,key-49,49
1775447226040,key-41,81
1775447226041,key-20,1094
1775447226041,key-30,473
1775447226042,key-49,51
1775447226043,key-16,52
1775447226043,key-49,52
1775447226043,key-20,1096
1775447226045,key-46,54
1775447226057,key-46,66
1775447226057,key-30,489
1775447226058,key-40,6126
1775447226060,key-2,974
1775447226061,key-45,412
1775447226063,key-40,6131
1775447226065,key-44,925
1775447226073,key-46,82
1775447226075,key-44,935
1775447226078,key-40,6146
1775447226083,key-14,614
1775447226084,key-16,93
1775447226088,key-45,439
1775447226089,key-40,6157
1775447226090,key-40,6158
1775447226090,key-43,287
1775447226092,key-44,952
1775447226093,key-20,1146
1775447226094,key-7,862
1775447226095,key-44,955
1775447226096,key-31,278
1775447226101,key-16,110
1775447226111,key-44,971
1775447226111,key-8,1468
1775447226112,key-36,105
1775447226112,key-4,446
1775447226116,key-17,4967
1775447226116,key-16,125
1775447226117,key-12,1165
1775447226122,key-17,4973
1775447226122,key-40,6190
1775447226125,key-44,985
1775447226128,key-4,462
1775447226128,key-36,121
1775447226130,key-16,139
1775447226132,key-38,27
1775447226133,key-16,142
1775447226134,key-14,665
1775447226135,key-36,128
1775447226138,key-16,147
1775447226142,key-16,151
1775447226152,key-49,14
1775447226153,key-17,5004
1775447226153,key-38,48
1775447226154,key-40,6222
1775447226154,key-4,488
1775447226154,key-12,1202
1775447226156,key-43,353
1775447226157,key-39,1097
1775447226159,key-44,1019
1775447226161,key-35,65
1775447226168,key-40,6236
1775447226179,key-38,74
1775447226179,key-16,188
1775447226180,key-46,189
1775447226183,key-2,14
1775447226191,key-17,5042
1775447226192,key-15,624
1775447226192,key-44,1052
1775447226193,key-49,55
1775447226195,key-16,204
1775447226197,key-13,36
1775447226199,key-13,38
1775447226202,key-22,710
1775447226204,key-17,5055
1775447226206,key-44,1066
1775447226210,key-47,1418
1775447226212,key-44,1072
1775447226214,key-21,1247
1775447226221,key-17,5072
1775447226222,key-2,53
1775447226222,key-2,53
1775447226223,key-23,136
1775447226224,key-2,55
1775447226227,key-2,58
1775447226228,key-44,1088
1775447226229,key-16,238
1775447226234,key-13,73
1775447226235,key-44,1095
1775447226235,key-2,66
1775447226245,key-44,1105
1775447226248,key-44,1108
1775447226250,key-44,1110
1775447226251,key-2,82
1775447226253,key-49,115
1775447226255,key-10,4280
1775447226257,key-44,1117
1775447226260,key-34,122
1775447226264,key-2,95
1775447226266,key-45,17
1775447226272,key-44,1132
1775447226273,key-7,1041
1775447226273,key-44,1133
1775447226274,key-44,1134
1775447226277,key-44,1137
1775447226279,key-6,43
1775447226280,key-36,273
1775447226280,key-49,142
1775447226281,key-44,1141
1775447226285,key-36,278
1775447226287,key-7,1055
1775447226288,key-6,52
1775447226299,key-48,1496
1775447226299,key-34,161
1775447226300,key-44,1160
1775447226305,key-33,836
1775447226306,key-5,27
1775447226306,key-44,1166
1775447226307,key-5,28
1775447226308,key-5,29
1775447226308,key-24,2235
1775447226317,key-37,597
1775447226317,key-44,1177
1775447226319,key-8,1676
1775447226321,key-24,2248
1775447226324,key-19,968
1775447226326,key-12,1374
1775447226331,key-1,26
1775447226331,key-7,1099
1775447226332,key-22,840
1775447226332,key-16,341
1775447226332,key-27,2013
1775447226335,key-39,1275
1775447226353,key-12,1401
1775447226355,key-37,635
1775447226356,key-12,1404
1775447226356,key-39,1296
1775447226359,key-37,639
1775447226364,key-7,1132
1775447226365,key-25,850
1775447226367,key-37,647
1775447226371,key-19,1015
1775447226371,key-47,105
1775447226374,key-12,1422
1775447226378,key-9,11
1775447226380,key-50,1148
1775447226383,key-49,245
1775447226385,key-18,2102
1775447226386,key-49,248
1775447226390,key-49,252
1775447226397,key-9,30
1775447226399,key-6,3
1775447226400,key-6,4
1775447226402,key-6,6
1775447226407,key-11,604
1775447226408,key-27,2089
1775447226410,key-49,272
1775447226413,key-6,17
1775447226413,key-33,944
1775447226415,key-22,923
1775447226415,key-43,612
1775447226421,key-6,25
1775447226421,key-13,260
1775447226422,key-49,284
1775447226433,key-49,295
1775447226434,key-18,2151
1775447226434,key-14,965
1775447226437,key-43,634
1775447226437,key-33,968
1775447226438,key-38,333
1775447226442,key-43,639
1775447226448,key-26,327
1775447226448,key-6,52
1775447226449,key-11,646
1775447226452,key-33,983
1775447226455,key-22,963
1775447226455,key-22,963
1775447226463,key-14,994
1775447226464,key-43,661
1775447226464,key-26,343
1775447226465,key-43,662
1775447226465,key-14,996
1775447226465,key-22,973
1775447226469,key-18,2186
1775447226471,key-14,1002
1775447226472,key-14,1003
1775447226474,key-43,671
1775447226476,key-40,12
1775447226478,key-26,357
1775447226478,key-43,675
1775447226479,key-4,318
1775447226484,key-26,363
1775447226485,key-14,1016
1775447226485,key-14,1016
1775447226488,key-17,5339
1775447226491,key-40,27
1775447226491,key-43,688
1775447226494,key-3,1075
1775447226494,key-30,926
1775447226495,key-26,374
1775447226500,key-14,1031
1775447226504,key-43,701
1775447226509,key-43,706
1775447226513,key-14,1044
1775447226513,key-14,1044
1775447226517,key-7,21
1775447226518,key-43,715
1775447226519,key-26,398
1775447226520,key-40,17
1775447226522,key-36,515
1775447226523,key-22,27
1775447226525,key-18,2242
1775447226526,key-36,519
1775447226526,key-3,1107
1775447226528,key-18,2245
1775447226528,key-37,2
1775447226529,key-6,22
1775447226532,key-37,6
1775447226533,key-6,26
1775447226534,key-36,527
1775447226548,key-14,1079
1775447226549,key-49,11
1775447226549,key-49,11
1775447226550,key-49,12
1775447226551,key-20,1604
1775447226558,key-10,2
1775447226561,key-49,23
1775447226561,key-33,1092
1775447226562,key-6,55
1775447226562,key-4,401
1775447226565,key-37,39
1775447226565,key-26,444
1775447226569,key-49,31
1775447226570,key-49,32
1775447226572,key-49,34
1775447226573,key-24,2500
1775447226574,key-33,1105
1775447226575,key-49,37
1775447226577,key-20,1630
1775447226577,key-50,48
1775447226577,key-49,39
1775447226579,key-20,1632
1775447226582,key-36,575
1775447226583,key-33,1114
1775447226584,key-10,28
1775447226584,key-10,28
1775447226585,key-20,1638
1775447226587,key-9,220
1775447226587,key-4,426
1775447226592,key-33,1123
1775447226595,key-20,1648
1775447226602,key-33,1133
1775447226602,key-20,1655
1775447226605,key-36,598
1775447226607,key-9,240
1775447226607,key-20,1660
1775447226608,key-33,1139
1775447226608,key-40,105
1775447226609,key-20,1662
1775447226614,key-15,1046
1775447226615,key-20,1668
1775447226615,key-23,528
1775447226616,key-8,1973
1775447226617,key-33,1148
1775447226618,key-8,1975
1775447226620,key-15,1052
1775447226623,key-20,1676
1775447226626,key-33,1157
1775447226626,key-27,2307
1775447226635,key-33,1166
1775447226635,key-8,1992
1775447226635,key-50,106
1775447226643,key-20,1696
1775447226644,key-18,2361
1775447226646,key-20,1699
1775447226646,key-20,1699
1775447226648,key-20,1701
1775447226648,key-33,1179
1775447226652,key-33,1183
1775447226652,key-22,156
1775447226652,key-15,1084
1775447226656,key-15,1088
1775447226657,key-20,1710
1775447226658,key-15,1090
1775447226659,key-25,1144
1775447226667,key-20,1720
1775447226668,key-21,236
1775447226669,key-15,1101
1775447226670,key-10,26
1775447226673,key-29,40
1775447226673,key-15,1105
1775447226674,key-50,145
1775447226674,key-20,1727
1775447226674,key-21,242
1775447226676,key-5,336
1775447226677,key-15,1109
1775447226678,key-16,687
1775447226678,key-33,1209
1775447226680,key-5,340
1775447226681,key-9,314
1775447226682,key-27,2363
1775447226683,key-29,50
1775447226685,key-13,524
1775447226685,key-50,156
1775447226688,key-40,185
1775447226700,key-24,27
1775447226700,key-13,539
1775447226701,key-13,540
1775447226701,key-40,198
1775447226702,key-50,173
1775447226702,key-40,199
1775447226703,key-9,336
1775447226704,key-22,20
1775447226706,key-27,2387
1775447226708,key-22,24
1775447226711,key-4,550
1775447226713,key-8,2070
1775447226720,key-27,2401
1775447226720,key-24,47
1775447226721,key-13,560
1775447226721,key-9,354
1775447226725,key-13,564
1775447226725,key-22,41
1775447226727,key-36,720
1775447226727,key-22,43
1775447226729,key-34,13
1775447226733,key-22,49
1775447226735,key-13,574
1775447226735,key-10,65
1775447226737,key-16,4
1775447226737,key-22,53
1775447226749,key-22,65
1775447226750,key-22,66
1775447226750,key-24,77
1775447226750,key-10,80
1775447226751,key-22,67
1775447226752,key-16,19
1775447226755,key-12,1803
1775447226759,key-34,43
1775447226764,key-33,1295
1775447226764,key-13,603
1775447226765,key-48,1963
1775447226768,key-48,1966
1775447226768,key-22,84
1775447226770,key-11,14
1775447226779,key-21,22
1775447226779,key-22,95
1775447226780,key-22,96
1775447226783,key-48,1981
1775447226835,key-49,62
1775447226835,key-22,151
1775447226848,key-48,2046
1775447226848,key-13,687
1775447226848,key-48,2046
1775447226849,key-24,176
1775447226849,key-7,353
1775447226849,key-16,116
1775447226850,key-31,1032
1775447226850,key-8,77
1775447226850,key-11,94
1775447226850,key-21,93
1775447226851,key-11,95
1775447226851,key-11,95
1775447226851,key-10,181
1775447226851,key-22,167
1775447226851,key-17,5702
1775447226851,key-22,26
1775447226852,key-13,691
1775447226852,key-36,845
1775447226858,key-31,1040
1775447226859,key-36,852
1775447226865,key-40,362
1775447226866,key-22,41
1775447226867,key-11,111
1775447226867,key-14,14
1775447226867,key-36,860
1775447226870,key-10,18
1775447226871,key-36,864
1775447226874,key-14,21
1775447226876,key-36,869
1775447226878,key-13,717
1775447226881,key-14,28
1775447226881,key-22,56
1775447226883,key-36,876
1775447226884,key-36,877
1775447226884,key-31,1066
1775447226885,key-23,798
1775447226885,key-20,1938
1775447226885,key-1,580
1775447226886,key-13,725
1775447226887,key-36,880
1775447226888,key-14,35
1775447226888,key-13,727
1775447226891,key-16,158
1775447226894,key-14,41
1775447226896,key-23,809
1775447226897,key-15,15
1775447226898,key-26,3
1775447226899,key-13,738
1775447226901,key-9,53
1775447226902,key-14,49
1775447226903,key-16,170
1775447226905,key-13,744
1775447226906,key-23,819
1775447226907,key-16,174
1775447226909,key-35,468
1775447226911,key-26,16
1775447226919,key-26,24
1775447226919,key-13,758
1775447226919,key-16,186
1775447226923,key-15,23
1775447226923,key-26,28
1775447226923,key-13,762
1775447226924,key-35,483
1775447226925,key-16,192
1775447226929,key-13,768
1775447226932,key-26,37
1775447226932,key-7,436
1775447226932,key-13,771
1775447226933,key-41,581
1775447226935,key-35,494
1775447226940,key-33,1471
1775447226941,key-35,499
1775447226941,key-43,1138
1775447226943,key-35,502
1775447226946,key-23,19
1775447226947,key-13,786
1775447226947,key-13,786
1775447226949,key-7,453
1775447226949,key-18,6
1775447226950,key-35,509
1775447226950,key-18,7
1775447226955,key-26,60
1775447226955,key-18,12
1775447226958,key-35,517
1775447226960,key-18,17
1775447226961,key-11,78
1775447226964,key-29,331
1775447226964,key-18,5
1775447226966,key-18,7
1775447226966,key-19,23
1775447226967,key-35,526
1775447226970,key-23,43
1775447226970,key-18,11
1775447226971,key-38,18
1775447226973,key-18,14
1775447226974,key-21,6
1775447226975,key-35,534
1775447226976,key-26,81
1775447226977,key-18,18
1775447226979,key-18,20
1775447226980,key-18,21
1775447226982,key-26,87
1775447226983,key-18,24
1775447226983,key-2,13
1775447226984,key-19,41
1775447226987,key-26,92
1775447226987,key-18,28
1775447226990,key-15,90
1775447226991,key-2,21
1775447226992,key-21,24
1775447226993,key-23,66
1775447226995,key-12,2043
1775447226995,key-21,27
1775447226995,key-17,5846
1775447226996,key-38,43
1775447226997,key-35,556
1775447227001,key-2,31
1775447227001,key-18,42
1775447227009,key-13,848
1775447227009,key-15,109
1775447227011,key-18,52
1775447227011,key-19,68
1775447227011,key-2,41
1775447227011,key-21,43
1775447227014,key-18,55
1775447227014,key-26,119
1775447227014,key-13,853
1775447227015,key-19,72
1775447227015,key-23,88
1775447227018,key-15,118
1775447227018,key-15,118
1775447227018,key-5,678
1775447227018,key-18,59
1775447227019,key-12,2067
1775447227023,key-20,96
1775447227026,key-35,585
1775447227030,key-5,690
1775447227031,key-13,870
1775447227032,key-35,591
1775447227033,key-23,106
1775447227033,key-12,2081
1775447227034,key-18,75
1775447227034,key-2,64
1775447227034,key-26,139
1775447227035,key-2,65
1775447227036,key-20,109
1775447227037,key-47,771
1775447227044,key-43,1241
1775447227047,key-20,120
1775447227048,key-12,2096
1775447227048,key-22,223
1775447227049,key-35,608
1775447227052,key-20,125
1775447227052,key-12,2100
1775447227059,key-13,898
1775447227059,key-35,618
1775447227063,key-2,93
1775447227063,key-2,93
1775447227064,key-20,137
1775447227065,key-29,24
1775447227066,key-12,2114
1775447227070,key-34,142
1775447227071,key-20,144
1775447227072,key-20,145
1775447227072,key-10,5
1775447227073,key-42,1438
1775447227075,key-10,8
1775447227079,key-35,638
1775447227080,key-31,1262
1775447227081,key-10,14
1775447227081,key-47,815
1775447227081,key-8,308
1775447227086,key-20,159
1775447227143,key-39,2083
1775447227146,key-10,79
1775447227146,key-23,219
1775447227146,key-12,2194
1775447227146,key-41,794
1775447227147,key-47,881
1775447227147,key-35,706
1775447227147,key-47,881
1775447227147,key-41,795
1775447227148,key-35,707
1775447227148,key-35,707
1775447227148,key-30,81
1775447227148,key-20,221
1775447227149,key-42,1514
1775447227150,key-44,2010
1775447227150,key-2,180
1775447227150,key-42,1515
1775447227151,key-2,181
1775447227158,key-25,7
1775447227159,key-39,2099
1775447227163,key-2,193
1775447227165,key-26,270
1775447227166,key-1,861
1775447227167,key-38,17
1775447227175,key-22,25
1775447227176,key-39,2116
1775447227179,key-22,29
1775447227179,key-12,2227
1775447227181,key-44,30
1775447227181,key-22,31
1775447227183,key-38,33
1775447227184,key-25,33
1775447227184,key-39,2124
1775447227185,key-24,512
1775447227187,key-22,37
1775447227187,key-39,2127
1775447227188,key-2,218
1775447227188,key-1,883
1775447227189,key-2,219
1775447227190,key-2,220
1775447227191,key-35,750
1775447227191,key-1,886
1775447227193,key-44,42
1775447227194,key-6,687
1775447227197,key-1,892
1775447227198,key-22,48
1775447227199,key-39,2139
1775447227201,key-2,231
1775447227203,key-22,53
1775447227205,key-2,235
1775447227206,key-22,56
1775447227206,key-18,57
1775447227207,key-1,902
1775447227207,key-39,2147
1775447227209,key-19,8
1775447227210,key-41,858
1775447227211,key-8,438
1775447227216,key-22,66
1775447227218,key-2,248
1775447227219,key-22,69
1775447227220,key-39,2160
1775447227221,key-22,71
1775447227223,key-19,22
1775447227223,key-18,5
1775447227223,key-41,871
1775447227224,key-38,74
1775447227226,key-19,25
1775447227227,key-19,26
1775447227228,key-47,58
1775447227229,key-22,79
1775447227231,key-22,81
1775447227233,key-23,306
1775447227234,key-29,193
1775447227235,key-22,85
1775447227237,key-39,2177
1775447227237,key-37,14
1775447227241,key-29,200
1775447227242,key-18,24
1775447227242,key-39,2182
1775447227243,key-21,275
1775447227244,key-22,94
1775447227244,key-15,344
1775447227245,key-19,44
1775447227248,key-39,2188
1775447227248,key-19,47
1775447227249,key-10,182
1775447227249,key-39,2189
1775447227250,key-19,49
1775447227251,key-29,210
1775447227251,key-19,50
1775447227253,key-29,212
1775447227255,key-29,214
1775447227256,key-35,815
1775447227259,key-17,6110
1775447227260,key-19,59
1775447227262,key-39,2202
1775447227263,key-39,2203
1775447227264,key-29,223
1775447227264,key-19,63
1775447227266,key-19,65
1775447227266,key-19,65
1775447227267,key-35,826
1775447227268,key-37,45
1775447227269,key-39,2209
1775447227269,key-30,1
1775447227270,key-19,69
1775447227271,key-18,53
1775447227272,key-35,831
1775447227272,key-17,6123
1775447227273,key-19,72
1775447227274,key-37,51
1775447227277,key-29,236
1775447227280,key-30,12
1775447227282,key-45,905
1775447227284,key-6,777
1775447227286,key-19,85
1775447227286,key-45,909
1775447227288,key-19,87
1775447227291,key-29,250
1775447227291,key-29,250
1775447227291,key-35,850
1775447227292,key-16,143
1775447227292,key-18,74
1775447227293,key-49,520
1775447227295,key-49,522
1775447227299,key-19,98
1775447227299,key-10,232
1775447227300,key-49,527
1775447227300,key-49,527
1775447227301,key-21,333
1775447227302,key-49,529
1775447227303,key-45,926
1775447227304,key-49,531
1775447227305,key-29,264
1775447227306,key-5,35
1775447227306,key-29,265
1775447227307,key-17,6158
1775447227308,key-49,535
1775447227309,key-45,932
1775447227311,key-49,538
1775447227312,key-18,94
1775447227314,key-43,1511
1775447227315,key-29,274
1775447227317,key-8,544
1775447227318,key-49,545
1775447227318,key-26,423
1775447227319,key-49,546
1775447227320,key-49,547
1775447227320,key-8,547
1775447227322,key-49,549
1775447227326,key-10,259
1775447227329,key-5,58
1775447227330,key-17,17
1775447227330,key-49,557
1775447227331,key-49,558
1775447227332,key-35,891
1775447227333,key-18,115
1775447227334,key-37,111
1775447227336,key-35,895
1775447227339,key-8,12
1775447227340,key-17,27
1775447227340,key-8,13
1775447227343,key-8,16
1775447227343,key-20,416
1775447227344,key-12,2392
1775447227344,key-35,903
1775447227345,key-35,904
1775447227347,key-12,2395
1775447227347,key-15,447
1775447227348,key-5,77
1775447227349,key-14,496
1775447227353,key-40,850
1775447227353,key-4,1192
1775447227355,key-4,1194
1775447227355,key-15,455
1775447227356,key-4,1195
1775447227356,key-28,213
1775447227357,key-20,430
1775447227361,key-14,508
1775447227361,key-20,434
1775447227364,key-49,591
1775447227367,key-20,440
1775447227367,key-14,514
1775447227369,key-13,1208
1775447227370,key-43,1567
1775447227373,key-14,520
1775447227374,key-15,474
1775447227374,key-22,224
1775447227375,key-20,448
1775447227378,key-30,110
1775447227378,key-50,7
1775447227381,key-29,340
1775447227381,key-20,454
1775447227382,key-4,1221
1775447227384,key-13,1223
1775447227386,key-42,1751
1775447227390,key-42,1755
1775447227391,key-42,1756
1775447227392,key-10,325
1775447227393,key-14,540
1775447227394,key-40,891
1775447227396,key-31,227
1775447227400,key-15,500
1775447227402,key-31,233
1775447227403,key-15,503
1775447227404,key-29,363
1775447227405,key-6,898
1775447227405,key-20,478
1775447227406,key-13,1245
1775447227406,key-28,263
1775447227406,key-4,1245
1775447227408,key-4,1247
1775447227408,key-13,1247
1775447227410,key-28,267
1775447227411,key-6,904
1775447227412,key-40,909
1775447227413,key-42,1778
1775447227415,key-31,246
1775447227416,key-31,247
1775447227417,key-6,910
1775447227418,key-50,47
1775447227420,key-31,251
1775447227423,key-20,496
1775447227425,key-42,1790
1775447227426,key-47,256
1775447227427,key-4,1266
1775447227427,key-49,35
1775447227427,key-20,500
1775447227430,key-26,535
1775447227433,key-46,1442
1775447227436,key-6,929
1775447227436,key-4,1275
1775447227437,key-40,7
1775447227437,key-4,1276
1775447227439,key-50,68
1775447227441,key-1,1136
1775447227445,key-47,275
1775447227452,key-50,81
1775447227454,key-26,559
1775447227455,key-40,25
1775447227455,key-20,18
1775447227455,key-47,285
1775447227455,key-4,1294
1775447227455,key-50,84
1775447227458,key-47,288
1775447227459,key-46,1468
1775447227460,key-46,1469
1775447227460,key-49,12
1775447227463,key-26,568
1775447227465,key-18,247
1775447227466,key-20,29
1775447227468,key-47,298
1775447227470,key-28,327
1775447227474,key-47,304
1775447227476,key-26,581
1775447227477,key-46,1486
1775447227477,key-18,259
1775447227478,key-26,583
1775447227479,key-9,631
1775447227480,key-9,632
1775447227481,key-26,586
1775447227481,key-7,985
1775447227481,key-26,586
1775447227487,key-7,991
1775447227488,key-24,815
1775447227488,key-20,51
1775447227488,key-16,14
1775447227488,key-9,640
1775447227489,key-7,993
1775447227490,key-7,994
1775447227490,key-46,1499
1775447227491,key-26,596
1775447227493,key-34,565
1775447227494,key-16,20
1775447227500,key-26,605
1775447227501,key-42,1866
1775447227502,key-46,1511
1775447227503,key-46,1512
1775447227504,key-10,53
1775447227504,key-1,1199
1775447227505,key-41,1153
1775447227507,key-7,1011
1775447227508,key-17,195
1775447227508,key-2,166
1775447227509,key-8,182
1775447227509,key-26,614
1775447227510,key-7,1014
1775447227515,key-7,1019
1775447227515,key-7,1019
1775447227516,key-46,1525
1775447227518,key-47,348
1775447227520,key-40,90
1775447227522,key-2,180
1775447227524,key-46,1533
1775447227525,key-12,2573
1775447227526,key-46,1535
1775447227527,key-2,185
1775447227527,key-46,1536
1775447227528,key-46,1537
1775447227537,key-46,1546
1775447227537,key-6,1030
1775447227538,key-5,267
1775447227539,key-23,612
1775447227539,key-7,1043
1775447227541,key-6,1034
1775447227541,key-2,199
1775447227546,key-39,2486
1775447227549,key-7,1053
1775447227550,key-23,623
1775447227551,key-12,2599
1775447227551,key-12,2599
1775447227552,key-5,281
1775447227552,key-8,225
1775447227554,key-21,586
1775447227554,key-47,384
1775447227555,key-23,628
1775447227556,key-23,629
1775447227556,key-33,2087
1775447227557,key-43,1754
1775447227558,key-8,231
1775447227560,key-8,233
1775447227563,key-21,595
1775447227565,key-43,1762
1775447227567,key-21,599
1775447227570,key-3,2151
1775447227577,key-21,609
1775447227577,key-38,427
1775447227577,key-9,7
1775447227578,key-5,4
1775447227580,key-40,150
1775447227581,key-15,681
1775447227583,key-37,360
1775447227583,key-9,13
1775447227584,key-33,2115
1775447227585,key-33,2116
1775447227594,key-5,20
1775447227594,key-15,694
1775447227594,key-15,694
1775447227598,key-5,24
1775447227600,key-28,52
1775447227600,key-38,450
1775447227606,key-35,50
1775447227607,key-44,456
1775447227607,key-40,177
1775447227607,key-10,156
1775447227608,key-5,34
1775447227609,key-34,681
1775447227612,key-31,443
1775447227614,key-22,464
1775447227614,key-31,445
1775447227618,key-24,945
1775447227618,key-44,467
1775447227619,key-33,2150
1775447227620,key-31,451
1775447227622,key-10,171
1775447227624,key-22,474
1775447227625,key-44,474
1775447227625,key-38,475
1775447227627,key-34,699
1775447227627,key-7,1131
1775447227629,key-9,59
1775447227631,key-10,180
1775447227639,key-18,421
1775447227640,key-34,712
1775447227640,key-33,2171
1775447227641,key-18,423
1775447227642,key-39,2582
1775447227647,key-18,429
1775447227648,key-24,975
1775447227648,key-10,197
1775447227649,key-44,498
1775447227650,key-18,432
1775447227650,key-18,432
1775447227651,key-29,610
1775447227652,key-38,502
1775447227661,key-5,87
1775447227662,key-38,512
1775447227664,key-18,15
1775447227668,key-38,518
1775447227670,key-31,501
1775447227674,key-37,451
1775447227674,key-29,633
1775447227675,key-39,26
1775447227675,key-18,26
1775447227677,key-38,527
1775447227678,key-18,29
1775447227680,key-38,530
1775447227683,key-18,34
1775447227685,key-29,644
1775447227688,key-42,2053
1775447227688,key-18,39
1775447227689,key-39,40
1775447227690,key-33,2221
1775447227692,key-18,43
1775447227694,key-38,544
1775447227702,key-18,53
1775447227703,key-29,662
1775447227704,key-18,55
1775447227706,key-18,57
1775447227706,key-18,57
1775447227707,key-18,58
1775447227708,key-7,1212
1775447227708,key-18,59
1775447227709,key-18,60
1775447227709,key-9,139
1775447227713,key-9,143
1775447227713,key-18,64
1775447227714,key-29,673
1775447227719,key-18,70
1775447227721,key-12,2769
1775447227727,key-18,78
1775447227728,key-18,79
1775447227730,key-18,81
1775447227730,key-29,689
1775447227730,key-18,81
1775447227737,key-18,88
1775447227738,key-7,1242
1775447227740,key-16,266
1775447227743,key-12,2791
1775447227744,key-18,95
1775447227746,key-33,2277
1775447227747,key-4,1586
1775447227751,key-12,2799
1775447227756,key-29,715
1775447227759,key-30,10
1775447227759,key-4,1598
1775447227760,key-48,6
1775447227761,key-30,12
1775447227761,key-8,434
1775447227762,key-18,113
1775447227769,key-20,332
1775447227769,key-22,619
1775447227770,key-45,16
1775447227771,key-12,2819
1775447227774,key-33,2305
1775447227775,key-12,2823
1775447227776,key-37,553
1775447227777,key-45,23
1775447227778,key-12,2826
1775447227779,key-18,130
1775447227780,key-12,2828
1775447227785,key-33,2316
1775447227785,key-30,36
1775447227787,key-20,350
1775447227787,key-49,339
1775447227787,key-44,636
1775447227788,key-40,358
1775447227788,key-12,2836
1775447227796,key-45,42
1775447227796,key-22,646
1775447227796,key-12,2844
1775447227797,key-30,48
1775447227797,key-40,367
1775447227801,key-31,632
1775447227801,key-25,414
1775447227801,key-12,2849
1775447227803,key-12,2851
1775447227808,key-12,2856
1775447227811,key-44,660
1775447227812,key-18,163
1775447227812,key-30,63
1775447227813,key-22,663
1775447227814,key-12,2862
1775447227815,key-19,614
1775447227820,key-23,893
1775447227820,key-31,651
1775447227821,key-22,671
1775447227827,key-12,2875
1775447227829,key-44,678
1775447227830,key-30,81
1775447227830,key-22,680
1775447227832,key-21,864
1775447227833,key-31,664
1775447227833,key-22,683
1775447227834,key-22,684
1775447227837,key-44,686
1775447227838,key-30,89
1775447227840,key-8,76
1775447227842,key-22,692
1775447227846,key-22,696
1775447227854,key-8,90
1775447227855,key-30,106
1775447227857,key-21,889
1775447227858,key-21,890
1775447227860,key-19,659
1775447227863,key-22,713
1775447227863,key-22,713
1775447227863,key-47,693
1775447227874,key-22,724
1775447227874,key-21,906
1775447227876,key-24,1203
1775447227877,key-8,113
1775447227877,key-25,490
1775447227877,key-35,321
1775447227879,key-47,709
1775447227879,key-30,130
1775447227880,key-22,730
1775447227881,key-22,731
1775447227882,key-25,495
1775447227882,key-14,1029
1775447227884,key-35,328
1775447227885,key-21,917
1775447227886,key-28,169
1775447227897,key-22,747
1775447227898,key-22,748
1775447227899,key-4,1738
1775447227899,key-22,749
1775447227900,key-25,513
1775447227900,key-22,750
1775447227900,key-4,1739
1775447227912,key-24,1239
1775447227913,key-42,2278
1775447227913,key-50,542
1775447227913,key-35,357
1775447227921,key-25,534
1775447227925,key-20,488
1775447227925,key-22,775
1775447227926,key-21,958
1775447227926,key-14,1073
1775447227927,key-25,540
1775447227928,key-21,960
1775447227928,key-40,19
1775447227931,key-22,781
1775447227932,key-42,2297
1775447227934,key-21,966
1775447227935,key-21,967
1775447227935,key-24,1262
1775447227944,key-7,1448
1775447227945,key-25,558
1775447227946,key-25,559
1775447227947,key-21,979
1775447227948,key-4,1787
1775447227949,key-21,981
1775447227949,key-11,568
1775447227949,key-7,1453
1775447227950,key-20,513
1775447227957,key-25,570
1775447227958,key-21,990
1775447227960,key-36,4
1775447227961,key-30,212
1775447227964,key-7,1468
1775447227965,key-7,1469
1775447227965,key-36,9
1775447227966,key-32,687
1775447227966,key-7,1470
1775447227970,key-42,14
1775447227971,key-11,590
1775447227971,key-30,222
1775447227974,key-29,933
1775447227976,key-43,20
1775447227977,key-5,403
1775447227977,key-26,1082
1775447227980,key-36,24
1775447227983,key-11,602
1775447227984,key-25,597
1775447227987,key-30,238
1775447227992,key-4,1831
1775447227993,key-42,37
1775447227993,key-30,244
1775447227993,key-36,37
1775447227994,key-42,38
1775447227995,key-5,421
1775447227996,key-30,247
1775447227998,key-11,617
1775447227998,key-5,424
1775447228000,key-46,2009
1775447228000,key-34,1072
1775447228000,key-30,251
1775447228003,key-5,429
1775447228011,key-26,1116
1775447228011,key-36,55
1775447228011,key-1,1706
1775447228011,key-43,55
1775447228012,key-30,263
1775447228012,key-18,155
1775447228012,key-30,263
1775447228015,key-4,1854
1775447228016,key-30,267
1775447228019,key-27,806
1775447228021,key-27,808
1775447228021,key-15,1121
1775447228023,key-4,1862
1775447228024,key-13,568
1775447228026,key-26,1131
1775447228027,key-17,714
1775447228027,key-1,1722
1775447228027,key-8,263
1775447228028,key-30,279
1775447228028,key-27,815
1775447228030,key-1,1725
1775447228031,key-43,75
1775447228032,key-43,76
1775447228033,key-30,284
1775447228041,key-27,828
1775447228045,key-30,296
1775447228046,key-41,1694
1775447228046,key-13,590
1775447228046,key-43,90
1775447228047,key-30,298
1775447228051,key-41,1699
1775447228055,key-30,306
1775447228059,key-9,489
1775447228062,key-26,1167
1775447228063,key-30,314
1775447228067,key-9,497
1775447228067,key-1,1762
1775447228067,key-13,611
1775447228071,key-46,2080
1775447228072,key-1,1767
1775447228072,key-9,502
1775447228072,key-16,598
1775447228073,key-41,1721
1775447228074,key-46,2083
1775447228075,key-26,1180
1775447228077,key-9,507
1775447228078,key-41,1726
1775447228078,key-1,1773
1775447228078,key-43,122
1775447228086,key-47,916
1775447228091,key-1,1786
1775447228092,key-16,618
1775447228092,key-2,136
1775447228092,key-46,2101
1775447228092,key-9,522
1775447228095,key-36,139
1775447228097,key-46,2106
1775447228098,key-1,1793
1775447228098,key-1,1793
1775447228100,key-16,626
1775447228100,key-46,2109
1775447228101,key-9,531
1775447228101,key-46,2110
1775447228108,key-9,538
1775447228108,key-34,1180
1775447228114,key-29,1073
1775447228114,key-15,1214
1775447228114,key-19,15
1775447228115,key-34,1187
1775447228116,key-45,362
1775447228116,key-34,1188
1775447228118,key-25,731
1775447228119,key-15,1219
1775447228120,key-19,21
1775447228121,key-13,665
1775447228126,key-34,1198
1775447228129,key-29,1088
1775447228131,key-15,1231
1775447228131,key-46,2140
1775447228133,key-44,982
1775447228139,key-2,183
1775447228141,key-29,1100
1775447228141,key-34,1213
1775447228146,key-45,392
1775447228147,key-35,26
1775447228149,key-46,2158
1775447228150,key-35,29
1775447228150,key-34,1222
1775447228150,key-29,1109
1775447228151,key-45,397
1775447228151,key-29,1110
1775447228151,key-15,1251
1775447228152,key-19,53
1775447228152,key-45,398
1775447228154,key-5,580
1775447228158,key-42,202
1775447228158,key-46,2167
1775447228159,key-35,38
1775447228161,key-46,2170
1775447228161,key-15,1261
1775447228165,key-45,411
1775447228166,key-12,5
1775447228168,key-39,57
1775447228169,key-16,695
1775447228170,key-39,59
1775447228175,key-16,701
1775447228176,key-39,65
1775447228177,key-15,1277
1775447228180,key-39,69
1775447228183,key-46,2192
1775447228183,key-16,709
1775447228184,key-45,430
1775447228184,key-9,614
1775447228185,key-15,1285
1775447228187,key-39,76
1775447228189,key-45,435
1775447228189,key-47,29
1775447228193,key-45,439
1775447228196,key-16,722
1775447228196,key-45,442
1775447228197,key-4,2036
1775447228197,key-27,984
1775447228199,key-3,2780
1775447228199,key-9,629
1775447228200,key-16,726
1775447228201,key-29,1160
1775447228202,key-22,1052
1775447228202,key-45,448
1775447228202,key-38,250
1775447228206,key-38,254
1775447228208,key-47,48
1775447228209,key-49,761
1775447228209,key-43,7
1775447228213,key-29,1172
1775447228214,key-38,262
1775447228216,key-29,1175
1775447228217,key-48,463
1775447228217,key-49,769
1775447228219,key-48,465
1775447228219,key-15,1319
1775447228220,key-29,1179
1775447228221,key-32,942
1775447228222,key-49,2
1775447228223,key-15,1323
1775447228226,key-3,2807
1775447228226,key-49,6
1775447228228,key-48,474
1775447228228,key-31,16
1775447228229,key-3,2810
1775447228235,key-31,23
1775447228236,key-29,1195
1775447228236,key-49,16
1775447228237,key-6,44
1775447228238,key-48,484
1775447228238,key-17,925
1775447228239,key-29,1198
1775447228239,key-49,19
1775447228241,key-49,21
1775447228242,key-10,791
1775447228246,key-11,865
1775447228246,key-29,1205
1775447228247,key-6,54
1775447228248,key-11,867
1775447228250,key-3,2831
1775447228250,key-29,1209
1775447228252,key-47,6
1775447228255,key-47,9
1775447228256,key-49,36
1775447228256,key-6,63
1775447228259,key-42,303
1775447228262,key-35,141
1775447228262,key-6,69
1775447228268,key-43,66
1775447228269,key-47,23
1775447228271,key-47,25
1775447228272,key-50,7
1775447228273,key-3,2854
1775447228275,key-30,16
1775447228276,key-35,155
1775447228276,key-22,1126
1775447228277,key-16,803
1775447228277,key-30,18
1775447228277,key-50,12
1775447228278,key-27,1065
1775447228278,key-16,804
1775447228279,key-16,805
1775447228279,key-30,20
1775447228280,key-9,710
1775447228287,key-24,1614
1775447228287,key-50,22
1775447228288,key-16,814
1775447228288,key-50,23
1775447228293,key-30,34
1775447228293,key-30,34
1775447228294,key-16,820
1775447228295,key-50,30
1775447228296,key-16,822
1775447228299,key-30,40
1775447228299,key-30,40
1775447228304,key-30,45
1775447228307,key-50,42
1775447228308,key-16,834
1775447228309,key-30,50
1775447228313,key-16,839
1775447228314,key-16,840
1775447228315,key-24,1642
1775447228316,key-5,742
1775447228316,key-16,842
1775447228319,key-30,60
1775447228319,key-50,54
1775447228319,key-24,1646
1775447228320,key-24,1647
1775447228320,key-45,566
1775447228321,key-16,847
1775447228322,key-16,848
1775447228324,key-7,1828
1775447228325,key-16,851
1775447228326,key-24,1653
1775447228328,key-39,217
1775447228329,key-7,1833
1775447228329,key-12,168
1775447228330,key-16,856
1775447228330,key-50,65
1775447228330,key-3,2911
1775447228335,key-39,224
1775447228342,key-50,77
1775447228343,key-39,232
1775447228346,key-50,81
1775447228347,key-4,2186
1775447228348,key-12,187
1775447228348,key-7,1852
1775447228348,key-16,874
1775447228351,key-12,190
1775447228352,key-50,87
1775447228353,key-12,192
1775447228356,key-50,91
1775447228357,key-12,196
1775447228360,key-50,95
1775447228361,key-4,2200
1775447228362,key-50,97
1775447228367,key-7,1871
1775447228367,key-39,256
1775447228367,key-5,793
1775447228370,key-7,1874
1775447228370,key-1,2065
1775447228371,key-16,897
1775447228372,key-15,21
1775447228372,key-50,107
1775447228373,key-50,108
1775447228374,key-50,109
1775447228380,key-16,906
1775447228381,key-24,1708
1775447228383,key-25,996
1775447228387,key-16,913
1775447228388,key-19,222
1775447228389,key-39,278
1775447228389,key-25,1002
1775447228392,key-48,638
1775447228395,key-50,130
1775447228398,key-8,634
1775447228398,key-24,1725
1775447228401,key-7,1905
1775447228403,key-25,1016
1775447228403,key-50,138
1775447228406,key-35,285
1775447228406,key-16,932
1775447228407,key-28,4
1775447228409,key-44,274
1775447228410,key-45,656
1775447228411,key-28,8
1775447228414,key-35,293
1775447228419,key-21,23
1775447228419,key-28,16
1775447228422,key-24,1749
1775447228422,key-50,157
1775447228423,key-17,1110
1775447228423,key-28,20
1775447228423,key-49,8
1775447228424,key-25,1037
1775447228428,key-45,674
1775447228436,key-35,315
1775447228437,key-35,316
1775447228440,key-36,484
1775447228440,key-11,1059
1775447228441,key-21,45
1775447228441,key-45,687
1775447228446,key-21,50
1775447228447,key-35,326
1775447228448,key-21,52
1775447228450,key-25,1063
1775447228451,key-25,1064
1775447228452,key-23,101
1775447228452,key-35,331
1775447228456,key-21,60
1775447228458,key-8,694
1775447228458,key-45,704
1775447228459,key-25,1072
1775447228461,key-24,9
1775447228464,key-34,224
1775447228465,key-45,711
1775447228466,key-24,14
1775447228467,key-34,227
1775447228468,key-35,347
1775447228472,key-45,718
1775447228473,key-18,179
1775447228475,key-46,2484
1775447228475,key-35,354
1775447228479,key-35,358
1775447228482,key-24,30
1775447228488,key-23,17
1775447228488,key-16,1014
1775447228489,key-35,368
1775447228489,key-23,18
1775447228489,key-21,93
1775447228491,key-24,39
1775447228493,key-35,372
1775447228493,key-23,22
1775447228496,key-35,375
1775447228499,key-45,745
1775447228502,key-35,381
1775447228506,key-45,752
1775447228508,key-35,387
1775447228511,key-23,40
1775447228512,key-24,60
1775447228513,key-38,561
1775447228514,key-26,1619
1775447228514,key-21,118
1775447228514,key-4,96
1775447228516,key-35,395
1775447228517,key-44,382
1775447228527,key-24,75
1775447228527,key-24,75
1775447228527,key-4,109
1775447228528,key-24,76
1775447228528,key-45,774
1775447228532,key-4,114
1775447228532,key-4,114
1775447228532,key-45,778
1775447228533,key-4,115
1775447228533,key-24,81
1775447228534,key-49,119
1775447228535,key-49,120
1775447228543,key-47,297
1775447228545,key-4,127
1775447228546,key-45,792
1775447228547,key-49,132
1775447228548,key-35,427
1775447228550,key-49,135
1775447228551,key-16,14
1775447228551,key-4,3
1775447228552,key-49,137
1775447228553,key-45,799
1775447228560,key-21,7
1775447228561,key-4,13
1775447228562,key-35,441
1775447228562,key-18,268
1775447228563,key-4,15
1775447228563,key-47,317
1775447228566,key-21,13
1775447228566,key-16,29
1775447228567,key-4,19
1775447228569,key-35,448
1775447228569,key-49,154
1775447228570,key-49,155
1775447228571,key-16,34
1775447228572,key-45,818
1775447228573,key-20,1136
1775447228574,key-49,159
1775447228575,key-48,821
1775447228575,key-4,27
1775447228577,key-18,283
1775447228578,key-49,163
1775447228582,key-47,336
1775447228583,key-3,8
1775447228583,key-7,72
1775447228587,key-12,159
1775447228588,key-4,40
1775447228588,key-3,13
1775447228590,key-12,162
1775447228591,key-18,297
1775447228593,key-49,178
1775447228595,key-46,2604
1775447228596,key-28,193
1775447228598,key-12,170
1775447228600,key-23,8
1775447228603,key-17,1290
1775447228603,key-49,188
1775447228606,key-3,31
1775447228608,key-18,314
1775447228608,key-18,314
1775447228609,key-23,17
1775447228612,key-18,318
1775447228613,key-23,21
1775447228614,key-10,27
1775447228615,key-23,23
1775447228616,key-23,24
1775447228617,key-4,69
1775447228620,key-28,217
1775447228621,key-23,29
1775447228624,key-2,668
1775447228627,key-20,1190
1775447228628,key-46,2637
1775447228630,key-49,215
1775447228631,key-18,337
1775447228632,key-30,373
1775447228634,key-18,340
1775447228634,key-10,47
1775447228638,key-18,344
1775447228640,key-49,225
1775447228643,key-30,384
1775447228645,key-23,53
1775447228645,key-23,53
1775447228648,key-49,233
1775447228648,key-18,354
1775447228650,key-18,356
1775447228651,key-19,4
1775447228652,key-21,99
1775447228654,key-20,1217
1775447228655,key-20,1218
1775447228655,key-21,102
1775447228656,key-18,362
1775447228657,key-31,11
1775447228663,key-38,711
1775447228664,key-20,1227
1775447228664,key-20,1227
1775447228667,key-19,20
1775447228669,key-38,717
1775447228669,key-12,16
1775447228670,key-19,23
1775447228671,key-18,377
1775447228677,key-12,24
1775447228677,key-19,30
1775447228678,key-49,263
1775447228678,key-2,722
1775447228679,key-20,1242
1775447228680,key-20,1243
1775447228682,key-33,3213
1775447228682,key-38,730
1775447228682,key-35,6
1775447228684,key-19,37
1775447228684,key-38,732
1775447228687,key-12,34
1775447228688,key-8,924
1775447228691,key-8,927
1775447228692,key-41,3
1775447228693,key-38,741
1775447228697,key-33,3228
1775447228698,key-25,1311
1775447228699,key-41,10
1775447228700,key-20,1263
1775447228700,key-49,285
1775447228702,key-44,9
1775447228703,key-29,44
1775447228703,key-8,939
1775447228703,key-49,288
1775447228704,key-35,28
1775447228705,key-35,29
1775447228711,key-3,136
1775447228711,key-41,22
1775447228712,key-29,53
1775447228712,key-38,760
1775447228713,key-8,949
1775447228713,key-35,37
1775447228714,key-3,139
1775447228715,key-8,951
1775447228716,key-29,57
1775447228716,key-30,457
1775447228718,key-20,1281
1775447228720,key-30,461
1775447228721,key-27,1508
1775447228723,key-3,148
1775447228723,key-29,64
1775447228726,key-35,50
1775447228726,key-49,311
1775447228726,key-8,962
1775447228727,key-20,1290
1775447228728,key-38,776
1775447228733,key-3,158
1775447228737,key-19,90
1775447228737,key-29,78
1775447228739,key-35,63
1775447228741,key-16,25
1775447228741,key-3,166
1775447228743,key-49,328
1775447228744,key-33,3275
1775447228745,key-41,56
1775447228745,key-30,486
1775447228747,key-49,332
1775447228747,key-22,1597
1775447228749,key-49,334
1775447228751,key-49,336
1775447228760,key-29,12
1775447228761,key-31,115
1775447228763,key-35,87
1775447228763,key-49,348
1775447228764,key-14,277
1775447228766,key-29,18
1775447228766,key-29,18
1775447228766,key-22,5
1775447228767,key-35,91
1775447228768,key-40,859
1775447228769,key-14,282
1775447228770,key-29,22
1775447228770,key-22,9
1775447228770,key-23,7
1775447228775,key-14,288
1775447228776,key-35,100
1775447228776,key-29,28
1775447228776,key-40,867
1775447228778,key-14,291
1775447228780,key-29,32
1775447228781,key-14,294
1775447228782,key-22,21
1775447228783,key-29,35
1775447228783,key-16,67
1775447228783,key-35,107
1775447228784,key-11,1403
1775447228784,key-14,297
1775447228793,key-29,45
1775447228793,key-14,306
1775447228793,key-40,884
1775447228793,key-14,306
1775447228793,key-22,32
1775447228794,key-4,246
1775447228795,key-33,3326
1775447228797,key-14,310
1775447228799,key-25,11
1775447228800,key-31,154
1775447228801,key-46,2810
1775447228804,key-25,16
1775447228805,key-14,318
1775447228820,key-31,174
1775447228821,key-20,1384
1775447228821,key-4,273
1775447228821,key-38,869
1775447228822,key-4,274
1775447228822,key-29,74
1775447228823,key-29,75
1775447228823,key-3,248
1775447228823,key-16,107
1775447228823,key-43,621
1775447228823,key-45,1069
1775447228831,key-16,115
1775447228831,key-38,879
1775447228832,key-48,1078
1775447228834,key-3,259
1775447228838,key-48,1084
1775447228838,key-2,16
1775447228840,key-2,18
1775447228846,key-20,1409
1775447228848,key-2,26
1775447228850,key-9,1280
1775447228854,key-31,208
1775447228854,key-41,165
1775447228856,key-2,34
1775447228856,key-16,140
1775447228857,key-41,168
1775447228860,key-16,144
1775447228860,key-16,144
1775447228862,key-3,287
1775447228863,key-16,147
1775447228864,key-3,289
1775447228864,key-2,42
1775447228865,key-31,219
1775447228869,key-25,81
1775447228869,key-16,153
1775447228870,key-2,48
1775447228870,key-9,1300
1775447228875,key-6,682
1775447228875,key-2,53
1775447228877,key-9,1307
1775447228881,key-16,165
1775447228885,key-16,169
1775447228886,key-31,240
1775447228887,key-48,1133
1775447228888,key-16,172
1775447228888,key-3,313
1775447228890,key-2,68
1775447228891,key-2,69
1775447228893,key-39,11
1775447228902,key-39,20
1775447228902,key-36,84
1775447228903,key-21,14
1775447228905,key-2,83
1775447228906,key-39,24
1775447228914,key-39,32
1775447228915,key-16,199
1775447228915,key-39,33
1775447228915,key-23,152
1775447228916,key-17,37
1775447228916,key-2,94
1775447228918,key-41,229
1775447228920,key-41,231
1775447228920,key-36,102
1775447228921,key-2,99
1775447228925,key-38,9
1775447228927,key-2,105
1775447228928,key-2,106
1775447228928,key-27,4
1775447228928,key-39,46
1775447228931,key-38,15
1775447228933,key-39,51
1775447228936,key-2,114
1775447228946,key-25,158
1775447228947,key-2,125
1775447228947,key-34,707
1775447228947,key-30,30
1775447228951,key-25,163
1775447228951,key-27,27
1775447228952,key-5,1378
1775447228952,key-7,2
1775447228953,key-2,131
1775447228953,key-25,165
1775447228954,key-47,708
1775447228964,key-1,2659
1775447228964,key-27,40
1775447228964,key-6,12
1775447228965,key-29,217
1775447228965,key-1,2660
1775447228965,key-2,143
1775447228965,key-27,41
1775447228966,key-6,14
1775447228967,key-25,179
1775447228972,key-33,3503
1775447228974,key-34,734
1775447228975,key-6,23
1775447228975,key-25,187
1775447228976,key-29,228
1775447228977,key-25,189
1775447228981,key-7,31
1775447228983,key-6,31
1775447228984,key-1,2679
1775447228985,key-15,634
1775447228985,key-34,745
1775447228986,key-27,62
1775447228989,key-6,37
1775447228991,key-7,41
1775447228993,key-6,41
1775447228995,key-6,43
1775447228998,key-24,546
1775447229001,key-6,49
1775447229004,key-44,21
1775447229005,key-15,654
1775447229005,key-6,53
1775447229006,key-25,218
1775447229006,key-1,2701
1775447229007,key-44,24
1775447229007,key-46,3016
1775447229012,key-15,661
1775447229014,key-6,62
1775447229015,key-6,63
1775447229017,key-15,666
1775447229019,key-27,95
1775447229021,key-45,1267
1775447229022,key-17,143
1775447229023,key-1,2718
1775447229023,key-6,71
1775447229028,key-44,45
1775447229029,key-44,46
1775447229029,key-34,789
1775447229030,key-24,578
1775447229032,key-15,681
1775447229033,key-6,81
1775447229034,key-33,3565
1775447229041,key-1,2736
1775447229042,key-6,90
1775447229043,key-46,3052
1775447229045,key-44,62
1775447229046,key-15,695
1775447229047,key-46,3056
1775447229047,key-15,696
1775447229048,key-44,65
1775447229049,key-44,66
1775447229049,key-6,97
1775447229056,key-6,104
1775447229056,key-13,1600
1775447229058,key-42,24
1775447229060,key-33,3591
1775447229062,key-40,16
1775447229064,key-6,112
1775447229064,key-40,18
1775447229064,key-6,112
1775447229072,key-6,120
1775447229073,key-33,3604
1775447229073,key-15,722
1775447229073,key-6,121
1775447229075,key-44,92
1775447229082,key-44,99
1775447229083,key-15,732
1775447229083,key-15,732
1775447229084,key-6,132
1775447229085,key-13,1629
1775447229089,key-41,400
1775447229090,key-47,844
1775447229100,key-27,176
1775447229100,key-6,148
1775447229101,key-22,340
1775447229101,key-18,807
1775447229103,key-44,120
1775447229104,key-45,1350
1775447229109,key-15,758
1775447229109,key-47,863
1775447229116,key-38,200
1775447229116,key-44,133
1775447229120,key-45,1366
1775447229120,key-47,874
1775447229120,key-47,874
1775447229121,key-49,706
1775447229122,key-27,198
1775447229123,key-13,27
1775447229129,key-7,179
1775447229130,key-9,1560
1775447229131,key-38,215
1775447229132,key-6,180
1775447229135,key-30,218
1775447229136,key-6,184
1775447229141,key-18,847
1775447229142,key-45,1388
1775447229143,key-44,160
1775447229144,key-22,383
1775447229149,key-28,17
1775447229150,key-16,434
1775447229153,key-16,437
1775447229155,key-13,59
1775447229157,key-7,207
1775447229159,key-41,470
1775447229160,key-6,208
1775447229162,key-30,245
1775447229164,key-18,870
1775447229166,key-6,214
1775447229167,key-7,217
1775447229167,key-45,1413
1775447229173,key-7,223
1775447229173,key-28,41
1775447229174,key-34,934
1775447229176,key-28,44
1775447229176,key-6,224
1775447229179,key-45,1425
1775447229179,key-28,47
1775447229186,key-18,892
1775447229188,key-45,1434
1775447229192,key-7,242
1775447229194,key-24,742
1775447229195,key-31,549
1775447229197,key-45,1443
1775447229199,key-6,247
1775447229204,key-6,252
1775447229205,key-13,109
1775447229206,key-28,74
1775447229209,key-28,77
1775447229213,key-28,81
1775447229216,key-28,84
1775447229216,key-28,84
1775447229216,key-38,300
1775447229217,key-6,265
1775447229219,key-28,87
1775447229225,key-7,275
1775447229226,key-38,309
1775447229231,key-9,1661
1775447229232,key-6,280
1775447229233,key-45,1479
1775447229234,key-45,1480
1775447229234,key-50,969
1775447229235,key-38,319
1775447229237,key-18,943
1775447229240,key-10,653
1775447229245,key-18,951
1775447229250,key-18,956
1775447229251,key-28,119
1775447229256,key-38,340
1775447229260,key-38,344
1775447229261,key-28,129
1775447229263,key-45,1509
1775447229264,key-38,348
1775447229266,key-9,1696
1775447229268,key-3,693
1775447229270,key-28,138
1775447229272,key-38,356
1775447229274,key-9,1704
1775447229275,key-18,981
1775447229276,key-38,360
1775447229277,key-18,983
1775447229279,key-28,147
1775447229280,key-10,693
1775447229288,key-9,1718
1775447229289,key-18,995
1775447229298,key-3,723
1775447229298,key-9,1728
1775447229300,key-38,384
1775447229301,key-38,385
1775447229304,key-38,388
1775447229306,key-48,1552
1775447229306,key-18,1012
1775447229310,key-18,1016
1775447229311,key-9,1741
1775447229312,key-38,396
1775447229313,key-48,7
1775447229317,key-38,401
1775447229318,key-45,1564
1775447229318,key-25,530
1775447229319,key-48,13
1775447229320,key-18,1026
1775447229320,key-20,1883
1775447229321,key-45,1567
1775447229326,key-3,751
1775447229327,key-38,5
1775447229330,key-48,24
1775447229331,key-9,1761
1775447229332,key-38,10
1775447229332,key-38,10
1775447229335,key-38,13
1775447229346,key-24,894
1775447229348,key-38,26
1775447229351,key-48,17
1775447229353,key-38,31
1775447229372,key-48,38
1775447229373,key-48,39
1775447229373,key-3,798
1775447229373,key-46,3382
1775447229373,key-41,684
1775447229374,key-9,1804
1775447229374,key-48,40
1775447229374,key-18,1080
1775447229374,key-19,162
1775447229376,key-48,42
1775447229380,key-38,58
1775447229390,key-7,440
1775447229391,key-48,57
1775447229391,key-46,3400
1775447229395,key-38,73
1775447229395,key-38,73
1775447229399,key-48,65
1775447229402,key-30,485
1775447229408,key-39,526
1775447229408,key-30,491
1775447229413,key-12,18
1775447229414,key-30,497
1775447229417,key-44,434
1775447229422,key-48,88
1775447229426,key-48,92
1775447229468,key-30,551
1775447229471,key-48,137
1775447229471,key-48,137
1775447229472,key-6,520
1775447229472,key-7,522
1775447229472,key-30,555
1775447229473,key-40,64
1775447229473,key-48,139
1775447229474,key-38,152
1775447229474,key-30,557
1775447229474,key-38,152
1775447229475,key-27,551
1775447229475,key-44,492
1775447229475,key-48,141
1775447229475,key-48,141
1775447229476,key-40,67
1775447229477,key-7,527
1775447229482,key-40,73
1775447229489,key-30,17
1775447229490,key-30,18
1775447229490,key-46,83
1775447229495,key-30,23
1775447229497,key-30,25
1775447229498,key-30,26
1775447229500,key-30,28
1775447229500,key-7,550
1775447229501,key-7,551
1775447229501,key-30,29
1775447229502,key-16,786
1775447229512,key-30,40
1775447229512,key-12,117
1775447229512,key-40,103
1775447229514,key-6,25
1775447229515,key-30,43
1775447229517,key-30,45
1775447229517,key-30,45
1775447229520,key-30,48
1775447229521,key-30,49
1775447229529,key-12,134
1775447229529,key-30,57
1775447229530,key-36,15
1775447229532,key-6,43
1775447229532,key-30,60
1775447229532,key-36,17
1775447229533,key-30,61
1775447229534,key-30,62
1775447229534,key-16,818
1775447229535,key-12,140
1775447229536,key-30,64
1775447229537,key-30,65
1775447229537,key-30,65
1775447229538,key-46,131
1775447229540,key-18,1246
1775447229544,key-16,828
1775447229546,key-4,15
1775447229548,key-11,2167
1775447229553,key-4,22
1775447229557,key-46,150
1775447229557,key-32,206
1775447229559,key-46,152
1775447229560,key-11,2179
1775447229563,key-36,48
1775447229563,key-30,91
1775447229563,key-2,741
1775447229563,key-16,847
1775447229568,key-16,852
1775447229569,key-30,97
1775447229570,key-4,39
1775447229571,key-4,40
1775447229575,key-4,44
1775447229575,key-47,377
1775447229578,key-13,482
1775447229579,key-6,90
1775447229583,key-30,111
1775447229584,key-36,69
1775447229584,key-6,95
1775447229585,key-21,74
1775447229586,key-36,71
1775447229588,key-30,116
1775447229589,key-38,267
1775447229591,key-40,182
1775447229594,key-47,396
1775447229595,key-4,64
1775447229596,key-4,65
1775447229597,key-6,108
1775447229597,key-6,108
1775447229600,key-4,69
1775447229602,key-38,280
1775447229605,key-4,74
1775447229606,key-37,1826
1775447229606,key-41,917
1775447229607,key-10,14
1775447229608,key-39,726
1775447229613,key-27,689
1775447229614,key-49,149
1775447229618,key-38,296
1775447229618,key-49,6
1775447229619,key-4,88
1775447229619,key-37,1839
1775447229621,key-4,90
1775447229622,key-4,91
1775447229622,key-49,10
1775447229624,key-49,12
1775447229625,key-41,936
1775447229625,key-8,1861
1775447229627,key-10,34
1775447229628,key-9,44
1775447229631,key-49,19
1775447229632,key-37,1852
1775447229635,key-4,104
1775447229637,key-8,1873
1775447229637,key-38,315
1775447229638,key-39,756
1775447229638,key-1,171
1775447229642,key-36,127
1775447229643,key-37,1863
1775447229644,key-49,32
1775447229645,key-36,130
1775447229648,key-13,19
1775447229651,key-1,184
1775447229651,key-6,162
1775447229651,key-1,184
1775447229652,key-10,59
1775447229656,key-40,6
1775447229658,key-36,143
1775447229658,key-24,3
1775447229659,key-49,47
1775447229659,key-19,447
1775447229660,key-39,778
1775447229660,key-1,6
1775447229663,key-38,341
1775447229663,key-5,403
1775447229663,key-36,148
1775447229664,key-1,10
1775447229665,key-23,902
1775447229665,key-49,53
1775447229668,key-1,14
1775447229669,key-39,787
1775447229671,key-40,21
1775447229673,key-13,44
1775447229673,key-10,80
1775447229674,key-24,19
1775447229675,key-19,463
1775447229676,key-13,47
1775447229677,key-11,2296
1775447229678,key-36,163
1775447229678,key-49,66
1775447229680,key-28,307
1775447229682,key-13,53
1775447229683,key-1,29
1775447229684,key-23,921
1775447229688,key-24,33
1775447229688,key-40,38
1775447229690,key-13,61
1775447229694,key-11,2313
1775447229694,key-36,179
1775447229698,key-25,14
1775447229698,key-11,2317
1775447229698,key-36,183
1775447229702,key-23,939
1775447229704,key-23,941
1775447229704,key-13,75
1775447229709,key-23,946
1775447229709,key-3,158
1775447229710,key-25,26
1775447229710,key-39,828
1775447229712,key-11,2331
1775447229713,key-36,198
1775447229713,key-23,950
1775447229714,key-11,2333
1775447229714,key-11,2333
1775447229715,key-34,239
1775447229716,key-23,953
1775447229717,key-23,954
1775447229718,key-23,955
1775447229720,key-23,957
1775447229722,key-36,207
1775447229722,key-23,959
1775447229725,key-23,962
1775447229725,key-20,2288
1775447229727,key-3,176
1775447229727,key-36,212
1775447229728,key-21,10
1775447229730,key-21,12
1775447229734,key-38,412
1775447229735,key-13,106
1775447229735,key-36,220
1775447229737,key-9,153
1775447229746,key-16,1030
1775447229747,key-23,984
1775447229750,key-20,2313
1775447229750,key-20,2313
1775447229751,key-29,1003
1775447229753,key-21,35
1775447229753,key-21,35
1775447229754,key-34,278
1775447229754,key-38,432
1775447229755,key-5,495
1775447229755,key-17,3
1775447229755,key-20,2318
1775447229760,key-21,42
1775447229761,key-4,230
1775447229762,key-8,107
1775447229762,key-45,2008
1775447229762,key-9,178
1775447229762,key-34,286
1775447229765,key-42,12
1775447229767,key-21,49
1775447229768,key-45,2014
1775447229769,key-42,16
1775447229773,key-17,21
1775447229776,key-5,516
1775447229776,key-17,24
1775447229776,key-33,4307
1775447229778,key-33,4309
1775447229778,key-16,1062
1775447229779,key-50,1514
1775447229780,key-21,62
1775447229780,key-42,27
1775447229784,key-20,2347
1775447229784,key-8,129
1775447229790,key-36,275
1775447229790,key-42,37
1775447229790,key-42,37
1775447229795,key-42,42
1775447229795,key-10,202
1775447229795,key-45,2041
1775447229796,key-8,141
1775447229796,key-16,1080
1775447229797,key-36,282
1775447229801,key-21,83
1775447229804,key-16,1088
1775447229805,key-16,1089
1775447229806,key-35,556
1775447229808,key-10,215
1775447229809,key-21,91
1775447229810,key-28,437
1775447229810,key-16,1094
1775447229811,key-38,489
1775447229812,key-35,562
1775447229812,key-8,157
1775447229813,key-16,1097
1775447229817,key-8,162
1775447229818,key-10,225
1775447229819,key-21,101
1775447229820,key-45,2066
1775447229821,key-10,228
1775447229821,key-35,571
1775447229822,key-10,229
1775447229824,key-8,169
1775447229826,key-35,576
1775447229828,key-35,578
1775447229832,key-29,1084
1775447229833,key-16,1117
1775447229833,key-8,178
1775447229835,key-35,585
1775447229835,key-10,242
1775447229836,key-39,24
1775447229837,key-16,1121
1775447229838,key-16,1122
1775447229838,key-11,16
1775447229843,key-6,354
1775447229844,key-11,22
1775447229846,key-11,24
1775447229846,key-10,253
1775447229848,key-10,255
1775447229849,key-16,1133
1775447229850,key-49,238
1775447229851,key-16,1135
1775447229852,key-25,168
1775447229854,key-6,365
1775447229858,key-14,7
1775447229862,key-9,21
1775447229863,key-6,374
1775447229864,key-16,1148
1775447229866,key-34,390
1775447229868,key-9,27
1775447229869,key-6,380
1775447229869,key-25,185
1775447229870,key-25,186
1775447229871,key-6,382
1775447229873,key-10,280
1775447229873,key-16,1157
1775447229875,key-29,1127
1775447229876,key-16,1160
1775447229876,key-25,192
1775447229877,key-10,284
1775447229878,key-17,126
1775447229878,key-29,1130
1775447229884,key-9,43
1775447229884,key-6,395
1775447229888,key-6,399
1775447229889,key-6,400
1775447229889,key-41,1200
1775447229889,key-16,1173
1775447229890,key-34,414
1775447229891,key-16,1175
1775447229894,key-50,105
1775447229894,key-29,1146
1775447229896,key-14,45
1775447229897,key-38,575
1775447229898,key-19,686
1775447229898,key-16,1182
1775447229898,key-16,1182
1775447229898,key-29,1150
1775447229901,key-16,1185
1775447229903,key-8,248
1775447229905,key-16,1189
1775447229907,key-16,1191
1775447229910,key-34,434
1775447229912,key-1,258
1775447229912,key-47,714
1775447229919,key-29,1171
1775447229920,key-16,1204
1775447229920,key-21,202
1775447229920,key-8,265
1775447229921,key-41,1232
1775447229921,key-47,723
1775447229924,key-16,1208
1775447229927,key-7,977
1775447229928,key-29,1180
1775447229928,key-19,716
1775447229929,key-1,275
1775447229931,key-2,142
1775447229933,key-8,278
1775447229938,key-2,149
1775447229939,key-47,741
1775447229940,key-5,680
1775447229940,key-16,1224
1775447229940,key-2,151
1775447229941,key-47,743
1775447229941,key-2,152
1775447229941,key-8,286
1775447229942,key-25,258
1775447229945,key-44,13
1775447229946,key-41,1257
1775447229951,key-6,462
1775447229952,key-7,1002
1775447229952,key-47,754
1775447229954,key-44,22
1775447229955,key-41,1266
1775447229955,key-47,757
1775447229955,key-41,1266
1775447229958,key-2,169
1775447229958,key-18,1664
1775447229960,key-47,762
1775447229962,key-16,1246
1775447229966,key-10,373
1775447229967,key-43,1765
1775447230046,key-43,1844
1775447230047,key-41,1358
1775447230047,key-10,454
1775447230047,key-16,1331
1775447230078,key-7,1128
1775447230079,key-8,424
1775447230080,key-41,1391
1775447230081,key-44,149
1775447230082,key-41,1393
1775447230083,key-41,1394
1775447230084,key-2,295
1775447230085,key-41,1396
1775447230086,key-16,1370
1775447230101,key-5,841
1775447230102,key-42,349
1775447230103,key-41,1414
1775447230104,key-47,906
1775447230106,key-41,1417
1775447230107,key-1,453
1775447230108,key-16,95
1775447230109,key-6,620
1775447230111,key-8,456
1775447230111,key-8,456
1775447230112,key-45,111
1775447230113,key-47,915
1775447230118,key-36,217
1775447230119,key-16,28
1775447230119,key-41,1430
1775447230119,key-22,651
1775447230119,key-5,859
1775447230121,key-50,332
1775447230121,key-41,1432
1775447230122,key-10,529
1775447230122,key-41,1433
1775447230122,key-2,75
1775447230123,key-32,99
1775447230124,key-10,531
1775447230124,key-49,512
1775447230129,key-2,82
1775447230130,key-21,22
1775447230132,key-14,281
1775447230133,key-50,344
1775447230136,key-5,876
1775447230139,key-5,879
1775447230139,key-46,7
1775447230139,key-45,138
1775447230139,key-3,16
1775447230141,key-2,94
1775447230142,key-45,141
1775447230142,key-46,10
1775447230143,key-23,188
1775447230144,key-17,392
1775447230145,key-32,121
1775447230146,key-3,23
1775447230146,key-46,14
1775447230147,key-45,146
1775447230147,key-50,358
1775447230149,key-46,17
1775447230150,key-46,18
1775447230151,key-50,362
1775447230152,key-50,363
1775447230153,key-45,152
1775447230153,key-4,622
1775447230153,key-46,21
1775447230154,key-32,130
1775447230159,key-2,112
1775447230159,key-1,69
1775447230159,key-32,135
1775447230161,key-2,114
1775447230161,key-46,29
1775447230163,key-45,162
1775447230164,key-17,412
1775447230166,key-46,34
1775447230167,key-17,415
1775447230168,key-50,379
1775447230170,key-45,169
1775447230171,key-17,419
1775447230174,key-2,127
1775447230175,key-17,423
1775447230175,key-17,423
1775447230176,key-1,86
1775447230177,key-32,153
1775447230179,key-46,47
1775447230180,key-45,179
1775447230181,key-1,91
1775447230182,key-17,430
1775447230182,key-46,50
1775447230183,key-40,533
1775447230185,key-17,433
1775447230187,key-5,927
1775447230188,key-46,56
1775447230190,key-46,58
1775447230192,key-17,440
1775447230193,key-45,192
1775447230197,key-46,65
1775447230199,key-45,198
1775447230200,key-46,68
1775447230201,key-35,87
1775447230202,key-1,112
1775447230203,key-17,451
1775447230206,key-17,454
1775447230207,key-17,455
1775447230209,key-17,457
1775447230211,key-17,459
1775447230211,key-40,561
1775447230212,key-37,2432
1775447230213,key-40,563
1775447230214,key-46,82
1775447230214,key-17,462
1775447230215,key-40,565
1775447230216,key-17,464
1775447230222,key-17,470
1775447230222,key-50,433
1775447230222,key-34,746
1775447230224,key-35,110
1775447230225,key-3,102
1775447230225,key-40,575
1775447230226,key-18,1932
1775447230229,key-17,477
1775447230229,key-50,440
1775447230230,key-7,1280
1775447230230,key-17,478
1775447230231,key-18,1937
1775447230232,key-34,756
1775447230233,key-46,101
1775447230234,key-50,445
1775447230236,key-18,1942
1775447230237,key-46,105
1775447230241,key-50,452
1775447230241,key-6,752
1775447230242,key-34,766
1775447230248,key-7,1298
1775447230248,key-50,459
1775447230248,key-50,459
1775447230250,key-17,498
1775447230251,key-17,499
1775447230256,key-25,52
1775447230257,key-40,607
1775447230258,key-20,167
1775447230260,key-17,508
1775447230260,key-7,1310
1775447230261,key-46,129
1775447230261,key-49,649
1775447230261,key-28,71
1775447230262,key-46,130
1775447230263,key-17,511
1775447230264,key-17,512
1775447230264,key-50,475
1775447230265,key-45,264
1775447230266,key-50,477
1775447230266,key-2,219
1775447230268,key-47,1070
1775447230268,key-50,479
1775447230269,key-48,935
1775447230269,key-47,1071
1775447230271,key-2,224
1775447230272,key-25,68
1775447230275,key-17,523
1775447230276,key-46,144
1775447230277,key-26,3382
1775447230279,key-45,278
1775447230279,key-50,490
1775447230281,key-36,380
1775447230281,key-28,91
1775447230283,key-17,531
1775447230283,key-47,1085
1775447230284,key-50,495
1775447230288,key-38,175
1775447230288,key-50,499
1775447230289,key-50,500
1775447230291,key-2,244
1775447230291,key-23,336
1775447230292,key-36,391
1775447230293,key-46,161
1775447230297,key-46,165
1775447230299,key-36,398
1775447230304,key-36,403
1775447230307,key-36,406
1775447230307,key-30,3
1775447230307,key-50,518
1775447230309,key-38,196
1775447230309,key-12,296
1775447230310,key-36,409
1775447230310,key-36,409
1775447230311,key-19,1099
1775447230313,key-50,524
1775447230321,key-26,21
1775447230321,key-25,117
1775447230323,key-4,792
1775447230323,key-13,146
1775447230324,key-30,20
1775447230324,key-26,24
1775447230324,key-36,423
1775447230324,key-38,211
1775447230325,key-50,536
1775447230332,key-50,543
1775447230333,key-13,156
1775447230333,key-2,286
1775447230333,key-44,401
1775447230334,key-50,545
1775447230337,key-36,436
1775447230340,key-33,4871
1775447230340,key-36,439
1775447230341,key-48,1007
1775447230341,key-4,810
1775447230342,key-32,318
1775447230343,key-19,1131
1775447230345,key-50,556
1775447230346,key-37,2566
1775447230348,key-38,235
1775447230350,key-38,237
1775447230350,key-4,819
1775447230356,key-38,243
1775447230356,key-38,243
1775447230357,key-46,225
1775447230357,key-38,244
1775447230359,key-4,828
1775447230360,key-19,1148
1775447230361,key-3,238
1775447230361,key-35,247
1775447230367,key-46,235
1775447230368,key-35,254
1775447230369,key-36,468
1775447230369,key-34,893
1775447230369,key-44,437
1775447230371,key-13,194
1775447230371,key-39,239
1775447230373,key-39,241
1775447230373,key-38,260
1775447230375,key-38,262
1775447230375,key-41,1686
1775447230376,key-39,244
1775447230378,key-13,201
1775447230378,key-39,246
1775447230379,key-44,447
1775447230379,key-23,424
1775447230382,key-3,259
1775447230384,key-3,261
1775447230384,key-38,271
1775447230386,key-12,373
1775447230391,key-38,278
1775447230391,key-39,259
1775447230395,key-50,606
1775447230397,key-39,265
1775447230397,key-3,274
1775447230398,key-39,266
1775447230399,key-39,267
1775447230399,key-38,286
1775447230400,key-9,559
1775447230401,key-3,278
1775447230403,key-19,1191
1775447230404,key-12,391
1775447230407,key-39,275
1775447230410,key-29,3
1775447230410,key-17,658
1775447230414,key-39,282
1775447230414,key-12,401
1775447230417,key-29,10
1775447230418,key-12,405
1775447230423,key-10,830
1775447230428,key-4,6
1775447230428,key-30,124
1775447230429,key-19,1217
1775447230430,key-29,23
1775447230430,key-30,126
1775447230430,key-48,1096
1775447230433,key-20,27
1775447230434,key-7,25
1775447230434,key-30,130
1775447230434,key-39,302
1775447230435,key-48,1101
1775447230435,key-20,29
1775447230437,key-20,31
1775447230439,key-36,538
1775447230440,key-29,33
1775447230442,key-29,35
1775447230443,key-19,1231
1775447230444,key-50,655
1775447230444,key-7,35
1775447230446,key-18,11
1775447230447,key-30,143
1775447230447,key-18,12
1775447230449,key-19,1237
1775447230449,key-36,548
1775447230455,key-16,364
1775447230455,key-18,20
1775447230456,key-20,50
1775447230456,key-30,152
1775447230459,key-16,368
1775447230460,key-4,38
1775447230462,key-18,27
1775447230463,key-4,41
1775447230463,key-31,1817
1775447230463,key-30,159
1775447230464,key-9,20
1775447230465,key-9,21
1775447230466,key-16,375
1775447230468,key-25,264
1775447230468,key-24,813
1775447230469,key-36,568
1775447230470,key-30,166
1775447230471,key-2,52
1775447230471,key-40,821
1775447230476,key-18,41
1775447230479,key-4,57
1775447230480,key-2,61
1775447230481,key-2,62
1775447230481,key-3,75
1775447230481,key-9,37
1775447230482,key-43,377
1775447230482,key-29,75
1775447230483,key-5,1223
1775447230483,key-18,48
1775447230483,key-16,392
1775447230483,key-2,64
1775447230484,key-9,40
1775447230486,key-48,1152
1775447230495,key-16,404
1775447230496,key-2,77
1775447230497,key-36,596
1775447230498,key-30,194
1775447230502,key-30,198
1775447230503,key-4,81
1775447230504,key-22,1036
1775447230508,key-29,101
1775447230509,key-30,205
1775447230514,key-16,423
1775447230515,key-3,11
1775447230515,key-16,424
1775447230516,key-30,212
1775447230517,key-2,98
1775447230517,key-22,1049
1775447230519,key-30,215
1775447230519,key-48,1185
1775447230520,key-30,216
1775447230523,key-3,19
1775447230523,key-45,7
1775447230529,key-16,438
1775447230530,key-33,5061
1775447230530,key-22,1062
1775447230532,key-22,1064
1775447230532,key-8,877
1775447230533,key-22,1065
1775447230533,key-30,229
1775447230534,key-22,1066
1775447230535,key-16,444
1775447230536,key-32,512
1775447230536,key-45,20
1775447230536,key-3,32
1775447230540,key-45,24
1775447230542,key-33,5073
1775447230545,key-45,29
1775447230545,key-3,41
1775447230545,key-22,1077
1775447230550,key-45,34
1775447230556,key-45,40
1775447230561,key-33,5092
1775447230561,key-29,154
1775447230561,key-40,911
1775447230562,key-38,449
1775447230564,key-36,663
1775447230564,key-45,48
1775447230564,key-38,451
1775447230565,key-50,776
1775447230567,key-48,1233
1775447230569,key-2,150
1775447230570,key-48,1236
1775447230570,key-38,457
1775447230571,key-33,5102
1775447230575,key-45,59
1775447230577,key-38,464
1775447230577,key-38,464
1775447230581,key-38,468
1775447230581,key-14,730
1775447230582,key-29,175
1775447230583,key-38,470
1775447230586,key-48,1252
1775447230587,key-38,474
1775447230589,key-34,1113
1775447230589,key-38,476
1775447230590,key-45,74
1775447230591,key-38,478
1775447230592,key-2,173
1775447230596,key-48,1262
1775447230597,key-2,178
1775447230607,key-48,1273
1775447230607,key-2,188
1775447230609,key-38,496
1775447230610,key-48,1276
1775447230610,key-34,1134
1775447230610,key-11,501
1775447230612,key-38,499
1775447230613,key-21,18
1775447230615,key-38,502
1775447230619,key-2,200
1775447230619,key-34,1143
1775447230619,key-38,506
1775447230621,key-34,1145
1775447230622,key-48,1288
1775447230633,key-48,1299
1775447230633,key-22,38
1775447230634,key-2,215
1775447230634,key-48,1300
1775447230635,key-7,226
1775447230635,key-14,784
1775447230636,key-44,28
1775447230637,key-45,121
1775447230641,key-29,234
1775447230645,key-2,226
1775447230646,key-11,537
1775447230646,key-7,237
1775447230646,key-22,51
1775447230648,key-34,1172
1775447230648,key-22,53
1775447230652,key-34,1176
1775447230653,key-7,244
1775447230654,key-44,46
1775447230656,key-22,61
1775447230657,key-2,238
1775447230659,key-29,252
1775447230660,key-44,52
1775447230665,key-29,258
1775447230666,key-2,247
1775447230666,key-22,71
1775447230666,key-39,534
1775447230666,key-22,71
1775447230669,key-7,260
1775447230669,key-22,74
1775447230670,key-45,154
1775447230671,key-11,562
1775447230674,key-45,158
1775447230675,key-2,256
1775447230678,key-45,162
1775447230680,key-44,72
1775447230683,key-7,274
1775447230684,key-39,552
1775447230684,key-35,570
1775447230686,key-44,78
1775447230688,key-7,279
1775447230689,key-44,81
1775447230690,key-45,174
1775447230699,key-13,522
1775447230700,key-30,396
1775447230700,key-39,568
1775447230701,key-39,569
1775447230702,key-42,395
1775447230703,key-11,594
1775447230708,key-27,1784
1775447230708,key-2,289
1775447230708,key-39,576
1775447230708,key-31,2062
1775447230711,key-35,597
1775447230712,key-44,104
1775447230715,key-39,583
1775447230717,key-31,2071
1775447230718,key-33,20
1775447230718,key-49,20
1775447230719,key-45,203
1775447230719,key-44,111
1775447230720,key-49,22
1775447230724,key-49,26
1775447230726,key-23,28
1775447230726,key-39,594
1775447230728,key-11,619
1775447230731,key-45,215
1775447230733,key-45,217
1775447230735,key-31,2089
1775447230736,key-23,38
1775447230736,key-33,38
1775447230736,key-44,128
1775447230736,key-2,317
1775447230740,key-11,631
1775447230740,key-31,2094
1775447230742,key-7,333
1775447230743,key-9,299
1775447230744,key-31,2098
1775447230744,key-31,2098
1775447230745,key-31,2099
1775447230747,key-23,49
1775447230750,key-9,306
1775447230750,key-47,375
1775447230750,key-11,641
1775447230751,key-31,2105
1775447230753,key-7,344
1775447230755,key-45,239
1775447230760,key-50,971
1775447230761,key-6,1272
1775447230762,key-31,2116
1775447230762,key-23,64
1775447230764,key-43,659
1775447230766,key-7,4
1775447230768,key-7,6
1775447230768,key-50,979
1775447230774,key-13,597
1775447230775,key-50,986
1775447230776,key-45,260
1775447230776,key-19,1564
1775447230776,key-7,14
1775447230776,key-31,2130
1775447230776,key-31,2130
1775447230778,key-31,2132
1775447230778,key-31,2132
1775447230779,key-45,263
1775447230779,key-7,17
1775447230785,key-7,23
1775447230788,key-49,90
1775447230789,key-43,684
1775447230790,key-22,195
1775447230793,key-7,31
1775447230795,key-43,690
1775447230798,key-50,1009
1775447230798,key-45,282
1775447230799,key-37,4
1775447230800,key-31,2154
1775447230801,key-39,57
1775447230802,key-43,697
1775447230802,key-31,2156
1775447230803,key-37,8
1775447230806,key-49,108
1775447230807,key-33,109
1775447230808,key-6,1319
1775447230812,key-7,50
1775447230814,key-38,701
1775447230815,key-17,1063
1775447230816,key-49,118
1775447230818,key-50,1029
1775447230819,key-43,714
1775447230819,key-7,57
1775447230820,key-39,76
1775447230821,key-19,1609
1775447230828,key-9,384
1775447230829,key-19,1617
1775447230829,key-38,716
1775447230829,key-50,1040
1775447230829,key-31,2183
1775447230831,key-38,718
1775447230831,key-39,87
1775447230833,key-38,720
1775447230837,key-38,724
1775447230837,key-35,20
1775447230839,key-31,2193
1775447230841,key-49,143
1775447230842,key-44,234
1775447230842,key-49,144
1775447230845,key-39,101
1775447230845,key-13,28
1775447230845,key-39,101
1775447230845,key-2,426
1775447230846,key-38,733
1775447230847,key-19,1635
1775447230848,key-39,104
1775447230849,key-38,736
1775447230850,key-38,737
1775447230852,key-38,739
1775447230862,key-9,418
1775447230862,key-49,164
1775447230865,key-38,752
1775447230865,key-39,121
1775447230871,key-22,64
1775447230871,key-13,54
1775447230873,key-33,175
1775447230873,key-39,129
1775447230874,key-39,130
1775447230874,key-39,130
1775447230875,key-38,762
1775447230875,key-41,2186
1775447230875,key-13,58
1775447230876,key-39,132
1775447230876,key-23,178
1775447230878,key-13,61
1775447230880,key-22,73
1775447230881,key-39,137
1775447230885,key-18,450
1775447230893,key-2,474
1775447230893,key-28,703
1775447230894,key-39,150
1775447230894,key-22,87
1775447230894,key-49,196
1775447230894,key-38,781
1775447230895,key-15,1349
1775447230895,key-39,151
1775447230895,key-14,1044
1775447230899,key-44,291
1775447230900,key-39,156
1775447230901,key-22,94
1775447230904,key-39,160
1775447230904,key-49,206
1775447230908,key-49,210
1775447230910,key-12,897
1775447230911,key-44,303
1775447230912,key-15,1366
1775447230915,key-36,64
1775447230916,key-44,308
1775447230918,key-39,174
1775447230918,key-50,1129
1775447230921,key-15,1375
1775447230921,key-22,114
1775447230921,key-38,808
1775447230922,key-15,1376
1775447230926,key-18,5
1775447230932,key-22,125
1775447230932,key-39,188
1775447230932,key-49,234
1775447230934,key-49,236
1775447230934,key-45,418
1775447230943,key-1,22
1775447230944,key-45,428
1775447230944,key-44,336
1775447230944,key-49,246
1775447230946,key-1,25
1775447230946,key-49,248
1775447230947,key-21,352
1775447230948,key-45,432
1775447230953,key-38,840
1775447230954,key-45,438
1775447230954,key-45,438
1775447230954,key-16,29
1775447230955,key-44,347
1775447230961,key-39,217
1775447230961,key-13,144
1775447230962,key-21,367
1775447230962,key-1,41
1775447230964,key-38,851
1775447230965,key-39,221
1775447230966,key-1,45
1775447230970,key-34,1494
1775447230971,key-44,363
1775447230971,key-49,273
1775447230975,key-45,459
1775447230975,key-38,862
1775447230977,key-38,864
1775447230978,key-38,865
1775447230981,key-14,28
1775447230981,key-34,1505
1775447230982,key-1,61
1775447230983,key-1,62
1775447230985,key-38,872
1775447230986,key-1,65
1775447230986,key-38,873
1775447230988,key-42,209
1775447230989,key-38,876
1775447230994,key-34,1518
1775447230995,key-38,882
1775447230995,key-45,479
1775447230999,key-38,886
1775447230999,key-1,78
1775447231001,key-38,888
1775447231004,key-6,2
1775447231006,key-38,893
1775447231011,key-45,495
1775447231011,key-22,13
1775447231011,key-1,90
1775447231012,key-38,899
1775447231013,key-38,900
1775447231014,key-6,12
1775447231014,key-38,901
1775447231015,key-38,902
1775447231015,key-26,715
1775447231016,key-45,500
1775447231016,key-42,237
1775447231017,key-1,96
1775447231019,key-38,906
1775447231023,key-38,910
1775447231024,key-31,2378
1775447231025,key-12,1012
1775447231032,key-1,111
1775447231032,key-22,34
1775447231033,key-20,627
1775447231035,key-1,114
1775447231036,key-15,1490
1775447231036,key-31,2390
1775447231037,key-21,10
1775447231043,key-31,2397
1775447231043,key-44,435
1775447231043,key-21,16
1775447231044,key-1,123
1775447231045,key-48,17
1775447231049,key-9,605
1775447231050,key-7,288
1775447231052,key-7,290
1775447231053,key-1,132
1775447231053,key-21,26
1775447231053,key-9,609
1775447231054,key-14,101
1775447231055,key-31,2409
1775447231056,key-25,33
1775447231057,key-1,136
1775447231058,key-1,137
1775447231060,key-15,1514
1775447231061,key-26,761
1775447231062,key-39,318
1775447231063,key-31,2417
1775447231063,key-43,958
1775447231070,key-31,2424
1775447231071,key-1,150
1775447231071,key-27,2
1775447231073,key-9,629
1775447231073,key-1,152
1775447231077,key-40,1427
1775447231080,key-25,57
1775447231081,key-1,160
1775447231082,key-25,59
1775447231082,key-1,161
1775447231083,key-9,639
1775447231084,key-1,163
1775447231084,key-1,163
1775447231086,key-1,165
1775447231086,key-25,63
1775447231096,key-1,175
1775447231097,key-40,1447
1775447231098,key-40,1448
1775447231099,key-25,76
1775447231100,key-1,179
1775447231100,key-8,4
1775447231101,key-25,78
1775447231102,key-1,181
1775447231104,key-25,81
1775447231104,key-40,1454
1775447231104,key-44,496
1775447231105,key-44,497
1775447231106,key-25,83
1775447231109,key-36,258
1775447231110,key-25,87
1775447231111,key-40,1461
1775447231111,key-1,190
1775447231111,key-36,260
1775447231118,key-41,2429
1775447231119,key-36,268
1775447231119,key-40,1469
1775447231119,key-1,198
1775447231120,key-36,269
1775447231120,key-35,303
1775447231121,key-36,270
1775447231122,key-15,1576
1775447231126,key-36,275
1775447231127,key-41,2438
1775447231129,key-41,2440
1775447231130,key-18,209
1775447231133,key-1,212
1775447231133,key-6,131
1775447231138,key-36,287
1775447231139,key-1,218
1775447231139,key-16,214
1775447231139,key-36,288
1775447231141,key-41,2452
1775447231141,key-25,118
1775447231142,key-50,1353
1775447231142,key-36,291
1775447231143,key-1,222
1775447231145,key-1,224
1775447231150,key-41,2461
1775447231150,key-41,2461
1775447231151,key-36,300
1775447231156,key-9,712
1775447231156,key-18,235
1775447231158,key-18,237
1775447231158,key-1,237
1775447231161,key-1,240
1775447231162,key-26,862
1775447231163,key-36,312
1775447231166,key-50,1377
1775447231166,key-13,349
1775447231167,key-36,316
1775447231168,key-49,470
1775447231170,key-41,2481
1775447231170,key-1,249
1775447231171,key-49,473
1775447231171,key-50,1382
1775447231173,key-49,475
1775447231173,key-18,252
1775447231175,key-18,254
1775447231178,key-12,1165
1775447231179,key-18,258
1775447231181,key-36,330
1775447231181,key-1,260
1775447231188,key-27,119
1775447231188,key-50,1399
1775447231188,key-33,490
1775447231195,key-50,1406
1775447231196,key-27,127
1775447231199,key-49,501
1775447231200,key-12,1187
1775447231201,key-50,1412
1775447231201,key-27,132
1775447231202,key-50,1413
1775447231204,key-29,123
1775447231206,key-25,183
1775447231208,key-18,287
1775447231209,key-29,128
1775447231209,key-42,58
1775447231211,key-29,130
1775447231215,key-36,364
1775447231215,key-27,146
1775447231219,key-49,521
1775447231219,key-33,521
1775447231221,key-33,523
1775447231226,key-42,75
1775447231233,key-36,382
1775447231234,key-16,309
1775447231234,key-12,1221
1775447231235,key-29,154
1775447231236,key-12,1223
1775447231238,key-16,313
1775447231238,key-36,387
1775447231240,key-36,389
1775447231240,key-33,542
1775447231247,key-36,396
1775447231248,key-36,397
1775447231248,key-32,1224
1775447231249,key-27,180
1775447231250,key-36,399
1775447231255,key-32,1231
1775447231256,key-36,405
1775447231262,key-34,1786
1775447231262,key-17,39
1775447231263,key-32,1239
1775447231268,key-36,417
1775447231270,key-12,1257
1775447231271,key-12,1258
1775447231272,key-29,191
1775447231272,key-36,421
1775447231274,key-40,1624
1775447231276,key-36,425
1775447231277,key-27,208
1775447231278,key-36,427
1775447231279,key-12,1266
1775447231283,key-36,432
1775447231284,key-36,433
1775447231284,key-31,2638
1775447231291,key-36,440
1775447231291,key-29,210
1775447231292,key-31,2646
1775447231292,key-17,69
1775447231293,key-27,224
1775447231304,key-19,2092
1775447231305,key-37,510
1775447231305,key-29,224
1775447231307,key-36,456
1775447231307,key-32,1283
1775447231307,key-38,1194
1775447231308,key-10,24
1775447231311,key-36,460
1775447231315,key-36,464
1775447231316,key-25,293
1775447231317,key-29,236
1775447231318,key-29,237
1775447231321,key-32,1297
1775447231323,key-29,242
1775447231328,key-36,477
1775447231329,key-36,478
1775447231329,key-34,1853
1775447231331,key-3,827
1775447231335,key-38,1222
1775447231336,key-22,17
1775447231336,key-46,440
1775447231337,key-21,19
1775447231338,key-46,442
1775447231339,key-33,641
1775447231340,key-21,22
1775447231345,key-46,449
1775447231348,key-17,125
1775447231350,key-7,13
1775447231352,key-45,836
1775447231352,key-22,33
1775447231352,key-46,8
1775447231353,key-21,35
1775447231359,key-32,12
1775447231360,key-39,616
1775447231360,key-34,31
1775447231362,key-33,664
1775447231364,key-49,17
1775447231366,key-16,3
1775447231368,key-47,993
1775447231369,key-24,88
1775447231370,key-16,7
1775447231371,key-4,8
1775447231380,key-37,13
1775447231381,key-21,63
1775447231382,key-19,2170
1775447231382,key-4,19
1775447231383,key-28,1193
1775447231383,key-32,36
1775447231383,key-7,46
1775447231384,key-21,66
1775447231384,key-4,21
1775447231385,key-21,67
1775447231385,key-49,38
1775447231385,key-4,22
1775447231385,key-32,38
1775447231386,key-13,569
1775447231387,key-4,24
1775447231387,key-8,291
1775447231388,key-4,25
1775447231388,key-21,70
1775447231388,key-42,237
1775447231388,key-42,237
1775447231391,key-4,28
1775447231393,key-4,30
1775447231395,key-41,2706
1775447231396,key-5,2136
1775447231400,key-49,53
1775447231405,key-4,42
1775447231405,key-41,2716
1775447231407,key-4,44
1775447231407,key-48,379
1775447231408,key-8,312
1775447231409,key-42,258
1775447231414,key-29,333
1775447231414,key-4,51
1775447231415,key-48,387
1775447231415,key-8,319
1775447231415,key-48,387
1775447231416,key-8,320
1775447231416,key-8,320
1775447231416,key-48,388
1775447231417,key-4,54
1775447231418,key-48,390
1775447231418,key-45,902
1775447231419,key-48,391
1775447231419,key-49,72
1775447231420,key-48,392
1775447231423,key-41,2734
1775447231424,key-48,396
1775447231426,key-28,1236
1775447231427,key-4,64
1775447231429,key-28,1239
1775447231429,key-45,913
1775447231429,key-37,12
1775447231432,key-48,404
1775447231433,key-4,70
1775447231434,key-4,71
1775447231435,key-48,407
1775447231435,key-49,88
1775447231436,key-49,89
1775447231436,key-2,1017
1775447231436,key-48,408
1775447231438,key-48,410
1775447231440,key-48,412
1775447231441,key-36,590
1775447231441,key-49,94
1775447231443,key-12,1430
1775447231443,key-45,927
1775447231444,key-48,416
1775447231445,key-31,2799
1775447231446,key-4,83
1775447231446,key-28,1256
1775447231449,key-38,1336
1775447231451,key-48,423
1775447231451,key-48,423
1775447231452,key-12,1439
1775447231453,key-48,425
1775447231454,key-45,938
1775447231457,key-12,1444
1775447231458,key-48,430
1775447231460,key-25,437
1775447231460,key-45,944
1775447231464,key-48,436
1775447231465,key-12,1452
1775447231466,key-48,438
1775447231469,key-48,441
1775447231470,key-12,1457
1775447231470,key-45,954
1775447231471,key-13,654
1775447231472,key-48,444
1775447231473,key-41,2784
1775447231474,key-48,446
1775447231474,key-48,446
1775447231475,key-48,447
1775447231475,key-25,452
1775447231476,key-1,157
1775447231476,key-34,147
1775447231476,key-46,132
1775447231477,key-48,449
1775447231478,key-45,962
1775447231479,key-34,150
1775447231479,key-48,451
1775447231480,key-12,1467
1775447231483,key-19,2271
1775447231483,key-25,460
1775447231487,key-46,143
1775447231489,key-48,461
1775447231490,key-5,2230
1775447231491,key-46,147
1775447231492,key-41,2803
1775447231493,key-12,1480
1775447231495,key-48,467
1775447231495,key-46,151
1775447231496,key-12,1483
1775447231496,key-25,473
1775447231500,key-44,892
1775447231501,key-46,157
1775447231501,key-48,473
1775447231501,key-48,473
1775447231501,key-41,2812
1775447231502,key-48,474
1775447231508,key-44,900
1775447231508,key-46,164
1775447231512,key-5,2252
1775447231512,key-12,1499
1775447231513,key-20,128
1775447231520,key-46,176
1775447231520,key-50,1731
1775447231521,key-6,17
1775447231522,key-29,27
1775447231522,key-16,159
1775447231523,key-12,1510
1775447231523,key-12,1510
1775447231525,key-46,181
1775447231526,key-44,918
1775447231527,key-20,142
1775447231529,key-44,921
1775447231530,key-48,502
1775447231530,key-48,502
1775447231534,key-44,926
1775447231534,key-6,30
1775447231538,key-20,153
1775447231541,key-43,1436
1775447231541,key-29,46
1775447231542,key-50,1753
1775447231543,key-12,1530
1775447231543,key-38,1430
1775447231544,key-47,1169
1775447231545,key-50,1756
1775447231546,key-16,11
1775447231546,key-37,129
1775447231547,key-48,13
1775447231547,key-12,1534
1775447231548,key-6,44
1775447231548,key-12,1535
1775447231549,key-48,15
1775447231550,key-23,525
1775447231552,key-16,17
1775447231556,key-6,52
1775447231556,key-43,1451
1775447231557,key-12,1544
1775447231559,key-6,55
1775447231559,key-43,1454
1775447231560,key-28,1370
1775447231560,key-37,143
1775447231562,key-30,491
1775447231563,key-16,28
1775447231567,key-40,1917
1775447231567,key-48,33
1775447231570,key-37,153
1775447231570,key-37,153
1775447231571,key-12,1558
1775447231571,key-43,1466
1775447231572,key-12,1559
1775447231575,key-12,1562
1775447231575,key-16,40
1775447231575,key-43,1470
1775447231575,key-37,158
1775447231576,key-13,759
1775447231577,key-42,426
1775447231577,key-12,1564
1775447231582,key-29,87
1775447231582,key-13,765
1775447231584,key-12,1571
1775447231585,key-40,1935
1775447231586,key-43,1481
1775447231586,key-27,517
1775447231587,key-42,436
1775447231587,key-42,436
1775447231589,key-11,1480
1775447231589,key-43,1484
1775447231589,key-12,1576
1775447231591,key-12,1578
1775447231591,key-16,56
1775447231593,key-12,1580
1775447231593,key-43,1488
1775447231594,key-34,1
1775447231595,key-12,1582
1775447231596,key-43,1491
1775447231597,key-16,62
1775447231597,key-34,4
1775447231604,key-34,11
1775447231605,key-21,287
1775447231606,key-34,13
1775447231606,key-34,13
1775447231607,key-40,1957
1775447231608,key-34,15
1775447231608,key-21,290
1775447231609,key-12,1596
1775447231609,key-12,1596
1775447231611,key-21,293
1775447231611,key-26,244
1775447231612,key-34,19
1775447231615,key-15,220
1775447231617,key-21,299
1775447231618,key-34,25
1775447231619,key-39,124
1775447231620,key-21,302
1775447231623,key-24,18
1775447231623,key-1,304
1775447231624,key-21,306
1775447231624,key-39,129
1775447231628,key-45,1112
1775447231630,key-12,1617
1775447231630,key-21,312
1775447231631,key-21,313
1775447231633,key-39,138
1775447231635,key-39,140
1775447231636,key-36,785
1775447231636,key-21,318
1775447231637,key-21,319
1775447231638,key-21,320
1775447231638,key-24,6
1775447231639,key-37,222
1775447231639,key-21,321
1775447231640,key-21,322
1775447231641,key-8,545
1775447231644,key-3,1140
1775447231645,key-8,549
1775447231645,key-21,327
1775447231646,key-21,328
1775447231646,key-21,328
1775447231646,key-26,279
1775447231647,key-21,329
1775447231651,key-8,555
1775447231653,key-37,236
1775447231654,key-21,336
1775447231657,key-37,240
1775447231659,key-16,124
1775447231660,key-21,342
1775447231661,key-7,31
1775447231661,key-10,267
1775447231661,key-21,343
1775447231661,key-24,29
1775447231662,key-38,1549
1775447231662,key-8,566
1775447231664,key-26,297
1775447231667,key-39,172
1775447231667,key-21,349
1775447231668,key-21,350
1775447231675,key-21,357
1775447231675,key-24,43
1775447231676,key-7,46
1775447231676,key-19,139
1775447231676,key-21,358
1775447231677,key-19,140
1775447231680,key-21,362
1775447231680,key-22,361
1775447231682,key-39,187
1775447231682,key-37,265
1775447231685,key-47,1310
1775447231689,key-26,322
1775447231690,key-21,372
1775447231690,key-37,2
1775447231690,key-27,621
1775447231690,key-43,10
1775447231695,key-24,63
1775447231695,key-21,377
1775447231697,key-27,628
1775447231699,key-37,11
1775447231699,key-19,162
1775447231700,key-26,333
1775447231702,key-48,168
1775447231703,key-21,385
1775447231705,key-48,171
1775447231705,key-21,387
1775447231705,key-42,24
1775447231706,key-27,637
1775447231707,key-37,19
1775447231708,key-43,28
1775447231708,key-37,20
1775447231711,key-33,1013
1775447231712,key-48,5
1775447231712,key-2,1293
1775447231713,key-37,25
1775447231713,key-16,5
1775447231714,key-37,26
1775447231715,key-21,397
1775447231715,key-16,7
1775447231716,key-2,1297
1775447231721,key-24,89
1775447231721,key-16,13
1775447231724,key-35,341
1775447231724,key-37,36
1775447231726,key-16,18
1775447231729,key-2,1310
1775447231734,key-33,1036
1775447231735,key-35,352
1775447231735,key-2,1316
1775447231736,key-42,55
1775447231736,key-35,353
1775447231737,key-44,1129
1775447231737,key-16,29
1775447231738,key-15,343
1775447231740,key-45,1224
1775447231746,key-3,1242
1775447231746,key-31,3100
1775447231749,key-16,41
1775447231749,key-9,1305
1775447231750,key-42,69
1775447231751,key-37,63
1775447231751,key-50,1962
1775447231753,key-9,1309
1775447231755,key-45,1239
1775447231755,key-6,7
1775447231759,key-42,78
1775447231759,key-9,1315
1775447231759,key-35,376
1775447231765,key-5,2505
1775447231766,key-16,58
1775447231766,key-6,18
1775447231766,key-37,78
1775447231767,key-33,9
1775447231768,key-6,20
1775447231770,key-45,1254
1775447231771,key-23,9
1775447231771,key-16,63
1775447231771,key-16,63
1775447231772,key-20,387
1775447231775,key-9,1331
1775447231776,key-6,28
1775447231777,key-16,69
1775447231778,key-45,1262
1775447231784,key-41,3095
1775447231784,key-19,247
1775447231785,key-37,97
1775447231786,key-33,28
1775447231791,key-6,43
1775447231791,key-37,103
1775447231792,key-16,84
1775447231793,key-45,1277
1775447231794,key-26,427
1775447231796,key-42,115
1775447231796,key-33,38
1775447231797,key-45,1281
1775447231798,key-16,90
1775447231801,key-2,1382
1775447231801,key-37,113
1775447231802,key-45,1286
1775447231802,key-2,1383
1775447231805,key-13,988
1775447231806,key-11,1697
1775447231809,key-10,415
1775447231810,key-45,1294
1775447231810,key-37,122
1775447231810,key-2,1391
1775447231810,key-37,122
1775447231810,key-37,122
1775447231811,key-18,890
1775447231812,key-25,789
1775447231812,key-45,1296
1775447231813,key-2,1394
1775447231814,key-37,126
1775447231815,key-3,1311
1775447231815,key-47,1440
1775447231823,key-37,135
1775447231826,key-17,45
1775447231828,key-45,1312
1775447231828,key-11,1719
1775447231828,key-17,47
1775447231832,key-2,1413
1775447231832,key-12,10
1775447231834,key-12,12
1775447231835,key-12,13
1775447231844,key-12,22
1775447231847,key-20,462
1775447231848,key-2,1429
1775447231849,key-36,998
1775447231849,key-45,1333
1775447231849,key-18,928
1775447231849,key-12,27
1775447231850,key-48,143
1775447231850,key-12,28
1775447231851,key-12,29
1775447231851,key-12,29
1775447231851,key-33,93
1775447231852,key-12,30
1775447231852,key-12,30
1775447231853,key-12,31
1775447231855,key-7,225
1775447231856,key-12,34
1775447231858,key-12,36
1775447231864,key-12,42
1775447231865,key-12,43
1775447231867,key-12,45
1775447231869,key-12,47
1775447231870,key-12,48
1775447231871,key-12,49
1775447231872,key-47,1497
1775447231875,key-12,53
1775447231875,key-32,528
1775447231878,key-12,56
1775447231878,key-34,285
1775447231883,key-7,253
1775447231884,key-36,1033
1775447231887,key-12,65
1775447231890,key-12,68
1775447231891,key-7,261
1775447231893,key-12,71
1775447231895,key-7,265
1775447231895,key-12,73
1775447231897,key-11,1788
1775447231897,key-35,514
1775447231898,key-7,268
1775447231899,key-12,77
1775447231900,key-12,78
1775447231901,key-6,153
1775447231907,key-12,85
1775447231908,key-8,86
1775447231922,key-7,292
1775447231923,key-45,1407
1775447231924,key-4,561
1775447231924,key-7,294
1775447231924,key-21,606
1775447231924,key-35,541
1775447231925,key-7,295
1775447231936,key-7,306
1775447231937,key-45,1421
1775447231937,key-12,115
1775447231937,key-21,619
1775447231938,key-8,116
1775447231939,key-16,231
1775447231939,key-6,191
1775447231939,key-1,158
1775447231940,key-38,6
1775447231941,key-12,119
1775447231941,key-38,7
1775447231942,key-12,120
1775447231942,key-4,579
1775447231950,key-12,128
1775447231950,key-12,128
1775447231950,key-35,567
1775447231952,key-45,1436
1775447231953,key-6,205
1775447231953,key-45,1437
1775447231954,key-38,20
1775447231957,key-12,135
1775447231961,key-36,1110
1775447231963,key-47,1588
1775447231969,key-10,575
1775447231969,key-12,147
1775447231970,key-45,1454
1775447231970,key-38,8
1775447231971,key-38,9
1775447231984,key-12,162
1775447231985,key-7,355
1775447231985,key-38,23
1775447231985,key-12,163
1775447231986,key-6,238
1775447231991,key-36,1140
1775447231991,key-6,243
1775447231993,key-35,610
1775447231994,key-38,32
1775447231995,key-38,33
1775447231995,key-6,247
1775447231997,key-41,3308
1775447231999,key-38,37
1775447232005,key-28,1815
1775447232008,key-38,46
1775447232009,key-38,47
1775447232010,key-35,627
1775447232010,key-38,48
1775447232016,key-38,54
1775447232019,key-38,57
1775447232021,key-30,950
1775447232023,key-6,275
1775447232024,key-36,1173
1775447232028,key-42,347
1775447232028,key-1,26
1775447232029,key-35,646
1775447232039,key-42,358
1775447232040,key-38,78
1775447232041,key-12,219
1775447232041,key-35,658
1775447232041,key-35,658
1775447232042,key-40,2392
1775447232042,key-38,80
1775447232043,key-36,1192
1775447232044,key-38,82
1775447232054,key-40,2404
1775447232056,key-38,94
1775447232061,key-35,678
1775447232061,key-8,239
1775447232062,key-7,432
1775447232062,key-36,1211
1775447232062,key-38,100
1775447232064,key-40,2413
1775447232064,key-39,155
1775447232065,key-38,103
1775447232066,key-38,104
1775447232066,key-8,244
1775447232078,key-35,695
1775447232079,key-23,317
1775447232079,key-43,6
1775447232079,key-36,1228
1775447232080,key-35,697
1775447232085,key-43,12
1775447232086,key-35,703
1775447232086,key-21,768
1775447232089,key-43,16
1775447232090,key-38,128
1775447232090,key-36,1239
1775447232090,key-26,9
1775447232100,key-26,19
1775447232100,key-43,27
1775447232101,key-36,1250
1775447232102,key-43,29
1775447232106,key-43,33
1775447232106,key-21,788
1775447232106,key-38,144
1775447232112,key-38,150
1775447232113,key-26,32
1775447232116,key-14,1163
1775447232116,key-37,428
1775447232116,key-43,43
1775447232117,key-43,44
1775447232117,key-22,226
1775447232124,key-38,162
1775447232125,key-26,44
1775447232127,key-43,2
1775447232131,key-38,169
1775447232139,key-43,14
1775447232140,key-43,15
1775447232140,key-28,1950
1775447232140,key-43,15
1775447232141,key-3,1637
1775447232141,key-24,314
1775447232141,key-43,16
1775447232142,key-22,251
1775447232144,key-43,19
1775447232145,key-44,150
1775447232145,key-38,183
1775447232148,key-3,1644
1775447232148,key-3,1644
1775447232155,key-43,30
1775447232157,key-43,32
1775447232157,key-16,449
1775447232158,key-38,196
1775447232159,key-3,1655
1775447232160,key-24,333
1775447232165,key-38,203
1775447232166,key-16,458
1775447232167,key-3,1663
1775447232168,key-43,43
1775447232169,key-16,461
1775447232169,key-48,462
1775447232171,key-24,344
1775447232174,key-24,347
1775447232178,key-24,351
1775447232181,key-38,219
1775447232182,key-33,424
1775447232183,key-24,356
1775447232184,key-3,1680
1775447232186,key-24,359
1775447232187,key-3,1683
1775447232189,key-46,845
1775447232190,key-24,363
1775447232192,key-16,484
1775447232192,key-24,365
1775447232199,key-24,372
1775447232199,key-24,372
1775447232199,key-24,372
1775447232205,key-16,497
1775447232205,key-47,1830
1775447232205,key-3,1701
1775447232207,key-24,380
1775447232210,key-38,248
1775447232212,key-38,250
1775447232216,key-24,389
1775447232216,key-3,1712
1775447232216,key-24,389
1775447232216,key-29,721
1775447232221,key-3,1717
1775447232229,key-24,402
1775447232230,key-29,735
1775447232230,key-3,1726
1775447232230,key-3,1726
1775447232230,key-3,1726
1775447232232,key-3,1728
1775447232234,key-3,1730
1775447232237,key-3,1733
1775447232239,key-38,277
1775447232245,key-27,1176
1775447232246,key-24,419
1775447232246,key-3,1742
1775447232252,key-29,757
1775447232253,key-3,1749
1775447232253,key-24,426
1775447232254,key-24,427
1775447232254,key-48,547
1775447232258,key-3,1754
1775447232260,key-44,7
1775447232265,key-3,1761
1775447232265,key-50,2476
1775447232265,key-12,135
1775447232265,key-38,303
1775447232266,key-3,1762
1775447232267,key-50,2478
1775447232270,key-50,2481
1775447232274,key-3,1770
1775447232278,key-38,316
1775447232281,key-3,1777
1775447232286,key-12,156
1775447232286,key-50,2497
1775447232289,key-31,104
1775447232289,key-38,327
1775447232290,key-12,160
1775447232290,key-50,2501
1775447232291,key-27,1222
1775447232296,key-31,111
1775447232297,key-11,7
1775447232302,key-38,340
1775447232302,key-12,172
1775447232303,key-50,2514
1775447232307,key-12,177
1775447232307,key-50,2518
1775447232308,key-3,1804
1775447232308,key-50,2519
1775447232309,key-11,19
1775447232314,key-16,606
1775447232316,key-31,131
1775447232316,key-38,354
1775447232318,key-44,65
1775447232318,key-31,133
1775447232328,key-37,640
1775447232328,key-38,366
1775447232329,key-12,199
1775447232334,key-38,372
1775447232337,key-31,152
1775447232338,key-3,1834
1775447232344,key-4,229
1775447232347,key-16,639
1775447232347,key-38,385
1775447232347,key-31,162
1775447232353,key-50,2564
1775447232354,key-38,392
1775447232358,key-38,396
1775447232359,key-38,397
1775447232359,key-21,1041
1775447232360,key-38,398
1775447232361,key-38,399
1775447232370,key-40,38
1775447232370,key-38,408
1775447232373,key-50,2584
1775447232384,key-35,1001
1775447232386,key-4,271
1775447232388,key-5,334
1775447232389,key-38,427
1775447232390,key-22,33
1775447232390,key-14,1437
1775447232394,key-5,340
1775447232394,key-42,713
1775447232395,key-17,614
1775447232399,key-42,718
1775447232405,key-50,2616
1775447232408,key-42,727
1775447232409,key-38,447
1775447232410,key-50,2621
1775447232415,key-22,58
1775447232416,key-17,635
1775447232418,key-4,303
1775447232418,key-22,61
1775447232424,key-38,462
1775447232426,key-15,341
1775447232436,key-22,79
1775447232436,key-15,351
1775447232437,key-22,80
1775447232437,key-4,322
1775447232438,key-42,757
1775447232439,key-15,354
1775447232443,key-15,358
1775447232443,key-18,1522
1775447232445,key-10,31
1775447232446,key-42,765
1775447232455,key-38,493
1775447232461,key-4,346
1775447232463,key-22,106
1775447232463,key-17,682
1775447232465,key-22,108
1775447232466,key-10,52
1775447232466,key-4,9
1775447232466,key-17,685
1775447232469,key-17,688
1775447232472,key-8,74
1775447232476,key-8,78
1775447232476,key-22,119
1775447232479,key-42,798
1775447232479,key-8,81
1775447232480,key-18,1559
1775447232481,key-17,700
1775447232482,key-42,801
1775447232483,key-17,702
1775447232485,key-42,804
1775447232485,key-11,195
1775447232487,key-42,806
1775447232503,key-19,966
1775447232504,key-42,823
1775447232504,key-17,723
1775447232505,key-11,215
1775447232507,key-5,453
1775447232519,key-42,838
1775447232521,key-7,891
1775447232522,key-18,1601
1775447232522,key-8,124
1775447232524,key-26,443
1775447232526,key-50,33
1775447232529,key-6,12
1775447232529,key-17,748
1775447232532,key-42,851
1775447232533,key-5,479
1775447232534,key-35,1151
1775447232534,key-50,41
1775447232541,key-3,2037
1775447232554,key-41,138
1775447232555,key-11,265
1775447232556,key-7,926
1775447232557,key-7,927
1775447232557,key-41,141
1775447232557,key-6,40
1775447232560,key-7,930
1775447232564,key-41,148
1775447232565,key-42,884
1775447232572,key-50,79
1775447232573,key-26,492
1775447232573,key-7,943
1775447232574,key-42,893
1775447232575,key-7,945
1775447232583,key-3,2079
1775447232584,key-42,903
1775447232587,key-42,906
1775447232587,key-22,230
1775447232588,key-50,95
1775447232591,key-6,74
1775447232597,key-7,967
1775447232598,key-42,917
1775447232599,key-10,185
1775447232605,key-42,924
1775447232608,key-10,194
1775447232609,key-10,195
1775447232610,key-4,93
1775447232612,key-14,23
1775447232612,key-42,931
1775447232612,key-26,531
1775447232620,key-42,939
1775447232623,key-10,209
1775447232623,key-4,106
1775447232625,key-13,434
1775447232626,key-42,945
1775447232627,key-6,110
1775447232629,key-10,215
1775447232629,key-42,948
1775447232631,key-10,217
1775447232635,key-42,954
1775447232637,key-10,223
1775447232637,key-10,223
1775447232639,key-42,958
1775447232641,key-45,113
1775447232641,key-12,195
1775447232645,key-3,3
1775447232646,key-10,232
1775447232655,key-10,241
1775447232657,key-41,241
1775447232660,key-10,246
1775447232661,key-7,63
1775447232662,key-20,771
1775447232664,key-42,983
1775447232664,key-10,250
1775447232665,key-42,984
1775447232668,key-17,887
1775447232668,key-45,140
1775447232669,key-45,141
1775447232670,key-10,256
1775447232675,key-14,6
1775447232677,key-3,35
1775447232683,key-35,1300
1775447232683,key-29,1188
1775447232684,key-20,793
1775447232685,key-45,157
1775447232687,key-41,271
1775447232691,key-4,174
1775447232702,key-35,1319
1775447232702,key-14,33
1775447232704,key-49,1357
1775447232705,key-29,1210
1775447232705,key-3,63
1775447232706,key-22,349
1775447232706,key-45,178
1775447232708,key-20,8
1775447232708,key-30,467
1775447232709,key-35,1326
1775447232709,key-35,1326
1775447232710,key-44,457
1775447232710,key-3,68
1775447232710,key-22,353
1775447232710,key-31,525
1775447232711,key-22,354
1775447232714,key-49,1367
1775447232716,key-44,463
1775447232717,key-11,427
1775447232718,key-3,76
1775447232719,key-44,466
1775447232719,key-3,77
1775447232731,key-3,89
1775447232732,key-49,1385
1775447232733,key-11,443
1775447232733,key-20,33
1775447232735,key-44,482
1775447232735,key-49,1388
1775447232735,key-49,1388
1775447232736,key-44,483
1775447232737,key-22,380
1775447232739,key-3,97
1775447232740,key-24,913
1775447232741,key-44,488
1775447232745,key-27,45
1775447232745,key-8,347
1775447232750,key-22,393
1775447232754,key-3,112
1775447232755,key-50,11
1775447232755,key-8,357
1775447232758,key-7,24
1775447232761,key-7,27
1775447232762,key-43,419
1775447232763,key-22,406
1775447232763,key-44,510
1775447232764,key-14,95
1775447232764,key-24,937
1775447232768,key-22,411
1775447232768,key-22,411
1775447232769,key-7,8
1775447232769,key-27,69
1775447232774,key-8,376
1775447232775,key-7,14
1775447232776,key-46,1432
1775447232777,key-44,524
1775447232779,key-22,422
1775447232780,key-14,111
1775447232784,key-14,115
1775447232786,key-8,388
1775447232788,key-5,734
1775447232790,key-22,433
1775447232790,key-7,29
1775447232790,key-37,1102
1775447232793,key-22,436
1775447232794,key-22,437
1775447232795,key-8,397
1775447232796,key-31,611
1775447232797,key-14,128
1775447232798,key-5,744
1775447232800,key-46,1456
1775447232802,key-5,748
1775447232803,key-46,1459
1775447232806,key-17,1025
1775447232809,key-25,18
1775447232818,key-33,526
1775447232819,key-41,403
1775447232819,key-5,765
1775447232820,key-22,463
1775447232821,key-33,529
1775447232827,key-1,825
1775447232828,key-17,1047
1775447232829,key-46,1485
1775447232830,key-12,384
1775447232834,key-45,306
1775447232834,key-12,388
1775447232835,key-19,1298
1775447232836,key-5,782
1775447232838,key-17,1057
1775447232838,key-12,392
1775447232839,key-23,1076
1775447232844,key-45,316
1775447232844,key-17,5
1775447232847,key-12,401
1775447232848,key-5,794
1775447232852,key-12,406
1775447232857,key-5,803
1775447232858,key-17,19
1775447232858,key-19,1321
1775447232859,key-33,567
1775447232861,key-24,1034
1775447232862,key-5,808
1775447232862,key-17,23
1775447232863,key-23,1101
1775447232864,key-19,1327
1775447232865,key-12,419
1775447232869,key-5,815
1775447232871,key-45,343
1775447232873,key-24,1046
1775447232884,key-12,438
1775447232885,key-17,46
1775447232885,key-17,46
1775447232885,key-17,46
1775447232885,key-23,1123
1775447232885,key-12,439
1775447232885,key-20,20
1775447232888,key-14,219
1775447232893,key-39,984
1775447232894,key-1,892
1775447232894,key-12,448
1775447232898,key-11,608
1775447232899,key-12,453
1775447232901,key-7,140
1775447232902,key-12,456
1775447232902,key-24,1075
1775447232916,key-12,470
1775447232916,key-20,51
1775447232917,key-24,1090
1775447232917,key-7,156
1775447232919,key-7,158
1775447232920,key-32,1573
1775447232921,key-15,113
1775447232922,key-35,29
1775447232922,key-46,9
1775447232928,key-1,926
1775447232931,key-12,485
1775447232932,key-7,171
1775447232933,key-20,68
1775447232933,key-30,20
1775447232936,key-24,1109
1775447232937,key-24,1110
1775447232940,key-12,494
1775447232940,key-3,298
1775447232942,key-1,940
1775447232942,key-3,300
1775447232946,key-3,304
1775447232946,key-12,500
1775447232947,key-30,7
1775447232950,key-31,765
1775447232952,key-5,898
1775447232953,key-30,13
1775447232954,key-24,1127
1775447232954,key-4,20
1775447232957,key-4,23
1775447232958,key-12,512
1775447232958,key-46,18
1775447232959,key-27,14
1775447232959,key-31,774
1775447232964,key-1,962
1775447232964,key-31,779
1775447232965,key-1,963
1775447232966,key-31,781
1775447232976,key-31,791
1775447232978,key-12,532
1775447232978,key-20,113
1775447232980,key-31,795
1775447232982,key-4,48
1775447232987,key-1,985
1775447232987,key-20,122
1775447232987,key-12,541
1775447232987,key-31,802
1775447232987,key-17,148
1775447232989,key-31,804
1775447232989,key-30,49
1775447232989,key-30,49
1775447232992,key-8,7
1775447232993,key-31,808
1775447232994,key-18,26
1775447232995,key-8,10
1775447232996,key-31,811
1775447232996,key-33,704
1775447232997,key-31,812
1775447232998,key-18,30
1775447232998,key-20,133
1775447232999,key-18,31
1775447233005,key-34,909
1775447233005,key-18,37
1775447233008,key-31,823
1775447233008,key-17,169
1775447233009,key-16,1301
1775447233014,key-30,74
1775447233015,key-31,830
1775447233015,key-31,830
1775447233016,key-20,151
1775447233018,key-16,1310
1775447233019,key-42,1338
1775447233020,key-20,155
1775447233021,key-42,1340
1775447233022,key-34,926
1775447233023,key-20,158
1775447233024,key-7,263
1775447233024,key-7,263
1775447233032,key-18,64
1775447233032,key-26,951
1775447233036,key-34,940
1775447233038,key-31,10
1775447233041,key-7,280
1775447233042,key-34,946
1775447233044,key-26,963
1775447233065,key-34,969
1775447233066,key-38,1104
1775447233067,key-22,48
1775447233067,key-42,1386
1775447233067,key-16,33
1775447233067,key-42,1386
1775447233067,key-16,33
1775447233068,key-31,40
1775447233068,key-25,277
1775447233068,key-7,307
1775447233068,key-26,987
1775447233068,key-26,987
1775447233068,key-11,778
1775447233069,key-16,35
1775447233069,key-26,988
1775447233069,key-18,101
1775447233070,key-26,989
1775447233070,key-30,8
1775447233074,key-23,5
1775447233074,key-44,821
1775447233079,key-22,60
1775447233082,key-40,750
1775447233084,key-23,15
1775447233084,key-11,794
1775447233085,key-22,66
1775447233087,key-1,1085
1775447233088,key-22,69
1775447233089,key-23,20
1775447233091,key-16,22
1775447233091,key-23,22
1775447233096,key-40,764
1775447233102,key-16,33
1775447233104,key-18,136
1775447233104,key-48,706
1775447233104,key-33,812
1775447233104,key-26,18
1775447233107,key-23,38
1775447233108,key-11,818
1775447233109,key-14,23
1775447233109,key-23,40
1775447233112,key-23,43
1775447233115,key-16,46
1775447233115,key-20,250
1775447233116,key-43,773
1775447233116,key-14,30
1775447233116,key-22,97
1775447233117,key-33,825
1775447233120,key-14,34
1775447233121,key-16,52
1775447233122,key-23,53
1775447233126,key-16,57
1775447233126,key-35,233
1775447233128,key-35,235
1775447233129,key-9,2685
1775447233130,key-40,798
1775447233130,key-1,4
1775447233131,key-22,112
1775447233133,key-40,801
1775447233134,key-40,802
1775447233136,key-14,50
1775447233137,key-1,11
1775447233142,key-24,1315
1775447233145,key-6,628
1775447233146,key-1,20
1775447233149,key-40,817
1775447233150,key-15,2
1775447233151,key-14,65
1775447233151,key-35,258
1775447233157,key-42,29
1775447233158,key-11,868
1775447233159,key-14,73
1775447233160,key-40,828
1775447233162,key-14,76
1775447233165,key-50,421
1775447233168,key-40,836
1775447233170,key-26,84
1775447233171,key-40,839
1775447233172,key-50,428
1775447233172,key-14,86
1775447233173,key-30,111
1775447233175,key-26,89
1775447233175,key-14,89
1775447233178,key-40,846
1775447233178,key-14,92
1775447233178,key-14,92
1775447233179,key-40,847
1775447233188,key-14,102
1775447233188,key-40,856
1775447233188,key-40,856
1775447233193,key-14,107
1775447233193,key-50,449
1775447233193,key-46,31
1775447233195,key-14,109
1775447233196,key-26,9
1775447233198,key-30,136
1775447233199,key-14,113
1775447233199,key-14,113
1775447233200,key-14,114
1775447233202,key-14,116
1775447233205,key-30,143
1775447233206,key-50,462
1775447233207,key-14,121
1775447233212,key-14,126
1775447233213,key-14,127
1775447233213,key-14,127
1775447233220,key-42,92
1775447233222,key-14,136
1775447233229,key-18,35
1775447233230,key-14,144
1775447233231,key-26,44
1775447233231,key-30,169
1775447233232,key-35,339
1775447233232,key-14,146
1775447233232,key-14,146
1775447233233,key-42,105
1775447233235,key-10,821
1775447233236,key-26,6
1775447233238,key-14,152
1775447233241,key-31,213
1775447233245,key-26,15
1775447233245,key-14,159
1775447233246,key-35,353
1775447233246,key-23,177
1775447233246,key-14,160
1775447233247,key-11,957
1775447233251,key-11,961
1775447233251,key-35,358
1775447233251,key-40,919
1775447233252,key-31,224
1775447233253,key-42,9
1775447233258,key-18,17
1775447233258,key-42,14
1775447233259,key-10,845
1775447233263,key-23,194
1775447233264,key-4,330
1775447233265,key-35,372
1775447233265,key-40,933
1775447233270,key-44,1017
1775447233270,key-40,938
1775447233279,key-17,440
1775447233279,key-49,1932
1775447233280,key-8,295
1775447233280,key-42,36
1775447233282,key-23,213
1775447233282,key-10,868
1775447233283,key-10,869
1775447233283,key-14,19
1775447233283,key-20,418
1775447233284,key-4,350
1775447233285,key-17,446
1775447233286,key-23,217
1775447233287,key-14,23
1775447233292,key-25,501
1775447233293,key-20,428
1775447233294,key-42,50
1775447233295,key-26,65
1775447233297,key-39,196
1775447233298,key-8,313
1775447233300,key-14,36
1775447233304,key-10,890
1775447233304,key-39,203
1775447233305,key-26,75
1775447233311,key-25,520
1775447233311,key-25,520
1775447233313,key-25,522
1775447233314,key-5,1260
1775447233314,key-14,50
1775447233315,key-10,4
1775447233316,key-10,5
1775447233316,key-47,1075
1775447233320,key-10,9
1775447233321,key-26,91
1775447233323,key-10,12
1775447233325,key-10,14
1775447233326,key-10,15
1775447233327,key-10,16
1775447233329,key-3,687
1775447233334,key-10,23
1775447233335,key-10,24
1775447233335,key-43,992
1775447233335,key-39,234
1775447233335,key-6,818
1775447233338,key-47,1097
1775447233339,key-10,28
1775447233342,key-33,1050
1775447233344,key-10,33
1775447233346,key-38,1384
1775447233346,key-10,35
1775447233351,key-42,17
1775447233354,key-42,20
1775447233354,key-44,11
1775447233356,key-38,1394
1775447233361,key-6,844
1775447233362,key-47,1121
1775447233363,key-31,335
1775447233363,key-47,1122
1775447233364,key-35,471
1775447233366,key-49,2019
1775447233366,key-21,2048
1775447233368,key-35,475
1775447233368,key-47,1127
1775447233370,key-6,853
1775447233370,key-7,609
1775447233371,key-47,1130
1775447233371,key-42,37
1775447233372,key-50,628
1775447233374,key-41,178
1775447233374,key-47,1133
1775447233375,key-6,858
1775447233376,key-50,632
1775447233386,key-42,52
1775447233387,key-8,402
1775447233388,key-47,1147
1775447233390,key-42,56
1775447233390,key-7,629
1775447233390,key-32,2043
1775447233396,key-41,200
1775447233399,key-41,203
1775447233399,key-1,6
1775447233400,key-50,656
1775447233401,key-41,205
1775447233402,key-23,2
1775447233403,key-1,10
1775447233406,key-35,513
1775447233407,key-7,646
1775447233409,key-1,16
1775447233409,key-32,2062
1775447233409,key-41,213
1775447233412,key-23,12
1775447233413,key-38,1451
1775447233419,key-1,26
1775447233419,key-50,675
1775447233419,key-23,19
1775447233420,key-41,224
1775447233420,key-49,2073
1775447233420,key-49,2073
1775447233421,key-1,28
1775447233423,key-15,275
1775447233425,key-8,440
1775447233425,key-49,2078
1775447233426,key-50,682
1775447233428,key-29,1933
1775447233435,key-35,542
1775447233435,key-23,35
1775447233435,key-7,674
1775447233442,key-35,6
1775447233443,key-24,1616
1775447233451,key-26,221
1775447233453,key-16,21
1775447233454,key-1,61
1775447233455,key-23,55
1775447233455,key-16,23
1775447233457,key-24,1630
1775447233457,key-24,1630
1775447233458,key-1,65
1775447233458,key-35,22
1775447233464,key-16,32
1775447233464,key-24,1637
1775447233465,key-1,72
1775447233466,key-29,1971
1775447233473,key-38,1511
1775447233476,key-37,40
1775447233476,key-47,1235
1775447233476,key-35,40
1775447233479,key-50,735
1775447233480,key-24,1653
1775447233480,key-26,250
1775447233483,key-16,51
1775447233483,key-26,253
1775447233486,key-34,20
1775447233486,key-19,1949
1775447233487,key-26,257
1775447233488,key-27,543
1775447233491,key-27,546
1775447233493,key-38,1531
1775447233493,key-26,263
1775447233493,key-19,1956
1775447233501,key-35,65
1775447233501,key-27,556
1775447233505,key-47,1264
1775447233507,key-10,196
1775447233508,key-35,72
1775447233514,key-47,1273
1775447233514,key-27,569
1775447233515,key-47,1274
1775447233518,key-27,573
1775447233518,key-35,82
1775447233520,key-10,209
1775447233520,key-12,8
1775447233522,key-24,1695
1775447233523,key-27,578
1775447233524,key-13,32
1775447233525,key-26,295
1775447233525,key-50,781
1775447233530,key-47,1289
1775447233531,key-45,1003
1775447233532,key-47,1291
1775447233532,key-47,1291
1775447233534,key-21,2216
1775447233534,key-35,98
1775447233535,key-26,305
1775447233540,key-17,11
1775447233541,key-47,1300
1775447233543,key-42,209
1775447233547,key-46,69
1775447233549,key-21,2231
1775447233551,key-16,10
1775447233552,key-5,31
1775447233553,key-6,1036
1775447233554,key-50,810
1775447233558,key-26,328
1775447233560,key-16,19
1775447233560,key-16,19
1775447233561,key-6,1044
1775447233564,key-47,1323
1775447233565,key-46,87
1775447233566,key-18,325
1775447233566,key-28,666
1775447233566,key-5,45
1775447233568,key-46,90
1775447233571,key-47,1330
1775447233572,key-6,1055
1775447233574,key-11,8
1775447233577,key-28,677
1775447233579,key-5,58
1775447233581,key-26,351
1775447233581,key-16,40
1775447233582,key-50,838
1775447233583,key-29,2088
1775447233584,key-11,18
1775447233586,key-11,20
1775447233589,key-2,916
1775447233591,key-47,1350
1775447233592,key-39,491
1775447233595,key-28,695
1775447233596,key-2,923
1775447233598,key-26,368
1775447233601,key-23,6
1775447233601,key-28,701
1775447233603,key-39,502
1775447233605,key-28,705
1775447233606,key-4,25
1775447233613,key-35,16
1775447233614,key-7,853
1775447233618,key-4,37
1775447233618,key-2,945
1775447233619,key-23,24
1775447233620,key-14,356
1775447233621,key-2,948
1775447233622,key-39,521
1775447233624,key-14,360
1775447233626,key-2,953
1775447233626,key-5,105
1775447233626,key-30,564
1775447233628,key-17,99
1775447233635,key-2,962
1775447233635,key-5,114
1775447233635,key-5,114
1775447233636,key-16,17
1775447233642,key-2,969
1775447233642,key-2,969
1775447233643,key-46,165
1775447233643,key-16,24
1775447233644,key-5,123
1775447233645,key-5,124
1775447233646,key-2,973
1775447233649,key-35,52
1775447233649,key-14,385
1775447233649,key-21,2331
1775447233651,key-8,666
1775447233652,key-39,551
1775447233654,key-17,125
1775447233658,key-21,2340
1775447233658,key-35,61
1775447233659,key-17,130
1775447233659,key-21,2341
1775447233662,key-16,43
1775447233662,key-14,398
1775447233664,key-9,476
1775447233666,key-41,470
1775447233667,key-41,471
1775447233668,key-46,190
1775447233669,key-35,72
1775447233672,key-21,2354
1775447233673,key-17,144
1775447233674,key-6,96
1775447233681,key-21,2363
1775447233681,key-17,152
1775447233685,key-21,2367
1775447233686,key-6,108
1775447233688,key-2,1015
1775447233691,key-24,1864
1775447233692,key-17,163
1775447233692,key-41,23
1775447233696,key-21,2378
1775447233697,key-23,102
1775447233697,key-14,433
1775447233698,key-38,1736
1775447233701,key-38,1739
1775447233702,key-41,33
1775447233702,key-41,33
1775447233705,key-41,36
1775447233705,key-17,176
1775447233706,key-26,476
1775447233711,key-21,2393
1775447233713,key-23,118
1775447233713,key-8,728
1775447233713,key-35,116
1775447233717,key-24,1890
1775447233717,key-8,732
1775447233719,key-41,50
1775447233726,key-41,57
1775447233731,key-24,1904
1775447233731,key-35,134
1775447233732,key-34,266
1775447233734,key-41,65
1775447233735,key-34,269
1775447233736,key-8,751
1775447233737,key-25,946
1775447233737,key-40,1405
1775447233740,key-34,274
1775447233741,key-21,2423
1775447233741,key-2,1068
1775447233743,key-41,74
1775447233744,key-41,75
1775447233745,key-34,279
1775447233745,key-25,954
1775447233747,key-21,2429
1775447233751,key-33,1459
1775447233751,key-3,1109
1775447233755,key-36,20
1775447233758,key-8,14
1775447233759,key-2,1086
1775447233761,key-36,26
1775447233762,key-34,296
1775447233762,key-40,1430
1775447233763,key-2,1090
1775447233765,key-41,96
1775447233770,key-41,101
1775447233771,key-34,305
1775447233773,key-8,29
1775447233775,key-21,2457
1775447233777,key-33,1485
1775447233778,key-25,987
1775447233778,key-21,2460
1775447233779,key-40,1447
1775447233783,key-2,1110
1775447233784,key-33,1492
1775447233786,key-19,2249
1775447233786,key-3,1144
1775447233788,key-41,119
1775447233790,key-36,55
1775447233791,key-41,122
1775447233792,key-8,48
1775447233793,key-21,2475
1775447233794,key-8,50
1775447233796,key-41,127
1775447233798,key-41,129
1775447233799,key-8,55
1775447233800,key-41,131
1775447233801,key-3,1159
1775447233811,key-41,142
1775447233812,key-3,1170
1775447233813,key-10,502
1775447233816,key-3,1174
1775447233817,key-3,1175
1775447233817,key-37,381
1775447233818,key-33,1526
1775447233819,key-3,1177
1775447233820,key-8,76
1775447233822,key-10,511
1775447233831,key-3,1189
1775447233831,key-21,2513
1775447233832,key-32,2485
1775447233833,key-3,1191
1775447233836,key-3,1194
1775447233838,key-10,527
1775447233839,key-41,170
1775447233841,key-9,653
1775447233841,key-41,172
1775447233843,key-3,1201
1775447233846,key-3,1204
1775447233849,key-50,1105
1775447233850,key-33,1558
1775447233851,key-8,107
1775447233858,key-8,114
1775447233858,key-48,154
1775447233858,key-10,547
1775447233858,key-3,1216
1775447233861,key-21,2543
1775447233866,key-10,555
1775447233867,key-21,2549
1775447233867,key-7,1106
1775447233869,key-3,1227
1775447233871,key-3,1229
1775447233873,key-41,204
1775447233875,key-50,1131
1775447233875,key-10,564
1775447233876,key-48,172
1775447233877,key-3,1235
1775447233884,key-3,1242
1775447233884,key-34,418
1775447233884,key-3,1242
1775447233888,key-50,1144
1775447233891,key-31,395
1775447233894,key-3,1252
1775447233898,key-48,194
1775447233900,key-29,2405
1775447233901,key-3,1259
1775447233903,key-12,391
1775447233907,key-50,1163
1775447233909,key-31,413
1775447233917,key-34,451
1775447233917,key-3,1275
1775447233918,key-3,1276
1775447233918,key-9,730
1775447233919,key-21,2601
1775447233923,key-48,219
1775447233930,key-3,1288
1775447233930,key-3,1288
1775447233930,key-3,1288
1775447233930,key-30,868
1775447233932,key-46,454
1775447233932,key-3,1290
1775447233934,key-3,1292
1775447233935,key-49,2588
1775447233941,key-3,1299
1775447233941,key-48,237
1775447233943,key-3,1301
1775447233946,key-27,3
1775447233953,key-3,1311
1775447233954,key-26,724
1775447233959,key-44,616
1775447233961,key-3,1319
1775447233963,key-3,1321
1775447233966,key-3,1324
1775447233967,key-48,263
1775447233967,key-3,1325
1775447233967,key-13,146
1775447233970,key-30,908
1775447233971,key-3,1329
1775447233973,key-3,1331
1775447233979,key-9,13
1775447233980,key-13,159
1775447233980,key-26,26
1775447233980,key-39,879
1775447233980,key-28,1080
1775447233981,key-3,1339
1775447233990,key-17,461
1775447233991,key-3,1349
1775447233993,key-3,1351
1775447233993,key-13,172
1775447233995,key-13,174
1775447234000,key-17,471
1775447234002,key-16,383
1775447234003,key-1,4
1775447234005,key-3,1363
1775447234006,key-45,30
1775447234007,key-34,12
1775447234009,key-9,43
1775447234015,key-23,420
1775447234016,key-32,17
1775447234017,key-26,63
1775447234017,key-25,1226
1775447234019,key-10,708
1775447234022,key-30,960
1775447234025,key-43,1682
1775447234027,key-13,206
1775447234027,key-10,716
1775447234029,key-27,86
1775447234030,key-17,501
1775447234035,key-34,40
1775447234044,key-32,45
1775447234044,key-27,101
1775447234045,key-23,450
1775447234045,key-25,1254
1775447234047,key-25,1256
1775447234052,key-16,433
1775447234053,key-13,232
1775447234054,key-25,1263
1775447234055,key-27,112
1775447234057,key-25,1266
1775447234059,key-23,464
1775447234059,key-16,440
1775447234063,key-43,36
1775447234064,key-27,121
1775447234067,key-43,40
1775447234068,key-17,10
1775447234068,key-27,125
1775447234068,key-16,449
1775447234078,key-27,135
1775447234079,key-17,21
1775447234079,key-25,1288
1775447234079,key-32,80
1775447234081,key-30,1019
1775447234082,key-47,69
1775447234083,key-27,140
1775447234084,key-15,936
1775447234085,key-17,27
1775447234087,key-17,29
1775447234089,key-43,62
1775447234091,key-23,496
1775447234093,key-16,474
1775447234098,key-12,586
1775447234099,key-47,86
1775447234100,key-6,522
1775447234103,key-30,1041
1775447234104,key-12,592
1775447234107,key-17,49
1775447234108,key-11,25
1775447234109,key-3,15
1775447234110,key-8,366
1775447234111,key-35,514
1775447234111,key-27,168
1775447234112,key-13,291
1775447234113,key-8,369
1775447234115,key-4,8
1775447234119,key-6,541
1775447234122,key-4,15
1775447234123,key-6,545
1775447234123,key-27,180
1775447234126,key-4,19
1775447234127,key-27,184
1775447234129,key-13,308
1775447234129,key-6,551
1775447234130,key-6,552
1775447234132,key-11,49
1775447234138,key-11,55
1775447234139,key-6,561
1775447234140,key-25,1349
1775447234141,key-11,58
1775447234142,key-43,115
1775447234143,key-4,36
1775447234145,key-17,87
1775447234146,key-4,39
1775447234148,key-4,41
1775447234148,key-27,205
1775447234150,key-47,137
1775447234153,key-4,46
1775447234154,key-35,557
1775447234155,key-13,334
1775447234156,key-37,32
1775447234159,key-4,52
1775447234162,key-38,2200
1775447234162,key-35,565
1775447234162,key-17,104
1775447234164,key-40,1832
1775447234165,key-4,58
1775447234168,key-22,1149
1775447234169,key-12,657
1775447234169,key-47,156
1775447234172,key-23,577
1775447234174,key-12,662
1775447234174,key-50,1430
1775447234179,key-40,1847
1775447234180,key-40,1848
1775447234180,key-22,1161
1775447234182,key-10,871
1775447234183,key-1,184
1775447234185,key-12,673
1775447234188,key-4,81
1775447234193,key-7,9
1775447234194,key-44,851
1775447234194,key-50,1450
1775447234195,key-1,196
1775447234195,key-17,137
1775447234197,key-10,886
1775447234199,key-40,1867
1775447234201,key-22,1182
1775447234201,key-10,890
1775447234202,key-7,18
1775447234204,key-40,1872
1775447234205,key-10,894
1775447234207,key-1,208
1775447234210,key-10,899
1775447234211,key-12,699
1775447234212,key-4,105
1775447234213,key-10,902
1775447234216,key-7,32
1775447234218,key-40,1886
1775447234218,key-7,34
1775447234219,key-16,7
1775447234220,key-7,36
1775447234221,key-32,222
1775447234222,key-42,468
1775447234230,key-30,21
1775447234230,key-40,1898
1775447234230,key-36,78
1775447234230,key-40,1898
1775447234232,key-12,720
1775447234234,key-32,235
1775447234235,key-12,723
1775447234236,key-36,84
1775447234236,key-30,27
1775447234237,key-42,483
1775447234238,key-10,927
1775447234238,key-38,2276
1775447234238,key-10,927
1775447234238,key-11,155
1775447234240,key-1,241
1775447234240,key-40,1908
1775447234240,key-16,28
1775447234243,key-30,34
1775447234247,key-36,95
1775447234247,key-12,735
1775447234248,key-32,249
1775447234252,key-12,740
1775447234253,key-30,44
1775447234254,key-1,255
1775447234254,key-40,1922
1775447234255,key-21,2937
1775447234259,key-11,176
1775447234259,key-10,948
1775447234261,key-37,18
1775447234261,key-15,1113
1775447234263,key-37,20
1775447234264,key-20,18
1775447234266,key-1,267
1775447234267,key-5,746
1775447234268,key-39,1167
1775447234271,key-30,62
1775447234274,key-6,696
1775447234274,key-40,1942
1775447234275,key-21,2957
1775447234277,key-40,1945
1775447234278,key-46,800
1775447234279,key-21,2961
1775447234282,key-5,761
1775447234282,key-21,2964
1775447234283,key-36,131
1775447234284,key-41,8
1775447234295,key-38,2333
1775447234296,key-8,552
1775447234297,key-20,51
1775447234302,key-30,93
1775447234302,key-5,781
1775447234302,key-21,2984
1775447234307,key-4,13
1775447234307,key-31,811
1775447234308,key-41,32
1775447234308,key-24,411
1775447234310,key-21,2992
1775447234313,key-31,3
1775447234314,key-21,2996
1775447234316,key-21,2998
1775447234317,key-12,805
1775447234325,key-4,31
1775447234325,key-21,3007
1775447234326,key-4,32
1775447234327,key-21,3009
1775447234328,key-21,3010
1775447234328,key-4,34
1775447234329,key-21,3011
1775447234330,key-4,36
1775447234331,key-15,1183
1775447234337,key-11,3
1775447234337,key-12,825
1775447234339,key-1,340
1775447234340,key-4,46
1775447234344,key-44,1001
1775447234349,key-21,3031
1775447234351,key-15,1203
1775447234353,key-4,59
1775447234353,key-15,1205
1775447234354,key-21,3036
1775447234354,key-20,108
1775447234358,key-25,1567
1775447234359,key-4,65
1775447234359,key-15,1211
1775447234364,key-15,1216
1775447234368,key-35,771
1775447234368,key-32,369
1775447234369,key-14,1105
1775447234370,key-8,30
1775447234370,key-6,21
1775447234372,key-5,851
1775447234377,key-41,28
1775447234379,key-15,1231
1775447234379,key-32,380
1775447234379,key-4,85
1775447234381,key-15,1233
1775447234382,key-4,88
1775447234384,key-4,90
1775447234385,key-36,233
1775447234392,key-41,43
1775447234394,key-32,395
1775447234394,key-35,797
1775447234395,key-44,1052
1775447234396,key-4,102
1775447234397,key-32,398
1775447234398,key-6,49
1775447234401,key-41,52
1775447234401,key-32,402
1775447234402,key-15,1254
1775447234402,key-4,108
1775447234404,key-4,110
1775447234406,key-49,3059
1775447234407,key-4,113
1775447234408,key-32,409
1775447234408,key-15,1260
1775447234413,key-15,5
1775447234415,key-15,7
1775447234416,key-7,232
1775447234416,key-32,417
1775447234419,key-4,125
1775447234420,key-49,3073
1775447234422,key-5,50
1775447234423,key-15,15
1775447234423,key-32,424
1775447234424,key-15,16
1775447234427,key-28,1527
1775447234432,key-15,24
1775447234432,key-15,24
1775447234433,key-30,224
1775447234435,key-15,27
1775447234439,key-15,31
1775447234441,key-15,33
1775447234442,key-30,233
1775447234442,key-49,3095
1775447234442,key-32,443
1775447234445,key-15,37
1775447234446,key-15,38
1775447234448,key-15,40
1775447234452,key-15,44
1775447234453,key-15,45
1775447234453,key-13,632
1775447234455,key-12,8
1775447234461,key-15,53
1775447234462,key-15,54
1775447234462,key-46,984
1775447234466,key-40,20
1775447234467,key-15,59
1775447234467,key-35,870
1775447234467,key-12,20
1775447234469,key-13,648
1775447234469,key-40,23
1775447234470,key-30,261
1775447234470,key-48,157
1775447234474,key-34,479
1775447234475,key-34,480
1775447234479,key-10,1168
1775447234480,key-12,33
1775447234481,key-46,1003
1775447234481,key-34,486
1775447234482,key-35,885
1775447234482,key-5,110
1775447234483,key-34,488
1775447234483,key-15,75
1775447234485,key-30,276
1775447234487,key-40,41
1775447234488,key-29,2993
1775447234488,key-48,175
1775447234492,key-13,671
1775447234493,key-40,47
1775447234497,key-13,676
1775447234497,key-48,184
1775447234497,key-48,184
1775447234505,key-12,58
1775447234505,key-5,133
1775447234506,key-34,511
1775447234506,key-34,511
1775447234509,key-13,688
1775447234511,key-8,100
1775447234512,key-12,65
1775447234513,key-10,26
1775447234515,key-10,28
1775447234516,key-2,1843
1775447234516,key-39,1415
1775447234520,key-39,1419
1775447234520,key-12,73
1775447234523,key-34,528
1775447234523,key-2,1850
1775447234525,key-15,36
1775447234525,key-12,78
1775447234527,key-2,1854
1775447234529,key-9,563
1775447234531,key-12,84
1775447234531,key-2,1858
1775447234533,key-26,150
1775447234534,key-47,8
1775447234536,key-12,89
1775447234546,key-2,1873
1775447234548,key-12,101
1775447234549,key-12,102
1775447234549,key-12,102
1775447234550,key-12,103
1775447234553,key-12,106
1775447234554,key-12,107
1775447234554,key-15,65
1775447234554,key-2,1881
1775447234556,key-12,109
1775447234562,key-15,73
1775447234562,key-2,1889
1775447234563,key-15,74
1775447234566,key-15,77
1775447234568,key-12,121
1775447234573,key-12,126
1775447234574,key-2,1901
1775447234574,key-19,547
1775447234575,key-7,391
1775447234575,key-15,86
1775447234576,key-12,129
1775447234579,key-18,38
1775447234582,key-12,135
1775447234582,key-10,95
1775447234584,key-12,137
1775447234585,key-7,401
1775447234588,key-13,767
1775447234590,key-17,532
1775447234591,key-6,242
1775447234595,key-12,148
1775447234595,key-46,1117
1775447234596,key-46,1118
1775447234597,key-7,413
1775447234597,key-17,539
1775447234599,key-10,112
1775447234599,key-13,778
1775447234600,key-7,416
1775447234601,key-10,114
1775447234604,key-18,63
1775447234607,key-12,160
1775447234615,key-13,794
1775447234618,key-10,131
1775447234618,key-12,171
1775447234620,key-10,133
1775447234621,key-38,303
1775447234621,key-13,800
1775447234623,key-13,802
1775447234624,key-34,629
1775447234627,key-34,632
1775447234630,key-34,635
1775447234630,key-13,809
1775447234632,key-10,145
1775447234633,key-38,315
1775447234637,key-34,642
1775447234640,key-47,114
1775447234640,key-22,20
1775447234645,key-25,11
1775447234646,key-10,159
1775447234646,key-4,352
1775447234646,key-12,199
1775447234646,key-34,651
1775447234646,key-13,825
1775447234649,key-13,828
1775447234649,key-13,828
1775447234655,key-13,834
1775447234658,key-38,340
1775447234662,key-10,175
1775447234663,key-18,11
1775447234663,key-13,842
1775447234663,key-13,842
1775447234671,key-13,850
1775447234672,key-10,185
1775447234674,key-38,356
1775447234678,key-13,857
1775447234679,key-12,232
1775447234680,key-38,362
1775447234680,key-13,859
1775447234681,key-5,309
1775447234681,key-14,1417
1775447234682,key-13,861
1775447234684,key-3,590
1775447234686,key-14,1422
1775447234688,key-38,370
1775447234693,key-13,8
1775447234693,key-13,8
1775447234693,key-32,694
1775447234695,key-38,377
1775447234699,key-24,802
1775447234699,key-38,381
1775447234700,key-13,15
1775447234700,key-28,74
1775447234702,key-14,1438
1775447234709,key-14,1445
1775447234709,key-14,1445
1775447234712,key-38,394
1775447234714,key-24,817
1775447234714,key-19,687
1775447234715,key-28,89
1775447234718,key-15,229
1775447234719,key-49,3372
1775447234723,key-24,826
1775447234725,key-38,407
1775447234726,key-15,237
1775447234726,key-35,1129
1775447234728,key-45,752
1775447234729,key-28,103
1775447234731,key-15,242
1775447234734,key-45,758
1775447234734,key-4,440
1775447234738,key-15,249
1775447234739,key-45,763
1775447234741,key-33,2449
1775447234746,key-45,770
1775447234746,key-28,120
1775447234754,key-15,265
1775447234755,key-45,779
1775447234757,key-24,860
1775447234762,key-45,786
1775447234762,key-45,786
1775447234762,key-24,865
1775447234763,key-48,450
1775447234763,key-15,274
1775447234765,key-45,789
1775447234766,key-45,790
1775447234766,key-28,140
1775447234766,key-45,790
1775447234766,key-24,869
1775447234767,key-2,2094
1775447234770,key-24,873
1775447234771,key-7,587
1775447234771,key-45,795
1775447234781,key-24,884
1775447234782,key-48,469
1775447234785,key-45,809
1775447234787,key-45,811
1775447234788,key-45,812
1775447234791,key-45,815
1775447234791,key-24,894
1775447234792,key-45,816
1775447234794,key-45,818
1775447234798,key-42,1044
1775447234799,key-11,14
1775447234800,key-24,4
1775447234801,key-26,69
1775447234802,key-45,826
1775447234803,key-14,14
1775447234803,key-45,827
1775447234807,key-48,494
1775447234812,key-11,27
1775447234813,key-45,837
1775447234816,key-11,31
1775447234822,key-41,238
1775447234823,key-48,510
1775447234826,key-48,513
1775447234838,key-26,106
1775447234839,key-45,863
1775447234839,key-44,1496
1775447234840,key-45,864
1775447234840,key-45,864
1775447234840,key-21,140
1775447234840,key-24,44
1775447234840,key-34,845
1775447234842,key-26,110
1775447234842,key-48,529
1775447234842,key-45,866
1775447234842,key-37,599
1775447234842,key-45,866
1775447234849,key-45,873
1775447234850,key-1,851
1775447234853,key-45,877
1775447234865,key-45,889
1775447234865,key-11,80
1775447234865,key-46,16
1775447234866,key-45,890
1775447234866,key-45,890
1775447234866,key-45,890
1775447234867,key-42,1113
1775447234867,key-12,420
1775447234867,key-45,891
1775447234867,key-45,891
1775447234868,key-45,892
1775447234869,key-50,2125
1775447234870,key-48,557
1775447234871,key-11,86
1775447234880,key-50,2136
1775447234881,key-11,96
1775447234881,key-46,32
1775447234882,key-45,906
1775447234887,key-46,38
1775447234887,key-45,911
1775447234889,key-23,19
1775447234892,key-50,2148
1775447234892,key-45,916
1775447234892,key-45,916
1775447234893,key-46,44
1775447234894,key-4,600
1775447234894,key-42,1140
1775447234895,key-45,919
1775447234895,key-45,919
1775447234895,key-7,711
1775447234896,key-48,583
1775447234897,key-42,1143
1775447234904,key-45,928
1775447234904,key-45,928
1775447234905,key-39,1804
1775447234907,key-45,931
1775447234908,key-45,932
1775447234908,key-48,595
1775447234910,key-45,934
1775447234910,key-5,126
1775447234911,key-48,598
1775447234915,key-45,939
1775447234917,key-39,1816
1775447234918,key-42,1164
1775447234920,key-39,1819
1775447234921,key-5,137
1775447234929,key-48,616
1775447234930,key-6,581
1775447234930,key-11,145
1775447234931,key-32,932
1775447234934,key-45,958
1775447234934,key-45,958
1775447234935,key-39,1834
1775447234937,key-45,961
1775447234937,key-39,1836
1775447234943,key-1,944
1775447234944,key-6,595
1775447234944,key-6,595
1775447234949,key-6,600
1775447234951,key-46,32
1775447234957,key-8,546
1775447234958,key-6,609
1775447234958,key-6,609
1775447234958,key-31,4
1775447234959,key-5,175
1775447234960,key-6,611
1775447234966,key-6,617
1775447234966,key-45,990
1775447234969,key-6,620
1775447234972,key-39,1871
1775447234973,key-31,19
1775447234973,key-42,1219
1775447234975,key-31,21
1775447234975,key-10,488
1775447234976,key-5,192
1775447234976,key-45,1000
1775447234977,key-40,332
1775447234978,key-8,567
1775447234979,key-31,25
1775447234986,key-8,575
1775447234987,key-17,929
1775447234991,key-39,1890
1775447234993,key-22,155
1775447234993,key-45,1017
1775447234998,key-17,940
1775447234999,key-6,650
1775447234999,key-5,215
1775447235002,key-38,684
1775447235002,key-31,48
1775447235004,key-18,118
1775447235005,key-17,947
1775447235010,key-1,16
1775447235010,key-13,325
1775447235011,key-10,524
1775447235011,key-8,600
1775447235016,key-39,1915
1775447235022,key-5,238
1775447235022,key-44,5
1775447235024,key-18,138
1775447235024,key-1,30
1775447235026,key-11,241
1775447235026,key-1,32
1775447235028,key-5,244
1775447235034,key-38,716
1775447235034,key-18,148
1775447235037,key-10,550
1775447235039,key-44,22
1775447235040,key-18,154
1775447235042,key-44,25
1775447235042,key-19,17
1775447235044,key-11,259
1775447235045,key-29,473
1775447235046,key-1,52
1775447235051,key-9,1085
1775447235051,key-9,1085
1775447235058,key-1,5
1775447235059,key-23,189
1775447235060,key-1,7
1775447235060,key-5,276
1775447235061,key-9,1095
1775447235064,key-29,492
1775447235065,key-36,913
1775447235065,key-9,1099
1775447235065,key-44,48
1775447235066,key-13,381
1775447235068,key-9,1102
1775447235070,key-23,200
1775447235075,key-23,205
1775447235075,key-42,1321
1775447235076,key-9,1110
1775447235085,key-23,215
1775447235106,key-37,863
1775447235109,key-9,1143
1775447235116,key-11,331
1775447235119,key-23,249
1775447235119,key-23,249
1775447235123,key-27,44
1775447235124,key-29,552
1775447235125,key-22,53
1775447235125,key-13,440
1775447235126,key-9,1160
1775447235129,key-9,1163
1775447235130,key-9,1164
1775447235131,key-49,305
1775447235132,key-17,1074
1775447235133,key-3,1039
1775447235137,key-13,452
1775447235148,key-23,278
1775447235150,key-23,280
1775447235160,key-45,1184
1775447235161,key-23,291
1775447235161,key-9,1195
1775447235164,key-3,1070
1775447235183,key-22,111
1775447235183,key-13,498
1775447235194,key-21,494
1775447235195,key-45,1219
1775447235196,key-9,1230
1775447235196,key-9,1230
1775447235196,key-49,370
1775447235197,key-22,125
1775447235197,key-22,125
1775447235198,key-3,1104
1775447235199,key-49,373
1775447235199,key-25,565
1775447235199,key-35,1602
1775447235200,key-3,1106
1775447235200,key-50,2456
1775447235200,key-3,1106
1775447235202,key-42,1448
1775447235202,key-20,120
1775447235202,key-13,517
1775447235203,key-9,5
1775447235203,key-22,131
1775447235203,key-23,333
1775447235215,key-5,431
1775447235216,key-49,390
1775447235217,key-10,730
1775447235218,key-49,392
1775447235219,key-13,534
1775447235225,key-9,27
1775447235226,key-47,177
1775447235226,key-3,1132
1775447235228,key-49,402
1775447235229,key-39,2128
1775447235234,key-23,364
1775447235234,key-49,408
1775447235235,key-3,1141
1775447235235,key-3,1141
1775447235237,key-10,750
1775447235237,key-23,367
1775447235258,key-24,462
1775447235260,key-30,76
1775447235261,key-49,435
1775447235264,key-24,468
1775447235265,key-32,31
1775447235265,key-15,776
1775447235266,key-2,2593
1775447235267,key-50,40
1775447235267,key-9,69
1775447235268,key-47,219
1775447235268,key-9,70
1775447235268,key-3,1174
1775447235268,key-41,684
1775447235269,key-24,473
1775447235269,key-32,35
1775447235269,key-30,85
1775447235276,key-41,692
1775447235278,key-47,19
1775447235280,key-9,82
1775447235281,key-30,97
1775447235281,key-32,47
1775447235283,key-32,49
1775447235284,key-2,2611
1775447235285,key-32,51
1775447235288,key-40,643
1775447235290,key-3,1196
1775447235294,key-31,340
1775447235295,key-40,650
1775447235298,key-40,653
1775447235301,key-32,67
1775447235301,key-9,103
1775447235302,key-32,68
1775447235302,key-3,1208
1775447235304,key-46,385
1775447235306,key-9,108
1775447235310,key-47,51
1775447235310,key-9,112
1775447235317,key-40,8
1775447235317,key-40,8
1775447235317,key-3,1223
1775447235318,key-40,9
1775447235320,key-2,2647
1775447235320,key-25,686
1775447235323,key-46,404
1775447235325,key-40,16
1775447235326,key-34,1331
1775447235330,key-40,21
1775447235330,key-40,21
1775447235331,key-38,1013
1775447235332,key-47,73
1775447235337,key-9,139
1775447235338,key-9,140
1775447235338,key-47,79
1775447235338,key-47,79
1775447235339,key-40,30
1775447235343,key-46,424
1775447235343,key-3,1249
1775447235344,key-25,710
1775447235346,key-40,37
1775447235347,key-47,88
1775447235348,key-40,39
1775447235348,key-40,39
1775447235349,key-40,40
1775447235350,key-45,1374
1775447235351,key-40,42
1775447235362,key-10,19
1775447235362,key-9,164
1775447235362,key-48,1049
1775447235362,key-2,2689
1775447235364,key-40,55
1775447235364,key-40,55
1775447235365,key-15,876
1775447235366,key-40,57
1775447235367,key-3,1273
1775447235370,key-40,61
1775447235370,key-25,736
1775447235371,key-47,112
1775447235372,key-9,174
1775447235375,key-25,741
1775447235375,key-10,32
1775447235376,key-35,1779
1775447235377,key-40,68
1775447235385,key-45,1409
1775447235385,key-40,76
1775447235387,key-40,78
1775447235388,key-40,79
1775447235388,key-40,79
1775447235392,key-3,1298
1775447235394,key-40,85
1775447235397,key-40,88
1775447235397,key-4,1103
1775447235397,key-40,88
1775447235399,key-47,140
1775447235400,key-19,31
1775447235401,key-10,58
1775447235401,key-9,203
1775447235403,key-43,362
1775447235403,key-35,1806
1775447235404,key-47,145
1775447235406,key-31,452
1775447235407,key-14,136
1775447235409,key-40,100
1775447235425,key-35,1828
1775447235426,key-19,57
1775447235427,key-44,296
1775447235428,key-47,169
1775447235433,key-40,124
1775447235433,key-3,1339
1775447235434,key-45,1458
1775447235434,key-23,564
1775447235435,key-40,126
1775447235436,key-19,67
1775447235440,key-3,1346
1775447235442,key-22,370
1775447235445,key-39,2344
1775447235445,key-33,3153
1775447235446,key-1,393
1775447235447,key-40,138
1775447235450,key-22,378
1775447235451,key-33,3159
1775447235455,key-32,221
1775447235456,key-45,1480
1775447235456,key-33,3164
1775447235457,key-40,148
1775447235464,key-22,392
1775447235465,key-33,3173
1775447235465,key-33,3173
1775447235466,key-33,3174
1775447235470,key-33,3178
1775447235471,key-12,17
1775447235471,key-33,3179
1775447235471,key-32,237
1775447235471,key-12,17
1775447235475,key-8,1064
1775447235476,key-12,22
1775447235476,key-14,205
1775447235476,key-33,3184
1775447235480,key-14,209
1775447235481,key-43,440
1775447235486,key-33,3194
1775447235487,key-8,1076
1775447235496,key-9,298
1775447235497,key-32,263
1775447235497,key-37,1254
1775447235498,key-14,227
1775447235500,key-28,7
1775447235501,key-40,192
1775447235502,key-37,1259
1775447235503,key-37,1260
1775447235504,key-25,15
1775447235505,key-40,196
1775447235513,key-10,20
1775447235514,key-28,21
1775447235515,key-41,931
1775447235517,key-17,354
1775447235517,key-28,24
1775447235518,key-28,25
1775447235522,key-40,213
1775447235525,key-28,32
1775447235525,key-11,740
1775447235525,key-49,699
1775447235527,key-28,34
1775447235528,key-28,35
1775447235528,key-11,743
1775447235529,key-28,36
1775447235534,key-28,41
1775447235534,key-28,41
1775447235534,key-11,749
1775447235535,key-28,42
1775447235536,key-49,710
1775447235537,key-10,44
1775447235538,key-28,45
1775447235539,key-28,46
1775447235546,key-49,8
1775447235547,key-49,9
1775447235548,key-11,763
1775447235549,key-28,56
1775447235550,key-28,57
1775447235552,key-28,59
1775447235560,key-28,67
1775447235561,key-24,765
1775447235562,key-11,777
1775447235564,key-11,779
1775447235564,key-28,71
1775447235567,key-11,782
1775447235569,key-42,1815
1775447235570,key-28,77
1775447235570,key-7,1386
1775447235571,key-11,786
1775447235571,key-17,408
1775447235572,key-28,79
1775447235573,key-18,687
1775447235579,key-6,12
1775447235584,key-17,421
1775447235584,key-11,799
1775447235585,key-49,47
1775447235585,key-28,92
1775447235585,key-37,23
1775447235586,key-6,19
1775447235589,key-7,1405
1775447235592,key-39,2491
1775447235593,key-3,10
1775447235593,key-6,26
1775447235593,key-11,808
1775447235594,key-19,225
1775447235598,key-11,813
1775447235601,key-11,816
1775447235602,key-6,35
1775447235602,key-37,40
1775447235603,key-18,717
1775447235611,key-37,49
1775447235611,key-7,1427
1775447235613,key-5,1
1775447235613,key-11,828
1775447235615,key-6,48
1775447235618,key-3,35
1775447235619,key-6,52
1775447235619,key-11,834
1775447235620,key-6,53
1775447235621,key-6,54
1775447235621,key-7,1437
1775447235622,key-6,55
1775447235626,key-13,941
1775447235626,key-7,1442
1775447235627,key-25,23
1775447235630,key-23,8
1775447235633,key-6,66
1775447235633,key-23,11
1775447235634,key-6,67
1775447235635,key-6,68
1775447235636,key-23,14
1775447235636,key-12,182
1775447235640,key-6,73
1775447235640,key-11,855
1775447235643,key-20,10
1775447235644,key-16,1432
1775447235644,key-20,11
1775447235645,key-41,1061
1775447235645,key-20,12
1775447235647,key-5,35
1775447235650,key-16,1438
1775447235650,key-22,578
1775447235651,key-43,610
1775447235656,key-5,44
1775447235656,key-44,525
1775447235657,key-20,24
1775447235658,key-22,586
1775447235662,key-25,58
1775447235662,key-50,435
1775447235663,key-16,1451
1775447235665,key-37,103
1775447235665,key-5,53
1775447235665,key-44,534
1775447235665,key-20,32
1775447235670,key-20,37
1775447235672,key-50,445
1775447235673,key-37,111
1775447235675,key-42,1921
1775447235676,key-19,4
1775447235677,key-5,65
1775447235677,key-14,124
1775447235678,key-37,116
1775447235679,key-5,67
1775447235680,key-42,1926
1775447235680,key-19,8
1775447235682,key-14,129
1775447235684,key-5,72
1775447235685,key-42,1931
1775447235686,key-19,14
1775447235687,key-20,54
1775447235688,key-36,539
1775447235691,key-5,79
1775447235692,key-10,199
1775447235693,key-19,21
1775447235693,key-20,60
1775447235698,key-5,86
1775447235700,key-42,1946
1775447235707,key-20,74
1775447235708,key-11,923
1775447235709,key-19,37
1775447235709,key-14,156
1775447235711,key-19,39
1775447235712,key-31,758
1775447235713,key-5,101
1775447235713,key-26,794
1775447235714,key-41,1130
1775447235714,key-10,221
1775447235719,key-26,800
1775447235720,key-20,87
1775447235726,key-12,272
1775447235727,key-42,1973
1775447235727,key-5,115
1775447235727,key-47,468
1775447235729,key-11,944
1775447235729,key-27,650
1775447235731,key-39,2630
1775447235731,key-37,169
1775447235731,key-20,98
1775447235732,key-8,1321
1775447235733,key-26,814
1775447235734,key-37,172
1775447235744,key-4,290
1775447235744,key-42,1990
1775447235744,key-26,825
1775447235744,key-39,2643
1775447235745,key-26,826
1775447235745,key-46,19
1775447235745,key-37,183
1775447235746,key-46,20
1775447235746,key-27,667
1775447235749,key-37,187
1775447235752,key-37,190
1775447235755,key-15,182
1775447235757,key-37,195
1775447235758,key-26,839
1775447235759,key-20,126
1775447235759,key-42,2005
1775447235762,key-46,36
1775447235762,key-26,5
1775447235762,key-26,5
1775447235768,key-15,195
1775447235768,key-19,13
1775447235769,key-36,620
1775447235770,key-13,1085
1775447235770,key-26,13
1775447235771,key-15,198
1775447235771,key-3,188
1775447235773,key-26,16
1775447235773,key-45,6
1775447235774,key-26,17
1775447235775,key-49,237
1775447235776,key-42,2022
1775447235777,key-42,2023
1775447235778,key-13,1093
1775447235779,key-32,545
1775447235783,key-42,2029
1775447235785,key-22,18
1775447235788,key-42,2034
1775447235789,key-49,251
1775447235789,key-22,22
1775447235790,key-11,1005
1775447235791,key-42,2037
1775447235792,key-45,25
1775447235792,key-15,219
1775447235792,key-42,2038
1775447235795,key-3,212
1775447235796,key-10,303
1775447235797,key-42,2043
1775447235799,key-44,668
1775447235800,key-40,491
1775447235800,key-7,1616
1775447235800,key-22,33
1775447235800,key-22,33
1775447235801,key-3,6
1775447235801,key-3,6
1775447235803,key-27,8
1775447235804,key-8,1393
1775447235806,key-36,657
1775447235806,key-42,2052
1775447235807,key-45,40
1775447235808,key-27,13
1775447235808,key-3,13
1775447235811,key-29,340
1775447235812,key-3,17
1775447235814,key-45,47
1775447235816,key-3,21
1775447235816,key-48,1503
1775447235816,key-13,1131
1775447235817,key-18,931
1775447235818,key-14,104
1775447235819,key-22,52
1775447235821,key-47,562
1775447235822,key-3,27
1775447235823,key-22,56
1775447235824,key-14,110
1775447235825,key-36,676
1775447235827,key-45,60
1775447235829,key-47,570
1775447235829,key-2,74
1775447235830,key-14,116
1775447235830,key-3,35
1775447235830,key-3,35
1775447235830,key-7,19
1775447235833,key-2,78
1775447235834,key-47,575
1775447235837,key-23,215
1775447235839,key-45,72
1775447235840,key-47,581
1775447235840,key-3,45
1775447235842,key-22,75
1775447235842,key-35,2245
1775447235843,key-5,17
1775447235845,key-14,131
1775447235846,key-6,279
1775447235848,key-14,134
1775447235851,key-10,358
1775447235852,key-45,85
1775447235852,key-2,97
1775447235853,key-2,98
1775447235854,key-14,140
1775447235854,key-14,140
1775447235854,key-50,627
1775447235855,key-45,88
1775447235856,key-47,597
1775447235857,key-3,62
1775447235860,key-47,601
1775447235860,key-15,287
1775447235861,key-14,147
1775447235861,key-6,294
1775447235864,key-14,150
1775447235864,key-3,69
1775447235866,key-2,111
1775447235868,key-14,154
1775447235871,key-14,157
1775447235871,key-2,116
1775447235871,key-47,612
1775447235873,key-33,3581
1775447235874,key-8,1463
1775447235876,key-14,162
1775447235878,key-43,837
1775447235880,key-15,307
1775447235882,key-39,2781
1775447235882,key-14,168
1775447235884,key-23,262
1775447235884,key-14,170
1775447235885,key-19,130
1775447235886,key-14,172
1775447235887,key-37,325
1775447235887,key-14,173
1775447235890,key-23,268
1775447235891,key-14,177
1775447235892,key-49,7
1775447235900,key-37,338
1775447235901,key-8,1490
1775447235901,key-34,402
1775447235901,key-23,279
1775447235902,key-14,188
1775447235904,key-5,78
1775447235905,key-14,191
1775447235905,key-5,79
1775447235906,key-19,151
1775447235907,key-23,285
1775447235908,key-49,23
1775447235908,key-14,194
1775447235909,key-5,83
1775447235910,key-14,196
1775447235910,key-14,196
1775447235910,key-14,196
1775447235911,key-19,156
1775447235914,key-11,1129
1775447235914,key-49,29
1775447235914,key-37,8
1775447235917,key-49,32
1775447235917,key-2,162
1775447235917,key-37,11
1775447235918,key-29,447
1775447235918,key-15,345
1775447235919,key-37,13
1775447235920,key-37,14
1775447235920,key-14,206
1775447235921,key-12,126
1775447235922,key-1,869
1775447235932,key-33,3640
1775447235932,key-9,17
1775447235933,key-19,178
1775447235933,key-14,219
1775447235934,key-6,28
1775447235934,key-46,208
1775447235934,key-37,28
1775447235935,key-15,362
1775447235935,key-37,29
1775447235936,key-1,883
1775447235937,key-2,182
1775447235938,key-46,212
1775447235939,key-50,712
1775447235940,key-37,34
1775447235941,key-9,26
1775447235942,key-50,715
1775447235944,key-6,38
1775447235944,key-33,3652
1775447235945,key-1,892
1775447235946,key-31,991
1775447235946,key-46,220
1775447235948,key-19,193
1775447235950,key-19,195
1775447235951,key-37,45
1775447235951,key-37,45
1775447235951,key-2,196
1775447235951,key-19,196
1775447235953,key-15,380
1775447235954,key-46,228
1775447235955,key-37,49
1775447235955,key-50,728
1775447235955,key-19,200
1775447235956,key-1,903
1775447235956,key-6,50
1775447235956,key-26,25
1775447235957,key-2,202
1775447235958,key-31,1004
1775447235961,key-46,235
1775447235962,key-46,236
1775447235962,key-37,56
1775447235963,key-2,208
1775447235963,key-33,3671
1775447235964,key-2,209
1775447235964,key-19,209
1775447235965,key-6,59
1775447235967,key-46,241
1775447235968,key-19,213
1775447235970,key-10,477
1775447235972,key-1,919
1775447235973,key-7,162
1775447235974,key-28,481
1775447235977,key-9,62
1775447235978,key-46,252
1775447235978,key-43,937
1775447235978,key-18,1092
1775447235979,key-38,1661
1775447235980,key-43,939
1775447235980,key-35,2383
1775447235980,key-37,74
1775447235981,key-19,226
1775447235982,key-7,171
1775447235983,key-35,2386
1775447235985,key-46,259
1775447235985,key-21,174
1775447235989,key-10,496
1775447235990,key-28,497
1775447235990,key-21,179
1775447235991,key-19,236
1775447235991,key-47,732
1775447235992,key-45,225
1775447236000,key-50,773
1775447236000,key-26,69
1775447236000,key-7,189
1775447236001,key-38,1683
1775447236001,key-7,190
1775447236002,key-37,96
1775447236004,key-35,2407
1775447236004,key-19,249
1775447236005,key-43,964
1775447236007,key-7,196
1775447236009,key-41,1425
1775447236011,key-21,200
1775447236011,key-26,80
1775447236011,key-45,244
1775447236014,key-6,6
1775447236015,key-45,248
1775447236018,key-21,207
1775447236018,key-36,10
1775447236020,key-19,265
1775447236021,key-26,90
1775447236023,key-23,401
1775447236023,key-5,100
1775447236024,key-7,213
1775447236025,key-37,119
1775447236025,key-48,1712
1775447236025,key-37,119
1775447236026,key-41,1442
1775447236026,key-42,153
1775447236027,key-36,19
1775447236028,key-6,20
1775447236030,key-43,989
1775447236036,key-48,1723
1775447236037,key-43,996
1775447236037,key-6,29
1775447236038,key-42,165
1775447236038,key-8,1627
1775447236039,key-48,1726
1775447236040,key-23,418
1775447236041,key-6,33
1775447236048,key-6,40
1775447236048,key-8,1637
1775447236049,key-37,143
1775447236050,key-41,1466
1775447236050,key-42,177
1775447236051,key-48,1738
1775447236054,key-6,46
1775447236054,key-41,1470
1775447236055,key-41,1471
1775447236055,key-6,47
1775447236055,key-42,182
1775447236059,key-50,832
1775447236059,key-48,1746
1775447236059,key-8,1648
1775447236062,key-8,1651
1775447236063,key-37,157
1775447236064,key-37,158
1775447236075,key-48,1762
1775447236076,key-42,203
1775447236076,key-41,1492
1775447236076,key-48,1763
1775447236076,key-5,153
1775447236076,key-48,1763
1775447236077,key-39,2976
1775447236081,key-37,175
1775447236082,key-8,1671
1775447236085,key-4,631
1775447236085,key-37,179
1775447236086,key-26,155
1775447236087,key-50,860
1775447236088,key-48,1775
1775447236089,key-37,183
1775447236093,key-48,1780
1775447236094,key-48,1781
1775447236095,key-8,1684
1775447236095,key-48,1782
1775447236096,key-48,1783
1775447236097,key-48,1784
1775447236097,key-4,643
1775447236099,key-37,193
1775447236099,key-8,1688
1775447236099,key-48,1786
1775447236099,key-37,193
1775447236100,key-39,2999
1775447236100,key-4,646
1775447236102,key-28,609
1775447236103,key-36,34
1775447236105,key-8,1694
1775447236107,key-4,653
1775447236108,key-23,486
1775447236110,key-6,12
1775447236111,key-48,1798
1775447236122,key-37,216
1775447236123,key-37,217
1775447236123,key-48,1810
1775447236123,key-27,328
1775447236128,key-6,30
1775447236129,key-8,1718
1775447236129,key-23,507
1775447236131,key-36,62
1775447236131,key-23,509
1775447236131,key-39,3030
1775447236131,key-37,225
1775447236132,key-28,639
1775447236137,key-8,1726
1775447236140,key-6,42
1775447236141,key-6,43
1775447236141,key-6,43
1775447236143,key-13,1458
1775447236144,key-12,3
1775447236144,key-39,3043
1775447236145,key-8,1734
1775447236146,key-8,1735
1775447236146,key-6,48
1775447236148,key-37,242
1775447236149,key-39,3048
1775447236152,key-11,1367
1775447236158,key-11,1373
1775447236159,key-49,61
1775447236159,key-8,1748
1775447236161,key-12,20
1775447236162,key-6,64
1775447236163,key-30,4
1775447236165,key-6,67
1775447236167,key-29,696
1775447236167,key-8,1756
1775447236172,key-8,1761
1775447236172,key-13,1487
1775447236177,key-37,271
1775447236179,key-37,273
1775447236181,key-30,22
1775447236181,key-35,49
1775447236182,key-8,1771
1775447236183,key-13,1498
1775447236183,key-8,1772
1775447236183,key-39,3082
1775447236184,key-9,269
1775447236185,key-8,1774
1775447236185,key-30,26
1775447236192,key-13,1507
1775447236192,key-12,51
1775447236192,key-47,933
1775447236192,key-46,466
1775447236193,key-30,34
1775447236194,key-13,1509
1775447236194,key-13,1509
1775447236199,key-30,40
1775447236203,key-13,1518
1775447236203,key-34,704
1775447236204,key-13,1519
1775447236205,key-35,73
1775447236210,key-8,1799
1775447236214,key-8,1803
1775447236216,key-9,7
1775447236216,key-1,1163
1775447236217,key-9,8
1775447236218,key-45,27
1775447236219,key-8,1808
1775447236222,key-34,723
1775447236227,key-13,1542
1775447236230,key-8,1819
1775447236231,key-35,99
1775447236233,key-30,74
1775447236235,key-38,1917
1775447236235,key-33,3943
1775447236240,key-32,4
1775447236241,key-34,742
1775447236241,key-35,109
1775447236242,key-1,1189
1775447236243,key-35,111
1775447236247,key-31,11
1775447236248,key-35,116
1775447236248,key-8,1837
1775447236250,key-8,1839
1775447236259,key-8,1848
1775447236260,key-35,128
1775447236260,key-32,24
1775447236266,key-31,30
1775447236267,key-8,1856
1775447236269,key-32,33
1775447236269,key-35,137
1775447236271,key-34,772
1775447236272,key-34,773
1775447236274,key-33,3982
1775447236280,key-11,122
1775447236280,key-35,148
1775447236281,key-27,486
1775447236285,key-34,4
1775447236286,key-11,128
1775447236290,key-7,479
1775447236291,key-35,159
1775447236291,key-22,524
1775447236293,key-7,482
1775447236294,key-29,823
1775447236297,key-1,1244
1775447236297,key-1,1244
1775447236305,key-7,494
1775447236305,key-8,1894
1775447236305,key-34,24
1775447236306,key-8,1895
1775447236309,key-34,28
1775447236309,key-35,177
1775447236314,key-35,182
1775447236314,key-9,105
1775447236321,key-34,40
1775447236321,key-7,510
1775447236323,key-7,512
1775447236335,key-1,1282
1775447236335,key-9,126
1775447236338,key-26,407
1775447236339,key-9,130
1775447236339,key-7,528
1775447236340,key-9,131
1775447236341,key-50,23
1775447236342,key-48,2029
1775447236344,key-8,1933
1775447236346,key-8,1935
1775447236346,key-50,28
1775447236347,key-9,138
1775447236348,key-9,139
1775447236349,key-26,418
1775447236354,key-34,73
1775447236354,key-7,543
1775447236364,key-48,2051
1775447236365,key-1,26
1775447236366,key-7,555
1775447236369,key-8,1958
1775447236369,key-7,558
1775447236371,key-40,499
1775447236376,key-34,95
1775447236376,key-8,1965
1775447236377,key-7,566
1775447236378,key-48,2065
1775447236378,key-48,2065
1775447236378,key-50,60
1775447236378,key-8,1967
1775447236380,key-34,99
1775447236381,key-50,63
1775447236382,key-30,132
1775447236383,key-50,65
1775447236384,key-50,66
1775447236384,key-26,453
1775447236397,key-8,1986
1775447236398,key-48,2085
1775447236405,key-7,594
1775447236405,key-50,87
1775447236407,key-8,1996
1775447236407,key-26,476
1775447236410,key-24,1614
1775447236410,key-26,479
1775447236416,key-17,19
1775447236417,key-26,486
1775447236418,key-8,2007
1775447236418,key-8,2007
1775447236420,key-50,102
1775447236423,key-50,105
1775447236424,key-8,2013
1775447236424,key-50,106
1775447236424,key-2,669
1775447236440,key-49,342
1775447236440,key-26,509
1775447236440,key-17,43
1775447236441,key-22,674
1775447236442,key-50,124
1775447236454,key-26,523
1775447236454,key-5,531
1775447236455,key-24,1659
1775447236455,key-50,137
1775447236455,key-8,2044
1775447236456,key-9,247
1775447236459,key-12,120
1775447236460,key-5,537
1775447236460,key-24,1664
1775447236461,key-8,2050
1775447236464,key-5,541
1775447236465,key-8,2054
1775447236465,key-17,68
1775447236470,key-37,564
1775447236475,key-8,2064
1775447236476,key-33,4184
1775447236489,key-7,678
1775447236490,key-40,22
1775447236492,key-35,360
1775447236493,key-4,1039
1775447236495,key-9,28
1775447236504,key-19,32
1775447236505,key-30,255
1775447236506,key-19,34
1775447236506,key-10,33
1775447236508,key-30,258
1775447236509,key-34,228
1775447236511,key-34,230
1775447236516,key-16,17
1775447236516,key-29,37
1775447236518,key-48,7
1775447236522,key-30,272
1775447236523,key-30,273
1775447236529,key-12,190
1775447236529,key-9,62
1775447236531,key-34,250
1775447236538,key-48,27
1775447236545,key-12,206
1775447236545,key-4,1091
1775447236547,key-45,356
1775447236559,key-18,155
1775447236559,key-48,48
1775447236560,key-48,49
1775447236560,key-19,88
1775447236560,key-12,221
1775447236561,key-19,89
1775447236561,key-33,4269
1775447236561,key-48,50
1775447236561,key-19,89
1775447236574,key-30,324
1775447236575,key-29,96
1775447236581,key-30,331
1775447236587,key-12,248
1775447236588,key-4,1134
1775447236589,key-9,122
1775447236590,key-29,111
1775447236592,key-45,401
1775447236594,key-42,721
1775447236597,key-20,730
1775447236606,key-18,202
1775447236609,key-15,1036
1775447236611,key-30,361
1775447236612,key-12,273
1775447236612,key-29,133
1775447236612,key-48,101
1775447236614,key-33,4322
1775447236617,key-9,150
1775447236625,key-9,158
1775447236633,key-46,907
1775447236633,key-6,13
1775447236634,key-20,767
1775447236634,key-6,14
1775447236642,key-29,163
1775447236642,key-30,392
1775447236649,key-9,182
1775447236652,key-30,402
1775447236654,key-46,928
1775447236662,key-2,25
1775447236662,key-41,29
1775447236664,key-46,938
1775447236665,key-30,415
1775447236668,key-19,8
1775447236680,key-9,213
1775447236681,key-40,213
1775447236683,key-9,216
1775447236684,key-30,434
1775447236684,key-30,434
1775447236685,key-6,65
1775447236687,key-19,27
1775447236688,key-9,221
1775447236699,key-42,99
1775447236700,key-30,450
1775447236700,key-30,450
1775447236721,key-46,995
1775447236721,key-4,1267
1775447236722,key-28,1229
1775447236723,key-11,565
1775447236724,key-9,257
1775447236727,key-4,1273
1775447236736,key-6,116
1775447236736,key-30,10
1775447236737,key-11,579
1775447236738,key-28,1245
1775447236746,key-46,1020
1775447236747,key-42,147
1775447236747,key-19,47
1775447236750,key-50,432
1775447236751,key-5,828
1775447236758,key-22,36
1775447236759,key-28,1266
1775447236760,key-5,837
1775447236760,key-30,34
1775447236762,key-14,1048
1775447236765,key-11,607
1775447236766,key-42,166
1775447236766,key-11,608
1775447236768,key-28,1275
1775447236775,key-4,1321
1775447236776,key-15,10
1775447236778,key-30,52
1775447236778,key-30,52
1775447236783,key-30,57
1775447236783,key-11,625
1775447236788,key-4,1334
1775447236790,key-30,64
1775447236794,key-4,1340
1775447236797,key-30,71
1775447236798,key-42,198
1775447236800,key-4,1346
1775447236801,key-43,745
1775447236804,key-7,23
1775447236810,key-42,210
1775447236810,key-20,3
1775447236814,key-1,475
1775447236816,key-4,1362
1775447236818,key-43,762
1775447236819,key-32,583
1775447236819,key-38,2501
1775447236821,key-1,482
1775447236824,key-30,98
1775447236825,key-4,1371
1775447236830,key-20,23
1775447236831,key-10,358
1775447236835,key-42,235
1775447236836,key-7,55
1775447236838,key-37,932
1775447236848,key-39,3747
1775447236849,key-40,28
1775447236849,key-22,29
1775447236849,key-4,1395
1775447236850,key-48,339
1775447236850,key-37,944
1775447236851,key-40,30
1775447236856,key-48,345
1775447236866,key-30,29
1775447236866,key-37,960
1775447236866,key-48,355
1775447236866,key-37,960
1775447236868,key-40,47
1775447236876,key-37,970
1775447236876,key-40,55
1775447236883,key-10,410
1775447236889,key-11,731
1775447236894,key-17,497
1775447236896,key-4,1442
1775447236896,key-2,259
1775447236897,key-17,500
1775447236900,key-5,977
1775447236901,key-37,995
1775447236901,key-25,198
1775447236912,key-37,1006
1775447236913,key-24,31
1775447236913,key-17,516
1775447236921,key-17,524
1775447236922,key-24,40
1775447236922,key-5,999
1775447236922,key-48,411
1775447236925,key-24,43
1775447236930,key-40,109
1775447236930,key-10,457
1775447236941,key-17,544
1775447236942,key-5,1019
1775447236942,key-11,784
1775447236943,key-36,874
1775447236947,key-32,6
1775447236947,key-24,65
1775447236948,key-32,7
1775447236949,key-36,880
1775447236955,key-36,886
1775447236956,key-46,1230
1775447236958,key-5,1035
1775447236960,key-36,891
1775447236964,key-42,364
1775447236973,key-29,494
1775447236973,key-46,1247
1775447236974,key-46,1248
1775447236977,key-5,1054
1775447236978,key-10,505
1775447236979,key-39,21
1775447236979,key-5,1056
1775447236980,key-5,1057
1775447236980,key-46,1254
1775447236989,key-32,48
1775447236991,key-33,4699
1775447236993,key-33,4701
1775447236994,key-39,36
1775447237000,key-45,809
1775447237002,key-36,933
1775447237002,key-6,382
1775447237003,key-5,1080
1775447237011,key-26,1080
1775447237015,key-29,536
1775447237016,key-39,58
1775447237016,key-33,4724
1775447237025,key-36,956
1775447237026,key-10,553
1775447237026,key-5,1103
1775447237031,key-45,840
1775447237034,key-11,28
1775447237048,key-11,42
1775447237049,key-33,4757
1775447237049,key-10,576
1775447237049,key-46,1323
1775447237052,key-11,46
1775447237053,key-46,1327
1775447237059,key-11,53
1775447237062,key-46,1336
1775447237063,key-11,57
1775447237063,key-36,994
1775447237065,key-46,1339
1775447237067,key-11,61
1775447237068,key-11,62
1775447237075,key-2,438
1775447237076,key-17,679
1775447237079,key-11,73
1775447237086,key-5,10
1775447237089,key-10,616
1775447237090,key-28,12
1775447237091,key-5,15
1775447237093,key-18,689
1775447237099,key-5,23
1775447237100,key-49,40
1775447237103,key-21,680
1775447237104,key-5,28
1775447237107,key-10,634
1775447237107,key-18,703
1775447237111,key-11,105
1775447237111,key-25,408
1775447237116,key-28,38
1775447237121,key-11,115
1775447237122,key-50,804
1775447237125,key-21,702
1775447237126,key-11,120
1775447237129,key-50,811
1775447237133,key-9,666
1775447237134,key-38,225
1775447237137,key-49,77
1775447237137,key-25,434
1775447237144,key-5,68
1775447237145,key-29,666
1775447237146,key-28,5
1775447237148,key-7,367
1775447237149,key-37,1243
1775447237150,key-6,530
1775447237151,key-25,448
1775447237153,key-25,450
1775447237154,key-37,1248
1775447237154,key-41,11
1775447237156,key-40,126
1775447237157,key-6,537
1775447237159,key-31,923
1775447237160,key-25,457
1775447237164,key-50,846
1775447237165,key-7,384
1775447237169,key-41,26
1775447237170,key-31,934
1775447237173,key-6,553
1775447237173,key-31,937
1775447237181,key-6,561
1775447237183,key-9,716
1775447237187,key-40,157
1775447237187,key-37,1281
1775447237187,key-33,4895
1775447237195,key-20,24
1775447237197,key-41,54
1775447237197,key-20,26
1775447237200,key-12,86
1775447237201,key-33,4909
1775447237201,key-20,30
1775447237202,key-50,884
1775447237203,key-27,1408
1775447237208,key-31,972
1775447237208,key-6,588
1775447237208,key-36,1139
1775447237209,key-20,38
1775447237211,key-40,181
1775447237211,key-34,181
1775447237219,key-27,1424
1775447237220,key-20,49
1775447237221,key-20,50
1775447237222,key-33,4930
1775447237226,key-40,196
1775447237228,key-50,910
1775447237228,key-10,755
1775447237232,key-44,2101
1775447237233,key-31,997
1775447237234,key-20,63
1775447237235,key-20,64
1775447237236,key-20,65
1775447237236,key-40,206
1775447237239,key-10,766
1775447237242,key-23,32
1775447237248,key-10,775
1775447237248,key-10,775
1775447237254,key-14,80
1775447237255,key-40,225
1775447237255,key-40,225
1775447237256,key-40,226
1775447237258,key-13,10
1775447237260,key-10,787
1775447237261,key-10,788
1775447237261,key-49,201
1775447237262,key-14,88
1775447237263,key-10,790
1775447237264,key-13,16
1775447237265,key-20,21
1775447237269,key-7,3
1775447237271,key-13,23
1775447237272,key-40,242
1775447237273,key-27,1478
1775447237276,key-27,1481
1775447237277,key-40,247
1775447237280,key-40,250
1775447237284,key-27,1489
1775447237285,key-10,812
1775447237286,key-40,256
1775447237289,key-40,259
1775447237294,key-7,28
1775447237297,key-40,267
1775447237297,key-40,267
1775447237302,key-40,272
1775447237303,key-33,5011
1775447237303,key-13,55
1775447237305,key-40,275
1775447237306,key-12,192
1775447237307,key-50,989
1775447237307,key-40,277
1775447237308,key-37,1402
1775447237309,key-1,307
1775447237309,key-12,195
1775447237320,key-31,1084
1775447237322,key-40,292
1775447237322,key-47,48
1775447237322,key-12,208
1775447237323,key-47,49
1775447237324,key-3,1529
1775447237324,key-42,21
1775447237327,key-3,1532
1775447237329,key-42,26
1775447237331,key-47,57
1775447237334,key-40,304
1775447237335,key-12,221
1775447237336,key-12,222
1775447237337,key-22,11
1775447237338,key-3,1543
1775447237339,key-18,935
1775447237340,key-49,280
1775447237344,key-12,230
1775447237352,key-22,7
1775447237353,key-3,1558
1775447237353,key-45,267
1775447237354,key-42,51
1775447237356,key-45,270
1775447237358,key-22,13
1775447237360,key-3,1565
1775447237360,key-1,25
1775447237363,key-49,303
1775447237368,key-22,23
1775447237370,key-20,126
1775447237373,key-26,1442
1775447237373,key-49,313
1775447237374,key-22,29
1775447237374,key-1,39
1775447237375,key-20,7
1775447237375,key-35,1243
1775447237376,key-33,5084
1775447237379,key-22,34
1775447237379,key-7,113
1775447237385,key-48,874
1775447237388,key-36,17
1775447237388,key-45,302
1775447237388,key-22,43
1775447237389,key-20,21
1775447237389,key-18,985
1775447237392,key-49,332
1775447237392,key-20,24
1775447237393,key-22,48
1775447237393,key-26,1462
1775447237398,key-22,53
1775447237398,key-20,30
1775447237401,key-10,11
1775447237402,key-10,12
1775447237403,key-7,137
1775447237404,key-48,6
1775447237408,key-22,63
1775447237410,key-40,380
1775447237412,key-7,146
1775447237414,key-7,148
1775447237415,key-35,1283
1775447237416,key-39,458
1775447237417,key-48,19
1775447237425,key-29,9
1775447237425,key-35,1293
1775447237427,key-20,59
1775447237427,key-49,367
1775447237427,key-48,29
1775447237428,key-48,30
1775447237429,key-40,399
1775447237429,key-31,16
1775447237429,key-39,471
1775447237429,key-34,203
1775447237430,key-49,370
1775447237430,key-35,1298
1775447237434,key-49,374
1775447237435,key-29,19
1775447237435,key-29,19
1775447237436,key-39,478
1775447237437,key-19,92
1775447237437,key-12,323
1775447237437,key-34,211
1775447237442,key-18,1038
1775447237446,key-16,368
1775447237448,key-16,370
1775447237448,key-22,2
1775447237449,key-22,3
1775447237454,key-8,3043
1775447237454,key-35,1322
1775447237454,key-14,280
1775447237455,key-22,9
1775447237457,key-19,112
1775447237457,key-22,11
1775447237458,key-29,42
1775447237458,key-22,12
1775447237460,key-22,14
1775447237461,key-11,19
1775447237462,key-19,117
1775447237464,key-1,18
1775447237467,key-22,21
1775447237471,key-22,25
1775447237472,key-22,26
1775447237472,key-22,26
1775447237472,key-22,26
1775447237474,key-22,28
1775447237474,key-50,111
1775447237476,key-50,113
1775447237480,key-36,109
1775447237480,key-22,34
1775447237480,key-22,34
1775447237480,key-28,339
1775447237480,key-13,232
1775447237481,key-22,35
1775447237483,key-22,37
1775447237485,key-13,237
1775447237485,key-19,140
1775447237486,key-22,40
1775447237487,key-1,41
1775447237489,key-22,43
1775447237489,key-22,43
1775447237491,key-22,45
1775447237492,key-7,226
1775447237494,key-22,48
1775447237497,key-7,231
1775447237520,key-7,254
1775447237520,key-40,490
1775447237520,key-22,74
1775447237520,key-41,246
1775447237520,key-28,379
1775447237520,key-22,74
1775447237521,key-36,150
1775447237521,key-22,75
1775447237521,key-19,176
1775447237521,key-24,639
1775447237521,key-13,273
1775447237522,key-32,9
1775447237523,key-22,77
1775447237524,key-39,566
1775447237525,key-22,79
1775447237531,key-36,160
1775447237532,key-39,574
1775447237533,key-17,1136
1775447237533,key-36,162
1775447237533,key-19,188
1775447237536,key-36,165
1775447237537,key-22,91
1775447237538,key-41,264
1775447237539,key-22,93
1775447237540,key-36,169
1775447237544,key-44,102
1775447237544,key-22,98
1775447237546,key-17,1149
1775447237551,key-18,14
1775447237551,key-36,180
1775447237558,key-44,116
1775447237558,key-36,187
1775447237559,key-15,793
1775447237566,key-44,124
1775447237566,key-22,120
1775447237567,key-38,325
1775447237568,key-22,122
1775447237568,key-41,294
1775447237568,key-44,126
1775447237571,key-37,1665
1775447237571,key-38,329
1775447237572,key-36,201
1775447237576,key-44,134
1775447237592,key-9,350
1775447237592,key-36,221
1775447237592,key-44,150
1775447237592,key-5,516
1775447237593,key-20,225
1775447237593,key-36,222
1775447237594,key-24,712
1775447237594,key-15,828
1775447237594,key-19,249
1775447237594,key-44,152
1775447237594,key-33,5302
1775447237597,key-41,323
1775447237600,key-41,326
1775447237604,key-9,362
1775447237605,key-4,2151
1775447237605,key-33,5313
1775447237606,key-37,1700
1775447237608,key-15,842
1775447237608,key-49,548
1775447237613,key-9,371
1775447237624,key-44,182
1775447237624,key-33,5332
1775447237625,key-29,209
1775447237626,key-42,323
1775447237627,key-15,861
1775447237638,key-29,222
1775447237639,key-19,294
1775447237639,key-40,19
1775447237639,key-37,24
1775447237641,key-15,875
1775447237643,key-15,877
1775447237644,key-44,202
1775447237645,key-15,879
1775447237650,key-29,234
1775447237652,key-29,236
1775447237653,key-47,24
1775447237658,key-47,29
1775447237660,key-44,218
1775447237661,key-10,271
1775447237661,key-47,32
1775447237662,key-15,896
1775447237662,key-47,33
1775447237664,key-29,248
1775447237665,key-37,50
1775447237668,key-29,252
1775447237669,key-29,253
1775447237676,key-29,260
1775447237676,key-15,910
1775447237677,key-37,62
1775447237680,key-29,264
1775447237685,key-29,269
1775447237687,key-31,274
1775447237687,key-21,7
1775447237691,key-37,76
1775447237691,key-50,37
1775447237694,key-44,252
1775447237697,key-21,17
1775447237697,key-31,284
1775447237697,key-15,931
1775447237697,key-15,931
1775447237698,key-50,44
1775447237698,key-29,282
1775447237703,key-15,937
1775447237704,key-15,938
1775447237707,key-5,631
1775447237708,key-29,292
1775447237708,key-15,942
1775447237709,key-29,293
1775447237710,key-13,7
1775447237712,key-15,946
1775447237717,key-5,641
1775447237719,key-15,953
1775447237722,key-10,332
1775447237722,key-44,280
1775447237730,key-16,652
1775447237731,key-30,894
1775447237732,key-1,286
1775447237732,key-47,21
1775447237736,key-15,970
1775447237736,key-27,51
1775447237739,key-44,297
1775447237744,key-1,298
1775447237744,key-44,302
1775447237745,key-47,34
1775447237749,key-44,307
1775447237750,key-47,39
1775447237750,key-44,308
1775447237750,key-15,984
1775447237755,key-30,918
1775447237756,key-17,18
1775447237756,key-22,25
1775447237757,key-16,679
1775447237757,key-30,920
1775447237758,key-17,20
1775447237759,key-3,1964
1775447237760,key-15,994
1775447237761,key-47,50
1775447237762,key-30,925
1775447237763,key-47,52
1775447237765,key-16,687
1775447237768,key-30,931
1775447237768,key-30,931
1775447237770,key-48,342
1775447237774,key-23,564
1775447237777,key-44,335
1775447237782,key-17,44
1775447237784,key-15,1018
1775447237784,key-43,1728
1775447237785,key-30,948
1775447237785,key-15,1019
1775447237786,key-30,949
1775447237788,key-30,951
1775447237791,key-17,53
1775447237795,key-47,84
1775447237796,key-47,85
1775447237797,key-16,719
1775447237802,key-30,965
1775447237802,key-15,1036
1775447237809,key-15,1043
1775447237809,key-30,972
1775447237810,key-43,1754
1775447237810,key-26,11
1775447237810,key-30,973
1775447237811,key-23,601
1775447237813,key-17,75
1775447237816,key-30,979
1775447237816,key-26,17
1775447237817,key-16,739
1775447237821,key-16,743
1775447237822,key-47,111
1775447237829,key-26,30
1775447237830,key-16,752
1775447237830,key-16,752
1775447237831,key-30,994
1775447237833,key-30,996
1775447237834,key-3,7
1775447237837,key-18,300
1775447237839,key-41,565
1775447237841,key-43,1785
1775447237842,key-32,329
1775447237843,key-9,601
1775447237845,key-16,767
1775447237847,key-14,19
1775447237848,key-16,770
1775447237851,key-16,773
1775447237853,key-13,150
1775447237853,key-16,775
1775447237854,key-18,317
1775447237854,key-16,776
1775447237854,key-16,776
1775447237856,key-14,28
1775447237860,key-9,618
1775447237861,key-35,17
1775447237868,key-39,910
1775447237868,key-16,790
1775447237868,key-35,24
1775447237868,key-16,790
1775447237869,key-4,25
1775447237870,key-9,628
1775447237880,key-16,802
1775447237880,key-9,638
1775447237881,key-14,53
1775447237881,key-16,803
1775447237882,key-16,804
1775447237883,key-16,805
1775447237883,key-12,769
1775447237884,key-16,806
1775447237884,key-33,238
1775447237884,key-16,806
1775447237885,key-16,807
1775447237891,key-16,813
1775447237891,key-19,546
1775447237893,key-9,651
1775447237894,key-39,936
1775447237897,key-14,69
1775447237897,key-39,939
1775447237899,key-20,531
1775447237900,key-16,822
1775447237903,key-14,75
1775447237904,key-30,22
1775447237906,key-9,664
1775447237908,key-16,830
1775447237913,key-19,568
1775447237913,key-39,955
1775447237914,key-14,86
1775447237916,key-19,571
1775447237917,key-35,73
1775447237919,key-35,75
1775447237920,key-19,575
1775447237925,key-39,967
1775447237926,key-19,581
1775447237928,key-35,84
1775447237929,key-39,971
1775447237929,key-16,851
1775447237929,key-14,101
1775447237931,key-39,973
1775447237933,key-20,565
1775447237933,key-39,975
1775447237934,key-19,589
1775447237934,key-19,589
1775447237934,key-19,589
1775447237939,key-2,511
1775447237940,key-19,595
1775447237942,key-16,864
1775447237944,key-12,12
1775447237946,key-47,14
1775447237946,key-20,578
1775447237947,key-19,602
1775447237948,key-39,990
1775447237954,key-39,996
1775447237957,key-29,541
1775447237958,key-12,26
1775447237960,key-47,28
1775447237962,key-2,534
1775447237965,key-39,1007
1775447237966,key-17,228
1775447237967,key-39,1009
1775447237968,key-19,623
1775447237970,key-12,38
1775447237974,key-28,833
1775447237975,key-40,355
1775447237975,key-12,43
1775447237977,key-47,45
1775447237977,key-26,178
1775447237978,key-42,675
1775447237979,key-12,47
1775447237980,key-43,1924
1775447237980,key-47,48
1775447237981,key-30,99
1775447237994,key-15,1228
1775447237994,key-43,1938
1775447237995,key-28,854
1775447237996,key-12,64
1775447237999,key-47,67
1775447237999,key-44,557
1775447238001,key-6,1381
1775447238003,key-6,1383
1775447238006,key-26,207
1775447238007,key-43,1951
1775447238008,key-12,76
1775447238010,key-12,78
1775447238013,key-12,81
1775447238014,key-37,303
1775447238017,key-47,85
1775447238017,key-15,1251
1775447238019,key-15,1253
1775447238022,key-6,1402
1775447238022,key-42,27
1775447238027,key-47,95
1775447238027,key-12,6
1775447238028,key-12,7
1775447238028,key-28,887
1775447238030,key-15,1264
1775447238034,key-6,1414
1775447238035,key-37,324
1775447238035,key-15,1269
1775447238036,key-6,1416
1775447238036,key-26,237
1775447238043,key-37,332
1775447238048,key-15,8
1775447238048,key-26,249
1775447238049,key-42,54
1775447238052,key-42,57
1775447238052,key-15,12
1775447238059,key-31,646
1775447238059,key-17,321
1775447238061,key-33,415
1775447238061,key-39,21
1775447238062,key-42,67
1775447238063,key-28,922
1775447238065,key-32,552
1775447238065,key-39,25
1775447238069,key-15,29
1775447238069,key-31,656
1775447238070,key-32,557
1775447238073,key-42,78
1775447238073,key-15,33
1775447238076,key-15,36
1775447238077,key-42,82
1775447238079,key-7,813
1775447238080,key-15,40
1775447238081,key-15,41
1775447238081,key-12,60
1775447238082,key-42,87
1775447238082,key-40,462
1775447238087,key-39,47
1775447238089,key-42,94
1775447238093,key-9,17
1775447238094,key-15,54
1775447238094,key-24,1212
1775447238096,key-15,56
1775447238097,key-8,3686
1775447238098,key-15,58
1775447238099,key-1,653
1775447238105,key-25,1402
1775447238106,key-40,486
1775447238107,key-38,865
1775447238107,key-12,86
1775447238107,key-15,67
1775447238112,key-3,285
1775447238113,key-8,3702
1775447238114,key-15,74
1775447238114,key-8,3703
1775447238115,key-31,702
1775447238116,key-40,496
1775447238116,key-15,76
1775447238117,key-40,497
1775447238121,key-1,675
1775447238124,key-8,3713
1775447238124,key-4,14
1775447238128,key-40,508
1775447238128,key-27,443
1775447238129,key-4,19
1775447238129,key-45,1043
1775447238131,key-19,786
1775447238138,key-31,725
1775447238138,key-7,872
1775447238140,key-8,3729
1775447238143,key-8,3732
1775447238143,key-8,3732
1775447238143,key-7,877
1775447238144,key-40,524
1775447238145,key-45,1059
1775447238145,key-25,1442
1775447238147,key-40,527
1775447238148,key-35,51
1775447238150,key-19,805
1775447238166,key-45,1080
1775447238166,key-40,546
1775447238166,key-34,537
1775447238166,key-4,56
1775447238169,key-16,1091
1775447238169,key-40,549
1775447238173,key-35,76
1775447238174,key-26,375
1775447238175,key-35,78
1775447238181,key-40,561
1775447238181,key-7,915
1775447238182,key-35,85
1775447238191,key-26,392
1775447238192,key-35,95
1775447238192,key-35,95
1775447238192,key-17,454
1775447238200,key-8,3789
1775447238204,key-19,859
1775447238205,key-4,95
1775447238211,key-18,34
1775447238213,key-18,36
1775447238214,key-26,415
1775447238218,key-22,8
1775447238220,key-39,180
1775447238220,key-26,421
1775447238229,key-48,801
1775447238229,key-13,526
1775447238229,key-23,1019
1775447238230,key-21,550
1775447238240,key-34,611
1775447238240,key-26,6
1775447238241,key-13,12
1775447238242,key-19,897
1775447238250,key-23,1040
1775447238251,key-19,906
1775447238253,key-49,19
1775447238254,key-23,1044
1775447238257,key-24,1375
1775447238259,key-47,327
1775447238264,key-3,437
1775447238269,key-37,558
1775447238270,key-26,36
1775447238273,key-49,39
1775447238274,key-23,1064
1775447238279,key-26,45
1775447238280,key-23,1070
1775447238283,key-37,572
1775447238284,key-37,573
1775447238288,key-26,54
1775447238288,key-24,1406
1775447238291,key-1,845
1775447238294,key-37,583
1775447238295,key-6,1675
1775447238301,key-49,67
1775447238303,key-46,436
1775447238312,key-6,1692
1775447238313,key-6,1693
1775447238313,key-3,486
1775447238314,key-1,868
1775447238315,key-49,81
1775447238316,key-49,82
1775447238319,key-25,40
1775447238319,key-16,1241
1775447238324,key-3,497
1775447238324,key-46,12
1775447238333,key-15,13
1775447238335,key-6,1715
1775447238345,key-24,1463
1775447238348,key-3,521
1775447238349,key-8,3938
1775447238349,key-3,522
1775447238356,key-3,529
1775447238357,key-46,45
1775447238358,key-49,124
1775447238358,key-49,124
1775447238364,key-4,254
1775447238365,key-3,538
1775447238366,key-16,1288
1775447238376,key-3,549
1775447238377,key-41,1103
1775447238379,key-49,145
1775447238399,key-28,21
1775447238399,key-10,1009
1775447238400,key-8,3989
1775447238400,key-3,573
1775447238401,key-3,574
1775447238401,key-3,574
1775447238401,key-43,37
1775447238402,key-3,575
1775447238406,key-43,42
1775447238407,key-31,994
1775447238411,key-3,584
1775447238413,key-3,586
1775447238418,key-10,1028
1775447238418,key-43,54
1775447238420,key-47,488
1775447238424,key-3,597
1775447238435,key-44,993
1775447238437,key-5,570
1775447238439,key-3,612
1775447238440,key-43,76
1775447238441,key-14,613
1775447238444,key-43,80
1775447238445,key-43,81
1775447238446,key-43,82
1775447238446,key-3,619
1775447238461,key-10,1071
1775447238462,key-17,724
1775447238463,key-3,636
1775447238464,key-43,100
1775447238466,key-17,728
1775447238466,key-44,1024
1775447238470,key-44,1028
1775447238478,key-5,18
1775447238479,key-5,19
1775447238479,key-27,68
1775447238480,key-17,742
1775447238483,key-14,655
1775447238489,key-43,125
1775447238490,key-5,30
1775447238492,key-3,665
1775447238499,key-17,761
1775447238503,key-17,765
1775447238504,key-36,610
1775447238504,key-41,16
1775447238504,key-17,766
1775447238506,key-19,1161
1775447238509,key-41,21
1775447238510,key-43,146
1775447238510,key-19,1165
1775447238515,key-41,27
1775447238517,key-19,1172
1775447238521,key-43,157
1775447238522,key-48,1094
1775447238522,key-43,158
1775447238523,key-41,35
1775447238528,key-46,216
1775447238532,key-3,705
1775447238533,key-46,221
1775447238534,key-33,888
1775447238536,key-43,4
1775447238537,key-19,1192
1775447238540,key-43,8
1775447238542,key-19,1197
1775447238543,key-43,11
1775447238543,key-1,1097
1775447238544,key-23,1334
1775447238544,key-2,90
1775447238559,key-46,247
1775447238560,key-33,914
1775447238561,key-19,1216
1775447238562,key-43,30
1775447238564,key-33,918
1775447238566,key-43,34
1775447238567,key-43,35
1775447238567,key-21,887
1775447238568,key-43,36
1775447238575,key-46,263
1775447238577,key-18,400
1775447238577,key-41,89
1775447238579,key-21,899
1775447238581,key-46,269
1775447238587,key-8,42
1775447238587,key-21,907
1775447238588,key-3,761
1775447238588,key-43,56
1775447238588,key-21,908
1775447238589,key-21,909
1775447238590,key-18,413
1775447238591,key-5,131
1775447238594,key-21,914
1775447238594,key-18,417
1775447238596,key-46,284
1775447238601,key-8,56
1775447238602,key-18,425
1775447238603,key-32,1090
1775447238606,key-21,926
1775447238607,key-41,119
1775447238608,key-39,568
1775447238608,key-3,781
1775447238612,key-28,26
1775447238612,key-21,932
1775447238613,key-28,27
1775447238614,key-32,1101
1775447238615,key-18,438
1775447238617,key-41,129
1775447238621,key-28,35
1775447238627,key-28,41
1775447238628,key-46,316
1775447238628,key-18,451
1775447238628,key-28,42
1775447238629,key-18,452
1775447238629,key-16,32
1775447238631,key-3,804
1775447238631,key-32,1118
1775447238634,key-21,954
1775447238636,key-41,148
1775447238644,key-21,964
1775447238644,key-3,817
1775447238645,key-28,59
1775447238649,key-43,117
1775447238649,key-3,822
1775447238655,key-18,478
1775447238655,key-44,129
1775447238663,key-3,836
1775447238663,key-21,983
1775447238663,key-31,77
1775447238667,key-5,31
1775447238670,key-32,1157
1775447238671,key-44,145
1775447238671,key-12,650
1775447238671,key-7,1405
1775447238672,key-44,146
1775447238674,key-44,148
1775447238676,key-44,150
1775447238677,key-32,1164
1775447238678,key-25,399
1775447238679,key-31,93
1775447238681,key-32,1168
1775447238682,key-32,1169
1775447238683,key-44,157
1775447238689,key-44,163
1775447238693,key-44,167
1775447238694,key-25,415
1775447238695,key-46,383
1775447238696,key-8,151
1775447238696,key-43,15
1775447238700,key-43,19
1775447238701,key-32,1188
1775447238701,key-44,175
1775447238702,key-8,157
1775447238707,key-32,5
1775447238707,key-44,181
1775447238707,key-34,33
1775447238708,key-44,182
1775447238709,key-25,430
1775447238710,key-18,26
1775447238711,key-2,257
1775447238712,key-44,186
1775447238712,key-26,10
1775447238712,key-16,115
1775447238714,key-44,188
1775447238715,key-43,34
1775447238716,key-40,95
1775447238716,key-19,1371
1775447238720,key-18,36
1775447238721,key-10,1331
1775447238724,key-18,40
1775447238724,key-32,22
1775447238724,key-18,40
1775447238725,key-26,23
1775447238729,key-38,1487
1775447238731,key-40,9
1775447238735,key-40,13
1775447238740,key-18,56
1775447238741,key-18,57
1775447238742,key-43,61
1775447238745,key-40,23
1775447238745,key-26,43
1775447238746,key-5,110
1775447238746,key-49,512
1775447238747,key-5,111
1775447238751,key-11,15
1775447238751,key-8,206
1775447238751,key-18,67
1775447238752,key-26,50
1775447238752,key-40,30
1775447238752,key-31,166
1775447238755,key-11,19
1775447238756,key-26,54
1775447238756,key-12,735
1775447238758,key-31,172
1775447238759,key-48,15
1775447238759,key-11,23
1775447238762,key-33,196
1775447238764,key-39,724
1775447238765,key-15,445
1775447238766,key-31,180
1775447238767,key-31,181
1775447238770,key-27,121
1775447238771,key-27,122
1775447238772,key-48,28
1775447238773,key-32,71
1775447238777,key-27,128
1775447238778,key-49,544
1775447238779,key-12,758
1775447238779,key-48,35
1775447238779,key-8,234
1775447238779,key-31,193
1775447238781,key-49,547
1775447238784,key-11,48
1775447238784,key-27,135
1775447238785,key-16,188
1775447238786,key-18,9
1775447238791,key-49,557
1775447238794,key-12,773
1775447238797,key-12,776
1775447238797,key-49,563
1775447238798,key-8,253
1775447238799,key-31,213
1775447238800,key-11,64
1775447238805,key-48,61
1775447238806,key-8,261
1775447238806,key-39,766
1775447238807,key-49,573
1775447238807,key-33,241
1775447238808,key-8,263
1775447238808,key-11,72
1775447238810,key-11,74
1775447238812,key-27,163
1775447238812,key-9,736
1775447238812,key-49,578
1775447238834,key-27,185
1775447238835,key-12,814
1775447238836,key-8,291
1775447238836,key-6,86
1775447238836,key-31,250
1775447238837,key-9,761
1775447238837,key-10,27
1775447238837,key-23,1627
1775447238837,key-35,136
1775447238838,key-38,1596
1775447238838,key-49,604
1775447238838,key-10,28
1775447238838,key-10,28
1775447238838,key-30,8
1775447238838,key-49,604
1775447238840,key-44,314
1775447238840,key-12,819
1775447238843,key-10,33
1775447238851,key-23,1641
1775447238851,key-38,1609
1775447238852,key-27,203
1775447238853,key-30,23
1775447238854,key-34,180
1775447238855,key-27,206
1775447238856,key-29,19
1775447238856,key-38,1614
1775447238857,key-38,1615
1775447238860,key-23,1650
1775447238861,key-22,651
1775447238863,key-29,26
1775447238863,key-10,53
1775447238867,key-22,657
1775447238871,key-29,34
1775447238872,key-29,35
1775447238873,key-29,36
1775447238875,key-29,38
1775447238875,key-27,226
1775447238876,key-10,3
1775447238883,key-23,1673
1775447238884,key-22,674
1775447238885,key-10,12
1775447238888,key-29,51
1775447238889,key-10,16
1775447238889,key-3,1062
1775447238892,key-10,19
1775447238893,key-22,683
1775447238898,key-29,61
1775447238899,key-19,10
1775447238900,key-11,164
1775447238900,key-48,156
1775447238901,key-29,64
1775447238902,key-11,166
1775447238902,key-14,1074
1775447238903,key-10,30
1775447238904,key-23,1694
1775447238904,key-22,694
1775447238905,key-22,695
1775447238906,key-10,33
1775447238906,key-10,33
1775447238906,key-11,170
1775447238909,key-10,36
1775447238910,key-29,73
1775447238911,key-23,1701
1775447238912,key-11,176
1775447238913,key-3,1086
1775447238914,key-11,178
1775447238917,key-3,1090
1775447238917,key-10,44
1775447238917,key-39,877
1775447238918,key-22,708
1775447238918,key-14,1090
1775447238920,key-14,1092
1775447238922,key-22,712
1775447238924,key-9,63
1775447238928,key-11,192
1775447238931,key-22,721
1775447238931,key-22,721
1775447238932,key-39,892
1775447238933,key-9,72
1775447238933,key-39,893
1775447238934,key-3,1107
1775447238938,key-14,1110
1775447238939,key-9,78
1775447238939,key-14,1111
1775447238942,key-22,732
1775447238942,key-43,261
1775447238943,key-11,207
1775447238945,key-22,735
1775447238945,key-26,243
1775447238947,key-26,245
1775447238948,key-26,246
1775447238949,key-22,739
1775447238949,key-15,629
1775447238952,key-22,742
1775447238957,key-3,1130
1775447238958,key-9,97
1775447238958,key-23,1748
1775447238962,key-22,752
1775447238962,key-25,683
1775447238963,key-22,753
1775447238964,key-22,754
1775447238965,key-11,4
1775447238965,key-8,9
1775447238969,key-5,24
1775447238969,key-11,8
1775447238970,key-23,1760
1775447238976,key-2,522
1775447238977,key-9,116
1775447238978,key-9,117
1775447238978,key-9,117
1775447238979,key-20,220
1775447238979,key-22,769
1775447238981,key-20,222
1775447238982,key-40,260
1775447238983,key-20,224
1775447238984,key-11,23
1775447238988,key-25,709
1775447238990,key-50,1336
1775447238990,key-11,29
1775447238992,key-11,31
1775447238992,key-3,1165
1775447238994,key-23,1784
1775447238995,key-9,134
1775447238996,key-40,274
1775447238996,key-3,1169
1775447238997,key-20,238
1775447238997,key-25,718
1775447238998,key-27,349
1775447239006,key-20,247
1775447239011,key-11,50
1775447239012,key-40,290
1775447239012,key-8,22
1775447239012,key-20,253
1775447239013,key-25,734
1775447239013,key-20,254
1775447239013,key-3,1186
1775447239014,key-11,53
1775447239018,key-40,296
1775447239020,key-25,741
1775447239020,key-11,59
1775447239021,key-20,262
1775447239022,key-8,32
1775447239022,key-27,373
1775447239028,key-25,749
1775447239028,key-20,269
1775447239030,key-20,271
1775447239034,key-3,1207
1775447239037,key-38,175
1775447239038,key-42,1043
1775447239041,key-20,282
1775447239042,key-11,81
1775447239042,key-25,763
1775447239043,key-3,1216
1775447239045,key-25,766
1775447239050,key-41,562
1775447239050,key-11,89
1775447239052,key-40,330
1775447239052,key-25,773
1775447239054,key-27,404
1775447239054,key-10,181
1775447239056,key-44,530
1775447239056,key-38,194
1775447239057,key-25,778
1775447239057,key-18,280
1775447239061,key-25,782
1775447239062,key-47,381
1775447239064,key-35,363
1775447239065,key-42,1070
1775447239066,key-11,105
1775447239066,key-38,204
1775447239066,key-20,307
1775447239066,key-18,289
1775447239067,key-27,418
1775447239068,key-27,419
1775447239069,key-35,368
1775447239074,key-42,1079
1775447239076,key-13,847
1775447239077,key-25,798
1775447239079,key-25,800
1775447239082,key-44,556
1775447239086,key-26,384
1775447239086,key-42,1091
1775447239087,key-11,7
1775447239088,key-31,502
1775447239090,key-26,388
1775447239090,key-13,861
1775447239091,key-44,565
1775447239091,key-44,565
1775447239092,key-5,109
1775447239095,key-11,15
1775447239095,key-25,816
1775447239097,key-31,511
1775447239097,key-42,1102
1775447239100,key-44,574
1775447239101,key-25,822
1775447239102,key-31,516
1775447239103,key-11,23
1775447239111,key-46,799
1775447239111,key-44,585
1775447239115,key-31,529
1775447239116,key-11,36
1775447239116,key-44,590
1775447239117,key-44,591
1775447239119,key-25,840
1775447239122,key-22,912
1775447239126,key-22,916
1775447239127,key-44,601
1775447239127,key-25,848
1775447239128,key-44,602
1775447239129,key-22,2
1775447239129,key-25,850
1775447239134,key-44,608
1775447239134,key-11,54
1775447239136,key-11,56
1775447239136,key-44,610
1775447239139,key-11,59
1775447239139,key-44,613
1775447239140,key-44,614
1775447239144,key-11,64
1775447239148,key-22,21
1775447239149,key-11,69
1775447239149,key-44,623
1775447239149,key-22,22
1775447239150,key-44,624
1775447239151,key-22,24
1775447239155,key-44,629
1775447239155,key-25,876
1775447239168,key-7,3
1775447239170,key-11,90
1775447239170,key-44,644
1775447239170,key-7,5
1775447239173,key-41,685
1775447239173,key-11,93
1775447239173,key-31,5
1775447239176,key-49,25
1775447239178,key-44,652
1775447239179,key-11,99
1775447239179,key-23,1969
1775447239180,key-22,53
1775447239184,key-23,1974
1775447239184,key-50,1530
1775447239185,key-35,85
1775447239186,key-11,106
1775447239187,key-45,678
1775447239190,key-31,22
1775447239192,key-15,872
1775447239192,key-30,362
1775447239197,key-23,1987
1775447239199,key-41,711
1775447239203,key-5,220
1775447239203,key-11,123
1775447239204,key-39,1164
1775447239204,key-30,374
1775447239204,key-50,1550
1775447239207,key-35,107
1775447239209,key-37,1498
1775447239209,key-50,1555
1775447239210,key-12,1189
1775447239212,key-24,526
1775447239212,key-45,703
1775447239213,key-8,223
1775447239214,key-3,3
1775447239214,key-46,902
1775447239220,key-39,1180
1775447239220,key-15,900
1775447239222,key-20,463
1775447239223,key-3,12
1775447239223,key-35,123
1775447239226,key-15,906
1775447239227,key-15,907
1775447239229,key-1,1783
1775447239232,key-35,132
1775447239233,key-1,1787
1775447239234,key-39,1194
1775447239237,key-30,407
1775447239237,key-39,1197
1775447239238,key-31,70
1775447239245,key-3,34
1775447239247,key-48,503
1775447239248,key-1,1802
1775447239249,key-35,149
1775447239250,key-8,260
1775447239250,key-3,39
1775447239250,key-48,506
1775447239250,key-20,491
1775447239251,key-4,245
1775447239260,key-39,1220
1775447239263,key-39,1223
1775447239264,key-13,96
1775447239264,key-1,1818
1775447239264,key-8,274
1775447239264,key-3,53
1775447239265,key-26,563
1775447239269,key-4,263
1775447239270,key-13,102
1775447239270,key-38,408
1775447239272,key-8,282
1775447239273,key-3,62
1775447239274,key-38,412
1775447239275,key-4,269
1775447239276,key-9,415
1775447239277,key-3,66
1775447239285,key-20,526
1775447239287,key-26,585
1775447239293,key-5,310
1775447239294,key-3,83
1775447239295,key-20,536
1775447239296,key-39,1256
1775447239297,key-3,86
1775447239297,key-9,436
1775447239299,key-5,316
1775447239299,key-38,437
1775447239306,key-37,1595
1775447239307,key-8,317
1775447239308,key-3,97
1775447239312,key-39,1272
1775447239313,key-13,145
1775447239313,key-5,330
1775447239314,key-12,1293
1775447239315,key-38,453
1775447239320,key-9,459
1775447239321,key-38,459
1775447239322,key-35,222
1775447239324,key-9,463
1775447239326,key-50,17
1775447239332,key-2,320
1775447239338,key-8,18
1775447239341,key-38,1
1775447239344,key-40,165
1775447239344,key-38,4
1775447239345,key-50,36
1775447239356,key-5,373
1775447239357,key-40,178
1775447239357,key-27,708
1775447239358,key-9,497
1775447239359,key-9,498
1775447239359,key-41,871
1775447239360,key-9,499
1775447239362,key-5,5
1775447239364,key-22,237
1775447239367,key-36,531
1775447239369,key-40,190
1775447239370,key-5,13
1775447239372,key-38,32
1775447239373,key-6,623
1775447239376,key-32,674
1775447239378,key-40,199
1775447239378,key-36,542
1775447239382,key-9,521
1775447239383,key-38,43
1775447239384,key-5,27
1775447239388,key-11,308
1775447239390,key-9,529
1775447239390,key-9,529
1775447239396,key-32,694
1775447239399,key-9,537
1775447239399,key-13,50
1775447239400,key-9,539
1775447239401,key-32,699
1775447239401,key-30,571
1775447239405,key-24,719
1775447239405,key-31,237
1775447239406,key-9,545
1775447239407,key-9,546
1775447239407,key-49,256
1775447239410,key-32,708
1775447239412,key-30,582
1775447239416,key-24,730
1775447239417,key-32,715
1775447239418,key-5,61
1775447239419,key-20,660
1775447239420,key-13,71
1775447239420,key-32,718
1775447239422,key-9,561
1775447239426,key-32,724
1775447239429,key-9,568
1775447239431,key-5,74
1775447239431,key-33,865
1775447239432,key-30,602
1775447239433,key-9,572
1775447239435,key-40,256
1775447239435,key-5,78
1775447239436,key-6,686
1775447239438,key-30,608
1775447239442,key-40,263
1775447239443,key-24,757
1775447239444,key-27,68
1775447239444,key-9,583
1775447239445,key-37,1734
1775447239446,key-24,760
1775447239451,key-27,75
1775447239455,key-5,98
1775447239457,key-39,1417
1775447239457,key-27,81
1775447239467,key-37,1756
1775447239468,key-30,638
1775447239469,key-47,788
1775447239470,key-5,113
1775447239470,key-32,768
1775447239472,key-5,115
1775447239474,key-5,117
1775447239476,key-37,1765
1775447239477,key-9,616
1775447239479,key-8,159
1775447239480,key-30,650
1775447239483,key-5,126
1775447239484,key-5,127
1775447239484,key-5,127
1775447239486,key-15,47
1775447239492,key-30,662
1775447239494,key-30,664
1775447239494,key-5,137
1775447239494,key-27,118
1775447239500,key-20,741
1775447239502,key-30,672
1775447239502,key-5,145
1775447239503,key-14,27
1775447239504,key-27,128
1775447239505,key-15,66
1775447239507,key-5,150
1775447239509,key-14,33
1775447239512,key-5,155
1775447239513,key-8,193
1775447239514,key-27,138
1775447239516,key-5,159
1775447239516,key-14,40
1775447239517,key-38,177
1775447239522,key-20,763
1775447239523,key-20,764
1775447239525,key-20,766
1775447239526,key-20,767
1775447239526,key-20,767
1775447239530,key-40,351
1775447239531,key-10,658
1775447239532,key-40,353
1775447239539,key-15,100
1775447239542,key-20,783
1775447239542,key-1,32
1775447239544,key-44,1018
1775447239546,key-20,787
1775447239546,key-7,381
1775447239547,key-14,71
1775447239547,key-20,788
1775447239548,key-14,72
1775447239552,key-10,679
1775447239553,key-2,541
1775447239554,key-20,795
1775447239559,key-20,800
1775447239560,key-27,184
1775447239564,key-20,805
1775447239564,key-39,1524
1775447239566,key-10,693
1775447239568,key-2,556
1775447239569,key-43,888
1775447239573,key-10,700
1775447239573,key-35,26
1775447239574,key-1,64
1775447239574,key-14,98
1775447239574,key-20,815
1775447239577,key-6,827
1775447239578,key-48,27
1775447239581,key-20,822
1775447239582,key-48,31
1775447239583,key-3,134
1775447239585,key-43,904
1775447239586,key-35,39
1775447239591,key-3,142
1775447239592,key-3,143
1775447239593,key-14,117
1775447239594,key-6,844
1775447239594,key-43,913
1775447239595,key-39,1555
1775447239598,key-20,839
1775447239598,key-14,122
1775447239603,key-9,742
1775447239603,key-3,154
1775447239606,key-20,847
1775447239607,key-1,97
1775447239608,key-6,858
1775447239608,key-43,927
1775447239615,key-6,865
1775447239616,key-25,441
1775447239616,key-31,448
1775447239616,key-39,1576
1775447239620,key-50,94
1775447239620,key-43,939
1775447239622,key-9,761
1775447239622,key-1,112
1775447239625,key-6,875
1775447239625,key-38,285
1775447239626,key-1,116
1775447239629,key-6,879
1775447239629,key-20,870
1775447239631,key-9,770
1775447239639,key-50,113
1775447239644,key-2,632
1775447239645,key-31,477
1775447239645,key-50,119
1775447239645,key-50,119
1775447239646,key-34,972
1775447239653,key-2,8
1775447239653,key-19,764
1775447239654,key-50,128
1775447239655,key-6,905
1775447239657,key-2,12
1775447239658,key-9,797
1775447239664,key-50,138
1775447239665,key-31,497
1775447239666,key-2,21
1775447239667,key-9,806
1775447239667,key-2,22
1775447239668,key-36,832
1775447239669,key-36,833
1775447239670,key-50,144
1775447239670,key-2,25
1775447239671,key-50,145
1775447239673,key-2,28
1775447239684,key-6,934
1775447239684,key-30,854
1775447239685,key-2,40
1775447239685,key-9,824
1775447239686,key-50,160
1775447239687,key-9,826
1775447239692,key-24,1006
1775447239698,key-50,172
1775447239699,key-4,250
1775447239699,key-2,54
1775447239699,key-47,1018
1775447239699,key-37,1988
1775447239700,key-2,55
1775447239701,key-30,871
1775447239701,key-9,840
1775447239702,key-22,575
1775447239709,key-9,848
1775447239710,key-37,1999
1775447239710,key-9,849
1775447239710,key-50,184
1775447239711,key-10,127
1775447239719,key-30,889
1775447239719,key-24,1033
1775447239720,key-40,541
1775447239720,key-35,173
1775447239720,key-22,593
1775447239725,key-10,141
1775447239731,key-9,870
1775447239734,key-15,295
1775447239734,key-9,873
1775447239736,key-9,875
1775447239741,key-37,2030
1775447239743,key-22,616
1775447239743,key-9,882
1775447239750,key-9,889
1775447239750,key-37,2039
1775447239750,key-15,311
1775447239750,key-9,889
1775447239751,key-1,3
1775447239752,key-16,32
1775447239755,key-1,7
1775447239758,key-16,38
1775447239760,key-1,12
1775447239766,key-8,446
1775447239768,key-9,907
1775447239771,key-1,23
1775447239782,key-1,34
1775447239783,key-1,35
1775447239783,key-9,922
1775447239783,key-16,63
1775447239784,key-24,1098
1775447239784,key-9,923
1775447239784,key-20,1025
1775447239784,key-15,345
1775447239788,key-1,40
1775447239788,key-15,349
1775447239792,key-1,3
1775447239796,key-1,7
1775447239800,key-9,939
1775447239803,key-20,1044
1775447239806,key-12,1785
1775447239806,key-1,17
1775447239808,key-9,947
1775447239809,key-12,1788
1775447239809,key-15,370
1775447239822,key-1,33
1775447239823,key-20,1064
1775447239824,key-15,385
1775447239825,key-28,1239
1775447239825,key-46,1513
1775447239827,key-20,1068
1775447239832,key-1,43
1775447239832,key-12,1811
1775447239833,key-1,44
1775447239836,key-22,709
1775447239837,key-1,48
1775447239843,key-29,1006
1775447239845,key-5,488
1775447239846,key-1,3
1775447239853,key-12,1832
1775447239854,key-38,514
1775447239860,key-1,17
1775447239867,key-29,1030
1775447239873,key-12,1852
1775447239874,key-20,1115
1775447239876,key-45,10
1775447239878,key-1,35
1775447239878,key-22,751
1775447239880,key-40,701
1775447239884,key-1,41
1775447239884,key-31,716
1775447239890,key-1,47
1775447239890,key-29,1053
1775447239893,key-45,27
1775447239896,key-7,30
1775447239901,key-45,35
1775447239901,key-28,1315
1775447239911,key-1,68
1775447239911,key-45,45
1775447239911,key-22,784
1775447239912,key-20,1153
1775447239912,key-7,46
1775447239917,key-28,1331
1775447239926,key-29,1089
1775447239926,key-1,83
1775447239935,key-29,1098
1775447239936,key-28,1350
1775447239936,key-7,70
1775447239937,key-40,758
1775447239938,key-42,821
1775447239939,key-50,413
1775447239940,key-45,74
1775447239943,key-7,77
1775447239947,key-29,1110
1775447239953,key-37,2242
1775447239954,key-1,111
1775447239956,key-29,1119
1775447239963,key-14,265
1775447239968,key-29,1131
1775447239970,key-33,29
1775447239970,key-15,531
1775447239977,key-33,36
1775447239977,key-36,1141
1775447239978,key-7,112
1775447239978,key-7,112
1775447239979,key-40,800
1775447239979,key-23,513
1775447239982,key-28,1396
1775447239982,key-39,1942
1775447239992,key-29,1155
1775447239993,key-40,814
1775447239994,key-28,1408
1775447239995,key-17,519
1775447239998,key-15,559
1775447240002,key-40,11
1775447240003,key-8,36
1775447240003,key-15,564
1775447240006,key-40,15
1775447240012,key-33,71
1775447240024,key-47,1343
1775447240025,key-39,1985
1775447240025,key-44,1499
1775447240026,key-28,1440
1775447240028,key-17,552
1775447240029,key-18,1252
1775447240034,key-35,487
1775447240035,key-50,509
1775447240037,key-28,1451
1775447240037,key-33,14
1775447240037,key-42,920
1775447240039,key-8,72
1775447240049,key-33,26
1775447240049,key-28,1463
1775447240053,key-11,14
1775447240054,key-33,31
1775447240054,key-22,4
1775447240056,key-22,6
1775447240060,key-33,37
1775447240060,key-39,2020
1775447240061,key-22,2
1775447240063,key-11,24
1775447240064,key-22,5
1775447240067,key-33,44
1775447240067,key-33,44
1775447240071,key-33,48
1775447240072,key-22,13
1775447240072,key-42,955
1775447240075,key-36,1239
1775447240077,key-22,18
1775447240079,key-22,20
1775447240086,key-33,15
1775447240086,key-33,15
1775447240087,key-22,28
1775447240088,key-33,17
1775447240088,key-22,29
1775447240089,key-44,1563
1775447240090,key-8,123
1775447240091,key-11,52
1775447240091,key-33,20
1775447240093,key-33,22
1775447240097,key-22,38
1775447240104,key-43,6
1775447240105,key-8,138
1775447240105,key-22,46
1775447240105,key-22,46
1775447240106,key-25,931
1775447240106,key-20,19
1775447240106,key-1,263
1775447240106,key-15,667
1775447240106,key-26,1404
1775447240108,key-44,1582
1775447240108,key-11,69
1775447240113,key-41,1625
1775447240115,key-44,1589
1775447240115,key-8,148
1775447240116,key-22,57
1775447240116,key-44,1590
1775447240117,key-11,78
1775447240121,key-46,1809
1775447240121,key-22,62
1775447240125,key-37,123
1775447240126,key-30,1296
1775447240127,key-46,1815
1775447240127,key-48,116
1775447240127,key-15,688
1775447240128,key-11,89
1775447240131,key-22,72
1775447240131,key-43,33
1775447240132,key-40,141
1775447240134,key-48,123
1775447240137,key-8,170
1775447240144,key-46,1832
1775447240144,key-28,94
1775447240145,key-12,2124
1775447240146,key-40,155
1775447240149,key-37,147
1775447240150,key-29,75
1775447240154,key-29,79
1775447240155,key-3,706
1775447240155,key-43,57
1775447240156,key-33,85
1775447240157,key-48,146
1775447240160,key-37,158
1775447240160,key-43,62
1775447240160,key-3,711
1775447240163,key-3,714
1775447240164,key-48,153
1775447240169,key-3,720
1775447240170,key-48,159
1775447240176,key-3,727
1775447240177,key-27,801
1775447240178,key-42,1061
1775447240179,key-44,34
1775447240180,key-48,169
1775447240181,key-50,655
1775447240184,key-43,86
1775447240190,key-48,179
1775447240190,key-3,741
1775447240190,key-3,741
1775447240195,key-43,97
1775447240195,key-3,746
1775447240202,key-23,736
1775447240204,key-38,864
1775447240210,key-44,65
1775447240211,key-3,762
1775447240212,key-38,872
1775447240213,key-39,5
1775447240215,key-3,766
1775447240216,key-3,767
1775447240217,key-3,768
1775447240218,key-43,120
1775447240219,key-22,28
1775447240223,key-43,125
1775447240223,key-3,774
1775447240227,key-16,507
1775447240230,key-8,263
1775447240230,key-3,781
1775447240232,key-3,783
1775447240235,key-18,1458
1775447240238,key-48,227
1775447240241,key-3,792
1775447240244,key-22,53
1775447240248,key-3,799
1775447240249,key-3,800
1775447240253,key-35,26
1775447240253,key-16,533
1775447240254,key-3,805
1775447240255,key-3,806
1775447240258,key-4,809
1775447240261,key-3,812
1775447240262,key-3,813
1775447240262,key-50,736
1775447240263,key-3,814
1775447240272,key-40,281
1775447240272,key-16,552
1775447240272,key-22,81
1775447240273,key-50,747
1775447240273,key-8,306
1775447240273,key-25,65
1775447240274,key-3,825
1775447240275,key-4,826
1775447240287,key-16,567
1775447240288,key-3,839
1775447240289,key-3,840
1775447240289,key-16,569
1775447240291,key-1,6
1775447240296,key-4,847
1775447240300,key-1,15
1775447240301,key-22,110
1775447240301,key-28,251
1775447240302,key-45,436
1775447240304,key-1,19
1775447240313,key-3,864
1775447240314,key-1,29
1775447240314,key-1,29
1775447240314,key-28,264
1775447240315,key-3,866
1775447240315,key-3,866
1775447240318,key-4,869
1775447240319,key-16,599
1775447240319,key-3,870
1775447240325,key-3,876
1775447240332,key-1,47
1775447240333,key-23,867
1775447240333,key-44,188
1775447240333,key-4,884
1775447240335,key-3,886
1775447240337,key-1,52
1775447240337,key-17,176
1775447240338,key-28,288
1775447240338,key-44,193
1775447240340,key-3,891
1775447240341,key-38,1001
1775447240344,key-3,895
1775447240344,key-44,199
1775447240348,key-25,22
1775447240349,key-30,1519
1775447240350,key-45,484
1775447240352,key-44,207
1775447240354,key-15,915
1775447240355,key-3,906
1775447240356,key-3,907
1775447240362,key-35,135
1775447240363,key-28,313
1775447240363,key-38,1023
1775447240364,key-3,915
1775447240369,key-15,930
1775447240369,key-3,920
1775447240369,key-26,1667
1775447240374,key-3,925
1775447240374,key-3,925
1775447240376,key-35,149
1775447240377,key-3,928
1775447240378,key-30,1548
1775447240378,key-4,929
1775447240378,key-26,1676
1775447240387,key-35,160
1775447240390,key-36,1554
1775447240391,key-12,2370
1775447240393,key-9,502
1775447240393,key-30,1563
1775447240394,key-15,955
1775447240396,key-26,1694
1775447240398,key-35,171
1775447240400,key-3,951
1775447240402,key-26,1700
1775447240404,key-35,177
1775447240411,key-4,962
1775447240412,key-3,963
1775447240412,key-3,963
1775447240412,key-47,119
1775447240412,key-3,963
1775447240413,key-35,186
1775447240419,key-26,1717
1775447240420,key-31,1252
1775447240420,key-15,981
1775447240421,key-47,128
1775447240422,key-28,372
1775447240422,key-44,277
1775447240426,key-47,133
1775447240429,key-15,990
1775447240432,key-31,1264
1775447240435,key-29,33
1775447240436,key-20,190
1775447240438,key-25,67
1775447240439,key-3,990
1775447240440,key-1,23
1775447240440,key-44,295
1775447240443,key-12,2422
1775447240445,key-44,300
1775447240448,key-15,1009
1775447240451,key-31,1283
1775447240452,key-20,206
1775447240452,key-31,1284
1775447240456,key-15,1017
1775447240458,key-12,2437
1775447240459,key-19,1570
1775447240459,key-31,1291
1775447240459,key-15,1020
1775447240460,key-45,594
1775447240460,key-44,315
1775447240462,key-3,1013
1775447240463,key-40,7
1775447240464,key-31,1296
1775447240470,key-31,1302
1775447240471,key-1,54
1775447240472,key-20,226
1775447240475,key-31,1307
1775447240479,key-31,1311
1775447240479,key-26,1777
1775447240480,key-43,382
1775447240481,key-27,1105
1775447240501,key-15,1062
1775447240501,key-12,29
1775447240502,key-4,1053
1775447240502,key-15,1063
1775447240502,key-40,46
1775447240503,key-12,31
1775447240504,key-33,433
1775447240504,key-7,74
1775447240505,key-15,1066
1775447240506,key-50,4
1775447240506,key-12,34
1775447240510,key-24,1824
1775447240510,key-12,38
1775447240511,key-45,645
1775447240511,key-50,9
1775447240515,key-24,1829
1775447240519,key-40,63
1775447240524,key-4,1075
1775447240524,key-15,1085
1775447240531,key-50,29
1775447240531,key-40,75
1775447240531,key-12,59
1775447240533,key-15,1094
1775447240541,key-50,39
1775447240542,key-22,351
1775447240542,key-12,70
1775447240543,key-50,41
1775447240543,key-12,71
1775447240543,key-17,382
1775447240545,key-50,43
1775447240546,key-41,210
1775447240548,key-17,387
1775447240551,key-5,1194
1775447240552,key-22,361
1775447240554,key-18,1777
1775447240557,key-17,396
1775447240561,key-45,695
1775447240562,key-41,226
1775447240563,key-22,372
1775447240569,key-32,473
1775447240571,key-17,410
1775447240575,key-41,7
1775447240575,key-24,42
1775447240576,key-22,385
1775447240576,key-11,537
1775447240576,key-41,8
1775447240578,key-17,417
1775447240578,key-50,76
1775447240580,key-5,1223
1775447240582,key-22,391
1775447240586,key-17,425
1775447240587,key-17,426
1775447240588,key-11,549
1775447240591,key-39,122
1775447240592,key-22,401
1775447240593,key-36,1757
1775447240595,key-17,434
1775447240597,key-15,1158
1775447240597,key-5,1240
1775447240598,key-22,407
1775447240600,key-5,1243
1775447240604,key-36,1768
1775447240607,key-22,416
1775447240608,key-5,1251
1775447240609,key-50,107
1775447240609,key-36,1773
1775447240610,key-22,419
1775447240618,key-5,1261
1775447240620,key-49,1469
1775447240625,key-32,529
1775447240626,key-22,435
1775447240627,key-24,94
1775447240628,key-49,1477
1775447240628,key-35,16
1775447240629,key-15,1190
1775447240634,key-43,8
1775447240641,key-35,29
1775447240642,key-36,1806
1775447240642,key-36,1806
1775447240643,key-22,452
1775447240645,key-37,643
1775447240650,key-50,148
1775447240651,key-5,1294
1775447240654,key-26,1952
1775447240655,key-5,1298
1775447240657,key-15,1218
1775447240659,key-41,28
1775447240660,key-32,564
1775447240660,key-41,29
1775447240664,key-15,1225
1775447240666,key-50,164
1775447240666,key-6,768
1775447240666,key-41,35
1775447240671,key-32,575
1775447240672,key-26,1970
1775447240675,key-5,1318
1775447240681,key-41,50
1775447240682,key-6,784
1775447240682,key-30,1852
1775447240682,key-21,522
1775447240684,key-26,1982
1775447240686,key-13,1337
1775447240686,key-47,16
1775447240689,key-5,1332
1775447240689,key-41,58
1775447240692,key-6,794
1775447240694,key-38,31
1775447240699,key-41,68
1775447240701,key-24,168
1775447240702,key-47,32
1775447240702,key-26,2000
1775447240702,key-20,456
1775447240702,key-26,2000
1775447240713,key-26,2011
1775447240714,key-13,1365
1775447240715,key-35,103
1775447240716,key-48,705
1775447240717,key-8,750
1775447240717,key-26,2015
1775447240718,key-41,87
1775447240718,key-33,647
1775447240724,key-1,307
1775447240724,key-12,252
1775447240725,key-35,113
1775447240726,key-38,63
1775447240726,key-25,198
1775447240731,key-35,119
1775447240734,key-35,122
1775447240736,key-26,2034
1775447240740,key-34,2066
1775447240741,key-20,495
1775447240741,key-38,78
1775447240742,key-26,2040
1775447240742,key-41,111
1775447240747,key-14,1049
1775447240749,key-1,332
1775447240758,key-41,127
1775447240759,key-26,2057
1775447240759,key-23,58
1775447240760,key-7,330
1775447240761,key-25,233
1775447240771,key-35,159
1775447240772,key-2,272
1775447240773,key-25,245
1775447240773,key-39,304
1775447240774,key-25,246
1775447240775,key-25,247
1775447240775,key-25,247
1775447240779,key-40,323
1775447240780,key-14,1082
1775447240785,key-28,735
1775447240786,key-41,26
1775447240793,key-43,167
1775447240794,key-25,266
1775447240794,key-25,266
1775447240795,key-8,828
1775447240795,key-43,169
1775447240800,key-16,364
1775447240803,key-41,43
1775447240804,key-41,44
1775447240804,key-35,192
1775447240807,key-41,47
1775447240810,key-38,147
1775447240814,key-5,1457
1775447240814,key-30,1984
1775447240816,key-25,288
1775447240817,key-5,1460
1775447240817,key-25,289
1775447240818,key-8,851
1775447240819,key-17,658
1775447240820,key-13,1471
1775447240823,key-16,387
1775447240824,key-43,198
1775447240826,key-5,1469
1775447240828,key-16,392
1775447240832,key-41,72
1775447240833,key-18,262
1775447240833,key-21,15
1775447240842,key-22,36
1775447240844,key-38,181
1775447240844,key-21,26
1775447240844,key-45,978
1775447240845,key-4,1396
1775447240852,key-43,226
1775447240853,key-21,35
1775447240858,key-21,40
1775447240858,key-21,40
1775447240859,key-22,53
1775447240861,key-44,716
1775447240861,key-43,235
1775447240861,key-13,1512
1775447240874,key-4,1425
1775447240876,key-16,440
1775447240876,key-5,1519
1775447240878,key-33,118
1775447240878,key-21,60
1775447240880,key-21,62
1775447240883,key-21,65
1775447240888,key-21,70
1775447240888,key-41,128
1775447240896,key-5,1539
1775447240897,key-44,752
1775447240897,key-21,79
1775447240898,key-21,80
1775447240898,key-16,462
1775447240900,key-27,1524
1775447240901,key-21,83
1775447240901,key-21,83
1775447240913,key-5,1556
1775447240913,key-12,25
1775447240914,key-4,1465
1775447240915,key-21,97
1775447240917,key-7,487
1775447240923,key-2,423
1775447240925,key-4,1476
1775447240927,key-12,39
1775447240929,key-36,2093
1775447240930,key-16,494
1775447240931,key-27,1555
1775447240934,key-12,46
1775447240937,key-4,1488
1775447240938,key-27,1562
1775447240942,key-23,241
1775447240943,key-34,51
1775447240945,key-20,699
1775447240948,key-12,60
1775447240949,key-12,61
1775447240955,key-32,183
1775447240956,key-43,330
1775447240956,key-9,1065
1775447240958,key-4,6
1775447240959,key-39,490
1775447240960,key-15,16
1775447240961,key-50,17
1775447240966,key-12,78
1775447240972,key-6,1074
1775447240973,key-34,81
1775447240973,key-44,40
1775447240975,key-4,23
1775447240976,key-6,1078
1775447240977,key-50,33
1775447240980,key-15,36
1775447240981,key-6,1083
1775447240982,key-43,356
1775447240983,key-6,1085
1775447240983,key-46,2671
1775447240986,key-35,374
1775447240990,key-20,7
1775447240997,key-2,497
1775447240997,key-50,53
1775447240998,key-46,2686
1775447240999,key-4,47
1775447240999,key-4,47
1775447241000,key-16,564
1775447241001,key-45,1135
1775447241001,key-16,565
1775447241001,key-47,331
1775447241001,key-40,545
1775447241003,key-20,20
1775447241007,key-22,201
1775447241012,key-15,68
1775447241012,key-47,342
1775447241013,key-6,1115
1775447241015,key-6,1117
1775447241017,key-2,517
1775447241018,key-33,18
1775447241021,key-38,358
1775447241021,key-47,351
1775447241022,key-20,39
1775447241026,key-1,609
1775447241028,key-6,1130
1775447241030,key-2,530
1775447241031,key-42,1914
1775447241031,key-24,498
1775447241041,key-6,1143
1775447241042,key-24,509
1775447241043,key-2,543
1775447241043,key-20,60
1775447241043,key-24,510
1775447241043,key-1,626
1775447241043,key-6,1145
1775447241044,key-6,1146
1775447241051,key-3,401
1775447241054,key-29,652
1775447241055,key-6,1157
1775447241057,key-6,1159
1775447241061,key-24,528
1775447241061,key-29,659
1775447241066,key-18,9
1775447241069,key-3,419
1775447241070,key-24,537
1775447241071,key-24,538
1775447241072,key-30,142
1775447241072,key-6,1174
1775447241075,key-49,146
1775447241075,key-50,131
1775447241077,key-6,1179
1775447241080,key-24,6
1775447241082,key-6,1184
1775447241084,key-6,1186
1775447241085,key-3,435
1775447241086,key-35,12
1775447241087,key-18,30
1775447241092,key-6,1194
1775447241095,key-35,21
1775447241106,key-3,21
1775447241106,key-3,21
1775447241107,key-35,33
1775447241107,key-8,1140
1775447241107,key-30,177
1775447241108,key-3,23
1775447241108,key-24,34
1775447241108,key-38,445
1775447241111,key-39,140
1775447241111,key-3,26
1775447241111,key-37,452
1775447241112,key-6,1214
1775447241113,key-3,28
1775447241114,key-37,455
1775447241114,key-24,40
1775447241115,key-37,456
1775447241121,key-8,1154
1775447241121,key-6,1223
1775447241122,key-30,192
1775447241122,key-35,48
1775447241123,key-35,49
1775447241126,key-30,196
1775447241126,key-6,1228
1775447241130,key-40,674
1775447241131,key-18,74
1775447241132,key-44,199
1775447241133,key-25,605
1775447241133,key-40,677
1775447241135,key-50,191
1775447241137,key-24,63
1775447241143,key-30,7
1775447241150,key-38,487
1775447241151,key-35,77
1775447241152,key-44,219
1775447241153,key-35,79
1775447241154,key-50,210
1775447241157,key-24,83
1775447241157,key-50,213
1775447241160,key-35,86
1775447241160,key-38,497
1775447241162,key-38,499
1775447241163,key-50,219
1775447241163,key-30,27
1775447241163,key-35,89
1775447241163,key-6,1265
1775447241163,key-11,311
1775447241164,key-30,28
1775447241167,key-44,234
1775447241169,key-31,9
1775447241170,key-33,16
1775447241175,key-11,323
1775447241183,key-44,250
1775447241183,key-38,520
1775447241189,key-30,53
1775447241191,key-33,37
1775447241191,key-50,247
1775447241194,key-4,242
1775447241194,key-30,58
1775447241197,key-35,123
1775447241197,key-30,61
1775447241198,key-18,141
1775447241199,key-43,9
1775447241199,key-30,63
1775447241202,key-38,539
1775447241205,key-19,2316
1775447241207,key-50,263
1775447241208,key-26,402
1775447241211,key-50,267
1775447241212,key-44,279
1775447241216,key-31,56
1775447241217,key-35,143
1775447241217,key-38,554
1775447241218,key-35,144
1775447241219,key-10,747
1775447241221,key-35,147
1775447241221,key-26,415
1775447241223,key-26,417
1775447241223,key-7,149
1775447241225,key-30,89
1775447241233,key-43,43
1775447241233,key-40,777
1775447241235,key-19,2346
1775447241242,key-26,436
1775447241242,key-38,579
1775447241243,key-35,169
1775447241243,key-31,83
1775447241243,key-10,771
1775447241244,key-38,581
1775447241244,key-43,54
1775447241245,key-22,23
1775447241247,key-40,791
1775447241253,key-2,753
1775447241256,key-16,12
1775447241257,key-34,365
1775447241257,key-35,183
1775447241257,key-19,2368
1775447241258,key-19,2369
1775447241259,key-38,596
1775447241259,key-38,596
1775447241261,key-29,859
1775447241261,key-38,598
1775447241263,key-40,807
1775447241264,key-38,601
1775447241264,key-26,458
1775447241264,key-35,190
1775447241275,key-15,331
1775447241276,key-37,617
1775447241276,key-40,820
1775447241278,key-2,778
1775447241279,key-8,1312
1775447241283,key-16,39
1775447241285,key-40,829
1775447241286,key-41,526
1775447241286,key-38,623
1775447241287,key-19,2398
1775447241288,key-16,44
1775447241291,key-38,628
1775447241291,key-26,485
1775447241292,key-35,218
1775447241296,key-38,633
1775447241297,key-13,1948
1775447241302,key-49,373
1775447241303,key-16,59
1775447241303,key-16,59
1775447241304,key-38,641
1775447241305,key-16,61
1775447241305,key-49,376
1775447241306,key-41,546
1775447241306,key-19,2417
1775447241307,key-41,547
1775447241310,key-13,1961
1775447241310,key-35,236
1775447241315,key-13,1966
1775447241319,key-16,75
1775447241320,key-14,1622
1775447241320,key-26,514
1775447241321,key-16,77
1775447241321,key-38,658
1775447241326,key-40,870
1775447241329,key-35,255
1775447241330,key-49,401
1775447241330,key-38,667
1775447241330,key-13,1981
1775447241332,key-35,258
1775447241333,key-45,1467
1775447241334,key-4,382
1775447241334,key-26,528
1775447241334,key-41,574
1775447241334,key-35,260
1775447241336,key-16,92
1775447241338,key-26,532
1775447241338,key-26,532
1775447241342,key-35,268
1775447241343,key-26,537
1775447241344,key-35,270
1775447241373,key-41,613
1775447241373,key-18,316
1775447241374,key-39,170
1775447241374,key-8,1407
1775447241374,key-13,2025
1775447241374,key-16,130
1775447241374,key-35,300
1775447241375,key-4,423
1775447241375,key-26,569
1775447241375,key-38,712
1775447241375,key-35,301
1775447241375,key-35,301
1775447241376,key-26,570
1775447241377,key-35,303
1775447241377,key-41,617
1775447241381,key-16,137
1775447241381,key-35,307
1775447241383,key-20,400
1775447241388,key-5,71
1775447241389,key-26,583
1775447241390,key-22,168
1775447241392,key-35,318
1775447241397,key-35,323
1775447241397,key-41,637
1775447241398,key-15,454
1775447241405,key-25,877
1775447241405,key-35,331
1775447241405,key-45,27
1775447241406,key-41,646
1775447241408,key-45,30
1775447241409,key-35,335
1775447241413,key-20,430
1775447241415,key-44,482
1775447241416,key-6,1518
1775447241416,key-34,524
1775447241418,key-41,658
1775447241419,key-48,47
1775447241421,key-34,529
1775447241421,key-20,438
1775447241421,key-41,661
1775447241423,key-33,180
1775447241425,key-35,351
1775447241425,key-34,533
1775447241427,key-45,49
1775447241428,key-32,56
1775447241428,key-33,185
1775447241432,key-35,358
1775447241433,key-34,541
1775447241434,key-35,360
1775447241434,key-34,542
1775447241434,key-48,62
1775447241437,key-48,65
1775447241440,key-34,548
1775447241441,key-32,69
1775447241442,key-48,70
1775447241444,key-21,7
1775447241449,key-44,516
1775447241449,key-33,206
1775447241449,key-24,70
1775447241450,key-21,13
1775447241451,key-43,261
1775447241452,key-1,1035
1775447241452,key-34,560
1775447241453,key-48,81
1775447241455,key-5,138
1775447241455,key-30,319
1775447241459,key-21,22
1775447241467,key-20,484
1775447241467,key-50,523
1775447241468,key-21,31
1775447241468,key-48,96
1775447241469,key-43,279
1775447241469,key-43,279
1775447241469,key-27,2093
1775447241469,key-48,97
1775447241469,key-48,97
1775447241470,key-50,526
1775447241471,key-43,281
1775447241475,key-17,1314
1775447241475,key-48,103
1775447241476,key-31,20
1775447241476,key-50,532
1775447241477,key-4,57
1775447241477,key-43,287
1775447241478,key-37,819
1775447241481,key-21,44
1775447241485,key-43,295
1775447241486,key-4,66
1775447241493,key-50,549
1775447241494,key-50,550
1775447241494,key-21,57
1775447241495,key-48,123
1775447241495,key-50,551
1775447241495,key-4,75
1775447241495,key-43,305
1775447241495,key-37,836
1775447241496,key-48,124
1775447241497,key-17,1336
1775447241497,key-4,77
1775447241498,key-48,126
1775447241498,key-34,606
1775447241503,key-43,313
1775447241503,key-48,131
1775447241504,key-21,67
1775447241504,key-4,84
1775447241505,key-33,262
1775447241505,key-21,68
1775447241507,key-29,1105
1775447241508,key-43,318
1775447241511,key-1,1094
1775447241512,key-23,811
1775447241513,key-34,621
1775447241514,key-1,1097
1775447241515,key-33,272
1775447241516,key-43,326
1775447241516,key-34,624
1775447241517,key-4,97
1775447241520,key-9,1629
1775447241520,key-24,2
1775447241521,key-34,629
1775447241522,key-29,1120
1775447241523,key-34,631
1775447241524,key-29,1122
1775447241527,key-34,635
1775447241527,key-11,675
1775447241529,key-34,637
1775447241530,key-39,326
1775447241533,key-34,641
1775447241535,key-29,10
1775447241536,key-1,1119
1775447241537,key-34,645
1775447241538,key-34,646
1775447241539,key-34,647
1775447241539,key-37,880
1775447241540,key-11,688
1775447241540,key-34,648
1775447241541,key-34,649
1775447241541,key-29,16
1775447241541,key-24,23
1775447241541,key-12,169
1775447241542,key-34,650
1775447241545,key-34,653
1775447241546,key-29,21
1775447241552,key-16,308
1775447241552,key-34,660
1775447241552,key-12,180
1775447241552,key-11,700
1775447241553,key-40,51
1775447241553,key-29,28
1775447241554,key-34,662
1775447241556,key-16,312
1775447241556,key-34,664
1775447241557,key-18,500
1775447241557,key-27,2181
1775447241558,key-34,666
1775447241560,key-28,1510
1775447241561,key-34,669
1775447241562,key-29,37
1775447241563,key-34,671
1775447241564,key-34,672
1775447241569,key-34,677
1775447241569,key-34,677
1775447241571,key-34,679
1775447241571,key-7,280
1775447241572,key-16,328
1775447241572,key-34,680
1775447241573,key-34,681
1775447241573,key-34,681
1775447241574,key-7,283
1775447241575,key-34,683
1775447241577,key-6,1679
1775447241578,key-18,521
1775447241579,key-34,687
1775447241580,key-34,688
1775447241582,key-18,525
1775447241584,key-34,692
1775447241587,key-34,695
1775447241588,key-34,696
1775447241588,key-15,644
1775447241589,key-34,697
1775447241590,key-15,646
1775447241590,key-6,1692
1775447241595,key-34,703
1775447241596,key-34,704
1775447241597,key-34,705
1775447241597,key-34,705
1775447241599,key-34,707
1775447241600,key-10,27
1775447241601,key-34,709
1775447241601,key-15,657
1775447241602,key-25,1074
1775447241603,key-29,78
1775447241603,key-34,711
1775447241605,key-36,2769
1775447241606,key-34,714
1775447241607,key-34,715
1775447241607,key-34,715
1775447241607,key-37,948
1775447241612,key-34,720
1775447241613,key-34,721
1775447241613,key-34,721
1775447241615,key-34,723
1775447241616,key-34,724
1775447241616,key-34,724
1775447241617,key-22,395
1775447241618,key-22,396
1775447241619,key-43,429
1775447241622,key-34,730
1775447241623,key-25,17
1775447241625,key-25,19
1775447241630,key-34,738
1775447241630,key-26,166
1775447241632,key-22,410
1775447241633,key-28,3
1775447241636,key-37,977
1775447241638,key-31,182
1775447241638,key-38,19
1775447241639,key-26,175
1775447241640,key-17,14
1775447241641,key-34,749
1775447241641,key-26,177
1775447241641,key-40,139
1775447241642,key-37,983
1775447241644,key-40,142
1775447241644,key-31,188
1775447241645,key-38,26
1775447241645,key-17,19
1775447241652,key-31,196
1775447241652,key-37,993
1775447241654,key-22,432
1775447241656,key-38,37
1775447241656,key-38,37
1775447241656,key-26,192
1775447241659,key-38,40
1775447241659,key-38,40
1775447241660,key-17,34
1775447241664,key-38,45
1775447241664,key-4,244
1775447241667,key-33,424
1775447241667,key-16,423
1775447241667,key-26,203
1775447241668,key-48,296
1775447241670,key-16,426
1775447241670,key-22,448
1775447241671,key-33,428
1775447241671,key-1,1254
1775447241674,key-31,218
1775447241676,key-5,359
1775447241677,key-37,1018
1775447241678,key-2,264
1775447241678,key-41,3
1775447241678,key-33,435
1775447241679,key-17,53
1775447241679,key-50,735
1775447241679,key-41,4
1775447241683,key-41,8
1775447241683,key-37,1024
1775447241693,key-5,376
1775447241694,key-33,18
1775447241694,key-47,672
1775447241694,key-41,19
1775447241694,key-7,403
1775447241695,key-41,20
1775447241696,key-41,21
1775447241697,key-33,21
1775447241697,key-33,21
1775447241699,key-47,677
1775447241700,key-12,328
1775447241700,key-31,244
1775447241703,key-50,19
1775447241704,key-31,248
1775447241705,key-41,30
1775447241705,key-29,180
1775447241706,key-37,1047
1775447241707,key-46,3395
1775447241708,key-21,271
1775447241709,key-41,34
1775447241710,key-27,2334
1775447241712,key-41,37
1775447241713,key-41,38
1775447241713,key-50,29
1775447241715,key-21,278
1775447241715,key-29,190
1775447241718,key-28,9
1775447241718,key-28,9
1775447241719,key-37,1060
1775447241721,key-41,46
1775447241722,key-29,197
1775447241722,key-18,665
1775447241725,key-41,50
1775447241725,key-8,1758
1775447241728,key-50,44
1775447241729,key-12,357
1775447241729,key-41,54
1775447241730,key-27,2354
1775447241730,key-34,7
1775447241731,key-50,47
1775447241731,key-5,414
1775447241732,key-28,23
1775447241734,key-50,50
1775447241734,key-41,59
1775447241741,key-28,32
1775447241742,key-12,370
1775447241743,key-50,59
1775447241744,key-18,687
1775447241745,key-27,2369
1775447241745,key-14,341
1775447241746,key-16,502
1775447241746,key-34,23
1775447241748,key-27,2372
1775447241748,key-34,25
1775447241750,key-27,2374
1775447241750,key-13,2401
1775447241751,key-27,2375
1775447241752,key-5,435
1775447241753,key-27,2377
1775447241753,key-27,2377
1775447241758,key-41,83
1775447241759,key-27,2383
1775447241759,key-13,2410
1775447241759,key-41,84
1775447241760,key-25,154
1775447241761,key-15,817
1775447241762,key-27,2386
1775447241763,key-15,819
1775447241763,key-48,86
1775447241763,key-34,40
1775447241766,key-27,2390
1775447241766,key-22,544
1775447241769,key-15,825
1775447241769,key-41,94
1775447241775,key-34,52
1775447241775,key-48,98
1775447241775,key-5,7
1775447241776,key-41,101
1775447241777,key-12,405
1775447241777,key-30,641
1775447241779,key-48,102
1775447241780,key-15,836
1775447241781,key-48,104
1775447241782,key-5,14
1775447241782,key-30,646
1775447241783,key-27,2407
1775447241785,key-30,649
1775447241787,key-48,5
1775447241789,key-22,567
1775447241791,key-12,419
1775447241791,key-15,847
1775447241792,key-12,420
1775447241794,key-43,604
1775447241798,key-15,854
1775447241798,key-42,2
1775447241798,key-27,2422
1775447241799,key-12,427
1775447241800,key-44,867
1775447241801,key-21,364
1775447241802,key-15,858
1775447241802,key-20,819
1775447241803,key-42,7
1775447241805,key-30,669
1775447241807,key-2,92
1775447241807,key-12,435
1775447241808,key-9,1917
1775447241809,key-12,437
1775447241810,key-49,881
1775447241810,key-42,14
1775447241815,key-42,19
1775447241816,key-30,680
1775447241817,key-49,888
1775447241817,key-42,21
1775447241818,key-30,682
1775447241819,key-21,382
1775447241822,key-44,889
1775447241822,key-12,450
1775447241823,key-42,27
1775447241824,key-2,109
1775447241824,key-2,109
1775447241825,key-7,534
1775447241826,key-47,11
1775447241828,key-49,899
1775447241828,key-42,32
1775447241829,key-44,896
1775447241829,key-12,457
1775447241830,key-2,115
1775447241830,key-16,586
1775447241830,key-9,1939
1775447241831,key-37,1172
1775447241831,key-12,459
1775447241832,key-47,17
1775447241835,key-27,4
1775447241837,key-9,1946
1775447241838,key-9,1947
1775447241838,key-9,1947
1775447241841,key-12,469
1775447241841,key-44,908
1775447241854,key-44,921
1775447241854,key-47,39
1775447241854,key-2,139
1775447241855,key-13,2506
1775447241855,key-19,2966
1775447241855,key-27,24
1775447241855,key-12,483
1775447241855,key-12,483
1775447241856,key-33,180
1775447241856,key-9,1965
1775447241856,key-44,923
1775447241856,key-27,25
1775447241857,key-27,26
1775447241858,key-16,614
1775447241860,key-44,927
1775447241862,key-13,2513
1775447241864,key-19,2975
1775447241864,key-13,2515
1775447241864,key-44,931
1775447241865,key-13,2516
1775447241868,key-13,2519
1775447241868,key-38,249
1775447241868,key-27,37
1775447241869,key-26,405
1775447241869,key-27,38
1775447241869,key-2,154
1775447241870,key-27,39
1775447241871,key-44,938
1775447241875,key-17,249
1775447241875,key-19,2986
1775447241877,key-30,3
1775447241877,key-27,46
1775447241877,key-13,2528
1775447241878,key-27,47
1775447241879,key-13,2530
1775447241879,key-26,415
1775447241880,key-17,254
1775447241882,key-32,510
1775447241883,key-26,419
1775447241883,key-22,661
1775447241884,key-17,258
1775447241886,key-8,1919
1775447241887,key-44,954
1775447241966,key-30,92
1775447241966,key-14,562
1775447241967,key-26,503
1775447241968,key-14,564
1775447241969,key-14,565
1775447241969,key-34,246
1775447241970,key-17,344
1775447241970,key-32,598
1775447241970,key-30,96
1775447241970,key-2,255
1775447241971,key-14,567
1775447241971,key-17,345
1775447241971,key-44,1038
1775447241971,key-15,1027
1775447241971,key-6,2073
1775447241971,key-44,1038
1775447241972,key-12,600
1775447241972,key-30,98
1775447241972,key-13,2623
1775447241972,key-38,353
1775447241972,key-32,600
1775447241972,key-50,288
1775447241972,key-17,346
1775447241973,key-30,99
1775447241974,key-41,299
1775447241974,key-27,143
1775447241980,key-36,9
1775447241981,key-40,9
1775447241984,key-44,1051
1775447241985,key-4,565
1775447241986,key-44,1053
1775447241988,key-30,20
1775447241989,key-41,314
1775447241992,key-40,20
1775447241993,key-49,18
1775447241993,key-30,25
1775447241995,key-15,14
1775447241998,key-40,26
1775447241999,key-44,1066
1775447242000,key-40,28
1775447242001,key-27,170
1775447242003,key-41,328
1775447242005,key-35,931
1775447242005,key-36,34
1775447242006,key-17,380
1775447242007,key-35,933
1775447242007,key-42,211
1775447242008,key-21,571
1775447242008,key-49,33
1775447242008,key-5,240
1775447242010,key-30,42
1775447242010,key-40,38
1775447242014,key-27,183
1775447242015,key-49,40
1775447242015,key-40,43
1775447242015,key-24,2
1775447242018,key-40,46
1775447242018,key-45,640
1775447242019,key-46,3707
1775447242019,key-6,2121
1775447242019,key-3,292
1775447242020,key-49,45
1775447242020,key-27,189
1775447242020,key-24,7
1775447242022,key-21,585
1775447242022,key-27,191
1775447242022,key-40,50
1775447242022,key-27,191
1775447242023,key-40,51
1775447242024,key-21,587
1775447242024,key-45,646
1775447242024,key-27,193
1775447242030,key-40,58
1775447242030,key-40,58
1775447242031,key-49,56
1775447242033,key-27,202
1775447242033,key-18,976
1775447242034,key-37,1375
1775447242035,key-2,320
1775447242035,key-49,60
1775447242037,key-45,659
1775447242040,key-28,331
1775447242040,key-12,59
1775447242041,key-40,69
1775447242041,key-20,12
1775447242042,key-27,211
1775447242042,key-35,968
1775447242043,key-45,665
1775447242044,key-2,329
1775447242047,key-28,338
1775447242047,key-2,332
1775447242050,key-2,335
1775447242052,key-20,23
1775447242053,key-35,979
1775447242055,key-2,340
1775447242055,key-37,1396
1775447242055,key-47,12
1775447242055,key-35,981
1775447242056,key-47,13
1775447242057,key-2,342
1775447242060,key-47,17
1775447242062,key-2,347
1775447242063,key-45,685
1775447242063,key-2,348
1775447242063,key-2,348
1775447242064,key-2,349
1775447242064,key-20,35
1775447242065,key-47,22
1775447242065,key-49,90
1775447242065,key-49,90
1775447242066,key-40,94
1775447242069,key-6,2171
1775447242069,key-30,101
1775447242070,key-47,27
1775447242070,key-49,95
1775447242072,key-40,100
1775447242073,key-12,92
1775447242074,key-20,45
1775447242076,key-41,401
1775447242078,key-47,35
1775447242079,key-24,66
1775447242079,key-20,50
1775447242081,key-47,38
1775447242082,key-47,39
1775447242090,key-6,2192
1775447242090,key-41,415
1775447242091,key-24,78
1775447242094,key-49,119
1775447242094,key-49,119
1775447242101,key-47,58
1775447242101,key-24,88
1775447242102,key-49,127
1775447242102,key-1,1685
1775447242102,key-47,59
1775447242102,key-6,2204
1775447242102,key-14,698
1775447242103,key-16,859
1775447242104,key-20,75
1775447242105,key-47,62
1775447242107,key-49,132
1775447242108,key-47,65
1775447242108,key-49,133
1775447242108,key-1,1691
1775447242110,key-49,135
1775447242111,key-14,707
1775447242112,key-1,1695
1775447242114,key-1,1697
1775447242116,key-49,141
1775447242119,key-14,715
1775447242121,key-24,108
1775447242122,key-14,718
1775447242123,key-6,3
1775447242128,key-8,67
1775447242132,key-49,157
1775447242132,key-14,728
1775447242133,key-14,729
1775447242133,key-16,889
1775447242135,key-39,931
1775447242135,key-1,1718
1775447242136,key-48,354
1775447242138,key-49,163
1775447242139,key-26,675
1775447242140,key-24,127
1775447242142,key-24,129
1775447242142,key-43,8
1775447242143,key-1,1726
1775447242145,key-43,11
1775447242147,key-43,13
1775447242147,key-39,943
1775447242147,key-32,775
1775447242147,key-26,683
1775447242148,key-33,472
1775447242148,key-43,14
1775447242148,key-24,135
1775447242149,key-20,120
1775447242152,key-1,1735
1775447242154,key-39,950
1775447242160,key-43,26
1775447242161,key-24,148
1775447242162,key-43,28
1775447242162,key-28,453
1775447242165,key-20,136
1775447242166,key-39,962
1775447242166,key-43,32
1775447242170,key-1,12
1775447242173,key-28,464
1775447242173,key-28,464
1775447242174,key-32,802
1775447242174,key-32,802
1775447242174,key-43,40
1775447242175,key-43,41
1775447242176,key-43,42
1775447242177,key-28,468
1775447242177,key-39,973
1775447242177,key-13,2828
1775447242177,key-32,805
1775447242183,key-24,170
1775447242183,key-24,170
1775447242183,key-42,387
1775447242187,key-43,53
1775447242191,key-1,33
1775447242191,key-29,15
1775447242193,key-45,815
1775447242193,key-42,397
1775447242196,key-29,20
1775447242199,key-43,65
1775447242204,key-43,70
1775447242204,key-45,826
1775447242204,key-8,143
1775447242206,key-39,1002
1775447242208,key-36,237
1775447242210,key-32,838
1775447242210,key-33,534
1775447242211,key-6,91
1775447242216,key-43,82
1775447242216,key-43,82
1775447242218,key-42,422
1775447242221,key-45,843
1775447242222,key-43,88
1775447242223,key-29,47
1775447242223,key-33,547
1775447242225,key-42,429
1775447242232,key-6,112
1775447242232,key-29,56
1775447242234,key-12,253
1775447242237,key-33,561
1775447242240,key-41,565
1775447242240,key-48,458
1775447242241,key-39,1037
1775447242242,key-36,271
1775447242243,key-10,670
1775447242243,key-23,477
1775447242243,key-42,447
1775447242244,key-12,263
1775447242251,key-43,117
1775447242258,key-33,582
1775447242258,key-42,462
1775447242258,key-29,82
1775447242263,key-42,467
1775447242267,key-12,286
1775447242270,key-6,150
1775447242271,key-14,867
1775447242271,key-23,505
1775447242273,key-15,292
1775447242276,key-23,510
1775447242279,key-2,564
1775447242284,key-42,488
1775447242285,key-12,304
1775447242290,key-43,156
1775447242291,key-6,171
1775447242292,key-6,172
1775447242294,key-2,579
1775447242299,key-48,517
1775447242300,key-2,585
1775447242301,key-23,535
1775447242302,key-6,182
1775447242304,key-12,323
1775447242305,key-28,596
1775447242308,key-39,1104
1775447242312,key-39,1108
1775447242313,key-24,61
1775447242321,key-39,5
1775447242322,key-16,100
1775447242322,key-12,341
1775447242330,key-6,210
1775447242332,key-39,16
1775447242333,key-16,111
1775447242335,key-1,14
1775447242336,key-48,554
1775447242336,key-28,627
1775447242337,key-1,16
1775447242341,key-26,877
1775447242346,key-15,33
1775447242346,key-1,25
1775447242347,key-18,1290
1775447242347,key-3,620
1775447242348,key-49,373
1775447242349,key-15,36
1775447242349,key-15,36
1775447242356,key-6,236
1775447242356,key-6,236
1775447242356,key-39,40
1775447242357,key-6,237
1775447242360,key-39,44
1775447242360,key-3,633
1775447242367,key-34,6
1775447242367,key-15,54
1775447242368,key-6,248
1775447242368,key-28,659
1775447242369,key-14,965
1775447242369,key-3,642
1775447242373,key-15,60
1775447242375,key-19,3486
1775447242376,key-47,333
1775447242378,key-39,62
1775447242382,key-34,21
1775447242384,key-3,657
1775447242384,key-3,657
1775447242384,key-50,700
1775447242385,key-47,342
1775447242386,key-15,73
1775447242391,key-47,348
1775447242393,key-34,32
1775447242394,key-3,667
1775447242395,key-15,82
1775447242395,key-21,958
1775447242396,key-40,23
1775447242398,key-43,25
1775447242399,key-34,38
1775447242399,key-50,715
1775447242402,key-47,359
1775447242402,key-5,634
1775447242403,key-39,87
1775447242403,key-21,966
1775447242404,key-21,967
1775447242405,key-15,92
1775447242405,key-19,3516
1775447242408,key-39,92
1775447242409,key-44,404
1775447242412,key-8,351
1775447242416,key-40,43
1775447242417,key-39,101
1775447242423,key-15,110
1775447242423,key-5,655
1775447242429,key-40,7
1775447242430,key-49,8
1775447242431,key-50,747
1775447242431,key-40,9
1775447242431,key-15,118
1775447242431,key-15,118
1775447242434,key-44,429
1775447242437,key-26,13
1775447242438,key-40,16
1775447242439,key-5,671
1775447242440,key-15,127
1775447242440,key-15,127
1775447242444,key-16,222
1775447242444,key-40,22
1775447242447,key-16,225
1775447242457,key-14,1053
1775447242457,key-44,452
1775447242458,key-50,774
1775447242458,key-34,97
1775447242459,key-39,35
1775447242463,key-44,458
1775447242472,key-49,50
1775447242472,key-5,704
1775447242473,key-5,705
1775447242474,key-49,52
1775447242475,key-26,51
1775447242476,key-8,415
1775447242477,key-16,255
1775447242482,key-5,714
1775447242482,key-49,60
1775447242484,key-34,123
1775447242485,key-16,263
1775447242491,key-44,486
1775447242495,key-2,780
1775447242498,key-8,437
1775447242501,key-5,733
1775447242503,key-44,498
1775447242503,key-3,776
1775447242505,key-34,144
1775447242507,key-15,194
1775447242507,key-32,152
1775447242514,key-46,159
1775447242514,key-34,153
1775447242515,key-32,160
1775447242518,key-3,791
1775447242528,key-3,801
1775447242530,key-15,217
1775447242531,key-2,816
1775447242531,key-44,526
1775447242533,key-3,806
1775447242534,key-20,505
1775447242536,key-2,821
1775447242539,key-2,824
1775447242542,key-3,815
1775447242543,key-44,538
1775447242544,key-32,189
1775447242553,key-2,838
1775447242554,key-34,193
1775447242556,key-14,2
1775447242560,key-3,833
1775447242564,key-24,312
1775447242570,key-3,843
1775447242571,key-14,17
1775447242571,key-23,805
1775447242575,key-2,860
1775447242580,key-2,865
1775447242583,key-44,578
1775447242585,key-2,870
1775447242585,key-27,754
1775447242585,key-44,580
1775447242589,key-25,31
1775447242590,key-2,875
1775447242592,key-44,587
1775447242594,key-42,12
1775447242599,key-11,1747
1775447242600,key-37,466
1775447242600,key-42,18
1775447242604,key-12,623
1775447242613,key-33,25
1775447242614,key-33,26
1775447242625,key-42,43
1775447242625,key-33,37
1775447242627,key-25,69
1775447242632,key-37,498
1775447242632,key-42,50
1775447242633,key-32,6
1775447242634,key-42,52
1775447242636,key-33,48
1775447242648,key-37,514
1775447242649,key-41,25
1775447242650,key-9,2759
1775447242652,key-42,70
1775447242652,key-33,16
1775447242653,key-42,71
1775447242653,key-33,17
1775447242653,key-41,29
1775447242657,key-34,296
1775447242658,key-41,34
1775447242667,key-41,43
1775447242679,key-33,43
1775447242681,key-42,99
1775447242681,key-42,99
1775447242682,key-41,58
1775447242684,key-34,323
1775447242684,key-3,957
1775447242686,key-42,104
1775447242688,key-9,2797
1775447242693,key-41,69
1775447242697,key-34,336
1775447242697,key-41,73
1775447242699,key-21,40
1775447242700,key-44,695
1775447242702,key-13,3353
1775447242704,key-41,80
1775447242708,key-34,347
1775447242710,key-9,2819
1775447242711,key-34,350
1775447242712,key-34,351
1775447242714,key-34,353
1775447242714,key-44,709
1775447242720,key-9,2829
1775447242721,key-41,97
1775447242721,key-41,97
1775447242729,key-23,963
1775447242729,key-31,1273
1775447242729,key-41,105
1775447242738,key-34,377
1775447242739,key-34,378
1775447242747,key-1,426
1775447242749,key-9,2858
1775447242749,key-41,125
1775447242755,key-34,394
1775447242760,key-32,133
1775447242760,key-41,136
1775447242761,key-46,35
1775447242764,key-9,2873
1775447242768,key-11,1916
1775447242769,key-10,1196
1775447242773,key-12,166
1775447242777,key-20,748
1775447242778,key-9,2887
1775447242780,key-46,54
1775447242784,key-34,423
1775447242788,key-41,164
1775447242800,key-9,2909
1775447242801,key-34,440
1775447242802,key-46,76
1775447242804,key-34,443
1775447242807,key-49,7
1775447242807,key-44,46
1775447242808,key-34,447
1775447242813,key-25,255
1775447242815,key-49,15
1775447242816,key-37,682
1775447242816,key-46,90
1775447242817,key-34,456
1775447242828,key-34,467
1775447242835,key-49,35
1775447242836,key-9,2945
1775447242837,key-9,2946
1775447242838,key-9,2947
1775447242841,key-49,41
1775447242851,key-9,2960
1775447242852,key-49,52
1775447242852,key-43,16
1775447242860,key-34,499
1775447242861,key-9,2970
1775447242866,key-1,545
1775447242867,key-34,506
1775447242867,key-14,313
1775447242871,key-9,2980
1775447242871,key-20,35
1775447242872,key-50,1188
1775447242877,key-9,2986
1775447242877,key-45,20
1775447242878,key-9,2987
1775447242881,key-9,2990
1775447242884,key-22,1662
1775447242887,key-19,3998
1775447242887,key-22,1665
1775447242933,key-22,1711
1775447242937,key-1,616
1775447242937,key-3,1210
1775447242938,key-24,52
1775447242938,key-45,81
1775447242938,key-34,577
1775447242938,key-49,138
1775447242939,key-26,515
1775447242939,key-45,82
1775447242939,key-14,385
1775447242940,key-9,3049
1775447242940,key-14,386
1775447242940,key-25,80
1775447242951,key-21,292
1775447242958,key-22,1736
1775447242958,key-41,334
1775447242959,key-34,598
1775447242960,key-34,599
1775447242967,key-41,343
1775447242967,key-7,19
1775447242971,key-18,1914
1775447242973,key-9,3082
1775447242975,key-34,614
1775447242975,key-41,351
1775447242976,key-9,3085
1775447242977,key-34,616
1775447242979,key-38,1008
1775447242979,key-41,355
1775447242979,key-14,425
1775447242981,key-34,620
1775447242981,key-39,255
1775447242983,key-32,25
1775447242984,key-23,19
1775447242990,key-41,366
1775447242994,key-14,440
1775447242995,key-41,371
1775447242995,key-40,573
1775447242996,key-10,12
1775447242997,key-34,15
1775447242997,key-36,1026
1775447242998,key-9,3107
1775447243002,key-10,18
1775447243006,key-36,1035
1775447243013,key-34,31
1775447243013,key-45,156
1775447243016,key-34,34
1775447243017,key-9,17
1775447243018,key-26,594
1775447243019,key-9,19
1775447243019,key-35,837
1775447243020,key-34,38
1775447243021,key-45,164
1775447243021,key-36,1050
1775447243025,key-45,168
1775447243030,key-9,30
1775447243031,key-16,809
1775447243036,key-38,1065
1775447243037,key-45,180
1775447243037,key-48,1255
1775447243037,key-16,815
1775447243038,key-36,1067
1775447243041,key-45,184
1775447243041,key-9,41
1775447243043,key-48,1261
1775447243046,key-11,2194
1775447243046,key-36,1075
1775447243047,key-27,1216
1775447243047,key-50,7
1775447243055,key-11,2203
1775447243055,key-5,1287
1775447243060,key-10,76
1775447243061,key-45,204
1775447243061,key-11,2209
1775447243061,key-9,61
1775447243061,key-16,839
1775447243062,key-45,205
1775447243063,key-45,206
1775447243063,key-16,841
1775447243068,key-11,2216
1775447243070,key-27,1239
1775447243072,key-10,88
1775447243072,key-44,311
1775447243074,key-27,1243
1775447243075,key-16,853
1775447243083,key-45,226
1775447243092,key-50,52
1775447243092,key-14,538
1775447243092,key-11,2240
1775447243092,key-16,870
1775447243098,key-15,13
1775447243099,key-5,1331
1775447243100,key-11,2248
1775447243102,key-41,478
1775447243103,key-16,881
1775447243108,key-16,886
1775447243109,key-16,887
1775447243120,key-15,35
1775447243120,key-11,2268
1775447243122,key-11,2270
1775447243123,key-10,139
1775447243128,key-50,88
1775447243130,key-41,506
1775447243137,key-28,357
1775447243137,key-15,52
1775447243138,key-14,584
1775447243145,key-15,60
1775447243147,key-10,163
1775447243147,key-11,2295
1775447243148,key-15,63
1775447243150,key-16,928
1775447243152,key-14,598
1775447243154,key-47,1111
1775447243159,key-50,119
1775447243165,key-28,385
1775447243171,key-47,1128
1775447243180,key-6,1060
1775447243180,key-47,1137
1775447243187,key-33,551
1775447243189,key-38,1218
1775447243198,key-29,1022
1775447243199,key-47,1156
1775447243204,key-32,246
1775447243205,key-36,1234
1775447243205,key-48,1423
1775447243206,key-39,480
1775447243211,key-47,1168
1775447243211,key-47,1168
1775447243219,key-47,1176
1775447243219,key-25,55
1775447243221,key-47,1178
1775447243221,key-39,495
1775447243227,key-39,501
1775447243230,key-29,1054
1775447243231,key-47,1188
1775447243240,key-47,1197
1775447243240,key-39,514
1775447243242,key-47,1199
1775447243244,key-37,14
1775447243245,key-31,79
1775447243247,key-29,1071
1775447243248,key-29,1072
1775447243255,key-39,529
1775447243256,key-44,19
1775447243256,key-29,1080
1775447243265,key-39,539
1775447243266,key-44,29
1775447243271,key-39,545
1775447243276,key-7,328
1775447243277,key-39,551
1775447243278,key-39,552
1775447243278,key-27,1447
1775447243280,key-37,36
1775447243280,key-37,36
1775447243285,key-27,1454
1775447243285,key-31,119
1775447243288,key-29,1112
1775447243288,key-39,562
1775447243294,key-32,336
1775447243295,key-7,347
1775447243295,key-39,569
1775447243296,key-29,1120
1775447243298,key-10,314
1775447243299,key-43,32
1775447243302,key-21,643
1775447243303,key-29,1127
1775447243307,key-7,359
1775447243308,key-37,64
1775447243308,key-20,472
1775447243309,key-44,72
1775447243311,key-13,27
1775447243312,key-18,10
1775447243316,key-14,762
1775447243317,key-27,1486
1775447243317,key-23,352
1775447243319,key-43,52
1775447243321,key-7,373
1775447243323,key-44,86
1775447243323,key-41,699
1775447243326,key-17,1700
1775447243328,key-22,2106
1775447243331,key-18,29
1775447243335,key-27,1504
1775447243335,key-13,51
1775447243336,key-10,352
1775447243337,key-12,11
1775447243339,key-34,357
1775447243341,key-7,3
1775447243341,key-24,22
1775447243341,key-12,15
1775447243344,key-13,3
1775447243345,key-12,19
1775447243346,key-18,44
1775447243347,key-36,10
1775447243347,key-13,6
1775447243355,key-36,18
1775447243356,key-27,1525
1775447243361,key-36,24
1775447243361,key-36,24
1775447243365,key-13,24
1775447243366,key-37,122
1775447243367,key-36,30
1775447243368,key-13,27
1775447243368,key-12,42
1775447243370,key-13,29
1775447243371,key-13,30
1775447243373,key-36,36
1775447243374,key-13,33
1775447243374,key-38,1403
1775447243375,key-37,131
1775447243383,key-27,1552
1775447243384,key-36,47
1775447243384,key-38,1413
1775447243385,key-36,48
1775447243388,key-36,51
1775447243394,key-13,53
1775447243395,key-13,54
1775447243396,key-4,159
1775447243396,key-12,70
1775447243401,key-13,60
1775447243407,key-19,4518
1775447243408,key-13,67
1775447243409,key-13,68
1775447243409,key-36,72
1775447243410,key-13,69
1775447243410,key-40,988
1775447243412,key-29,1236
1775447243419,key-12,93
1775447243421,key-13,80
1775447243421,key-29,1245
1775447243422,key-36,85
1775447243422,key-13,81
1775447243422,key-13,81
1775447243422,key-36,85
1775447243431,key-31,265
1775447243434,key-36,97
1775447243435,key-13,94
1775447243436,key-29,1260
1775447243437,key-42,855
1775447243438,key-17,88
1775447243439,key-36,102
1775447243444,key-31,278
1775447243446,key-31,280
1775447243454,key-25,14
1775447243454,key-29,1278
1775447243459,key-43,192
1775447243459,key-41,18
1775447243459,key-36,122
1775447243465,key-36,128
1775447243466,key-41,25
1775447243466,key-36,129
1775447243471,key-7,12
1775447243472,key-7,13
1775447243472,key-11,2620
1775447243475,key-48,35
1775447243477,key-24,37
1775447243478,key-9,321
1775447243479,key-5,1711
1775447243479,key-48,39
1775447243479,key-30,38
1775447243480,key-43,213
1775447243480,key-24,40
1775447243481,key-21,11
1775447243483,key-36,146
1775447243486,key-12,160
1775447243487,key-24,47
1775447243488,key-7,29
1775447243489,key-5,1721
1775447243499,key-16,1277
1775447243500,key-5,1732
1775447243500,key-48,60
1775447243500,key-5,1732
1775447243501,key-5,1733
1775447243502,key-7,43
1775447243502,key-5,1734
1775447243504,key-12,178
1775447243505,key-6,1385
1775447243506,key-5,1738
1775447243511,key-30,70
1775447243512,key-6,1392
1775447243516,key-30,75
1775447243517,key-36,180
1775447243517,key-5,1749
1775447243517,key-36,180
1775447243518,key-5,1750
1775447243519,key-40,53
1775447243520,key-40,54
1775447243520,key-7,61
1775447243521,key-41,80
1775447243522,key-5,1754
1775447243522,key-28,742
1775447243528,key-6,1408
1775447243528,key-30,87
1775447243529,key-5,1761
1775447243529,key-5,1761
1775447243531,key-20,695
1775447243533,key-28,753
1775447243535,key-5,1767
1775447243535,key-5,1767
1775447243536,key-40,70
1775447243536,key-44,299
1775447243542,key-40,76
1775447243546,key-28,766
1775447243547,key-5,1779
1775447243548,key-46,822
1775447243553,key-40,87
1775447243554,key-20,718
1775447243554,key-5,1786
1775447243554,key-35,13
1775447243555,key-28,775
1775447243556,key-5,1788
1775447243556,key-15,471
1775447243558,key-20,722
1775447243559,key-34,577
1775447243562,key-28,782
1775447243563,key-20,727
1775447243568,key-13,227
1775447243571,key-35,30
1775447243574,key-20,738
1775447243576,key-28,796
1775447243578,key-28,798
1775447243578,key-20,742
1775447243578,key-7,119
1775447243581,key-20,745
1775447243581,key-18,97
1775447243589,key-35,48
1775447243589,key-40,123
1775447243590,key-15,505
1775447243594,key-20,758
1775447243603,key-35,62
1775447243603,key-35,62
1775447243603,key-20,767
1775447243603,key-15,518
1775447243607,key-20,771
1775447243607,key-20,771
1775447243607,key-20,771
1775447243613,key-37,369
1775447243614,key-44,377
1775447243617,key-20,781
1775447243618,key-20,782
1775447243619,key-20,783
1775447243621,key-20,785
1775447243621,key-48,15
1775447243624,key-34,642
1775447243627,key-20,791
1775447243630,key-20,794
1775447243631,key-35,90
1775447243631,key-44,394
1775447243633,key-20,797
1775447243635,key-20,799
1775447243640,key-20,804
1775447243641,key-20,805
1775447243641,key-20,805
1775447243646,key-35,105
1775447243647,key-4,410
1775447243648,key-29,1472
1775447243649,key-35,108
1775447243650,key-20,814
1775447243653,key-35,112
1775447243654,key-20,818
1775447243654,key-48,48
1775447243655,key-20,819
1775447243655,key-31,196
1775447243656,key-20,820
1775447243658,key-35,117
1775447243659,key-20,823
1775447243660,key-1,47
1775447243672,key-9,515
1775447243672,key-20,836
1775447243673,key-20,837
1775447243678,key-35,19
1775447243679,key-35,20
1775447243681,key-48,75
1775447243683,key-2,1968
1775447243684,key-35,25
1775447243687,key-25,31
1775447243687,key-2,1972
1775447243688,key-7,229
1775447243688,key-22,2466
1775447243688,key-35,29
1775447243691,key-1,78
1775447243693,key-41,252
1775447243693,key-35,34
1775447243695,key-19,4806
1775447243695,key-18,211
1775447243697,key-33,1061
1775447243698,key-27,245
1775447243699,key-35,40
1775447243700,key-19,4811
1775447243704,key-1,91
1775447243704,key-25,48
1775447243704,key-35,45
1775447243710,key-33,1074
1775447243711,key-25,55
1775447243712,key-19,4823
1775447243713,key-35,54
1775447243717,key-1,104
1775447243720,key-40,254
1775447243721,key-1,108
1775447243723,key-33,1087
1775447243732,key-1,119
1775447243734,key-35,75
1775447243734,key-33,1098
1775447243734,key-33,1098
1775447243736,key-18,252
1775447243737,key-1,124
1775447243737,key-4,500
1775447243739,key-25,83
1775447243739,key-1,126
1775447243739,key-1,126
1775447243740,key-1,127
1775447243740,key-19,4851
1775447243746,key-1,133
1775447243749,key-1,136
1775447243751,key-1,138
1775447243752,key-27,299
1775447243753,key-19,4864
1775447243754,key-33,1118
1775447243756,key-4,519
1775447243758,key-1,145
1775447243761,key-9,75
1775447243761,key-4,524
1775447243763,key-40,297
1775447243767,key-9,81
1775447243768,key-23,803
1775447243769,key-9,83
1775447243770,key-22,2548
1775447243776,key-6,35
1775447243776,key-33,1140
1775447243778,key-49,151
1775447243778,key-50,6
1775447243779,key-6,38
1775447243785,key-6,44
1775447243786,key-6,45
1775447243786,key-27,333
1775447243788,key-25,132
1775447243796,key-6,55
1775447243796,key-6,55
1775447243799,key-40,333
1775447243799,key-18,315
1775447243800,key-50,28
1775447243802,key-49,175
1775447243802,key-23,837
1775447243805,key-22,2583
1775447243811,key-25,155
1775447243812,key-9,126
1775447243812,key-50,40
1775447243813,key-45,956
1775447243813,key-17,463
1775447243813,key-6,72
1775447243814,key-6,73
1775447243819,key-9,133
1775447243820,key-45,963
1775447243822,key-9,136
1775447243822,key-21,352
1775447243825,key-15,740
1775447243826,key-40,360
1775447243826,key-9,140
1775447243829,key-24,88
1775447243830,key-40,364
1775447243831,key-9,145
1775447243834,key-23,869
1775447243834,key-9,148
1775447243837,key-6,96
1775447243842,key-50,70
1775447243844,key-40,378
1775447243846,key-9,160
1775447243846,key-6,105
1775447243847,key-20,3
1775447243853,key-20,9
1775447243854,key-22,12
1775447243855,key-22,13
1775447243855,key-39,1129
1775447243856,key-40,390
1775447243857,key-20,13
1775447243863,key-22,21
1775447243864,key-50,92
1775447243870,key-6,129
1775447243871,key-22,29
1775447243873,key-22,31
1775447243877,key-6,136
1775447243878,key-46,1152
1775447243880,key-46,1154
1775447243882,key-20,8
1775447243883,key-22,41
1775447243884,key-6,143
1775447243887,key-22,45
1775447243890,key-22,48
1775447243893,key-46,1167
1775447243894,key-39,1168
1775447243895,key-22,53
1775447243898,key-22,56
1775447243899,key-46,1173
1775447243900,key-12,574
1775447243905,key-17,555
1775447243906,key-22,64
1775447243906,key-22,64
1775447243906,key-22,64
1775447243907,key-46,1181
1775447243907,key-6,166
1775447243912,key-49,285
1775447243917,key-22,75
1775447243918,key-17,568
1775447243920,key-6,179
1775447243920,key-46,1194
1775447243921,key-17,571
1775447243921,key-20,47
1775447243922,key-22,80
1775447243925,key-22,83
1775447243928,key-40,462
1775447243928,key-29,1752
1775447243929,key-38,1958
1775447243938,key-46,1212
1775447243940,key-20,66
1775447243941,key-46,1215
1775447243947,key-22,105
1775447243949,key-35,290
1775447243950,key-26,10
1775447243951,key-49,324
1775447243955,key-23,13
1775447243955,key-40,7
1775447243956,key-22,114
1775447243960,key-38,1989
1775447243961,key-46,1235
1775447243961,key-40,13
1775447243963,key-4,726
1775447243968,key-22,126
1775447243970,key-6,22
1775447243970,key-4,733
1775447243972,key-2,283
1775447243977,key-36,640
1775447243977,key-48,371
1775447243977,key-49,350
1775447243978,key-38,2007
1775447243978,key-40,30
1775447243979,key-2,290
1775447243981,key-44,744
1775447243983,key-1,370
1775447243983,key-2,294
1775447243984,key-33,1348
1775447243988,key-4,751
1775447243994,key-2,305
1775447243994,key-46,1268
1775447243997,key-40,49
1775447243997,key-40,49
1775447243999,key-6,51
1775447244000,key-40,52
1775447244002,key-40,54
1775447244002,key-31,15
1775447244004,key-41,563
1775447244004,key-40,56
1775447244015,key-2,326
1775447244015,key-31,28
1775447244016,key-42,329
1775447244022,key-31,35
1775447244023,key-15,938
1775447244026,key-6,78
1775447244030,key-2,341
1775447244031,key-48,425
1775447244032,key-2,343
1775447244038,key-33,1402
1775447244044,key-41,603
1775447244045,key-31,58
1775447244045,key-6,97
1775447244049,key-22,5
1775447244051,key-21,581
1775447244053,key-48,447
1775447244057,key-35,398
1775447244059,key-40,111
1775447244095,key-12,769
1775447244095,key-41,654
1775447244095,key-41,654
1775447244096,key-15,1011
1775447244097,key-5,2329
1775447244097,key-25,441
1775447244097,key-22,53
1775447244097,key-33,1461
1775447244098,key-33,1462
1775447244098,key-47,54
1775447244098,key-22,54
1775447244098,key-15,1013
1775447244110,key-35,451
1775447244113,key-21,643
1775447244120,key-49,25
1775447244121,key-21,651
1775447244124,key-49,29
1775447244125,key-33,1489
1775447244134,key-33,1498
1775447244135,key-21,665
1775447244137,key-49,42
1775447244138,key-49,43
1775447244139,key-15,1054
1775447244146,key-33,1510
1775447244147,key-21,677
1775447244148,key-40,200
1775447244148,key-22,104
1775447244149,key-33,1513
1775447244153,key-37,909
1775447244154,key-38,2183
1775447244157,key-22,113
1775447244159,key-21,689
1775447244161,key-14,18
1775447244165,key-21,695
1775447244167,key-49,72
1775447244171,key-2,482
1775447244172,key-3,2445
1775447244173,key-15,1088
1775447244180,key-33,1544
1775447244181,key-21,711
1775447244182,key-40,234
1775447244183,key-37,939
1775447244187,key-40,239
1775447244187,key-33,1551
1775447244193,key-38,2222
1775447244196,key-3,2469
1775447244203,key-38,2232
1775447244208,key-30,247
1775447244209,key-21,739
1775447244209,key-11,368
1775447244210,key-49,115
1775447244211,key-1,598
1775447244215,key-33,1579
1775447244215,key-3,2488
1775447244220,key-3,2493
1775447244222,key-3,2495
1775447244227,key-38,2256
1775447244229,key-37,985
1775447244231,key-3,2504
1775447244231,key-32,16
1775447244232,key-1,619
1775447244244,key-11,403
1775447244245,key-3,2518
1775447244246,key-49,151
1775447244250,key-11,409
1775447244254,key-5,2486
1775447244255,key-22,211
1775447244257,key-5,2489
1775447244259,key-9,55
1775447244259,key-4,1022
1775447244260,key-15,1175
1775447244262,key-16,2040
1775447244262,key-25,606
1775447244266,key-23,18
1775447244269,key-3,2542
1775447244271,key-35,37
1775447244276,key-11,435
1775447244278,key-3,2551
1775447244284,key-9,80
1775447244285,key-22,241
1775447244290,key-23,42
1775447244291,key-22,247
1775447244293,key-16,2071
1775447244297,key-6,151
1775447244299,key-34,4
1775447244301,key-9,97
1775447244302,key-46,1576
1775447244302,key-45,58
1775447244304,key-12,978
1775447244311,key-28,1531
1775447244311,key-46,10
1775447244315,key-48,8
1775447244315,key-48,8
1775447244326,key-37,29
1775447244327,key-34,32
1775447244328,key-25,672
1775447244329,key-45,10
1775447244330,key-48,23
1775447244331,key-48,24
1775447244332,key-24,591
1775447244337,key-12,1011
1775447244337,key-21,867
1775447244338,key-45,19
1775447244340,key-43,1073
1775447244342,key-48,35
1775447244346,key-49,29
1775447244347,key-46,33
1775447244349,key-24,608
1775447244350,key-48,43
1775447244353,key-2,664
1775447244357,key-36,310
1775447244365,key-48,58
1775447244365,key-48,58
1775447244367,key-36,320
1775447244370,key-48,63
1775447244373,key-1,43
1775447244373,key-4,1136
1775447244374,key-36,327
1775447244375,key-45,56
1775447244376,key-24,635
1775447244376,key-21,906
1775447244377,key-46,63
1775447244378,key-26,438
1775447244385,key-36,338
1775447244385,key-26,445
1775447244385,key-3,2658
1775447244390,key-29,2214
1775447244391,key-26,451
1775447244392,key-12,1066
1775447244392,key-21,922
1775447244392,key-36,345
1775447244394,key-36,347
1775447244397,key-36,350
1775447244399,key-1,69
1775447244400,key-23,152
1775447244410,key-26,470
1775447244410,key-1,80
1775447244410,key-36,363
1775447244414,key-26,474
1775447244415,key-36,368
1775447244415,key-4,1178
1775447244420,key-36,373
1775447244420,key-7,25
1775447244421,key-1,12
1775447244429,key-7,34
1775447244431,key-36,384
1775447244431,key-4,1194
1775447244432,key-36,385
1775447244432,key-7,37
1775447244433,key-36,386
1775447244434,key-23,186
1775447244434,key-1,25
1775447244445,key-20,50
1775447244445,key-1,36
1775447244446,key-1,37
1775447244446,key-32,231
1775447244449,key-4,1212
1775447244452,key-1,43
1775447244452,key-36,405
1775447244452,key-16,2230
1775447244453,key-36,406
1775447244454,key-1,45
1775447244455,key-36,408
1775447244456,key-36,409
1775447244456,key-11,615
1775447244461,key-49,144
1775447244464,key-29,2288
1775447244465,key-8,2404
1775447244466,key-11,625
1775447244466,key-32,251
1775447244467,key-36,420
1775447244469,key-40,521
1775447244474,key-1,65
1775447244476,key-36,429
1775447244476,key-32,261
1775447244478,key-12,1152
1775447244478,key-31,491
1775447244482,key-23,5
1775447244485,key-1,76
1775447244485,key-39,1759
1775447244486,key-37,189
1775447244493,key-11,652
1775447244494,key-12,1168
1775447244494,key-39,1768
1775447244494,key-1,85
1775447244499,key-15,1414
1775447244503,key-1,94
1775447244503,key-12,1177
1775447244507,key-32,292
1775447244509,key-49,192
1775447244510,key-1,101
1775447244512,key-29,2336
1775447244512,key-1,103
1775447244516,key-1,107
1775447244516,key-11,675
1775447244522,key-31,535
1775447244526,key-30,565
1775447244529,key-31,542
1775447244530,key-1,121
1775447244530,key-15,1445
1775447244530,key-49,213
1775447244531,key-23,54
1775447244534,key-31,547
1775447244536,key-1,127
1775447244537,key-12,1211
1775447244538,key-15,1453
1775447244541,key-11,700
1775447244541,key-6,395
1775447244545,key-6,399
1775447244550,key-11,709
1775447244550,key-21,1080
1775447244554,key-15,1469
1775447244564,key-12,1238
1775447244564,key-21,1094
1775447244566,key-15,1481
1775447244567,key-23,90
1775447244568,key-15,1483
1775447244568,key-22,524
1775447244573,key-11,732
1775447244574,key-11,733
1775447244574,key-6,428
1775447244575,key-12,1249
1775447244575,key-6,429
1775447244575,key-1,166
1775447244579,key-21,1109
1775447244579,key-15,1494
1775447244580,key-15,1495
1775447244586,key-11,745
1775447244587,key-15,1502
1775447244587,key-23,110
1775447244587,key-48,280
1775447244589,key-6,443
1775447244592,key-21,1122
1775447244596,key-1,187
1775447244598,key-46,284
1775447244600,key-25,48
1775447244601,key-7,4
1775447244601,key-15,1516
1775447244605,key-47,137
1775447244608,key-11,11
1775447244611,key-21,1141
1775447244615,key-23,138
1775447244615,key-1,206
1775447244615,key-21,1145
1775447244615,key-46,301
1775447244616,key-45,74
1775447244617,key-27,61
1775447244621,key-11,24
1775447244622,key-33,1986
1775447244622,key-6,18
1775447244623,key-6,19
1775447244624,key-49,307
1775447244626,key-6,22
1775447244627,key-46,313
1775447244629,key-21,1159
1775447244631,key-21,1161
1775447244635,key-20,37
1775447244638,key-5,2870
1775447244638,key-39,1912
1775447244638,key-45,96
1775447244639,key-13,748
1775447244639,key-37,342
1775447244640,key-35,406
1775447244641,key-1,232
1775447244649,key-33,2013
1775447244650,key-21,1180
1775447244650,key-50,878
1775447244651,key-6,3
1775447244653,key-20,55
1775447244654,key-20,56
1775447244655,key-9,176
1775447244657,key-39,1931
1775447244660,key-41,1219
1775447244662,key-1,253
1775447244662,key-23,185
1775447244663,key-33,2027
1775447244664,key-26,66
1775447244666,key-41,6
1775447244666,key-33,2030
1775447244669,key-41,9
1775447244672,key-33,2036
1775447244675,key-20,77
1775447244675,key-23,198
1775447244676,key-28,28
1775447244685,key-45,143
1775447244686,key-1,277
1775447244687,key-9,208
1775447244687,key-39,1961
1775447244689,key-34,394
1775447244691,key-39,1965
1775447244692,key-12,1366
1775447244692,key-23,215
1775447244692,key-33,2056
1775447244693,key-41,33
1775447244694,key-5,2926
1775447244694,key-37,397
1775447244694,key-20,96
1775447244697,key-4,1460
1775447244697,key-39,1971
1775447244700,key-33,2064
1775447244702,key-45,160
1775447244702,key-28,54
1775447244704,key-40,7
1775447244709,key-37,12
1775447244710,key-34,415
1775447244710,key-37,13
1775447244710,key-23,13
1775447244712,key-12,1386
1775447244713,key-8,1
1775447244714,key-34,419
1775447244715,key-8,3
1775447244717,key-12,1391
1775447244717,key-45,175
1775447244719,key-18,1235
1775447244721,key-18,1237
1775447244723,key-23,26
1775447244726,key-22,682
1775447244727,key-8,15
1775447244727,key-13,836
1775447244729,key-23,32
1775447244732,key-37,35
1775447244732,key-14,589
1775447244733,key-27,177
1775447244733,key-34,438
1775447244734,key-33,9
1775447244735,key-27,179
1775447244740,key-37,43
1775447244741,key-14,598
1775447244742,key-8,30
1775447244743,key-34,448
1775447244744,key-12,1418
1775447244745,key-27,189
1775447244745,key-27,189
1775447244746,key-33,21
1775447244747,key-34,452
1775447244748,key-6,100
1775447244750,key-27,194
1775447244751,key-1,342
1775447244752,key-50,980
1775447244752,key-34,457
1775447244755,key-14,612
1775447244755,key-3,3028
1775447244757,key-1,348
1775447244760,key-27,204
1775447244768,key-50,996
1775447244768,key-8,56
1775447244769,key-41,109
1775447244769,key-27,213
1775447244769,key-27,213
1775447244779,key-50,1007
1775447244779,key-1,370
1775447244780,key-27,224
1775447244780,key-27,224
1775447244781,key-26,15
1775447244781,key-33,56
1775447244781,key-34,486
1775447244783,key-35,549
1775447244783,key-50,1
1775447244786,key-37,89
1775447244790,key-39,2064
1775447244790,key-15,1705
1775447244790,key-50,8
1775447244790,key-37,93
1775447244793,key-27,237
1775447244795,key-28,147
1775447244797,key-2,1108
1775447244798,key-34,503
1775447244798,key-16,8
1775447244799,key-26,33
1775447244800,key-44,1563
1775447244800,key-39,2074
1775447244809,key-37,112
1775447244809,key-16,19
1775447244810,key-34,515
1775447244814,key-34,519
1775447244814,key-50,32
1775447244815,key-27,259
1775447244816,key-44,1579
1775447244817,key-36,770
1775447244818,key-26,52
1775447244818,key-50,36
1775447244819,key-37,122
1775447244820,key-36,773
1775447244821,key-16,31
1775447244821,key-33,96
1775447244826,key-44,1589
1775447244827,key-36,780
1775447244833,key-15,24
1775447244834,key-15,25
1775447244834,key-16,44
1775447244835,key-15,26
1775447244835,key-26,69
1775447244837,key-34,542
1775447244837,key-44,1600
1775447244837,key-34,542
1775447244841,key-34,546
1775447244842,key-11,245
1775447244842,key-36,795
1775447244843,key-42,246
1775447244844,key-5,3076
1775447244847,key-36,800
1775447244848,key-33,123
1775447244848,key-38,2877
1775447244855,key-33,130
1775447244857,key-16,67
1775447244858,key-30,897
1775447244860,key-30,899
1775447244860,key-16,70
1775447244861,key-33,136
1775447244865,key-34,570
1775447244866,key-42,269
1775447244866,key-38,2895
1775447244866,key-40,157
1775447244872,key-34,577
1775447244872,key-5,3104
1775447244872,key-30,911
1775447244876,key-42,279
1775447244876,key-42,279
1775447244879,key-30,918
1775447244880,key-40,171
1775447244882,key-36,835
1775447244883,key-30,922
1775447244884,key-16,94
1775447244885,key-16,95
1775447244887,key-30,926
1775447244887,key-16,97
1775447244887,key-30,926
1775447244888,key-16,98
1775447244889,key-4,1652
1775447244892,key-34,597
1775447244893,key-34,598
1775447244897,key-30,936
1775447244900,key-30,939
1775447244901,key-30,940
1775447244901,key-30,940
1775447244902,key-5,3134
1775447244908,key-4,1671
1775447244909,key-30,948
1775447244911,key-34,616
1775447244911,key-30,950
1775447244913,key-30,952
1775447244914,key-8,12
1775447244915,key-13,1024
1775447244916,key-34,621
1775447244919,key-19,6030
1775447244926,key-19,6037
1775447244927,key-35,15
1775447244927,key-12,1601
1775447244927,key-34,632
1775447244928,key-24,1187
1775447244928,key-22,16
1775447244928,key-12,1602
1775447244929,key-34,634
1775447244932,key-12,1606
1775447244932,key-4,1695
1775447244933,key-22,21
1775447244933,key-30,972
1775447244937,key-11,340
1775447244938,key-36,891
1775447244938,key-34,6
1775447244939,key-22,27
1775447244940,key-12,1614
1775447244944,key-12,1618
1775447244948,key-22,36
1775447244949,key-36,902
1775447244949,key-34,17
1775447244950,key-34,18
1775447244950,key-34,18
1775447244950,key-12,1624
1775447244951,key-37,7
1775447244952,key-26,13
1775447244952,key-34,20
1775447244954,key-34,22
1775447244956,key-30,995
1775447244956,key-50,174
1775447244956,key-12,1630
1775447244957,key-34,25
1775447244958,key-34,26
1775447244958,key-26,19
1775447244961,key-34,29
1775447244962,key-12,1636
1775447244963,key-29,2787
1775447244964,key-37,20
1775447244965,key-36,918
1775447244967,key-29,2791
1775447244968,key-34,36
1775447244971,key-37,27
1775447244972,key-25,12
1775447244973,key-9,214
1775447244974,key-12,1648
1775447244974,key-34,42
1775447244979,key-30,1018
1775447244980,key-34,48
1775447244981,key-34,49
1775447244982,key-16,15
1775447244982,key-9,223
1775447244984,key-42,387
1775447244985,key-9,226
1775447244985,key-37,41
1775447244986,key-42,389
1775447244989,key-34,57
1775447244990,key-34,58
1775447244991,key-34,59
1775447244996,key-9,237
1775447244997,key-42,400
1775447244998,key-37,54
1775447244998,key-34,66
1775447244999,key-25,39
1775447245000,key-37,56
1775447245002,key-25,42
1775447245003,key-42,406
1775447245006,key-44,1769
1775447245007,key-5,3239
1775447245007,key-25,47
1775447245007,key-37,63
1775447245008,key-37,64
1775447245010,key-25,50
1775447245011,key-25,51
1775447245012,key-24,1271
1775447245013,key-37,69
1775447245013,key-34,81
1775447245015,key-24,1274
1775447245015,key-37,71
1775447245016,key-31,263
1775447245022,key-37,78
1775447245022,key-25,62
1775447245023,key-37,79
1775447245027,key-22,115
1775447245028,key-41,368
1775447245029,key-37,85
1775447245029,key-25,69
1775447245030,key-25,70
1775447245030,key-45,488
1775447245034,key-37,90
1775447245035,key-25,75
1775447245037,key-37,93
1775447245039,key-31,286
1775447245040,key-25,80
1775447245041,key-34,109
1775447245041,key-25,81
1775447245042,key-37,98
1775447245043,key-25,83
1775447245044,key-25,84
1775447245049,key-37,105
1775447245050,key-28,402
1775447245050,key-25,90
1775447245052,key-34,120
1775447245053,key-37,109
1775447245053,key-37,109
1775447245057,key-28,409
1775447245057,key-45,515
1775447245057,key-37,113
1775447245057,key-37,113
1775447245058,key-1,649
1775447245063,key-2,1374
1775447245063,key-4,5
1775447245064,key-34,132
1775447245068,key-25,108
1775447245069,key-46,755
1775447245071,key-25,111
1775447245072,key-1,663
1775447245072,key-37,128
1775447245072,key-41,412
1775447245073,key-28,425
1775447245077,key-2,1388
1775447245080,key-5,3312
1775447245085,key-4,27
1775447245090,key-24,1349
1775447245090,key-25,130
1775447245090,key-1,681
1775447245092,key-4,34
1775447245093,key-25,133
1775447245094,key-42,11
1775447245096,key-46,782
1775447245096,key-33,164
1775447245100,key-13,1209
1775447245101,key-44,1864
1775447245102,key-5,3334
1775447245102,key-25,142
1775447245102,key-46,788
1775447245103,key-1,694
1775447245109,key-44,1872
1775447245110,key-44,1873
1775447245110,key-17,1760
1775447245111,key-46,797
1775447245113,key-5,3345
1775447245117,key-1,3
1775447245118,key-30,1157
1775447245118,key-30,1157
1775447245120,key-33,188
1775447245123,key-44,1886
1775447245123,key-46,809
1775447245124,key-44,1887
1775447245124,key-46,810
1775447245128,key-21,228
1775447245130,key-44,1893
1775447245131,key-46,817
1775447245133,key-5,3365
1775447245134,key-30,1173
1775447245135,key-46,821
1775447245135,key-1,21
1775447245135,key-30,1174
1775447245135,key-46,821
1775447245137,key-46,823
1775447245137,key-6,45
1775447245138,key-43,238
1775447245141,key-21,241
1775447245143,key-33,211
1775447245143,key-46,829
1775447245147,key-30,1186
1775447245151,key-46,837
1775447245152,key-15,18
1775447245152,key-30,1191
1775447245157,key-5,3389
1775447245157,key-5,3389
1775447245159,key-46,845
1775447245159,key-46,845
1775447245160,key-5,3392
1775447245160,key-46,846
1775447245163,key-46,849
1775447245163,key-25,203
1775447245163,key-6,71
1775447245164,key-46,850
1775447245164,key-6,72
1775447245175,key-46,861
1775447245176,key-46,862
1775447245178,key-6,86
1775447245178,key-46,864
1775447245178,key-6,86
1775447245179,key-17,69
1775447245179,key-9,420
1775447245180,key-20,19
1775447245181,key-7,89
1775447245186,key-46,872
1775447245188,key-25,228
1775447245192,key-20,13
1775447245192,key-25,232
1775447245193,key-46,879
1775447245194,key-46,880
1775447245198,key-46,884
1775447245201,key-46,887
1775447245201,key-42,118
1775447245203,key-49,886
1775447245207,key-28,5
1775447245207,key-17,97
1775447245209,key-46,895
1775447245209,key-46,895
1775447245213,key-42,130
1775447245214,key-42,131
1775447245215,key-17,105
1775447245215,key-48,135
1775447245215,key-42,132
1775447245216,key-28,14
1775447245217,key-42,134
1775447245217,key-37,273
1775447245221,key-37,277
1775447245221,key-42,138
1775447245221,key-46,907
1775447245229,key-33,297
1775447245230,key-42,147
1775447245231,key-48,151
1775447245231,key-44,1994
1775447245231,key-42,148
1775447245232,key-42,149
1775447245232,key-17,122
1775447245233,key-42,150
1775447245234,key-42,151
1775447245234,key-46,920
1775447245239,key-42,156
1775447245240,key-37,296
1775447245240,key-42,157
1775447245241,key-42,158
1775447245242,key-42,159
1775447245247,key-33,315
1775447245250,key-45,15
1775447245251,key-33,319
1775447245251,key-42,168
1775447245255,key-36,1208
1775447245255,key-50,473
1775447245256,key-6,164
1775447245256,key-42,173
1775447245257,key-17,147
1775447245257,key-33,325
1775447245258,key-50,476
1775447245260,key-45,25
1775447245261,key-42,178
1775447245263,key-34,9
1775447245264,key-42,181
1775447245264,key-45,29
1775447245265,key-42,182
1775447245266,key-34,12
1775447245266,key-42,183
1775447245269,key-33,10
1775447245270,key-17,160
1775447245272,key-42,189
1775447245274,key-34,20
1775447245274,key-6,182
1775447245279,key-6,187
1775447245279,key-45,44
1775447245279,key-50,497
1775447245280,key-45,45
1775447245282,key-42,199
1775447245283,key-50,501
1775447245285,key-40,576
1775447245287,key-42,204
1775447245288,key-6,196
1775447245288,key-42,205
1775447245288,key-36,1241
1775447245288,key-42,205
1775447245290,key-6,198
1775447245293,key-42,210
1775447245293,key-49,52
1775447245295,key-7,203
1775447245295,key-49,54
1775447245296,key-42,213
1775447245298,key-42,215
1775447245301,key-49,60
1775447245302,key-1,188
1775447245302,key-40,593
1775447245304,key-42,221
1775447245304,key-50,522
1775447245342,key-35,430
1775447245343,key-49,25
1775447245343,key-42,260
1775447245343,key-34,89
1775447245343,key-42,260
1775447245344,key-25,384
1775447245344,key-42,261
1775447245344,key-42,261
1775447245344,key-43,444
1775447245344,key-49,103
1775447245345,key-43,445
1775447245345,key-26,406
1775447245345,key-40,636
1775447245345,key-42,262
1775447245345,key-6,36
1775447245346,key-42,263
1775447245346,key-25,386
1775447245346,key-42,263
1775447245346,key-49,105
1775447245346,key-18,505
1775447245346,key-36,1299
1775447245346,key-14,1203
1775447245347,key-38,3376
1775447245355,key-42,272
1775447245356,key-42,273
1775447245359,key-42,276
1775447245359,key-6,50
1775447245359,key-26,420
1775447245359,key-25,399
1775447245359,key-42,276
1775447245361,key-42,278
1775447245365,key-42,282
1775447245366,key-42,283
1775447245367,key-42,284
1775447245368,key-38,3397
1775447245368,key-29,3192
1775447245371,key-14,1228
1775447245372,key-42,289
1775447245379,key-42,296
1775447245379,key-23,682
1775447245380,key-42,297
1775447245384,key-42,301
1775447245385,key-38,3414
1775447245386,key-42,303
1775447245388,key-42,305
1775447245391,key-25,431
1775447245391,key-26,452
1775447245393,key-42,310
1775447245395,key-42,312
1775447245397,key-26,458
1775447245398,key-42,315
1775447245399,key-38,3428
1775447245400,key-31,647
1775447245401,key-45,166
1775447245402,key-44,2165
1775447245403,key-23,706
1775447245406,key-32,1
1775447245407,key-42,324
1775447245407,key-25,447
1775447245408,key-22,316
1775447245408,key-25,448
1775447245409,key-15,275
1775447245415,key-39,2689
1775447245416,key-25,456
1775447245416,key-26,477
1775447245421,key-32,16
1775447245424,key-31,671
1775447245425,key-7,20
1775447245425,key-22,333
1775447245427,key-22,335
1775447245428,key-31,675
1775447245428,key-42,345
1775447245428,key-32,23
1775447245429,key-25,469
1775447245431,key-32,26
1775447245437,key-7,32
1775447245439,key-25,479
1775447245442,key-31,689
1775447245442,key-7,37
1775447245443,key-26,504
1775447245443,key-31,690
1775447245449,key-46,1135
1775447245449,key-39,2723
1775447245451,key-43,551
1775447245451,key-39,2725
1775447245452,key-7,47
1775447245454,key-46,1140
1775447245455,key-32,50
1775447245455,key-32,50
1775447245456,key-26,517
1775447245460,key-31,707
1775447245464,key-25,504
1775447245464,key-26,525
1775447245465,key-26,526
1775447245466,key-15,332
1775447245467,key-31,714
1775447245469,key-19,6580
1775447245469,key-32,64
1775447245472,key-43,572
1775447245475,key-31,722
1775447245476,key-32,71
1775447245477,key-43,577
1775447245479,key-31,726
1775447245483,key-11,886
1775447245484,key-15,350
1775447245486,key-31,733
1775447245487,key-26,548
1775447245487,key-36,1440
1775447245489,key-19,6600
1775447245493,key-31,740
1775447245494,key-32,89
1775447245494,key-26,555
1775447245495,key-31,742
1775447245497,key-30,1536
1775447245497,key-32,92
1775447245501,key-6,192
1775447245506,key-12,2180
1775447245507,key-6,198
1775447245507,key-43,607
1775447245508,key-6,199
1775447245511,key-7,106
1775447245514,key-6,205
1775447245515,key-43,615
1775447245516,key-49,31
1775447245517,key-26,578
1775447245517,key-38,3546
1775447245519,key-30,14
1775447245525,key-6,216
1775447245525,key-30,20
1775447245527,key-20,348
1775447245527,key-30,22
1775447245533,key-7,128
1775447245536,key-6,227
1775447245538,key-38,3567
1775447245538,key-39,2812
1775447245538,key-6,229
1775447245539,key-36,1492
1775447245542,key-20,363
1775447245545,key-20,366
1775447245546,key-5,3778
1775447245546,key-30,41
1775447245551,key-30,46
1775447245552,key-20,373
1775447245557,key-30,52
1775447245557,key-6,248
1775447245559,key-20,380
1775447245559,key-35,647
1775447245560,key-20,381
1775447245560,key-40,851
1775447245562,key-30,57
1775447245565,key-40,856
1775447245566,key-28,100
1775447245567,key-45,332
1775447245568,key-44,2331
1775447245571,key-20,392
1775447245571,key-30,66
1775447245572,key-16,28
1775447245575,key-30,70
1775447245575,key-30,70
1775447245582,key-8,25
1775447245583,key-12,2257
1775447245584,key-47,585
1775447245585,key-46,1271
1775447245587,key-12,2261
1775447245589,key-20,410
1775447245590,key-17,480
1775447245595,key-12,2269
1775447245597,key-17,487
1775447245599,key-20,420
1775447245601,key-27,1045
1775447245602,key-30,97
1775447245605,key-11,1008
1775447245605,key-28,139
1775447245605,key-12,2279
1775447245606,key-17,496
1775447245607,key-12,2281
1775447245611,key-28,145
1775447245614,key-28,148
1775447245617,key-20,438
1775447245619,key-46,1305
1775447245624,key-20,445
1775447245629,key-12,2303
1775447245631,key-46,1317
1775447245632,key-12,2306
1775447245632,key-12,2306
1775447245635,key-29,3459
1775447245636,key-27,1080
1775447245636,key-20,457
1775447245640,key-20,461
1775447245640,key-29,3464
1775447245647,key-20,468
1775447245651,key-20,472
1775447245651,key-6,342
1775447245661,key-29,3485
1775447245662,key-20,483
1775447245662,key-13,4
1775447245663,key-6,354
1775447245669,key-20,490
1775447245670,key-13,12
1775447245670,key-12,2344
1775447245672,key-44,2435
1775447245673,key-12,2347
1775447245674,key-46,1360
1775447245680,key-29,3504
1775447245683,key-6,374
1775447245684,key-6,375
1775447245687,key-28,44
1775447245688,key-12,2362
1775447245689,key-29,3513
1775447245691,key-22,2
1775447245694,key-41,445
1775447245698,key-22,9
1775447245704,key-29,3528
1775447245706,key-6,397
1775447245709,key-6,400
1775447245709,key-41,460
1775447245710,key-12,2384
1775447245711,key-29,3535
1775447245716,key-10,2732
1775447245717,key-22,28
1775447245718,key-41,469
1775447245719,key-47,720
1775447245724,key-29,3548
1775447245725,key-16,181
1775447245726,key-22,37
1775447245734,key-6,425
1775447245734,key-22,45
1775447245736,key-6,427
1775447245739,key-6,430
1775447245742,key-22,7
1775447245742,key-41,493
1775447245743,key-13,85
1775447245745,key-31,236
1775447245750,key-29,3574
1775447245752,key-22,17
1775447245754,key-3,4027
1775447245755,key-41,506
1775447245756,key-22,21
1775447245756,key-41,507
1775447245757,key-22,22
1775447245760,key-6,451
1775447245768,key-40,1059
1775447245770,key-38,226
1775447245771,key-6,462
1775447245772,key-22,37
1775447245774,key-41,525
1775447245774,key-6,465
1775447245776,key-4,718
1775447245777,key-22,42
1775447245781,key-38,237
1775447245782,key-3,4055
1775447245784,key-41,535
1775447245787,key-22,52
1775447245795,key-40,1086
1775447245796,key-22,61
1775447245796,key-38,252
1775447245796,key-3,4069
1775447245804,key-6,495
1775447245805,key-6,496
1775447245806,key-40,1097
1775447245806,key-47,12
1775447245810,key-9,1051
1775447245813,key-3,4086
1775447245814,key-18,973
1775447245817,key-33,558
1775447245817,key-38,273
1775447245818,key-47,24
1775447245820,key-47,26
1775447245824,key-47,30
1775447245828,key-41,579
1775447245828,key-15,694
1775447245829,key-40,1120
1775447245837,key-3,4110
1775447245837,key-47,43
1775447245847,key-7,442
1775447245847,key-6,538
1775447245849,key-41,600
1775447245851,key-40,1142
1775447245861,key-3,4134
1775447245865,key-3,4138
1775447245865,key-47,71
1775447245865,key-22,130
1775447245868,key-8,225
1775447245869,key-47,75
1775447245875,key-14,157
1775447245875,key-15,741
1775447245875,key-13,217
1775447245879,key-31,370
1775447245880,key-27,1324
1775447245881,key-13,223
1775447245886,key-41,20
1775447245890,key-35,978
1775447245890,key-40,1181
1775447245895,key-41,29
1775447245895,key-15,761
1775447245896,key-46,1582
1775447245898,key-15,764
1775447245901,key-41,35
1775447245901,key-13,243
1775447245902,key-41,36
1775447245902,key-47,108
1775447245913,key-15,779
1775447245913,key-15,779
1775447245917,key-13,259
1775447245919,key-15,785
1775447245920,key-15,786
1775447245921,key-35,1009
1775447245927,key-15,793
1775447245927,key-41,61
1775447245928,key-45,693
1775447245928,key-15,794
1775447245935,key-15,801
1775447245936,key-41,70
1775447245940,key-41,74
1775447245946,key-47,152
1775447245946,key-38,402
1775447245950,key-40,1241
1775447245950,key-41,84
1775447245955,key-38,411
1775447245956,key-4,898
1775447245956,key-41,90
1775447245956,key-15,822
1775447245957,key-4,899
1775447245962,key-37,1018
1775447245966,key-41,100
1775447245969,key-40,1260
1775447245972,key-37,1028
1775447245974,key-28,26
1775447245975,key-42,36
1775447245977,key-49,492
1775447245984,key-43,1084
1775447245985,key-48,117
1775447245989,key-4,931
1775447245989,key-42,50
1775447245991,key-41,125
1775447245995,key-27,1439
1775447245997,key-11,1400
1775447246004,key-40,1295
1775447246007,key-11,1410
1775447246007,key-1,19
1775447246012,key-11,1415
1775447246013,key-43,1113
1775447246016,key-17,19
1775447246016,key-13,19
1775447246017,key-13,20
1775447246020,key-1,32
1775447246020,key-17,23
1775447246022,key-4,964
1775447246023,key-3,4296
1775447246025,key-27,1469
1775447246031,key-11,1434
1775447246031,key-11,1434
1775447246033,key-9,1274
1775447246036,key-33,777
1775447246038,key-38,19
1775447246038,key-13,19
1775447246039,key-24,2298
1775447246039,key-1,51
1775447246040,key-27,1484
1775447246043,key-39,339
1775447246043,key-11,1446
1775447246043,key-3,4316
1775447246043,key-19,7154
1775447246045,key-24,2304
1775447246045,key-4,987
1775447246045,key-32,544
1775447246046,key-35,1134
1775447246049,key-19,7160
1775447246054,key-4,996
1775447246054,key-33,795
1775447246057,key-32,556
1775447246058,key-42,119
1775447246059,key-14,341
1775447246061,key-4,1003
1775447246061,key-35,1149
1775447246062,key-19,7173
1775447246062,key-1,74
1775447246064,key-19,7175
1775447246064,key-4,1006
1775447246065,key-4,1007
1775447246066,key-19,7177
1775447246067,key-28,17
1775447246068,key-14,350
1775447246070,key-1,82
1775447246072,key-4,1014
1775447246072,key-35,1160
1775447246073,key-14,355
1775447246075,key-1,87
1775447246075,key-4,1017
1775447246078,key-21,1178
1775447246085,key-1,97
1775447246086,key-19,7197
1775447246087,key-12,2
1775447246088,key-21,1188
1775447246088,key-35,1176
1775447246089,key-18,1248
1775447246089,key-45,100
1775447246090,key-12,5
1775447246091,key-1,103
1775447246094,key-20,915
1775447246097,key-20,918
1775447246097,key-12,12
1775447246099,key-14,381
1775447246100,key-19,7211
1775447246102,key-18,1261
1775447246106,key-21,1206
1775447246106,key-45,117
1775447246107,key-19,7218
1775447246108,key-39,404
1775447246110,key-35,1198
1775447246111,key-15,74
1775447246113,key-20,934
1775447246114,key-12,29
1775447246115,key-18,1274
1775447246117,key-35,1205
1775447246118,key-25,1158
1775447246119,key-29,3943
1775447246121,key-1,133
1775447246121,key-2,23
1775447246122,key-12,37
1775447246122,key-19,7233
1775447246124,key-18,1283
1775447246125,key-1,137
1775447246125,key-9,1366
1775447246128,key-9,1369
1775447246128,key-42,189
1775447246129,key-18,1288
1775447246132,key-19,7243
1775447246135,key-35,1223
1775447246135,key-35,1223
1775447246136,key-39,432
1775447246136,key-18,1295
1775447246138,key-18,1297
1775447246139,key-18,1298
1775447246139,key-50,1357
1775447246139,key-21,1239
1775447246140,key-35,1228
1775447246140,key-18,1299
1775447246140,key-1,152
1775447246146,key-18,1305
1775447246147,key-7,742
1775447246148,key-18,1307
1775447246149,key-45,2
1775447246154,key-1,6
1775447246155,key-29,3979
1775447246156,key-22,421
1775447246156,key-21,1256
1775447246157,key-7,752
1775447246158,key-18,1317
1775447246158,key-7,753
1775447246160,key-50,1378
1775447246161,key-7,756
1775447246161,key-35,1249
1775447246167,key-1,19
1775447246168,key-8,525
1775447246169,key-1,21
1775447246172,key-37,1228
1775447246173,key-10,298
1775447246176,key-50,1394
1775447246177,key-45,30
1775447246180,key-1,9
1775447246184,key-21,1284
1775447246184,key-48,316
1775447246185,key-10,310
1775447246185,key-12,100
1775447246185,key-44,2948
1775447246186,key-20,1007
1775447246186,key-1,15
1775447246187,key-37,1243
1775447246190,key-9,1431
1775447246191,key-1,20
1775447246193,key-46,1879
1775447246194,key-45,5
1775447246199,key-1,28
1775447246199,key-11,1602
1775447246200,key-1,29
1775447246204,key-44,2967
1775447246207,key-10,332
1775447246209,key-34,955
1775447246209,key-20,1030
1775447246219,key-12,134
1775447246219,key-19,15
1775447246220,key-44,2983
1775447246220,key-10,345
1775447246220,key-34,966
1775447246221,key-6,912
1775447246221,key-33,962
1775447246224,key-11,1627
1775447246227,key-15,190
1775447246227,key-6,918
1775447246227,key-44,2990
1775447246228,key-40,30
1775447246233,key-17,236
1775447246235,key-1,64
1775447246235,key-17,238
1775447246235,key-12,150
1775447246236,key-1,65
1775447246237,key-43,1337
1775447246238,key-33,979
1775447246238,key-20,1059
1775447246239,key-44,3002
1775447246239,key-19,35
1775447246239,key-33,980
1775447246243,key-44,3006
1775447246243,key-1,72
1775447246243,key-45,54
1775447246244,key-6,935
1775447246246,key-14,528
1775447246249,key-1,78
1775447246251,key-33,992
1775447246251,key-17,254
1775447246256,key-17,259
1775447246257,key-17,260
1775447246257,key-48,389
1775447246258,key-13,239
1775447246258,key-41,188
1775447246263,key-17,266
1775447246264,key-23,1567
1775447246265,key-16,118
1775447246266,key-15,229
1775447246266,key-44,3029
1775447246266,key-1,95
1775447246268,key-17,271
1775447246268,key-15,4
1775447246271,key-17,274
1775447246273,key-42,334
1775447246273,key-35,9
1775447246274,key-17,277
1775447246275,key-35,11
1775447246283,key-50,1501
1775447246283,key-35,19
1775447246283,key-50,1501
1775447246284,key-35,20
1775447246285,key-13,266
1775447246285,key-12,200
1775447246290,key-33,1031
1775447246291,key-40,93
1775447246291,key-50,1509
1775447246294,key-40,96
1775447246294,key-44,3057
1775447246300,key-39,596
1775447246301,key-50,1519
1775447246301,key-35,37
1775447246302,key-29,12
1775447246304,key-40,106
1775447246310,key-21,1410
1775447246310,key-38,102
1775447246311,key-35,47
1775447246311,key-35,47
1775447246312,key-40,114
1775447246312,key-29,22
1775447246313,key-50,1531
1775447246313,key-13,294
1775447246313,key-35,49
1775447246315,key-50,1533
1775447246316,key-34,1062
1775447246316,key-49,831
1775447246318,key-40,120
1775447246318,key-50,1536
1775447246319,key-20,1140
1775447246322,key-13,303
1775447246324,key-50,1542
1775447246326,key-13,307
1775447246326,key-20,1147
1775447246327,key-21,1427
1775447246331,key-10,456
1775447246335,key-50,1553
1775447246336,key-25,1376
1775447246338,key-13,319
1775447246341,key-40,143
1775447246344,key-23,1647
1775447246346,key-50,1564
1775447246347,key-23,1650
1775447246347,key-12,9
1775447246348,key-50,1566
1775447246348,key-21,1448
1775447246348,key-40,150
1775447246350,key-23,1653
1775447246351,key-21,1451
1775447246351,key-13,332
1775447246352,key-19,11
1775447246353,key-21,1453
1775447246353,key-21,1453
1775447246355,key-21,1455
1775447246356,key-40,158
1775447246357,key-22,622
1775447246359,key-19,18
1775447246362,key-40,164
1775447246367,key-21,1467
1775447246369,key-21,1469
1775447246375,key-5,4607
1775447246375,key-40,177
1775447246375,key-12,37
1775447246375,key-23,5
1775447246378,key-21,1478
1775447246378,key-21,1478
1775447246380,key-12,42
1775447246380,key-4,1322
1775447246383,key-22,648
1775447246384,key-40,186
1775447246386,key-40,188
1775447246386,key-28,336
1775447246387,key-34,1133
1775447246388,key-22,653
1775447246389,key-21,1489
1775447246389,key-22,654
1775447246390,key-5,4622
1775447246391,key-45,202
1775447246392,key-5,4624
1775447246392,key-40,194
1775447246398,key-39,694
1775447246399,key-22,664
1775447246399,key-5,4631
1775447246400,key-46,11
1775447246400,key-21,1500
1775447246400,key-23,30
1775447246406,key-43,38
1775447246407,key-28,357
1775447246412,key-34,1158
1775447246413,key-40,215
1775447246414,key-5,4646
1775447246415,key-39,711
1775447246418,key-5,4650
1775447246421,key-39,717
1775447246423,key-45,234
1775447246424,key-5,4656
1775447246425,key-43,57
1775447246425,key-40,227
1775447246425,key-42,486
1775447246426,key-39,722
1775447246426,key-46,37
1775447246430,key-39,726
1775447246431,key-5,4663
1775447246435,key-1,264
1775447246436,key-22,33
1775447246437,key-42,498
1775447246438,key-39,734
1775447246438,key-17,139
1775447246438,key-22,35
1775447246439,key-22,36
1775447246439,key-39,735
1775447246439,key-45,250
1775447246440,key-22,37
1775447246443,key-39,739
1775447246443,key-20,1264
1775447246443,key-5,4675
1775447246448,key-39,744
1775447246450,key-50,1668
1775447246450,key-17,151
1775447246451,key-1,280
1775447246451,key-22,48
1775447246451,key-17,152
1775447246454,key-22,51
1775447246454,key-11,1857
1775447246454,key-30,949
1775447246459,key-30,954
1775447246459,key-39,755
1775447246463,key-30,958
1775447246467,key-45,13
1775447246468,key-39,764
1775447246471,key-45,17
1775447246473,key-20,1294
1775447246474,key-43,106
1775447246475,key-30,970
1775447246475,key-13,456
1775447246478,key-45,24
1775447246478,key-39,774
1775447246479,key-39,775
1775447246480,key-20,1301
1775447246481,key-39,777
1775447246483,key-18,192
1775447246484,key-45,30
1775447246485,key-20,1306
1775447246488,key-20,1309
1775447246488,key-43,120
1775447246490,key-45,36
1775447246490,key-45,36
1775447246492,key-45,38
1775447246492,key-18,201
1775447246495,key-45,41
1775447246495,key-20,1316
1775447246496,key-30,991
1775447246496,key-33,1237
1775447246499,key-45,45
1775447246500,key-45,46
1775447246504,key-45,50
1775447246505,key-35,7
1775447246505,key-30,1000
1775447246506,key-35,8
1775447246508,key-46,7
1775447246512,key-46,11
1775447246513,key-45,59
1775447246513,key-45,59
1775447246514,key-33,1255
1775447246514,key-50,1732
1775447246515,key-45,61
1775447246516,key-32,1015
1775447246518,key-35,20
1775447246518,key-30,1013
1775447246519,key-33,1260
1775447246519,key-4,1461
1775447246521,key-4,1463
1775447246527,key-18,236
1775447246528,key-33,1269
1775447246528,key-45,74
1775447246529,key-46,28
1775447246530,key-50,1748
1775447246530,key-33,1271
1775447246534,key-2,436
1775447246534,key-45,80
1775447246538,key-33,1279
1775447246541,key-4,1483
1775447246542,key-45,88
1775447246543,key-2,445
1775447246544,key-50,1762
1775447246545,key-44,3308
1775447246547,key-39,843
1775447246548,key-33,1289
1775447246549,key-45,95
1775447246551,key-33,1292
1775447246567,key-45,113
1775447246570,key-46,69
1775447246571,key-2,473
1775447246571,key-50,1789
1775447246571,key-45,117
1775447246571,key-33,1312
1775447246575,key-2,477
1775447246577,key-7,1172
1775447246577,key-25,1617
1775447246578,key-2,480
1775447246580,key-39,876
1775447246581,key-45,127
1775447246583,key-20,1404
1775447246584,key-45,130
1775447246590,key-38,382
1775447246592,key-10,717
1775447246593,key-50,15
1775447246596,key-46,95
1775447246597,key-7,2
1775447246599,key-34,1345
1775447246601,key-2,503
1775447246603,key-33,1344
1775447246611,key-2,513
1775447246612,key-21,1712
1775447246617,key-21,1717
1775447246618,key-38,410
1775447246624,key-35,126
1775447246626,key-21,1726
1775447246627,key-37,178
1775447246627,key-31,650
1775447246627,key-22,224
1775447246628,key-34,27
1775447246629,key-7,34
1775447246636,key-32,26
1775447246636,key-37,187
1775447246637,key-36,593
1775447246638,key-43,270
1775447246641,key-36,597
1775447246641,key-21,1741
1775447246642,key-27,2086
1775447246648,key-21,1748
1775447246649,key-43,281
1775447246652,key-43,284
1775447246655,key-47,10
1775447246659,key-43,291
1775447246663,key-37,214
1775447246664,key-48,23
1775447246665,key-29,375
1775447246666,key-15,2
1775447246666,key-48,25
1775447246667,key-17,368
1775447246667,key-21,1767
1775447246668,key-48,27
1775447246668,key-21,1768
1775447246670,key-48,29
1775447246670,key-19,329
1775447246672,key-14,27
1775447246673,key-43,305
1775447246676,key-48,35
1775447246679,key-43,311
1775447246681,key-19,340
1775447246683,key-15,19
1775447246684,key-31,3
1775447246686,key-15,22
1775447246687,key-15,23
1775447246691,key-31,10
1775447246692,key-31,11
1775447246697,key-48,56
1775447246697,key-34,96
1775447246698,key-50,24
1775447246698,key-19,357
1775447246698,key-31,17
1775447246698,key-19,357
1775447246701,key-19,360
1775447246701,key-15,37
1775447246709,key-50,35
1775447246709,key-34,108
1775447246710,key-15,46
1775447246710,key-29,420
1775447246711,key-48,70
1775447246711,key-31,30
1775447246712,key-48,71
1775447246713,key-11,2116
1775447246714,key-19,373
1775447246714,key-29,424
1775447246716,key-11,2119
1775447246720,key-31,39
1775447246725,key-34,124
1775447246725,key-46,16
1775447246726,key-48,85
1775447246728,key-29,438
1775447246729,key-37,280
1775447246730,key-44,3493
1775447246736,key-48,95
1775447246737,key-46,28
1775447246737,key-46,28
1775447246737,key-31,56
1775447246738,key-48,97
1775447246739,key-3,5012
1775447246739,key-31,58
1775447246740,key-5,4972
1775447246742,key-11,2145
1775447246743,key-48,102
1775447246746,key-29,456
1775447246747,key-3,5020
1775447246749,key-31,68
1775447246750,key-48,109
1775447246751,key-46,42
1775447246752,key-3,5025
1775447246752,key-34,151
1775447246754,key-3,5027
1775447246754,key-42,815
1775447246755,key-5,4987
1775447246762,key-31,81
1775447246762,key-34,161
1775447246762,key-3,5035
1775447246767,key-5,4999
1775447246767,key-42,828
1775447246768,key-3,5041
1775447246768,key-3,5041
1775447246774,key-3,5047
1775447246774,key-15,110
1775447246775,key-31,94
1775447246776,key-34,175
1775447246776,key-3,5049
1775447246776,key-16,136
1775447246777,key-46,68
1775447246779,key-31,98
1775447246783,key-34,182
1775447246783,key-30,1278
1775447246791,key-5,5023
1775447246791,key-46,82
1775447246792,key-3,5065
1775447246792,key-29,6
1775447246794,key-22,391
1775447246794,key-23,424
1775447246795,key-34,194
1775447246795,key-3,5068
1775447246796,key-3,5069
1775447246799,key-34,198
1775447246800,key-10,925
1775447246802,key-30,11
1775447246802,key-32,192
1775447246806,key-22,403
1775447246806,key-1,635
1775447246806,key-9,11
1775447246809,key-3,5082
1775447246809,key-29,23
1775447246814,key-29,28
1775447246814,key-30,23
1775447246815,key-30,24
1775447246816,key-46,107
1775447246817,key-3,5090
1775447246818,key-3,5091
1775447246818,key-38,610
1775447246819,key-3,5092
1775447246819,key-3,5092
1775447246819,key-29,33
1775447246821,key-32,211
1775447246822,key-44,3585
1775447246823,key-30,32
1775447246824,key-30,33
1775447246824,key-2,726
1775447246827,key-30,36
1775447246828,key-3,5101
1775447246828,key-30,37
1775447246833,key-30,42
1775447246833,key-2,735
1775447246833,key-30,42
1775447246834,key-44,3597
1775447246834,key-30,43
1775447246834,key-3,5107
1775447246836,key-3,5109
1775447246836,key-3,5109
1775447246836,key-36,792
1775447246837,key-44,3600
1775447246837,key-30,46
1775447246837,key-2,739
1775447246842,key-44,3605
1775447246842,key-44,3605
1775447246850,key-19,509
1775447246850,key-27,2294
1775447246851,key-30,60
1775447246852,key-30,61
1775447246852,key-30,61
1775447246853,key-39,12
1775447246853,key-30,62
1775447246854,key-30,63
1775447246855,key-30,64
1775447246856,key-3,5129
1775447246857,key-30,66
1775447246860,key-39,19
1775447246862,key-8,552
1775447246863,key-3,5136
1775447246866,key-44,3629
1775447246867,key-39,26
1775447246869,key-30,78
1775447246873,key-30,82
1775447246874,key-17,21
1775447246874,key-8,564
1775447246875,key-30,84
1775447246876,key-30,85
1775447246876,key-30,85
1775447246878,key-30,87
1775447246879,key-30,88
1775447246879,key-1,708
1775447246880,key-8,570
1775447246883,key-8,573
1775447246885,key-8,575
1775447246885,key-39,6
1775447246887,key-4,320
1775447246887,key-33,46
1775447246888,key-44,3651
1775447246888,key-30,97
1775447246888,key-50,214
1775447246889,key-30,98
1775447246889,key-39,10
1775447246889,key-30,98
1775447246892,key-8,582
1775447246892,key-30,101
1775447246900,key-40,301
1775447246901,key-21,2001
1775447246901,key-30,110
1775447246902,key-22,499
1775447246902,key-20,1723
1775447246903,key-9,108
1775447246904,key-30,113
1775447246906,key-44,3669
1775447246907,key-30,116
1775447246911,key-22,508
1775447246912,key-21,2012
1775447246916,key-21,2016
1775447246918,key-30,5
1775447246926,key-21,2026
1775447246926,key-12,155
1775447246927,key-30,14
1775447246927,key-22,524
1775447246928,key-21,2028
1775447246928,key-30,15
1775447246929,key-44,3692
1775447246931,key-46,222
1775447246932,key-10,1057
1775447246933,key-30,20
1775447246935,key-21,2035
1775447246936,key-30,23
1775447246938,key-30,25
1775447246940,key-12,169
1775447246940,key-22,537
1775447246941,key-12,170
1775447246946,key-12,175
1775447246948,key-31,267
1775447246948,key-18,657
1775447246949,key-22,546
1775447246952,key-22,549
1775447246952,key-37,503
1775447246952,key-18,661
1775447246964,key-18,673
1775447246965,key-12,194
1775447246968,key-18,677
1775447246970,key-12,199
1775447246970,key-30,57
1775447246971,key-23,601
1775447246971,key-12,200
1775447246972,key-6,1663
1775447246973,key-31,292
1775447246973,key-12,202
1775447246973,key-12,202
1775447246976,key-21,2076
1775447246976,key-18,685
1775447246977,key-22,574
1775447246977,key-39,98
1775447246979,key-11,11
1775447246980,key-18,689
1775447246981,key-5,74
1775447246982,key-22,579
1775447246983,key-5,76
1775447246983,key-11,15
1775447246984,key-4,417
1775447246985,key-5,78
1775447246986,key-33,145
1775447246987,key-34,386
1775447246992,key-7,397
1775447246995,key-22,592
1775447246996,key-5,89
1775447246997,key-5,90
1775447246997,key-42,1058
1775447246998,key-33,157
1775447246998,key-18,707
1775447246999,key-5,92
1775447247000,key-22,597
1775447247002,key-21,2102
1775447247003,key-11,35
1775447247004,key-5,97
1775447247004,key-18,713
1775447247012,key-11,44
1775447247013,key-22,610
1775447247013,key-34,412
1775447247013,key-32,403
1775447247013,key-7,418
1775447247013,key-33,172
1775447247024,key-33,183
1775447247024,key-5,117
1775447247024,key-5,117
1775447247025,key-32,415
1775447247025,key-21,2125
1775447247026,key-33,185
1775447247029,key-24,3288
1775447247030,key-7,435
1775447247033,key-6,1724
1775447247034,key-5,127
1775447247034,key-5,127
1775447247035,key-32,425
1775447247038,key-32,428
1775447247038,key-48,397
1775447247039,key-21,2139
1775447247040,key-32,430
1775447247043,key-33,202
1775447247052,key-32,442
1775447247052,key-37,603
1775447247053,key-32,443
1775447247054,key-5,147
1775447247054,key-7,459
1775447247055,key-16,415
1775447247055,key-37,606
1775447247055,key-32,445
1775447247056,key-21,2156
1775447247058,key-18,24
1775447247061,key-33,220
1775447247064,key-25,10
1775447247066,key-32,456
1775447247066,key-33,225
1775447247068,key-50,394
1775447247069,key-38,861
1775447247072,key-7,477
1775447247073,key-50,399
1775447247076,key-35,288
1775447247077,key-33,236
1775447247078,key-32,468
1775447247083,key-7,488
1775447247084,key-5,177
1775447247084,key-32,474
1775447247084,key-7,489
1775447247085,key-25,31
1775447247087,key-32,477
1775447247087,key-50,413
1775447247088,key-50,414
1775447247093,key-5,186
1775447247093,key-38,885
1775447247095,key-31,414
1775447247096,key-7,501
1775447247098,key-5,191
1775447247098,key-7,503
1775447247099,key-7,504
1775447247100,key-7,505
1775447247101,key-7,506
1775447247102,key-5,195
1775447247102,key-35,314
1775447247106,key-7,511
1775447247109,key-37,660
1775447247110,key-45,656
1775447247111,key-38,903
1775447247112,key-38,904
1775447247113,key-29,327
1775447247114,key-45,660
1775447247120,key-18,86
1775447247121,key-29,335
1775447247121,key-5,214
1775447247125,key-12,354
1775447247128,key-7,533
1775447247130,key-7,535
1775447247141,key-12,370
1775447247142,key-29,356
1775447247143,key-12,372
1775447247144,key-5,237
1775447247145,key-38,937
1775447247150,key-5,243
1775447247150,key-5,243
1775447247151,key-38,943
1775447247152,key-29,366
1775447247153,key-29,367
1775447247153,key-5,246
1775447247154,key-38,946
1775447247156,key-29,370
1775447247161,key-7,566
1775447247161,key-5,254
1775447247166,key-19,115
1775447247167,key-49,241
1775447247169,key-38,961
1775447247172,key-29,386
1775447247174,key-5,267
1775447247178,key-23,808
1775447247178,key-38,970
1775447247193,key-25,139
1775447247193,key-12,422
1775447247194,key-5,287
1775447247194,key-38,986
1775447247194,key-8,884
1775447247194,key-38,986
1775447247194,key-29,408
1775447247200,key-5,293
1775447247200,key-23,830
1775447247203,key-38,995
1775447247206,key-38,998
1775447247208,key-49,282
1775447247211,key-5,304
1775447247212,key-5,305
1775447247218,key-38,1010
1775447247223,key-27,2667
1775447247226,key-4,13
1775447247234,key-5,327
1775447247235,key-49,309
1775447247236,key-15,572
1775447247237,key-41,1166
1775447247237,key-30,9
1775447247237,key-49,311
1775447247237,key-38,1029
1775447247237,key-27,2681
1775447247238,key-5,331
1775447247244,key-5,337
1775447247244,key-49,318
1775447247249,key-27,2693
1775447247252,key-43,884
1775447247252,key-5,345
1775447247256,key-27,2700
1775447247259,key-15,595
1775447247261,key-49,335
1775447247261,key-50,587
1775447247262,key-47,511
1775447247264,key-49,338
1775447247271,key-49,345
1775447247277,key-48,36
1775447247281,key-49,355
1775447247281,key-38,1073
1775447247289,key-43,921
1775447247289,key-49,363
1775447247289,key-49,363
1775447247293,key-7,698
1775447247294,key-43,926
1775447247294,key-18,260
1775447247295,key-49,369
1775447247296,key-3,5569
1775447247297,key-38,1089
1775447247307,key-48,66
1775447247309,key-49,383
1775447247309,key-50,635
1775447247309,key-15,645
1775447247313,key-49,387
1775447247314,key-7,719
1775447247326,key-12,555
1775447247331,key-43,963
1775447247331,key-15,667
1775447247332,key-5,425
1775447247333,key-26,975
1775447247335,key-12,564
1775447247336,key-43,968
1775447247338,key-15,674
1775447247339,key-49,413
1775447247341,key-41,27
1775447247346,key-49,420
1775447247347,key-1,1176
1775447247348,key-49,422
1775447247353,key-12,582
1775447247354,key-15,690
1775447247355,key-22,952
1775447247359,key-49,433
1775447247360,key-12,589
1775447247364,key-49,438
1775447247369,key-32,759
1775447247369,key-45,915
1775447247369,key-30,24
1775447247370,key-8,1060
1775447247371,key-46,662
1775447247380,key-12,609
1775447247380,key-12,609
1775447247383,key-12,612
1775447247384,key-8,1074
1775447247384,key-49,458
1775447247386,key-12,615
1775447247389,key-36,34
1775447247389,key-23,64
1775447247395,key-29,609
1775447247396,key-49,470
1775447247401,key-12,6
1775447247401,key-30,56
1775447247402,key-46,693
1775447247402,key-32,792
1775447247403,key-49,477
1775447247403,key-49,477
1775447247403,key-45,949
1775447247405,key-8,1095
1775447247406,key-49,480
1775447247408,key-45,954
1775447247419,key-30,74
1775447247419,key-35,631
1775447247425,key-49,499
1775447247425,key-13,1406
1775447247426,key-30,81
1775447247426,key-2,357
1775447247428,key-21,2528
1775447247430,key-2,361
1775447247435,key-49,509
1775447247436,key-37,18
1775447247436,key-37,18
1775447247437,key-13,1418
1775447247439,key-8,13
1775447247439,key-8,13
1775447247440,key-30,95
1775447247441,key-37,23
1775447247446,key-1,1275
1775447247447,key-42,1508
1775447247447,key-8,21
1775447247449,key-37,31
1775447247449,key-41,135
1775447247451,key-22,1048
1775447247453,key-22,1050
1775447247454,key-2,385
1775447247457,key-37,39
1775447247462,key-2,393
1775447247463,key-1,1292
1775447247464,key-37,46
1775447247464,key-13,1445
1775447247465,key-37,47
1775447247466,key-35,678
1775447247475,key-1,1304
1775447247478,key-10,1603
1775447247478,key-47,727
1775447247479,key-8,53
1775447247480,key-2,411
1775447247481,key-1,1310
1775447247481,key-41,167
1775447247482,key-37,64
1775447247482,key-41,168
1775447247484,key-2,415
1775447247484,key-1,1313
1775447247485,key-41,171
1775447247488,key-2,419
1775447247489,key-1,1318
1775447247491,key-8,65
1775447247496,key-45,1042
1775447247499,key-1,1328
1775447247503,key-49,577
1775447247503,key-41,189
1775447247503,key-5,596
1775447247508,key-43,1140
1775447247514,key-37,96
1775447247514,key-35,726
1775447247515,key-8,89
1775447247515,key-41,201
1775447247515,key-44,4278
1775447247516,key-46,807
1775447247518,key-43,1150
1775447247518,key-1,1347
1775447247520,key-41,206
1775447247521,key-43,1153
1775447247521,key-44,4284
1775447247524,key-35,736
1775447247525,key-33,684
1775447247526,key-44,4289
1775447247530,key-43,1162
1775447247531,key-41,217
1775447247532,key-25,478
1775447247535,key-43,1167
1775447247536,key-43,1168
1775447247536,key-43,1168
1775447247540,key-43,1172
1775447247540,key-33,699
1775447247541,key-11,573
1775447247547,key-46,838
1775447247547,key-43,1179
1775447247549,key-6,2240
1775447247550,key-41,236
1775447247550,key-25,496
1775447247555,key-10,48
1775447247558,key-43,1190
1775447247558,key-33,717
1775447247558,key-25,504
1775447247559,key-19,2
1775447247560,key-33,719
1775447247561,key-25,507
1775447247561,key-41,247
1775447247562,key-25,508
1775447247566,key-25,512
1775447247566,key-41,252
1775447247573,key-4,20
1775447247573,key-19,16
1775447247573,key-8,147
1775447247574,key-11,606
1775447247580,key-45,26
1775447247580,key-19,23
1775447247582,key-19,25
1775447247584,key-19,27
1775447247585,key-9,790
1775447247587,key-11,5
1775447247589,key-19,32
1775447247590,key-19,33
1775447247590,key-41,276
1775447247597,key-6,2288
1775447247598,key-19,41
1775447247598,key-9,803
1775447247598,key-4,45
1775447247600,key-25,546
1775447247601,key-41,287
1775447247605,key-19,48
1775447247606,key-41,292
1775447247606,key-41,292
1775447247608,key-46,899
1775447247609,key-28,626
1775447247610,key-19,53
1775447247611,key-41,297
1775447247612,key-2,105
1775447247617,key-5,710
1775447247620,key-5,713
1775447247621,key-12,194
1775447247628,key-9,833
1775447247629,key-9,3
1775447247629,key-25,575
1775447247630,key-9,4
1775447247631,key-20,17
1775447247633,key-28,650
1775447247633,key-41,319
1775447247635,key-21,2735
1775447247636,key-5,729
1775447247636,key-2,129
1775447247649,key-9,23
1775447247649,key-35,861
1775447247651,key-12,224
1775447247653,key-12,226
1775447247656,key-5,749
1775447247656,key-2,149
1775447247656,key-46,13
1775447247657,key-12,230
1775447247660,key-25,606
1775447247661,key-9,5
1775447247662,key-46,19
1775447247662,key-40,709
1775447247663,key-12,236
1775447247663,key-5,756
1775447247664,key-5,757
1775447247665,key-9,9
1775447247666,key-12,239
1775447247669,key-5,762
1775447247674,key-10,167
1775447247674,key-35,886
1775447247675,key-5,768
1775447247679,key-28,696
1775447247686,key-40,733
1775447247689,key-10,182
1775447247690,key-32,1080
1775447247690,key-9,34
1775447247691,key-2,184
1775447247692,key-2,185
1775447247692,key-49,766
1775447247697,key-5,790
1775447247698,key-10,191
1775447247700,key-10,193
1775447247700,key-48,3
1775447247702,key-5,795
1775447247704,key-32,1094
1775447247704,key-10,197
1775447247704,key-5,1
1775447247706,key-48,9
1775447247706,key-7,1111
1775447247706,key-18,672
1775447247708,key-5,5
1775447247710,key-40,757
1775447247712,key-7,1117
1775447247713,key-1,1542
1775447247713,key-5,10
1775447247715,key-48,18
1775447247716,key-40,763
1775447247717,key-32,1107
1775447247717,key-18,683
1775447247719,key-7,1124
1775447247720,key-5,17
1775447247728,key-1,1557
1775447247728,key-10,221
1775447247729,key-32,1119
1775447247730,key-20,116
1775447247730,key-48,33
1775447247731,key-32,1121
1775447247731,key-25,3
1775447247733,key-1,1562
1775447247739,key-1,1568
1775447247739,key-25,11
1775447247739,key-5,36
1775447247740,key-7,1145
1775447247740,key-5,37
1775447247742,key-32,1132
1775447247743,key-1,1572
1775447247744,key-48,47
1775447247744,key-48,47
1775447247745,key-7,1150
1775447247745,key-1,1574
1775447247746,key-1,1575
1775447247746,key-43,1378
1775447247748,key-25,20
1775447247749,key-20,135
1775447247751,key-7,1156
1775447247752,key-16,1112
1775447247754,key-49,828
1775447247754,key-5,51
1775447247757,key-13,3
1775447247759,key-25,31
1775447247762,key-5,59
1775447247763,key-13,9
1775447247763,key-26,1405
1775447247765,key-5,62
1775447247766,key-39,742
1775447247767,key-19,6
1775447247768,key-7,1173
1775447247769,key-47,153
1775447247772,key-46,129
1775447247773,key-34,1172
1775447247778,key-4,225
1775447247778,key-19,17
1775447247778,key-13,24
1775447247781,key-4,228
1775447247782,key-4,229
1775447247784,key-13,30
1775447247785,key-20,171
1775447247785,key-4,232
1775447247786,key-13,32
1775447247786,key-13,32
1775447247787,key-13,33
1775447247791,key-13,37
1775447247792,key-4,239
1775447247792,key-49,31
1775447247792,key-37,374
1775447247792,key-4,239
1775447247799,key-13,45
1775447247802,key-4,249
1775447247802,key-19,41
1775447247803,key-19,42
1775447247803,key-37,385
1775447247806,key-49,45
1775447247806,key-38,6
1775447247810,key-4,257
1775447247811,key-8,3
1775447247811,key-29,195
1775447247812,key-13,58
1775447247812,key-13,58
1775447247813,key-29,197
1775447247816,key-41,502
1775447247816,key-13,62
1775447247819,key-3,6092
1775447247820,key-4,267
1775447247820,key-20,206
1775447247820,key-48,123
1775447247823,key-13,4
1775447247824,key-29,208
1775447247825,key-40,45
1775447247825,key-49,64
1775447247833,key-20,219
1775447247834,key-40,54
1775447247834,key-13,15
1775447247834,key-13,15
1775447247834,key-8,26
1775447247835,key-17,982
1775447247835,key-13,16
1775447247835,key-13,16
1775447247835,key-3,6108
1775447247836,key-31,1155
1775447247837,key-4,10
1775447247839,key-48,142
1775447247840,key-40,60
1775447247842,key-13,23
1775447247843,key-13,24
1775447247845,key-13,26
1775447247846,key-13,27
1775447247846,key-17,993
1775447247846,key-35,1058
1775447247847,key-13,28
1775447247847,key-13,28
1775447247858,key-4,31
1775447247858,key-13,39
1775447247859,key-8,51
1775447247861,key-17,1008
1775447247861,key-48,164
1775447247862,key-13,43
1775447247863,key-13,44
1775447247863,key-13,44
1775447247863,key-48,166
1775447247864,key-25,136
1775447247869,key-13,50
1775447247869,key-28,886
1775447247869,key-13,50
1775447247869,key-16,1229
1775447247870,key-13,51
1775447247870,key-17,1017
1775447247872,key-17,1019
1775447247874,key-48,177
1775447247875,key-13,56
1775447247876,key-13,57
1775447247876,key-48,179
1775447247877,key-13,58
1775447247878,key-13,59
1775447247879,key-13,60
1775447247880,key-48,183
1775447247881,key-5,178
1775447247883,key-48,186
1775447247884,key-13,65
1775447247885,key-48,188
1775447247887,key-24,18
1775447247887,key-31,1206
1775447247887,key-10,380
1775447247895,key-32,1285
1775447247896,key-15,1232
1775447247896,key-48,199
1775447247896,key-48,199
1775447247897,key-17,1044
1775447247904,key-20,290
1775447247904,key-13,85
1775447247904,key-5,201
1775447247905,key-40,125
1775447247906,key-17,1053
1775447247907,key-8,99
1775447247908,key-5,205
1775447247910,key-34,1309
1775447247911,key-13,92
1775447247912,key-9,16
1775447247912,key-32,1302
1775447247913,key-34,1312
1775447247913,key-49,152
1775447247914,key-13,95
1775447247914,key-9,18
1775447247919,key-29,303
1775447247919,key-17,1066
1775447247920,key-5,217
1775447247922,key-49,161
1775447247922,key-17,1069
1775447247925,key-29,309
1775447247928,key-13,109
1775447247930,key-32,1320
1775447247931,key-5,228
1775447247931,key-29,315
1775447247932,key-5,229
1775447247933,key-17,1080
1775447247934,key-17,1081
1775447247935,key-13,116
1775447247936,key-16,1296
1775447247936,key-32,1326
1775447247937,key-49,176
1775447247937,key-9,41
1775447247938,key-29,322
1775447247944,key-24,75
1775447247946,key-5,243
1775447247947,key-29,331
1775447247948,key-39,924
1775447247950,key-49,189
1775447247950,key-9,54
1775447247951,key-32,1341
1775447247951,key-24,82
1775447247951,key-29,335
1775447247951,key-29,335
1775447247952,key-11,370
1775447247958,key-34,1357
1775447247959,key-29,343
1775447247961,key-49,200
1775447247961,key-11,379
1775447247961,key-32,1351
1775447247964,key-32,1354
1775447247968,key-29,352
1775447247969,key-29,353
1775447247969,key-19,208
1775447247971,key-49,210
1775447247973,key-47,357
1775447247973,key-24,104
1775447247973,key-49,212
1775447247986,key-29,370
1775447247987,key-32,1377
1775447247987,key-29,371
1775447247987,key-19,226
1775447247988,key-47,372
1775447247989,key-11,407
1775447247989,key-10,482
1775447247990,key-11,408
1775447247991,key-11,409
1775447247992,key-49,231
1775447247993,key-32,1383
1775447247993,key-18,959
1775447247994,key-49,233
1775447248002,key-49,241
1775447248002,key-32,1392
1775447248003,key-29,387
1775447248003,key-29,387
1775447248003,key-32,1393
1775447248008,key-39,984
1775447248009,key-29,393
1775447248011,key-42,431
1775447248016,key-29,400
1775447248016,key-29,400
1775447248016,key-29,400
1775447248019,key-29,403
1775447248020,key-16,57
1775447248021,key-29,405
1775447248022,key-29,406
1775447248023,key-42,443
1775447248024,key-29,408
1775447248030,key-43,1662
1775447248030,key-29,414
1775447248039,key-29,423
1775447248044,key-29,428
1775447248045,key-29,429
1775447248045,key-14,4
1775447248046,key-11,464
1775447248046,key-19,285
1775447248046,key-29,430
1775447248047,key-28,17
1775447248048,key-29,432
1775447248051,key-29,435
1775447248060,key-2,27
1775447248060,key-29,444
1775447248060,key-29,444
1775447248061,key-14,20
1775447248062,key-29,446
1775447248063,key-37,645
1775447248070,key-28,40
1775447248071,key-28,41
1775447248071,key-45,114
1775447248077,key-14,36
1775447248078,key-29,462
1775447248079,key-37,661
1775447248081,key-29,465
1775447248082,key-45,125
1775447248083,key-29,467
1775447248089,key-17,1236
1775447248089,key-3,6362
1775447248089,key-7,1494
1775447248089,key-27,29
1775447248089,key-34,1488
1775447248089,key-25,361
1775447248090,key-29,474
1775447248117,key-23,388
1775447248118,key-3,6391
1775447248118,key-50,338
1775447248119,key-6,339
1775447248121,key-37,703
1775447248123,key-28,93
1775447248124,key-25,396
1775447248124,key-37,706
1775447248126,key-11,544
1775447248127,key-28,97
1775447248127,key-34,1526
1775447248127,key-33,6
1775447248127,key-24,39
1775447248127,key-3,6400
1775447248128,key-27,68
1775447248128,key-37,710
1775447248128,key-6,348
1775447248128,key-34,3
1775447248140,key-39,1116
1775447248140,key-20,526
1775447248140,key-3,6413
1775447248140,key-28,110
1775447248143,key-35,1355
1775447248143,key-22,257
1775447248143,key-27,83
1775447248145,key-34,20
1775447248147,key-33,26
1775447248147,key-16,8
1775447248147,key-33,26
1775447248156,key-34,31
1775447248156,key-39,1132
1775447248157,key-33,36
1775447248159,key-33,38
1775447248162,key-34,37
1775447248162,key-25,434
1775447248162,key-34,37
1775447248163,key-20,549
1775447248164,key-9,39
1775447248167,key-33,46
1775447248167,key-22,281
1775447248169,key-16,30
1775447248171,key-39,1147
1775447248172,key-3,6445
1775447248174,key-34,49
1775447248174,key-20,560
1775447248176,key-33,55
1775447248178,key-33,57
1775447248180,key-24,92
1775447248181,key-34,56
1775447248182,key-16,43
1775447248183,key-25,455
1775447248184,key-34,59
1775447248187,key-41,873
1775447248190,key-34,65
1775447248192,key-41,878
1775447248193,key-34,68
1775447248196,key-41,882
1775447248196,key-34,71
1775447248200,key-34,75
1775447248200,key-41,886
1775447248200,key-20,586
1775447248201,key-3,6474
1775447248202,key-20,588
1775447248202,key-18,1168
1775447248203,key-10,696
1775447248205,key-41,891
1775447248206,key-41,892
1775447248207,key-18,1173
1775447248207,key-34,82
1775447248208,key-34,83
1775447248213,key-20,599
1775447248214,key-28,184
1775447248215,key-41,901
1775447248217,key-10,710
1775447248217,key-20,603
1775447248219,key-34,94
1775447248221,key-50,96
1775447248221,key-41,907
1775447248222,key-18,1188
1775447248223,key-41,909
1775447248225,key-20,611
1775447248225,key-21,3325
1775447248233,key-18,1199
1775447248234,key-37,816
1775447248234,key-18,1200
1775447248234,key-27,174
1775447248234,key-32,1624
1775447248236,key-41,922
1775447248237,key-41,923
1775447248237,key-41,923
1775447248237,key-37,819
1775447248244,key-20,630
1775447248244,key-32,1634
1775447248245,key-37,827
1775447248245,key-20,631
1775447248248,key-37,830
1775447248250,key-41,936
1775447248250,key-37,832
1775447248251,key-18,1217
1775447248252,key-3,7
1775447248258,key-41,944
1775447248259,key-14,218
1775447248259,key-32,1649
1775447248260,key-8,121
1775447248262,key-41,948
1775447248263,key-41,949
1775447248265,key-33,144
1775447248266,key-20,652
1775447248268,key-26,1910
1775447248271,key-33,150
1775447248272,key-32,1662
1775447248272,key-32,1662
1775447248279,key-41,965
1775447248281,key-25,553
1775447248284,key-14,243
1775447248286,key-32,1676
1775447248288,key-25,560
1775447248288,key-33,167
1775447248289,key-13,470
1775447248290,key-21,3390
1775447248293,key-32,1683
1775447248294,key-8,155
1775447248295,key-20,681
1775447248295,key-32,1685
1775447248296,key-34,171
1775447248296,key-31,1615
1775447248299,key-5,21
1775447248301,key-32,1691
1775447248303,key-5,25
1775447248303,key-25,575
1775447248306,key-41,992
1775447248308,key-17,1455
1775447248308,key-5,30
1775447248309,key-5,31
1775447248311,key-9,186
1775447248319,key-5,41
1775447248319,key-13,500
1775447248321,key-5,43
1775447248321,key-10,814
1775447248321,key-31,1640
1775447248322,key-9,197
1775447248322,key-5,44
1775447248323,key-5,45
1775447248324,key-27,264
1775447248324,key-31,1643
1775447248329,key-26,11
1775447248330,key-10,823
1775447248331,key-17,1478
1775447248332,key-10,825
1775447248334,key-11,4
1775447248336,key-17,1483
1775447248336,key-5,58
1775447248337,key-15,2
1775447248343,key-37,925
1775447248345,key-31,1664
1775447248346,key-27,286
1775447248346,key-5,68
1775447248350,key-5,72
1775447248350,key-5,72
1775447248352,key-31,1671
1775447248352,key-18,86
1775447248352,key-37,934
1775447248353,key-15,18
1775447248353,key-23,624
1775447248353,key-5,75
1775447248357,key-43,12
1775447248361,key-9,236
1775447248361,key-6,581
1775447248363,key-27,303
1775447248364,key-43,19
1775447248369,key-34,244
1775447248370,key-5,92
1775447248372,key-5,94
1775447248373,key-23,644
1775447248376,key-5,98
1775447248376,key-15,41
1775447248376,key-43,31
1775447248378,key-31,1697
1775447248378,key-6,598
1775447248378,key-31,1697
1775447248379,key-2,14
1775447248380,key-30,1035
1775447248384,key-30,1039
1775447248384,key-6,604
1775447248384,key-5,106
1775447248385,key-6,605
1775447248389,key-31,1708
1775447248389,key-6,609
1775447248393,key-6,613
1775447248393,key-8,254
1775447248395,key-43,50
1775447248396,key-6,616
1775447248397,key-6,617
1775447248398,key-8,259
1775447248398,key-31,1717
1775447248399,key-6,619
1775447248399,key-6,619
1775447248403,key-31,1722
1775447248410,key-30,1065
1775447248410,key-6,630
1775447248411,key-6,631
1775447248411,key-30,1066
1775447248412,key-6,632
1775447248417,key-30,1072
1775447248417,key-24,329
1775447248417,key-32,82
1775447248418,key-30,1073
1775447248420,key-30,1075
1775447248421,key-19,2
1775447248421,key-8,282
1775447248427,key-19,8
1775447248427,key-24,339
1775447248427,key-19,8
1775447248428,key-6,648
1775447248429,key-6,649
1775447248430,key-6,650
1775447248434,key-30,1089
1775447248434,key-30,1089
1775447248435,key-24,347
1775447248435,key-24,347
1775447248436,key-30,1091
1775447248436,key-40,15
1775447248436,key-6,656
1775447248437,key-30,1092
1775447248437,key-32,102
1775447248441,key-40,20
1775447248442,key-8,303
1775447248442,key-30,1097
1775447248443,key-6,663
1775447248449,key-6,669
1775447248449,key-19,30
1775447248450,key-27,390
1775447248450,key-30,1105
1775447248451,key-30,1106
1775447248452,key-30,1107
1775447248453,key-30,1108
1775447248454,key-6,674
1775447248454,key-15,119
1775447248456,key-24,368
1775447248456,key-50,331
1775447248459,key-32,124
1775447248459,key-6,679
1775447248471,key-10,964
1775447248471,key-24,383
1775447248471,key-50,346
1775447248472,key-30,1127
1775447248472,key-20,858
1775447248472,key-36,1117
1775447248473,key-30,1128
1775447248476,key-2,111
1775447248480,key-11,150
1775447248482,key-50,357
1775447248483,key-30,1138
1775447248483,key-24,395
1775447248483,key-50,358
1775447248485,key-32,150
1775447248485,key-28,455
1775447248486,key-29,870
1775447248486,key-24,398
1775447248487,key-30,1142
1775447248487,key-23,14
1775447248488,key-30,1143
1775447248490,key-9,365
1775447248492,key-23,19
1775447248493,key-30,1148
1775447248494,key-23,21
1775447248495,key-18,229
1775447248500,key-14,459
1775447248500,key-38,700
1775447248501,key-23,28
1775447248501,key-28,471
1775447248503,key-38,703
1775447248506,key-18,240
1775447248506,key-37,1088
1775447248507,key-38,707
1775447248507,key-14,466
1775447248512,key-49,751
1775447248512,key-30,1167
1775447248513,key-24,425
1775447248516,key-30,1171
1775447248517,key-9,392
1775447248518,key-38,718
1775447248519,key-38,719
1775447248519,key-15,184
1775447248526,key-32,8
1775447248526,key-12,322
1775447248527,key-23,54
1775447248527,key-23,54
1775447248529,key-30,1184
1775447248530,key-22,195
1775447248531,key-12,327
1775447248532,key-9,407
1775447248533,key-9,408
1775447248534,key-32,16
1775447248538,key-38,738
1775447248540,key-30,1195
1775447248541,key-6,761
1775447248541,key-32,23
1775447248543,key-40,122
1775447248543,key-38,743
1775447248547,key-50,422
1775447248550,key-20,13
1775447248551,key-32,33
1775447248551,key-32,33
1775447248552,key-32,34
1775447248552,key-32,34
1775447248552,key-7,1957
1775447248553,key-19,134
1775447248555,key-11,225
1775447248560,key-32,42
1775447248561,key-6,781
1775447248562,key-32,44
1775447248563,key-38,763
1775447248563,key-22,228
1775447248566,key-30,1221
1775447248568,key-7,1973
1775447248568,key-11,238
1775447248570,key-32,52
1775447248571,key-11,241
1775447248571,key-25,843
1775447248573,key-9,448
1775447248573,key-21,3673
1775447248576,key-24,488
1775447248577,key-11,247
1775447248585,key-6,805
1775447248585,key-21,3685
1775447248585,key-20,48
1775447248585,key-30,1240
1775447248590,key-32,72
1775447248590,key-20,53
1775447248594,key-21,3694
1775447248595,key-20,58
1775447248595,key-16,456
1775447248595,key-7,2000
1775447248597,key-21,3697
1775447248597,key-33,476
1775447248601,key-21,3701
1775447248602,key-20,65
1775447248603,key-32,85
1775447248603,key-16,464
1775447248609,key-28,579
1775447248609,key-20,72
1775447248609,key-5,331
1775447248610,key-49,849
1775447248610,key-30,1265
1775447248611,key-6,831
1775447248614,key-24,526
1775447248621,key-21,3721
1775447248621,key-15,286
1775447248623,key-21,3723
1775447248623,key-7,2028
1775447248625,key-47,1009
1775447248626,key-33,505
1775447248630,key-21,3730
1775447248637,key-21,3737
1775447248638,key-47,1022
1775447248638,key-22,18
1775447248639,key-20,102
1775447248645,key-22,25
1775447248649,key-46,1006
1775447248650,key-6,870
1775447248651,key-6,871
1775447248651,key-21,3751
1775447248652,key-48,955
1775447248653,key-21,3753
1775447248656,key-42,338
1775447248658,key-47,1042
1775447248659,key-21,3759
1775447248665,key-46,1022
1775447248667,key-13,848
1775447248668,key-21,3768
1775447248670,key-46,1027
1775447248671,key-27,611
1775447248672,key-21,3772
1775447248676,key-21,3776
1775447248686,key-36,1331
1775447248686,key-21,3786
1775447248686,key-17,1833
1775447248689,key-33,568
1775447248689,key-19,270
1775447248690,key-4,489
1775447248691,key-42,373
1775447248692,key-46,1049
1775447248697,key-42,379
1775447248699,key-46,1056
1775447248701,key-42,383
1775447248702,key-46,1059
1775447248709,key-19,290
1775447248711,key-13,892
1775447248713,key-37,1295
1775447248713,key-21,3813
1775447248714,key-19,295
1775447248715,key-37,1297
1775447248716,key-40,295
1775447248717,key-17,1864
1775447248721,key-46,1078
1775447248722,key-19,4
1775447248722,key-5,444
1775447248735,key-24,71
1775447248738,key-26,64
1775447248739,key-19,21
1775447248741,key-23,268
1775447248746,key-40,325
1775447248747,key-46,1104
1775447248748,key-19,30
1775447248755,key-26,81
1775447248757,key-37,1339
1775447248758,key-23,17
1775447248760,key-5,482
1775447248760,key-23,19
1775447248763,key-47,1147
1775447248764,key-21,7
1775447248766,key-21,9
1775447248766,key-31,2085
1775447248772,key-20,235
1775447248774,key-18,250
1775447248775,key-47,1159
1775447248776,key-23,35
1775447248777,key-4,576
1775447248777,key-22,157
1775447248780,key-50,655
1775447248789,key-18,265
1775447248790,key-31,2109
1775447248790,key-25,30
1775447248793,key-47,1177
1775447248793,key-47,1177
1775447248796,key-25,36
1775447248798,key-22,178
1775447248802,key-7,2207
1775447248802,key-26,10
1775447248803,key-23,62
1775447248803,key-47,1187
1775447248804,key-28,774
1775447248810,key-50,685
1775447248811,key-35,494
1775447248813,key-28,783
1775447248813,key-23,72
1775447248814,key-7,2219
1775447248816,key-50,691
1775447248826,key-35,509
1775447248826,key-47,1210
1775447248832,key-23,91
1775447248832,key-18,308
1775447248832,key-17,1979
1775447248832,key-28,802
1775447248836,key-33,715
1775447248837,key-28,807
1775447248837,key-22,217
1775447248837,key-47,1221
1775447248839,key-28,809
1775447248844,key-47,1228
1775447248845,key-7,2250
1775447248848,key-47,1232
1775447248848,key-44,26
1775447248850,key-28,820
1775447248850,key-1,28
1775447248851,key-28,821
1775447248852,key-28,822
1775447248854,key-47,1238
1775447248859,key-23,118
1775447248859,key-30,1514
1775447248860,key-28,830
1775447248861,key-28,831
1775447248865,key-23,124
1775447248868,key-44,46
1775447248869,key-30,1524
1775447248869,key-21,112
1775447248870,key-5,9
1775447248873,key-47,1257
1775447248874,key-44,52
1775447248874,key-30,1529
1775447248878,key-22,258
1775447248882,key-1,28
1775447248884,key-22,264
1775447248885,key-21,128
1775447248888,key-23,23
1775447248888,key-23,23
1775447248890,key-38,1090
1775447248892,key-23,27
1775447248893,key-38,1093
1775447248893,key-10,1386
1775447248896,key-42,578
1775447248898,key-1,44
1775447248901,key-5,40
1775447248903,key-5,42
1775447248904,key-5,43
1775447248905,key-26,113
1775447248910,key-38,1110
1775447248910,key-38,1110
1775447248911,key-38,1111
1775447248912,key-50,787
1775447248912,key-30,1567
1775447248912,key-40,491
1775447248915,key-38,1115
1775447248916,key-5,55
1775447248918,key-23,53
1775447248918,key-5,57
1775447248922,key-11,592
1775447248925,key-5,64
1775447248928,key-42,610
1775447248928,key-5,67
1775447248935,key-5,74
1775447248936,key-40,515
1775447248938,key-33,817
1775447248939,key-13,1120
1775447248946,key-36,1591
1775447248946,key-38,1146
1775447248948,key-38,1148
1775447248948,key-13,1129
1775447248951,key-19,13
1775447248951,key-24,287
1775447248955,key-13,1136
1775447248955,key-5,94
1775447248956,key-38,1156
1775447248961,key-2,152
1775447248961,key-38,1161
1775447248966,key-44,144
1775447248969,key-33,848
1775447248975,key-31,2294
1775447248976,key-2,167
1775447248980,key-19,6
1775447248980,key-13,1161
1775447248982,key-2,173
1775447248986,key-24,322
1775447248987,key-50,862
1775447248987,key-1,2
1775447248988,key-19,14
1775447248990,key-6,1210
1775447248990,key-19,16
1775447248991,key-33,870
1775447248992,key-1,7
1775447248993,key-13,1174
1775447249000,key-2,191
1775447249002,key-19,28
1775447249002,key-1,17
1775447249003,key-48,1306
1775447249005,key-50,880
1775447249007,key-19,32
1775447249008,key-2,199
1775447249010,key-31,2329
1775447249011,key-22,37
1775447249012,key-2,203
1775447249016,key-17,2163
1775447249018,key-21,261
1775447249022,key-31,2341
1775447249023,key-31,2342
1775447249023,key-19,49
1775447249024,key-2,215
1775447249026,key-1,41
1775447249027,key-2,218
1775447249029,key-38,1229
1775447249029,key-22,55
1775447249031,key-1,46
1775447249031,key-19,57
1775447249038,key-46,1395
1775447249044,key-45,1087
1775447249046,key-1,61
1775447249047,key-2,238
1775447249048,key-31,2367
1775447249048,key-32,530
1775447249049,key-11,719
1775447249054,key-47,20
1775447249055,key-4,854
1775447249060,key-33,939
1775447249061,key-19,87
1775447249061,key-2,252
1775447249062,key-1,77
1775447249063,key-4,862
1775447249068,key-19,94
1775447249068,key-20,102
1775447249069,key-19,95
1775447249069,key-4,868
1775447249070,key-11,740
1775447249073,key-33,952
1775447249080,key-2,271
1775447249080,key-31,2399
1775447249080,key-19,106
1775447249090,key-1,105
1775447249092,key-32,574
1775447249095,key-19,121
1775447249103,key-19,129
1775447249104,key-31,2423
1775447249105,key-33,12
1775447249107,key-1,122
1775447249108,key-6,1328
1775447249108,key-19,134
1775447249108,key-1,123
1775447249111,key-1,126
1775447249113,key-4,912
1775447249113,key-19,139
1775447249114,key-1,129
1775447249117,key-36,44
1775447249117,key-1,132
1775447249121,key-19,147
1775447249121,key-6,1341
1775447249125,key-14,7
1775447249130,key-19,156
1775447249131,key-19,157
1775447249135,key-19,161
1775447249136,key-19,162
1775447249137,key-1,152
1775447249140,key-1,155
1775447249140,key-14,22
1775447249140,key-6,1360
1775447249143,key-29,334
1775447249143,key-46,1500
1775447249146,key-1,161
1775447249146,key-5,112
1775447249153,key-36,80
1775447249156,key-1,171
1775447249157,key-36,84
1775447249157,key-19,183
1775447249159,key-43,670
1775447249160,key-19,186
1775447249164,key-31,6
1775447249165,key-48,1468
1775447249169,key-1,184
1775447249169,key-32,651
1775447249170,key-40,749
1775447249170,key-31,12
1775447249174,key-31,16
1775447249175,key-29,366
1775447249177,key-20,211
1775447249180,key-44,358
1775447249181,key-24,517
1775447249182,key-40,761
1775447249185,key-31,27
1775447249189,key-29,5
1775447249192,key-36,119
1775447249194,key-41,1880
1775447249194,key-32,676
1775447249196,key-27,1136
1775447249199,key-24,535
1775447249201,key-36,128
1775447249203,key-31,45
1775447249204,key-31,46
1775447249204,key-24,540
1775447249206,key-24,542
1775447249206,key-43,717
1775447249207,key-32,689
1775447249210,key-29,26
1775447249210,key-24,546
1775447249212,key-12,12
1775447249215,key-12,15
1775447249216,key-29,32
1775447249216,key-23,351
1775447249216,key-41,1902
1775447249216,key-24,552
1775447249218,key-22,244
1775447249219,key-36,146
1775447249228,key-41,1914
1775447249229,key-25,105
1775447249230,key-5,5
1775447249231,key-32,713
1775447249231,key-31,73
1775447249232,key-12,4
1775447249233,key-24,569
1775447249236,key-24,572
1775447249236,key-12,8
1775447249238,key-23,373
1775447249240,key-10,1733
1775447249241,key-12,13
1775447249241,key-41,1927
1775447249243,key-10,1736
1775447249247,key-12,19
1775447249250,key-32,732
1775447249250,key-37,8
1775447249251,key-24,587
1775447249252,key-24,588
1775447249253,key-41,1939
1775447249257,key-12,8
1775447249258,key-32,740
1775447249260,key-24,596
1775447249263,key-32,745
1775447249264,key-10,1757
1775447249265,key-41,1951
1775447249266,key-40,845
1775447249266,key-37,24
1775447249269,key-37,27
1775447249269,key-31,9
1775447249270,key-41,1956
1775447249270,key-50,1145
1775447249270,key-12,21
1775447249271,key-2,462
1775447249272,key-24,608
1775447249273,key-15,938
1775447249274,key-24,610
1775447249274,key-31,14
1775447249276,key-12,27
1775447249280,key-41,1966
1775447249282,key-41,1968
1775447249284,key-24,620
1775447249284,key-12,35
1775447249286,key-26,494
1775447249288,key-2,479
1775447249291,key-2,482
1775447249292,key-50,1167
1775447249292,key-35,255
1775447249293,key-15,958
1775447249295,key-29,25
1775447249297,key-49,154
1775447249298,key-35,261
1775447249302,key-12,53
1775447249302,key-41,1988
1775447249303,key-17,2450
1775447249304,key-1,319
1775447249304,key-12,55
1775447249309,key-2,500
1775447249310,key-41,1996
1775447249310,key-11,980
1775447249312,key-2,503
1775447249313,key-12,64
1775447249313,key-21,556
1775447249316,key-15,981
1775447249317,key-41,2003
1775447249317,key-15,982
1775447249319,key-2,510
1775447249320,key-35,283
1775447249320,key-48,120
1775447249324,key-47,290
1775447249324,key-45,1367
1775447249331,key-11,1001
1775447249331,key-35,294
1775447249331,key-6,158
1775447249332,key-35,295
1775447249333,key-13,166
1775447249334,key-34,1
1775447249336,key-46,1693
1775447249337,key-13,170
1775447249338,key-21,581
1775447249338,key-34,5
1775447249340,key-48,140
1775447249342,key-2,533
1775447249348,key-13,181
1775447249350,key-35,313
1775447249350,key-45,1393
1775447249351,key-35,314
1775447249351,key-6,178
1775447249352,key-2,543
1775447249353,key-2,544
1775447249353,key-35,316
1775447249353,key-6,180
1775447249356,key-7,19
1775447249359,key-2,550
1775447249361,key-2,552
1775447249361,key-48,161
1775447249361,key-29,91
1775447249362,key-25,238
1775447249369,key-2,560
1775447249370,key-1,385
1775447249371,key-48,171
1775447249371,key-6,198
1775447249372,key-4,23
1775447249372,key-2,563
1775447249373,key-1,388
1775447249374,key-6,201
1775447249374,key-26,582
1775447249375,key-20,3
1775447249376,key-15,17
1775447249376,key-35,339
1775447249377,key-7,40
1775447249380,key-1,395
1775447249382,key-48,182
1775447249383,key-9,641
1775447249383,key-22,409
1775447249384,key-14,266
1775447249384,key-6,211
1775447249388,key-6,215
1775447249389,key-6,216
1775447249390,key-15,31
1775447249390,key-35,353
1775447249394,key-4,45
1775447249394,key-4,45
1775447249394,key-15,35
1775447249396,key-48,196
1775447249397,key-15,38
1775447249397,key-22,423
1775447249397,key-5,172
1775447249397,key-4,48
1775447249398,key-15,39
1775447249398,key-48,198
1775447249399,key-12,150
1775447249400,key-15,41
1775447249401,key-14,283
1775447249401,key-14,283
1775447249401,key-4,52
1775447249406,key-4,57
1775447249407,key-43,918
1775447249408,key-14,290
1775447249408,key-43,919
1775447249409,key-20,37
1775447249411,key-4,62
1775447249413,key-15,54
1775447249416,key-15,57
1775447249417,key-14,299
1775447249422,key-15,63
1775447249423,key-15,64
1775447249423,key-14,305
1775447249423,key-14,305
1775447249423,key-48,223
1775447249424,key-40,1003
1775447249425,key-28,1395
1775447249426,key-48,226
1775447249426,key-48,226
1775447249427,key-20,55
1775447249428,key-34,95
1775447249428,key-14,310
1775447249430,key-14,312
1775447249430,key-48,230
1775447249431,key-48,231
1775447249434,key-48,234
1775447249435,key-15,76
1775447249438,key-6,24
1775447249440,key-40,1019
1775447249441,key-14,323
1775447249443,key-14,325
1775447249444,key-48,244
1775447249444,key-48,244
1775447249446,key-50,1321
1775447249446,key-40,1025
1775447249450,key-15,91
1775447249451,key-19,477
1775447249452,key-48,252
1775447249453,key-14,335
1775447249454,key-14,336
1775447249455,key-14,337
1775447249457,key-48,257
1775447249458,key-14,340
1775447249459,key-15,100
1775447249462,key-19,488
1775447249462,key-15,103
1775447249463,key-35,426
1775447249465,key-2,656
1775447249466,key-29,196
1775447249466,key-14,348
1775447249466,key-14,348
1775447249467,key-48,267
1775447249468,key-19,494
1775447249468,key-30,2123
1775447249468,key-26,676
1775447249471,key-12,18
1775447249472,key-14,354
1775447249472,key-12,19
1775447249472,key-20,100
1775447249473,key-26,681
1775447249473,key-22,499
1775447249474,key-48,274
1775447249476,key-14,3
1775447249476,key-12,23
1775447249476,key-13,309
1775447249477,key-14,4
1775447249478,key-12,25
1775447249481,key-14,8
1775447249481,key-26,689
1775447249484,key-14,11
1775447249485,key-12,32
1775447249487,key-8,1348
1775447249492,key-33,399
1775447249493,key-26,701
1775447249493,key-24,829
1775447249493,key-17,2640
1775447249494,key-13,327
1775447249498,key-19,524
1775447249498,key-12,45
1775447249498,key-13,331
1775447249499,key-12,46
1775447249499,key-26,707
1775447249501,key-8,1362
1775447249503,key-13,336
1775447249503,key-34,42
1775447249507,key-37,265
1775447249508,key-8,1369
1775447249509,key-8,1370
1775447249509,key-12,56
1775447249510,key-13,343
1775447249510,key-50,1385
1775447249511,key-12,58
1775447249512,key-26,720
1775447249512,key-14,39
1775447249512,key-9,770
1775447249513,key-6,99
1775447249513,key-50,1388
1775447249514,key-9,772
1775447249514,key-19,540
1775447249517,key-40,69
1775447249518,key-34,57
1775447249519,key-14,46
1775447249520,key-6,106
1775447249524,key-48,324
1775447249525,key-2,716
1775447249525,key-23,660
1775447249525,key-40,77
1775447249527,key-2,718
1775447249527,key-9,785
1775447249528,key-6,114
1775447249531,key-10,2024
1775447249531,key-48,331
1775447249532,key-19,558
1775447249533,key-40,85
1775447249533,key-2,724
1775447249533,key-35,17
1775447249536,key-3,123
1775447249540,key-40,92
1775447249541,key-16,921
1775447249541,key-6,127
1775447249542,key-34,81
1775447249543,key-34,82
1775447249543,key-19,569
1775447249544,key-2,735
1775447249547,key-48,347
1775447249549,key-34,88
1775447249550,key-48,350
1775447249551,key-35,35
1775447249551,key-16,931
1775447249551,key-22,577
1775447249551,key-34,90
1775447249553,key-13,386
1775447249553,key-2,744
1775447249556,key-16,936
1775447249556,key-22,582
1775447249571,key-34,110
1775447249571,key-43,1082
1775447249572,key-23,707
1775447249573,key-25,180
1775447249574,key-34,113
1775447249574,key-15,215
1775447249574,key-16,954
1775447249574,key-29,304
1775447249575,key-29,305
1775447249575,key-7,238
1775447249575,key-35,59
1775447249575,key-22,601
1775447249575,key-2,766
1775447249575,key-16,955
1775447249577,key-7,240
1775447249578,key-29,308
1775447249580,key-25,187
1775447249580,key-15,221
1775447249584,key-8,1445
1775447249584,key-10,2077
1775447249587,key-10,2080
1775447249588,key-46,15
1775447249589,key-16,969
1775447249589,key-35,73
1775447249593,key-15,234
1775447249594,key-22,620
1775447249595,key-22,621
1775447249597,key-15,238
1775447249598,key-16,978
1775447249603,key-46,11
1775447249604,key-47,570
1775447249604,key-2,795
1775447249604,key-2,795
1775447249605,key-10,2098
1775447249606,key-22,632
1775447249606,key-2,797
1775447249607,key-15,248
1775447249607,key-3,17
1775447249607,key-49,464
1775447249607,key-31,347
1775447249608,key-48,408
1775447249611,key-2,802
1775447249617,key-2,808
1775447249618,key-31,358
1775447249618,key-47,584
1775447249619,key-22,645
1775447249619,key-11,2
1775447249619,key-11,2
1775447249620,key-41,2306
1775447249620,key-15,261
1775447249622,key-3,32
1775447249623,key-5,398
1775447249623,key-2,814
1775447249625,key-31,365
1775447249625,key-2,816
1775447249626,key-15,267
1775447249627,key-11,10
1775447249627,key-24,963
1775447249627,key-48,427
1775447249628,key-48,428
1775447249631,key-32,1113
1775447249632,key-19,658
1775447249632,key-1,647
1775447249633,key-2,824
1775447249633,key-12,180
1775447249633,key-5,408
1775447249635,key-9,893
1775447249635,key-43,1146
1775447249635,key-2,826
1775447249640,key-9,898
1775447249641,key-19,667
1775447249644,key-42,174
1775447249644,key-2,835
1775447249645,key-48,445
1775447249645,key-1,660
1775447249645,key-9,903
1775447249647,key-1,662
1775447249647,key-19,673
1775447249653,key-4,304
1775447249653,key-9,911
1775447249654,key-19,680
1775447249655,key-1,670
1775447249655,key-38,1855
1775447249660,key-9,918
1775447249660,key-1,675
1775447249661,key-1,676
1775447249669,key-19,695
1775447249669,key-9,927
1775447249669,key-9,927
1775447249670,key-9,928
1775447249670,key-12,217
1775447249670,key-13,503
1775447249670,key-9,928
1775447249670,key-1,685
1775447249670,key-19,696
1775447249672,key-9,930
1775447249673,key-9,931
1775447249673,key-1,688
1775447249674,key-1,689
1775447249675,key-9,933
1775447249676,key-1,691
1775447249676,key-19,702
1775447249679,key-36,606
1775447249682,key-9,940
1775447249683,key-9,941
1775447249683,key-9,941
1775447249684,key-9,942
1775447249687,key-1,702
1775447249687,key-1,702
1775447249689,key-9,947
1775447249692,key-11,61
1775447249695,key-1,710
1775447249697,key-16,1077
1775447249698,key-9,956
1775447249698,key-38,1898
1775447249699,key-1,714
1775447249699,key-1,714
1775447249701,key-9,959
1775447249701,key-11,70
1775447249704,key-1,719
1775447249705,key-11,74
1775447249706,key-27,1646
1775447249707,key-9,965
1775447249708,key-23,843
1775447249709,key-1,724
1775447249710,key-9,968
1775447249712,key-11,81
1775447249713,key-9,971
1775447249717,key-11,86
1775447249717,key-35,201
1775447249719,key-1,734
1775447249720,key-40,272
1775447249720,key-1,735
1775447249721,key-7,384
1775447249721,key-37,178
1775447249721,key-9,979
1775447249722,key-48,522
1775447249726,key-35,210
1775447249728,key-31,468
1775447249732,key-11,101
1775447249736,key-33,643
1775447249739,key-11,108
1775447249739,key-40,291
1775447249739,key-22,765
1775447249741,key-11,110
1775447249742,key-27,5
1775447249742,key-47,708
1775447249743,key-18,1219
1775447249746,key-40,298
1775447249746,key-47,712
1775447249753,key-11,122
1775447249754,key-35,238
1775447249755,key-18,1231
1775447249756,key-10,2249
1775447249757,key-44,32
1775447249757,key-31,497
1775447249757,key-31,497
1775447249759,key-43,1270
1775447249759,key-47,725
1775447249759,key-31,499
1775447249766,key-43,1277
1775447249767,key-44,42
1775447249767,key-31,507
1775447249767,key-10,2260
1775447249772,key-44,47
1775447249772,key-31,512
1775447249772,key-18,1248
1775447249773,key-18,1249
1775447249773,key-43,1284
1775447249774,key-24,1110
1775447249775,key-35,259
1775447249776,key-31,516
1775447249782,key-37,239
1775447249786,key-21,1029
1775447249786,key-15,427
1775447249786,key-18,1262
1775447249787,key-18,1263
1775447249788,key-43,1299
1775447249796,key-43,9
1775447249796,key-21,1039
1775447249797,key-32,10
1775447249798,key-31,538
1775447249798,key-49,655
1775447249802,key-43,15
1775447249804,key-24,1140
1775447249805,key-43,18
1775447249805,key-1,820
1775447249808,key-15,449
1775447249808,key-1,823
1775447249810,key-21,1053
1775447249811,key-43,24
1775447249812,key-22,838
1775447249812,key-43,25
1775447249815,key-3,225
1775447249816,key-15,457
1775447249817,key-1,832
1775447249819,key-34,15
1775447249823,key-24,1159
1775447249823,key-1,838
1775447249826,key-43,39
1775447249829,key-31,569
1775447249831,key-8,1692
1775447249834,key-22,8
1775447249835,key-31,575
1775447249835,key-50,1710
1775447249836,key-24,1172
1775447249837,key-1,852
1775447249845,key-38,2045
1775447249846,key-35,20
1775447249846,key-3,256
1775447249847,key-31,587
1775447249854,key-24,1190
1775447249854,key-31,594
1775447249855,key-1,870
1775447249856,key-1,871
1775447249856,key-34,52
1775447249856,key-1,871
1775447249857,key-22,31
1775447249858,key-40,410
1775447249859,key-1,874
1775447249859,key-1,874
1775447249860,key-25,9
1775447249861,key-24,1197
1775447249867,key-24,1203
1775447249869,key-18,38
1775447249870,key-38,2070
1775447249870,key-31,610
1775447249872,key-44,147
1775447249875,key-24,1211
1775447249875,key-36,174
1775447249875,key-24,1211
1775447249875,key-45,1918
1775447249881,key-17,3028
1775447249881,key-31,621
1775447249882,key-46,290
1775447249882,key-21,1125
1775447249883,key-18,52
1775447249883,key-1,898
1775447249885,key-24,1221
1775447249886,key-36,185
1775447249887,key-38,2087
1775447249890,key-38,2090
1775447249892,key-31,632
1775447249894,key-41,20
1775447249894,key-44,169
1775447249894,key-38,2094
1775447249895,key-4,8
1775447249896,key-45,1939
1775447249898,key-31,638
1775447249899,key-4,12
1775447249900,key-17,3047
1775447249901,key-45,1944
1775447249901,key-4,14
1775447249902,key-4,15
1775447249909,key-45,1952
1775447249910,key-41,36
1775447249910,key-1,925
1775447249910,key-38,2110
1775447249910,key-40,462
1775447249912,key-45,1955
1775447249917,key-5,692
1775447249920,key-41,46
1775447249921,key-28,12
1775447249922,key-41,48
1775447249922,key-22,96
1775447249923,key-45,1966
1775447249923,key-4,36
1775447249925,key-45,1968
1775447249925,key-26,1133
1775447249925,key-5,700
1775447249926,key-45,1969
1775447249929,key-45,1972
1775447249934,key-41,60
1775447249936,key-26,1144
1775447249937,key-45,1980
1775447249937,key-4,50
1775447249938,key-40,490
1775447249939,key-15,580
1775447249939,key-28,30
1775447249940,key-45,1983
1775447249941,key-4,54
1775447249942,key-15,583
1775447249943,key-26,1151
1775447249944,key-41,70
1775447249944,key-25,93
1775447249946,key-39,374
1775447249949,key-5,724
1775447249954,key-28,45
1775447249955,key-28,46
1775447249955,key-4,68
1775447249956,key-28,47
1775447249956,key-31,696
1775447249958,key-22,2
1775447249959,key-28,50
1775447249960,key-28,51
1775447249962,key-2,124
1775447249962,key-28,53
1775447249970,key-5,745
1775447249970,key-25,119
1775447249970,key-39,398
1775447249971,key-28,62
1775447249972,key-25,121
1775447249972,key-5,747
1775447249973,key-2,135
1775447249974,key-25,123
1775447249975,key-2,137
1775447249976,key-22,20
1775447249982,key-28,73
1775447249982,key-31,722
1775447249985,key-39,413
1775447249986,key-22,30
1775447249987,key-31,727
1775447249987,key-28,78
1775447249987,key-31,727
1775447249987,key-28,78
1775447249989,key-2,151
1775447249990,key-25,139
1775447249992,key-22,36
1775447249995,key-46,403
1775447249997,key-48,797
1775447249998,key-42,67
1775447250000,key-18,10
1775447250001,key-2,163
1775447250001,key-28,92
1775447250002,key-22,46
1775447250002,key-42,71
1775447250002,key-18,12
1775447250004,key-25,153
1775447250004,key-28,95
1775447250005,key-50,1880
1775447250006,key-2,168
1775447250006,key-13,839
1775447250007,key-32,220
1775447250012,key-16,16
1775447250012,key-35,186
1775447250015,key-25,164
1775447250020,key-22,64
1775447250020,key-16,24
1775447250021,key-46,429
1775447250021,key-16,25
1775447250021,key-18,31
1775447250021,key-30,284
1775447250028,key-35,202
1775447250031,key-25,180
1775447250032,key-25,181
1775447250034,key-18,44
1775447250034,key-28,125
1775447250035,key-49,892
1775447250041,key-16,45
1775447250041,key-5,816
1775447250042,key-28,133
1775447250043,key-32,29
1775447250043,key-22,87
1775447250045,key-49,902
1775447250048,key-13,881
1775447250048,key-18,58
1775447250050,key-49,907
1775447250051,key-22,95
1775447250051,key-18,61
1775447250053,key-5,828
1775447250053,key-35,227
1775447250053,key-28,144
1775447250054,key-28,145
1775447250054,key-22,98
1775447250056,key-5,831
1775447250056,key-45,2099
1775447250058,key-29,788
1775447250059,key-49,916
1775447250061,key-32,47
1775447250062,key-45,2105
1775447250062,key-49,919
1775447250064,key-38,2264
1775447250065,key-29,795
1775447250066,key-45,2109
1775447250067,key-5,842
1775447250070,key-49,927
1775447250070,key-8,144
1775447250075,key-31,815
1775447250076,key-5,851
1775447250077,key-28,168
1775447250080,key-29,810
1775447250080,key-46,488
1775447250081,key-25,5
1775447250084,key-25,8
1775447250084,key-49,941
1775447250087,key-34,283
1775447250087,key-49,944
1775447250088,key-40,640
1775447250093,key-8,167
1775447250093,key-15,734
1775447250094,key-32,80
1775447250094,key-37,551
1775447250094,key-38,2294
1775447250095,key-28,186
1775447250096,key-49,953
1775447250098,key-14,4
1775447250098,key-8,172
1775447250099,key-29,829
1775447250101,key-46,509
1775447250102,key-6,67
1775447250103,key-18,113
1775447250104,key-49,961
1775447250104,key-34,300
1775447250107,key-14,13
1775447250109,key-1,10
1775447250110,key-14,16
1775447250112,key-1,13
1775447250114,key-37,571
1775447250118,key-6,83
1775447250118,key-34,314
1775447250120,key-34,316
1775447250120,key-49,977
1775447250121,key-42,190
1775447250121,key-40,673
1775447250122,key-8,196
1775447250125,key-40,677
1775447250125,key-1,26
1775447250126,key-48,926
1775447250126,key-3,50
1775447250126,key-21,1369
1775447250128,key-30,391
1775447250130,key-8,204
1775447250130,key-1,31
1775447250131,key-8,205
1775447250132,key-40,684
1775447250133,key-16,137
1775447250134,key-31,874
1775447250135,key-30,398
1775447250138,key-30,401
1775447250139,key-37,6
1775447250142,key-30,405
1775447250143,key-3,67
1775447250147,key-37,14
1775447250148,key-31,888
1775447250148,key-3,72
1775447250148,key-1,49
1775447250149,key-23,1284
1775447250150,key-31,890
1775447250150,key-31,890
1775447250150,key-1,51
1775447250151,key-15,792
1775447250157,key-31,897
1775447250159,key-23,1294
1775447250160,key-46,568
1775447250161,key-3,85
1775447250162,key-32,148
1775447250166,key-31,906
1775447250166,key-31,906
1775447250169,key-23,1304
1775447250169,key-3,93
1775447250169,key-12,232
1775447250171,key-23,1306
1775447250171,key-37,38
1775447250173,key-3,97
1775447250175,key-23,1310
1775447250175,key-18,185
1775447250176,key-1,77
1775447250178,key-23,1313
1775447250179,key-31,919
1775447250180,key-3,104
1775447250181,key-3,105
1775447250182,key-3,106
1775447250184,key-33,1091
1775447250188,key-3,112
1775447250189,key-42,258
1775447250190,key-23,1325
1775447250191,key-23,1326
1775447250191,key-19,89
1775447250191,key-31,931
1775447250194,key-31,934
1775447250194,key-28,285
1775447250195,key-6,160
1775447250195,key-31,935
1775447250198,key-31,938
1775447250200,key-6,165
1775447250201,key-6,166
1775447250202,key-6,167
1775447250202,key-23,1337
1775447250204,key-23,1339
1775447250204,key-23,1339
1775447250207,key-31,947
1775447250208,key-28,299
1775447250209,key-3,133
1775447250212,key-48,15
1775447250213,key-48,16
1775447250215,key-23,1350
1775447250217,key-28,308
1775447250218,key-13,1051
1775447250219,key-14,125
1775447250219,key-28,310
1775447250219,key-48,22
1775447250221,key-6,186
1775447250221,key-49,10
1775447250221,key-28,312
1775447250222,key-6,187
1775447250225,key-13,1058
1775447250229,key-13,1062
1775447250230,key-28,321
1775447250230,key-28,321
1775447250230,key-6,195
1775447250231,key-21,43
1775447250232,key-49,21
1775447250233,key-28,324
1775447250234,key-48,37
1775447250234,key-43,447
1775447250236,key-3,160
1775447250242,key-21,54
1775447250243,key-13,1076
1775447250243,key-14,149
1775447250253,key-9,1511
1775447250254,key-3,178
1775447250254,key-6,219
1775447250254,key-28,345
1775447250254,key-13,1087
1775447250256,key-41,382
1775447250258,key-49,47
1775447250259,key-28,350
1775447250263,key-23,1398
1775447250263,key-21,75
1775447250264,key-49,53
1775447250264,key-37,131
1775447250264,key-49,53
1775447250265,key-28,356
1775447250265,key-3,189
1775447250266,key-44,541
1775447250266,key-13,1099
1775447250271,key-29,1001
1775447250272,key-49,61
1775447250277,key-37,144
1775447250279,key-22,4
1775447250280,key-24,1616
1775447250281,key-3,205
1775447250283,key-18,293
1775447250285,key-21,97
1775447250288,key-3,212
1775447250291,key-44,566
1775447250291,key-44,566
1775447250291,key-3,215
1775447250292,key-37,159
1775447250295,key-17,20
1775447250299,key-18,309
1775447250300,key-45,2343
1775447250301,key-22,26
1775447250302,key-18,312
1775447250305,key-22,30
1775447250306,key-14,212
1775447250306,key-30,569
1775447250308,key-44,583
1775447250309,key-18,319
1775447250309,key-17,34
1775447250309,key-3,233
1775447250309,key-22,34
1775447250311,key-37,178
1775447250311,key-44,586
1775447250312,key-29,1042
1775447250313,key-12,376
1775447250313,key-3,237
1775447250314,key-29,1044
1775447250316,key-12,379
1775447250320,key-14,226
1775447250320,key-3,244
1775447250320,key-44,595
1775447250322,key-18,332
1775447250323,key-17,48
1775447250333,key-30,596
1775447250333,key-38,2533
1775447250334,key-17,59
1775447250335,key-12,398
1775447250335,key-11,530
1775447250335,key-17,60
1775447250335,key-29,1065
1775447250338,key-17,63
1775447250339,key-12,402
1775447250340,key-16,344
1775447250342,key-18,352
1775447250343,key-47,49
1775447250344,key-36,170
1775447250347,key-44,622
1775447250347,key-12,410
1775447250348,key-42,417
1775447250348,key-25,272
1775447250348,key-17,73
1775447250350,key-42,419
1775447250350,key-8,14
1775447250350,key-12,413
1775447250352,key-12,415
1775447250352,key-11,547
1775447250352,key-12,415
1775447250353,key-12,416
1775447250354,key-42,423
1775447250355,key-36,181
1775447250357,key-12,420
1775447250359,key-17,84
1775447250359,key-12,422
1775447250359,key-33,1266
1775447250360,key-11,555
1775447250363,key-45,64
1775447250364,key-25,288
1775447250365,key-36,191
1775447250366,key-36,192
1775447250366,key-17,91
1775447250367,key-33,1274
1775447250372,key-28,463
1775447250373,key-29,1103
1775447250373,key-36,199
1775447250373,key-12,436
1775447250377,key-36,203
1775447250378,key-36,204
1775447250378,key-45,79
1775447250379,key-26,232
1775447250380,key-45,81
1775447250381,key-34,577
1775447250381,key-36,207
1775447250383,key-12,446
1775447250386,key-29,1116
1775447250386,key-34,582
1775447250386,key-26,239
1775447250389,key-45,90
1775447250390,key-42,14
1775447250390,key-44,665
1775447250391,key-42,15
1775447250391,key-17,116
1775447250392,key-36,218
1775447250394,key-6,359
1775447250394,key-43,607
1775447250395,key-42,19
1775447250395,key-42,19
1775447250397,key-45,98
1775447250398,key-14,304
1775447250400,key-42,24
1775447250401,key-5,1176
1775447250401,key-45,102
1775447250402,key-43,615
1775447250409,key-45,110
1775447250409,key-44,684
1775447250419,key-42,43
1775447250419,key-45,120
1775447250420,key-45,121
1775447250420,key-45,121
1775447250420,key-6,385
1775447250421,key-42,45
1775447250422,key-44,697
1775447250422,key-6,387
1775447250422,key-5,1197
1775447250423,key-45,124
1775447250425,key-41,551
1775447250426,key-45,127
1775447250427,key-47,133
1775447250427,key-5,1202
1775447250433,key-45,134
1775447250433,key-45,134
1775447250434,key-45,135
1775447250436,key-45,137
1775447250439,key-45,140
1775447250439,key-41,565
1775447250440,key-15,1081
1775447250441,key-45,142
1775447250441,key-12,504
1775447250441,key-5,1216
1775447250441,key-47,147
1775447250441,key-45,142
1775447250444,key-41,570
1775447250446,key-47,152
1775447250448,key-6,413
1775447250452,key-45,153
1775447250454,key-47,160
1775447250455,key-3,379
1775447250459,key-5,1234
1775447250460,key-41,586
1775447250460,key-45,161
1775447250461,key-37,328
1775447250462,key-46,870
1775447250464,key-6,429
1775447250464,key-46,872
1775447250474,key-12,537
1775447250474,key-47,180
1775447250476,key-6,441
1775447250476,key-3,400
1775447250477,key-10,2970
1775447250478,key-41,604
1775447250480,key-35,181
1775447250481,key-49,270
1775447250485,key-24,1821
1775447250486,key-49,275
1775447250488,key-46,896
1775447250488,key-44,763
1775447250489,key-6,454
1775447250493,key-46,901
1775447250507,key-46,915
1775447250507,key-8,171
1775447250507,key-46,915
1775447250508,key-37,375
1775447250510,key-46,918
1775447250510,key-46,918
1775447250510,key-46,918
1775447250511,key-37,378
1775447250514,key-46,922
1775447250514,key-46,922
1775447250516,key-2,678
1775447250518,key-46,926
1775447250522,key-37,389
1775447250523,key-46,931
1775447250539,key-37,406
1775447250539,key-46,947
1775447250540,key-37,407
1775447250540,key-46,948
1775447250540,key-35,241
1775447250540,key-46,948
1775447250540,key-46,948
1775447250541,key-46,949
1775447250547,key-46,955
1775447250552,key-26,405
1775447250553,key-37,420
1775447250556,key-17,281
1775447250560,key-46,968
1775447250560,key-46,968
1775447250561,key-46,969
1775447250562,key-46,970
1775447250566,key-23,1701
1775447250566,key-27,829
1775447250569,key-46,977
1775447250571,key-46,979
1775447250572,key-37,439
1775447250575,key-46,983
1775447250577,key-46,985
1775447250578,key-37,445
1775447250579,key-46,987
1775447250579,key-46,987
1775447250580,key-46,988
1775447250582,key-37,449
1775447250585,key-2,747
1775447250585,key-38,15
1775447250585,key-25,509
1775447250586,key-5,21
1775447250587,key-17,312
1775447250587,key-46,995
1775447250594,key-32,580
1775447250594,key-37,461
1775447250594,key-46,1002
1775447250595,key-30,858
1775447250595,key-46,1003
1775447250603,key-37,470
1775447250604,key-46,1012
1775447250604,key-17,329
1775447250616,key-34,812
1775447250616,key-44,891
1775447250617,key-25,541
1775447250617,key-15,1258
1775447250617,key-25,541
1775447250617,key-37,484
1775447250618,key-37,485
1775447250618,key-25,542
1775447250624,key-8,288
1775447250625,key-6,24
1775447250627,key-30,890
1775447250629,key-45,85
1775447250630,key-17,355
1775447250630,key-48,331
1775447250630,key-2,792
1775447250632,key-45,88
1775447250633,key-48,334
1775447250633,key-49,422
1775447250638,key-48,339
1775447250639,key-34,835
1775447250642,key-5,77
1775447250643,key-48,344
1775447250643,key-48,344
1775447250645,key-48,346
1775447250662,key-48,363
1775447250662,key-48,363
1775447250663,key-37,530
1775447250663,key-25,587
1775447250663,key-19,561
1775447250663,key-5,98
1775447250664,key-6,63
1775447250665,key-19,563
1775447250673,key-40,1225
1775447250674,key-19,572
1775447250676,key-48,377
1775447250676,key-19,574
1775447250676,key-16,680
1775447250677,key-48,378
1775447250677,key-48,378
1775447250678,key-19,576
1775447250678,key-16,682
1775447250680,key-48,381
1775447250685,key-22,410
1775447250690,key-47,396
1775447250690,key-48,391
1775447250691,key-47,397
1775447250691,key-48,392
1775447250692,key-40,1244
1775447250693,key-5,128
1775447250694,key-19,592
1775447250694,key-26,547
1775447250696,key-19,594
1775447250696,key-48,397
1775447250697,key-48,398
1775447250697,key-40,1249
1775447250701,key-19,599
1775447250703,key-48,404
1775447250704,key-48,405
1775447250709,key-48,410
1775447250711,key-33,1618
1775447250712,key-16,716
1775447250715,key-20,55
1775447250716,key-19,614
1775447250716,key-19,614
1775447250720,key-15,1361
1775447250725,key-40,1277
1775447250730,key-40,1282
1775447250733,key-48,434
1775447250735,key-48,436
1775447250738,key-5,173
1775447250738,key-15,1379
1775447250739,key-33,1646
1775447250741,key-43,954
1775447250747,key-19,645
1775447250747,key-20,87
1775447250748,key-48,449
1775447250751,key-40,1303
1775447250752,key-15,1393
1775447250752,key-33,1659
1775447250756,key-5,191
1775447250756,key-5,191
1775447250756,key-33,1663
1775447250760,key-5,195
1775447250760,key-5,195
1775447250767,key-50,14
1775447250772,key-10,3265
1775447250772,key-33,1679
1775447250773,key-10,3266
1775447250777,key-10,3270
1775447250778,key-19,676
1775447250780,key-41,41
1775447250781,key-39,28
1775447250781,key-5,216
1775447250788,key-10,3281
1775447250788,key-25,712
1775447250788,key-33,1695
1775447250789,key-10,3282
1775447250795,key-10,3288
1775447250797,key-5,232
1775447250799,key-10,3292
1775447250800,key-10,3293
1775447250801,key-19,699
1775447250801,key-50,48
1775447250801,key-5,236
1775447250803,key-50,50
1775447250804,key-46,51
1775447250808,key-44,20
1775447250811,key-26,7
1775447250817,key-10,3310
1775447250817,key-10,3310
1775447250817,key-10,3310
1775447250818,key-4,2
1775447250820,key-46,67
1775447250821,key-19,719
1775447250821,key-10,3314
1775447250822,key-4,6
1775447250822,key-10,3315
1775447250826,key-50,73
1775447250827,key-6,1
1775447250828,key-17,553
1775447250829,key-23,1964
1775447250831,key-4,15
1775447250831,key-10,3324
1775447250831,key-46,78
1775447250833,key-4,17
1775447250833,key-50,80
1775447250834,key-10,3327
1775447250837,key-44,49
1775447250841,key-50,88
1775447250842,key-10,3335
1775447250842,key-6,16
1775447250843,key-10,3336
1775447250843,key-50,90
1775447250847,key-6,21
1775447250847,key-10,3340
1775447250848,key-45,304
1775447250850,key-5,285
1775447250850,key-35,4
1775447250851,key-10,3344
1775447250852,key-11,1047
1775447250852,key-10,3345
1775447250853,key-10,3346
1775447250855,key-12,918
1775447250860,key-35,14
1775447250862,key-10,3355
1775447250863,key-15,1504
1775447250864,key-46,111
1775447250864,key-35,18
1775447250864,key-15,1505
1775447250866,key-10,3359
1775447250867,key-10,3359
1775447250868,key-10,3361
1775447250868,key-35,22
1775447250869,key-10,3362
1775447250871,key-32,857
1775447250871,key-45,327
1775447250872,key-11,1067
1775447250875,key-11,1070
1775447250875,key-25,59
1775447250879,key-10,3372
1775447250879,key-26,75
1775447250881,key-12,944
1775447250883,key-1,79
1775447250883,key-35,37
1775447250885,key-10,3378
1775447250886,key-45,342
1775447250887,key-11,1082
1775447250888,key-2,1050
1775447250888,key-45,344
1775447250893,key-26,89
1775447250894,key-10,3387
1775447250898,key-48,599
1775447250898,key-10,3391
1775447250899,key-10,3392
1775447250901,key-10,3394
1775447250902,key-21,714
1775447250905,key-28,996
1775447250908,key-20,13
1775447250908,key-1,104
1775447250908,key-3,281
1775447250911,key-30,1174
1775447250917,key-21,729
1775447250917,key-35,71
1775447250918,key-45,374
1775447250918,key-12,981
1775447250919,key-20,24
1775447250919,key-26,115
1775447250920,key-13,140
1775447250921,key-21,733
1775447250923,key-13,143
1775447250924,key-3,297
1775447250925,key-12,988
1775447250927,key-35,81
1775447250929,key-5,364
1775447250929,key-35,83
1775447250933,key-1,129
1775447250933,key-4,117
1775447250935,key-26,131
1775447250936,key-28,7
1775447250937,key-13,157
1775447250938,key-26,134
1775447250939,key-1,135
1775447250941,key-17,666
1775447250942,key-32,24
1775447250944,key-40,1496
1775447250944,key-4,128
1775447250945,key-26,141
1775447250950,key-26,146
1775447250951,key-42,575
1775447250951,key-20,56
1775447250954,key-28,25
1775447250954,key-32,36
1775447250960,key-1,156
1775447250961,key-26,157
1775447250962,key-40,1514
1775447250964,key-6,138
1775447250964,key-4,148
1775447250965,key-17,690
1775447250966,key-32,48
1775447250966,key-4,150
1775447250969,key-32,51
1775447250970,key-28,41
1775447250970,key-4,154
1775447250975,key-42,599
1775447250977,key-4,161
1775447250977,key-20,82
1775447250978,key-28,49
1775447250982,key-4,166
1775447250982,key-27,18
1775447250983,key-44,195
1775447250983,key-33,6
1775447250990,key-17,715
1775447250990,key-27,26
1775447250991,key-4,175
1775447250991,key-33,14
1775447250996,key-44,208
1775447250996,key-25,180
1775447250996,key-4,180
1775447250999,key-33,22
1775447251001,key-4,185
1775447251002,key-4,186
1775447251003,key-4,187
1775447251003,key-17,728
1775447251004,key-4,188
1775447251015,key-27,51
1775447251016,key-20,121
1775447251016,key-27,52
1775447251016,key-20,121
1775447251019,key-33,42
1775447251019,key-27,55
1775447251021,key-27,57
1775447251021,key-9,722
1775447251022,key-4,206
1775447251023,key-20,128
1775447251025,key-4,209
1775447251026,key-20,131
1775447251027,key-20,132
1775447251027,key-20,132
1775447251030,key-27,66
1775447251033,key-20,138
1775447251037,key-1,233
1775447251038,key-4,222
1775447251038,key-20,143
1775447251040,key-27,76
1775447251040,key-27,76
1775447251041,key-15,5
1775447251042,key-36,868
1775447251043,key-20,148
1775447251045,key-36,871
1775447251052,key-20,157
1775447251052,key-36,878
1775447251052,key-36,878
1775447251052,key-29,27
1775447251053,key-45,509
1775447251059,key-36,885
1775447251060,key-36,886
1775447251062,key-15,26
1775447251063,key-36,889
1775447251064,key-36,890
1775447251065,key-36,891
1775447251066,key-39,313
1775447251067,key-27,103
1775447251070,key-20,175
1775447251070,key-36,896
1775447251071,key-29,46
1775447251072,key-20,177
1775447251074,key-36,900
1775447251074,key-15,38
1775447251077,key-36,903
1775447251080,key-36,906
1775447251088,key-36,914
1775447251088,key-42,11
1775447251098,key-39,345
1775447251098,key-36,924
1775447251101,key-3,474
1775447251107,key-3,480
1775447251107,key-36,933
1775447251108,key-20,213
1775447251108,key-15,72
1775447251108,key-47,814
1775447251108,key-50,355
1775447251109,key-36,935
1775447251110,key-39,357
1775447251114,key-36,940
1775447251114,key-41,375
1775447251121,key-42,44
1775447251121,key-36,947
1775447251122,key-41,383
1775447251123,key-13,118
1775447251125,key-41,386
1775447251126,key-15,90
1775447251128,key-42,51
1775447251132,key-39,379
1775447251133,key-47,839
1775447251133,key-44,6
1775447251138,key-13,133
1775447251138,key-36,964
1775447251145,key-39,392
1775447251148,key-39,395
1775447251148,key-42,71
1775447251151,key-41,412
1775447251152,key-42,75
1775447251156,key-42,79
1775447251158,key-41,419
1775447251158,key-39,405
1775447251160,key-42,83
1775447251164,key-39,411
1775447251164,key-13,159
1775447251165,key-5,15
1775447251169,key-13,164
1775447251171,key-13,166
1775447251172,key-42,95
1775447251179,key-44,52
1775447251179,key-5,29
1775447251179,key-42,102
1775447251181,key-5,31
1775447251181,key-5,31
1775447251182,key-42,105
1775447251182,key-8,14
1775447251182,key-29,157
1775447251183,key-19,1081
1775447251184,key-5,34
1775447251184,key-13,179
1775447251190,key-29,165
1775447251190,key-8,22
1775447251197,key-42,120
1775447251197,key-20,302
1775447251198,key-42,121
1775447251200,key-5,50
1775447251202,key-31,135
1775447251204,key-8,36
1775447251204,key-42,127
1775447251205,key-42,128
1775447251207,key-42,130
1775447251208,key-29,183
1775447251210,key-38,640
1775447251210,key-50,457
1775447251210,key-42,133
1775447251213,key-33,236
1775447251219,key-36,1045
1775447251222,key-24,287
1775447251223,key-30,1486
1775447251224,key-36,1050
1775447251224,key-12,1287
1775447251226,key-22,34
1775447251227,key-22,35
1775447251231,key-44,104
1775447251231,key-42,154
1775447251231,key-5,81
1775447251231,key-23,2366
1775447251233,key-35,387
1775447251235,key-44,108
1775447251235,key-29,210
1775447251238,key-33,261
1775447251239,key-29,214
1775447251242,key-12,1305
1775447251249,key-29,224
1775447251250,key-23,2385
1775447251251,key-8,83
1775447251256,key-45,149
1775447251257,key-35,411
1775447251257,key-22,18
1775447251259,key-4,3
1775447251260,key-10,153
1775447251261,key-4,5
1775447251262,key-9,963
1775447251262,key-4,6
1775447251269,key-37,1136
1775447251271,key-47,16
1775447251275,key-15,239
1775447251275,key-38,705
1775447251275,key-47,20
1775447251275,key-35,429
1775447251278,key-15,242
1775447251278,key-35,432
1775447251282,key-4,26
1775447251282,key-4,26
1775447251282,key-27,318
1775447251283,key-4,27
1775447251284,key-4,28
1775447251291,key-12,1354
1775447251291,key-31,224
1775447251291,key-35,445
1775447251295,key-35,449
1775447251296,key-42,219
1775447251298,key-4,6
1775447251299,key-4,7
1775447251300,key-27,336
1775447251302,key-42,225
1775447251311,key-27,347
1775447251311,key-35,465
1775447251311,key-42,234
1775447251311,key-47,56
1775447251312,key-4,20
1775447251314,key-27,350
1775447251315,key-42,238
1775447251315,key-35,469
1775447251316,key-4,24
1775447251318,key-42,241
1775447251319,key-45,212
1775447251326,key-38,756
1775447251326,key-35,480
1775447251326,key-38,756
1775447251326,key-45,219
1775447251329,key-35,483
1775447251330,key-42,253
1775447251338,key-12,12
1775447251339,key-42,262
1775447251340,key-38,770
1775447251340,key-11,1535
1775447251341,key-48,1042
1775447251342,key-12,16
1775447251343,key-45,236
1775447251344,key-35,498
1775447251344,key-9,1045
1775447251350,key-7,713
1775447251359,key-21,39
1775447251362,key-12,36
1775447251363,key-12,37
1775447251363,key-35,517
1775447251364,key-37,1231
1775447251364,key-42,287
1775447251366,key-36,1192
1775447251367,key-12,41
1775447251367,key-42,290
1775447251371,key-12,45
1775447251371,key-35,525
1775447251380,key-32,9
1775447251380,key-21,60
1775447251382,key-26,578
1775447251385,key-42,308
1775447251385,key-32,14
1775447251385,key-12,59
1775447251386,key-36,1212
1775447251386,key-7,749
1775447251387,key-35,541
1775447251388,key-36,1214
1775447251390,key-4,98
1775447251399,key-35,553
1775447251399,key-7,762
1775447251399,key-26,595
1775447251400,key-32,29
1775447251400,key-16,1404
1775447251400,key-32,29
1775447251401,key-32,30
1775447251401,key-21,81
1775447251409,key-40,1961
1775447251409,key-32,38
1775447251410,key-26,606
1775447251416,key-32,45
1775447251417,key-32,46
1775447251417,key-10,310
1775447251419,key-1,615
1775447251422,key-28,34
1775447251423,key-1,619
1775447251423,key-1,619
1775447251424,key-35,578
1775447251425,key-26,621
1775447251426,key-7,789
1775447251429,key-1,625
1775447251434,key-32,63
1775447251435,key-35,589
1775447251436,key-10,329
1775447251437,key-26,633
1775447251438,key-40,1990
1775447251441,key-32,70
1775447251442,key-12,116
1775447251445,key-40,1997
1775447251445,key-32,74
1775447251449,key-25,282
1775447251449,key-26,645
1775447251450,key-12,124
1775447251450,key-40,2002
1775447251451,key-32,80
1775447251451,key-12,125
1775447251455,key-5,7
1775447251455,key-43,1668
1775447251459,key-32,88
1775447251460,key-5,12
1775447251463,key-5,15
1775447251463,key-43,1676
1775447251471,key-5,6
1775447251473,key-44,7
1775447251473,key-43,1686
1775447251483,key-22,12
1775447251484,key-25,317
1775447251485,key-8,317
1775447251486,key-43,1699
1775447251486,key-43,1699
1775447251486,key-35,640
1775447251487,key-15,451
1775447251488,key-34,81
1775447251488,key-40,2040
1775447251488,key-5,23
1775447251488,key-14,519
1775447251489,key-37,110
1775447251498,key-49,10
1775447251501,key-21,181
1775447251502,key-40,2054
1775447251504,key-40,2056
1775447251504,key-40,2056
1775447251505,key-22,34
1775447251506,key-32,135
1775447251507,key-14,538
1775447251509,key-49,21
1775447251509,key-8,341
1775447251509,key-28,121
1775447251511,key-29,27
1775447251512,key-32,141
1775447251516,key-42,439
1775447251516,key-5,51
1775447251521,key-49,33
1775447251522,key-19,1420
1775447251523,key-42,446
1775447251526,key-48,21
1775447251526,key-14,557
1775447251527,key-42,450
1775447251530,key-19,1428
1775447251530,key-14,561
1775447251534,key-14,565
1775447251535,key-28,147
1775447251535,key-34,128
1775447251537,key-14,568
1775447251543,key-28,155
1775447251544,key-3,917
1775447251548,key-34,141
1775447251549,key-14,580
1775447251550,key-28,162
1775447251554,key-14,585
1775447251555,key-14,586
1775447251557,key-34,150
1775447251557,key-38,987
1775447251563,key-42,486
1775447251563,key-19,1461
1775447251566,key-34,159
1775447251568,key-14,599
1775447251568,key-28,180
1775447251569,key-34,162
1775447251570,key-34,163
1775447251571,key-14,602
1775447251572,key-19,1470
1775447251578,key-34,171
1775447251578,key-34,171
1775447251581,key-36,1407
1775447251581,key-34,174
1775447251582,key-14,613
1775447251583,key-46,3
1775447251584,key-23,2719
1775447251585,key-37,206
1775447251586,key-28,198
1775447251587,key-36,1413
1775447251596,key-29,112
1775447251599,key-27,635
1775447251599,key-37,220
1775447251601,key-33,324
1775447251602,key-37,223
1775447251608,key-27,644
1775447251608,key-26,14
1775447251616,key-34,209
1775447251616,key-2,1778
1775447251617,key-46,37
1775447251617,key-23,2752
1775447251617,key-46,37
1775447251617,key-34,210
1775447251619,key-24,684
1775447251620,key-27,656
1775447251622,key-28,234
1775447251623,key-27,659
1775447251625,key-37,246
1775447251628,key-14,659
1775447251631,key-2,1793
1775447251633,key-45,526
1775447251637,key-27,673
1775447251639,key-14,670
1775447251640,key-48,135
1775447251640,key-46,60
1775447251642,key-14,673
1775447251644,key-34,237
1775447251644,key-14,675
1775447251648,key-23,2783
1775447251650,key-27,686
1775447251650,key-48,145
1775447251651,key-27,687
1775447251656,key-38,1086
1775447251656,key-14,687
1775447251657,key-48,152
1775447251662,key-34,255
1775447251664,key-27,700
1775447251666,key-27,702
1775447251667,key-27,703
1775447251668,key-45,561
1775447251670,key-26,76
1775447251672,key-46,92
1775447251673,key-2,6
1775447251678,key-19,10
1775447251679,key-38,1109
1775447251684,key-19,16
1775447251684,key-19,16
1775447251685,key-22,214
1775447251685,key-46,105
1775447251685,key-27,721
1775447251686,key-16,1690
1775447251688,key-38,1118
1775447251690,key-9,4
1775447251690,key-19,22
1775447251692,key-46,112
1775447251695,key-2,28
1775447251697,key-22,14
1775447251699,key-19,31
1775447251700,key-5,235
1775447251701,key-7,1064
1775447251701,key-19,33
1775447251702,key-19,34
1775447251704,key-19,36
1775447251705,key-19,37
1775447251706,key-9,20
1775447251707,key-5,242
1775447251709,key-27,745
1775447251710,key-16,1714
1775447251711,key-27,747
1775447251715,key-38,1145
1775447251717,key-19,49
1775447251717,key-9,31
1775447251720,key-9,34
1775447251720,key-7,1083
1775447251723,key-7,1086
1775447251724,key-7,1087
1775447251725,key-9,39
1775447251733,key-7,1096
1775447251734,key-9,48
1775447251734,key-16,1738
1775447251736,key-20,841
1775447251737,key-22,54
1775447251737,key-9,51
1775447251738,key-33,461
1775447251739,key-9,53
1775447251739,key-9,53
1775447251745,key-22,62
1775447251750,key-11,1945
1775447251750,key-19,82
1775447251751,key-50,998
1775447251753,key-9,67
1775447251753,key-19,85
1775447251756,key-50,1003
1775447251756,key-24,821
1775447251758,key-11,1953
1775447251767,key-9,81
1775447251768,key-19,100
1775447251769,key-22,86
1775447251769,key-19,101
1775447251770,key-24,835
1775447251771,key-7,1134
1775447251771,key-24,836
1775447251771,key-15,735
1775447251781,key-44,215
1775447251781,key-30,120
1775447251788,key-22,105
1775447251789,key-47,534
1775447251789,key-44,223
1775447251791,key-19,123
1775447251791,key-7,1154
1775447251792,key-19,124
1775447251794,key-7,1157
1775447251802,key-9,116
1775447251805,key-5,38
1775447251805,key-9,119
1775447251806,key-20,911
1775447251809,key-7,1172
1775447251810,key-4,171
1775447251811,key-50,1058
1775447251812,key-20,917
1775447251818,key-7,1181
1775447251824,key-6,998
1775447251830,key-33,553
1775447251833,key-48,328
1775447251834,key-7,1197
1775447251836,key-20,941
1775447251836,key-9,150
1775447251843,key-25,268
1775447251847,key-6,1021
1775447251848,key-20,953
1775447251850,key-7,1213
1775447251856,key-5,89
1775447251856,key-50,1103
1775447251857,key-9,171
1775447251861,key-32,490
1775447251864,key-45,757
1775447251868,key-5,101
1775447251868,key-50,1115
1775447251869,key-32,498
1775447251872,key-48,367
1775447251875,key-22,7
1775447251876,key-22,8
1775447251876,key-25,301
1775447251878,key-41,1139
1775447251881,key-46,301
1775447251884,key-30,223
1775447251887,key-46,307
1775447251888,key-50,1135
1775447251889,key-16,21
1775447251890,key-45,783
1775447251893,key-30,232
1775447251895,key-22,27
1775447251896,key-26,26
1775447251901,key-22,33
1775447251902,key-41,1163
1775447251908,key-31,841
1775447251909,key-41,1170
1775447251910,key-50,1157
1775447251912,key-30,251
1775447251912,key-44,346
1775447251914,key-50,1161
1775447251921,key-41,1182
1775447251927,key-46,347
1775447251928,key-36,18
1775447251928,key-41,1189
1775447251930,key-46,350
1775447251930,key-30,269
1775447251932,key-8,764
1775447251933,key-46,353
1775447251940,key-50,1187
1775447251944,key-22,76
1775447251948,key-46,368
1775447251949,key-46,369
1775447251951,key-50,1198
1775447251952,key-46,372
1775447251953,key-10,846
1775447251954,key-50,1201
1775447251955,key-50,1202
1775447251958,key-50,1205
1775447251960,key-36,50
1775447251967,key-48,462
1775447251976,key-36,66
1775447251990,key-46,410
1775447251998,key-50,1245
1775447252028,key-23,279
1775447252028,key-14,196
1775447252035,key-29,78
1775447252036,key-22,168
1775447252036,key-2,369
1775447252037,key-50,1284
1775447252037,key-29,80
1775447252037,key-50,1284
1775447252038,key-17,1763
1775447252038,key-29,81
1775447252039,key-46,459
1775447252039,key-14,207
1775447252039,key-50,1286
1775447252039,key-50,1286
1775447252039,key-46,459
1775447252043,key-46,463
1775447252055,key-26,185
1775447252056,key-50,1303
1775447252057,key-46,477
1775447252058,key-2,391
1775447252062,key-26,192
1775447252062,key-46,482
1775447252064,key-29,107
1775447252065,key-11,2260
1775447252066,key-17,4
1775447252071,key-26,9
1775447252076,key-50,1323
1775447252079,key-18,395
1775447252084,key-11,2279
1775447252084,key-40,2636
1775447252085,key-23,336
1775447252088,key-26,16
1775447252088,key-23,339
1775447252088,key-29,26
1775447252088,key-50,1335
1775447252089,key-40,2641
1775447252091,key-40,2643
1775447252092,key-8,118
1775447252098,key-26,26
1775447252098,key-29,36
1775447252101,key-26,29
1775447252101,key-11,2296
1775447252103,key-40,2655
1775447252108,key-10,1001
1775447252108,key-26,36
1775447252109,key-19,441
1775447252110,key-40,2662
1775447252110,key-20,1215
1775447252111,key-36,201
1775447252114,key-23,365
1775447252139,key-29,77
1775447252141,key-44,575
1775447252141,key-10,1034
1775447252141,key-45,1034
1775447252142,key-19,474
1775447252142,key-19,474
1775447252143,key-13,433
1775447252143,key-26,71
1775447252144,key-5,377
1775447252144,key-10,1037
1775447252144,key-1,49
1775447252144,key-40,2696
1775447252147,key-40,2699
1775447252148,key-23,399
1775447252150,key-44,584
1775447252155,key-20,1260
1775447252158,key-48,653
1775447252160,key-29,98
1775447252160,key-44,594
1775447252161,key-44,595
1775447252161,key-29,99
1775447252163,key-46,583
1775447252163,key-26,91
1775447252164,key-23,415
1775447252166,key-26,94
1775447252167,key-29,105
1775447252169,key-26,97
1775447252171,key-38,9
1775447252174,key-20,1279
1775447252175,key-40,2727
1775447252177,key-38,15
1775447252179,key-44,613
1775447252184,key-44,618
1775447252185,key-29,123
1775447252186,key-44,620
1775447252187,key-20,1292
1775447252190,key-49,52
1775447252190,key-14,358
1775447252196,key-44,630
1775447252198,key-26,23
1775447252199,key-26,24
1775447252200,key-38,38
1775447252202,key-45,1095
1775447252204,key-45,1097
1775447252204,key-46,624
1775447252208,key-44,642
1775447252209,key-29,14
1775447252209,key-29,14
1775447252210,key-44,644
1775447252212,key-49,74
1775447252212,key-14,380
1775447252213,key-45,1106
1775447252213,key-29,18
1775447252214,key-41,1475
1775447252214,key-26,39
1775447252215,key-29,20
1775447252218,key-42,56
1775447252219,key-44,653
1775447252221,key-45,1114
1775447252225,key-45,1118
1775447252226,key-46,646
1775447252228,key-45,1121
1775447252231,key-45,1124
1775447252231,key-29,36
1775447252233,key-45,1126
1775447252233,key-45,1126
1775447252234,key-29,39
1775447252234,key-1,139
1775447252235,key-41,1496
1775447252237,key-45,1130
1775447252238,key-29,43
1775447252238,key-46,658
1775447252238,key-41,1499
1775447252240,key-34,833
1775447252241,key-34,834
1775447252241,key-44,675
1775447252245,key-8,271
1775447252245,key-34,838
1775447252247,key-45,1140
1775447252250,key-43,11
1775447252252,key-22,384
1775447252253,key-12,14
1775447252253,key-43,14
1775447252254,key-23,505
1775447252256,key-5,489
1775447252261,key-21,391
1775447252262,key-41,24
1775447252262,key-41,24
1775447252263,key-46,683
1775447252263,key-34,856
1775447252263,key-34,856
1775447252263,key-43,24
1775447252269,key-2,29
1775447252269,key-27,1305
1775447252271,key-21,401
1775447252272,key-12,33
1775447252273,key-34,866
1775447252277,key-34,870
1775447252277,key-43,38
1775447252278,key-43,39
1775447252279,key-41,41
1775447252279,key-43,40
1775447252279,key-2,39
1775447252280,key-2,40
1775447252281,key-26,106
1775447252282,key-20,1387
1775447252282,key-2,42
1775447252285,key-43,46
1775447252287,key-34,880
1775447252290,key-21,420
1775447252291,key-7,16
1775447252293,key-43,54
1775447252295,key-22,427
1775447252296,key-34,889
1775447252296,key-2,56
1775447252301,key-40,2853
1775447252301,key-43,62
1775447252304,key-40,2856
1775447252304,key-43,65
1775447252304,key-2,64
1775447252305,key-43,66
1775447252307,key-31,1240
1775447252308,key-28,920
1775447252308,key-43,69
1775447252309,key-43,70
1775447252314,key-43,75
1775447252314,key-14,482
1775447252315,key-24,1380
1775447252317,key-31,1250
1775447252317,key-29,55
1775447252319,key-37,288
1775447252319,key-45,1212
1775447252321,key-20,1426
1775447252323,key-14,491
1775447252323,key-43,84
1775447252324,key-28,936
1775447252326,key-43,87
1775447252329,key-14,497
1775447252330,key-42,168
1775447252330,key-45,1223
1775447252332,key-50,1579
1775447252332,key-43,93
1775447252333,key-43,94
1775447252334,key-21,464
1775447252338,key-15,1302
1775447252341,key-8,367
1775447252345,key-13,5
1775447252348,key-10,1241
1775447252350,key-7,75
1775447252351,key-30,13
1775447252352,key-28,963
1775447252352,key-16,15
1775447252353,key-44,787
1775447252353,key-50,1600
1775447252355,key-7,80
1775447252355,key-16,18
1775447252356,key-24,18
1775447252357,key-3,20
1775447252358,key-30,20
1775447252361,key-17,222
1775447252367,key-30,29
1775447252368,key-26,193
1775447252370,key-11,2565
1775447252371,key-11,2566
1775447252373,key-7,98
1775447252375,key-7,100
1775447252375,key-6,1549
1775447252377,key-3,40
1775447252377,key-35,221
1775447252379,key-16,42
1775447252381,key-6,1555
1775447252381,key-43,142
1775447252381,key-27,1417
1775447252384,key-31,1317
1775447252385,key-30,47
1775447252387,key-9,48
1775447252389,key-25,814
1775447252390,key-30,52
1775447252392,key-17,253
1775447252392,key-11,2587
1775447252392,key-29,130
1775447252395,key-27,1431
1775447252397,key-3,60
1775447252399,key-16,62
1775447252401,key-5,634
1775447252401,key-35,245
1775447252404,key-30,66
1775447252405,key-29,143
1775447252406,key-50,1653
1775447252407,key-38,20
1775447252407,key-18,723
1775447252412,key-18,728
1775447252414,key-38,27
1775447252416,key-29,154
1775447252422,key-30,84
1775447252424,key-3,87
1775447252426,key-47,1171
1775447252426,key-39,997
1775447252426,key-3,89
1775447252426,key-29,164
1775447252427,key-3,90
1775447252430,key-23,681
1775447252430,key-40,2982
1775447252432,key-35,276
1775447252437,key-38,50
1775447252438,key-18,754
1775447252439,key-39,1010
1775447252440,key-38,53
1775447252442,key-29,180
1775447252442,key-40,4
1775447252445,key-38,58
1775447252450,key-3,113
1775447252452,key-25,877
1775447252455,key-47,1200
1775447252456,key-3,119
1775447252461,key-35,305
1775447252463,key-29,201
1775447252463,key-29,201
1775447252464,key-3,127
1775447252466,key-45,1359
1775447252467,key-32,1096
1775447252471,key-22,15
1775447252471,key-19,803
1775447252472,key-47,1217
1775447252474,key-32,1103
1775447252477,key-25,902
1775447252477,key-29,215
1775447252479,key-29,217
1775447252479,key-29,217
1775447252480,key-3,143
1775447252480,key-32,1109
1775447252481,key-11,2676
1775447252485,key-3,148
1775447252487,key-11,2682
1775447252487,key-24,25
1775447252488,key-24,26
1775447252491,key-24,29
1775447252495,key-22,39
1775447252495,key-45,1388
1775447252497,key-22,41
1775447252500,key-24,38
1775447252501,key-29,239
1775447252503,key-24,41
1775447252506,key-29,244
1775447252506,key-39,1077
1775447252508,key-24,46
1775447252508,key-23,759
1775447252510,key-29,248
1775447252518,key-18,834
1775447252518,key-37,487
1775447252524,key-23,775
1775447252525,key-11,2720
1775447252526,key-22,70
1775447252527,key-1,432
1775447252527,key-22,71
1775447252528,key-23,779
1775447252531,key-18,847
1775447252534,key-29,272
1775447252534,key-24,72
1775447252536,key-22,80
1775447252546,key-29,3
1775447252546,key-18,862
1775447252557,key-18,873
1775447252558,key-23,18
1775447252558,key-41,320
1775447252558,key-22,102
1775447252559,key-29,16
1775447252559,key-41,321
1775447252565,key-35,409
1775447252566,key-23,26
1775447252566,key-37,9
1775447252567,key-18,883
1775447252568,key-29,25
1775447252572,key-18,888
1775447252572,key-41,334
1775447252575,key-20,18
1775447252576,key-18,892
1775447252578,key-5,811
1775447252579,key-20,22
1775447252580,key-16,2
1775447252584,key-22,128
1775447252588,key-16,10
1775447252588,key-18,904
1775447252588,key-29,45
1775447252588,key-18,904
1775447252588,key-18,904
1775447252593,key-35,437
1775447252594,key-25,1019
1775447252595,key-37,38
1775447252597,key-30,259
1775447252599,key-10,1492
1775447252601,key-49,463
1775447252602,key-5,835
1775447252602,key-16,24
1775447252603,key-18,919
1775447252608,key-22,152
1775447252608,key-18,924
1775447252609,key-18,925
1775447252610,key-21,740
1775447252611,key-18,927
1775447252612,key-16,34
1775447252612,key-18,928
1775447252614,key-31,1547
1775447252615,key-20,58
1775447252618,key-37,61
1775447252620,key-16,42
1775447252621,key-4,982
1775447252622,key-18,938
1775447252624,key-16,46
1775447252624,key-9,285
1775447252626,key-49,488
1775447252629,key-3,292
1775447252632,key-24,170
1775447252638,key-18,954
1775447252639,key-20,82
1775447252639,key-16,61
1775447252640,key-22,184
1775447252640,key-9,301
1775447252640,key-18,956
1775447252640,key-18,956
1775447252642,key-31,1575
1775447252642,key-18,958
1775447252644,key-3,307
1775447252644,key-24,182
1775447252645,key-18,961
1775447252646,key-18,962
1775447252654,key-25,1079
1775447252654,key-30,316
1775447252655,key-24,193
1775447252656,key-48,1151
1775447252659,key-9,320
1775447252659,key-22,17
1775447252660,key-48,1155
1775447252660,key-38,273
1775447252666,key-18,982
1775447252668,key-22,26
1775447252669,key-18,985
1775447252669,key-27,1705
1775447252673,key-18,989
1775447252673,key-49,535
1775447252676,key-9,337
1775447252681,key-30,343
1775447252683,key-3,346
1775447252683,key-49,545
1775447252683,key-30,345
1775447252685,key-4,1046
1775447252687,key-30,349
1775447252687,key-18,1003
1775447252687,key-24,225
1775447252688,key-16,110
1775447252689,key-48,1184
1775447252692,key-16,114
1775447252696,key-20,139
1775447252697,key-22,55
1775447252700,key-24,238
1775447252701,key-24,239
1775447252705,key-4,1066
1775447252706,key-33,24
1775447252710,key-29,167
1775447252713,key-22,71
1775447252714,key-22,72
1775447252717,key-24,255
1775447252723,key-32,13
1775447252728,key-4,1089
1775447252728,key-22,86
1775447252728,key-40,290
1775447252729,key-16,151
1775447252730,key-33,48
1775447252730,key-20,173
1775447252731,key-20,174
1775447252739,key-20,182
1775447252739,key-32,29
1775447252741,key-20,184
1775447252743,key-43,1
1775447252744,key-26,3
1775447252745,key-24,283
1775447252749,key-49,611
1775447252749,key-12,209
1775447252751,key-33,69
1775447252753,key-22,111
1775447252753,key-33,71
1775447252755,key-43,13
1775447252755,key-32,45
1775447252760,key-40,322
1775447252762,key-20,205
1775447252765,key-42,24
1775447252766,key-32,56
1775447252766,key-5,999
1775447252769,key-41,28
1775447252770,key-33,88
1775447252772,key-1,14
1775447252774,key-43,32
1775447252775,key-40,337
1775447252775,key-4,1136
1775447252778,key-33,96
1775447252778,key-41,37
1775447252779,key-49,641
1775447252779,key-5,1012
1775447252780,key-35,624
1775447252784,key-5,1017
1775447252789,key-49,651
1775447252789,key-5,1022
1775447252791,key-41,50
1775447252791,key-5,1024
1775447252796,key-41,55
1775447252796,key-32,86
1775447252796,key-40,358
1775447252797,key-43,55
1775447252798,key-39,1369
1775447252799,key-39,1370
1775447252801,key-35,645
1775447252802,key-25,1227
1775447252803,key-49,665
1775447252804,key-5,1037
1775447252805,key-5,1038
1775447252806,key-21,936
1775447252807,key-5,1040
1775447252808,key-5,1041
1775447252808,key-11,3003
1775447252810,key-49,672
1775447252812,key-5,1045
1775447252815,key-26,74
1775447252816,key-5,1049
1775447252817,key-5,1050
1775447252818,key-49,680
1775447252821,key-26,80
1775447252822,key-41,81
1775447252823,key-49,685
1775447252827,key-25,1252
1775447252830,key-31,189
1775447252831,key-34,53
1775447252837,key-49,699
1775447252838,key-25,1263
1775447252841,key-11,3036
1775447252843,key-5,1076
1775447252847,key-24,385
1775447252853,key-14,297
1775447252854,key-24,392
1775447252855,key-24,393
1775447252863,key-24,401
1775447252863,key-34,85
1775447252864,key-31,223
1775447252864,key-11,3059
1775447252867,key-24,405
1775447252868,key-47,1613
1775447252875,key-34,97
1775447252876,key-17,737
1775447252883,key-37,326
1775447252887,key-47,1632
1775447252888,key-4,46
1775447252888,key-14,332
1775447252892,key-17,753
1775447252893,key-15,1857
1775447252898,key-15,1862
1775447252900,key-44,455
1775447252900,key-34,122
1775447252901,key-7,626
1775447252906,key-47,1651
1775447252914,key-34,136
1775447252914,key-29,371
1775447252916,key-16,24
1775447252919,key-17,780
1775447252923,key-7,7
1775447252928,key-16,36
1775447252929,key-48,1424
1775447252930,key-47,1675
1775447252931,key-7,15
1775447252935,key-4,93
1775447252936,key-6,91
1775447252943,key-7,27
1775447252946,key-5,1179
1775447252949,key-43,207
1775447252951,key-5,1184
1775447252951,key-35,5
1775447252954,key-30,616
1775447252954,key-40,8
1775447252960,key-46,1380
1775447252960,key-7,44
1775447252961,key-8,15
1775447252964,key-42,13
1775447252965,key-46,1385
1775447252965,key-7,49
1775447252966,key-35,20
1775447252968,key-7,52
1775447252969,key-35,23
1775447252970,key-7,54
1775447252973,key-46,1393
1775447252974,key-42,23
1775447252976,key-30,15
1775447252978,key-40,32
1775447252979,key-46,1399
1775447252979,key-42,28
1775447252980,key-21,1110
1775447252981,key-40,35
1775447252986,key-42,35
1775447252992,key-46,1412
1775447252992,key-5,1225
1775447252993,key-40,47
1775447252994,key-44,33
1775447252994,key-50,2241
1775447252995,key-1,237
1775447253003,key-46,1423
1775447253006,key-15,1970
1775447253006,key-43,264
1775447253008,key-46,1428
1775447253009,key-44,48
1775447253009,key-11,3204
1775447253010,key-21,1140
1775447253010,key-50,16
1775447253011,key-13,656
1775447253011,key-11,3206
1775447253012,key-15,1976
1775447253012,key-46,1432
1775447253012,key-29,2
1775447253013,key-48,1508
1775447253016,key-23,14
1775447253018,key-50,24
1775447253024,key-44,63
1775447253024,key-43,282
1775447253027,key-11,3222
1775447253032,key-44,71
1775447253033,key-14,477
1775447253033,key-44,72
1775447253036,key-11,3231
1775447253036,key-26,295
1775447253038,key-48,1533
1775447253050,key-31,106
1775447253060,key-28,41
1775447253068,key-21,1198
1775447253069,key-23,67
1775447253073,key-50,79
1775447253075,key-26,334
1775447253084,key-46,1504
1775447253112,key-14,556
1775447253113,key-15,101
1775447253114,key-13,759
1775447253116,key-44,155
1775447253116,key-48,1611
1775447253117,key-15,105
1775447253117,key-38,730
1775447253118,key-14,562
1775447253119,key-50,125
1775447253120,key-43,378
1775447253121,key-48,1616
1775447253127,key-12,285
1775447253127,key-28,108
1775447253128,key-15,116
1775447253128,key-11,3323
1775447253128,key-13,773
1775447253128,key-15,116
1775447253128,key-48,1623
1775447253128,key-14,572
1775447253129,key-45,2022
1775447253129,key-21,1259
1775447253130,key-1,372
1775447253133,key-20,576
1775447253139,key-43,397
1775447253140,key-12,298
1775447253140,key-48,1635
1775447253147,key-43,405
1775447253147,key-12,305
1775447253149,key-15,137
1775447253149,key-11,3344
1775447253152,key-11,3347
1775447253152,key-21,1282
1775447253153,key-48,1648
1775447253155,key-48,1650
1775447253155,key-35,209
1775447253156,key-11,3351
1775447253158,key-11,3353
1775447253159,key-12,10
1775447253162,key-37,605
1775447253163,key-43,421
1775447253166,key-7,52
1775447253167,key-48,1662
1775447253167,key-37,610
1775447253175,key-16,283
1775447253175,key-42,224
1775447253175,key-43,433
1775447253176,key-11,3371
1775447253177,key-48,1672
1775447253177,key-35,231
1775447253178,key-48,1673
1775447253179,key-48,1674
1775447253183,key-11,3378
1775447253183,key-35,237
1775447253184,key-33,35
1775447253186,key-48,1681
1775447253187,key-11,3382
1775447253190,key-48,1685
1775447253191,key-48,1686
1775447253191,key-43,449
1775447253192,key-11,3387
1775447253193,key-11,3388
1775447253198,key-43,456
1775447253198,key-6,353
1775447253199,key-16,307
1775447253199,key-11,3394
1775447253204,key-11,3399
1775447253204,key-11,3399
1775447253204,key-7,90
1775447253205,key-11,3400
1775447253206,key-48,1701
1775447253209,key-35,263
1775447253211,key-7,97
1775447253212,key-43,470
1775447253212,key-48,1707
1775447253217,key-11,3412
1775447253219,key-7,105
1775447253219,key-4,377
1775447253223,key-43,481
1775447253223,key-48,1718
1775447253223,key-48,1718
1775447253227,key-7,113
1775447253227,key-6,382
1775447253230,key-7,116
1775447253231,key-47,1976
1775447253234,key-23,232
1775447253239,key-11,3434
1775447253239,key-2,999
1775447253243,key-11,3438
1775447253244,key-44,283
1775447253244,key-35,298
1775447253245,key-49,1107
1775447253247,key-14,108
1775447253249,key-7,135
1775447253253,key-5,1486
1775447253254,key-47,1999
1775447253254,key-48,1749
1775447253254,key-11,3449
1775447253255,key-19,1587
1775447253256,key-11,3451
1775447253259,key-34,313
1775447253261,key-6,416
1775447253263,key-19,1595
1775447253263,key-2,1023
1775447253265,key-31,9
1775447253266,key-11,3461
1775447253270,key-10,2163
1775447253272,key-11,3467
1775447253276,key-11,3471
1775447253277,key-2,1037
1775447253279,key-11,3474
1775447253282,key-20,725
1775447253282,key-4,24
1775447253283,key-19,1615
1775447253284,key-11,3479
1775447253286,key-19,1618
1775447253286,key-11,3481
1775447253290,key-4,32
1775447253290,key-19,1622
1775447253293,key-19,1625
1775447253297,key-11,3492
1775447253303,key-6,458
1775447253303,key-26,562
1775447253304,key-41,563
1775447253305,key-2,1065
1775447253306,key-11,3501
1775447253307,key-11,3502
1775447253307,key-11,3502
1775447253309,key-38,922
1775447253312,key-21,1442
1775447253312,key-20,755
1775447253314,key-2,1074
1775447253314,key-11,3509
1775447253315,key-3,978
1775447253319,key-30,358
1775447253320,key-3,983
1775447253320,key-30,359
1775447253321,key-24,859
1775447253326,key-11,3521
1775447253327,key-3,990
1775447253327,key-11,3522
1775447253332,key-24,870
1775447253332,key-11,3527
1775447253332,key-3,995
1775447253334,key-12,185
1775447253337,key-27,619
1775447253338,key-4,80
1775447253340,key-30,379
1775447253342,key-12,193
1775447253345,key-30,384
1775447253348,key-33,199
1775447253348,key-24,886
1775447253350,key-33,201
1775447253350,key-4,92
1775447253354,key-11,3549
1775447253354,key-3,1017
1775447253358,key-30,397
1775447253359,key-4,101
1775447253360,key-3,1023
1775447253361,key-24,899
1775447253363,key-19,1695
1775447253367,key-30,406
1775447253372,key-1,614
1775447253373,key-35,71
1775447253374,key-11,3569
1775447253375,key-18,1691
1775447253377,key-30,416
1775447253378,key-4,120
1775447253378,key-41,14
1775447253379,key-30,418
1775447253381,key-35,79
1775447253382,key-11,3577
1775447253383,key-10,26
1775447253389,key-24,927
1775447253389,key-35,87
1775447253390,key-30,429
1775447253390,key-30,429
1775447253398,key-6,553
1775447253403,key-35,101
1775447253403,key-6,558
1775447253405,key-30,444
1775447253406,key-35,104
1775447253406,key-10,49
1775447253407,key-35,105
1775447253408,key-43,666
1775447253411,key-47,2156
1775447253416,key-19,1748
1775447253417,key-6,572
1775447253417,key-19,1749
1775447253418,key-30,457
1775447253419,key-35,117
1775447253419,key-35,117
1775447253420,key-6,575
1775447253421,key-27,13
1775447253427,key-35,125
1775447253429,key-32,21
1775447253430,key-23,6
1775447253471,key-42,520
1775447253472,key-23,48
1775447253472,key-35,170
1775447253475,key-43,733
1775447253476,key-25,1901
1775447253476,key-36,1302
1775447253476,key-38,59
1775447253477,key-35,175
1775447253477,key-11,3672
1775447253478,key-35,176
1775447253478,key-35,176
1775447253478,key-42,527
1775447253479,key-35,177
1775447253479,key-27,71
1775447253479,key-38,62
1775447253479,key-23,55
1775447253479,key-35,177
1775447253479,key-38,62
1775447253480,key-20,923
1775447253481,key-6,636
1775447253493,key-20,936
1775447253494,key-38,77
1775447253494,key-19,1826
1775447253496,key-11,3691
1775447253496,key-35,194
1775447253501,key-6,656
1775447253507,key-33,358
1775447253507,key-5,7
1775447253512,key-20,955
1775447253513,key-37,956
1775447253514,key-38,97
1775447253515,key-35,213
1775447253522,key-38,105
1775447253523,key-45,43
1775447253524,key-6,679
1775447253526,key-33,21
1775447253527,key-25,4
1775447253528,key-6,683
1775447253528,key-5,28
1775447253529,key-37,972
1775447253529,key-24,1067
1775447253529,key-38,112
1775447253530,key-33,25
1775447253531,key-11,3726
1775447253531,key-35,229
1775447253533,key-35,231
1775447253534,key-34,14
1775447253542,key-11,3737
1775447253542,key-38,125
1775447253542,key-38,125
1775447253542,key-22,231
1775447253544,key-33,39
1775447253547,key-5,47
1775447253547,key-25,24
1775447253548,key-25,25
1775447253549,key-24,1087
1775447253549,key-5,49
1775447253550,key-22,239
1775447253551,key-35,249
1775447253551,key-5,51
1775447253555,key-21,1685
1775447253556,key-38,139
1775447253560,key-4,302
1775447253566,key-22,255
1775447253567,key-22,256
1775447253567,key-22,256
1775447253568,key-38,151
1775447253569,key-21,1699
1775447253572,key-5,72
1775447253573,key-25,50
1775447253575,key-35,273
1775447253575,key-4,317
1775447253576,key-49,1438
1775447253576,key-22,265
1775447253577,key-5,77
1775447253577,key-5,77
1775447253579,key-5,79
1775447253579,key-15,4
1775447253581,key-5,81
1775447253583,key-32,27
1775447253588,key-4,330
1775447253591,key-40,194
1775447253594,key-15,19
1775447253594,key-12,445
1775447253594,key-22,283
1775447253595,key-5,95
1775447253597,key-17,1458
1775447253598,key-5,98
1775447253598,key-4,340
1775447253599,key-12,450
1775447253601,key-15,26
1775447253602,key-5,102
1775447253602,key-22,291
1775447253602,key-24,1140
1775447253606,key-4,348
1775447253606,key-45,126
1775447253607,key-49,4
1775447253608,key-10,2
1775447253609,key-6,764
1775447253615,key-5,115
1775447253615,key-12,466
1775447253620,key-4,362
1775447253620,key-5,4
1775447253621,key-49,18
1775447253622,key-22,311
1775447253623,key-22,312
1775447253623,key-5,7
1775447253625,key-49,22
1775447253626,key-22,315
1775447253627,key-10,21
1775447253629,key-22,318
1775447253629,key-10,23
1775447253631,key-49,28
1775447253631,key-49,28
1775447253632,key-8,686
1775447253641,key-49,38
1775447253642,key-10,36
1775447253643,key-22,332
1775447253645,key-49,42
1775447253645,key-4,14
1775447253645,key-4,14
1775447253646,key-49,43
1775447253647,key-10,41
1775447253648,key-8,702
1775447253648,key-22,337
1775447253648,key-35,346
1775447253649,key-10,43
1775447253650,key-27,96
1775447253652,key-12,503
1775447253653,key-35,351
1775447253653,key-42,20
1775447253653,key-42,20
1775447253656,key-49,53
1775447253659,key-49,56
1775447253659,key-35,357
1775447253662,key-27,108
1775447253662,key-27,108
1775447253663,key-33,158
1775447253664,key-49,61
1775447253664,key-35,362
1775447253665,key-27,111
1775447253666,key-42,33
1775447253667,key-8,721
1775447253668,key-42,35
1775447253672,key-27,118
1775447253673,key-42,40
1775447253674,key-49,71
1775447253676,key-42,43
1775447253676,key-27,122
1775447253681,key-43,939
1775447253681,key-27,127
1775447253681,key-16,11
1775447253682,key-42,49
1775447253683,key-27,129
1775447253686,key-27,132
1775447253690,key-42,57
1775447253690,key-27,136
1775447253690,key-27,136
1775447253691,key-46,2111
1775447253692,key-16,22
1775447253695,key-16,25
1775447253696,key-27,142
1775447253699,key-46,2119
1775447253701,key-43,959
1775447253702,key-18,2018
1775447253703,key-16,33
1775447253705,key-42,72
1775447253705,key-22,394
1775447253707,key-28,688
1775447253711,key-22,400
1775447253711,key-10,105
1775447253711,key-11,3906
1775447253711,key-18,2027
1775447253714,key-18,2030
1775447253719,key-6,874
1775447253719,key-46,2139
1775447253719,key-18,2035
1775447253721,key-18,2037
1775447253721,key-27,167
1775447253724,key-18,2040
1775447253724,key-18,2040
1775447253726,key-27,172
1775447253727,key-16,57
1775447253727,key-46,2147
1775447253727,key-22,416
1775447253728,key-6,883
1775447253732,key-47,14
1775447253734,key-30,6
1775447253735,key-18,2051
1775447253736,key-19,2068
1775447253736,key-27,182
1775447253736,key-47,18
1775447253739,key-18,2055
1775447253742,key-18,2058
1775447253745,key-19,2077
1775447253747,key-18,2063
1775447253748,key-32,192
1775447253748,key-18,2064
1775447253749,key-31,493
1775447253750,key-47,32
1775447253751,key-27,197
1775447253751,key-6,906
1775447253754,key-15,179
1775447253755,key-26,1014
1775447253755,key-18,2071
1775447253758,key-6,913
1775447253760,key-31,504
1775447253760,key-36,1586
1775447253761,key-26,1020
1775447253762,key-33,18
1775447253762,key-47,44
1775447253763,key-6,918
1775447253764,key-10,41
1775447253765,key-15,190
1775447253768,key-40,371
1775447253768,key-50,774
1775447253775,key-47,57
1775447253776,key-40,379
1775447253776,key-40,379
1775447253777,key-36,1603
1775447253777,key-26,1036
1775447253779,key-33,35
1775447253781,key-41,102
1775447253784,key-47,66
1775447253784,key-41,105
1775447253785,key-10,62
1775447253785,key-10,62
1775447253786,key-10,63
1775447253787,key-47,69
1775447253787,key-45,307
1775447253789,key-47,71
1775447253789,key-9,1450
1775447253794,key-40,397
1775447253796,key-41,117
1775447253802,key-47,84
1775447253803,key-31,547
1775447253804,key-50,810
1775447253804,key-45,324
1775447253807,key-10,84
1775447253810,key-9,1471
1775447253812,key-40,415
1775447253812,key-36,1638
1775447253813,key-20,1256
1775447253814,key-2,28
1775447253815,key-10,92
1775447253815,key-9,1476
1775447253815,key-9,1476
1775447253816,key-10,93
1775447253818,key-36,1644
1775447253818,key-9,1479
1775447253823,key-9,1484
1775447253829,key-23,405
1775447253830,key-46,2250
1775447253830,key-49,227
1775447253830,key-49,227
1775447253835,key-10,112
1775447253835,key-4,204
1775447253836,key-9,1497
1775447253836,key-10,113
1775447253838,key-10,115
1775447253839,key-10,116
1775447253839,key-9,1500
1775447253840,key-8,894
1775447253840,key-10,117
1775447253842,key-10,119
1775447253845,key-9,1506
1775447253846,key-10,123
1775447253848,key-10,125
1775447253850,key-4,219
1775447253854,key-27,300
1775447253855,key-21,1985
1775447253855,key-10,132
1775447253855,key-32,299
1775447253856,key-16,186
1775447253858,key-24,13
1775447253858,key-27,304
1775447253859,key-4,228
1775447253859,key-10,136
1775447253868,key-14,729
1775447253868,key-9,1529
1775447253872,key-24,27
1775447253874,key-21,2004
1775447253875,key-27,321
1775447253878,key-21,2008
1775447253878,key-10,155
1775447253882,key-25,359
1775447253882,key-10,159
1775447253883,key-10,160
1775447253883,key-24,38
1775447253884,key-42,251
1775447253884,key-10,161
1775447253885,key-21,2015
1775447253885,key-39,38
1775447253885,key-2,99
1775447253885,key-27,331
1775447253885,key-24,40
1775447253887,key-32,331
1775447253887,key-27,333
1775447253887,key-24,42
1775447253891,key-32,335
1775447253896,key-24,51
1775447253897,key-24,52
1775447253901,key-14,762
1775447253902,key-10,179
1775447253902,key-19,2234
1775447253902,key-25,379
1775447253903,key-5,287
1775447253904,key-32,348
1775447253912,key-27,358
1775447253913,key-42,280
1775447253913,key-37,307
1775447253914,key-48,2409
1775447253914,key-24,69
1775447253915,key-2,129
1775447253919,key-24,74
1775447253923,key-41,244
1775447253925,key-42,292
1775447253925,key-14,786
1775447253927,key-27,373
1775447253928,key-27,5
1775447253928,key-7,564
1775447253928,key-46,2348
1775447253931,key-27,8
1775447253931,key-27,8
1775447253933,key-2,147
1775447253937,key-27,14
1775447253937,key-24,92
1775447253937,key-27,14
1775447253940,key-42,307
1775447253941,key-25,418
1775447253942,key-48,19
1775447253942,key-27,19
1775447253945,key-7,581
1775447253946,key-35,644
1775447253947,key-16,12
1775447253947,key-7,583
1775447253948,key-7,584
1775447253950,key-25,427
1775447253951,key-37,345
1775447253952,key-25,429
1775447253954,key-35,652
1775447253955,key-27,32
1775447253955,key-7,591
1775447253959,key-32,403
1775447253959,key-37,353
1775447253962,key-7,598
1775447253963,key-7,599
1775447253965,key-25,442
1775447253965,key-25,442
1775447253965,key-22,654
1775447253970,key-25,447
1775447253970,key-35,668
1775447253972,key-37,366
1775447253972,key-25,449
1775447253972,key-27,49
1775447253973,key-3,1636
1775447253974,key-37,368
1775447253974,key-35,672
1775447253974,key-35,672
1775447253974,key-49,371
1775447253977,key-7,613
1775447253978,key-22,667
1775447253978,key-47,260
1775447253979,key-44,311
1775447253982,key-7,618
1775447253983,key-39,136
1775447253985,key-39,138
1775447253987,key-35,685
1775447253988,key-7,624
1775447253988,key-21,2118
1775447253993,key-44,325
1775447253998,key-22,687
1775447253998,key-7,634
1775447253999,key-39,152
1775447254000,key-27,77
1775447254001,key-21,2131
1775447254002,key-26,1261
1775447254005,key-36,1831
1775447254005,key-7,641
1775447254007,key-11,4202
1775447254008,key-27,85
1775447254008,key-27,85
1775447254012,key-19,2344
1775447254014,key-34,494
1775447254016,key-27,93
1775447254016,key-21,2146
1775447254017,key-40,620
1775447254017,key-27,94
1775447254018,key-27,95
1775447254018,key-16,83
1775447254021,key-50,1027
1775447254022,key-16,87
1775447254023,key-25,500
1775447254023,key-16,88
1775447254024,key-15,449
1775447254024,key-41,2
1775447254029,key-41,7
1775447254031,key-41,9
1775447254035,key-25,512
1775447254036,key-16,101
1775447254036,key-25,513
1775447254036,key-18,220
1775447254038,key-36,1864
1775447254038,key-41,16
1775447254038,key-40,641
1775447254047,key-44,25
1775447254047,key-16,112
1775447254048,key-19,2380
1775447254049,key-25,526
1775447254050,key-41,28
1775447254051,key-44,29
1775447254053,key-25,530
1775447254056,key-41,34
1775447254057,key-25,534
1775447254065,key-18,19
1775447254066,key-44,44
1775447254066,key-40,669
1775447254067,key-30,232
1775447254068,key-44,46
1775447254068,key-25,545
1775447254068,key-9,159
1775447254068,key-44,46
1775447254068,key-16,133
1775447254073,key-18,27
1775447254075,key-18,29
1775447254078,key-40,681
1775447254078,key-34,56
1775447254078,key-9,169
1775447254079,key-9,2
1775447254079,key-40,682
1775447254083,key-10,7
1775447254085,key-16,8
1775447254086,key-9,9
1775447254091,key-41,15
1775447254093,key-42,62
1775447254099,key-12,23
1775447254100,key-9,23
1775447254100,key-9,23
1775447254100,key-35,17
1775447254100,key-9,23
1775447254101,key-19,14
1775447254101,key-3,1764
1775447254104,key-12,28
1775447254104,key-19,17
1775447254108,key-19,21
1775447254111,key-42,80
1775447254112,key-6,1267
1775447254115,key-19,28
1775447254117,key-46,18
1775447254118,key-19,31
1775447254118,key-19,31
1775447254118,key-12,42
1775447254119,key-26,1378
1775447254121,key-35,38
1775447254122,key-26,1381
1775447254124,key-35,41
1775447254124,key-19,37
1775447254124,key-13,981
1775447254129,key-6,1284
1775447254130,key-19,43
1775447254130,key-6,1285
1775447254131,key-13,988
1775447254132,key-29,1122
1775447254133,key-19,46
1775447254134,key-30,299
1775447254134,key-26,1393
1775447254134,key-13,991
1775447254135,key-35,52
1775447254135,key-13,992
1775447254143,key-30,308
1775447254145,key-40,748
1775447254145,key-13,1002
1775447254146,key-23,722
1775447254147,key-26,1406
1775447254149,key-13,1006
1775447254151,key-40,754
1775447254151,key-26,1410
1775447254152,key-6,1307
1775447254154,key-35,71
1775447254157,key-36,1983
1775447254160,key-27,237
1775447254161,key-13,1018
1775447254161,key-41,85
1775447254162,key-36,1988
1775447254162,key-26,1421
1775447254162,key-19,75
1775447254163,key-19,76
1775447254166,key-46,67
1775447254171,key-36,1997
1775447254172,key-36,1998
1775447254174,key-35,91
1775447254176,key-35,93
1775447254176,key-23,752
1775447254177,key-27,254
1775447254178,key-36,2004
1775447254179,key-13,1036
1775447254180,key-41,104
1775447254180,key-30,345
1775447254181,key-39,334
1775447254185,key-34,163
1775447254186,key-27,263
1775447254189,key-41,113
1775447254190,key-26,1449
1775447254191,key-28,1172
1775447254196,key-38,468
1775447254197,key-41,121
1775447254204,key-27,281
1775447254205,key-27,282
1775447254209,key-34,187
1775447254210,key-4,579
1775447254210,key-42,179
1775447254213,key-23,789
1775447254213,key-27,290
1775447254214,key-41,138
1775447254214,key-41,138
1775447254215,key-27,292
1775447254215,key-21,2345
1775447254216,key-4,585
1775447254223,key-44,201
1775447254224,key-41,148
1775447254225,key-42,194
1775447254230,key-41,154
1775447254232,key-8,15
1775447254232,key-22,4
1775447254232,key-22,4
1775447254233,key-41,157
1775447254234,key-23,810
1775447254234,key-32,678
1775447254236,key-41,160
1775447254238,key-41,162
1775447254239,key-41,163
1775447254242,key-29,111
1775447254244,key-44,222
1775447254244,key-2,458
1775447254246,key-47,29
1775447254246,key-41,170
1775447254247,key-41,171
1775447254249,key-17,2110
1775447254249,key-44,227
1775447254250,key-22,22
1775447254253,key-28,1234
1775447254257,key-23,833
1775447254257,key-50,1263
1775447254259,key-50,1265
1775447254260,key-44,238
1775447254261,key-14,1122
1775447254261,key-29,130
1775447254262,key-23,838
1775447254264,key-20,1707
1775447254264,key-22,36
1775447254278,key-47,61
1775447254279,key-41,203
1775447254279,key-17,2140
1775447254279,key-42,248
1775447254279,key-44,257
1775447254280,key-41,204
1775447254280,key-23,856
1775447254281,key-47,64
1775447254284,key-44,262
1775447254288,key-47,71
1775447254289,key-17,2150
1775447254291,key-23,867
1775447254292,key-26,1551
1775447254293,key-44,271
1775447254294,key-41,218
1775447254294,key-17,2155
1775447254295,key-44,273
1775447254295,key-23,871
1775447254297,key-8,80
1775447254297,key-22,69
1775447254302,key-42,271
1775447254309,key-41,233
1775447254309,key-44,287
1775447254310,key-17,2171
1775447254311,key-17,2172
1775447254315,key-47,98
1775447254315,key-17,2176
1775447254315,key-47,98
1775447254317,key-47,100
1775447254320,key-33,576
1775447254321,key-42,290
1775447254324,key-42,293
1775447254325,key-49,722
1775447254333,key-37,727
1775447254333,key-42,302
1775447254334,key-24,257
1775447254335,key-44,313
1775447254335,key-33,591
1775447254336,key-17,2197
1775447254336,key-17,2197
1775447254340,key-33,596
1775447254341,key-25,818
1775447254350,key-49,747
1775447254351,key-27,428
1775447254351,key-49,748
1775447254354,key-49,751
1775447254356,key-47,139
1775447254358,key-17,2219
1775447254363,key-23,939
1775447254364,key-49,761
1775447254368,key-23,944
1775447254375,key-24,298
1775447254378,key-33,634
1775447254383,key-17,2244
1775447254384,key-49,781
1775447254386,key-44,364
1775447254387,key-49,784
1775447254387,key-17,2248
1775447254388,key-25,865
1775447254388,key-49,785
1775447254390,key-49,787
1775447254391,key-27,468
1775447254392,key-8,175
1775447254393,key-49,790
1775447254397,key-25,874
1775447254397,key-17,2258
1775447254399,key-49,796
1775447254405,key-44,383
1775447254405,key-8,188
1775447254406,key-34,13
1775447254407,key-24,330
1775447254407,key-44,385
1775447254408,key-49,805
1775447254409,key-30,574
1775447254414,key-34,21
1775447254421,key-34,28
1775447254424,key-49,821
1775447254426,key-30,8
1775447254427,key-17,2288
1775447254428,key-49,825
1775447254428,key-24,351
1775447254429,key-30,11
1775447254435,key-49,832
1775447254435,key-8,218
1775447254435,key-49,832
1775447254436,key-34,43
1775447254436,key-23,1012
1775447254436,key-49,833
1775447254438,key-50,19
1775447254444,key-23,1020
1775447254444,key-34,51
1775447254446,key-50,27
1775447254449,key-3,30
1775447254450,key-17,2311
1775447254451,key-12,12
1775447254451,key-23,1027
1775447254455,key-50,36
1775447254467,key-8,250
1775447254471,key-49,868
1775447254471,key-25,948
1775447254472,key-1,1714
1775447254473,key-50,54
1775447254474,key-12,35
1775447254475,key-49,872
1775447254476,key-1,1718
1775447254477,key-10,401
1775447254477,key-23,1053
1775447254482,key-48,559
1775447254484,key-48,561
1775447254490,key-23,1066
1775447254491,key-26,1750
1775447254496,key-37,890
1775447254501,key-23,1077
1775447254501,key-8,284
1775447254503,key-1,15
1775447254504,key-1,16
1775447254510,key-15,445
1775447254511,key-37,905
1775447254513,key-15,448
1775447254514,key-48,591
1775447254515,key-1,27
1775447254522,key-48,599
1775447254524,key-5,599
1775447254526,key-48,603
1775447254526,key-26,1785
1775447254531,key-26,1790
1775447254534,key-15,469
1775447254535,key-5,610
1775447254541,key-38,813
1775447254544,key-26,1803
1775447254544,key-48,621
1775447254547,key-22,319
1775447254549,key-26,1808
1775447254553,key-29,422
1775447254553,key-37,947
1775447254553,key-1,65
1775447254553,key-37,947
1775447254560,key-48,637
1775447254560,key-26,1819
1775447254560,key-2,26
1775447254561,key-46,462
1775447254561,key-48,638
1775447254566,key-23,1142
1775447254570,key-48,647
1775447254577,key-38,849
1775447254578,key-29,11
1775447254578,key-16,185
1775447254578,key-48,655
1775447254578,key-26,1837
1775447254583,key-26,5
1775447254585,key-2,51
1775447254585,key-12,146
1775447254587,key-2,53
1775447254590,key-2,2
1775447254591,key-48,668
1775447254591,key-2,3
1775447254594,key-48,671
1775447254600,key-23,1176
1775447254600,key-26,22
1775447254613,key-47,396
1775447254613,key-13,1470
1775447254614,key-2,26
1775447254614,key-5,689
1775447254619,key-2,31
1775447254619,key-29,52
1775447254619,key-26,41
1775447254620,key-26,42
1775447254621,key-25,16
1775447254623,key-2,35
1775447254628,key-2,40
1775447254635,key-2,47
1775447254638,key-25,33
1775447254638,key-48,715
1775447254645,key-32,1089
1775447254645,key-47,428
1775447254647,key-44,625
1775447254654,key-2,66
1775447254655,key-47,438
1775447254656,key-32,1100
1775447254656,key-29,89
1775447254659,key-26,81
1775447254659,key-39,812
1775447254660,key-29,93
1775447254662,key-2,74
1775447254671,key-42,57
1775447254671,key-40,107
1775447254671,key-44,649
1775447254672,key-2,84
1775447254675,key-29,108
1775447254677,key-28,1658
1775447254679,key-42,65
1775447254684,key-44,662
1775447254685,key-42,71
1775447254689,key-39,842
1775447254690,key-25,85
1775447254693,key-25,88
1775447254694,key-9,330
1775447254695,key-29,128
1775447254701,key-2,113
1775447254702,key-49,1099
1775447254702,key-18,656
1775447254704,key-42,90
1775447254705,key-32,1149
1775447254705,key-42,91
1775447254707,key-16,314
1775447254711,key-42,97
1775447254711,key-20,2154
1775447254718,key-20,2161
1775447254721,key-32,1165
1775447254724,key-20,2167
1775447254724,key-18,678
1775447254730,key-16,337
1775447254731,key-18,685
1775447254734,key-44,712
1775447254735,key-29,168
1775447254738,key-16,345
1775447254740,key-3,321
1775447254740,key-18,694
1775447254741,key-18,695
1775447254746,key-10,670
1775447254747,key-26,169
1775447254748,key-35,665
1775447254750,key-42,136
1775447254751,key-44,729
1775447254752,key-31,36
1775447254757,key-44,735
1775447254766,key-44,744
1775447254766,key-44,744
1775447254766,key-18,720
1775447254771,key-2,183
1775447254773,key-42,159
1775447254774,key-18,728
1775447254779,key-45,1299
1775447254779,key-18,733
1775447254780,key-2,192
1775447254783,key-12,344
1775447254786,key-42,172
1775447254786,key-2,198
1775447254792,key-45,1312
1775447254796,key-2,208
1775447254797,key-25,192
1775447254797,key-45,1317
1775447254805,key-45,1325
1775447254808,key-18,762
1775447254810,key-28,1791
1775447254810,key-18,764
1775447254812,key-10,736
1775447254813,key-9,97
1775447254814,key-18,768
1775447254814,key-10,738
1775447254815,key-2,227
1775447254817,key-26,239
1775447254818,key-18,772
1775447254828,key-18,782
1775447254829,key-48,906
1775447254829,key-18,783
1775447254833,key-10,757
1775447254833,key-45,1353
1775447254840,key-10,764
1775447254840,key-10,764
1775447254846,key-24,43
1775447254847,key-18,801
1775447254847,key-18,801
1775447254847,key-42,233
1775447254849,key-48,926
1775447254858,key-43,949
1775447254858,key-18,812
1775447254859,key-26,281
1775447254860,key-18,814
1775447254861,key-48,938
1775447254861,key-45,1381
1775447254862,key-24,59
1775447254866,key-48,943
1775447254870,key-33,125
1775447254870,key-3,451
1775447254873,key-37,1267
1775447254874,key-2,286
1775447254883,key-39,1036
1775447254884,key-50,465
1775447254885,key-24,82
1775447254886,key-42,272
1775447254886,key-50,467
1775447254887,key-23,15
1775447254888,key-3,469
1775447254893,key-3,474
1775447254894,key-48,11
1775447254895,key-33,150
1775447254895,key-33,150
1775447254897,key-33,152
1775447254907,key-24,104
1775447254907,key-7,821
1775447254907,key-24,104
1775447254909,key-2,321
1775447254914,key-24,111
1775447254914,key-2,326
1775447254915,key-19,828
1775447254918,key-24,115
1775447254923,key-47,706
1775447254928,key-36,2754
1775447254928,key-3,509
1775447254930,key-19,843
1775447254930,key-33,185
1775447254935,key-7,849
1775447254935,key-47,718
1775447254936,key-24,133
1775447254937,key-47,720
1775447254943,key-40,379
1775447254943,key-35,860
1775447254945,key-27,1022
1775447254945,key-44,162
1775447254946,key-20,2389
1775447254949,key-13,13
1775447254952,key-24,149
1775447254954,key-47,737
1775447254955,key-40,391
1775447254957,key-17,21
1775447254957,key-27,1034
1775447254958,key-30,20
1775447254960,key-47,743
1775447254960,key-47,743
1775447254965,key-9,25
1775447254965,key-20,2408
1775447254966,key-29,9
1775447254966,key-47,749
1775447254966,key-24,163
1775447254973,key-27,1050
1775447254974,key-26,396
1775447254975,key-27,1052
1775447254975,key-44,192
1775447254975,key-24,172
1775447254977,key-18,931
1775447254977,key-24,174
1775447254978,key-47,761
1775447254984,key-29,27
1775447254985,key-45,1505
1775447254988,key-30,50
1775447254988,key-24,185
1775447254989,key-22,761
1775447254990,key-31,274
1775447254992,key-29,35
1775447254993,key-19,906
1775447254994,key-9,54
1775447254996,key-49,1393
1775447254996,key-27,1073
1775447254997,key-19,910
1775447254997,key-31,281
1775447254998,key-9,58
1775447254999,key-29,42
1775447255002,key-24,199
1775447255008,key-24,205
1775447255008,key-16,615
1775447255008,key-45,1528
1775447255008,key-46,909
1775447255009,key-29,52
1775447255011,key-19,924
1775447255019,key-19,932
1775447255019,key-49,1416
1775447255019,key-8,62
1775447255020,key-22,792
1775447255020,key-19,933
1775447255021,key-1,533
1775447255021,key-9,81
1775447255024,key-20,2467
1775447255025,key-45,1545
1775447255026,key-23,154
1775447255028,key-22,800
1775447255029,key-28,6
1775447255029,key-22,801
1775447255033,key-32,1477
1775447255035,key-1,547
1775447255039,key-28,16
1775447255042,key-45,1562
1775447255047,key-13,24
1775447255047,key-9,107
1775447255048,key-17,112
1775447255049,key-31,333
1775447255050,key-9,110
1775447255050,key-20,2493
1775447255060,key-36,2886
1775447255061,key-4,22
1775447255062,key-13,39
1775447255062,key-9,122
1775447255063,key-20,2506
1775447255086,key-9,146
1775447255089,key-16,22
1775447255089,key-22,861
1775447255090,key-9,150
1775447255090,key-13,67
1775447255090,key-23,218
1775447255091,key-22,863
1775447255091,key-39,1244
1775447255091,key-16,24
1775447255091,key-2,503
1775447255091,key-49,1488
1775447255092,key-4,53
1775447255092,key-34,699
1775447255092,key-4,53
1775447255094,key-22,866
1775447255094,key-28,71
1775447255094,key-34,701
1775447255094,key-9,154
1775447255095,key-34,702
1775447255098,key-48,215
1775447255104,key-21,3234
1775447255104,key-9,164
1775447255107,key-34,714
1775447255115,key-39,1268
1775447255117,key-28,94
1775447255117,key-17,181
1775447255117,key-50,189
1775447255118,key-42,504
1775447255120,key-22,892
1775447255120,key-18,1074
1775447255123,key-22,895
1775447255124,key-34,731
1775447255125,key-28,102
1775447255125,key-34,732
1775447255132,key-39,1285
1775447255132,key-21,3262
1775447255132,key-50,204
1775447255133,key-28,110
1775447255134,key-28,111
1775447255134,key-28,111
1775447255135,key-48,252
1775447255137,key-47,21
1775447255139,key-47,23
1775447255141,key-22,913
1775447255142,key-34,749
1775447255144,key-21,15
1775447255144,key-47,28
1775447255149,key-47,33
1775447255156,key-21,27
1775447255157,key-22,929
1775447255157,key-34,764
1775447255157,key-28,134
1775447255158,key-21,29
1775447255159,key-21,30
1775447255159,key-28,136
1775447255164,key-48,281
1775447255165,key-47,49
1775447255166,key-48,283
1775447255168,key-21,39
1775447255168,key-44,13
1775447255169,key-44,14
1775447255173,key-5,1248
1775447255179,key-21,50
1775447255180,key-28,157
1775447255180,key-21,51
1775447255181,key-48,298
1775447255181,key-21,52
1775447255183,key-21,54
1775447255183,key-34,790
1775447255184,key-21,55
1775447255188,key-48,305
1775447255188,key-50,260
1775447255188,key-48,305
1775447255189,key-14,2050
1775447255191,key-21,62
1775447255193,key-8,6
1775447255193,key-28,170
1775447255194,key-34,801
1775447255194,key-44,39
1775447255198,key-8,11
1775447255202,key-17,30
1775447255202,key-37,1596
1775447255202,key-21,73
1775447255203,key-8,16
1775447255204,key-37,1598
1775447255205,key-48,322
1775447255206,key-37,1600
1775447255207,key-14,2068
1775447255209,key-14,2070
1775447255209,key-39,1
1775447255214,key-8,27
1775447255214,key-37,1608
1775447255215,key-14,2076
1775447255215,key-17,43
1775447255216,key-37,1610
1775447255217,key-37,1611
1775447255218,key-14,2079
1775447255219,key-35,1136
1775447255222,key-14,2083
1775447255222,key-46,1123
1775447255232,key-47,116
1775447255233,key-17,61
1775447255233,key-8,46
1775447255233,key-14,2094
1775447255235,key-14,2096
1775447255237,key-37,1631
1775447255240,key-17,68
1775447255240,key-47,124
1775447255241,key-17,69
1775447255242,key-46,1143
1775447255252,key-14,2113
1775447255252,key-14,2113
1775447255253,key-14,2114
1775447255253,key-14,2114
1775447255253,key-17,81
1775447255256,key-3,35
1775447255258,key-14,2119
1775447255258,key-30,320
1775447255258,key-14,2119
1775447255258,key-33,50
1775447255259,key-47,143
1775447255259,key-14,2120
1775447255259,key-14,2120
1775447255259,key-46,1160
1775447255259,key-6,569
1775447255260,key-14,2121
1775447255264,key-3,8
1775447255265,key-14,2126
1775447255266,key-3,10
1775447255272,key-14,2133
1775447255273,key-14,2134
1775447255279,key-14,2140
1775447255279,key-14,2140
1775447255280,key-14,2141
1775447255280,key-6,590
1775447255283,key-14,2144
1775447255284,key-14,2145
1775447255285,key-3,29
1775447255287,key-14,2148
1775447255292,key-43,1383
1775447255293,key-1,15
1775447255294,key-1,16
1775447255295,key-7,1209
1775447255296,key-32,1740
1775447255296,key-46,1197
1775447255300,key-32,1744
1775447255300,key-45,184
1775447255301,key-3,45
1775447255301,key-27,1378
1775447255304,key-15,165
1775447255305,key-15,166
1775447255306,key-36,15
1775447255313,key-3,57
1775447255313,key-32,1757
1775447255314,key-7,1228
1775447255314,key-1,36
1775447255314,key-15,175
1775447255318,key-46,1219
1775447255318,key-32,1762
1775447255318,key-32,1762
1775447255325,key-45,209
1775447255325,key-16,13
1775447255326,key-35,1243
1775447255327,key-20,2770
1775447255333,key-15,194
1775447255333,key-46,1234
1775447255334,key-7,1248
1775447255334,key-1,56
1775447255337,key-46,1238
1775447255338,key-32,1782
1775447255339,key-35,1256
1775447255339,key-17,167
1775447255340,key-20,2783
1775447255340,key-32,1784
1775447255342,key-7,1256
1775447255346,key-15,207
1775447255346,key-20,2789
1775447255346,key-7,1260
1775447255347,key-35,1264
1775447255347,key-7,1261
1775447255348,key-7,1262
1775447255349,key-32,1793
1775447255350,key-46,1251
1775447255350,key-35,1267
1775447255352,key-7,1266
1775447255353,key-37,1
1775447255354,key-13,331
1775447255354,key-41,70
1775447255356,key-37,4
1775447255357,key-20,2800
1775447255358,key-7,1272
1775447255360,key-7,1274
1775447255362,key-19,49
1775447255363,key-9,423
1775447255365,key-13,342
1775447255366,key-37,14
1775447255367,key-19,54
1775447255367,key-7,1281
1775447255368,key-37,16
1775447255370,key-41,86
1775447255370,key-12,542
1775447255370,key-3,114
1775447255372,key-1,94
1775447255373,key-37,21
1775447255374,key-3,118
1775447255376,key-41,92
1775447255376,key-39,168
1775447255378,key-7,1292
1775447255382,key-41,98
1775447255382,key-9,12
1775447255383,key-9,13
1775447255386,key-12,558
1775447255388,key-7,1302
1775447255388,key-37,36
1775447255389,key-13,366
1775447255395,key-1,117
1775447255396,key-43,1487
1775447255396,key-13,373
1775447255396,key-12,568
1775447255397,key-7,1311
1775447255397,key-39,189
1775447255397,key-41,113
1775447255397,key-8,39
1775447255397,key-1,119
1775447255397,key-12,569
1775447255399,key-41,115
1775447255405,key-41,121
1775447255405,key-44,6
1775447255406,key-21,277
1775447255406,key-39,198
1775447255406,key-40,445
1775447255407,key-42,793
1775447255408,key-12,580
1775447255408,key-39,200
1775447255410,key-25,805
1775447255412,key-25,807
1775447255412,key-39,204
1775447255414,key-25,809
1775447255414,key-12,586
1775447255417,key-44,18
1775447255419,key-41,135
1775447255422,key-25,817
1775447255422,key-25,817
1775447255423,key-12,595
1775447255423,key-21,294
1775447255424,key-25,819
1775447255425,key-19,112
1775447255425,key-41,141
1775447255425,key-35,1342
1775447255426,key-25,821
1775447255427,key-41,143
1775447255427,key-12,599
1775447255432,key-26,854
1775447255432,key-19,119
1775447255432,key-32,1876
1775447255440,key-36,149
1775447255442,key-11,151
1775447255442,key-42,828
1775447255443,key-44,44
1775447255443,key-33,235
1775447255443,key-25,838
1775447255443,key-12,615
1775447255443,key-25,838
1775447255444,key-26,866
1775447255444,key-25,839
1775447255446,key-21,317
1775447255447,key-33,239
1775447255448,key-7,1362
1775447255448,key-25,843
1775447255449,key-42,835
1775447255449,key-26,871
1775447255451,key-11,160
1775447255451,key-33,243
1775447255451,key-11,160
1775447255455,key-44,56
1775447255459,key-4,420
1775447255460,key-46,1361
1775447255462,key-4,423
1775447255463,key-42,849
1775447255465,key-11,174
1775447255466,key-45,6
1775447255466,key-26,888
1775447255469,key-25,864
1775447255469,key-5,1544
1775447255469,key-4,430
1775447255470,key-45,10
1775447255470,key-13,447
1775447255473,key-17,301
1775447255477,key-34,1084
1775447255478,key-11,187
1775447255478,key-45,18
1775447255478,key-42,864
1775447255478,key-4,439
1775447255479,key-10,1403
1775447255479,key-4,440
1775447255480,key-5,1555
1775447255481,key-11,190
1775447255485,key-12,657
1775447255487,key-10,1411
1775447255487,key-42,873
1775447255488,key-4,449
1775447255492,key-23,620
1775447255495,key-12,667
1775447255495,key-11,204
1775447255495,key-43,1586
1775447255496,key-43,1587
1775447255496,key-39,288
1775447255497,key-39,289
1775447255498,key-20,2941
1775447255499,key-42,885
1775447255505,key-23,633
1775447255505,key-13,17
1775447255507,key-13,19
1775447255507,key-25,902
1775447255509,key-26,15
1775447255509,key-23,637
1775447255509,key-26,15
1775447255516,key-43,1607
1775447255517,key-42,903
1775447255517,key-26,23
1775447255517,key-13,29
1775447255517,key-23,645
1775447255517,key-23,645
1775447255517,key-26,23
1775447255519,key-23,647
1775447255520,key-26,26
1775447255522,key-23,650
1775447255522,key-39,314
1775447255523,key-39,315
1775447255530,key-26,36
1775447255531,key-8,173
1775447255531,key-13,6
1775447255531,key-49,1928
1775447255531,key-42,917
1775447255533,key-32,1977
1775447255534,key-34,1141
1775447255534,key-26,40
1775447255535,key-34,1142
1775447255537,key-9,3
1775447255537,key-50,174
1775447255538,key-8,180
1775447255539,key-23,667
1775447255540,key-26,46
1775447255541,key-37,189
1775447255543,key-23,671
1775447255545,key-26,51
1775447255549,key-34,1156
1775447255550,key-26,56
1775447255551,key-49,1948
1775447255551,key-23,679
1775447255554,key-49,1951
1775447255555,key-28,532
1775447255558,key-50,195
1775447255558,key-49,1955
1775447255560,key-34,1167
1775447255560,key-49,1957
1775447255566,key-50,203
1775447255566,key-50,203
1775447255567,key-28,544
1775447255569,key-23,697
1775447255569,key-40,608
1775447255569,key-32,20
1775447255569,key-26,75
1775447255569,key-26,75
1775447255572,key-50,209
1775447255572,key-28,549
1775447255573,key-17,401
1775447255573,key-3,9
1775447255579,key-30,641
1775447255584,key-3,20
1775447255584,key-50,221
1775447255584,key-30,646
1775447255584,key-49,1981
1775447255585,key-34,1192
1775447255585,key-50,222
1775447255586,key-49,1983
1775447255587,key-30,649
1775447255589,key-33,381
1775447255589,key-32,40
1775447255590,key-23,718
1775447255593,key-26,99
1775447255594,key-3,30
1775447255594,key-49,1991
1775447255595,key-26,101
1775447255597,key-17,425
1775447255598,key-17,426
1775447255600,key-3,36
1775447255600,key-6,248
1775447255604,key-29,291
1775447255604,key-26,110
1775447255604,key-50,241
1775447255609,key-49,2006
1775447255609,key-26,115
1775447255614,key-50,251
1775447255614,key-17,442
1775447255615,key-47,499
1775447255616,key-30,678
1775447255617,key-23,745
1775447255618,key-6,266
1775447255619,key-50,256
1775447255621,key-23,749
1775447255621,key-26,127
1775447255621,key-23,749
1775447255626,key-23,754
1775447255627,key-31,911
1775447255627,key-4,588
1775447255627,key-46,1528
1775447255629,key-26,135
1775447255629,key-50,266
1775447255630,key-4,591
1775447255631,key-23,759
1775447255634,key-8,276
1775447255639,key-47,523
1775447255639,key-4,600
1775447255640,key-23,768
1775447255641,key-6,289
1775447255642,key-49,2039
1775447255644,key-30,706
1775447255644,key-26,150
1775447255644,key-45,184
1775447255649,key-15,154
1775447255650,key-30,712
1775447255655,key-30,717
1775447255656,key-49,2053
1775447255657,key-45,197
1775447255658,key-7,10
1775447255658,key-30,720
1775447255660,key-46,2
1775447255666,key-26,172
1775447255668,key-4,629
1775447255668,key-30,730
1775447255669,key-26,175
1775447255669,key-46,11
1775447255670,key-46,12
1775447255673,key-30,735
1775447255673,key-5,1748
1775447255676,key-34,1283
1775447255676,key-30,738
1775447255678,key-8,320
1775447255679,key-48,796
1775447255682,key-46,24
1775447255685,key-7,37
1775447255685,key-26,191
1775447255685,key-5,8
1775447255686,key-4,647
1775447255686,key-34,1293
1775447255687,key-26,193
1775447255687,key-30,749
1775447255687,key-4,648
1775447255688,key-30,750
1775447255689,key-46,31
1775447255693,key-38,354
1775447255694,key-8,336
1775447255697,key-5,20
1775447255701,key-38,362
1775447255702,key-8,344
1775447255703,key-8,345
1775447255705,key-33,497
1775447255705,key-6,353
1775447255707,key-38,368
1775447255709,key-23,66
1775447255712,key-38,373
1775447255725,key-36,18
1775447255726,key-42,1112
1775447255726,key-38,387
1775447255726,key-14,20
1775447255726,key-5,49
1775447255727,key-26,233
1775447255728,key-4,689
1775447255728,key-14,22
1775447255729,key-8,371
1775447255729,key-30,791
1775447255729,key-38,390
1775447255731,key-8,373
1775447255733,key-43,1824
1775447255733,key-4,694
1775447255738,key-14,32
1775447255739,key-4,700
1775447255739,key-44,13
1775447255741,key-14,35
1775447255741,key-37,389
1775447255746,key-8,388
1775447255746,key-14,40
1775447255748,key-30,16
1775447255753,key-26,259
1775447255753,key-30,21
1775447255753,key-29,440
1775447255753,key-37,401
1775447255757,key-40,796
1775447255758,key-12,13
1775447255759,key-4,720
1775447255760,key-2,1172
1775447255761,key-5,84
1775447255762,key-26,268
1775447255763,key-17,591
1775447255769,key-29,456
1775447255770,key-37,418
1775447255770,key-5,93
1775447255772,key-16,460
1775447255772,key-4,733
1775447255774,key-20,3217
1775447255776,key-26,282
1775447255779,key-30,47
1775447255781,key-2,1193
1775447255782,key-29,469
1775447255782,key-16,470
1775447255783,key-16,471
1775447255783,key-14,77
1775447255784,key-21,325
1775447255785,key-2,1197
1775447255785,key-16,473
1775447255786,key-5,109
1775447255787,key-30,55
1775447255789,key-26,295
1775447255791,key-30,59
1775447255792,key-24,989
1775447255794,key-2,1206
1775447255797,key-31,2
1775447255799,key-29,486
1775447255799,key-37,447
1775447255800,key-42,1186
1775447255802,key-37,450
1775447255803,key-29,490
1775447255805,key-16,493
1775447255805,key-29,492
1775447255808,key-27,508
1775447255815,key-16,503
1775447255816,key-2,1228
1775447255818,key-30,86
1775447255819,key-5,142
1775447255820,key-29,507
1775447255822,key-29,509
1775447255822,key-29,509
1775447255827,key-37,475
1775447255827,key-22,394
1775447255829,key-37,477
1775447255830,key-48,133
1775447255830,key-26,336
1775447255831,key-8,473
1775447255833,key-48,136
1775447255833,key-2,1245
1775447255835,key-27,534
1775447255835,key-30,103
1775447255835,key-18,1789
1775447255837,key-48,140
1775447255839,key-37,487
1775447255840,key-48,143
1775447255842,key-29,529
1775447255844,key-37,492
1775447255844,key-27,544
1775447255848,key-8,490
1775447255848,key-26,354
1775447255848,key-46,12
1775447255859,key-8,501
1775447255859,key-37,507
1775447255859,key-37,507
1775447255860,key-33,26
1775447255861,key-27,561
1775447255861,key-48,164
1775447255861,key-26,367
1775447255863,key-49,2260
1775447255864,key-27,564
1775447255866,key-37,514
1775447255867,key-37,515
1775447255868,key-45,408
1775447255869,key-5,192
1775447255869,key-37,517
1775447255872,key-37,520
1775447255873,key-48,176
1775447255873,key-33,39
1775447255873,key-34,28
1775447255876,key-34,31
1775447255878,key-33,44
1775447255879,key-44,153
1775447255884,key-44,158
1775447255884,key-37,532
1775447255885,key-45,425
1775447255885,key-26,391
1775447255887,key-33,53
1775447255887,key-37,535
1775447255888,key-34,43
1775447255889,key-37,537
1775447255889,key-44,163
1775447255898,key-37,546
1775447255898,key-44,172
1775447255899,key-21,440
1775447255899,key-5,222
1775447255900,key-21,441
1775447255901,key-38,562
1775447255901,key-2,1313
1775447255902,key-26,408
1775447255910,key-21,451
1775447255910,key-33,76
1775447255910,key-36,203
1775447255911,key-23,268
1775447255911,key-26,417
1775447255911,key-45,13
1775447255912,key-30,180
1775447255913,key-5,236
1775447255913,key-14,207
1775447255913,key-26,419
1775447255914,key-33,80
1775447255915,key-26,421
1775447255921,key-26,427
1775447255922,key-44,196
1775447255924,key-33,90
1775447255926,key-38,587
1775447255926,key-26,432
1775447255926,key-39,718
1775447255927,key-5,250
1775447255930,key-5,253
1775447255930,key-25,1325
1775447255931,key-26,437
1775447255933,key-26,439
1775447255933,key-26,439
1775447255934,key-4,895
1775447255935,key-26,441
1775447255935,key-38,596
1775447255939,key-26,445
1775447255942,key-9,32
1775447255943,key-26,449
1775447255944,key-11,653
1775447255944,key-26,450
1775447255944,key-26,450
1775447255946,key-4,8
1775447255947,key-38,608
1775447255947,key-26,453
1775447255948,key-4,10
1775447255949,key-26,455
1775447255950,key-4,12
1775447255951,key-26,457
1775447255954,key-11,663
1775447255957,key-26,463
1775447255962,key-26,468
1775447255963,key-18,1917
1775447255963,key-26,469
1775447255963,key-11,672
1775447255964,key-26,470
1775447255965,key-14,40
1775447255965,key-26,471
1775447255966,key-20,3409
1775447255966,key-3,350
1775447255967,key-4,29
1775447255968,key-26,474
1775447255969,key-4,31
1775447255971,key-4,33
1775447255972,key-26,478
1775447255980,key-14,55
1775447255980,key-18,1934
1775447255980,key-4,42
1775447255980,key-18,1934
1775447255985,key-18,1939
1775447255986,key-29,673
1775447255986,key-1,708
1775447255988,key-1,710
1775447255988,key-4,50
1775447255989,key-29,676
1775447255990,key-18,1944
1775447255990,key-4,52
1775447255991,key-7,172
1775447255993,key-18,1947
1775447255993,key-3,377
1775447255994,key-47,878
1775447255996,key-15,501
1775447255997,key-49,2394
1775447255999,key-1,721
1775447255999,key-4,61
1775447256005,key-18,1959
1775447256007,key-1,729
1775447256008,key-48,311
1775447256009,key-6,657
1775447256009,key-29,696
1775447256010,key-18,1964
1775447256012,key-4,14
1775447256013,key-19,700
1775447256013,key-48,316
1775447256016,key-18,1970
1775447256017,key-4,19
1775447256019,key-34,174
1775447256019,key-12,11
1775447256021,key-18,1975
1775447256023,key-4,25
1775447256023,key-4,25
1775447256027,key-34,182
1775447256027,key-1,749
1775447256028,key-18,1982
1775447256029,key-18,1983
1775447256030,key-3,414
1775447256030,key-1,752
1775447256031,key-50,668
1775447256032,key-29,719
1775447256032,key-19,719
1775447256036,key-25,1431
1775447256036,key-34,191
1775447256037,key-1,759
1775447256037,key-4,39
1775447256045,key-23,402
1775447256047,key-3,431
1775447256047,key-24,1244
1775447256049,key-44,323
1775447256050,key-25,1445
1775447256050,key-50,687
1775447256050,key-12,42
1775447256050,key-49,2447
1775447256051,key-4,53
1775447256051,key-20,3494
1775447256051,key-47,935
1775447256052,key-1,774
1775447256052,key-25,1447
1775447256052,key-23,409
1775447256056,key-25,1451
1775447256057,key-28,403
1775447256058,key-25,1453
1775447256058,key-47,942
1775447256059,key-47,943
1775447256062,key-5,385
1775447256063,key-47,947
1775447256065,key-25,1460
1775447256066,key-11,13
1775447256070,key-4,72
1775447256071,key-47,955
1775447256071,key-4,73
1775447256071,key-37,719
1775447256074,key-5,397
1775447256075,key-1,797
1775447256075,key-25,1470
1775447256082,key-25,1477
1775447256082,key-12,74
1775447256083,key-11,30
1775447256083,key-47,967
1775447256084,key-11,31
1775447256085,key-37,733
1775447256085,key-31,22
1775447256085,key-46,249
1775447256086,key-5,409
1775447256086,key-11,33
1775447256096,key-25,1491
1775447256096,key-5,419
1775447256097,key-11,44
1775447256098,key-20,3541
1775447256100,key-30,368
1775447256101,key-46,265
1775447256109,key-25,1504
1775447256109,key-40,1148
1775447256114,key-20,3557
1775447256115,key-11,62
1775447256115,key-11,62
1775447256115,key-5,438
1775447256116,key-11,63
1775447256116,key-25,1511
1775447256116,key-31,53
1775447256116,key-37,764
1775447256117,key-46,281
1775447256119,key-5,442
1775447256122,key-44,21
1775447256123,key-46,287
1775447256124,key-37,772
1775447256124,key-5,447
1775447256124,key-46,288
1775447256126,key-30,394
1775447256126,key-31,63
1775447256137,key-49,2534
1775447256138,key-15,643
1775447256139,key-4,141
1775447256140,key-27,13
1775447256140,key-20,3583
1775447256146,key-31,83
1775447256146,key-11,93
1775447256151,key-31,88
1775447256155,key-24,1352
1775447256156,key-15,661
1775447256157,key-44,56
1775447256159,key-31,96
1775447256159,key-49,2556
1775447256161,key-15,666
1775447256162,key-5,485
1775447256163,key-27,36
1775447256164,key-4,166
1775447256164,key-49,2561
1775447256167,key-49,2564
1775447256170,key-42,1556
1775447256173,key-49,2570
1775447256173,key-4,175
1775447256175,key-4,177
1775447256179,key-5,502
1775447256184,key-31,121
1775447256185,key-4,187
1775447256187,key-4,189
1775447256190,key-44,89
1775447256191,key-5,514
1775447256191,key-18,2145
1775447256192,key-8,834
1775447256193,key-44,92
1775447256195,key-18,2149
1775447256195,key-29,882
1775447256197,key-5,520
1775447256201,key-3,14
1775447256205,key-42,1591
1775447256206,key-29,893
1775447256210,key-47,1094
1775447256210,key-19,897
1775447256212,key-4,214
1775447256213,key-5,536
1775447256214,key-49,2611
1775447256215,key-8,857
1775447256217,key-5,540
1775447256217,key-8,859
1775447256218,key-44,117
1775447256225,key-5,548
1775447256233,key-47,1117
1775447256234,key-29,921
1775447256234,key-44,133
1775447256238,key-29,925
1775447256239,key-25,17
1775447256241,key-8,883
1775447256241,key-47,1125
1775447256243,key-37,891
1775447256244,key-44,143
1775447256247,key-8,889
1775447256248,key-47,1132
1775447256250,key-33,13
1775447256251,key-32,1
1775447256254,key-13,729
1775447256257,key-25,16
1775447256262,key-47,1146
1775447256262,key-25,21
1775447256263,key-5,586
1775447256266,key-47,1150
1775447256266,key-47,1150
1775447256267,key-44,166
1775447256270,key-25,29
1775447256273,key-8,915
1775447256273,key-44,172
1775447256274,key-25,33
1775447256279,key-37,927
1775447256281,key-34,436
1775447256282,key-13,757
1775447256284,key-34,439
1775447256284,key-13,759
1775447256285,key-33,48
1775447256285,key-10,2209
1775447256286,key-42,1672
1775447256287,key-25,46
1775447256289,key-33,52
1775447256290,key-4,26
1775447256295,key-13,770
1775447256296,key-44,195
1775447256297,key-47,1181
1775447256299,key-25,58
1775447256304,key-13,779
1775447256307,key-36,180
1775447256309,key-13,784
1775447256317,key-25,76
1775447256317,key-34,472
1775447256318,key-12,310
1775447256318,key-37,966
1775447256318,key-37,966
1775447256319,key-15,824
1775447256326,key-13,801
1775447256327,key-13,802
1775447256327,key-25,86
1775447256329,key-42,1715
1775447256331,key-13,806
1775447256334,key-13,809
1775447256337,key-25,96
1775447256337,key-37,985
1775447256341,key-11,288
1775447256343,key-35,2260
1775447256343,key-25,102
1775447256343,key-33,106
1775447256346,key-37,3
1775447256349,key-13,824
1775447256349,key-36,222
1775447256353,key-35,2270
1775447256354,key-37,11
1775447256357,key-35,2274
1775447256358,key-13,833
1775447256359,key-25,118
1775447256361,key-1,1083
1775447256364,key-13,839
1775447256364,key-13,839
1775447256370,key-4,106
1775447256371,key-37,28
1775447256372,key-14,447
1775447256374,key-13,849
1775447256378,key-25,137
1775447256379,key-13,854
1775447256386,key-19,1073
1775447256387,key-2,1799
1775447256387,key-13,862
1775447256387,key-25,146
1775447256387,key-35,2304
1775447256388,key-9,405
1775447256402,key-25,161
1775447256403,key-14,478
1775447256403,key-35,2320
1775447256404,key-35,2321
1775447256410,key-14,485
1775447256411,key-47,1295
1775447256412,key-1,1134
1775447256412,key-43,456
1775447256414,key-25,173
1775447256414,key-1,1136
1775447256414,key-3,227
1775447256417,key-25,176
1775447256419,key-43,463
1775447256419,key-25,178
1775447256421,key-3,234
1775447256422,key-27,295
1775447256422,key-35,2339
1775447256425,key-36,298
1775447256426,key-14,16
1775447256432,key-35,2349
1775447256439,key-43,483
1775447256441,key-1,1163
1775447256441,key-23,24
1775447256442,key-45,544
1775447256443,key-38,1104
1775447256443,key-1,1165
1775447256444,key-35,2361
1775447256446,key-43,490
1775447256447,key-5,23
1775447256447,key-1,1169
1775447256448,key-41,3
1775447256449,key-35,2366
1775447256453,key-41,8
1775447256454,key-1,1176
1775447256459,key-6,1107
1775447256460,key-41,15
1775447256461,key-43,505
1775447256461,key-41,16
1775447256461,key-47,1345
1775447256464,key-38,1125
1775447256465,key-45,567
1775447256465,key-4,201
1775447256465,key-41,20
1775447256465,key-35,2382
1775447256468,key-1,1190
1775447256468,key-45,570
1775447256471,key-5,47
1775447256472,key-1,1194
1775447256474,key-4,210
1775447256477,key-1,1199
1775447256478,key-1,1200
1775447256496,key-5,72
1775447256497,key-47,1381
1775447256497,key-1,1219
1775447256498,key-5,74
1775447256498,key-45,600
1775447256501,key-1,1223
1775447256502,key-43,29
1775447256503,key-5,79
1775447256503,key-28,40
1775447256504,key-1,1226
1775447256504,key-45,606
1775447256507,key-47,1391
1775447256507,key-2,1919
1775447256508,key-47,1392
1775447256508,key-1,1230
1775447256508,key-5,84
1775447256512,key-44,411
1775447256513,key-47,1397
1775447256513,key-5,89
1775447256514,key-1,1236
1775447256520,key-2,1932
1775447256521,key-25,280
1775447256521,key-28,58
1775447256524,key-44,423
1775447256528,key-22,1095
1775447256529,key-45,631
1775447256529,key-5,105
1775447256531,key-44,430
1775447256534,key-28,71
1775447256535,key-1,22
1775447256536,key-1,23
1775447256539,key-1,26
1775447256544,key-49,2941
1775447256545,key-20,6
1775447256545,key-9,16
1775447256546,key-33,309
1775447256546,key-22,1113
1775447256547,key-47,1431
1775447256548,key-50,1185
1775447256548,key-1,35
1775447256549,key-9,20
1775447256550,key-20,11
1775447256553,key-40,1592
1775447256554,key-30,21
1775447256554,key-20,15
1775447256555,key-50,1192
1775447256555,key-44,454
1775447256560,key-12,552
1775447256561,key-20,22
1775447256567,key-22,1134
1775447256568,key-30,35
1775447256568,key-1,55
1775447256568,key-20,29
1775447256568,key-9,39
1775447256569,key-40,1608
1775447256569,key-1,56
1775447256570,key-25,329
1775447256570,key-6,1218
1775447256570,key-1,57
1775447256581,key-20,42
1775447256582,key-26,1088
1775447256582,key-40,1621
1775447256582,key-1,69
1775447256582,key-22,1149
1775447256583,key-30,50
1775447256584,key-30,51
1775447256584,key-1,71
1775447256585,key-20,46
1775447256587,key-2,1999
1775447256588,key-38,1249
1775447256588,key-20,49
1775447256588,key-2,2000
1775447256590,key-10,2514
1775447256596,key-1,83
1775447256597,key-30,64
1775447256599,key-20,60
1775447256602,key-38,1263
1775447256603,key-30,70
1775447256603,key-38,1264
1775447256604,key-26,1110
1775447256605,key-40,1644
1775447256606,key-30,73
1775447256606,key-20,67
1775447256607,key-30,74
1775447256608,key-2,2020
1775447256615,key-1,102
1775447256615,key-20,76
1775447256617,key-1,104
1775447256617,key-33,380
1775447256618,key-40,1657
1775447256619,key-20,80
1775447256620,key-29,1307
1775447256621,key-38,1282
1775447256625,key-16,22
1775447256626,key-43,153
1775447256626,key-20,87
1775447256627,key-30,94
1775447256630,key-17,134
1775447256631,key-38,1292
1775447256632,key-20,93
1775447256636,key-32,386
1775447256637,key-33,400
1775447256638,key-20,99
1775447256638,key-30,105
1775447256638,key-19,192
1775447256640,key-18,202
1775447256641,key-19,195
1775447256643,key-33,406
1775447256645,key-45,747
1775447256647,key-2,2059
1775447256647,key-47,88
1775447256649,key-20,110
1775447256650,key-37,307
1775447256650,key-17,154
1775447256651,key-30,118
1775447256661,key-19,215
1775447256667,key-20,128
1775447256668,key-15,7
1775447256668,key-31,605
1775447256668,key-20,129
1775447256668,key-32,418
1775447256670,key-46,45
1775447256671,key-41,226
1775447256671,key-45,773
1775447256672,key-35,2589
1775447256673,key-19,227
1775447256677,key-20,138
1775447256677,key-19,231
1775447256678,key-32,428
1775447256679,key-19,233
1775447256681,key-20,142
1775447256681,key-23,264
1775447256683,key-11,306
1775447256683,key-19,237
1775447256684,key-32,434
1775447256685,key-19,239
1775447256687,key-11,310
1775447256687,key-19,241
1775447256695,key-29,23
1775447256696,key-20,157
1775447256697,key-46,72
1775447256697,key-32,447
1775447256698,key-20,159
1775447256698,key-27,571
1775447256698,key-29,26
1775447256699,key-19,253
1775447256702,key-29,30
1775447256702,key-40,1741
1775447256704,key-20,165
1775447256706,key-29,34
1775447256706,key-29,34
1775447256711,key-21,56
1775447256715,key-20,176
1775447256719,key-36,16
1775447256720,key-29,48
1775447256721,key-29,49
1775447256721,key-40,1760
1775447256721,key-32,471
1775447256721,key-29,49
1775447256722,key-29,50
1775447256722,key-29,50
1775447256722,key-20,12
1775447256723,key-29,51
1775447256725,key-20,15
1775447256726,key-36,23
1775447256727,key-20,17
1775447256729,key-20,19
1775447256730,key-29,58
1775447256731,key-36,28
1775447256733,key-11,356
1775447256738,key-32,488
1775447256738,key-17,242
1775447256739,key-20,29
1775447256739,key-32,489
1775447256739,key-20,29
1775447256741,key-29,69
1775447256741,key-18,303
1775447256741,key-11,364
1775447256742,key-32,492
1775447256744,key-20,34
1775447256747,key-32,497
1775447256748,key-32,498
1775447256748,key-11,371
1775447256748,key-18,310
1775447256748,key-20,38
1775447256750,key-18,312
1775447256750,key-32,500
1775447256753,key-36,50
1775447256753,key-20,43
1775447256762,key-20,52
1775447256762,key-32,512
1775447256763,key-13,1238
1775447256765,key-18,327
1775447256766,key-29,94
1775447256767,key-12,759
1775447256771,key-32,521
1775447256772,key-20,62
1775447256772,key-14,362
1775447256774,key-20,64
1775447256777,key-18,339
1775447256779,key-20,69
1775447256780,key-45,882
1775447256783,key-36,80
1775447256783,key-32,533
1775447256784,key-50,63
1775447256784,key-20,74
1775447256789,key-13,1264
1775447256789,key-40,18
1775447256789,key-22,134
1775447256790,key-7,971
1775447256790,key-20,80
1775447256790,key-3,603
1775447256791,key-25,550
1775447256792,key-50,9
1775447256793,key-20,83
1775447256793,key-20,83
1775447256797,key-20,87
1775447256797,key-7,978
1775447256802,key-12,794
1775447256802,key-7,983
1775447256803,key-13,1278
1775447256804,key-12,796
1775447256804,key-1,291
1775447256806,key-22,151
1775447256808,key-20,98
1775447256808,key-3,621
1775447256810,key-20,100
1775447256811,key-7,992
1775447256811,key-25,570
1775447256812,key-20,102
1775447256814,key-14,8
1775447256815,key-48,1118
1775447256816,key-20,106
1775447256818,key-20,108
1775447256819,key-20,109
1775447256819,key-48,1122
1775447256820,key-46,195
1775447256821,key-28,358
1775447256821,key-20,111
1775447256825,key-1,312
1775447256828,key-8,20
1775447256829,key-20,119
1775447256829,key-20,119
1775447256830,key-49,126
1775447256830,key-28,367
1775447256831,key-48,1134
1775447256839,key-26,1345
1775447256839,key-20,129
1775447256840,key-20,130
1775447256841,key-8,33
1775447256843,key-8,35
1775447256848,key-28,385
1775447256848,key-28,385
1775447256852,key-8,44
1775447256854,key-48,1157
1775447256854,key-49,150
1775447256855,key-15,194
1775447256855,key-2,27
1775447256857,key-12,23
1775447256858,key-25,617
1775447256859,key-26,1365
1775447256861,key-26,1367
1775447256862,key-15,201
1775447256864,key-49,160
1775447256864,key-48,1167
1775447256865,key-8,57
1775447256866,key-48,1169
1775447256867,key-48,1170
1775447256869,key-48,1172
1775447256872,key-28,409
1775447256874,key-33,171
1775447256875,key-8,67
1775447256876,key-48,1179
1775447256878,key-27,4
1775447256878,key-8,70
1775447256880,key-35,2797
1775447256881,key-8,73
1775447256888,key-48,1191
1775447256891,key-49,187
1775447256891,key-26,1397
1775447256891,key-6,120
1775447256892,key-8,84
1775447256893,key-24,2090
1775447256895,key-48,1198
1775447256899,key-49,195
1775447256903,key-48,1206
1775447256903,key-49,199
1775447256905,key-8,97
1775447256905,key-33,202
1775447256907,key-48,1210
1775447256907,key-33,204
1775447256907,key-39,1699
1775447256911,key-8,103
1775447256911,key-12,16
1775447256911,key-29,239
1775447256912,key-39,1704
1775447256914,key-49,210
1775447256915,key-1,10
1775447256921,key-8,113
1775447256921,key-29,249
1775447256922,key-15,261
1775447256925,key-1,20
1775447256926,key-4,662
1775447256926,key-8,118
1775447256926,key-48,1229
1775447256927,key-48,1230
1775447256929,key-39,1721
1775447256930,key-39,1722
1775447256930,key-33,227
1775447256932,key-8,124
1775447256933,key-39,1725
1775447256935,key-1,30
1775447256935,key-1,30
1775447256935,key-39,1727
1775447256945,key-48,1248
1775447256945,key-4,681
1775447256946,key-39,1738
1775447256952,key-39,1744
1775447256952,key-1,47
1775447256955,key-22,300
1775447256956,key-48,1259
1775447256956,key-39,1748
1775447256958,key-39,1750
1775447256958,key-14,17
1775447256959,key-32,709
1775447256960,key-30,3
1775447256961,key-22,306
1775447256964,key-39,1756
1775447256966,key-48,1269
1775447256967,key-39,1759
1775447256969,key-39,1761
1775447256970,key-39,1762
1775447256973,key-39,1765
1775447256973,key-39,1765
1775447256975,key-18,537
1775447256977,key-22,322
1775447256979,key-22,324
1775447256979,key-1,74
1775447256980,key-48,1283
1775447256984,key-48,1287
1775447256989,key-39,1781
1775447256989,key-32,739
1775447256990,key-48,1293
1775447256991,key-22,336
1775447256994,key-39,1786
1775447256995,key-32,745
1775447256997,key-38,16
1775447256998,key-39,1790
1775447256999,key-48,1302
1775447257001,key-48,1304
1775447257001,key-2,173
1775447257002,key-48,1305
1775447257002,key-18,564
1775447257003,key-1,98
1775447257003,key-39,1795
1775447257004,key-19,558
1775447257004,key-44,903
1775447257010,key-38,29
1775447257010,key-1,105
1775447257011,key-22,356
1775447257012,key-39,1804
1775447257012,key-19,566
1775447257013,key-21,358
1775447257014,key-1,109
1775447257015,key-1,110
1775447257018,key-21,363
1775447257018,key-19,572
1775447257020,key-1,115
1775447257023,key-48,1326
1775447257025,key-12,130
1775447257026,key-16,7
1775447257027,key-18,589
1775447257028,key-39,1820
1775447257030,key-12,135
1775447257032,key-12,137
1775447257033,key-16,14
1775447257034,key-19,588
1775447257036,key-20,326
1775447257039,key-21,384
1775447257041,key-39,1833
1775447257043,key-12,148
1775447257043,key-39,1835
1775447257047,key-21,392
1775447257047,key-12,152
1775447257049,key-20,339
1775447257057,key-12,162
1775447257057,key-12,162
1775447257059,key-10,2983
1775447257060,key-10,2984
1775447257060,key-12,165
1775447257061,key-39,1853
1775447257062,key-12,167
1775447257063,key-19,617
1775447257067,key-19,621
1775447257068,key-49,364
1775447257072,key-31,1009
1775447257076,key-30,20
1775447257078,key-12,183
1775447257079,key-31,1016
1775447257082,key-12,187
1775447257083,key-19,637
1775447257086,key-31,1023
1775447257086,key-20,376
1775447257086,key-11,709
1775447257088,key-11,711
1775447257098,key-6,327
1775447257098,key-11,721
1775447257098,key-11,721
1775447257099,key-44,998
1775447257099,key-50,316
1775447257099,key-10,3023
1775447257100,key-12,205
1775447257101,key-30,2
1775447257101,key-11,724
1775447257113,key-30,14
1775447257114,key-13,1589
1775447257120,key-11,743
1775447257120,key-11,743
1775447257121,key-6,350
1775447257122,key-30,23
1775447257126,key-16,27
1775447257127,key-20,417
1775447257127,key-25,886
1775447257133,key-1,228
1775447257134,key-3,287
1775447257135,key-12,240
1775447257138,key-6,367
1775447257138,key-11,761
1775447257139,key-11,762
1775447257140,key-25,899
1775447257140,key-30,41
1775447257141,key-6,370
1775447257142,key-12,3
1775447257147,key-6,376
1775447257147,key-24,2344
1775447257148,key-38,167
1775447257148,key-3,301
1775447257152,key-30,53
1775447257152,key-12,13
1775447257152,key-11,775
1775447257154,key-15,493
1775447257155,key-17,659
1775447257155,key-8,347
1775447257166,key-30,67
1775447257167,key-28,9
1775447257167,key-28,9
1775447257168,key-12,29
1775447257168,key-25,927
1775447257168,key-9,639
1775447257170,key-28,12
1775447257173,key-15,512
1775447257175,key-28,17
1775447257176,key-11,799
1775447257178,key-17,682
1775447257179,key-6,408
1775447257179,key-3,332
1775447257181,key-36,478
1775447257181,key-14,25
1775447257183,key-38,202
1775447257187,key-38,206
1775447257189,key-43,149
1775447257190,key-28,32
1775447257191,key-28,33
1775447257192,key-27,318
1775447257194,key-28,36
1775447257195,key-17,699
1775447257195,key-9,666
1775447257196,key-1,291
1775447257198,key-11,821
1775447257199,key-15,538
1775447257199,key-17,703
1775447257200,key-6,429
1775447257202,key-39,1994
1775447257204,key-15,543
1775447257204,key-5,780
1775447257212,key-28,54
1775447257213,key-1,308
1775447257213,key-38,232
1775447257213,key-47,509
1775447257215,key-17,719
1775447257216,key-28,58
1775447257217,key-26,1723
1775447257217,key-44,1116
1775447257217,key-39,2009
1775447257218,key-17,722
1775447257219,key-28,61
1775447257220,key-46,595
1775447257223,key-47,519
1775447257226,key-38,245
1775447257228,key-32,978
1775447257229,key-38,248
1775447257230,key-6,459
1775447257232,key-17,736
1775447257233,key-17,737
1775447257234,key-2,406
1775447257235,key-1,330
1775447257242,key-18,804
1775447257242,key-28,84
1775447257244,key-39,2036
1775447257245,key-19,110
1775447257248,key-38,1
1775447257248,key-28,90
1775447257250,key-17,754
1775447257253,key-32,1003
1775447257254,key-6,483
1775447257256,key-32,1006
1775447257258,key-42,348
1775447257260,key-41,815
1775447257264,key-42,354
1775447257266,key-32,1016
1775447257267,key-6,496
1775447257272,key-6,501
1775447257274,key-32,1024
1775447257277,key-6,506
1775447257278,key-28,120
1775447257279,key-8,471
1775447257279,key-28,121
1775447257280,key-32,1030
1775447257282,key-28,124
1775447257282,key-34,310
1775447257288,key-25,1047
1775447257292,key-8,484
1775447257295,key-6,524
1775447257300,key-8,492
1775447257300,key-3,453
1775447257301,key-12,162
1775447257301,key-6,530
1775447257305,key-6,534
1775447257307,key-41,5
1775447257310,key-8,502
1775447257311,key-6,540
1775447257311,key-28,153
1775447257314,key-46,689
1775447257325,key-22,670
1775447257327,key-8,519
1775447257328,key-8,520
1775447257329,key-28,171
1775447257333,key-14,177
1775447257333,key-6,562
1775447257340,key-41,38
1775447257341,key-15,32
1775447257341,key-41,39
1775447257342,key-2,514
1775447257343,key-10,3267
1775447257349,key-32,1099
1775447257352,key-8,544
1775447257354,key-25,29
1775447257354,key-17,39
1775447257355,key-15,46
1775447257356,key-25,31
1775447257357,key-12,10
1775447257361,key-12,14
1775447257364,key-21,709
1775447257365,key-8,557
1775447257367,key-25,42
1775447257368,key-41,66
1775447257370,key-15,61
1775447257377,key-21,722
1775447257378,key-8,570
1775447257378,key-43,338
1775447257378,key-17,63
1775447257382,key-44,15
1775447257383,key-12,36
1775447257385,key-35,3302
1775447257385,key-23,26
1775447257386,key-33,683
1775447257387,key-49,683
1775447257388,key-2,560
1775447257392,key-28,234
1775447257393,key-8,585
1775447257395,key-44,28
1775447257398,key-8,590
1775447257399,key-49,695
1775447257405,key-45,3
1775447257405,key-45,3
1775447257407,key-45,5
1775447257407,key-33,704
1775447257411,key-12,64
1775447257411,key-23,52
1775447257412,key-45,10
1775447257412,key-41,110
1775447257413,key-9,884
1775447257415,key-46,790
1775447257416,key-45,14
1775447257418,key-39,2210
1775447257420,key-24,2617
1775447257425,key-1,20
1775447257426,key-27,552
1775447257427,key-16,68
1775447257428,key-45,26
1775447257429,key-39,2221
1775447257430,key-24,2627
1775447257430,key-1,25
1775447257438,key-41,136
1775447257443,key-24,2640
1775447257443,key-12,96
1775447257444,key-3,597
1775447257444,key-24,2641
1775447257444,key-26,1950
1775447257447,key-50,664
1775447257449,key-1,44
1775447257449,key-12,102
1775447257453,key-21,798
1775447257453,key-24,2650
1775447257453,key-39,2245
1775447257453,key-14,297
1775447257454,key-24,2651
1775447257455,key-30,356
1775447257460,key-15,151
1775447257470,key-50,687
1775447257471,key-5,1047
1775447257471,key-24,2668
1775447257473,key-50,690
1775447257473,key-39,2265
1775447257475,key-39,2267
1775447257477,key-24,2674
1775447257478,key-30,379
1775447257480,key-21,825
1775447257485,key-34,513
1775447257486,key-21,831
1775447257486,key-39,2278
1775447257487,key-32,1237
1775447257492,key-44,125
1775447257492,key-21,837
1775447257493,key-21,838
1775447257494,key-32,1244
1775447257494,key-8,686
1775447257494,key-13,79
1775447257500,key-50,717
1775447257501,key-24,2698
1775447257502,key-25,177
1775447257513,key-39,2305
1775447257514,key-38,169
1775447257515,key-32,1265
1775447257515,key-8,707
1775447257516,key-48,1819
1775447257516,key-42,606
1775447257517,key-35,3434
1775447257520,key-29,205
1775447257523,key-35,3440
1775447257523,key-32,1273
1775447257524,key-38,179
1775447257524,key-39,2316
1775447257524,key-40,753
1775447257525,key-32,1275
1775447257526,key-35,3443
1775447257527,key-4,1263
1775447257529,key-35,3446
1775447257529,key-26,14
1775447257529,key-40,758
1775447257534,key-35,3451
1775447257534,key-4,1270
1775447257535,key-35,3452
1775447257536,key-35,3453
1775447257542,key-4,1278
1775447257542,key-32,1292
1775447257543,key-35,3460
1775447257544,key-32,1294
1775447257550,key-4,1286
1775447257555,key-35,3472
1775447257555,key-24,2752
1775447257556,key-5,1132
1775447257556,key-35,3473
1775447257556,key-38,211
1775447257556,key-40,785
1775447257565,key-35,3482
1775447257565,key-40,794
1775447257566,key-43,177
1775447257566,key-35,3483
1775447257567,key-33,128
1775447257568,key-38,223
1775447257569,key-32,1319
1775447257571,key-26,56
1775447257572,key-34,28
1775447257573,key-4,1309
1775447257573,key-20,863
1775447257574,key-4,1310
1775447257587,key-40,816
1775447257588,key-35,3505
1775447257588,key-4,1324
1775447257588,key-26,73
1775447257588,key-38,243
1775447257590,key-14,434
1775447257592,key-42,682
1775447257595,key-20,885
1775447257600,key-5,1176
1775447257602,key-26,87
1775447257602,key-40,831
1775447257602,key-45,200
1775447257604,key-28,446
1775447257604,key-42,694
1775447257607,key-4,1343
1775447257608,key-10,3532
1775447257609,key-4,1345
1775447257613,key-4,1349
1775447257613,key-4,1349
1775447257614,key-45,212
1775447257618,key-43,229
1775447257621,key-25,296
1775447257626,key-4,1362
1775447257626,key-10,3550
1775447257626,key-34,82
1775447257630,key-4,1366
1775447257631,key-40,860
1775447257634,key-22,979
1775447257634,key-40,863
1775447257635,key-22,980
1775447257636,key-40,865
1775447257647,key-10,3571
1775447257647,key-44,280
1775447257651,key-4,1387
1775447257652,key-4,1388
1775447257654,key-20,944
1775447257654,key-33,215
1775447257656,key-40,885
1775447257664,key-34,120
1775447257664,key-25,339
1775447257669,key-22,1014
1775447257670,key-22,1015
1775447257671,key-50,155
1775447257672,key-31,1609
1775447257675,key-22,1020
1775447257679,key-20,969
1775447257680,key-18,1242
1775447257681,key-36,182
1775447257683,key-31,1620
1775447257683,key-22,1028
1775447257684,key-40,913
1775447257684,key-33,245
1775447257686,key-40,915
1775447257697,key-36,198
1775447257698,key-41,396
1775447257702,key-2,874
1775447257702,key-15,393
1775447257707,key-15,398
1775447257715,key-46,1090
1775447257719,key-20,1009
1775447257720,key-22,1065
1775447257720,key-15,411
1775447257721,key-42,811
1775447257723,key-15,414
1775447257723,key-2,895
1775447257731,key-15,422
1775447257732,key-49,4
1775447257732,key-24,2929
1775447257737,key-36,9
1775447257737,key-24,2934
1775447257739,key-2,911
1775447257739,key-2,911
1775447257740,key-15,431
1775447257744,key-35,3661
1775447257744,key-43,355
1775447257745,key-2,917
1775447257746,key-43,357
1775447257747,key-30,41
1775447257755,key-2,927
1775447257756,key-32,34
1775447257760,key-3,913
1775447257761,key-30,55
1775447257762,key-35,3679
1775447257763,key-24,2960
1775447257764,key-2,936
1775447257765,key-2,937
1775447257768,key-42,26
1775447257768,key-15,459
1775447257771,key-3,924
1775447257774,key-2,946
1775447257783,key-38,438
1775447257784,key-30,78
1775447257785,key-33,346
1775447257786,key-2,958
1775447257786,key-7,127
1775447257789,key-15,480
1775447257790,key-35,3707
1775447257796,key-40,1025
1775447257797,key-5,38
1775447257797,key-2,969
1775447257798,key-2,970
1775447257798,key-1,393
1775447257799,key-2,971
1775447257804,key-2,976
1775447257806,key-2,978
1775447257810,key-2,6
1775447257810,key-8,1002
1775447257813,key-2,9
1775447257814,key-33,15
1775447257824,key-2,20
1775447257836,key-2,32
1775447257836,key-32,114
1775447257836,key-2,32
1775447257836,key-2,32
1775447257840,key-45,438
1775447257844,key-2,40
1775447257849,key-48,2152
1775447257850,key-47,325
1775447257850,key-33,51
1775447257851,key-32,129
1775447257851,key-2,47
1775447257851,key-2,47
1775447257853,key-19,354
1775447257854,key-17,539
1775447257854,key-48,2157
1775447257854,key-2,50
1775447257855,key-45,453
1775447257855,key-32,133
1775447257857,key-32,135
1775447257861,key-17,546
1775447257868,key-45,466
1775447257871,key-2,67
1775447257873,key-33,74
1775447257874,key-45,472
1775447257875,key-2,71
1775447257876,key-2,72
1775447257876,key-5,117
1775447257876,key-2,72
1775447257878,key-32,156
1775447257878,key-32,156
1775447257880,key-17,565
1775447257880,key-4,1616
1775447257890,key-32,168
1775447257890,key-26,375
1775447257894,key-5,135
1775447257895,key-50,379
1775447257896,key-34,352
1775447257898,key-4,1634
1775447257900,key-11,66
1775447257901,key-29,586
1775447257901,key-9,1372
1775447257902,key-34,358
1775447257908,key-5,149
1775447257909,key-49,181
1775447257910,key-23,551
1775447257913,key-50,397
1775447257914,key-4,1650
1775447257915,key-49,187
1775447257916,key-48,2219
1775447257916,key-17,601
1775447257917,key-50,401
1775447257924,key-32,202
1775447257925,key-35,3842
1775447257925,key-26,410
1775447257927,key-44,560
1775447257936,key-4,1672
1775447257936,key-36,208
1775447257938,key-44,571
1775447257938,key-37,1595
1775447257939,key-50,423
1775447257939,key-23,580
1775447257939,key-23,580
1775447257941,key-23,582
1775447257949,key-26,434
1775447257951,key-50,435
1775447257952,key-23,593
1775447257955,key-16,596
1775447257955,key-26,440
1775447257956,key-29,641
1775447257957,key-37,1614
1775447257964,key-4,1700
1775447257964,key-16,605
1775447257966,key-5,16
1775447257975,key-5,25
1775447257977,key-41,70
1775447257978,key-25,121
1775447257980,key-16,621
1775447257980,key-26,465
1775447257983,key-33,184
1775447257983,key-29,668
1775447257984,key-23,625
1775447257984,key-5,34
1775447257985,key-16,626
1775447257994,key-48,2297
1775447257995,key-16,636
1775447257996,key-29,681
1775447258005,key-3,31
1775447258006,key-37,1663
1775447258006,key-48,2309
1775447258007,key-16,648
1775447258008,key-16,649
1775447258008,key-19,509
1775447258009,key-3,35
1775447258010,key-19,511
1775447258013,key-7,8
1775447258013,key-3,39
1775447258013,key-26,498
1775447258014,key-7,9
1775447258019,key-25,162
1775447258024,key-49,296
1775447258027,key-3,53
1775447258027,key-48,2330
1775447258031,key-16,672
1775447258033,key-3,59
1775447258037,key-48,2340
1775447258049,key-3,75
1775447258049,key-48,2352
1775447258050,key-26,535
1775447258050,key-22,1395
1775447258051,key-48,2354
1775447258054,key-35,3971
1775447258054,key-48,2357
1775447258057,key-28,9
1775447258061,key-48,2364
1775447258062,key-34,14
1775447258068,key-30,20
1775447258068,key-9,1539
1775447258079,key-28,31
1775447258080,key-30,32
1775447258080,key-16,721
1775447258081,key-28,33
1775447258082,key-49,15
1775447258087,key-2,283
1775447258088,key-4,1824
1775447258092,key-26,16
1775447258094,key-11,260
1775447258095,key-28,47
1775447258096,key-14,940
1775447258096,key-48,2399
1775447258096,key-44,729
1775447258097,key-30,7
1775447258098,key-30,8
1775447258101,key-11,267
1775447258109,key-44,742
1775447258110,key-34,62
1775447258110,key-49,43
1775447258110,key-8,1302
1775447258111,key-49,44
1775447258115,key-26,39
1775447258116,key-7,111
1775447258116,key-40,153
1775447258118,key-48,2421
1775447258120,key-48,2423
1775447258121,key-33,322
1775447258122,key-37,1779
1775447258122,key-39,92
1775447258126,key-48,2429
1775447258126,key-14,970
1775447258127,key-48,2430
1775447258129,key-44,762
1775447258130,key-17,815
1775447258131,key-48,2434
1775447258134,key-41,144
1775447258135,key-18,1697
1775447258143,key-49,76
1775447258145,key-48,2448
1775447258146,key-7,141
1775447258147,key-18,1709
1775447258148,key-33,349
1775447258150,key-13,735
1775447258150,key-14,994
1775447258153,key-33,354
1775447258157,key-48,2460
1775447258157,key-44,790
1775447258158,key-18,1720
1775447258160,key-36,432
1775447258160,key-4,15
1775447258160,key-33,361
1775447258161,key-37,33
1775447258164,key-22,102
1775447258165,key-4,20
1775447258170,key-18,1732
1775447258170,key-25,313
1775447258170,key-4,25
1775447258173,key-5,4
1775447258175,key-25,318
1775447258175,key-18,1737
1775447258178,key-34,130
1775447258179,key-33,380
1775447258179,key-11,345
1775447258181,key-18,1743
1775447258183,key-11,349
1775447258189,key-4,44
1775447258189,key-1,784
1775447258190,key-25,333
1775447258190,key-31,2127
1775447258192,key-25,335
1775447258196,key-15,357
1775447258196,key-25,339
1775447258198,key-18,1760
1775447258198,key-22,26
1775447258199,key-3,225
1775447258200,key-15,361
1775447258200,key-25,343
1775447258202,key-3,228
1775447258207,key-11,373
1775447258208,key-18,1770
1775447258209,key-11,375
1775447258210,key-30,120
1775447258213,key-31,2150
1775447258213,key-25,356
1775447258214,key-46,1589
1775447258219,key-25,362
1775447258219,key-4,74
1775447258221,key-24,3418
1775447258223,key-11,389
1775447258227,key-31,2164
1775447258229,key-4,84
1775447258231,key-4,86
1775447258231,key-9,1702
1775447258234,key-25,377
1775447258235,key-11,401
1775447258236,key-25,379
1775447258236,key-18,9
1775447258238,key-25,381
1775447258239,key-25,382
1775447258243,key-25,386
1775447258246,key-36,518
1775447258246,key-24,3443
1775447258247,key-11,413
1775447258248,key-5,11
1775447258249,key-22,77
1775447258250,key-11,416
1775447258252,key-25,395
1775447258252,key-4,107
1775447258255,key-11,421
1775447258255,key-9,1726
1775447258263,key-25,406
1775447258263,key-11,429
1775447258264,key-30,174
1775447258264,key-11,430
1775447258264,key-1,859
1775447258265,key-7,260
1775447258267,key-24,3464
1775447258267,key-25,410
1775447258275,key-23,916
1775447258276,key-24,3473
1775447258277,key-31,2214
1775447258277,key-30,187
1775447258278,key-4,133
1775447258278,key-4,133
1775447258279,key-5,42
1775447258279,key-25,422
1775447258280,key-25,423
1775447258281,key-5,44
1775447258282,key-32,560
1775447258282,key-4,137
1775447258285,key-24,3482
1775447258294,key-25,437
1775447258295,key-5,58
1775447258295,key-25,438
1775447258295,key-8,1487
1775447258298,key-32,576
1775447258299,key-25,442
1775447258304,key-36,576
1775447258304,key-30,214
1775447258306,key-19,807
1775447258307,key-5,70
1775447258307,key-25,450
1775447258308,key-23,949
1775447258308,key-25,451
1775447258314,key-50,86
1775447258314,key-16,24
1775447258314,key-25,457
1775447258319,key-5,82
1775447258319,key-25,462
1775447258321,key-17,1006
1775447258322,key-46,1697
1775447258322,key-19,823
1775447258323,key-25,466
1775447258327,key-50,99
1775447258328,key-19,829
1775447258328,key-5,91
1775447258328,key-17,1013
1775447258336,key-50,108
1775447258338,key-25,481
1775447258343,key-5,106
1775447258343,key-39,40
1775447258343,key-17,1028
1775447258345,key-25,488
1775447258347,key-17,1032
1775447258349,key-16,59
1775447258355,key-49,288
1775447258355,key-17,1040
1775447258355,key-47,186
1775447258356,key-17,1041
1775447258356,key-7,351
1775447258356,key-25,499
1775447258359,key-17,1044
1775447258360,key-5,123
1775447258361,key-19,862
1775447258362,key-50,134
1775447258365,key-17,1050
1775447258366,key-17,1051
1775447258368,key-39,65
1775447258370,key-17,1055
1775447258370,key-10,4294
1775447258375,key-25,518
1775447258375,key-6,281
1775447258379,key-17,1064
1775447258379,key-25,522
1775447258387,key-25,530
1775447258390,key-21,1735
1775447258391,key-47,222
1775447258391,key-25,534
1775447258392,key-25,535
1775447258393,key-25,536
1775447258398,key-29,1083
1775447258401,key-25,544
1775447258401,key-25,544
1775447258402,key-25,545
1775447258404,key-47,235
1775447258405,key-25,548
1775447258407,key-37,279
1775447258416,key-33,617
1775447258416,key-14,13
1775447258417,key-37,289
1775447258418,key-8,1610
1775447258418,key-25,561
1775447258418,key-17,1103
1775447258422,key-25,565
1775447258431,key-13,1016
1775447258431,key-31,2368
1775447258432,key-29,1117
1775447258433,key-4,35
1775447258433,key-5,196
1775447258435,key-25,578
1775447258435,key-25,578
1775447258435,key-2,631
1775447258436,key-8,1628
1775447258437,key-25,580
1775447258440,key-2,636
1775447258442,key-29,1127
1775447258442,key-38,1097
1775447258445,key-38,1100
1775447258445,key-25,588
1775447258446,key-2,642
1775447258447,key-38,1102
1775447258449,key-3,475
1775447258449,key-38,1104
1775447258450,key-45,185
1775447258451,key-8,1643
1775447258454,key-43,207
1775447258456,key-30,366
1775447258458,key-11,624
1775447258461,key-25,604
1775447258461,key-2,657
1775447258467,key-25,610
1775447258469,key-29,1154
1775447258470,key-43,223
1775447258470,key-2,666
1775447258470,key-38,1125
1775447258473,key-43,226
1775447258474,key-30,384
1775447258474,key-16,184
1775447258481,key-3,507
1775447258481,key-37,353
1775447258481,key-36,753
1775447258482,key-45,217
1775447258485,key-25,628
1775447258485,key-42,5
1775447258486,key-37,358
1775447258487,key-30,397
1775447258488,key-42,8
1775447258494,key-25,637
1775447258494,key-32,21
1775447258495,key-16,205
1775447258497,key-45,232
1775447258499,key-42,19
1775447258500,key-25,643
1775447258500,key-15,661
1775447258502,key-42,22
1775447258502,key-16,212
1775447258502,key-42,22
1775447258503,key-32,3
1775447258503,key-35,7
1775447258505,key-16,215
1775447258507,key-35,11
1775447258514,key-3,34
1775447258515,key-35,19
1775447258516,key-17,1201
1775447258517,key-17,1202
1775447258517,key-28,368
1775447258518,key-27,3
1775447258521,key-32,21
1775447258521,key-15,682
1775447258522,key-1,1117
1775447258528,key-35,32
1775447258530,key-5,293
1775447258531,key-4,133
1775447258532,key-17,1217
1775447258535,key-43,288
1775447258537,key-32,37
1775447258540,key-27,25
1775447258541,key-43,294
1775447258541,key-35,45
1775447258543,key-35,47
1775447258544,key-3,64
1775447258545,key-29,1230
1775447258546,key-3,66
1775447258546,key-17,1231
1775447258547,key-39,244
1775447258550,key-3,70
1775447258551,key-2,747
1775447258554,key-39,251
1775447258554,key-27,39
1775447258558,key-14,27
1775447258559,key-3,79
1775447258560,key-41,570
1775447258562,key-38,1217
1775447258564,key-29,10
1775447258569,key-1,1164
1775447258571,key-3,91
1775447258572,key-27,3
1775447258574,key-41,584
1775447258576,key-27,7
1775447258577,key-39,274
1775447258578,key-3,98
1775447258578,key-26,502
1775447258579,key-25,722
1775447258582,key-35,86
1775447258586,key-27,6
1775447258588,key-40,625
1775447258589,key-16,299
1775447258598,key-29,44
1775447258599,key-3,119
1775447258599,key-27,19
1775447258599,key-3,119
1775447258599,key-35,103
1775447258599,key-35,103
1775447258600,key-27,20
1775447258605,key-27,25
1775447258605,key-35,109
1775447258607,key-48,2910
1775447258608,key-21,1953
1775447258610,key-35,114
1775447258613,key-27,33
1775447258614,key-27,34
1775447258620,key-48,2923
1775447258626,key-27,46
1775447258627,key-27,47
1775447258632,key-14,101
1775447258632,key-16,342
1775447258633,key-48,2936
1775447258635,key-18,408
1775447258635,key-16,2
1775447258635,key-16,2
1775447258638,key-11,804
1775447258639,key-16,6
1775447258639,key-16,6
1775447258639,key-27,59
1775447258641,key-48,2944
1775447258642,key-43,395
1775447258644,key-27,64
1775447258645,key-35,149
1775447258647,key-14,116
1775447258647,key-48,2950
1775447258647,key-48,2950
1775447258649,key-7,644
1775447258651,key-35,155
1775447258651,key-46,2026
1775447258655,key-46,2030
1775447258665,key-46,2040
1775447258666,key-34,618
1775447258666,key-42,46
1775447258670,key-27,90
1775447258672,key-27,92
1775447258675,key-21,2020
1775447258676,key-47,507
1775447258678,key-32,178
1775447258681,key-40,718
1775447258681,key-11,847
1775447258682,key-27,102
1775447258682,key-24,24
1775447258684,key-34,636
1775447258686,key-24,28
1775447258686,key-3,206
1775447258688,key-3,208
1775447258691,key-47,522
1775447258691,key-46,2066
1775447258691,key-34,643
1775447258693,key-27,113
1775447258693,key-3,213
1775447258695,key-46,2070
1775447258698,key-50,265
1775447258704,key-34,656
1775447258705,key-11,871
1775447258708,key-23,1349
1775447258710,key-11,876
1775447258710,key-3,230
1775447258714,key-43,467
1775447258715,key-46,2090
1775447258718,key-43,471
1775447258722,key-23,1363
1775447258722,key-32,222
1775447258722,key-46,2097
1775447258723,key-25,866
1775447258723,key-14,192
1775447258725,key-14,194
1775447258728,key-3,248
1775447258728,key-25,871
1775447258730,key-14,199
1775447258732,key-32,232
1775447258733,key-3,253
1775447258734,key-48,3037
1775447258734,key-3,254
1775447258737,key-3,257
1775447258748,key-5,198
1775447258749,key-43,502
1775447258750,key-5,200
1775447258760,key-32,260
1775447258760,key-32,260
1775447258764,key-40,801
1775447258765,key-44,269
1775447258766,key-3,286
1775447258766,key-25,909
1775447258768,key-35,272
1775447258770,key-4,372
1775447258771,key-21,2116
1775447258772,key-5,222
1775447258774,key-49,707
1775447258774,key-43,527
1775447258776,key-16,143
1775447258795,key-43,548
1775447258796,key-49,729
1775447258796,key-35,300
1775447258796,key-5,246
1775447258799,key-43,552
1775447258804,key-25,947
1775447258805,key-30,25
1775447258805,key-33,1006
1775447258805,key-35,309
1775447258806,key-35,310
1775447258807,key-37,8
1775447258807,key-16,174
1775447258808,key-49,741
1775447258809,key-37,10
1775447258823,key-9,357
1775447258823,key-35,327
1775447258823,key-37,24
1775447258823,key-49,756
1775447258826,key-49,759
1775447258833,key-27,253
1775447258834,key-37,35
1775447258834,key-9,368
1775447258837,key-37,38
1775447258841,key-14,81
1775447258841,key-12,65
1775447258842,key-6,748
1775447258842,key-9,376
1775447258842,key-9,376
1775447258842,key-37,43
1775447258843,key-37,44
1775447258844,key-14,84
1775447258845,key-28,696
1775447258846,key-49,779
1775447258847,key-39,15
1775447258853,key-49,786
1775447258858,key-37,59
1775447258860,key-37,61
1775447258861,key-35,28
1775447258868,key-36,1140
1775447258869,key-9,403
1775447258869,key-9,403
1775447258869,key-49,802
1775447258869,key-14,109
1775447258870,key-37,71
1775447258878,key-3,398
1775447258878,key-49,811
1775447258878,key-37,79
1775447258879,key-14,119
1775447258884,key-37,85
1775447258885,key-20,86
1775447258886,key-43,639
1775447258886,key-27,306
1775447258887,key-28,738
1775447258894,key-36,1166
1775447258894,key-5,344
1775447258894,key-45,629
1775447258899,key-9,433
1775447258902,key-5,352
1775447258903,key-9,437
1775447258905,key-28,756
1775447258906,key-38,263
1775447258909,key-31,2846
1775447258915,key-33,1116
1775447258916,key-32,416
1775447258916,key-19,1417
1775447258916,key-45,651
1775447258918,key-36,1190
1775447258918,key-37,119
1775447258920,key-1,13
1775447258921,key-5,371
1775447258922,key-1,15
1775447258922,key-33,1123
1775447258923,key-28,774
1775447258926,key-1,19
1775447258929,key-45,664
1775447258929,key-45,3
1775447258933,key-9,467
1775447258934,key-1,27
1775447258939,key-28,790
1775447258946,key-36,1218
1775447258946,key-22,568
1775447258948,key-28,799
1775447258948,key-1,41
1775447258952,key-33,1153
1775447258952,key-28,803
1775447258953,key-1,46
1775447258953,key-9,487
1775447258956,key-36,1228
1775447258959,key-1,52
1775447258961,key-1,54
1775447258962,key-29,408
1775447258963,key-1,56
1775447258964,key-33,1165
1775447258967,key-1,60
1775447258972,key-28,823
1775447258972,key-9,506
1775447258973,key-1,66
1775447258973,key-1,66
1775447258973,key-13,38
1775447258976,key-1,69
1775447258984,key-29,430
1775447258984,key-1,77
1775447258990,key-28,841
1775447258996,key-34,19
1775447258997,key-49,930
1775447258997,key-1,90
1775447258997,key-36,1269
1775447259002,key-1,95
1775447259008,key-12,232
1775447259010,key-28,861
1775447259012,key-1,105
1775447259013,key-14,253
1775447259014,key-47,845
1775447259014,key-2,1210
1775447259015,key-16,113
1775447259018,key-47,849
1775447259018,key-1,111
1775447259019,key-1,112
1775447259021,key-31,2958
1775447259024,key-22,4
1775447259028,key-12,252
1775447259029,key-22,9
1775447259030,key-2,1226
1775447259031,key-5,481
1775447259035,key-1,128
1775447259036,key-47,867
1775447259036,key-36,1308
1775447259037,key-9,571
1775447259037,key-7,216
1775447259044,key-47,875
1775447259045,key-23,1686
1775447259050,key-9,584
1775447259050,key-36,1322
1775447259051,key-12,275
1775447259053,key-36,1325
1775447259054,key-31,19
1775447259055,key-19,20
1775447259055,key-1,148
1775447259057,key-22,13
1775447259058,key-9,592
1775447259059,key-31,24
1775447259060,key-9,594
1775447259061,key-36,1333
1775447259064,key-12,288
1775447259065,key-22,21
1775447259067,key-9,601
1775447259071,key-36,1343
1775447259071,key-22,27
1775447259072,key-13,61
1775447259073,key-12,297
1775447259074,key-36,1346
1775447259076,key-22,32
1775447259078,key-12,302
1775447259084,key-22,40
1775447259084,key-4,686
1775447259087,key-36,1359
1775447259098,key-4,700
1775447259099,key-7,278
1775447259100,key-12,324
1775447259100,key-9,634
1775447259101,key-3,621
1775447259101,key-12,325
1775447259102,key-36,1374
1775447259103,key-4,705
1775447259104,key-36,1376
1775447259109,key-36,1381
1775447259109,key-36,1381
1775447259111,key-36,1383
1775447259112,key-15,34
1775447259112,key-31,77
1775447259113,key-36,1385
1775447259113,key-1,206
1775447259115,key-10,153
1775447259116,key-12,340
1775447259123,key-36,1395
1775447259123,key-9,657
1775447259127,key-34,150
1775447259128,key-36,1400
1775447259129,key-50,257
1775447259130,key-4,732
1775447259142,key-3,8
1775447259144,key-36,1416
1775447259145,key-36,1417
1775447259149,key-47,35
1775447259149,key-34,172
1775447259151,key-11,1317
1775447259151,key-10,189
1775447259152,key-34,175
1775447259152,key-50,280
1775447259152,key-4,754
1775447259153,key-37,354
1775447259158,key-45,232
1775447259159,key-4,761
1775447259159,key-37,360
1775447259161,key-20,362
1775447259161,key-4,763
1775447259162,key-11,1328
1775447259163,key-3,29
1775447259163,key-48,3466
1775447259166,key-36,1438
1775447259168,key-11,1334
1775447259170,key-4,772
1775447259172,key-4,774
1775447259175,key-11,1341
1775447259176,key-37,377
1775447259176,key-50,304
1775447259182,key-50,310
1775447259184,key-37,385
1775447259185,key-50,313
1775447259187,key-11,1353
1775447259191,key-36,1463
1775447259192,key-36,1464
1775447259193,key-30,413
1775447259194,key-11,1360
1775447259194,key-11,1360
1775447259196,key-36,1468
1775447259198,key-37,399
1775447259198,key-50,326
1775447259199,key-11,1365
1775447259200,key-50,328
1775447259204,key-11,1370
1775447259205,key-50,333
1775447259206,key-11,1372
1775447259207,key-11,1373
1775447259213,key-48,3516
1775447259213,key-11,1379
1775447259215,key-50,343
1775447259216,key-50,344
1775447259217,key-30,21
1775447259217,key-11,1383
1775447259219,key-30,23
1775447259221,key-37,422
1775447259221,key-11,1387
1775447259222,key-11,1388
1775447259225,key-40,1262
1775447259229,key-11,1395
1775447259231,key-11,1397
1775447259233,key-11,1399
1775447259233,key-11,1399
1775447259234,key-48,3537
1775447259235,key-50,363
1775447259237,key-40,1274
1775447259241,key-30,45
1775447259243,key-11,1409
1775447259244,key-11,1410
1775447259245,key-44,749
1775447259246,key-48,3549
1775447259247,key-47,5
1775447259249,key-40,1286
1775447259252,key-13,118
1775447259253,key-30,57
1775447259253,key-37,454
1775447259253,key-11,1419
1775447259259,key-30,63
1775447259260,key-47,18
1775447259262,key-27,25
1775447259265,key-20,466
1775447259265,key-50,393
1775447259269,key-41,11
1775447259272,key-31,237
1775447259273,key-44,777
1775447259277,key-13,143
1775447259279,key-13,145
1775447259282,key-13,148
1775447259283,key-41,25
1775447259299,key-14,146
1775447259301,key-47,59
1775447259302,key-37,503
1775447259303,key-47,61
1775447259303,key-13,169
1775447259303,key-41,45
1775447259303,key-41,45
1775447259303,key-12,527
1775447259304,key-45,378
1775447259304,key-30,108
1775447259304,key-7,483
1775447259304,key-10,342
1775447259304,key-13,170
1775447259306,key-41,48
1775447259312,key-41,54
1775447259315,key-13,181
1775447259315,key-30,119
1775447259316,key-21,43
1775447259318,key-21,45
1775447259319,key-43,1072
1775447259321,key-49,12
1775447259323,key-15,245
1775447259324,key-21,51
1775447259327,key-33,1528
1775447259330,key-13,196
1775447259330,key-10,368
1775447259333,key-49,24
1775447259335,key-49,26
1775447259338,key-17,2023
1775447259339,key-41,17
1775447259339,key-10,377
1775447259339,key-13,205
1775447259341,key-17,2026
1775447259343,key-40,1380
1775447259343,key-33,1544
1775447259344,key-10,382
1775447259345,key-41,23
1775447259351,key-42,731
1775447259352,key-49,43
1775447259352,key-40,1389
1775447259352,key-12,10
1775447259354,key-10,392
1775447259354,key-10,392
1775447259360,key-12,18
1775447259361,key-19,326
1775447259365,key-15,287
1775447259365,key-12,23
1775447259366,key-12,24
1775447259367,key-42,747
1775447259370,key-12,28
1775447259370,key-42,750
1775447259371,key-13,237
1775447259372,key-12,30
1775447259376,key-12,34
1775447259377,key-42,757
1775447259379,key-44,883
1775447259379,key-49,70
1775447259385,key-42,765
1775447259385,key-11,1551
1775447259386,key-28,1237
1775447259386,key-44,890
1775447259387,key-12,45
1775447259387,key-29,833
1775447259389,key-12,47
1775447259389,key-28,1240
1775447259390,key-44,894
1775447259394,key-5,843
1775447259394,key-12,52
1775447259394,key-42,774
1775447259401,key-44,905
1775447259401,key-12,59
1775447259403,key-42,783
1775447259405,key-42,785
1775447259407,key-12,65
1775447259410,key-23,137
1775447259410,key-49,101
1775447259412,key-5,862
1775447259417,key-23,144
1775447259417,key-29,863
1775447259417,key-42,797
1775447259419,key-8,1
1775447259421,key-44,925
1775447259423,key-8,5
1775447259427,key-5,877
1775447259428,key-23,155
1775447259429,key-8,11
1775447259429,key-23,156
1775447259433,key-3,53
1775447259433,key-13,299
1775447259434,key-5,884
1775447259434,key-49,125
1775447259439,key-13,305
1775447259440,key-3,60
1775447259440,key-5,890
1775447259441,key-46,257
1775447259441,key-8,23
1775447259442,key-13,308
1775447259444,key-38,801
1775447259444,key-13,310
1775447259445,key-17,2130
1775447259462,key-46,278
1775447259463,key-13,329
1775447259463,key-23,190
1775447259463,key-13,329
1775447259463,key-13,329
1775447259463,key-8,45
1775447259463,key-13,329
1775447259464,key-13,330
1775447259464,key-13,330
1775447259466,key-20,667
1775447259466,key-17,22
1775447259471,key-20,672
1775447259471,key-17,27
1775447259476,key-7,655
1775447259478,key-13,344
1775447259478,key-17,34
1775447259478,key-2,16
1775447259479,key-17,35
1775447259479,key-13,345
1775447259480,key-8,62
1775447259481,key-6,1387
1775447259481,key-17,37
1775447259482,key-35,372
1775447259488,key-17,44
1775447259490,key-35,380
1775447259490,key-13,356
1775447259494,key-11,1660
1775447259494,key-2,32
1775447259496,key-17,52
1775447259496,key-2,34
1775447259501,key-2,39
1775447259502,key-17,58
1775447259502,key-17,58
1775447259502,key-17,58
1775447259502,key-17,58
1775447259503,key-13,369
1775447259503,key-4,30
1775447259504,key-17,60
1775447259504,key-8,86
1775447259506,key-8,88
1775447259510,key-3,130
1775447259517,key-30,321
1775447259517,key-13,7
1775447259518,key-13,8
1775447259520,key-17,76
1775447259521,key-6,1427
1775447259521,key-30,325
1775447259521,key-13,11
1775447259523,key-31,488
1775447259523,key-25,1666
1775447259524,key-8,106
1775447259525,key-17,81
1775447259526,key-13,16
1775447259526,key-13,16
1775447259527,key-17,83
1775447259531,key-8,113
1775447259531,key-30,335
1775447259532,key-6,1438
1775447259535,key-8,117
1775447259535,key-13,25
1775447259536,key-1,629
1775447259540,key-31,505
1775447259541,key-13,31
1775447259541,key-13,31
1775447259542,key-1,635
1775447259543,key-17,99
1775447259544,key-6,1450
1775447259550,key-44,10
1775447259551,key-27,314
1775447259552,key-8,134
1775447259552,key-26,251
1775447259554,key-1,647
1775447259554,key-13,44
1775447259555,key-1,648
1775447259563,key-8,145
1775447259564,key-8,146
1775447259565,key-26,264
1775447259565,key-41,21
1775447259566,key-13,56
1775447259567,key-1,660
1775447259568,key-26,267
1775447259569,key-8,151
1775447259570,key-23,297
1775447259577,key-1,670
1775447259577,key-13,67
1775447259578,key-27,341
1775447259578,key-13,68
1775447259579,key-16,677
1775447259579,key-1,672
1775447259580,key-27,343
1775447259580,key-27,343
1775447259580,key-23,307
1775447259583,key-26,282
1775447259584,key-1,677
1775447259591,key-32,1091
1775447259591,key-26,290
1775447259591,key-1,684
1775447259592,key-41,48
1775447259593,key-37,794
1775447259594,key-1,687
1775447259594,key-19,559
1775447259595,key-23,322
1775447259599,key-13,89
1775447259601,key-27,364
1775447259603,key-37,804
1775447259605,key-27,368
1775447259606,key-43,1359
1775447259608,key-27,2
1775447259610,key-1,703
1775447259611,key-11,1777
1775447259611,key-23,338
1775447259613,key-32,1113
1775447259614,key-27,8
1775447259614,key-1,707
1775447259615,key-27,9
1775447259616,key-27,10
1775447259619,key-27,13
1775447259624,key-23,351
1775447259624,key-23,351
1775447259626,key-22,582
1775447259627,key-27,21
1775447259627,key-25,1770
1775447259628,key-23,355
1775447259631,key-21,358
1775447259640,key-25,1783
1775447259640,key-27,34
1775447259640,key-22,596
1775447259642,key-40,1679
1775447259643,key-45,717
1775447259643,key-37,844
1775447259644,key-25,1787
1775447259647,key-23,374
1775447259648,key-23,375
1775447259649,key-39,25
1775447259653,key-37,854
1775447259654,key-28,133
1775447259654,key-22,610
1775447259654,key-27,48
1775447259654,key-45,728
1775447259662,key-19,627
1775447259662,key-23,389
1775447259662,key-25,1805
1775447259663,key-28,142
1775447259664,key-39,40
1775447259668,key-25,1811
1775447259670,key-25,1813
1775447259673,key-3,67
1775447259673,key-23,400
1775447259674,key-25,1817
1775447259675,key-6,1581
1775447259676,key-33,1877
1775447259682,key-12,9
1775447259683,key-22,639
1775447259684,key-41,140
1775447259686,key-39,62
1775447259687,key-28,166
1775447259688,key-6,1594
1775447259688,key-33,1889
1775447259689,key-12,16
1775447259691,key-23,418
1775447259692,key-14,24
1775447259693,key-2,110
1775447259694,key-22,650
1775447259697,key-41,153
1775447259702,key-41,158
1775447259703,key-23,430
1775447259703,key-6,1609
1775447259703,key-33,1904
1775447259704,key-28,183
1775447259704,key-6,1610
1775447259709,key-49,400
1775447259709,key-7,888
1775447259711,key-6,1617
1775447259714,key-23,441
1775447259715,key-6,1621
1775447259724,key-41,180
1775447259726,key-23,453
1775447259726,key-22,682
1775447259727,key-32,1227
1775447259729,key-26,4
1775447259732,key-41,188
1775447259733,key-45,807
1775447259734,key-23,461
1775447259736,key-11,1902
1775447259740,key-30,11
1775447259740,key-43,1493
1775447259741,key-45,815
1775447259741,key-26,16
1775447259741,key-7,920
1775447259741,key-22,697
1775447259741,key-15,13
1775447259742,key-36,2014
1775447259751,key-45,825
1775447259752,key-7,931
1775447259752,key-15,24
1775447259752,key-10,790
1775447259752,key-43,1505
1775447259753,key-7,932
1775447259757,key-45,831
1775447259758,key-45,832
1775447259760,key-32,1260
1775447259764,key-25,1907
1775447259765,key-15,37
1775447259766,key-43,1519
1775447259766,key-7,945
1775447259769,key-1,18
1775447259770,key-45,844
1775447259771,key-15,43
1775447259781,key-7,960
1775447259782,key-39,158
1775447259782,key-43,1535
1775447259782,key-9,1316
1775447259785,key-7,964
1775447259787,key-37,988
1775447259792,key-22,748
1775447259792,key-40,23
1775447259792,key-12,6
1775447259793,key-42,1173
1775447259795,key-7,4
1775447259796,key-5,1246
1775447259797,key-7,6
1775447259797,key-35,82
1775447259800,key-45,874
1775447259800,key-22,756
1775447259804,key-45,878
1775447259804,key-45,878
1775447259805,key-7,14
1775447259805,key-5,1255
1775447259807,key-14,61
1775447259808,key-5,1258
1775447259808,key-7,17
1775447259809,key-28,18
1775447259811,key-45,885
1775447259815,key-5,1265
1775447259816,key-42,1196
1775447259817,key-5,1267
1775447259818,key-45,892
1775447259819,key-35,104
1775447259824,key-5,1274
1775447259825,key-45,899
1775447259828,key-35,113
1775447259829,key-5,1279
1775447259829,key-12,43
1775447259831,key-5,1281
1775447259833,key-1,82
1775447259835,key-50,398
1775447259838,key-50,401
1775447259839,key-28,48
1775447259839,key-45,913
1775447259842,key-34,6
1775447259845,key-50,408
1775447259846,key-43,1599
1775447259846,key-28,55
1775447259846,key-5,1296
1775447259849,key-3,243
1775447259849,key-5,1299
1775447259850,key-50,413
1775447259851,key-45,925
1775447259855,key-50,418
1775447259856,key-45,930
1775447259857,key-34,21
1775447259858,key-28,67
1775447259858,key-43,1611
1775447259858,key-49,549
1775447259860,key-5,1310
1775447259867,key-34,31
1775447259868,key-8,450
1775447259869,key-14,123
1775447259869,key-25,2012
1775447259870,key-45,944
1775447259871,key-12,85
1775447259871,key-25,2014
1775447259872,key-34,36
1775447259875,key-43,1628
1775447259880,key-25,2023
1775447259881,key-8,463
1775447259881,key-6,1787
1775447259881,key-20,104
1775447259881,key-32,1381
1775447259882,key-34,46
1775447259886,key-5,1336
1775447259888,key-41,344
1775447259888,key-14,142
1775447259889,key-34,53
1775447259890,key-34,54
1775447259895,key-14,149
1775447259897,key-32,1397
1775447259897,key-42,1277
1775447259898,key-5,1348
1775447259898,key-25,2041
1775447259898,key-10,936
1775447259899,key-5,1349
1775447259899,key-14,153
1775447259902,key-8,484
1775447259909,key-10,947
1775447259910,key-20,133
1775447259917,key-5,1367
1775447259917,key-5,1367
1775447259920,key-32,1420
1775447259920,key-33,17
1775447259928,key-10,966
1775447259928,key-33,25
1775447259929,key-32,1429
1775447259929,key-14,28
1775447259929,key-5,1379
1775447259929,key-14,28
1775447259929,key-28,138
1775447259929,key-5,1379
1775447259930,key-24,852
1775447259931,key-5,1381
1775447259933,key-37,1134
1775447259934,key-9,1468
1775447259936,key-30,17
1775447259937,key-30,18
1775447259940,key-16,1038
1775447259944,key-8,3
1775447259944,key-6,1850
1775447259945,key-32,1445
1775447259947,key-37,1148
1775447259947,key-30,28
1775447259948,key-37,1149
1775447259954,key-14,53
1775447259955,key-37,1156
1775447259959,key-11,2125
1775447259961,key-24,883
1775447259964,key-32,1464
1775447259969,key-30,50
1775447259970,key-47,728
1775447259971,key-11,2137
1775447259976,key-8,35
1775447259976,key-30,57
1775447259976,key-24,898
1775447259977,key-37,1178
1775447259977,key-11,2143
1775447259978,key-6,1884
1775447259984,key-37,1185
1775447259987,key-42,1367
1775447259988,key-8,47
1775447259988,key-30,69
1775447259988,key-32,1488
1775447259989,key-32,1489
1775447259991,key-8,50
1775447259991,key-11,2157
1775447259992,key-30,73
1775447259993,key-47,751
1775447259996,key-37,1197
1775447259996,key-8,55
1775447259999,key-8,58
1775447260007,key-4,534
1775447260009,key-32,1509
1775447260009,key-42,1389
1775447260015,key-37,1216
1775447260016,key-14,115
1775447260016,key-30,97
1775447260017,key-32,1517
1775447260018,key-26,293
1775447260018,key-4,545
1775447260018,key-28,227
1775447260020,key-26,295
1775447260020,key-32,1520
1775447260022,key-4,549
1775447260022,key-32,1522
1775447260023,key-37,1224
1775447260024,key-26,299
1775447260025,key-14,124
1775447260026,key-42,1406
1775447260027,key-30,108
1775447260031,key-8,90
1775447260032,key-3,426
1775447260035,key-26,310
1775447260036,key-44,496
1775447260044,key-30,125
1775447260045,key-14,144
1775447260046,key-32,1546
1775447260047,key-28,256
1775447260048,key-4,575
1775447260050,key-26,325
1775447260052,key-8,111
1775447260059,key-4,586
1775447260059,key-42,1439
1775447260060,key-14,159
1775447260060,key-4,587
1775447260061,key-41,49
1775447260061,key-14,160
1775447260063,key-14,162
1775447260064,key-42,1444
1775447260065,key-26,340
1775447260065,key-4,592
1775447260069,key-26,344
1775447260070,key-8,129
1775447260076,key-42,1456
1775447260076,key-32,1576
1775447260078,key-26,353
1775447260080,key-32,1580
1775447260081,key-4,608
1775447260081,key-27,475
1775447260081,key-39,457
1775447260083,key-26,358
1775447260083,key-30,15
1775447260084,key-32,1584
1775447260088,key-26,363
1775447260091,key-11,2257
1775447260092,key-14,191
1775447260092,key-27,486
1775447260093,key-39,469
1775447260094,key-32,1594
1775447260094,key-32,1594
1775447260095,key-32,1595
1775447260096,key-32,1596
1775447260097,key-42,1477
1775447260097,key-30,29
1775447260098,key-26,373
1775447260099,key-32,1599
1775447260100,key-12,314
1775447260106,key-26,381
1775447260106,key-32,1606
1775447260106,key-32,1606
1775447260107,key-32,1607
1775447260112,key-30,44
1775447260122,key-30,54
1775447260123,key-32,1623
1775447260124,key-32,1624
1775447260124,key-42,13
1775447260125,key-11,29
1775447260125,key-32,1625
1775447260126,key-48,762
1775447260126,key-32,1626
1775447260130,key-19,1095
1775447260131,key-30,63
1775447260132,key-43,1885
1775447260133,key-30,65
1775447260134,key-19,1099
1775447260137,key-32,1637
1775447260138,key-32,1638
1775447260138,key-32,1638
1775447260139,key-19,1104
1775447260140,key-32,1640
1775447260140,key-32,1640
1775447260142,key-5,1592
1775447260143,key-12,357
1775447260144,key-32,1644
1775447260145,key-30,77
1775447260146,key-32,1646
1775447260152,key-48,788
1775447260152,key-38,336
1775447260152,key-12,366
1775447260158,key-48,794
1775447260158,key-19,1123
1775447260160,key-19,1125
1775447260160,key-30,92
1775447260161,key-32,1661
1775447260163,key-28,372
1775447260163,key-19,1128
1775447260166,key-32,1666
1775447260168,key-6,2074
1775447260171,key-7,206
1775447260171,key-38,355
1775447260171,key-8,230
1775447260176,key-17,732
1775447260176,key-30,108
1775447260176,key-48,812
1775447260178,key-13,2
1775447260179,key-7,214
1775447260179,key-11,83
1775447260180,key-19,1145
1775447260185,key-1,434
1775447260186,key-17,742
1775447260190,key-32,1690
1775447260193,key-30,125
1775447260196,key-17,752
1775447260198,key-17,754
1775447260199,key-13,23
1775447260199,key-7,15
1775447260202,key-13,26
1775447260204,key-32,1704
1775447260207,key-4,734
1775447260207,key-7,23
1775447260207,key-23,2
1775447260208,key-27,12
1775447260209,key-27,13
1775447260210,key-5,1660
1775447260211,key-30,7
1775447260213,key-41,201
1775447260213,key-23,8
1775447260214,key-27,18
1775447260215,key-27,19
1775447260217,key-27,21
1775447260218,key-5,1668
1775447260224,key-7,40
1775447260227,key-7,43
1775447260227,key-45,221
1775447260228,key-27,32
1775447260228,key-4,755
1775447260230,key-7,46
1775447260230,key-27,34
1775447260231,key-27,35
1775447260232,key-15,38
1775447260232,key-30,28
1775447260233,key-27,37
1775447260235,key-7,51
1775447260238,key-27,42
1775447260238,key-9,23
1775447260242,key-9,27
1775447260243,key-10,1281
1775447260244,key-7,60
1775447260245,key-5,1695
1775447260245,key-27,49
1775447260249,key-27,53
1775447260250,key-44,710
1775447260251,key-5,1701
1775447260256,key-4,783
1775447260256,key-13,80
1775447260257,key-21,381
1775447260257,key-9,42
1775447260259,key-10,1297
1775447260259,key-29,75
1775447260259,key-27,63
1775447260262,key-27,66
1775447260263,key-8,322
1775447260263,key-40,494
1775447260263,key-9,48
1775447260264,key-50,827
1775447260270,key-13,94
1775447260271,key-44,731
1775447260272,key-50,835
1775447260273,key-44,733
1775447260273,key-15,79
1775447260278,key-27,82
1775447260279,key-13,103
1775447260280,key-27,84
1775447260280,key-13,104
1775447260280,key-13,104
1775447260283,key-13,107
1775447260283,key-27,87
1775447260284,key-13,108
1775447260284,key-27,88
1775447260285,key-15,91
1775447260285,key-27,89
1775447260286,key-45,280
1775447260286,key-27,90
1775447260287,key-13,111
1775447260290,key-13,114
1775447260291,key-45,285
1775447260293,key-9,78
1775447260296,key-13,120
1775447260296,key-27,100
1775447260297,key-13,121
1775447260305,key-27,109
1775447260305,key-46,463
1775447260305,key-27,109
1775447260306,key-18,1531
1775447260306,key-12,520
1775447260308,key-15,114
1775447260309,key-18,1534
1775447260309,key-13,133
1775447260315,key-3,709
1775447260316,key-27,120
1775447260317,key-9,102
1775447260317,key-36,2589
1775447260319,key-11,223
1775447260319,key-46,477
1775447260320,key-15,126
1775447260322,key-9,107
1775447260322,key-13,146
1775447260323,key-8,382
1775447260325,key-15,131
1775447260325,key-19,71
1775447260328,key-19,74
1775447260331,key-26,606
1775447260332,key-32,1832
1775447260336,key-18,1561
1775447260339,key-18,1564
1775447260340,key-9,125
1775447260342,key-29,158
1775447260346,key-8,405
1775447260347,key-26,622
1775447260350,key-18,1575
1775447260351,key-42,5
1775447260354,key-18,1579
1775447260355,key-15,161
1775447260355,key-32,1855
1775447260355,key-14,454
1775447260356,key-9,141
1775447260359,key-49,278
1775447260361,key-39,25
1775447260361,key-18,1586
1775447260364,key-45,25
1775447260365,key-14,464
1775447260366,key-33,463
1775447260366,key-4,11
1775447260367,key-40,598
1775447260371,key-32,1871
1775447260373,key-45,34
1775447260375,key-49,294
1775447260376,key-11,280
1775447260377,key-11,281
1775447260380,key-38,564
1775447260381,key-4,26
1775447260383,key-11,287
1775447260385,key-5,1835
1775447260386,key-32,1886
1775447260387,key-3,781
1775447260388,key-39,52
1775447260392,key-18,1617
1775447260392,key-29,20
1775447260394,key-4,39
1775447260396,key-11,300
1775447260398,key-4,43
1775447260399,key-4,44
1775447260403,key-11,307
1775447260404,key-41,392
1775447260404,key-4,49
1775447260405,key-45,66
1775447260410,key-18,1635
1775447260410,key-28,619
1775447260411,key-2,828
1775447260412,key-18,1637
1775447260412,key-11,316
1775447260414,key-18,1639
1775447260416,key-18,1641
1775447260417,key-41,405
1775447260420,key-5,1870
1775447260420,key-42,74
1775447260421,key-41,409
1775447260422,key-10,24
1775447260426,key-11,330
1775447260426,key-2,843
1775447260429,key-2,846
1775447260432,key-2,849
1775447260437,key-28,646
1775447260443,key-11,347
1775447260444,key-4,89
1775447260445,key-20,668
1775447260447,key-25,2590
1775447260451,key-13,275
1775447260451,key-28,660
1775447260452,key-41,440
1775447260454,key-42,108
1775447260455,key-5,1905
1775447260456,key-12,670
1775447260457,key-42,111
1775447260458,key-11,362
1775447260459,key-5,1909
1775447260459,key-20,682
1775447260462,key-42,116
1775447260464,key-17,1020
1775447260475,key-41,463
1775447260476,key-42,130
1775447260478,key-42,132
1775447260481,key-35,37
1775447260485,key-50,1048
1775447260485,key-33,582
1775447260497,key-42,151
1775447260497,key-11,401
1775447260498,key-50,1061
1775447260498,key-45,159
1775447260498,key-50,1061
1775447260498,key-20,721
1775447260500,key-41,488
1775447260501,key-45,162
1775447260503,key-42,157
1775447260504,key-42,158
1775447260505,key-41,493
1775447260507,key-20,730
1775447260508,key-11,412
1775447260508,key-20,731
1775447260510,key-25,10
1775447260512,key-30,23
1775447260512,key-50,1075
1775447260525,key-14,624
1775447260525,key-25,25
1775447260525,key-9,310
1775447260525,key-43,2278
1775447260526,key-20,749
1775447260527,key-50,1090
1775447260527,key-30,38
1775447260527,key-43,2280
1775447260532,key-42,186
1775447260535,key-25,35
1775447260535,key-20,758
1775447260536,key-33,633
1775447260542,key-25,42
1775447260542,key-11,446
1775447260542,key-25,42
1775447260543,key-14,642
1775447260543,key-30,54
1775447260543,key-41,531
1775447260546,key-19,4
1775447260547,key-29,175
1775447260549,key-43,2302
1775447260550,key-50,1113
1775447260551,key-8,39
1775447260552,key-40,783
1775447260555,key-42,209
1775447260555,key-29,183
1775447260559,key-25,59
1775447260560,key-23,355
1775447260561,key-11,465
1775447260561,key-25,61
1775447260562,key-43,2315
1775447260562,key-37,1763
1775447260563,key-30,74
1775447260564,key-25,64
1775447260567,key-34,731
1775447260567,key-25,67
1775447260575,key-26,850
1775447260576,key-29,204
1775447260576,key-30,87
1775447260576,key-25,76
1775447260577,key-26,852
1775447260577,key-43,2330
1775447260580,key-26,855
1775447260581,key-26,856
1775447260585,key-30,96
1775447260585,key-30,96
1775447260585,key-20,808
1775447260590,key-42,21
1775447260595,key-26,870
1775447260598,key-25,98
1775447260598,key-19,56
1775447260599,key-20,822
1775447260600,key-26,875
1775447260601,key-19,59
1775447260602,key-29,230
1775447260605,key-30,116
1775447260606,key-26,881
1775447260606,key-15,412
1775447260606,key-46,764
1775447260607,key-26,882
1775447260610,key-26,885
1775447260612,key-15,418
1775447260614,key-42,18
1775447260618,key-26,893
1775447260621,key-26,896
1775447260622,key-26,897
1775447260623,key-26,898
1775447260623,key-15,429
1775447260623,key-30,134
1775447260623,key-15,429
1775447260624,key-28,55
1775447260625,key-19,83
1775447260626,key-15,432
1775447260628,key-30,139
1775447260630,key-30,141
1775447260632,key-30,143
1775447260633,key-30,144
1775447260634,key-28,65
1775447260635,key-23,430
1775447260638,key-26,913
1775447260638,key-15,444
1775447260638,key-26,913
1775447260644,key-5,2094
1775447260650,key-8,138
1775447260651,key-28,82
1775447260651,key-28,82
1775447260651,key-30,162
1775447260657,key-28,88
1775447260658,key-30,169
1775447260658,key-26,933
1775447260658,key-8,146
1775447260660,key-30,171
1775447260662,key-24,1584
1775447260663,key-47,13
1775447260665,key-30,176
1775447260666,key-26,941
1775447260672,key-30,183
1775447260672,key-25,172
1775447260672,key-23,467
1775447260673,key-26,948
1775447260678,key-26,953
1775447260682,key-25,182
1775447260683,key-24,1605
1775447260683,key-8,171
1775447260684,key-21,808
1775447260685,key-18,1910
1775447260685,key-26,960
1775447260688,key-24,1610
1775447260688,key-12,902
1775447260694,key-19,19
1775447260699,key-21,823
1775447260699,key-21,823
1775447260700,key-24,1622
1775447260700,key-25,200
1775447260701,key-26,976
1775447260701,key-26,976
1775447260702,key-21,826
1775447260704,key-21,828
1775447260704,key-21,828
1775447260705,key-25,205
1775447260705,key-21,829
1775447260714,key-21,838
1775447260715,key-21,839
1775447260715,key-21,839
1775447260716,key-37,1917
1775447260717,key-11,11
1775447260722,key-21,846
1775447260722,key-45,65
1775447260722,key-44,1182
1775447260725,key-21,849
1775447260727,key-24,1649
1775447260729,key-46,887
1775447260731,key-21,855
1775447260735,key-21,859
1775447260736,key-21,860
1775447260739,key-21,863
1775447260747,key-21,871
1775447260747,key-29,58
1775447260748,key-33,845
1775447260748,key-21,872
1775447260748,key-41,736
1775447260748,key-34,15
1775447260749,key-21,873
1775447260749,key-21,873
1775447260749,key-11,43
1775447260756,key-12,970
1775447260760,key-12,974
1775447260760,key-50,1323
1775447260760,key-21,884
1775447260761,key-21,885
1775447260765,key-12,979
1775447260765,key-21,889
1775447260774,key-21,898
1775447260774,key-21,898
1775447260775,key-12,989
1775447260776,key-2,1193
1775447260776,key-34,43
1775447260776,key-41,764
1775447260782,key-2,1199
1775447260783,key-2,1200
1775447260784,key-7,600
1775447260787,key-25,287
1775447260788,key-21,912
1775447260789,key-34,56
1775447260790,key-20,1013
1775447260790,key-21,914
1775447260792,key-2,1209
1775447260794,key-9,579
1775447260797,key-21,921
1775447260798,key-7,614
1775447260799,key-25,299
1775447260801,key-25,301
1775447260802,key-12,1016
1775447260809,key-28,240
1775447260811,key-43,2564
1775447260811,key-7,627
1775447260825,key-21,18
1775447260826,key-38,337
1775447260828,key-20,14
1775447260828,key-25,328
1775447260828,key-42,232
1775447260834,key-20,20
1775447260835,key-11,37
1775447260836,key-34,103
1775447260837,key-11,39
1775447260837,key-41,825
1775447260837,key-20,23
1775447260837,key-21,30
1775447260837,key-20,23
1775447260838,key-12,1052
1775447260839,key-34,106
1775447260840,key-1,1089
1775447260840,key-12,1054
1775447260842,key-11,44
1775447260843,key-29,154
1775447260844,key-20,30
1775447260852,key-42,256
1775447260853,key-34,120
1775447260853,key-12,1067
1775447260855,key-21,48
1775447260866,key-1,1115
1775447260866,key-42,270
1775447260867,key-34,134
1775447260867,key-13,298
1775447260868,key-21,61
1775447260868,key-34,135
1775447260869,key-40,1100
1775447260870,key-15,676
1775447260873,key-20,59
1775447260874,key-42,278
1775447260877,key-12,1091
1775447260878,key-20,64
1775447260878,key-40,1109
1775447260878,key-20,64
1775447260881,key-25,381
1775447260882,key-12,1096
1775447260883,key-13,314
1775447260892,key-20,78
1775447260893,key-15,699
1775447260894,key-34,161
1775447260894,key-13,325
1775447260895,key-20,81
1775447260899,key-34,166
1775447260904,key-12,1118
1775447260905,key-25,405
1775447260906,key-12,1120
1775447260906,key-20,92
1775447260907,key-28,15
1775447260909,key-10,3
1775447260909,key-19,234
1775447260911,key-20,97
1775447260913,key-19,238
1775447260917,key-12,1131
1775447260925,key-34,192
1775447260925,key-20,111
1775447260925,key-32,436
1775447260926,key-28,34
1775447260928,key-9,713
1775447260928,key-30,36
1775447260929,key-20,115
1775447260938,key-30,46
1775447260939,key-49,16
1775447260939,key-10,33
1775447260939,key-9,724
1775447260939,key-28,47
1775447260942,key-20,128
1775447260942,key-12,1156
1775447260944,key-28,52
1775447260949,key-49,26
1775447260950,key-20,136
1775447260952,key-9,737
1775447260953,key-18,2178
1775447260954,key-28,62
1775447260962,key-28,70
1775447260962,key-6,2868
1775447260962,key-20,148
1775447260963,key-12,1177
1775447260963,key-20,149
1775447260971,key-20,9
1775447260975,key-20,13
1775447260975,key-18,2200
1775447260979,key-6,2885
1775447260979,key-5,28
1775447260982,key-9,767
1775447260985,key-28,93
1775447260989,key-5,38
1775447260991,key-23,786
1775447260992,key-12,1206
1775447260992,key-9,777
1775447260995,key-18,2220
1775447260999,key-20,37
1775447261000,key-20,38
1775447261002,key-25,502
1775447261005,key-28,113
1775447261006,key-20,44
1775447261007,key-5,56
1775447261008,key-20,46
1775447261008,key-28,116
1775447261008,key-5,57
1775447261014,key-45,357
1775447261021,key-25,521
1775447261022,key-10,12
1775447261027,key-18,2252
1775447261028,key-4,673
1775447261030,key-20,68
1775447261032,key-20,70
1775447261035,key-4,680
1775447261040,key-45,383
1775447261041,key-5,90
1775447261041,key-3,117
1775447261043,key-44,1503
1775447261043,key-45,386
1775447261044,key-4,689
1775447261046,key-45,389
1775447261047,key-17,1603
1775447261049,key-13,49
1775447261052,key-4,697
1775447261059,key-34,326
1775447261062,key-45,405
1775447261062,key-31,34
1775447261064,key-5,113
1775447261065,key-20,103
1775447261067,key-11,269
1775447261079,key-11,281
1775447261080,key-47,42
1775447261081,key-34,348
1775447261083,key-45,426
1775447261085,key-45,428
1775447261086,key-34,353
1775447261086,key-29,7
1775447261087,key-11,289
1775447261088,key-14,428
1775447261089,key-20,127
1775447261089,key-45,432
1775447261090,key-41,38
1775447261090,key-11,292
1775447261092,key-11,294
1775447261097,key-5,146
1775447261103,key-24,2025
1775447261103,key-34,370
1775447261104,key-45,447
1775447261107,key-45,450
1775447261111,key-47,73
1775447261113,key-13,113
1775447261113,key-29,34
1775447261117,key-47,79
1775447261118,key-47,80
1775447261120,key-19,7
1775447261124,key-45,467
1775447261125,key-45,468
1775447261125,key-17,1681
1775447261126,key-13,126
1775447261127,key-31,99
1775447261132,key-2,323
1775447261133,key-3,209
1775447261134,key-7,950
1775447261134,key-26,3
1775447261135,key-13,135
1775447261136,key-47,98
1775447261137,key-16,7
1775447261137,key-13,137
1775447261138,key-25,638
1775447261139,key-13,139
1775447261142,key-2,333
1775447261143,key-29,64
1775447261144,key-37,24
1775447261144,key-3,220
1775447261145,key-29,66
1775447261147,key-13,147
1775447261148,key-3,224
1775447261154,key-6,3060
1775447261157,key-19,3
1775447261158,key-7,974
1775447261159,key-13,159
1775447261159,key-47,121
1775447261159,key-6,3065
1775447261160,key-2,2
1775447261168,key-19,14
1775447261168,key-37,48
1775447261169,key-2,11
1775447261171,key-37,51
1775447261171,key-3,247
1775447261175,key-49,7
1775447261176,key-37,56
1775447261176,key-2,18
1775447261180,key-25,680
1775447261185,key-2,27
1775447261186,key-34,453
1775447261186,key-37,66
1775447261186,key-37,66
1775447261187,key-6,3093
1775447261188,key-37,68
1775447261189,key-2,31
1775447261190,key-37,70
1775447261193,key-6,3099
1775447261194,key-37,74
1775447261195,key-2,37
1775447261195,key-37,75
1775447261199,key-2,41
1775447261199,key-9,6
1775447261200,key-18,2425
1775447261201,key-3,277
1775447261202,key-2,44
1775447261202,key-6,3108
1775447261203,key-2,45
1775447261209,key-37,89
1775447261209,key-30,317
1775447261210,key-14,550
1775447261218,key-2,60
1775447261218,key-2,60
1775447261218,key-14,558
1775447261219,key-6,3125
1775447261221,key-30,329
1775447261223,key-37,103
1775447261229,key-2,71
1775447261229,key-37,109
1775447261229,key-14,569
1775447261229,key-2,71
1775447261230,key-14,570
1775447261230,key-2,72
1775447261231,key-37,111
1775447261231,key-2,73
1775447261233,key-2,75
1775447261234,key-49,8
1775447261235,key-2,77
1775447261238,key-2,80
1775447261239,key-11,6
1775447261245,key-30,353
1775447261246,key-30,354
1775447261246,key-13,246
1775447261246,key-37,126
1775447261247,key-15,145
1775447261248,key-33,449
1775447261248,key-30,356
1775447261257,key-27,118
1775447261258,key-29,179
1775447261258,key-33,459
1775447261259,key-2,101
1775447261259,key-37,139
1775447261259,key-11,26
1775447261264,key-37,144
1775447261264,key-30,372
1775447261265,key-2,107
1775447261268,key-2,110
1775447261269,key-37,149
1775447261269,key-30,377
1775447261270,key-37,150
1775447261271,key-2,113
1775447261272,key-30,380
1775447261282,key-2,124
1775447261283,key-37,163
1775447261284,key-2,126
1775447261287,key-30,395
1775447261290,key-11,57
1775447261290,key-29,211
1775447261298,key-35,854
1775447261298,key-41,246
1775447261299,key-11,66
1775447261299,key-37,179
1775447261303,key-37,183
1775447261304,key-37,184
1775447261305,key-30,413
1775447261312,key-11,79
1775447261314,key-30,422
1775447261315,key-11,82
1775447261315,key-29,236
1775447261316,key-39,980
1775447261318,key-30,426
1775447261324,key-44,222
1775447261324,key-33,4
1775447261332,key-37,212
1775447261332,key-4,977
1775447261333,key-39,997
1775447261334,key-33,14
1775447261334,key-30,442
1775447261335,key-30,443
1775447261336,key-30,444
1775447261338,key-33,18
1775447261338,key-4,983
1775447261339,key-4,984
1775447261340,key-33,20
1775447261341,key-33,21
1775447261353,key-33,33
1775447261353,key-33,33
1775447261359,key-3,435
1775447261360,key-30,467
1775447261360,key-39,1024
1775447261361,key-31,333
1775447261371,key-3,447
1775447261371,key-33,51
1775447261373,key-24,2295
1775447261375,key-33,55
1775447261381,key-34,47
1775447261381,key-33,61
1775447261382,key-17,24
1775447261382,key-16,252
1775447261383,key-31,355
1775447261384,key-33,64
1775447261386,key-33,66
1775447261390,key-3,466
1775447261390,key-24,2312
1775447261391,key-20,429
1775447261393,key-30,501
1775447261397,key-30,505
1775447261404,key-3,480
1775447261404,key-33,84
1775447261405,key-16,275
1775447261406,key-7,1222
1775447261408,key-33,88
1775447261409,key-17,51
1775447261410,key-31,382
1775447261411,key-3,487
1775447261412,key-24,2334
1775447261412,key-31,384
1775447261413,key-9,220
1775447261413,key-30,521
1775447261417,key-20,455
1775447261419,key-33,99
1775447261420,key-33,100
1775447261422,key-26,3
1775447261424,key-31,396
1775447261429,key-33,109
1775447261448,key-20,486
1775447261448,key-7,1264
1775447261448,key-20,486
1775447261449,key-49,223
1775447261449,key-31,421
1775447261449,key-31,421
1775447261449,key-33,129
1775447261449,key-9,256
1775447261451,key-6,3357
1775447261452,key-20,490
1775447261459,key-48,42
1775447261459,key-20,497
1775447261459,key-7,1275
1775447261460,key-20,498
1775447261461,key-13,461
1775447261461,key-14,801
1775447261462,key-44,360
1775447261465,key-48,48
1775447261474,key-31,446
1775447261476,key-13,476
1775447261480,key-31,452
1775447261480,key-13,480
1775447261483,key-9,290
1775447261484,key-31,456
1775447261485,key-24,2407
1775447261485,key-20,523
1775447261485,key-45,828
1775447261486,key-9,293
1775447261489,key-13,489
1775447261490,key-20,528
1775447261491,key-7,1307
1775447261493,key-48,76
1775447261499,key-48,82
1775447261501,key-1,33
1775447261502,key-13,502
1775447261506,key-27,7
1775447261509,key-1,41
1775447261510,key-41,197
1775447261510,key-1,42
1775447261511,key-27,12
1775447261511,key-39,1175
1775447261514,key-13,514
1775447261514,key-2,356
1775447261518,key-1,50
1775447261523,key-13,523
1775447261526,key-2,368
1775447261527,key-27,28
1775447261527,key-41,214
1775447261529,key-41,216
1775447261529,key-18,2754
1775447261533,key-44,431
1775447261534,key-48,117
1775447261552,key-18,2777
1775447261553,key-18,2778
1775447261553,key-48,136
1775447261559,key-29,480
1775447261560,key-20,598
1775447261561,key-48,144
1775447261561,key-18,2786
1775447261561,key-48,144
1775447261567,key-41,254
1775447261567,key-43,3320
1775447261569,key-27,70
1775447261580,key-48,163
1775447261581,key-20,619
1775447261583,key-48,166
1775447261585,key-35,1141
1775447261588,key-20,626
1775447261589,key-48,172
1775447261591,key-18,2816
1775447261592,key-29,513
1775447261594,key-20,4
1775447261595,key-48,178
1775447261596,key-20,6
1775447261597,key-41,284
1775447261602,key-2,2
1775447261605,key-18,2830
1775447261614,key-20,24
1775447261615,key-9,422
1775447261615,key-48,198
1775447261615,key-48,198
1775447261616,key-35,1172
1775447261616,key-18,2841
1775447261618,key-26,7
1775447261619,key-20,29
1775447261619,key-15,4
1775447261620,key-15,5
1775447261621,key-35,1177
1775447261626,key-18,2851
1775447261626,key-2,26
1775447261626,key-32,1137
1775447261628,key-48,211
1775447261628,key-26,17
1775447261637,key-5,95
1775447261637,key-15,22
1775447261638,key-15,23
1775447261643,key-48,226
1775447261643,key-39,1307
1775447261644,key-18,2869
1775447261654,key-49,428
1775447261654,key-48,237
1775447261658,key-48,241
1775447261658,key-18,2883
1775447261660,key-15,45
1775447261660,key-15,45
1775447261661,key-50,6
1775447261662,key-48,245
1775447261662,key-1,194
1775447261663,key-48,246
1775447261664,key-26,53
1775447261665,key-1,197
1775447261671,key-49,445
1775447261673,key-33,353
1775447261673,key-44,571
1775447261674,key-26,63
1775447261675,key-48,258
1775447261676,key-15,61
1775447261678,key-18,2903
1775447261680,key-49,454
1775447261682,key-1,214
1775447261684,key-18,2909
1775447261684,key-49,458
1775447261691,key-15,76
1775447261691,key-15,76
1775447261691,key-41,378
1775447261692,key-44,590
1775447261692,key-1,224
1775447261694,key-49,468
1775447261697,key-26,86
1775447261697,key-49,471
1775447261702,key-48,285
1775447261703,key-15,88
1775447261703,key-18,2928
1775447261703,key-13,703
1775447261704,key-49,478
1775447261705,key-49,479
1775447261706,key-13,706
1775447261706,key-18,2931
1775447261707,key-42,1111
1775447261707,key-18,2932
1775447261710,key-49,484
1775447261715,key-41,402
1775447261716,key-48,299
1775447261716,key-13,716
1775447261717,key-41,404
1775447261722,key-49,496
1775447261722,key-49,496
1775447261726,key-26,115
1775447261726,key-49,500
1775447261727,key-13,727
1775447261728,key-26,117
1775447261729,key-32,1240
1775447261733,key-28,841
1775447261746,key-49,520
1775447261747,key-26,136
1775447261747,key-13,747
1775447261748,key-48,331
1775447261749,key-22,165
1775447261750,key-49,524
1775447261750,key-18,2975
1775447261750,key-48,333
1775447261751,key-41,438
1775447261752,key-41,439
1775447261752,key-13,752
1775447261753,key-26,142
1775447261754,key-18,2979
1775447261755,key-28,863
1775447261756,key-13,756
1775447261757,key-10,747
1775447261769,key-40,2000
1775447261769,key-30,877
1775447261772,key-49,546
1775447261774,key-19,620
1775447261779,key-40,2010
1775447261781,key-35,1337
1775447261782,key-48,365
1775447261782,key-6,3688
1775447261783,key-26,172
1775447261783,key-18,3008
1775447261784,key-18,3009
1775447261784,key-40,2015
1775447261784,key-48,367
1775447261795,key-18,3020
1775447261796,key-18,3021
1775447261796,key-25,1296
1775447261796,key-40,2027
1775447261796,key-11,25
1775447261799,key-18,3024
1775447261799,key-34,465
1775447261803,key-11,32
1775447261805,key-2,205
1775447261807,key-2,207
1775447261808,key-49,582
1775447261808,key-32,1319
1775447261809,key-30,917
1775447261811,key-38,8
1775447261817,key-49,591
1775447261820,key-36,1028
1775447261821,key-45,1164
1775447261823,key-11,52
1775447261825,key-2,225
1775447261827,key-36,1035
1775447261827,key-38,24
1775447261830,key-11,59
1775447261831,key-49,605
1775447261832,key-18,3057
1775447261833,key-9,13
1775447261833,key-20,243
1775447261839,key-9,19
1775447261839,key-9,19
1775447261841,key-29,9
1775447261842,key-18,3067
1775447261843,key-32,1354
1775447261844,key-36,1052
1775447261849,key-5,307
1775447261850,key-9,30
1775447261850,key-20,260
1775447261850,key-38,47
1775447261852,key-29,20
1775447261861,key-36,1069
1775447261862,key-20,272
1775447261865,key-29,33
1775447261867,key-18,3092
1775447261874,key-30,982
1775447261874,key-9,54
1775447261875,key-33,555
1775447261875,key-32,1386
1775447261875,key-48,458
1775447261875,key-29,43
1775447261878,key-30,986
1775447261881,key-20,291
1775447261881,key-21,19
1775447261885,key-26,274
1775447261885,key-36,1093
1775447261888,key-21,26
1775447261890,key-16,760
1775447261900,key-49,14
1775447261901,key-48,484
1775447261902,key-32,1413
1775447261902,key-20,312
1775447261902,key-21,40
1775447261902,key-9,82
1775447261903,key-33,583
1775447261903,key-33,583
1775447261903,key-21,41
1775447261904,key-29,72
1775447261906,key-20,316
1775447261909,key-33,589
1775447261916,key-33,596
1775447261919,key-21,57
1775447261919,key-20,329
1775447261920,key-44,818
1775447261921,key-33,601
1775447261921,key-5,379
1775447261921,key-31,107
1775447261921,key-28,1029
1775447261922,key-20,332
1775447261923,key-5,381
1775447261924,key-33,604
1775447261930,key-44,828
1775447261934,key-20,344
1775447261934,key-12,2148
1775447261935,key-40,2166
1775447261936,key-20,346
1775447261936,key-20,346
1775447261944,key-8,28
1775447261945,key-18,3170
1775447261946,key-8,30
1775447261947,key-40,2178
1775447261954,key-20,364
1775447261954,key-39,24
1775447261955,key-8,39
1775447261956,key-40,2187
1775447261956,key-33,636
1775447261957,key-5,415
1775447261958,key-18,3183
1775447261958,key-12,2172
1775447261958,key-20,368
1775447261961,key-5,419
1775447261967,key-39,37
1775447261968,key-12,2182
1775447261969,key-12,2183
1775447261972,key-5,430
1775447261973,key-8,57
1775447261975,key-8,59
1775447261975,key-39,45
1775447261980,key-8,64
1775447261981,key-12,2195
1775447261982,key-8,66
1775447261982,key-21,120
1775447261982,key-8,66
1775447261984,key-12,2198
1775447261984,key-24,22
1775447261985,key-24,23
1775447261988,key-31,174
1775447261989,key-42,1393
1775447261989,key-36,1197
1775447261989,key-27,490
1775447261993,key-8,9
1775447261994,key-39,64
1775447261994,key-8,10
1775447261994,key-17,636
1775447262000,key-13,17
1775447262002,key-24,40
1775447262004,key-27,505
1775447262004,key-16,874
1775447262010,key-28,1118
1775447262011,key-8,27
1775447262012,key-12,2226
1775447262012,key-50,357
1775447262016,key-36,1224
1775447262016,key-12,2230
1775447262016,key-27,517
1775447262017,key-19,88
1775447262017,key-39,87
1775447262020,key-31,17
1775447262021,key-28,1129
1775447262024,key-12,2238
1775447262025,key-27,526
1775447262026,key-12,2240
1775447262027,key-13,44
1775447262029,key-27,530
1775447262032,key-8,48
1775447262034,key-50,379
1775447262035,key-13,52
1775447262036,key-32,1547
1775447262037,key-12,2251
1775447262039,key-12,2253
1775447262040,key-19,111
1775447262045,key-13,62
1775447262051,key-12,2265
1775447262052,key-36,1260
1775447262052,key-27,553
1775447262054,key-12,2268
1775447262054,key-12,2268
1775447262054,key-2,454
1775447262062,key-17,704
1775447262064,key-5,13
1775447262065,key-4,617
1775447262066,key-29,234
1775447262068,key-4,620
1775447262069,key-29,237
1775447262074,key-36,9
1775447262074,key-17,716
1775447262076,key-37,956
1775447262078,key-4,630
1775447262079,key-17,5
1775447262086,key-17,12
1775447262086,key-20,496
1775447262087,key-4,639
1775447262087,key-12,2301
1775447262090,key-17,16
1775447262098,key-4,650
1775447262099,key-17,25
1775447262100,key-4,652
1775447262100,key-17,26
1775447262100,key-4,652
1775447262105,key-21,243
1775447262105,key-45,1448
1775447262106,key-10,244
1775447262109,key-47,3
1775447262113,key-8,129
1775447262114,key-43,33
1775447262115,key-38,312
1775447262115,key-23,241
1775447262116,key-40,2347
1775447262119,key-38,316
1775447262120,key-40,2351
1775447262121,key-5,28
1775447262122,key-25,1622
1775447262122,key-23,248
1775447262126,key-45,1469
1775447262126,key-23,252
1775447262128,key-8,144
1775447262129,key-5,36
1775447262130,key-21,268
1775447262130,key-47,24
1775447262133,key-16,14
1775447262134,key-5,41
1775447262135,key-31,132
1775447262140,key-5,47
1775447262140,key-40,2371
1775447262141,key-12,2355
1775447262141,key-5,48
1775447262141,key-47,35
1775447262143,key-38,340
1775447262143,key-5,50
1775447262149,key-38,346
1775447262149,key-12,2363
1775447262150,key-8,166
1775447262155,key-31,152
1775447262155,key-15,540
1775447262161,key-5,68
1775447262161,key-47,55
1775447262162,key-40,2393
1775447262163,key-38,360
1775447262166,key-5,73
1775447262167,key-31,164
1775447262171,key-47,65
1775447262172,key-16,53
1775447262175,key-45,1518
1775447262179,key-35,1735
1775447262180,key-40,2411
1775447262180,key-31,177
1775447262180,key-32,1691
1775447262181,key-45,1524
1775447262182,key-1,17
1775447262182,key-24,220
1775447262183,key-44,1081
1775447262185,key-31,182
1775447262192,key-45,1535
1775447262193,key-46,633
1775447262197,key-46,637
1775447262198,key-19,4
1775447262198,key-32,1709
1775447262198,key-35,1754
1775447262201,key-45,1544
1775447262201,key-13,20
1775447262201,key-44,1099
1775447262205,key-1,40
1775447262205,key-28,1313
1775447262220,key-35,1776
1775447262221,key-45,10
1775447262221,key-35,1777
1775447262221,key-31,218
1775447262222,key-13,41
1775447262222,key-46,662
1775447262226,key-41,913
1775447262226,key-45,15
1775447262227,key-45,16
1775447262227,key-19,33
1775447262228,key-45,17
1775447262228,key-32,1739
1775447262228,key-13,47
1775447262229,key-31,226
1775447262231,key-32,1742
1775447262232,key-37,2
1775447262234,key-32,1745
1775447262234,key-38,431
1775447262241,key-45,30
1775447262242,key-11,471
1775447262242,key-45,31
1775447262243,key-21,381
1775447262244,key-27,745
1775447262245,key-19,51
1775447262245,key-45,34
1775447262246,key-24,284
1775447262246,key-34,912
1775447262249,key-24,287
1775447262249,key-30,1357
1775447262249,key-11,478
1775447262255,key-21,393
1775447262260,key-1,95
1775447262260,key-24,298
1775447262261,key-32,1772
1775447262262,key-37,32
1775447262264,key-1,99
1775447262266,key-1,101
1775447262267,key-1,102
1775447262268,key-45,57
1775447262269,key-21,407
1775447262271,key-20,681
1775447262273,key-24,311
1775447262275,key-34,941
1775447262275,key-5,182
1775447262278,key-33,958
1775447262278,key-9,458
1775447262284,key-40,2515
1775447262284,key-36,219
1775447262285,key-32,1796
1775447262285,key-23,411
1775447262286,key-34,952
1775447262288,key-29,456
1775447262290,key-19,96
1775447262294,key-34,960
1775447262296,key-32,1807
1775447262297,key-36,232
1775447262299,key-32,1810
1775447262300,key-23,426
1775447262300,key-38,36
1775447262302,key-32,1813
1775447262307,key-34,973
1775447262308,key-33,988
1775447262309,key-34,975
1775447262309,key-36,244
1775447262310,key-23,436
1775447262311,key-34,977
1775447262313,key-34,3
1775447262313,key-38,49
1775447262314,key-2,714
1775447262315,key-38,51
1775447262315,key-36,250
1775447262318,key-32,1829
1775447262324,key-33,1004
1775447262328,key-36,263
1775447262330,key-32,1841
1775447262333,key-33,1013
1775447262333,key-34,23
1775447262334,key-34,24
1775447262335,key-36,270
1775447262335,key-34,25
1775447262338,key-36,273
1775447262341,key-32,1852
1775447262343,key-34,33
1775447262344,key-34,34
1775447262346,key-36,281
1775447262347,key-2,747
1775447262348,key-17,274
1775447262348,key-39,17
1775447262349,key-21,487
1775447262351,key-5,258
1775447262356,key-36,291
1775447262357,key-9,537
1775447262359,key-44,1257
1775447262360,key-39,29
1775447262361,key-44,1259
1775447262363,key-39,32
1775447262365,key-41,1052
1775447262370,key-2,770
1775447262371,key-34,61
1775447262379,key-6,24
1775447262379,key-44,1277
1775447262381,key-39,50
1775447262388,key-41,1075
1775447262389,key-2,789
1775447262393,key-42,1797
1775447262395,key-6,40
1775447262395,key-44,1293
1775447262396,key-42,1800
1775447262396,key-50,741
1775447262398,key-24,436
1775447262398,key-34,88
1775447262398,key-41,1085
1775447262399,key-7,784
1775447262404,key-42,1808
1775447262407,key-35,1963
1775447262407,key-6,4
1775447262409,key-7,6
1775447262411,key-28,1519
1775447262411,key-2,811
1775447262412,key-42,1816
1775447262414,key-44,1312
1775447262422,key-41,1109
1775447262427,key-42,1831
1775447262427,key-50,772
1775447262428,key-6,25
1775447262435,key-47,5
1775447262435,key-28,1543
1775447262436,key-6,33
1775447262436,key-50,781
1775447262439,key-44,3
1775447262442,key-28,1550
1775447262442,key-6,39
1775447262447,key-12,2661
1775447262448,key-44,13
1775447262448,key-3,1524
1775447262454,key-39,123
1775447262455,key-29,623
1775447262455,key-42,1859
1775447262455,key-6,52
1775447262456,key-47,26
1775447262457,key-42,1861
1775447262462,key-44,27
1775447262476,key-47,46
1775447262477,key-6,74
1775447262477,key-40,2708
1775447262477,key-38,114
1775447262478,key-44,43
1775447262478,key-47,48
1775447262478,key-50,823
1775447262478,key-44,43
1775447262480,key-47,50
1775447262481,key-29,649
1775447262481,key-40,9
1775447262482,key-16,363
1775447262484,key-28,1592
1775447262486,key-6,83
1775447262489,key-50,1
1775447262496,key-44,61
1775447262497,key-44,62
1775447262498,key-50,10
1775447262498,key-36,433
1775447262498,key-26,249
1775447262499,key-40,27
1775447262499,key-44,64
1775447262501,key-47,21
1775447262503,key-47,23
1775447262504,key-50,16
1775447262505,key-28,1613
1775447262505,key-44,70
1775447262506,key-22,332
1775447262517,key-28,1625
1775447262518,key-50,30
1775447262518,key-44,83
1775447262520,key-50,32
1775447262521,key-47,41
1775447262522,key-40,50
1775447262525,key-44,90
1775447262527,key-17,21
1775447262531,key-40,59
1775447262531,key-47,51
1775447262532,key-50,44
1775447262533,key-50,45
1775447262537,key-50,49
1775447262538,key-36,16
1775447262538,key-22,364
1775447262541,key-40,69
1775447262543,key-50,55
1775447262543,key-44,108
1775447262544,key-46,984
1775447262545,key-48,1128
1775447262545,key-22,371
1775447262547,key-50,59
1775447262549,key-47,69
1775447262550,key-44,115
1775447262550,key-40,78
1775447262550,key-47,70
1775447262553,key-47,73
1775447262554,key-21,692
1775447262555,key-22,381
1775447262555,key-46,995
1775447262556,key-40,84
1775447262563,key-47,83
1775447262564,key-48,1147
1775447262565,key-22,391
1775447262565,key-32,2076
1775447262566,key-47,86
1775447262569,key-22,395
1775447262571,key-1,5
1775447262573,key-39,4
1775447262573,key-48,1156
1775447262573,key-47,93
1775447262574,key-47,94
1775447262574,key-22,400
1775447262577,key-46,1017
1775447262577,key-1,11
1775447262582,key-34,272
1775447262585,key-39,16
1775447262585,key-22,411
1775447262587,key-14,201
1775447262587,key-1,21
1775447262589,key-39,20
1775447262590,key-47,110
1775447262590,key-10,263
1775447262590,key-1,24
1775447262591,key-49,705
1775447262595,key-34,285
1775447262595,key-39,26
1775447262597,key-34,287
1775447262598,key-47,118
1775447262599,key-34,289
1775447262600,key-22,426
1775447262601,key-34,291
1775447262606,key-34,296
1775447262609,key-44,174
1775447262618,key-8,634
1775447262619,key-39,50
1775447262619,key-35,2175
1775447262619,key-10,292
1775447262620,key-8,636
1775447262622,key-34,312
1775447262626,key-10,299
1775447262627,key-10,300
1775447262627,key-39,58
1775447262628,key-8,644
1775447262631,key-8,647
1775447262635,key-10,308
1775447262636,key-33,12
1775447262641,key-47,161
1775447262641,key-8,657
1775447262642,key-10,315
1775447262646,key-34,336
1775447262646,key-10,319
1775447262647,key-10,320
1775447262650,key-23,776
1775447262650,key-10,323
1775447262652,key-33,28
1775447262652,key-8,668
1775447262652,key-33,28
1775447262652,key-28,1760
1775447262654,key-10,327
1775447262662,key-4,141
1775447262662,key-10,335
1775447262664,key-33,40
1775447262672,key-9,6
1775447262672,key-29,840
1775447262673,key-10,346
1775447262674,key-31,671
1775447262675,key-47,195
1775447262675,key-33,51
1775447262677,key-33,53
1775447262678,key-33,54
1775447262679,key-28,1787
1775447262682,key-33,58
1775447262682,key-33,58
1775447262701,key-24,739
1775447262701,key-10,374
1775447262701,key-9,35
1775447262701,key-33,77
1775447262706,key-33,82
1775447262709,key-47,229
1775447262712,key-49,826
1775447262713,key-4,192
1775447262719,key-10,392
1775447262720,key-23,846
1775447262720,key-49,834
1775447262720,key-24,758
1775447262720,key-40,56
1775447262721,key-23,847
1775447262724,key-40,60
1775447262728,key-33,104
1775447262730,key-35,2286
1775447262733,key-47,253
1775447262736,key-47,256
1775447262737,key-35,2293
1775447262738,key-49,852
1775447262742,key-40,78
1775447262743,key-47,263
1775447262743,key-2,15
1775447262743,key-47,263
1775447262747,key-33,123
1775447262748,key-29,916
1775447262748,key-40,84
1775447262752,key-47,272
1775447262753,key-47,273
1775447262754,key-27,30
1775447262754,key-40,90
1775447262757,key-47,277
1775447262759,key-11,988
1775447262759,key-1,16
1775447262761,key-47,281
1775447262761,key-22,54
1775447262767,key-11,996
1775447262769,key-47,289
1775447262770,key-10,443
1775447262772,key-2,44
1775447262778,key-5,23
1775447262783,key-10,456
1775447262783,key-47,303
1775447262785,key-10,458
1775447262786,key-40,122
1775447262787,key-20,1197
1775447262788,key-23,914
1775447262789,key-47,309
1775447262790,key-37,16
1775447262790,key-16,671
1775447262795,key-22,88
1775447262796,key-47,316
1775447262798,key-47,318
1775447262798,key-2,70
1775447262801,key-10,474
1775447262802,key-5,47
1775447262803,key-10,476
1775447262807,key-23,933
1775447262808,key-37,34
1775447262809,key-5,54
1775447262815,key-2,87
1775447262817,key-10,490
1775447262818,key-37,44
1775447262819,key-5,64
1775447262820,key-20,1230
1775447262826,key-7,351
1775447262827,key-20,1237
1775447262828,key-2,100
1775447262829,key-37,55
1775447262830,key-5,75
1775447262830,key-22,123
1775447262830,key-5,75
1775447262830,key-22,123
1775447262832,key-2,104
1775447262834,key-5,79
1775447262838,key-32,2349
1775447262841,key-2,113
1775447262844,key-22,137
1775447262845,key-30,1953
1775447262848,key-45,637
1775447262848,key-5,93
1775447262850,key-7,375
1775447262851,key-2,123
1775447262862,key-2,134
1775447262862,key-2,134
1775447262865,key-30,1973
1775447262867,key-50,36
1775447262868,key-13,687
1775447262868,key-22,161
1775447262869,key-50,38
1775447262870,key-38,507
1775447262872,key-38,509
1775447262873,key-32,36
1775447262873,key-2,145
1775447262875,key-41,1562
1775447262876,key-2,148
1775447262879,key-25,2379
1775447262880,key-30,1988
1775447262883,key-2,155
1775447262885,key-45,674
1775447262897,key-38,534
1775447262900,key-41,1587
1775447262900,key-24,938
1775447262900,key-2,172
1775447262902,key-41,1589
1775447262904,key-35,2460
1775447262904,key-45,693
1775447262905,key-28,2013
1775447262908,key-32,71
1775447262918,key-38,555
1775447262920,key-25,2420
1775447262920,key-41,1607
1775447262923,key-37,149
1775447262925,key-45,714
1775447262925,key-45,714
1775447262928,key-32,91
1775447262931,key-41,1618
1775447262932,key-38,569
1775447262934,key-32,97
1775447262936,key-45,725
1775447262936,key-38,573
1775447262939,key-45,728
1775447262940,key-43,8
1775447262940,key-32,103
1775447262941,key-45,730
1775447262944,key-45,733
1775447262945,key-50,114
1775447262947,key-38,584
1775447262949,key-45,738
1775447262954,key-43,22
1775447262956,key-18,752
1775447262958,key-26,709
1775447262965,key-13,784
1775447262966,key-45,755
1775447262966,key-35,2522
1775447262966,key-32,129
1775447262968,key-1,225
1775447262969,key-35,2525
1775447262971,key-34,263
1775447262973,key-34,265
1775447262975,key-38,612
1775447262975,key-34,267
1775447262980,key-42,34
1775447262982,key-13,801
1775447262983,key-6,28
1775447262984,key-38,621
1775447262984,key-42,38
1775447262985,key-45,774
1775447262989,key-35,2545
1775447262995,key-42,49
1775447262995,key-18,791
1775447263004,key-39,435
1775447263005,key-35,2561
1775447263005,key-6,50
1775447263005,key-6,50
1775447263006,key-42,60
1775447263008,key-34,300
1775447263012,key-33,388
1775447263014,key-42,68
1775447263020,key-30,2128
1775447263024,key-27,300
1775447263024,key-42,78
1775447263026,key-35,2582
1775447263027,key-6,72
1775447263031,key-42,85
1775447263031,key-45,820
1775447263032,key-34,324
1775447263033,key-20,1443
1775447263034,key-38,671
1775447263035,key-16,916
1775447263038,key-6,83
1775447263039,key-14,653
1775447263045,key-24,1083
1775447263046,key-34,338
1775447263047,key-6,92
1775447263048,key-15,1433
1775447263049,key-38,686
1775447263049,key-34,341
1775447263049,key-30,2157
1775447263054,key-45,843
1775447263056,key-5,165
1775447263068,key-25,2568
1775447263070,key-23,35
1775447263071,key-16,952
1775447263076,key-14,690
1775447263077,key-16,958
1775447263077,key-14,691
1775447263078,key-37,16
1775447263080,key-26,831
1775447263080,key-15,1465
1775447263082,key-5,191
1775447263082,key-41,1769
1775447263083,key-45,872
1775447263084,key-5,193
1775447263087,key-25,2587
1775447263088,key-14,702
1775447263091,key-10,764
1775447263095,key-48,1678
1775447263097,key-46,1537
1775447263098,key-37,36
1775447263103,key-15,1488
1775447263104,key-14,718
1775447263109,key-14,723
1775447263110,key-5,219
1775447263111,key-22,404
1775447263118,key-17,8
1775447263119,key-49,1233
1775447263120,key-32,85
1775447263121,key-37,59
1775447263122,key-14,736
1775447263123,key-14,737
1775447263125,key-46,1565
1775447263125,key-48,1708
1775447263126,key-25,2626
1775447263128,key-10,801
1775447263132,key-5,241
1775447263133,key-3,581
1775447263135,key-39,566
1775447263136,key-20,1546
1775447263139,key-20,1549
1775447263139,key-32,104
1775447263143,key-28,2251
1775447263144,key-14,758
1775447263144,key-10,817
1775447263144,key-32,109
1775447263146,key-15,1531
1775447263147,key-20,1557
1775447263149,key-11,1378
1775447263150,key-14,764
1775447263150,key-10,823
1775447263150,key-40,486
1775447263154,key-10,827
1775447263156,key-1,413
1775447263165,key-20,1575
1775447263166,key-19,972
1775447263166,key-25,2666
1775447263167,key-3,615
1775447263171,key-32,136
1775447263181,key-8,415
1775447263183,key-2,455
1775447263187,key-39,28
1775447263187,key-32,152
1775447263188,key-10,861
1775447263188,key-8,422
1775447263189,key-30,127
1775447263189,key-11,1418
1775447263191,key-3,639
1775447263192,key-20,1602
1775447263193,key-25,2693
1775447263194,key-50,363
1775447263203,key-47,723
1775447263203,key-30,141
1775447263204,key-2,476
1775447263205,key-11,1434
1775447263211,key-35,36
1775447263212,key-13,43
1775447263213,key-3,661
1775447263213,key-2,485
1775447263214,key-6,259
1775447263215,key-3,663
1775447263220,key-25,2720
1775447263224,key-2,496
1775447263226,key-47,746
1775447263227,key-30,164
1775447263228,key-20,1638
1775447263228,key-20,1638
1775447263229,key-46,15
1775447263233,key-20,1643
1775447263239,key-46,25
1775447263240,key-13,71
1775447263240,key-11,1469
1775447263242,key-30,180
1775447263244,key-6,289
1775447263245,key-3,693
1775447263252,key-3,700
1775447263252,key-7,21
1775447263253,key-13,84
1775447263255,key-12,266
1775447263255,key-19,11
1775447263256,key-3,704
1775447263256,key-13,87
1775447263262,key-19,18
1775447263262,key-3,710
1775447263265,key-11,1494
1775447263268,key-12,279
1775447263270,key-19,26
1775447263270,key-3,718
1775447263271,key-13,102
1775447263279,key-12,290
1775447263281,key-3,729
1775447263282,key-48,19
1775447263283,key-21,1421
1775447263284,key-45,1073
1775447263285,key-27,561
1775447263287,key-13,118
1775447263288,key-11,1517
1775447263288,key-48,25
1775447263290,key-3,738
1775447263290,key-13,121
1775447263295,key-45,1084
1775447263295,key-48,32
1775447263296,key-48,33
1775447263297,key-27,573
1775447263302,key-12,313
1775447263303,key-38,940
1775447263306,key-6,26
1775447263308,key-6,28
1775447263313,key-3,761
1775447263314,key-45,1103
1775447263314,key-28,2422
1775447263314,key-46,26
1775447263315,key-48,52
1775447263316,key-23,281
1775447263317,key-16,9
1775447263319,key-38,956
1775447263320,key-48,57
1775447263323,key-23,288
1775447263325,key-48,62
1775447263327,key-46,39
1775447263328,key-28,2436
1775447263328,key-41,2015
1775447263330,key-10,1003
1775447263331,key-48,68
1775447263332,key-28,2440
1775447263333,key-46,45
1775447263338,key-3,786
1775447263338,key-48,75
1775447263339,key-46,51
1775447263342,key-41,2029
1775447263348,key-48,11
1775447263348,key-46,60
1775447263348,key-46,60
1775447263351,key-38,988
1775447263351,key-48,14
1775447263352,key-50,15
1775447263353,key-15,1738
1775447263355,key-39,196
1775447263356,key-28,2464
1775447263357,key-28,2465
1775447263358,key-20,1768
1775447263358,key-20,1768
1775447263359,key-38,996
1775447263361,key-20,1771
1775447263364,key-32,126
1775447263367,key-38,1004
1775447263369,key-33,61
1775447263369,key-38,1006
1775447263370,key-15,1755
1775447263371,key-39,212
1775447263373,key-20,1783
1775447263374,key-38,1011
1775447263376,key-20,1786
1775447263376,key-20,1786
1775447263378,key-36,216
1775447263379,key-20,1789
1775447263382,key-38,1019
1775447263383,key-39,224
1775447263384,key-45,1173
1775447263385,key-32,147
1775447263385,key-38,1022
1775447263390,key-20,1800
1775447263390,key-38,1027
1775447263391,key-32,153
1775447263396,key-13,227
1775447263396,key-35,221
1775447263398,key-31,117
1775447263399,key-20,1809
1775447263402,key-4,277
1775447263404,key-36,242
1775447263405,key-35,230
1775447263407,key-35,232
1775447263407,key-45,1196
1775447263408,key-35,233
1775447263409,key-35,234
1775447263410,key-37,348
1775447263412,key-35,237
1775447263419,key-31,138
1775447263422,key-20,1832
1775447263423,key-32,185
1775447263424,key-35,249
1775447263424,key-20,1834
1775447263424,key-46,136
1775447263430,key-27,706
1775447263431,key-20,1841
1775447263433,key-5,542
1775447263434,key-32,196
1775447263436,key-35,261
1775447263438,key-36,12
1775447263439,key-32,201
1775447263439,key-25,2939
1775447263440,key-1,697
1775447263442,key-32,204
1775447263442,key-32,204
1775447263444,key-24,13
1775447263447,key-36,21
1775447263447,key-1,704
1775447263449,key-36,23
1775447263450,key-24,19
1775447263453,key-46,165
1775447263454,key-27,730
1775447263455,key-36,29
1775447263461,key-11,1690
1775447263461,key-24,30
1775447263470,key-1,727
1775447263471,key-24,40
1775447263471,key-40,16
1775447263471,key-11,1700
1775447263471,key-1,728
1775447263472,key-7,241
1775447263472,key-32,234
1775447263474,key-40,19
1775447263479,key-24,48
1775447263480,key-40,25
1775447263481,key-41,2168
1775447263482,key-43,395
1775447263482,key-7,251
1775447263483,key-46,195
1775447263485,key-28,47
1775447263486,key-24,55
1775447263487,key-36,61
1775447263488,key-46,200
1775447263489,key-32,251
1775447263494,key-32,256
1775447263494,key-24,63
1775447263494,key-43,407
1775447263496,key-37,434
1775447263496,key-32,258
1775447263497,key-10,1170
1775447263502,key-21,119
1775447263503,key-36,77
1775447263507,key-8,5
1775447263507,key-21,125
1775447263507,key-24,76
1775447263508,key-40,53
1775447263509,key-32,271
1775447263516,key-32,278
1775447263519,key-24,88
1775447263521,key-38,1158
1775447263521,key-21,139
1775447263521,key-24,90
1775447263522,key-44,1087
1775447263523,key-32,285
1775447263526,key-37,464
1775447263531,key-21,149
1775447263531,key-6,4
1775447263531,key-35,37
1775447263533,key-21,151
1775447263533,key-32,295
1775447263542,key-6,15
1775447263543,key-24,112
1775447263543,key-35,49
1775447263543,key-32,305
1775447263544,key-21,162
1775447263544,key-21,162
1775447263545,key-21,163
1775447263546,key-48,209
1775447263547,key-21,165
1775447263550,key-45,1339
1775447263551,key-35,57
1775447263552,key-32,314
1775447263553,key-6,26
1775447263553,key-20,1963
1775447263554,key-35,60
1775447263557,key-29,1725
1775447263558,key-6,31
1775447263559,key-21,177
1775447263565,key-21,183
1775447263568,key-49,58
1775447263568,key-35,74
1775447263570,key-24,139
1775447263570,key-21,188
1775447263572,key-48,235
1775447263572,key-21,190
1775447263573,key-32,335
1775447263573,key-22,866
1775447263576,key-35,82
1775447263578,key-21,196
1775447263578,key-42,632
1775447263579,key-35,85
1775447263580,key-21,198
1775447263581,key-21,199
1775447263582,key-43,18
1775447263586,key-21,204
1775447263586,key-35,92
1775447263589,key-24,158
1775447263589,key-21,207
1775447263590,key-24,159
1775447263590,key-21,208
1775447263596,key-48,259
1775447263597,key-32,359
1775447263597,key-21,215
1775447263597,key-22,890
1775447263597,key-21,215
1775447263597,key-21,215
1775447263602,key-21,220
1775447263603,key-5,19
1775447263603,key-31,322
1775447263610,key-48,273
1775447263612,key-42,666
1775447263612,key-21,230
1775447263612,key-48,275
1775447263615,key-11,1844
1775447263616,key-21,234
1775447263617,key-21,235
1775447263619,key-48,282
1775447263620,key-39,5
1775447263624,key-48,287
1775447263629,key-50,292
1775447263629,key-36,203
1775447263630,key-2,902
1775447263630,key-22,923
1775447263631,key-5,47
1775447263632,key-34,924
1775447263632,key-48,295
1775447263633,key-36,207
1775447263634,key-48,297
1775447263635,key-5,51
1775447263636,key-23,601
1775447263636,key-5,52
1775447263637,key-39,22
1775447263642,key-28,204
1775447263644,key-36,218
1775447263645,key-5,61
1775447263645,key-36,219
1775447263645,key-27,921
1775447263646,key-29,1814
1775447263647,key-36,221
1775447263648,key-23,613
1775447263648,key-5,64
1775447263649,key-34,941
1775447263650,key-42,704
1775447263659,key-5,75
1775447263660,key-39,45
1775447263661,key-39,46
1775447263661,key-36,235
1775447263662,key-18,652
1775447263662,key-40,127
1775447263663,key-28,225
1775447263663,key-39,48
1775447263666,key-36,240
1775447263666,key-43,102
1775447263688,key-36,262
1775447263689,key-29,1857
1775447263689,key-42,743
1775447263689,key-39,74
1775447263690,key-36,264
1775447263690,key-41,2377
1775447263690,key-5,106
1775447263690,key-46,402
1775447263690,key-33,106
1775447263690,key-39,75
1775447263690,key-45,135
1775447263691,key-5,107
1775447263691,key-43,127
1775447263692,key-20,2102
1775447263693,key-39,78
1775447263696,key-46,408
1775447263703,key-29,7
1775447263705,key-29,9
1775447263708,key-39,93
1775447263711,key-29,15
1775447263712,key-42,766
1775447263712,key-41,2399
1775447263713,key-39,98
1775447263713,key-16,405
1775447263716,key-43,152
1775447263718,key-46,430
1775447263718,key-29,22
1775447263721,key-5,137
1775447263721,key-16,413
1775447263726,key-39,111
1775447263727,key-28,289
1775447263727,key-29,31
1775447263728,key-42,781
1775447263729,key-46,441
1775447263731,key-39,116
1775447263732,key-14,1346
1775447263732,key-28,294
1775447263734,key-19,339
1775447263738,key-10,1411
1775447263742,key-39,127
1775447263742,key-42,796
1775447263744,key-25,3244
1775447263746,key-28,308
1775447263746,key-50,104
1775447263749,key-10,1422
1775447263751,key-19,356
1775447263755,key-19,360
1775447263755,key-11,1984
1775447263756,key-39,141
1775447263756,key-47,1276
1775447263756,key-19,361
1775447263758,key-42,811
1775447263761,key-10,1434
1775447263761,key-47,1281
1775447263761,key-19,366
1775447263767,key-2,1039
1775447263773,key-11,2002
1775447263774,key-11,2003
1775447263776,key-10,1449
1775447263776,key-10,1449
1775447263777,key-39,162
1775447263777,key-47,1297
1775447263778,key-31,3
1775447263781,key-34,48
1775447263785,key-19,390
1775447263787,key-2,12
1775447263787,key-11,2016
1775447263788,key-12,799
1775447263788,key-21,406
1775447263789,key-11,2018
1775447263793,key-2,18
1775447263800,key-31,25
1775447263801,key-11,2030
1775447263801,key-11,2030
1775447263801,key-12,812
1775447263801,key-11,2030
1775447263803,key-36,377
1775447263805,key-37,743
1775447263805,key-11,2034
1775447263806,key-34,73
1775447263809,key-31,6
1775447263809,key-36,383
1775447263809,key-19,414
1775447263811,key-12,822
1775447263811,key-21,429
1775447263818,key-46,530
1775447263818,key-37,756
1775447263819,key-12,830
1775447263821,key-12,832
1775447263822,key-45,15
1775447263825,key-31,22
1775447263829,key-37,767
1775447263829,key-26,145
1775447263836,key-26,152
1775447263836,key-12,847
1775447263837,key-19,442
1775447263837,key-23,802
1775447263837,key-16,529
1775447263840,key-22,1133
1775447263841,key-8,339
1775447263842,key-45,35
1775447263843,key-47,1363
1775447263847,key-12,858
1775447263848,key-3,13
1775447263849,key-47,1369
1775447263851,key-44,1416
1775447263853,key-26,169
1775447263854,key-12,865
1775447263855,key-19,460
1775447263855,key-37,793
1775447263855,key-37,793
1775447263856,key-15,2241
1775447263856,key-46,10
1775447263856,key-8,354
1775447263857,key-44,1422
1775447263858,key-22,1151
1775447263859,key-8,357
1775447263859,key-19,464
1775447263860,key-12,871
1775447263868,key-47,1388
1775447263868,key-8,366
1775447263876,key-19,481
1775447263876,key-44,1441
1775447263879,key-44,1444
1775447263880,key-22,1173
1775447263882,key-8,380
1775447263883,key-37,821
1775447263883,key-7,652
1775447263885,key-22,1178
1775447263886,key-7,655
1775447263888,key-45,81
1775447263888,key-7,657
1775447263888,key-47,1408
1775447263889,key-44,1454
1775447263889,key-19,494
1775447263889,key-10,1562
1775447263890,key-7,659
1775447263892,key-44,1457
1775447263895,key-37,833
1775447263895,key-38,22
1775447263896,key-3,61
1775447263903,key-7,672
1775447263903,key-37,841
1775447263907,key-3,72
1775447263907,key-24,476
1775447263907,key-44,1472
1775447263908,key-8,406
1775447263908,key-7,677
1775447263909,key-44,1474
1775447263909,key-7,678
1775447263911,key-40,376
1775447263912,key-32,2
1775447263913,key-19,518
1775447263915,key-50,273
1775447263916,key-38,43
1775447263918,key-27,1194
1775447263925,key-37,863
1775447263925,key-38,52
1775447263925,key-44,1490
1775447263926,key-34,193
1775447263927,key-50,285
1775447263927,key-34,194
1775447263928,key-27,1204
1775447263933,key-14,1547
1775447263933,key-11,2162
1775447263933,key-7,702
1775447263935,key-34,202
1775447263935,key-50,293
1775447263936,key-19,541
1775447263949,key-27,1225
1775447263949,key-36,523
1775447263949,key-38,76
1775447263950,key-4,254
1775447263950,key-32,40
1775447263950,key-38,77
1775447263950,key-38,77
1775447263953,key-36,527
1775447263954,key-44,1519
1775447263955,key-34,222
1775447263955,key-27,1231
1775447263956,key-14,1570
1775447263962,key-28,524
1775447263966,key-22,1259
1775447263967,key-14,1581
1775447263968,key-14,1582
1775447263968,key-46,122
1775447263970,key-34,237
1775447263970,key-22,1263
1775447263970,key-46,124
1775447263971,key-50,24
1775447263973,key-45,166
1775447263973,key-38,100
1775447263974,key-50,27
1775447263975,key-46,129
1775447263977,key-45,170
1775447263980,key-42,7
1775447263984,key-45,177
1775447263985,key-50,38
1775447263986,key-13,817
1775447263986,key-23,951
1775447263986,key-38,113
1775447263988,key-42,15
1775447263991,key-42,18
1775447263993,key-20,2403
1775447263996,key-50,49
1775447263997,key-13,828
1775447263998,key-6,471
1775447263999,key-45,192
1775447264000,key-45,193
1775447264001,key-45,194
1775447264002,key-42,29
1775447264006,key-42,33
1775447264009,key-5,425
1775447264010,key-36,584
1775447264012,key-42,39
1775447264012,key-38,139
1775447264013,key-10,1686
1775447264015,key-38,142
1775447264015,key-42,42
1775447264015,key-38,142
1775447264020,key-42,47
1775447264025,key-42,52
1775447264025,key-42,52
1775447264027,key-1,16
1775447264030,key-42,57
1775447264030,key-30,22
1775447264030,key-24,599
1775447264031,key-36,605
1775447264031,key-45,14
1775447264031,key-9,428
1775447264031,key-9,428
1775447264031,key-1,20
1775447264033,key-30,25
1775447264033,key-42,60
1775447264033,key-1,22
1775447264034,key-14,1648
1775447264034,key-30,26
1775447264035,key-42,62
1775447264038,key-30,30
1775447264041,key-42,68
1775447264041,key-45,24
1775447264046,key-24,615
1775447264046,key-1,35
1775447264047,key-1,36
1775447264048,key-30,40
1775447264050,key-1,39
1775447264050,key-35,556
1775447264051,key-30,43
1775447264053,key-9,450
1775447264053,key-30,45
1775447264053,key-35,559
1775447264054,key-45,37
1775447264058,key-45,41
1775447264061,key-9,458
1775447264061,key-42,88
1775447264062,key-30,54
1775447264062,key-30,54
1775447264065,key-35,571
1775447264066,key-42,93
1775447264069,key-35,575
1775447264070,key-43,271
1775447264074,key-43,275
1775447264074,key-30,66
1775447264074,key-6,37
1775447264076,key-30,68
1775447264077,key-45,60
1775447264077,key-43,278
1775447264078,key-35,584
1775447264080,key-45,63
1775447264085,key-34,352
1775447264088,key-6,51
1775447264089,key-29,393
1775447264089,key-41,173
1775447264090,key-6,53
1775447264090,key-35,596
1775447264093,key-43,294
1775447264095,key-27,1371
1775447264096,key-3,261
1775447264098,key-37,1036
1775447264098,key-45,3
1775447264099,key-24,668
1775447264100,key-46,15
1775447264103,key-37,1041
1775447264105,key-35,611
1775447264107,key-29,411
1775447264107,key-24,676
1775447264109,key-45,14
1775447264111,key-23,6
1775447264112,key-37,1050
1775447264112,key-35,618
1775447264112,key-19,717
1775447264118,key-47,1638
1775447264119,key-42,146
1775447264119,key-11,11
1775447264120,key-23,15
1775447264121,key-24,690
1775447264123,key-11,15
1775447264124,key-35,630
1775447264125,key-11,17
1775447264126,key-17,1016
1775447264126,key-24,695
1775447264126,key-6,89
1775447264127,key-35,633
1775447264127,key-40,592
1775447264130,key-24,699
1775447264130,key-35,636
1775447264132,key-47,1652
1775447264133,key-35,639
1775447264133,key-11,25
1775447264134,key-45,39
1775447264134,key-23,29
1775447264136,key-42,163
1775447264137,key-6,100
1775447264138,key-41,222
1775447264139,key-28,701
1775447264140,key-11,32
1775447264141,key-24,710
1775447264143,key-11,35
1775447264145,key-35,651
1775447264146,key-23,41
1775447264147,key-35,653
1775447264148,key-35,654
1775447264148,key-6,111
1775447264149,key-35,655
1775447264149,key-35,655
1775447264151,key-49,121
1775447264157,key-20,2567
1775447264158,key-13,989
1775447264159,key-30,151
1775447264160,key-11,52
1775447264160,key-6,123
1775447264162,key-22,1455
1775447264163,key-36,737
1775447264164,key-35,670
1775447264165,key-49,135
1775447264168,key-21,292
1775447264169,key-22,1462
1775447264170,key-11,62
1775447264170,key-8,189
1775447264172,key-35,678
1775447264174,key-22,1467
1775447264180,key-6,143
1775447264181,key-30,173
1775447264181,key-48,844
1775447264181,key-13,1012
1775447264181,key-30,173
1775447264186,key-30,178
1775447264186,key-11,78
1775447264186,key-35,692
1775447264188,key-26,231
1775447264189,key-45,94
1775447264189,key-22,1482
1775447264190,key-14,1804
1775447264194,key-26,237
1775447264194,key-21,318
1775447264199,key-14,1813
1775447264202,key-36,776
1775447264203,key-48,866
1775447264203,key-42,230
1775447264206,key-25,3706
1775447264207,key-19,812
1775447264209,key-30,201
1775447264209,key-35,715
1775447264209,key-32,299
1775447264210,key-4,514
1775447264211,key-48,874
1775447264223,key-14,1837
1775447264224,key-26,267
1775447264224,key-22,1517
1775447264225,key-42,252
1775447264228,key-32,318
1775447264228,key-14,1842
1775447264230,key-21,354
1775447264231,key-7,1000
1775447264235,key-42,262
1775447264235,key-26,278
1775447264236,key-48,899
1775447264242,key-48,905
1775447264244,key-26,287
1775447264249,key-42,276
1775447264249,key-32,339
1775447264251,key-32,341
1775447264251,key-50,304
1775447264255,key-32,345
1775447264255,key-21,379
1775447264256,key-4,560
1775447264260,key-48,923
1775447264261,key-9,658
1775447264266,key-27,7
1775447264272,key-48,935
1775447264272,key-42,299
1775447264273,key-14,1887
1775447264277,key-42,304
1775447264279,key-27,20
1775447264279,key-48,942
1775447264279,key-9,676
1775447264280,key-27,21
1775447264284,key-22,1577
1775447264284,key-27,25
1775447264285,key-48,948
1775447264286,key-9,683
1775447264287,key-22,1580
1775447264288,key-42,315
1775447264289,key-27,30
1775447264289,key-27,30
1775447264290,key-48,953
1775447264291,key-42,318
1775447264291,key-42,318
1775447264292,key-27,33
1775447264295,key-11,187
1775447264296,key-43,36
1775447264298,key-48,961
1775447264303,key-27,44
1775447264304,key-27,45
1775447264307,key-27,48
1775447264312,key-27,53
1775447264316,key-22,1609
1775447264320,key-12,1331
1775447264321,key-11,213
1775447264322,key-12,1333
1775447264322,key-22,1615
1775447264324,key-12,1335
1775447264325,key-22,1618
1775447264325,key-41,409
1775447264330,key-41,414
1775447264331,key-19,936
1775447264332,key-42,35
1775447264332,key-27,73
1775447264332,key-19,937
1775447264334,key-27,75
1775447264334,key-21,458
1775447264339,key-21,463
1775447264339,key-12,1350
1775447264344,key-11,236
1775447264344,key-21,468
1775447264346,key-47,1866
1775447264346,key-34,68
1775447264347,key-42,50
1775447264348,key-41,432
1775447264349,key-34,71
1775447264353,key-42,56
1775447264359,key-21,483
1775447264361,key-27,102
1775447264362,key-20,2772
1775447264362,key-34,84
1775447264364,key-43,104
1775447264364,key-27,105
1775447264364,key-34,86
1775447264366,key-18,1356
1775447264366,key-27,107
1775447264368,key-11,260
1775447264372,key-11,264
1775447264372,key-43,112
1775447264376,key-7,1145
1775447264377,key-34,99
1775447264379,key-20,2789
1775447264379,key-45,284
1775447264380,key-34,102
1775447264381,key-46,296
1775447264382,key-43,122
1775447264383,key-27,124
1775447264387,key-34,109
1775447264390,key-45,295
1775447264390,key-36,964
1775447264394,key-42,97
1775447264395,key-17,15
1775447264395,key-11,287
1775447264398,key-45,303
1775447264399,key-34,121
1775447264401,key-13,2
1775447264405,key-34,127
1775447264406,key-45,311
1775447264410,key-13,11
1775447264410,key-21,534
1775447264412,key-1,401
1775447264412,key-11,304
1775447264413,key-36,14
1775447264415,key-16,323
1775447264415,key-31,612
1775447264418,key-45,323
1775447264418,key-17,38
1775447264419,key-17,39
1775447264422,key-15,2807
1775447264423,key-31,620
1775447264424,key-45,329
1775447264424,key-32,514
1775447264426,key-36,27
1775447264428,key-31,625
1775447264428,key-17,48
1775447264429,key-31,626
1775447264435,key-29,739
1775447264437,key-32,527
1775447264441,key-29,745
1775447264441,key-33,565
1775447264441,key-3,606
1775447264444,key-45,349
1775447264447,key-31,644
1775447264448,key-32,538
1775447264449,key-43,189
1775447264449,key-29,753
1775447264450,key-21,574
1775447264454,key-6,417
1775447264454,key-13,55
1775447264457,key-6,420
1775447264461,key-17,81
1775447264462,key-11,354
1775447264462,key-17,82
1775447264463,key-13,64
1775447264464,key-29,768
1775447264464,key-21,588
1775447264465,key-17,85
1775447264465,key-22,1758
1775447264468,key-32,558
1775447264470,key-24,1039
1775447264471,key-11,363
1775447264481,key-32,571
1775447264482,key-43,222
1775447264483,key-21,9
1775447264486,key-11,378
1775447264488,key-11,380
1775447264490,key-22,1783
1775447264490,key-24,1059
1775447264498,key-24,1067
1775447264498,key-21,24
1775447264499,key-17,119
1775447264499,key-11,391
1775447264502,key-16,410
1775447264503,key-16,411
1775447264504,key-22,1797
1775447264504,key-21,30
1775447264505,key-24,1074
1775447264505,key-11,397
1775447264510,key-21,36
1775447264511,key-21,37
1775447264512,key-16,420
1775447264513,key-16,421
1775447264515,key-21,41
1775447264516,key-16,424
1775447264524,key-21,50
1775447264526,key-7,91
1775447264527,key-21,53
1775447264537,key-11,429
1775447264538,key-41,622
1775447264541,key-11,433
1775447264541,key-24,1110
1775447264544,key-41,628
1775447264546,key-21,72
1775447264546,key-9,943
1775447264547,key-41,631
1775447264551,key-21,77
1775447264551,key-37,248
1775447264552,key-24,1121
1775447264552,key-16,460
1775447264555,key-10,38
1775447264559,key-33,683
1775447264565,key-14,24
1775447264566,key-35,1072
1775447264566,key-41,650
1775447264566,key-24,1135
1775447264567,key-9,4
1775447264569,key-47,2089
1775447264570,key-24,1139
1775447264572,key-23,467
1775447264573,key-37,270
1775447264573,key-41,657
1775447264573,key-41,657
1775447264574,key-14,33
1775447264576,key-21,102
1775447264584,key-35,1090
1775447264584,key-37,281
1775447264594,key-44,398
1775447264594,key-3,10
1775447264595,key-33,719
1775447264600,key-33,724
1775447264601,key-44,405
1775447264602,key-3,18
1775447264604,key-3,20
1775447264610,key-35,1116
1775447264610,key-37,307
1775447264611,key-44,415
1775447264611,key-5,10
1775447264611,key-23,506
1775447264614,key-3,30
1775447264614,key-37,311
1775447264614,key-43,19
1775447264614,key-44,418
1775447264616,key-27,357
1775447264617,key-37,314
1775447264618,key-44,422
1775447264621,key-3,37
1775447264622,key-3,38
1775447264634,key-3,50
1775447264634,key-49,33
1775447264635,key-3,51
1775447264635,key-27,376
1775447264635,key-27,376
1775447264635,key-44,439
1775447264636,key-49,35
1775447264636,key-46,551
1775447264639,key-44,443
1775447264641,key-43,46
1775447264642,key-34,364
1775447264649,key-3,65
1775447264650,key-27,391
1775447264650,key-34,372
1775447264651,key-40,1116
1775447264656,key-20,3066
1775447264662,key-49,61
1775447264663,key-13,264
1775447264664,key-2,16
1775447264664,key-44,468
1775447264664,key-43,69
1775447264666,key-45,571
1775447264666,key-27,407
1775447264666,key-10,149
1775447264667,key-49,66
1775447264675,key-49,74
1775447264677,key-43,82
1775447264679,key-27,420
1775447264680,key-27,421
1775447264682,key-20,3092
1775447264685,key-27,426
1775447264685,key-34,407
1775447264686,key-10,169
1775447264688,key-40,1153
1775447264688,key-20,3098
1775447264691,key-20,3101
1775447264698,key-2,50
1775447264699,key-48,232
1775447264699,key-2,51
1775447264701,key-3,117
1775447264701,key-27,442
1775447264706,key-36,307
1775447264706,key-46,18
1775447264706,key-44,510
1775447264707,key-43,112
1775447264710,key-20,3120
1775447264713,key-3,129
1775447264715,key-20,3125
1775447264721,key-1,710
1775447264721,key-36,322
1775447264721,key-36,322
1775447264725,key-3,141
1775447264725,key-1,714
1775447264730,key-23,39
1775447264733,key-23,42
1775447264737,key-23,46
1775447264738,key-43,143
1775447264739,key-20,3149
1775447264740,key-22,104
1775447264746,key-1,735
1775447264747,key-36,348
1775447264747,key-5,146
1775447264748,key-10,231
1775447264748,key-36,349
1775447264749,key-42,452
1775447264749,key-23,58
1775447264749,key-40,1214
1775447264754,key-22,118
1775447264754,key-3,170
1775447264755,key-22,119
1775447264766,key-1,755
1775447264768,key-3,184
1775447264769,key-4,3
1775447264770,key-23,79
1775447264772,key-1,761
1775447264777,key-40,1242
1775447264778,key-23,87
1775447264778,key-1,767
1775447264780,key-4,14
1775447264781,key-40,1246
1775447264784,key-4,18
1775447264787,key-4,21
1775447264787,key-36,32
1775447264787,key-4,21
1775447264801,key-3,217
1775447264802,key-23,111
1775447264802,key-43,207
1775447264802,key-38,929
1775447264803,key-3,219
1775447264804,key-4,38
1775447264804,key-25,3
1775447264810,key-32,900
1775447264810,key-18,1800
1775447264811,key-13,412
1775447264816,key-40,1281
1775447264816,key-28,373
1775447264817,key-35,1323
1775447264818,key-39,12
1775447264819,key-35,1325
1775447264823,key-3,239
1775447264827,key-14,286
1775447264828,key-13,429
1775447264830,key-39,24
1775447264831,key-25,30
1775447264835,key-39,29
1775447264837,key-25,36
1775447264837,key-39,31
1775447264844,key-28,401
1775447264845,key-25,44
1775447264854,key-32,944
1775447264854,key-26,354
1775447264854,key-14,313
1775447264854,key-13,455
1775447264854,key-28,411
1775447264854,key-28,411
1775447264857,key-40,18
1775447264859,key-10,40
1775447264862,key-50,915
1775447264863,key-10,44
1775447264864,key-50,917
1775447264866,key-28,423
1775447264870,key-34,592
1775447264872,key-25,71
1775447264873,key-13,474
1775447264873,key-28,430
1775447264884,key-14,343
1775447264885,key-3,301
1775447264886,key-28,443
1775447264890,key-28,447
1775447264894,key-28,451
1775447264899,key-40,23
1775447264899,key-40,23
1775447264899,key-1,23
1775447264899,key-40,23
1775447264900,key-40,24
1775447264901,key-27,100
1775447264903,key-14,362
1775447264905,key-3,321
1775447264911,key-14,370
1775447264912,key-28,469
1775447264913,key-40,37
1775447264915,key-28,472
1775447264917,key-2,15
1775447264926,key-3,342
1775447264926,key-14,385
1775447264929,key-13,4
1775447264937,key-40,61
1775447264938,key-45,40
1775447264938,key-19,1543
1775447264941,key-19,1546
1775447264942,key-2,40
1775447264945,key-19,1550
1775447264946,key-2,44
1775447264946,key-2,44
1775447264946,key-13,21
1775447264946,key-2,44
1775447264950,key-38,1077
1775447264951,key-19,1556
1775447264951,key-29,5
1775447264951,key-5,5
1775447264953,key-14,412
1775447264966,key-29,20
1775447264967,key-2,65
1775447264967,key-45,69
1775447264967,key-48,500
1775447264968,key-2,66
1775447264974,key-18,1964
1775447264974,key-2,72
1775447264974,key-17,594
1775447264974,key-38,1101
1775447264983,key-6,10
1775447264984,key-18,1974
1775447264984,key-2,82
1775447264984,key-5,38
1775447264985,key-45,87
1775447264994,key-2,92
1775447264994,key-35,1500
1775447264994,key-29,48
1775447264996,key-2,94
1775447265004,key-6,31
1775447265004,key-45,106
1775447265004,key-2,102
1775447265006,key-2,104
1775447265011,key-36,59
1775447265011,key-18,2001
1775447265018,key-45,120
1775447265026,key-50,1079
1775447265028,key-2,126
1775447265030,key-50,1083
1775447265031,key-4,265
1775447265031,key-2,129
1775447265032,key-2,130
1775447265043,key-49,442
1775447265043,key-35,1549
1775447265044,key-2,142
1775447265044,key-2,142
1775447265044,key-50,1097
1775447265044,key-2,142
1775447265046,key-30,1038
1775447265049,key-2,147
1775447265055,key-1,179
1775447265056,key-48,589
1775447265056,key-14,10
1775447265057,key-43,462
1775447265058,key-2,156
1775447265059,key-12,2070
1775447265060,key-6,87
1775447265063,key-6,90
1775447265074,key-10,255
1775447265074,key-4,308
1775447265074,key-30,1066
1775447265078,key-24,1647
1775447265080,key-30,1072
1775447265093,key-17,713
1775447265093,key-44,897
1775447265095,key-14,49
1775447265098,key-30,1090
1775447265098,key-30,1090
1775447265101,key-37,46
1775447265101,key-43,506
1775447265105,key-2,203
1775447265111,key-24,1680
1775447265112,key-30,1104
1775447265115,key-30,1107
1775447265116,key-37,61
1775447265118,key-1,242
1775447265123,key-41,1207
1775447265124,key-30,1116
1775447265125,key-30,1117
1775447265130,key-37,75
1775447265133,key-43,30
1775447265135,key-31,24
1775447265136,key-50,1189
1775447265138,key-2,236
1775447265138,key-30,1130
1775447265140,key-4,374
1775447265146,key-38,1273
1775447265150,key-24,1719
1775447265162,key-19,1767
1775447265162,key-30,1154
1775447265163,key-31,52
1775447265163,key-8,43
1775447265166,key-43,63
1775447265167,key-19,1772
1775447265167,key-20,401
1775447265170,key-38,1297
1775447265174,key-38,1301
1775447265175,key-30,1167
1775447265176,key-12,2187
1775447265178,key-18,17
1775447265178,key-30,1170
1775447265182,key-18,21
1775447265183,key-30,1175
1775447265186,key-35,1692
1775447265188,key-30,1180
1775447265191,key-22,555
1775447265192,key-22,556
1775447265194,key-8,74
1775447265196,key-20,430
1775447265207,key-38,1334
1775447265207,key-8,87
1775447265208,key-30,1200
1775447265208,key-8,88
1775447265209,key-20,443
1775447265211,key-8,91
1775447265214,key-20,448
1775447265215,key-20,449
1775447265220,key-20,454
1775447265222,key-20,456
1775447265226,key-41,1310
1775447265227,key-15,3612
1775447265230,key-16,1138
1775447265231,key-28,23
1775447265233,key-15,3618
1775447265234,key-13,33
1775447265234,key-8,114
1775447265237,key-8,117
1775447265241,key-8,121
1775447265241,key-26,741
1775447265244,key-13,43
1775447265248,key-15,3633
1775447265248,key-42,221
1775447265251,key-8,131
1775447265261,key-17,881
1775447265262,key-40,386
1775447265270,key-47,2790
1775447265270,key-42,243
1775447265271,key-20,505
1775447265271,key-17,891
1775447265271,key-20,505
1775447265282,key-11,1174
1775447265282,key-13,81
1775447265283,key-42,256
1775447265284,key-8,164
1775447265289,key-4,16
1775447265291,key-24,17
1775447265292,key-42,265
1775447265292,key-20,526
1775447265295,key-20,529
1775447265298,key-8,178
1775447265298,key-24,24
1775447265300,key-24,26
1775447265302,key-17,922
1775447265303,key-17,923
1775447265304,key-17,924
1775447265304,key-42,277
1775447265312,key-20,546
1775447265312,key-16,1220
1775447265314,key-16,1222
1775447265314,key-24,40
1775447265316,key-16,1224
1775447265318,key-24,44
1775447265328,key-24,54
1775447265329,key-17,949
1775447265329,key-24,55
1775447265329,key-19,1934
1775447265330,key-24,56
1775447265335,key-17,955
1775447265335,key-8,215
1775447265338,key-24,64
1775447265338,key-17,958
1775447265339,key-19,1944
1775447265339,key-24,65
1775447265340,key-24,66
1775447265344,key-7,33
1775447265345,key-19,1950
1775447265347,key-17,967
1775447265347,key-24,73
1775447265351,key-24,77
1775447265355,key-17,975
1775447265357,key-17,977
1775447265362,key-16,1270
1775447265364,key-46,3
1775447265366,key-40,490
1775447265372,key-17,992
1775447265372,key-46,11
1775447265372,key-39,566
1775447265374,key-17,994
1775447265375,key-39,569
1775447265376,key-17,996
1775447265376,key-40,500
1775447265378,key-17,998
1775447265378,key-46,3
1775447265382,key-3,798
1775447265385,key-46,10
1775447265386,key-17,1006
1775447265387,key-29,441
1775447265388,key-17,1008
1775447265389,key-46,14
1775447265390,key-46,15
1775447265393,key-18,232
1775447265393,key-46,18
1775447265394,key-17,1014
1775447265395,key-12,2406
1775447265396,key-47,2916
1775447265403,key-17,1023
1775447265404,key-28,29
1775447265404,key-17,1024
1775447265404,key-23,277
1775447265406,key-46,31
1775447265410,key-3,826
1775447265411,key-28,36
1775447265413,key-9,850
1775447265417,key-17,1037
1775447265417,key-41,1501
1775447265421,key-12,2432
1775447265421,key-7,8
1775447265422,key-17,1042
1775447265430,key-9,867
1775447265431,key-9,868
1775447265431,key-12,2442
1775447265432,key-46,57
1775447265435,key-28,60
1775447265438,key-28,63
1775447265438,key-23,311
1775447265439,key-7,26
1775447265439,key-9,876
1775447265439,key-17,1059
1775447265444,key-7,31
1775447265445,key-17,1065
1775447265450,key-45,552
1775447265451,key-45,553
1775447265452,key-47,2972
1775447265453,key-28,78
1775447265454,key-23,327
1775447265455,key-30,15
1775447265456,key-28,81
1775447265457,key-28,82
1775447265459,key-17,1079
1775447265460,key-47,2980
1775447265461,key-23,334
1775447265461,key-30,21
1775447265466,key-8,5
1775447265466,key-46,91
1775447265468,key-7,55
1775447265468,key-47,2988
1775447265471,key-1,595
1775447265473,key-28,98
1775447265480,key-46,105
1775447265480,key-47,3000
1775447265481,key-23,354
1775447265481,key-1,605
1775447265485,key-14,439
1775447265491,key-1,615
1775447265496,key-12,2507
1775447265497,key-46,122
1775447265498,key-8,37
1775447265499,key-47,3019
1775447265499,key-49,898
1775447265499,key-24,6
1775447265500,key-46,125
1775447265501,key-47,3021
1775447265501,key-18,31
1775447265501,key-7,27
1775447265503,key-3,919
1775447265504,key-7,30
1775447265505,key-24,12
1775447265507,key-7,33
1775447265514,key-41,1598
1775447265515,key-8,54
1775447265519,key-12,2530
1775447265519,key-41,1603
1775447265521,key-7,47
1775447265524,key-41,1608
1775447265526,key-47,3046
1775447265530,key-41,1614
1775447265532,key-8,71
1775447265533,key-44,35
1775447265533,key-17,1153
1775447265534,key-7,60
1775447265538,key-49,937
1775447265543,key-23,416
1775447265544,key-18,74
1775447265544,key-9,981
1775447265545,key-41,1629
1775447265546,key-41,1630
1775447265549,key-47,3069
1775447265553,key-8,92
1775447265558,key-41,1642
1775447265559,key-7,85
1775447265559,key-49,958
1775447265559,key-17,1179
1775447265559,key-41,1643
1775447265562,key-7,88
1775447265563,key-49,962
1775447265572,key-19,2177
1775447265572,key-8,111
1775447265575,key-23,448
1775447265576,key-18,106
1775447265581,key-8,120
1775447265581,key-34,1303
1775447265582,key-7,108
1775447265588,key-49,987
1775447265590,key-49,989
1775447265590,key-49,989
1775447265591,key-21,1117
1775447265595,key-7,121
1775447265596,key-7,122
1775447265596,key-41,1680
1775447265598,key-2,36
1775447265599,key-17,1219
1775447265600,key-46,225
1775447265601,key-1,725
1775447265608,key-18,138
1775447265609,key-40,733
1775447265610,key-34,1332
1775447265611,key-8,150
1775447265612,key-12,2623
1775447265617,key-1,741
1775447265620,key-7,146
1775447265620,key-49,1019
1775447265620,key-2,58
1775447265625,key-20,859
1775447265626,key-17,1246
1775447265627,key-8,166
1775447265627,key-21,1153
1775447265629,key-17,1249
1775447265630,key-17,1250
1775447265630,key-20,864
1775447265636,key-1,760
1775447265640,key-49,1039
1775447265641,key-5,468
1775447265641,key-8,180
1775447265642,key-38,252
1775447265644,key-7,170
1775447265644,key-43,541
1775447265644,key-34,1366
1775447265646,key-38,256
1775447265646,key-12,4
1775447265655,key-17,1275
1775447265656,key-5,483
1775447265657,key-21,1183
1775447265657,key-10,838
1775447265658,key-1,782
1775447265659,key-12,17
1775447265659,key-20,893
1775447265659,key-17,1279
1775447265660,key-49,1059
1775447265670,key-48,1203
1775447265672,key-1,796
1775447265672,key-25,871
1775447265676,key-34,1398
1775447265676,key-17,1296
1775447265678,key-21,1204
1775447265680,key-34,1402
1775447265682,key-17,1302
1775447265684,key-24,5
1775447265690,key-34,1412
1775447265690,key-40,30
1775447265691,key-21,1217
1775447265692,key-24,13
1775447265693,key-17,1313
1775447265695,key-30,255
1775447265696,key-17,1316
1775447265697,key-23,570
1775447265697,key-24,18
1775447265699,key-24,20
1775447265700,key-11,12
1775447265700,key-31,4
1775447265702,key-24,23
1775447265704,key-22,298
1775447265706,key-11,18
1775447265707,key-31,11
1775447265709,key-42,682
1775447265712,key-17,1332
1775447265715,key-18,245
1775447265717,key-18,247
1775447265721,key-25,2
1775447265724,key-42,697
1775447265724,key-18,254
1775447265725,key-25,6
1775447265726,key-18,256
1775447265727,key-20,961
1775447265730,key-17,1350
1775447265731,key-4,458
1775447265731,key-22,325
1775447265731,key-38,341
1775447265734,key-17,1354
1775447265735,key-21,1261
1775447265735,key-25,16
1775447265737,key-25,18
1775447265739,key-1,863
1775447265740,key-17,3
1775447265743,key-44,245
1775447265744,key-16,19
1775447265747,key-16,22
1775447265749,key-27,475
1775447265755,key-32,1845
1775447265755,key-17,18
1775447265755,key-17,18
1775447265756,key-38,366
1775447265756,key-16,31
1775447265760,key-1,884
1775447265761,key-17,24
1775447265768,key-17,31
1775447265770,key-3,1186
1775447265771,key-32,1861
1775447265772,key-1,896
1775447265774,key-1,898
1775447265775,key-17,38
1775447265778,key-17,41
1775447265778,key-50,17
1775447265780,key-17,43
1775447265782,key-27,508
1775447265783,key-16,58
1775447265791,key-31,95
1775447265791,key-8,330
1775447265792,key-17,55
1775447265792,key-2,230
1775447265792,key-12,150
1775447265798,key-17,61
1775447265799,key-1,923
1775447265799,key-17,62
1775447265802,key-24,123
1775447265803,key-12,161
1775447265803,key-3,1219
1775447265803,key-3,1219
1775447265803,key-3,1219
1775447265804,key-8,343
1775447265805,key-6,832
1775447265806,key-26,13
1775447265807,key-12,165
1775447265811,key-24,132
1775447265815,key-26,22
1775447265816,key-17,79
1775447265817,key-26,24
1775447265817,key-1,941
1775447265817,key-3,1233
1775447265819,key-24,140
1775447265820,key-50,59
1775447265821,key-15,4206
1775447265822,key-3,1238
1775447265823,key-12,14
1775447265824,key-23,7
1775447265824,key-50,63
1775447265826,key-19,21
1775447265833,key-23,16
1775447265834,key-4,561
1775447265834,key-17,97
1775447265838,key-50,77
1775447265839,key-19,34
1775447265840,key-19,35
1775447265840,key-22,434
1775447265841,key-17,104
1775447265843,key-19,38
1775447265848,key-19,43
1775447265849,key-4,576
1775447265849,key-50,88
1775447265852,key-7,378
1775447265855,key-34,1577
1775447265856,key-50,95
1775447265858,key-49,1257
1775447265859,key-7,385
1775447265862,key-50,101
1775447265863,key-4,590
1775447265864,key-16,139
1775447265870,key-19,65
1775447265873,key-45,975
1775447265873,key-35,2379
1775447265874,key-49,1273
1775447265874,key-23,10
1775447265876,key-32,1966
1775447265876,key-41,1960
1775447265878,key-7,404
1775447265879,key-19,74
1775447265881,key-19,76
1775447265882,key-50,121
1775447265884,key-23,20
1775447265888,key-7,414
1775447265897,key-45,999
1775447265898,key-19,93
1775447265898,key-50,137
1775447265898,key-23,34
1775447265900,key-7,426
1775447265903,key-7,429
1775447265905,key-50,144
1775447265906,key-7,432
1775447265908,key-35,2414
1775447265909,key-50,148
1775447265909,key-32,1999
1775447265914,key-6,941
1775447265917,key-32,2007
1775447265921,key-32,2011
1775447265922,key-45,1024
1775447265923,key-17,7
1775447265923,key-7,449
1775447265925,key-50,164
1775447265930,key-7,456
1775447265931,key-45,1033
1775447265931,key-17,15
1775447265931,key-32,2021
1775447265932,key-35,2438
1775447265933,key-43,830
1775447265934,key-32,2024
1775447265934,key-7,460
1775447265937,key-32,2027
1775447265937,key-10,1118
1775447265938,key-32,2028
1775447265940,key-32,2030
1775447265942,key-32,2032
1775447265943,key-32,2033
1775447265943,key-32,2033
1775447265945,key-45,1047
1775447265946,key-35,2452
1775447265951,key-41,2035
1775447265952,key-32,2042
1775447265953,key-3,1369
1775447265953,key-7,479
1775447265953,key-14,907
1775447265954,key-32,2044
1775447265954,key-32,2044
1775447265957,key-17,41
1775447265958,key-45,1060
1775447265959,key-32,2049
1775447265960,key-32,2050
1775447265961,key-32,2051
1775447265968,key-32,2058
1775447265970,key-32,2060
1775447265972,key-32,2062
1775447265972,key-22,566
1775447265973,key-35,2479
1775447265973,key-34,1695
1775447265974,key-23,110
1775447265980,key-32,2070
1775447265986,key-17,70
1775447265986,key-13,70
1775447265988,key-32,2078
1775447265989,key-6,1016
1775447265989,key-17,73
1775447265991,key-6,1018
1775447265992,key-35,2498
1775447265993,key-7,519
1775447265994,key-23,130
1775447265997,key-7,523
1775447265999,key-23,135
1775447266000,key-32,2090
1775447266001,key-10,1182
1775447266001,key-50,240
1775447266002,key-42,975
1775447266004,key-42,2
1775447266014,key-42,12
1775447266014,key-32,2104
1775447266016,key-42,14
1775447266016,key-29,17
1775447266020,key-10,1201
1775447266021,key-7,547
1775447266022,key-42,20
1775447266023,key-29,24
1775447266023,key-18,553
1775447266028,key-10,1209
1775447266028,key-47,90
1775447266028,key-32,2118
1775447266031,key-42,29
1775447266033,key-10,1214
1775447266034,key-19,229
1775447266034,key-38,644
1775447266036,key-42,34
1775447266037,key-19,232
1775447266038,key-23,21
1775447266038,key-19,233
1775447266040,key-36,434
1775447266041,key-24,362
1775447266043,key-42,41
1775447266046,key-42,44
1775447266047,key-10,1228
1775447266049,key-24,370
1775447266054,key-14,1008
1775447266054,key-42,52
1775447266056,key-10,1237
1775447266058,key-42,56
1775447266060,key-19,255
1775447266064,key-33,6
1775447266068,key-42,66
1775447266068,key-10,1249
1775447266069,key-19,264
1775447266069,key-13,153
1775447266070,key-42,68
1775447266070,key-28,695
1775447266071,key-41,2155
1775447266075,key-42,73
1775447266076,key-41,2160
1775447266078,key-48,1611
1775447266085,key-24,406
1775447266085,key-33,27
1775447266085,key-41,2169
1775447266085,key-19,280
1775447266086,key-37,1031
1775447266086,key-42,84
1775447266087,key-10,1268
1775447266095,key-41,2179
1775447266095,key-19,290
1775447266096,key-34,116
1775447266101,key-44,57
1775447266109,key-28,734
1775447266110,key-34,130
1775447266110,key-37,26
1775447266110,key-44,66
1775447266110,key-41,2194
1775447266113,key-12,304
1775447266115,key-28,740
1775447266116,key-37,32
1775447266116,key-37,32
1775447266116,key-35,4
1775447266117,key-38,727
1775447266118,key-35,6
1775447266119,key-5,17
1775447266119,key-34,139
1775447266120,key-28,745
1775447266122,key-12,313
1775447266123,key-37,39
1775447266129,key-38,739
1775447266130,key-44,86
1775447266133,key-28,758
1775447266137,key-5,35
1775447266138,key-35,26
1775447266140,key-38,750
1775447266142,key-28,767
1775447266144,key-37,60
1775447266145,key-44,101
1775447266145,key-48,1678
1775447266145,key-38,755
1775447266145,key-37,61
1775447266145,key-35,33
1775447266150,key-46,543
1775447266152,key-37,68
1775447266159,key-37,75
1775447266160,key-38,770
1775447266160,key-14,1114
1775447266160,key-44,116
1775447266161,key-20,1395
1775447266161,key-37,77
1775447266161,key-38,771
1775447266161,key-24,482
1775447266161,key-5,59
1775447266162,key-30,722
1775447266162,key-5,60
1775447266164,key-48,1696
1775447266164,key-46,557
1775447266165,key-48,1698
1775447266167,key-35,55
1775447266169,key-37,85
1775447266169,key-11,481
1775447266172,key-38,782
1775447266173,key-37,89
1775447266176,key-46,569
1775447266177,key-30,737
1775447266177,key-48,1710
1775447266179,key-37,95
1775447266180,key-5,78
1775447266186,key-10,1367
1775447266187,key-33,129
1775447266187,key-46,580
1775447266188,key-11,500
1775447266194,key-37,110
1775447266195,key-37,111
1775447266196,key-39,16
1775447266198,key-37,114
1775447266200,key-30,760
1775447266200,key-11,512
1775447266200,key-5,98
1775447266202,key-30,762
1775447266203,key-37,119
1775447266207,key-13,291
1775447266208,key-11,520
1775447266211,key-39,31
1775447266212,key-10,1393
1775447266216,key-22,23
1775447266216,key-22,23
1775447266217,key-39,37
1775447266217,key-39,37
1775447266217,key-39,37
1775447266219,key-3,13
1775447266219,key-10,1400
1775447266220,key-39,40
1775447266221,key-10,1402
1775447266222,key-39,42
1775447266223,key-39,43
1775447266227,key-35,5
1775447266230,key-26,437
1775447266231,key-11,543
1775447266231,key-11,543
1775447266233,key-39,53
1775447266234,key-10,1415
1775447266236,key-35,4
1775447266236,key-10,1417
1775447266236,key-39,56
1775447266237,key-11,549
1775447266243,key-28,868
1775447266243,key-39,63
1775447266243,key-10,1424
1775447266244,key-39,64
1775447266245,key-15,199
1775447266245,key-11,557
1775447266248,key-35,16
1775447266253,key-11,565
1775447266253,key-39,73
1775447266253,key-42,251
1775447266255,key-28,880
1775447266256,key-42,254
1775447266264,key-36,658
1775447266264,key-28,889
1775447266265,key-11,577
1775447266266,key-39,86
1775447266267,key-35,35
1775447266271,key-43,1168
1775447266272,key-28,897
1775447266274,key-39,94
1775447266274,key-11,586
1775447266278,key-35,46
1775447266281,key-42,279
1775447266281,key-43,1178
1775447266282,key-11,594
1775447266283,key-39,103
1775447266284,key-29,285
1775447266285,key-42,283
1775447266290,key-35,58
1775447266290,key-23,273
1775447266292,key-39,112
1775447266294,key-39,114
1775447266295,key-35,63
1775447266296,key-39,116
1775447266297,key-11,2
1775447266300,key-14,17
1775447266300,key-39,120
1775447266305,key-39,125
1775447266305,key-35,73
1775447266307,key-11,12
1775447266315,key-39,135
1775447266315,key-9,536
1775447266315,key-11,20
1775447266316,key-39,136
1775447266317,key-19,22
1775447266327,key-33,9
1775447266327,key-39,147
1775447266327,key-14,44
1775447266327,key-14,44
1775447266328,key-49,1727
1775447266329,key-11,34
1775447266332,key-12,523
1775447266333,key-19,38
1775447266333,key-16,34
1775447266333,key-39,153
1775447266372,key-39,192
1775447266373,key-33,55
1775447266373,key-19,78
1775447266373,key-39,193
1775447266373,key-39,193
1775447266373,key-15,41
1775447266374,key-9,595
1775447266382,key-2,820
1775447266382,key-33,64
1775447266383,key-40,466
1775447266384,key-11,89
1775447266384,key-39,204
1775447266384,key-39,204
1775447266385,key-15,53
1775447266385,key-13,469
1775447266385,key-39,205
1775447266385,key-6,1412
1775447266385,key-39,205
1775447266385,key-49,1784
1775447266387,key-8,252
1775447266387,key-12,578
1775447266387,key-11,92
1775447266389,key-45,16
1775447266389,key-11,94
1775447266389,key-14,106
1775447266389,key-13,473
1775447266390,key-39,210
1775447266399,key-13,483
1775447266405,key-39,225
1775447266405,key-8,270
1775447266406,key-11,111
1775447266407,key-11,112
1775447266407,key-9,628
1775447266408,key-18,938
1775447266413,key-18,943
1775447266414,key-39,234
1775447266415,key-12,606
1775447266417,key-13,19
1775447266417,key-37,333
1775447266418,key-9,639
1775447266419,key-39,239
1775447266420,key-23,403
1775447266422,key-39,242
1775447266427,key-39,247
1775447266428,key-35,196
1775447266429,key-39,249
1775447266429,key-11,134
1775447266430,key-18,960
1775447266431,key-22,16
1775447266432,key-1,354
1775447266433,key-11,138
1775447266433,key-13,35
1775447266435,key-22,20
1775447266436,key-11,141
1775447266436,key-12,22
1775447266438,key-39,258
1775447266439,key-1,361
1775447266440,key-9,661
1775447266441,key-39,261
1775447266445,key-44,247
1775447266448,key-48,1981
1775447266450,key-42,448
1775447266450,key-9,671
1775447266451,key-11,156
1775447266453,key-48,1986
1775447266453,key-13,55
1775447266456,key-11,161
1775447266457,key-11,162
1775447266457,key-13,59
1775447266458,key-41,2542
1775447266459,key-11,164
1775447266460,key-22,45
1775447266460,key-9,681
1775447266461,key-11,166
1775447266466,key-24,787
1775447266468,key-24,789
1775447266471,key-9,692
1775447266472,key-22,57
1775447266472,key-9,693
1775447266472,key-4,1199
1775447266473,key-26,2
1775447266474,key-14,191
1775447266477,key-26,6
1775447266480,key-8,27
1775447266481,key-14,198
1775447266482,key-11,187
1775447266483,key-13,85
1775447266485,key-14,202
1775447266486,key-9,707
1775447266486,key-27,1212
1775447266486,key-22,71
1775447266487,key-24,808
1775447266488,key-28,1113
1775447266490,key-27,1216
1775447266494,key-9,715
1775447266498,key-28,1123
1775447266500,key-14,217
1775447266503,key-8,50
1775447266504,key-27,1230
1775447266504,key-3,298
1775447266505,key-27,1231
1775447266510,key-21,2036
1775447266511,key-11,216
1775447266511,key-14,228
1775447266512,key-29,513
1775447266515,key-12,101
1775447266516,key-3,310
1775447266519,key-11,224
1775447266520,key-9,741
1775447266520,key-11,225
1775447266525,key-44,327
1775447266526,key-3,320
1775447266527,key-3,321
1775447266528,key-33,210
1775447266530,key-39,350
1775447266531,key-33,213
1775447266531,key-44,333
1775447266535,key-26,64
1775447266535,key-1,457
1775447266544,key-28,1169
1775447266548,key-39,368
1775447266549,key-27,1275
1775447266549,key-33,231
1775447266549,key-33,231
1775447266553,key-26,82
1775447266557,key-33,239
1775447266559,key-39,379
1775447266560,key-39,380
1775447266561,key-39,381
1775447266561,key-35,329
1775447266561,key-11,266
1775447266567,key-39,387
1775447266567,key-26,96
1775447266567,key-39,387
1775447266570,key-39,390
1775447266571,key-39,391
1775447266571,key-39,391
1775447266580,key-39,400
1775447266582,key-39,402
1775447266582,key-39,402
1775447266583,key-14,300
1775447266585,key-39,405
1775447266589,key-7,515
1775447266590,key-39,410
1775447266592,key-39,412
1775447266595,key-14,312
1775447266598,key-41,2681
1775447266602,key-7,528
1775447266602,key-36,996
1775447266604,key-46,997
1775447266611,key-14,328
1775447266612,key-3,406
1775447266616,key-15,284
1775447266616,key-39,436
1775447266616,key-14,333
1775447266618,key-7,544
1775447266620,key-34,34
1775447266621,key-49,4
1775447266621,key-6,15
1775447266624,key-14,341
1775447266630,key-32,14
1775447266633,key-34,47
1775447266633,key-28,17
1775447266634,key-46,1027
1775447266638,key-14,355
1775447266639,key-44,441
1775447266643,key-14,360
1775447266643,key-3,437
1775447266643,key-44,445
1775447266650,key-3,444
1775447266650,key-32,34
1775447266651,key-34,65
1775447266652,key-34,66
1775447266655,key-3,449
1775447266656,key-44,458
1775447266656,key-5,554
1775447266659,key-14,376
1775447266660,key-8,207
1775447266661,key-13,263
1775447266662,key-27,1388
1775447266664,key-13,266
1775447266667,key-13,269
1775447266669,key-21,2195
1775447266670,key-14,387
1775447266671,key-27,1397
1775447266672,key-1,594
1775447266673,key-22,258
1775447266673,key-14,390
1775447266674,key-34,88
1775447266682,key-32,66
1775447266682,key-5,580
1775447266683,key-3,477
1775447266683,key-40,216
1775447266686,key-49,69
1775447266686,key-9,17
1775447266687,key-13,289
1775447266688,key-18,1218
1775447266689,key-32,73
1775447266690,key-14,407
1775447266691,key-22,276
1775447266691,key-1,613
1775447266693,key-1,615
1775447266694,key-5,592
1775447266696,key-28,80
1775447266697,key-5,595
1775447266699,key-17,11
1775447266704,key-12,290
1775447266706,key-43,1603
1775447266710,key-12,296
1775447266712,key-14,429
1775447266713,key-5,611
1775447266713,key-20,413
1775447266713,key-3,507
1775447266714,key-28,98
1775447266714,key-43,1611
1775447266715,key-8,262
1775447266716,key-28,100
1775447266717,key-12,303
1775447266724,key-17,7
1775447266726,key-17,9
1775447266726,key-17,9
1775447266726,key-17,9
1775447266728,key-20,428
1775447266729,key-31,1033
1775447266729,key-5,627
1775447266735,key-17,18
1775447266736,key-5,634
1775447266738,key-5,636
1775447266743,key-36,1137
1775447266743,key-8,19
1775447266743,key-3,19
1775447266744,key-15,32
1775447266744,key-8,20
1775447266746,key-5,644
1775447266748,key-23,731
1775447266748,key-12,334
1775447266749,key-4,24
1775447266750,key-4,25
1775447266750,key-3,26
1775447266751,key-3,27
1775447266756,key-48,2289
1775447266756,key-15,44
1775447266757,key-8,33
1775447266760,key-38,1370
1775447266760,key-5,658
1775447266762,key-48,2295
1775447266763,key-36,1157
1775447266772,key-36,1166
1775447266772,key-36,1166
1775447266773,key-21,2299
1775447266774,key-3,8
1775447266777,key-8,53
1775447266777,key-3,11
1775447266778,key-3,12
1775447266779,key-37,695
1775447266784,key-26,313
1775447266785,key-10,1966
1775447266785,key-15,73
1775447266786,key-26,315
1775447266787,key-10,1968
1775447266787,key-40,8
1775447266789,key-6,183
1775447266789,key-40,10
1775447266790,key-3,24
1775447266791,key-36,1185
1775447266792,key-42,790
1775447266793,key-21,2319
1775447266795,key-2,1233
1775447266798,key-3,32
1775447266799,key-21,2325
1775447266799,key-10,1980
1775447266804,key-10,1985
1775447266805,key-10,1986
1775447266810,key-3,44
1775447266812,key-46,7
1775447266813,key-46,8
1775447266813,key-40,34
1775447266813,key-23,796
1775447266814,key-6,208
1775447266814,key-46,9
1775447266815,key-46,10
1775447266818,key-10,1999
1775447266818,key-46,13
1775447266822,key-40,43
1775447266824,key-10,2005
1775447266825,key-46,20
1775447266827,key-6,221
1775447266827,key-46,22
1775447266831,key-46,26
1775447266831,key-6,225
1775447266832,key-46,27
1775447266834,key-21,2360
1775447266838,key-9,169
1775447266838,key-3,72
1775447266838,key-13,440
1775447266839,key-46,34
1775447266840,key-29,841
1775447266841,key-6,235
1775447266847,key-46,42
1775447266847,key-28,231
1775447266851,key-21,2377
1775447266853,key-37,769
1775447266853,key-21,2379
1775447266855,key-26,384
1775447266857,key-3,91
1775447266857,key-35,625
1775447266860,key-37,776
1775447266870,key-10,2051
1775447266870,key-49,253
1775447266871,key-37,787
1775447266872,key-45,499
1775447266879,key-37,795
1775447266880,key-37,796
1775447266880,key-34,294
1775447266880,key-10,2061
1775447266881,key-37,797
1775447266881,key-3,115
1775447266881,key-21,2407
1775447266881,key-13,483
1775447266882,key-28,266
1775447266884,key-37,800
1775447266884,key-45,511
1775447266893,key-45,520
1775447266895,key-37,811
1775447266896,key-10,2077
1775447266896,key-37,812
1775447266897,key-42,895
1775447266902,key-37,818
1775447266904,key-46,99
1775447266904,key-6,298
1775447266905,key-37,821
1775447266905,key-37,821
1775447266906,key-45,533
1775447266916,key-24,1237
1775447266916,key-27,1642
1775447266916,key-37,832
1775447266917,key-37,833
1775447266919,key-45,546
1775447266920,key-32,304
1775447266920,key-11,324
1775447266925,key-32,309
1775447266928,key-32,312
1775447266929,key-37,845
1775447266931,key-32,315
1775447266932,key-23,915
1775447266932,key-11,336
1775447266937,key-41,3021
1775447266938,key-4,213
1775447266938,key-21,2464
1775447266941,key-28,325
1775447266944,key-45,571
1775447266946,key-50,6
1775447266947,key-44,23
1775447266951,key-21,2477
1775447266951,key-44,27
1775447266951,key-33,34
1775447266952,key-37,868
1775447266954,key-4,229
1775447266955,key-11,359
1775447266955,key-47,749
1775447266956,key-21,2482
1775447266956,key-26,485
1775447266959,key-21,2485
1775447266967,key-41,3051
1775447266967,key-21,2493
1775447266968,key-34,382
1775447266968,key-37,884
1775447266969,key-11,373
1775447266971,key-33,54
1775447266973,key-21,1
1775447266974,key-40,55
1775447266974,key-21,2
1775447266984,key-26,513
1775447266984,key-37,900
1775447266986,key-21,14
1775447266986,key-40,67
1775447266987,key-26,516
1775447266988,key-11,392
1775447266990,key-11,394
1775447266990,key-26,519
1775447266991,key-40,72
1775447266992,key-43,1889
1775447266996,key-40,77
1775447266996,key-21,24
1775447266997,key-28,25
1775447266997,key-26,526
1775447266999,key-21,27
1775447267001,key-21,29
1775447267002,key-21,30
1775447267002,key-21,30
1775447267002,key-26,531
1775447267002,key-11,406
1775447267003,key-26,532
1775447267003,key-37,919
1775447267007,key-11,411
1775447267007,key-37,923
1775447267008,key-11,412
1775447267017,key-10,2198
1775447267019,key-37,935
1775447267020,key-49,403
1775447267020,key-37,936
1775447267021,key-25,619
1775447267026,key-37,942
1775447267027,key-40,108
1775447267027,key-37,943
1775447267028,key-49,411
1775447267036,key-21,64
1775447267037,key-8,313
1775447267037,key-21,65
1775447267037,key-2,1475
1775447267041,key-28,69
1775447267042,key-21,70
1775447267049,key-11,453
1775447267049,key-37,965
1775447267050,key-17,5
1775447267050,key-21,5
1775447267052,key-33,135
1775447267053,key-8,329
1775447267055,key-11,459
1775447267062,key-8,338
1775447267063,key-11,467
1775447267064,key-17,19
1775447267071,key-2,1509
1775447267071,key-11,475
1775447267072,key-14,243
1775447267075,key-28,103
1775447267076,key-11,480
1775447267077,key-11,481
1775447267079,key-1,1001
1775447267085,key-13,687
1775447267087,key-1,1009
1775447267087,key-4,5
1775447267088,key-33,171
1775447267089,key-3,28
1775447267089,key-10,2270
1775447267091,key-4,9
1775447267099,key-17,54
1775447267099,key-25,697
1775447267099,key-14,270
1775447267101,key-28,129
1775447267102,key-14,273
1775447267102,key-43,1999
1775447267103,key-14,274
1775447267103,key-33,186
1775447267119,key-3,58
1775447267120,key-28,148
1775447267120,key-1,1042
1775447267121,key-17,76
1775447267121,key-24,132
1775447267122,key-6,29
1775447267122,key-14,293
1775447267123,key-40,204
1775447267124,key-28,152
1775447267127,key-14,298
1775447267129,key-14,300
1775447267130,key-14,301
1775447267130,key-28,158
1775447267133,key-16,834
1775447267134,key-29,1135
1775447267141,key-43,2038
1775447267143,key-1,1065
1775447267144,key-34,17
1775447267145,key-1,1067
1775447267145,key-11,549
1775447267149,key-17,104
1775447267152,key-1,1074
1775447267153,key-40,234
1775447267153,key-34,26
1775447267157,key-39,977
1775447267158,key-34,31
1775447267158,key-6,65
1775447267159,key-14,330
1775447267160,key-1,1082
1775447267161,key-34,34
1775447267163,key-10,2344
1775447267164,key-40,245
1775447267172,key-11,576
1775447267173,key-40,254
1775447267174,key-43,2071
1775447267174,key-46,90
1775447267182,key-19,10
1775447267182,key-40,263
1775447267183,key-44,259
1775447267184,key-16,885
1775447267186,key-1,1108
1775447267186,key-1,1108
1775447267188,key-30,16
1775447267191,key-47,18
1775447267192,key-1,1114
1775447267199,key-10,2380
1775447267199,key-34,72
1775447267199,key-19,27
1775447267202,key-47,29
1775447267202,key-34,75
1775447267205,key-8,481
1775447267206,key-23,1189
1775447267208,key-47,35
1775447267209,key-34,82
1775447267209,key-32,593
1775447267210,key-19,38
1775447267212,key-47,39
1775447267217,key-1,1139
1775447267217,key-9,33
1775447267222,key-30,50
1775447267222,key-13,824
1775447267223,key-3,162
1775447267223,key-34,96
1775447267223,key-10,2404
1775447267223,key-35,24
1775447267234,key-34,107
1775447267234,key-32,618
1775447267239,key-19,67
1775447267239,key-10,2420
1775447267244,key-47,71
1775447267246,key-13,848
1775447267248,key-17,203
1775447267250,key-32,634
1775447267251,key-9,67
1775447267252,key-37,1168
1775447267254,key-13,856
1775447267255,key-47,82
1775447267256,key-30,84
1775447267257,key-30,85
1775447267263,key-43,2160
1775447267265,key-35,66
1775447267269,key-1,1191
1775447267273,key-30,101
1775447267274,key-1,1196
1775447267275,key-1,1197
1775447267276,key-10,2457
1775447267277,key-43,2174
1775447267278,key-35,79
1775447267278,key-48,2811
1775447267281,key-10,2462
1775447267282,key-37,1198
1775447267289,key-6,196
1775447267289,key-30,117
1775447267289,key-13,891
1775447267291,key-50,6
1775447267293,key-1,1215
1775447267294,key-8,21
1775447267296,key-6,203
1775447267296,key-43,2193
1775447267297,key-21,252
1775447267299,key-1,1221
1775447267307,key-1,1229
1775447267307,key-36,24
1775447267308,key-13,910
1775447267308,key-1,1230
1775447267310,key-36,27
1775447267310,key-50,25
1775447267311,key-20,347
1775447267312,key-1,1234
1775447267313,key-24,324
1775447267314,key-21,269
1775447267322,key-1,1244
1775447267322,key-26,851
1775447267323,key-43,2220
1775447267323,key-3,262
1775447267323,key-50,38
1775447267330,key-1,1252
1775447267331,key-17,8
1775447267332,key-3,271
1775447267335,key-48,2868
1775447267336,key-50,51
1775447267337,key-50,52
1775447267341,key-50,56
1775447267341,key-50,56
1775447267343,key-48,2876
1775447267346,key-1,1268
1775447267347,key-41,3431
1775447267348,key-17,25
1775447267351,key-48,2884
1775447267353,key-1,1275
1775447267356,key-3,295
1775447267357,key-17,34
1775447267364,key-37,23
1775447267364,key-22,89
1775447267366,key-50,81
1775447267367,key-1,1289
1775447267368,key-48,2901
1775447267370,key-36,87
1775447267372,key-17,49
1775447267372,key-4,290
1775447267372,key-1,1294
1775447267381,key-1,1303
1775447267382,key-48,2915
1775447267382,key-1,1304
1775447267383,key-7,495
1775447267385,key-36,102
1775447267387,key-50,102
1775447267387,key-48,2920
1775447267389,key-46,5
1775447267389,key-46,5
1775447267391,key-1,1313
1775447267391,key-25,989
1775447267393,key-46,9
1775447267397,key-36,9
1775447267398,key-36,10
1775447267402,key-36,14
1775447267402,key-48,2935
1775447267403,key-12,989
1775447267403,key-1,1325
1775447267404,key-46,20
1775447267404,key-1,1326
1775447267409,key-46,25
1775447267415,key-48,2948
1775447267421,key-48,2954
1775447267421,key-35,18
1775447267421,key-35,18
1775447267422,key-1,1344
1775447267423,key-36,35
1775447267424,key-36,36
1775447267424,key-48,2957
1775447267424,key-46,40
1775447267425,key-35,22
1775447267427,key-36,39
1775447267427,key-35,24
1775447267428,key-48,2961
1775447267429,key-35,26
1775447267429,key-48,2962
1775447267430,key-35,27
1775447267431,key-36,42
1775447267431,key-35,28
1775447267435,key-48,2968
1775447267437,key-1,1359
1775447267439,key-35,36
1775447267440,key-35,37
1775447267441,key-1,1363
1775447267450,key-35,47
1775447267450,key-17,25
1775447267454,key-17,29
1775447267454,key-35,51
1775447267455,key-17,30
1775447267455,key-10,2636
1775447267456,key-35,53
1775447267458,key-13,1060
1775447267463,key-38,2073
1775447267465,key-17,40
1775447267465,key-35,62
1775447267466,key-17,41
1775447267470,key-8,197
1775447267473,key-10,2654
1775447267474,key-20,510
1775447267475,key-8,202
1775447267475,key-20,511
1775447267478,key-8,205
1775447267478,key-8,205
1775447267479,key-20,515
1775447267480,key-8,207
1775447267484,key-30,8
1775447267484,key-15,772
1775447267487,key-35,84
1775447267488,key-37,42
1775447267490,key-30,14
1775447267490,key-20,526
1775447267491,key-38,2101
1775447267492,key-21,447
1775447267494,key-8,221
1775447267496,key-25,1094
1775447267497,key-35,94
1775447267504,key-31,267
1775447267504,key-8,231
1775447267505,key-30,29
1775447267506,key-35,103
1775447267507,key-8,234
1775447267514,key-30,38
1775447267515,key-35,112
1775447267517,key-30,41
1775447267521,key-15,809
1775447267522,key-8,249
1775447267523,key-8,250
1775447267523,key-30,47
1775447267527,key-32,911
1775447267527,key-31,290
1775447267527,key-44,603
1775447267530,key-35,127
1775447267535,key-3,474
1775447267536,key-8,263
1775447267537,key-30,61
1775447267540,key-50,255
1775447267542,key-30,66
1775447267542,key-30,66
1775447267547,key-32,931
1775447267549,key-8,276
1775447267550,key-6,34
1775447267551,key-47,378
1775447267553,key-50,268
1775447267554,key-42,142
1775447267554,key-19,16
1775447267555,key-19,17
1775447267556,key-30,80
1775447267562,key-44,638
1775447267570,key-8,297
1775447267571,key-16,1272
1775447267572,key-44,648
1775447267575,key-6,59
1775447267583,key-26,1112
1775447267583,key-13,1185
1775447267584,key-6,68
1775447267584,key-8,311
1775447267584,key-19,46
1775447267587,key-8,314
1775447267587,key-44,5
1775447267596,key-30,120
1775447267597,key-8,324
1775447267598,key-8,325
1775447267599,key-6,83
1775447267603,key-13,1205
1775447267604,key-19,66
1775447267605,key-30,129
1775447267607,key-19,69
1775447267608,key-8,335
1775447267609,key-25,1207
1775447267611,key-13,1213
1775447267620,key-30,144
1775447267621,key-17,98
1775447267621,key-8,348
1775447267621,key-13,1223
1775447267625,key-13,1227
1775447267626,key-25,1224
1775447267627,key-13,1229
1775447267629,key-47,9
1775447267630,key-16,1331
1775447267636,key-19,98
1775447267642,key-19,104
1775447267647,key-25,1245
1775447267647,key-8,374
1775447267650,key-24,661
1775447267652,key-24,663
1775447267654,key-12,1240
1775447267654,key-13,1256
1775447267654,key-8,381
1775447267656,key-46,272
1775447267658,key-13,1260
1775447267660,key-34,533
1775447267660,key-27,2386
1775447267663,key-41,3747
1775447267667,key-8,394
1775447267674,key-25,1272
1775447267674,key-25,1272
1775447267675,key-24,686
1775447267675,key-19,137
1775447267677,key-23,70
1775447267677,key-41,3761
1775447267679,key-11,1083
1775447267680,key-36,292
1775447267684,key-34,557
1775447267687,key-24,698
1775447267688,key-19,150
1775447267689,key-25,1287
1775447267697,key-34,570
1775447267698,key-9,514
1775447267698,key-46,314
1775447267699,key-50,6
1775447267701,key-28,729
1775447267702,key-11,1106
1775447267704,key-50,11
1775447267707,key-50,14
1775447267707,key-34,580
1775447267717,key-50,24
1775447267718,key-34,591
1775447267719,key-9,15
1775447267719,key-14,14
1775447267720,key-25,1318
1775447267721,key-35,17
1775447267721,key-50,28
1775447267723,key-44,141
1775447267725,key-35,21
1775447267725,key-9,21
1775447267727,key-14,22
1775447267728,key-35,24
1775447267730,key-9,26
1775447267731,key-50,38
1775447267733,key-14,28
1775447267739,key-34,612
1775447267746,key-50,53
1775447267747,key-34,620
1775447267747,key-9,43
1775447267748,key-50,55
1775447267749,key-15,29
1775447267749,key-35,45
1775447267750,key-32,1134
1775447267755,key-50,62
1775447267756,key-11,1160
1775447267758,key-34,631
1775447267759,key-10,2940
1775447267763,key-34,636
1775447267764,key-50,71
1775447267765,key-34,638
1775447267765,key-7,877
1775447267769,key-22,368
1775447267770,key-50,77
1775447267773,key-34,646
1775447267776,key-13,1378
1775447267777,key-37,331
1775447267782,key-35,78
1775447267782,key-50,89
1775447267783,key-35,79
1775447267784,key-29,1785
1775447267784,key-37,338
1775447267786,key-24,70
1775447267792,key-35,88
1775447267792,key-10,2973
1775447267800,key-24,84
1775447267801,key-50,108
1775447267804,key-34,677
1775447267804,key-50,111
1775447267808,key-50,115
1775447267809,key-50,116
1775447267810,key-35,106
1775447267811,key-35,107
1775447267815,key-4,289
1775447267816,key-24,100
1775447267817,key-24,101
1775447267818,key-16,63
1775447267818,key-29,13
1775447267820,key-50,127
1775447267825,key-16,70
1775447267825,key-50,132
1775447267825,key-50,132
1775447267826,key-24,110
1775447267827,key-4,301
1775447267828,key-50,135
1775447267838,key-12,1424
1775447267838,key-50,145
1775447267838,key-33,921
1775447267838,key-29,33
1775447267838,key-24,122
1775447267838,key-45,1465
1775447267840,key-35,136
1775447267841,key-49,548
1775447267841,key-50,148
1775447267841,key-4,315
1775447267842,key-50,149
1775447267847,key-6,331
1775447267849,key-50,156
1775447267849,key-50,156
1775447267850,key-50,157
1775447267851,key-4,325
1775447267851,key-50,158
1775447267852,key-50,159
1775447267854,key-49,561
1775447267857,key-27,2583
1775447267859,key-29,54
1775447267861,key-23,168
1775447267865,key-39,1685
1775447267865,key-50,172
1775447267873,key-17,350
1775447267874,key-39,1694
1775447267874,key-50,181
1775447267874,key-49,581
1775447267874,key-50,181
1775447267875,key-26,222
1775447267877,key-6,361
1775447267878,key-6,362
1775447267880,key-49,587
1775447267882,key-50,189
1775447267883,key-38,25
1775447267884,key-39,1704
1775447267885,key-27,2611
1775447267885,key-49,592
1775447267888,key-49,595
1775447267892,key-49,599
1775447267892,key-50,199
1775447267899,key-49,606
1775447267899,key-39,1719
1775447267899,key-35,195
1775447267899,key-50,206
1775447267900,key-50,207
1775447267901,key-49,608
1775447267903,key-27,2629
1775447267906,key-49,613
1775447267917,key-39,1737
1775447267917,key-49,624
1775447267918,key-49,625
1775447267918,key-39,1738
1775447267921,key-42,509
1775447267921,key-49,628
1775447267922,key-35,218
1775447267923,key-35,219
1775447267927,key-23,24
1775447267936,key-49,643
1775447267939,key-49,646
1775447267940,key-23,37
1775447267942,key-49,649
1775447267942,key-35,238
1775447267943,key-49,650
1775447267943,key-50,250
1775447267951,key-49,658
1775447267952,key-49,659
1775447267952,key-49,659
1775447267953,key-27,2679
1775447267954,key-6,438
1775447267962,key-49,669
1775447267962,key-49,669
1775447267963,key-49,670
1775447267967,key-9,9
1775447267972,key-49,679
1775447267974,key-13,1576
1775447267975,key-49,682
1775447267977,key-49,684
1775447267977,key-49,684
1775447267978,key-49,685
1775447267979,key-38,121
1775447267981,key-9,23
1775447267983,key-49,690
1775447267993,key-49,700
1775447267994,key-9,36
1775447267994,key-49,701
1775447267994,key-38,136
1775447267994,key-6,478
1775447267995,key-49,702
1775447267998,key-24,282
1775447268003,key-6,487
1775447268004,key-28,1032
1775447268005,key-18,1167
1775447268007,key-28,1035
1775447268008,key-49,715
1775447268010,key-49,717
1775447268011,key-9,53
1775447268013,key-6,497
1775447268018,key-49,725
1775447268018,key-24,302
1775447268020,key-33,1103
1775447268022,key-28,1050
1775447268022,key-39,1842
1775447268024,key-49,731
1775447268031,key-28,1059
1775447268032,key-15,312
1775447268034,key-6,518
1775447268037,key-24,321
1775447268038,key-49,745
1775447268039,key-24,323
1775447268052,key-14,347
1775447268052,key-24,336
1775447268052,key-24,336
1775447268053,key-44,471
1775447268053,key-28,1081
1775447268053,key-6,537
1775447268055,key-24,339
1775447268062,key-6,12
1775447268064,key-5,747
1775447268065,key-49,772
1775447268065,key-34,938
1775447268066,key-19,2
1775447268082,key-6,32
1775447268082,key-6,32
1775447268083,key-24,367
1775447268084,key-28,1112
1775447268086,key-24,370
1775447268086,key-44,504
1775447268093,key-6,43
1775447268093,key-28,1121
1775447268098,key-34,971
1775447268101,key-24,385
1775447268101,key-5,784
1775447268101,key-19,37
1775447268108,key-14,403
1775447268115,key-28,1143
1775447268115,key-11,310
1775447268116,key-6,66
1775447268117,key-34,990
1775447268120,key-24,404
1775447268121,key-34,994
1775447268127,key-24,411
1775447268127,key-6,77
1775447268130,key-8,857
1775447268131,key-6,81
1775447268131,key-24,415
1775447268131,key-34,1004
1775447268132,key-34,1005
1775447268132,key-14,427
1775447268133,key-8,860
1775447268136,key-24,420
1775447268138,key-14,433
1775447268141,key-43,29
1775447268147,key-43,35
1775447268155,key-50,462
1775447268157,key-24,441
1775447268164,key-24,448
1775447268164,key-7,1276
1775447268169,key-11,364
1775447268175,key-46,383
1775447268177,key-24,461
1775447268178,key-43,66
1775447268178,key-4,3
1775447268180,key-50,487
1775447268182,key-8,909
1775447268183,key-24,467
1775447268198,key-24,482
1775447268202,key-22,226
1775447268203,key-45,50
1775447268204,key-43,92
1775447268204,key-23,301
1775447268204,key-11,399
1775447268204,key-44,622
1775447268204,key-45,6
1775447268206,key-8,933
1775447268206,key-4,31
1775447268211,key-45,13
1775447268211,key-24,495
1775447268212,key-43,100
1775447268214,key-4,39
1775447268215,key-13,12
1775447268219,key-8,946
1775447268219,key-24,503
1775447268220,key-44,638
1775447268220,key-8,947
1775447268221,key-2,8
1775447268222,key-8,949
1775447268226,key-44,644
1775447268229,key-2,16
1775447268237,key-4,62
1775447268237,key-14,532
1775447268237,key-44,655
1775447268240,key-13,37
1775447268241,key-13,38
1775447268244,key-21,1199
1775447268247,key-6,197
1775447268251,key-5,934
1775447268252,key-2,39
1775447268254,key-4,79
1775447268256,key-44,674
1775447268256,key-4,81
1775447268257,key-42,845
1775447268257,key-5,940
1775447268257,key-29,452
1775447268259,key-9,301
1775447268259,key-2,46
1775447268261,key-34,1134
1775447268262,key-6,212
1775447268263,key-28,1291
1775447268263,key-4,88
1775447268263,key-15,543
1775447268268,key-29,463
1775447268276,key-45,78
1775447268276,key-12,36
1775447268276,key-28,1304
1775447268276,key-44,694
1775447268288,key-2,75
1775447268289,key-2,76
1775447268290,key-4,115
1775447268290,key-12,50
1775447268290,key-17,10
1775447268291,key-4,116
1775447268296,key-9,338
1775447268297,key-17,17
1775447268298,key-34,1171
1775447268299,key-45,101
1775447268300,key-45,102
1775447268300,key-4,125
1775447268300,key-4,125
1775447268301,key-30,17
1775447268302,key-4,127
1775447268303,key-12,63
1775447268303,key-37,377
1775447268304,key-17,2
1775447268305,key-4,130
1775447268313,key-45,115
1775447268314,key-17,12
1775447268316,key-45,118
1775447268316,key-17,14
1775447268319,key-30,35
1775447268320,key-48,3853
1775447268325,key-23,422
1775447268325,key-5,1008
1775447268326,key-36,938
1775447268326,key-13,18
1775447268327,key-14,14
1775447268327,key-37,401
1775447268327,key-36,939
1775447268332,key-48,3865
1775447268333,key-48,3866
1775447268334,key-12,94
1775447268334,key-35,630
1775447268335,key-48,3868
1775447268343,key-12,103
1775447268344,key-17,42
1775447268344,key-37,418
1775447268344,key-12,104
1775447268345,key-37,419
1775447268346,key-13,38
1775447268348,key-13,40
1775447268350,key-48,3883
1775447268351,key-35,647
1775447268352,key-48,3885
1775447268353,key-14,40
1775447268354,key-17,52
1775447268357,key-35,653
1775447268359,key-14,46
1775447268359,key-13,51
1775447268359,key-35,655
1775447268365,key-35,661
1775447268365,key-42,57
1775447268366,key-48,3899
1775447268369,key-42,61
1775447268376,key-35,672
1775447268376,key-48,3909
1775447268377,key-15,657
1775447268377,key-35,673
1775447268378,key-48,3911
1775447268378,key-42,70
1775447268379,key-35,675
1775447268381,key-35,677
1775447268382,key-35,678
1775447268383,key-10,6
1775447268383,key-42,75
1775447268384,key-17,82
1775447268385,key-35,681
1775447268388,key-34,1261
1775447268388,key-35,684
1775447268389,key-42,81
1775447268389,key-15,669
1775447268390,key-34,1263
1775447268390,key-10,13
1775447268401,key-42,93
1775447268402,key-42,94
1775447268402,key-48,3935
1775447268402,key-10,25
1775447268402,key-42,94
1775447268402,key-10,25
1775447268408,key-21,1363
1775447268408,key-42,100
1775447268409,key-34,1282
1775447268410,key-35,706
1775447268410,key-42,102
1775447268410,key-10,33
1775447268412,key-15,692
1775447268413,key-42,105
1775447268415,key-10,38
1775447268416,key-34,1289
1775447268417,key-42,109
1775447268418,key-42,110
1775447268426,key-42,118
1775447268427,key-33,1510
1775447268428,key-10,51
1775447268430,key-36,1042
1775447268430,key-42,122
1775447268431,key-36,1043
1775447268436,key-12,196
1775447268436,key-42,128
1775447268440,key-2,227
1775447268440,key-23,26
1775447268440,key-42,132
1775447268443,key-18,29
1775447268449,key-35,745
1775447268451,key-2,238
1775447268452,key-23,38
1775447268452,key-32,220
1775447268454,key-6,404
1775447268457,key-2,244
1775447268459,key-42,151
1775447268460,key-24,108
1775447268461,key-7,13
1775447268461,key-33,1544
1775447268462,key-12,222
1775447268463,key-41,212
1775447268467,key-18,53
1775447268468,key-16,713
1775447268469,key-42,161
1775447268469,key-2,256
1775447268474,key-29,669
1775447268476,key-37,550
1775447268476,key-42,168
1775447268477,key-20,599
1775447268477,key-46,685
1775447268487,key-46,695
1775447268487,key-24,135
1775447268489,key-10,112
1775447268489,key-5,23
1775447268489,key-20,611
1775447268490,key-12,250
1775447268490,key-1,73
1775447268490,key-24,138
1775447268490,key-16,735
1775447268492,key-20,614
1775447268493,key-46,701
1775447268493,key-44,911
1775447268500,key-37,574
1775447268501,key-5,35
1775447268502,key-28,3
1775447268502,key-20,624
1775447268506,key-20,628
1775447268507,key-12,267
1775447268508,key-10,131
1775447268509,key-27,516
1775447268511,key-19,447
1775447268511,key-5,45
1775447268520,key-12,280
1775447268521,key-24,169
1775447268522,key-20,644
1775447268522,key-20,644
1775447268523,key-5,57
1775447268528,key-37,602
1775447268528,key-37,602
1775447268528,key-24,176
1775447268529,key-20,651
1775447268535,key-20,657
1775447268535,key-37,609
1775447268536,key-42,228
1775447268536,key-20,658
1775447268537,key-12,297
1775447268540,key-16,785
1775447268541,key-20,663
1775447268542,key-19,478
1775447268544,key-42,236
1775447268548,key-37,622
1775447268548,key-37,622
1775447268551,key-37,625
1775447268559,key-39,2379
1775447268559,key-20,681
1775447268562,key-24,210
1775447268565,key-26,912
1775447268566,key-24,214
1775447268572,key-19,508
1775447268572,key-24,220
1775447268576,key-46,784
1775447268576,key-49,1283
1775447268577,key-20,699
1775447268578,key-37,652
1775447268581,key-24,229
1775447268581,key-32,27
1775447268582,key-20,704
1775447268587,key-39,2407
1775447268587,key-11,782
1775447268593,key-27,600
1775447268599,key-27,606
1775447268601,key-35,115
1775447268612,key-19,548
1775447268613,key-32,59
1775447268614,key-47,197
1775447268617,key-5,151
1775447268617,key-24,265
1775447268618,key-27,625
1775447268618,key-6,40
1775447268619,key-39,2439
1775447268622,key-35,136
1775447268622,key-21,1577
1775447268623,key-37,697
1775447268624,key-39,2444
1775447268624,key-26,971
1775447268627,key-35,141
1775447268631,key-37,705
1775447268631,key-35,145
1775447268632,key-28,20
1775447268633,key-35,147
1775447268634,key-35,148
1775447268646,key-35,160
1775447268647,key-3,392
1775447268647,key-19,583
1775447268648,key-33,1731
1775447268649,key-32,95
1775447268653,key-35,167
1775447268654,key-37,728
1775447268655,key-3,400
1775447268660,key-18,5
1775447268661,key-37,735
1775447268665,key-32,111
1775447268665,key-37,739
1775447268665,key-35,179
1775447268675,key-49,1382
1775447268678,key-18,23
1775447268678,key-35,192
1775447268678,key-18,23
1775447268680,key-3,425
1775447268681,key-35,195
1775447268683,key-18,28
1775447268686,key-18,31
1775447268693,key-49,1400
1775447268693,key-15,189
1775447268696,key-35,210
1775447268697,key-1,17
1775447268697,key-41,446
1775447268705,key-21,37
1775447268708,key-41,457
1775447268708,key-35,222
1775447268709,key-19,645
1775447268710,key-45,120
1775447268710,key-1,30
1775447268714,key-19,650
1775447268720,key-18,65
1775447268720,key-6,13
1775447268722,key-28,15
1775447268727,key-26,1074
1775447268727,key-49,1434
1775447268730,key-6,23
1775447268736,key-18,81
1775447268736,key-45,146
1775447268737,key-19,673
1775447268738,key-6,31
1775447268738,key-6,31
1775447268743,key-18,88
1775447268744,key-18,89
1775447268744,key-19,680
1775447268745,key-6,38
1775447268746,key-45,156
1775447268755,key-22,779
1775447268755,key-19,691
1775447268756,key-6,49
1775447268756,key-49,1463
1775447268756,key-18,101
1775447268757,key-6,50
1775447268760,key-18,105
1775447268762,key-6,55
1775447268769,key-18,114
1775447268769,key-19,705
1775447268781,key-6,74
1775447268781,key-19,717
1775447268781,key-18,126
1775447268782,key-45,192
1775447268782,key-32,228
1775447268782,key-6,75
1775447268782,key-30,498
1775447268783,key-19,719
1775447268786,key-3,531
1775447268789,key-44,21
1775447268790,key-27,797
1775447268790,key-18,135
1775447268799,key-40,67
1775447268799,key-48,30
1775447268800,key-18,145
1775447268800,key-19,736
1775447268800,key-18,145
1775447268802,key-49,1509
1775447268803,key-15,17
1775447268804,key-19,740
1775447268808,key-24,456
1775447268808,key-45,218
1775447268809,key-17,507
1775447268809,key-14,52
1775447268813,key-1,84
1775447268815,key-1,86
1775447268816,key-21,148
1775447268818,key-14,61
1775447268819,key-38,961
1775447268825,key-40,93
1775447268829,key-18,174
1775447268829,key-38,971
1775447268830,key-40,98
1775447268832,key-1,103
1775447268835,key-18,180
1775447268836,key-15,50
1775447268838,key-17,536
1775447268839,key-40,107
1775447268841,key-38,983
1775447268847,key-40,115
1775447268849,key-14,92
1775447268849,key-40,117
1775447268850,key-7,402
1775447268850,key-38,992
1775447268851,key-15,65
1775447268852,key-22,11
1775447268853,key-15,67
1775447268853,key-38,995
1775447268856,key-38,998
1775447268858,key-22,17
1775447268864,key-40,132
1775447268865,key-25,1130
1775447268866,key-38,1008
1775447268868,key-14,111
1775447268879,key-17,577
1775447268879,key-39,159
1775447268879,key-29,1074
1775447268880,key-38,1022
1775447268882,key-14,125
1775447268889,key-27,10
1775447268889,key-40,157
1775447268890,key-14,133
1775447268893,key-30,609
1775447268894,key-24,542
1775447268894,key-29,1089
1775447268895,key-32,341
1775447268896,key-27,17
1775447268898,key-27,19
1775447268898,key-39,178
1775447268900,key-30,616
1775447268905,key-17,603
1775447268906,key-37,980
1775447268908,key-26,1255
1775447268909,key-39,189
1775447268909,key-40,177
1775447268911,key-40,179
1775447268912,key-49,23
1775447268913,key-30,629
1775447268913,key-39,193
1775447268919,key-17,617
1775447268923,key-40,191
1775447268924,key-27,45
1775447268924,key-27,45
1775447268928,key-30,644
1775447268931,key-37,1005
1775447268934,key-30,650
1775447268934,key-42,626
1775447268935,key-30,651
1775447268949,key-27,70
1775447268950,key-36,107
1775447268950,key-30,666
1775447268950,key-30,666
1775447268950,key-18,295
1775447268953,key-27,74
1775447268953,key-36,110
1775447268954,key-48,185
1775447268955,key-6,248
1775447268961,key-2,33
1775447268963,key-18,308
1775447268963,key-27,84
1775447268964,key-6,257
1775447268965,key-36,122
1775447268966,key-42,658
1775447268969,key-25,1234
1775447268971,key-6,264
1775447268978,key-28,271
1775447268979,key-1,250
1775447268980,key-7,532
1775447268980,key-36,137
1775447268981,key-2,53
1775447268981,key-42,673
1775447268981,key-33,11
1775447268981,key-24,629
1775447268982,key-18,327
1775447268983,key-36,140
1775447268984,key-2,56
1775447268985,key-46,4
1775447268988,key-18,333
1775447268991,key-46,10
1775447268994,key-2,66
1775447268998,key-34,1871
1775447269000,key-36,157
1775447269001,key-42,693
1775447269003,key-28,296
1775447269003,key-46,22
1775447269008,key-34,1881
1775447269008,key-18,353
1775447269008,key-42,700
1775447269013,key-34,1886
1775447269013,key-42,705
1775447269013,key-2,85
1775447269016,key-29,1211
1775447269028,key-46,47
1775447269029,key-36,186
1775447269029,key-42,721
1775447269030,key-34,1903
1775447269030,key-46,49
1775447269030,key-42,722
1775447269030,key-34,1903
1775447269030,key-2,102
1775447269031,key-46,50
1775447269031,key-42,723
1775447269032,key-30,748
1775447269037,key-36,194
1775447269040,key-42,732
1775447269040,key-46,59
1775447269047,key-42,739
1775447269051,key-46,70
1775447269052,key-21,384
1775447269052,key-42,744
1775447269055,key-30,771
1775447269062,key-42,754
1775447269062,key-1,333
1775447269062,key-42,754
1775447269064,key-42,756
1775447269065,key-42,757
1775447269067,key-45,477
1775447269069,key-42,761
1775447269073,key-1,344
1775447269077,key-21,409
1775447269077,key-25,1342
1775447269079,key-3,824
1775447269084,key-36,241
1775447269086,key-29,1281
1775447269087,key-1,358
1775447269090,key-29,1285
1775447269092,key-3,837
1775447269093,key-42,785
1775447269093,key-33,123
1775447269099,key-50,1406
1775447269099,key-30,815
1775447269100,key-1,371
1775447269100,key-42,792
1775447269101,key-21,433
1775447269105,key-3,850
1775447269112,key-27,233
1775447269112,key-42,7
1775447269113,key-27,234
1775447269113,key-30,829
1775447269119,key-1,390
1775447269122,key-29,1317
1775447269127,key-28,420
1775447269127,key-1,398
1775447269128,key-30,844
1775447269129,key-8,372
1775447269130,key-42,25
1775447269131,key-31,19
1775447269131,key-27,252
1775447269132,key-14,375
1775447269135,key-14,378
1775447269135,key-35,52
1775447269138,key-48,369
1775447269138,key-18,483
1775447269139,key-48,370
1775447269140,key-31,28
1775447269142,key-26,29
1775447269142,key-24,8
1775447269143,key-24,9
1775447269144,key-27,265
1775447269148,key-14,391
1775447269148,key-33,178
1775447269149,key-31,37
1775447269149,key-1,420
1775447269151,key-35,68
1775447269152,key-48,383
1775447269152,key-48,383
1775447269157,key-14,400
1775447269161,key-1,432
1775447269161,key-31,49
1775447269162,key-48,393
1775447269164,key-1,435
1775447269171,key-11,1366
1775447269172,key-5,7
1775447269173,key-33,203
1775447269173,key-20,22
1775447269173,key-48,404
1775447269176,key-5,11
1775447269178,key-38,27
1775447269179,key-5,14
1775447269180,key-19,1116
1775447269180,key-39,460
1775447269180,key-1,451
1775447269182,key-48,413
1775447269182,key-5,17
1775447269183,key-26,70
1775447269187,key-30,903
1775447269187,key-5,22
1775447269188,key-48,419
1775447269191,key-36,348
1775447269198,key-45,608
1775447269199,key-30,915
1775447269200,key-5,35
1775447269202,key-50,1509
1775447269202,key-36,359
1775447269202,key-36,359
1775447269203,key-26,90
1775447269206,key-36,363
1775447269207,key-30,923
1775447269208,key-20,23
1775447269216,key-11,1411
1775447269216,key-30,932
1775447269216,key-36,373
1775447269216,key-13,908
1775447269218,key-32,13
1775447269218,key-8,461
1775447269220,key-30,936
1775447269220,key-36,377
1775447269221,key-5,56
1775447269221,key-11,1416
1775447269224,key-32,19
1775447269224,key-20,39
1775447269224,key-5,59
1775447269226,key-20,41
1775447269231,key-32,26
1775447269233,key-32,28
1775447269234,key-36,391
1775447269236,key-23,822
1775447269239,key-23,825
1775447269239,key-30,955
1775447269241,key-30,957
1775447269242,key-45,652
1775447269243,key-20,58
1775447269246,key-45,656
1775447269249,key-45,659
1775447269250,key-23,836
1775447269252,key-11,1447
1775447269254,key-45,664
1775447269255,key-23,841
1775447269255,key-32,50
1775447269255,key-5,90
1775447269256,key-44,307
1775447269258,key-31,1
1775447269261,key-23,847
1775447269261,key-31,4
1775447269262,key-15,476
1775447269266,key-32,61
1775447269269,key-44,320
1775447269271,key-33,7
1775447269273,key-33,9
1775447269273,key-7,825
1775447269274,key-40,23
1775447269276,key-41,1025
1775447269276,key-38,125
1775447269280,key-44,331
1775447269284,key-7,836
1775447269286,key-33,22
1775447269287,key-33,23
1775447269287,key-7,839
1775447269288,key-21,620
1775447269291,key-39,571
1775447269291,key-41,1040
1775447269293,key-39,573
1775447269294,key-15,508
1775447269295,key-21,627
1775447269295,key-40,44
1775447269297,key-36,16
1775447269298,key-36,17
1775447269300,key-21,632
1775447269304,key-41,1053
1775447269307,key-40,56
1775447269312,key-33,48
1775447269312,key-28,31
1775447269314,key-33,50
1775447269320,key-21,652
1775447269321,key-21,653
1775447269321,key-39,601
1775447269322,key-24,2
1775447269323,key-28,42
1775447269329,key-25,24
1775447269330,key-40,79
1775447269330,key-21,662
1775447269332,key-40,81
1775447269333,key-40,82
1775447269335,key-40,84
1775447269335,key-44,386
1775447269336,key-40,85
1775447269343,key-40,92
1775447269343,key-21,675
1775447269345,key-20,160
1775447269347,key-20,162
1775447269350,key-10,973
1775447269351,key-40,100
1775447269354,key-21,686
1775447269355,key-28,74
1775447269356,key-25,51
1775447269356,key-40,105
1775447269357,key-40,106
1775447269359,key-28,78
1775447269364,key-44,415
1775447269371,key-40,120
1775447269372,key-28,91
1775447269372,key-40,121
1775447269373,key-40,122
1775447269374,key-40,123
1775447269375,key-40,124
1775447269377,key-40,126
1775447269378,key-28,97
1775447269380,key-13,1072
1775447269381,key-40,130
1775447269385,key-28,104
1775447269386,key-12,819
1775447269390,key-28,109
1775447269390,key-40,139
1775447269390,key-14,633
1775447269392,key-40,141
1775447269394,key-40,143
1775447269396,key-40,145
1775447269397,key-40,146
1775447269397,key-28,116
1775447269402,key-49,151
1775447269402,key-12,835
1775447269406,key-49,155
1775447269407,key-49,156
1775447269413,key-40,162
1775447269413,key-40,162
1775447269415,key-49,164
1775447269417,key-40,166
1775447269418,key-40,167
1775447269422,key-49,171
1775447269426,key-40,175
1775447269429,key-40,178
1775447269429,key-49,178
1775447269429,key-24,109
1775447269430,key-38,279
1775447269431,key-40,180
1775447269431,key-40,180
1775447269436,key-49,185
1775447269441,key-49,190
1775447269441,key-49,190
1775447269443,key-49,192
1775447269446,key-38,295
1775447269450,key-8,87
1775447269451,key-49,200
1775447269455,key-40,204
1775447269456,key-40,205
1775447269457,key-49,206
1775447269458,key-38,307
1775447269461,key-8,98
1775447269462,key-49,211
1775447269465,key-38,314
1775447269465,key-11,13
1775447269468,key-8,105
1775447269469,key-40,218
1775447269474,key-49,223
1775447269474,key-49,223
1775447269480,key-40,229
1775447269480,key-23,1066
1775447269481,key-50,1788
1775447269481,key-6,774
1775447269481,key-8,118
1775447269481,key-38,330
1775447269485,key-3,24
1775447269490,key-3,29
1775447269491,key-11,39
1775447269492,key-38,341
1775447269495,key-11,43
1775447269498,key-21,830
1775447269502,key-38,351
1775447269502,key-34,17
1775447269503,key-47,1086
1775447269509,key-20,324
1775447269510,key-50,1817
1775447269511,key-16,828
1775447269517,key-40,266
1775447269524,key-39,804
1775447269531,key-11,79
1775447269532,key-40,281
1775447269539,key-3,30
1775447269540,key-21,872
1775447269544,key-14,787
1775447269546,key-25,241
1775447269547,key-10,1170
1775447269549,key-46,17
1775447269551,key-27,672
1775447269551,key-40,300
1775447269554,key-11,102
1775447269556,key-50,3
1775447269566,key-50,13
1775447269567,key-11,115
1775447269567,key-3,58
1775447269568,key-36,287
1775447269572,key-46,40
1775447269573,key-46,41
1775447269575,key-50,22
1775447269575,key-40,324
1775447269576,key-46,44
1775447269579,key-11,127
1775447269582,key-16,899
1775447269587,key-11,135
1775447269593,key-16,910
1775447269598,key-46,66
1775447269598,key-50,45
1775447269602,key-27,723
1775447269605,key-11,153
1775447269607,key-50,54
1775447269615,key-22,774
1775447269616,key-50,63
1775447269629,key-2,701
1775447269630,key-46,98
1775447269630,key-24,17
1775447269630,key-34,23
1775447269630,key-46,98
1775447269631,key-50,78
1775447269631,key-46,99
1775447269632,key-30,3
1775447269638,key-50,85
1775447269642,key-30,13
1775447269645,key-22,804
1775447269646,key-22,805
1775447269648,key-2,720
1775447269654,key-22,813
1775447269656,key-15,2
1775447269659,key-39,26
1775447269660,key-30,31
1775447269660,key-50,107
1775447269661,key-22,820
1775447269661,key-46,129
1775447269662,key-17,703
1775447269662,key-22,821
1775447269673,key-35,60
1775447269673,key-20,488
1775447269673,key-10,1296
1775447269675,key-46,143
1775447269675,key-40,424
1775447269676,key-29,1871
1775447269677,key-46,145
1775447269678,key-30,49
1775447269679,key-22,838
1775447269681,key-33,417
1775447269684,key-9,572
1775447269689,key-35,76
1775447269690,key-2,26
1775447269690,key-10,1313
1775447269695,key-22,854
1775447269696,key-13,1388
1775447269696,key-37,18
1775447269697,key-46,165
1775447269697,key-34,61
1775447269697,key-46,165
1775447269698,key-35,85
1775447269700,key-22,859
1775447269702,key-13,1394
1775447269703,key-29,1898
1775447269705,key-12,1138
1775447269707,key-9,595
1775447269707,key-13,1399
1775447269708,key-35,95
1775447269709,key-22,868
1775447269709,key-33,445
1775447269714,key-22,873
1775447269717,key-2,53
1775447269719,key-22,878
1775447269719,key-4,1544
1775447269721,key-13,1413
1775447269723,key-23,14
1775447269723,key-43,1611
1775447269723,key-34,87
1775447269729,key-41,89
1775447269729,key-2,65
1775447269730,key-32,324
1775447269731,key-22,890
1775447269732,key-28,451
1775447269732,key-13,1424
1775447269735,key-23,26
1775447269739,key-2,75
1775447269739,key-22,898
1775447269739,key-37,61
1775447269739,key-13,1431
1775447269739,key-39,17
1775447269743,key-15,13
1775447269744,key-13,1436
1775447269744,key-39,22
1775447269751,key-2,87
1775447269751,key-50,198
1775447269751,key-38,29
1775447269758,key-38,36
1775447269760,key-31,503
1775447269766,key-22,925
1775447269766,key-39,44
1775447269767,key-23,3
1775447269768,key-13,1460
1775447269769,key-11,317
1775447269769,key-18,5
1775447269769,key-8,406
1775447269775,key-48,1006
1775447269776,key-38,54
1775447269779,key-18,15
1775447269780,key-1,1051
1775447269782,key-21,1114
1775447269786,key-7,1338
1775447269786,key-13,1478
1775447269792,key-22,951
1775447269794,key-1,1065
1775447269795,key-1,1066
1775447269799,key-22,958
1775447269800,key-18,36
1775447269801,key-13,1493
1775447269804,key-36,19
1775447269805,key-18,41
1775447269813,key-13,10
1775447269814,key-7,1366
1775447269814,key-22,973
1775447269814,key-1,1085
1775447269815,key-13,12
1775447269816,key-21,1148
1775447269817,key-18,53
1775447269818,key-22,977
1775447269819,key-13,16
1775447269821,key-4,24
1775447269827,key-42,516
1775447269827,key-1,1098
1775447269828,key-4,31
1775447269828,key-13,25
1775447269829,key-18,65
1775447269829,key-13,26
1775447269833,key-4,36
1775447269835,key-36,50
1775447269841,key-28,560
1775447269841,key-11,389
1775447269844,key-42,533
1775447269846,key-28,565
1775447269846,key-13,43
1775447269847,key-6,1140
1775447269848,key-5,6
1775447269849,key-1,1120
1775447269852,key-28,571
1775447269852,key-28,571
1775447269856,key-20,671
1775447269857,key-28,576
1775447269858,key-4,61
1775447269860,key-4,63
1775447269861,key-29,2056
1775447269861,key-42,550
1775447269868,key-28,587
1775447269868,key-13,65
1775447269873,key-11,421
1775447269873,key-29,2068
1775447269877,key-20,692
1775447269878,key-29,2073
1775447269880,key-20,695
1775447269882,key-20,697
1775447269882,key-28,601
1775447269883,key-47,2
1775447269887,key-28,606
1775447269892,key-24,279
1775447269892,key-29,2087
1775447269894,key-22,1053
1775447269894,key-20,709
1775447269894,key-9,782
1775447269894,key-4,97
1775447269898,key-24,285
1775447269898,key-7,1450
1775447269900,key-15,170
1775447269901,key-7,1453
1775447269906,key-47,25
1775447269914,key-47,33
1775447269914,key-36,129
1775447269915,key-47,34
1775447269915,key-29,2110
1775447269917,key-49,666
1775447269924,key-9,17
1775447269924,key-9,17
1775447269927,key-9,20
1775447269928,key-7,1480
1775447269929,key-12,1362
1775447269931,key-14,1174
1775447269936,key-24,323
1775447269940,key-9,33
1775447269941,key-36,156
1775447269941,key-12,1374
1775447269941,key-14,1184
1775447269941,key-29,2136
1775447269941,key-9,34
1775447269944,key-9,37
1775447269946,key-33,682
1775447269948,key-33,684
1775447269952,key-19,13
1775447269952,key-14,1195
1775447269954,key-9,47
1775447269957,key-22,1116
1775447269957,key-9,50
1775447269959,key-9,52
1775447269962,key-14,1205
1775447269969,key-12,1402
1775447269969,key-36,184
1775447269970,key-9,63
1775447269971,key-14,1214
1775447269973,key-41,333
1775447269978,key-32,572
1775447269978,key-5,136
1775447269979,key-4,7
1775447269979,key-25,674
1775447269979,key-21,1311
1775447269980,key-4,8
1775447269986,key-9,79
1775447269987,key-41,347
1775447269988,key-14,1231
1775447269989,key-14,1232
1775447269992,key-21,1324
1775447269993,key-14,1236
1775447269993,key-14,1236
1775447269994,key-20,809
1775447269994,key-25,689
1775447269999,key-4,27
1775447270002,key-32,596
1775447270008,key-9,101
1775447270010,key-28,729
1775447270016,key-19,21
1775447270016,key-34,380
1775447270016,key-41,376
1775447270018,key-14,1261
1775447270019,key-19,24
1775447270025,key-19,30
1775447270025,key-25,720
1775447270025,key-4,53
1775447270026,key-19,31
1775447270027,key-36,242
1775447270028,key-22,19
1775447270032,key-36,247
1775447270034,key-22,25
1775447270034,key-36,249
1775447270034,key-19,39
1775447270038,key-14,1281
1775447270038,key-39,316
1775447270038,key-22,29
1775447270039,key-25,734
1775447270040,key-22,31
1775447270041,key-47,160
1775447270043,key-19,48
1775447270051,key-37,373
1775447270052,key-36,267
1775447270054,key-19,59
1775447270056,key-19,61
1775447270065,key-44,40
1775447270065,key-14,1308
1775447270067,key-22,58
1775447270067,key-37,389
1775447270071,key-31,814
1775447270075,key-33,80
1775447270079,key-22,70
1775447270079,key-19,84
1775447270079,key-47,198
1775447270080,key-47,199
1775447270080,key-22,71
1775447270080,key-30,451
1775447270084,key-37,406
1775447270090,key-47,209
1775447270090,key-23,326
1775447270091,key-21,12
1775447270091,key-30,462
1775447270091,key-3,206
1775447270092,key-30,463
1775447270094,key-37,416
1775447270094,key-47,213
1775447270100,key-47,219
1775447270101,key-8,738
1775447270102,key-37,424
1775447270104,key-19,109
1775447270105,key-22,96
1775447270107,key-47,226
1775447270108,key-11,656
1775447270110,key-41,470
1775447270112,key-5,270
1775447270113,key-37,435
1775447270118,key-22,109
1775447270119,key-12,1552
1775447270119,key-8,756
1775447270119,key-3,234
1775447270120,key-37,442
1775447270121,key-4,149
1775447270122,key-8,759
1775447270124,key-8,761
1775447270124,key-21,45
1775447270126,key-3,241
1775447270127,key-35,514
1775447270130,key-26,7
1775447270130,key-11,678
1775447270134,key-14,1377
1775447270135,key-5,293
1775447270136,key-22,127
1775447270142,key-11,690
1775447270142,key-21,63
1775447270142,key-5,300
1775447270142,key-10,1765
1775447270143,key-41,503
1775447270143,key-13,75
1775447270144,key-47,263
1775447270144,key-14,1387
1775447270155,key-10,1778
1775447270156,key-10,1779
1775447270156,key-47,275
1775447270156,key-14,1399
1775447270158,key-26,35
1775447270158,key-14,1401
1775447270161,key-11,709
1775447270163,key-11,711
1775447270164,key-14,1407
1775447270166,key-14,1409
1775447270167,key-11,715
1775447270170,key-3,285
1775447270171,key-14,1414
1775447270171,key-14,1414
1775447270172,key-41,532
1775447270173,key-14,1416
1775447270174,key-11,722
1775447270175,key-3,290
1775447270179,key-41,539
1775447270180,key-4,208
1775447270180,key-11,728
1775447270181,key-26,58
1775447270181,key-14,1424
1775447270187,key-12,1620
1775447270187,key-14,1430
1775447270187,key-41,547
1775447270189,key-26,66
1775447270195,key-13,127
1775447270195,key-4,223
1775447270197,key-9,290
1775447270199,key-7,1751
1775447270200,key-9,293
1775447270202,key-14,1445
1775447270202,key-41,562
1775447270203,key-7,1755
1775447270203,key-36,418
1775447270206,key-14,1449
1775447270207,key-40,404
1775447270208,key-41,568
1775447270208,key-26,85
1775447270208,key-11,756
1775447270208,key-37,530
1775447270210,key-25,905
1775447270210,key-4,238
1775447270216,key-26,93
1775447270216,key-36,431
1775447270217,key-22,208
1775447270219,key-4,247
1775447270224,key-20,1039
1775447270225,key-36,440
1775447270230,key-7,1782
1775447270231,key-19,236
1775447270231,key-22,222
1775447270234,key-22,225
1775447270234,key-41,594
1775447270234,key-21,155
1775447270237,key-39,515
1775447270243,key-41,603
1775447270243,key-26,120
1775447270244,key-36,459
1775447270246,key-22,237
1775447270247,key-29,2442
1775447270249,key-26,126
1775447270250,key-22,241
1775447270250,key-18,486
1775447270253,key-36,468
1775447270254,key-22,245
1775447270255,key-29,2450
1775447270263,key-14,1506
1775447270263,key-6,1556
1775447270263,key-27,1384
1775447270264,key-22,255
1775447270265,key-22,256
1775447270267,key-22,258
1775447270273,key-6,1566
1775447270273,key-41,633
1775447270275,key-29,2470
1775447270275,key-22,266
1775447270276,key-29,2471
1775447270278,key-6,1571
1775447270299,key-8,936
1775447270302,key-22,293
1775447270308,key-5,466
1775447270312,key-36,527
1775447270312,key-7,1864
1775447270313,key-22,304
1775447270313,key-18,549
1775447270313,key-14,1556
1775447270313,key-22,304
1775447270313,key-41,673
1775447270314,key-14,1557
1775447270314,key-14,1557
1775447270314,key-34,128
1775447270314,key-41,674
1775447270314,key-15,584
1775447270325,key-29,2520
1775447270328,key-14,1571
1775447270328,key-8,965
1775447270329,key-36,544
1775447270330,key-33,77
1775447270330,key-11,878
1775447270337,key-15,607
1775447270338,key-25,1033
1775447270339,key-15,609
1775447270344,key-41,704
1775447270344,key-14,1587
1775447270345,key-15,615
1775447270349,key-8,986
1775447270350,key-8,987
1775447270350,key-26,227
1775447270351,key-34,165
1775447270353,key-32,285
1775447270354,key-29,2549
1775447270356,key-29,2551
1775447270357,key-15,627
1775447270360,key-14,1603
1775447270362,key-26,239
1775447270369,key-7,1921
1775447270374,key-7,1926
1775447270377,key-26,254
1775447270381,key-14,1624
1775447270381,key-7,1933
1775447270382,key-17,1423
1775447270386,key-7,1938
1775447270386,key-17,1427
1775447270392,key-17,1433
1775447270392,key-17,1433
1775447270396,key-14,1639
1775447270396,key-34,210
1775447270397,key-38,17
1775447270398,key-15,668
1775447270401,key-18,18
1775447270401,key-48,331
1775447270404,key-17,1445
1775447270407,key-15,677
1775447270407,key-12,1840
1775447270408,key-14,1651
1775447270411,key-23,9
1775447270421,key-18,38
1775447270421,key-18,38
1775447270422,key-38,42
1775447270422,key-17,1463
1775447270422,key-17,1463
1775447270427,key-18,44
1775447270427,key-17,1468
1775447270428,key-12,1861
1775447270431,key-2,20
1775447270434,key-17,1475
1775447270435,key-17,1476
1775447270436,key-49,34
1775447270443,key-14,1686
1775447270443,key-2,32
1775447270446,key-14,1689
1775447270447,key-33,3
1775447270452,key-18,69
1775447270454,key-2,43
1775447270456,key-38,76
1775447270468,key-49,12
1775447270471,key-49,15
1775447270472,key-14,1715
1775447270472,key-24,859
1775447270472,key-14,1715
1775447270473,key-32,405
1775447270473,key-49,17
1775447270474,key-25,1169
1775447270475,key-49,19
1775447270478,key-49,22
1775447270485,key-2,74
1775447270486,key-32,418
1775447270486,key-49,30
1775447270488,key-32,420
1775447270488,key-8,23
1775447270490,key-14,1733
1775447270491,key-32,423
1775447270492,key-32,424
1775447270496,key-32,428
1775447270500,key-14,1743
1775447270502,key-32,434
1775447270502,key-34,17
1775447270508,key-9,7
1775447270510,key-49,54
1775447270512,key-40,709
1775447270512,key-14,1755
1775447270513,key-32,445
1775447270514,key-49,58
1775447270515,key-35,902
1775447270518,key-42,6
1775447270518,key-40,715
1775447270518,key-8,53
1775447270518,key-26,5
1775447270520,key-26,7
1775447270525,key-25,1220
1775447270534,key-43,478
1775447270534,key-49,78
1775447270535,key-35,922
1775447270535,key-10,2158
1775447270542,key-32,474
1775447270543,key-32,475
1775447270545,key-32,477
1775447270547,key-26,34
1775447270548,key-1,1819
1775447270549,key-12,1982
1775447270550,key-26,37
1775447270551,key-32,483
1775447270551,key-1,1822
1775447270555,key-32,487
1775447270555,key-1,1826
1775447270556,key-16,949
1775447270556,key-26,43
1775447270559,key-1,1830
1775447270560,key-35,947
1775447270560,key-1,1831
1775447270562,key-38,182
1775447270563,key-32,495
1775447270564,key-1,1835
1775447270571,key-16,964
1775447270571,key-32,503
1775447270572,key-1,1843
1775447270574,key-34,89
1775447270576,key-32,508
1775447270577,key-49,16
1775447270579,key-18,21
1775447270583,key-32,515
1775447270583,key-49,22
1775447270586,key-34,101
1775447270589,key-3,14
1775447270590,key-1,1861
1775447270590,key-38,210
1775447270590,key-34,105
1775447270591,key-1,1862
1775447270591,key-35,978
1775447270593,key-1,1864
1775447270594,key-35,981
1775447270596,key-32,528
1775447270596,key-49,35
1775447270596,key-38,216
1775447270598,key-40,795
1775447270600,key-38,220
1775447270604,key-23,202
1775447270604,key-4,632
1775447270605,key-49,44
1775447270611,key-26,98
1775447270613,key-40,810
1775447270615,key-35,1002
1775447270616,key-26,103
1775447270619,key-49,58
1775447270620,key-45,681
1775447270621,key-1,1892
1775447270621,key-45,682
1775447270624,key-35,1011
1775447270628,key-1,1899
1775447270629,key-35,1016
1775447270630,key-1,1901
1775447270630,key-32,562
1775447270630,key-40,827
1775447270632,key-8,167
1775447270636,key-23,234
1775447270636,key-1,1907
1775447270638,key-23,236
1775447270638,key-35,1025
1775447270640,key-44,207
1775447270644,key-1,1915
1775447270644,key-47,763
1775447270646,key-1,1917
1775447270646,key-8,181
1775447270647,key-44,214
1775447270649,key-33,205
1775447270650,key-35,1037
1775447270652,key-1,1923
1775447270655,key-8,190
1775447270655,key-2,9
1775447270657,key-44,224
1775447270661,key-12,2094
1775447270662,key-1,1933
1775447270663,key-44,230
1775447270666,key-5,111
1775447270669,key-9,168
1775447270670,key-44,237
1775447270671,key-35,1058
1775447270671,key-49,110
1775447270675,key-2,29
1775447270681,key-1,1952
1775447270681,key-44,248
1775447270681,key-35,1068
1775447270684,key-44,251
1775447270686,key-5,131
1775447270687,key-44,254
1775447270688,key-20,30
1775447270688,key-44,255
1775447270690,key-44,257
1775447270694,key-35,1081
1775447270695,key-44,262
1775447270696,key-30,553
1775447270696,key-44,263
1775447270697,key-44,264
1775447270701,key-44,268
1775447270702,key-48,632
1775447270707,key-2,61
1775447270712,key-12,2145
1775447270713,key-48,643
1775447270713,key-40,8
1775447270716,key-20,58
1775447270718,key-44,285
1775447270721,key-44,288
1775447270722,key-30,579
1775447270723,key-2,77
1775447270724,key-40,19
1775447270724,key-44,291
1775447270727,key-40,22
1775447270727,key-44,294
1775447270727,key-29,21
1775447270732,key-30,589
1775447270736,key-46,1204
1775447270737,key-38,25
1775447270738,key-43,682
1775447270739,key-29,33
1775447270739,key-38,27
1775447270741,key-5,11
1775447270741,key-30,598
1775447270746,key-5,16
1775447270748,key-1,18
1775447270749,key-40,44
1775447270749,key-38,37
1775447270750,key-44,317
1775447270753,key-5,23
1775447270756,key-5,26
1775447270762,key-46,1230
1775447270762,key-5,32
1775447270762,key-5,32
1775447270763,key-44,330
1775447270764,key-38,52
1775447270767,key-5,37
1775447270769,key-6,2062
1775447270771,key-36,986
1775447270771,key-29,65
1775447270776,key-46,1244
1775447270776,key-44,343
1775447270777,key-30,634
1775447270779,key-1,49
1775447270780,key-1,50
1775447270783,key-30,640
1775447270783,key-38,71
1775447270784,key-30,641
1775447270785,key-27,340
1775447270787,key-30,644
1775447270788,key-5,58
1775447270789,key-46,1257
1775447270791,key-46,1259
1775447270793,key-27,348
1775447270794,key-6,2087
1775447270795,key-30,652
1775447270796,key-5,66
1775447270802,key-27,357
1775447270802,key-46,1270
1775447270803,key-6,2096
1775447270803,key-30,660
1775447270804,key-1,74
1775447270805,key-45,866
1775447270808,key-39,1086
1775447270810,key-30,667
1775447270810,key-27,365
1775447270818,key-30,675
1775447270826,key-2,180
1775447270828,key-11,182
1775447270828,key-5,98
1775447270828,key-5,98
1775447270829,key-46,1297
1775447270832,key-6,2125
1775447270833,key-46,1301
1775447270834,key-45,895
1775447270834,key-2,188
1775447270865,key-9,16
1775447270866,key-30,723
1775447270866,key-27,421
1775447270870,key-36,1085
1775447270871,key-32,73
1775447270871,key-39,1149
1775447270871,key-30,728
1775447270871,key-39,1149
1775447270872,key-49,23
1775447270873,key-44,440
1775447270873,key-2,227
1775447270873,key-30,730
1775447270885,key-9,36
1775447270887,key-44,454
1775447270887,key-49,38
1775447270887,key-39,1165
1775447270894,key-46,1362
1775447270894,key-21,815
1775447270897,key-36,1112
1775447270897,key-30,754
1775447270900,key-30,757
1775447270906,key-46,1374
1775447270914,key-49,65
1775447270914,key-6,2207
1775447270914,key-36,1129
1775447270915,key-46,1383
1775447270916,key-9,67
1775447270919,key-25,1614
1775447270924,key-49,75
1775447270924,key-12,17
1775447270924,key-27,46
1775447270925,key-27,47
1775447270938,key-48,868
1775447270939,key-26,426
1775447270939,key-17,404
1775447270940,key-46,1408
1775447270940,key-41,399
1775447270943,key-48,873
1775447270951,key-3,216
1775447270951,key-25,1646
1775447270951,key-26,438
1775447270952,key-24,1339
1775447270957,key-13,11
1775447270963,key-27,85
1775447270963,key-27,85
1775447270964,key-41,423
1775447270964,key-13,18
1775447270967,key-25,1662
1775447270974,key-46,1442
1775447270976,key-30,37
1775447270976,key-41,435
1775447270979,key-30,40
1775447270980,key-39,1258
1775447270980,key-30,41
1775447270981,key-25,1676
1775447270983,key-41,442
1775447270985,key-26,472
1775447270985,key-39,1263
1775447270986,key-41,3
1775447270989,key-36,22
1775447270991,key-5,261
1775447270992,key-41,9
1775447270993,key-30,54
1775447270998,key-13,52
1775447270998,key-36,31
1775447271003,key-6,2296
1775447271008,key-30,69
1775447271009,key-30,70
1775447271010,key-45,1071
1775447271011,key-7,2563
1775447271011,key-6,2304
1775447271014,key-39,1292
1775447271016,key-6,2309
1775447271017,key-30,78
1775447271018,key-12,111
1775447271022,key-36,55
1775447271023,key-21,85
1775447271024,key-48,2
1775447271027,key-39,1305
1775447271029,key-13,22
1775447271030,key-20,372
1775447271030,key-2,384
1775447271037,key-39,1315
1775447271037,key-28,474
1775447271039,key-28,476
1775447271040,key-30,101
1775447271043,key-10,2666
1775447271045,key-7,2597
1775447271048,key-3,313
1775447271049,key-20,391
1775447271049,key-6,2342
1775447271052,key-13,45
1775447271053,key-20,395
1775447271060,key-21,122
1775447271061,key-16,1454
1775447271063,key-21,125
1775447271068,key-6,2361
1775447271069,key-17,534
1775447271070,key-30,131
1775447271071,key-30,132
1775447271078,key-6,2371
1775447271080,key-30,141
1775447271080,key-35,32
1775447271080,key-30,141
1775447271084,key-13,77
1775447271085,key-30,146
1775447271085,key-37,20
1775447271085,key-30,146
1775447271085,key-30,146
1775447271089,key-30,150
1775447271089,key-16,1482
1775447271092,key-30,153
1775447271092,key-13,85
1775447271093,key-9,244
1775447271099,key-25,1794
1775447271105,key-30,166
1775447271105,key-16,1498
1775447271105,key-12,198
1775447271105,key-37,40
1775447271106,key-30,167
1775447271106,key-6,2399
1775447271106,key-9,14
1775447271109,key-7,2661
1775447271110,key-30,171
1775447271110,key-48,88
1775447271110,key-22,1101
1775447271112,key-12,205
1775447271112,key-30,173
1775447271113,key-5,22
1775447271117,key-9,25
1775447271123,key-5,32
1775447271137,key-14,2380
1775447271143,key-9,51
1775447271144,key-9,52
1775447271144,key-12,237
1775447271144,key-30,205
1775447271149,key-14,2392
1775447271150,key-48,128
1775447271150,key-9,58
1775447271150,key-13,143
1775447271151,key-37,29
1775447271155,key-22,1146
1775447271155,key-14,2398
1775447271155,key-48,133
1775447271156,key-9,64
1775447271159,key-28,596
1775447271165,key-9,73
1775447271166,key-28,603
1775447271169,key-34,684
1775447271170,key-43,26
1775447271172,key-9,80
1775447271174,key-22,1165
1775447271178,key-30,239
1775447271178,key-9,86
1775447271178,key-48,156
1775447271187,key-37,65
1775447271188,key-48,166
1775447271188,key-30,249
1775447271189,key-22,1180
1775447271192,key-28,629
1775447271194,key-22,1185
1775447271194,key-23,116
1775447271195,key-13,188
1775447271195,key-50,1642
1775447271200,key-44,767
1775447271200,key-28,637
1775447271207,key-50,1654
1775447271208,key-22,1199
1775447271208,key-16,17
1775447271213,key-22,1204
1775447271216,key-13,209
1775447271218,key-38,148
1775447271218,key-19,2
1775447271219,key-22,1210
1775447271219,key-22,1210
1775447271221,key-19,5
1775447271223,key-50,1670
1775447271227,key-22,1217
1775447271228,key-23,150
1775447271234,key-23,156
1775447271234,key-13,227
1775447271235,key-24,1622
1775447271238,key-50,1685
1775447271240,key-23,162
1775447271244,key-16,53
1775447271244,key-13,237
1775447271246,key-39,1524
1775447271248,key-50,1695
1775447271250,key-22,1241
1775447271253,key-50,1700
1775447271254,key-23,176
1775447271255,key-23,177
1775447271266,key-23,188
1775447271266,key-13,259
1775447271266,key-50,1713
1775447271266,key-39,1544
1775447271267,key-33,26
1775447271267,key-19,51
1775447271276,key-24,1663
1775447271278,key-33,37
1775447271280,key-23,202
1775447271281,key-22,1272
1775447271282,key-43,138
1775447271284,key-39,1562
1775447271284,key-17,749
1775447271285,key-23,207
1775447271287,key-22,1278
1775447271289,key-19,73
1775447271298,key-3,24
1775447271298,key-39,1576
1775447271299,key-23,221
1775447271299,key-24,1686
1775447271300,key-43,156
1775447271301,key-33,60
1775447271301,key-5,210
1775447271305,key-28,742
1775447271306,key-41,148
1775447271308,key-50,1755
1775447271312,key-28,749
1775447271313,key-9,221
1775447271320,key-6,2613
1775447271320,key-19,22
1775447271322,key-28,759
1775447271327,key-6,2620
1775447271327,key-3,53
1775447271332,key-6,2625
1775447271333,key-28,770
1775447271333,key-19,35
1775447271333,key-43,189
1775447271333,key-41,175
1775447271344,key-43,200
1775447271345,key-19,47
1775447271345,key-31,10
1775447271345,key-6,2638
1775447271345,key-19,47
1775447271346,key-41,188
1775447271346,key-48,119
1775447271346,key-28,783
1775447271347,key-6,2640
1775447271356,key-19,58
1775447271358,key-19,60
1775447271360,key-28,797
1775447271360,key-5,269
1775447271368,key-36,401
1775447271368,key-28,805
1775447271373,key-28,810
1775447271374,key-6,2667
1775447271375,key-6,2668
1775447271377,key-41,219
1775447271377,key-19,79
1775447271378,key-6,2671
1775447271379,key-5,288
1775447271380,key-31,45
1775447271381,key-31,46
1775447271383,key-31,48
1775447271385,key-41,227
1775447271386,key-19,88
1775447271387,key-5,296
1775447271387,key-36,420
1775447271390,key-5,299
1775447271395,key-23,317
1775447271396,key-28,833
1775447271397,key-2,751
1775447271397,key-31,62
1775447271405,key-19,107
1775447271405,key-6,2698
1775447271408,key-19,110
1775447271409,key-6,2702
1775447271416,key-41,258
1775447271417,key-50,1864
1775447271417,key-11,771
1775447271420,key-19,122
1775447271423,key-19,125
1775447271423,key-19,125
1775447271426,key-6,2719
1775447271427,key-23,349
1775447271427,key-31,92
1775447271429,key-19,131
1775447271432,key-19,134
1775447271434,key-6,2727
1775447271435,key-50,1882
1775447271440,key-23,362
1775447271441,key-44,1008
1775447271441,key-23,363
1775447271448,key-50,1895
1775447271449,key-11,803
1775447271450,key-39,15
1775447271455,key-50,1902
1775447271455,key-11,809
1775447271459,key-19,161
1775447271461,key-50,1908
1775447271462,key-50,1909
1775447271467,key-19,169
1775447271468,key-18,11
1775447271469,key-19,171
1775447271471,key-19,173
1775447271474,key-11,828
1775447271477,key-44,1044
1775447271485,key-5,91
1775447271486,key-19,188
1775447271487,key-39,52
1775447271488,key-19,190
1775447271490,key-18,33
1775447271492,key-11,16
1775447271493,key-50,1940
1775447271494,key-22,1485
1775447271497,key-34,10
1775447271499,key-50,1946
1775447271499,key-50,1946
1775447271501,key-18,44
1775447271504,key-50,1951
1775447271505,key-6,2798
1775447271506,key-11,30
1775447271506,key-50,1953
1775447271510,key-11,34
1775447271513,key-11,37
1775447271517,key-11,41
1775447271517,key-34,30
1775447271522,key-39,87
1775447271525,key-50,14
1775447271526,key-18,69
1775447271526,key-50,15
1775447271527,key-34,40
1775447271528,key-41,370
1775447271531,key-44,1098
1775447271532,key-18,75
1775447271532,key-50,21
1775447271533,key-1,803
1775447271537,key-34,50
1775447271542,key-31,207
1775447271542,key-26,1029
1775447271548,key-50,37
1775447271548,key-50,37
1775447271550,key-18,93
1775447271550,key-44,1117
1775447271553,key-50,42
1775447271554,key-50,43
1775447271554,key-50,43
1775447271555,key-23,477
1775447271557,key-50,46
1775447271560,key-7,3
1775447271561,key-31,226
1775447271563,key-50,52
1775447271563,key-18,106
1775447271565,key-18,108
1775447271566,key-34,79
1775447271566,key-50,55
1775447271566,key-50,55
1775447271568,key-24,1955
1775447271570,key-50,59
1775447271584,key-18,127
1775447271584,key-16,73
1775447271584,key-15,1854
1775447271585,key-29,3
1775447271585,key-50,74
1775447271588,key-20,930
1775447271589,key-50,78
1775447271604,key-50,93
1775447271604,key-35,35
1775447271604,key-18,147
1775447271605,key-13,598
1775447271605,key-32,552
1775447271605,key-29,23
1775447271605,key-18,148
1775447271605,key-19,307
1775447271607,key-37,485
1775447271607,key-20,949
1775447271607,key-27,729
1775447271609,key-15,1879
1775447271612,key-27,734
1775447271615,key-10,3238
1775447271618,key-30,679
1775447271623,key-27,745
1775447271624,key-26,1111
1775447271627,key-32,574
1775447271628,key-37,506
1775447271629,key-45,315
1775447271629,key-18,172
1775447271634,key-45,320
1775447271635,key-15,1905
1775447271638,key-31,303
1775447271641,key-32,588
1775447271643,key-30,704
1775447271644,key-5,250
1775447271645,key-43,21
1775447271646,key-8,4
1775447271652,key-27,774
1775447271654,key-32,601
1775447271654,key-30,715
1775447271654,key-15,1924
1775447271656,key-8,14
1775447271656,key-45,342
1775447271665,key-43,41
1775447271666,key-32,613
1775447271666,key-45,352
1775447271666,key-37,544
1775447271666,key-8,24
1775447271668,key-18,211
1775447271669,key-12,762
1775447271669,key-37,547
1775447271670,key-8,28
1775447271674,key-27,796
1775447271678,key-46,2146
1775447271679,key-8,37
1775447271684,key-8,42
1775447271686,key-31,351
1775447271686,key-22,16
1775447271686,key-8,44
1775447271689,key-43,65
1775447271694,key-8,52
1775447271696,key-41,538
1775447271696,key-11,220
1775447271700,key-5,306
1775447271702,key-8,60
1775447271702,key-19,404
1775447271704,key-43,80
1775447271704,key-37,582
1775447271704,key-28,1141
1775447271707,key-37,585
1775447271718,key-3,36
1775447271720,key-31,9
1775447271722,key-31,11
1775447271723,key-31,12
1775447271724,key-43,100
1775447271725,key-43,101
1775447271726,key-39,291
1775447271730,key-8,88
1775447271730,key-37,608
1775447271732,key-39,297
1775447271734,key-16,223
1775447271736,key-37,614
1775447271738,key-16,5
1775447271740,key-31,29
1775447271743,key-36,122
1775447271744,key-45,430
1775447271744,key-43,120
1775447271746,key-45,432
1775447271747,key-36,126
1775447271747,key-48,73
1775447271751,key-37,629
1775447271752,key-42,12
1775447271755,key-16,22
1775447271757,key-29,175
1775447271764,key-30,5
1775447271765,key-31,54
1775447271766,key-25,359
1775447271767,key-37,645
1775447271768,key-42,28
1775447271768,key-43,144
1775447271775,key-41,10
1775447271775,key-43,151
1775447271775,key-34,288
1775447271776,key-32,723
1775447271782,key-31,71
1775447271782,key-42,42
1775447271783,key-37,661
1775447271783,key-25,376
1775447271784,key-25,377
1775447271784,key-16,51
1775447271786,key-35,217
1775447271786,key-26,1273
1775447271789,key-41,24
1775447271790,key-34,303
1775447271797,key-44,1364
1775447271799,key-46,2267
1775447271800,key-34,313
1775447271804,key-9,6
1775447271805,key-11,329
1775447271805,key-19,507
1775447271805,key-43,181
1775447271805,key-15,20
1775447271805,key-37,683
1775447271806,key-34,319
1775447271807,key-34,320
1775447271820,key-9,22
1775447271820,key-37,698
1775447271820,key-34,333
1775447271821,key-46,2289
1775447271821,key-44,1388
1775447271821,key-44,1388
1775447271821,key-43,197
1775447271822,key-44,1389
1775447271822,key-46,2290
1775447271831,key-20,1173
1775447271832,key-19,534
1775447271832,key-44,1399
1775447271832,key-34,345
1775447271832,key-44,1399
1775447271835,key-6,28
1775447271840,key-11,364
1775447271845,key-34,358
1775447271846,key-9,48
1775447271846,key-6,39
1775447271847,key-44,1414
1775447271847,key-34,360
1775447271854,key-44,1421
1775447271854,key-11,378
1775447271854,key-34,367
1775447271855,key-1,1125
1775447271856,key-15,3
1775447271857,key-20,1199
1775447271857,key-9,59
1775447271857,key-43,233
1775447271860,key-15,7
1775447271862,key-44,1429
1775447271869,key-44,1436
1775447271869,key-9,71
1775447271869,key-15,16
1775447271870,key-44,1437
1775447271870,key-34,383
1775447271871,key-15,18
1775447271872,key-20,1214
1775447271873,key-1,1143
1775447271875,key-1,1145
1775447271875,key-1,1145
1775447271879,key-44,1446
1775447271880,key-5,486
1775447271881,key-34,394
1775447271881,key-29,299
1775447271883,key-25,476
1775447271883,key-15,30
1775447271887,key-15,34
1775447271888,key-15,35
1775447271891,key-15,38
1775447271892,key-1,1162
1775447271893,key-1,1163
1775447271893,key-4,1921
1775447271897,key-29,315
1775447271899,key-40,1194
1775447271902,key-46,4
1775447271903,key-29,321
1775447271903,key-4,1931
1775447271903,key-48,229
1775447271903,key-15,50
1775447271904,key-38,834
1775447271904,key-46,6
1775447271905,key-29,323
1775447271907,key-33,666
1775447271908,key-15,55
1775447271910,key-28,1347
1775447271910,key-46,12
1775447271914,key-29,332
1775447271918,key-46,20
1775447271918,key-4,1946
1775447271920,key-4,1948
1775447271922,key-45,1
1775447271923,key-46,25
1775447271932,key-46,34
1775447271932,key-29,350
1775447271933,key-34,446
1775447271933,key-48,259
1775447271933,key-46,35
1775447271934,key-45,13
1775447271936,key-29,354
1775447271937,key-43,313
1775447271937,key-46,39
1775447271937,key-5,543
1775447271938,key-48,264
1775447271943,key-22,273
1775447271945,key-27,1067
1775447271947,key-22,277
1775447271953,key-4,1981
1775447271954,key-24,2341
1775447271954,key-45,33
1775447271955,key-5,561
1775447271955,key-4,1983
1775447271955,key-46,57
1775447271960,key-48,286
1775447271961,key-34,474
1775447271965,key-4,1993
1775447271966,key-13,959
1775447271967,key-5,573
1775447271969,key-5,575
1775447271971,key-4,9
1775447271973,key-4,11
1775447271974,key-21,16
1775447271974,key-4,12
1775447271975,key-21,17
1775447271976,key-50,17
1775447271978,key-36,357
1775447271982,key-5,588
1775447271988,key-48,314
1775447271988,key-22,318
1775447271988,key-36,367
1775447271989,key-21,31
1775447271990,key-34,503
1775447271990,key-40,1285
1775447271991,key-40,1286
1775447271992,key-14,3235
1775447271993,key-40,1288
1775447271999,key-15,146
1775447272000,key-36,379
1775447272003,key-15,3
1775447272003,key-50,44
1775447272008,key-45,87
1775447272008,key-14,3251
1775447272016,key-9,23
1775447272019,key-14,3262
1775447272019,key-21,61
1775447272019,key-50,60
1775447272021,key-4,59
1775447272024,key-34,537
1775447272024,key-25,134
1775447272025,key-21,67
1775447272027,key-14,3270
1775447272027,key-15,27
1775447272037,key-36,416
1775447272039,key-14,3282
1775447272040,key-34,553
1775447272041,key-12,161
1775447272043,key-25,153
1775447272044,key-14,3287
1775447272044,key-12,164
1775447272045,key-14,3288
1775447272047,key-14,3290
1775447272048,key-14,3291
1775447272048,key-2,353
1775447272050,key-22,380
1775447272051,key-21,93
1775447272054,key-34,567
1775447272060,key-34,573
1775447272060,key-34,573
1775447272061,key-10,3684
1775447272062,key-5,23
1775447272067,key-34,580
1775447272068,key-14,3311
1775447272069,key-14,3312
1775447272070,key-14,3313
1775447272071,key-48,397
1775447272071,key-8,29
1775447272072,key-14,3315
1775447272073,key-14,3316
1775447272074,key-14,3317
1775447272077,key-27,1199
1775447272084,key-35,47
1775447272084,key-27,1206
1775447272085,key-34,598
1775447272085,key-14,3328
1775447272085,key-5,46
1775447272086,key-34,599
1775447272092,key-14,3335
1775447272092,key-35,55
1775447272094,key-8,52
1775447272094,key-14,3337
1775447272095,key-41,57
1775447272098,key-39,28
1775447272098,key-14,3341
1775447272104,key-27,1226
1775447272108,key-1,1378
1775447272109,key-8,67
1775447272110,key-39,40
1775447272110,key-14,3353
1775447272110,key-35,73
1775447272111,key-8,69
1775447272111,key-5,72
1775447272112,key-8,70
1775447272112,key-14,3355
1775447272113,key-14,3356
1775447272114,key-34,627
1775447272116,key-39,46
1775447272118,key-14,3361
1775447272121,key-8,79
1775447272129,key-34,642
1775447272131,key-34,644
1775447272131,key-34,644
1775447272133,key-34,646
1775447272134,key-35,97
1775447272135,key-34,648
1775447272136,key-44,1703
1775447272137,key-39,67
1775447272139,key-45,218
1775447272145,key-39,75
1775447272146,key-41,108
1775447272146,key-44,1713
1775447272150,key-14,3393
1775447272152,key-14,3395
1775447272156,key-35,119
1775447272157,key-34,670
1775447272162,key-33,921
1775447272163,key-14,3406
1775447272163,key-35,126
1775447272166,key-39,96
1775447272168,key-45,247
1775447272168,key-48,36
1775447272171,key-34,684
1775447272171,key-4,209
1775447272175,key-20,1517
1775447272180,key-39,110
1775447272180,key-39,110
1775447272180,key-49,1331
1775447272182,key-37,291
1775447272182,key-34,695
1775447272190,key-34,703
1775447272194,key-36,90
1775447272194,key-45,273
1775447272204,key-34,717
1775447272205,key-37,314
1775447272205,key-14,3448
1775447272205,key-45,284
1775447272206,key-6,399
1775447272208,key-49,1359
1775447272208,key-34,721
1775447272210,key-34,723
1775447272210,key-37,319
1775447272218,key-45,297
1775447272219,key-37,328
1775447272219,key-26,435
1775447272220,key-6,413
1775447272221,key-37,330
1775447272225,key-14,3468
1775447272226,key-34,739
1775447272228,key-14,3471
1775447272232,key-6,425
1775447272233,key-36,129
1775447272238,key-37,347
1775447272242,key-6,435
1775447272254,key-14,3497
1775447272254,key-36,150
1775447272255,key-36,151
1775447272255,key-6,448
1775447272256,key-12,376
1775447272256,key-4,17
1775447272258,key-28,1695
1775447272266,key-34,779
1775447272268,key-34,781
1775447272269,key-28,1706
1775447272271,key-4,32
1775447272271,key-2,576
1775447272271,key-47,1285
1775447272274,key-12,394
1775447272275,key-4,36
1775447272282,key-6,475
1775447272284,key-6,477
1775447272286,key-14,3529
1775447272286,key-6,479
1775447272287,key-25,397
1775447272288,key-34,801
1775447272290,key-12,410
1775447272293,key-9,300
1775447272301,key-31,590
1775447272301,key-3,12
1775447272302,key-17,1767
1775447272305,key-12,425
1775447272305,key-12,425
1775447272306,key-2,611
1775447272309,key-14,3552
1775447272311,key-12,431
1775447272313,key-17,1778
1775447272316,key-6,509
1775447272319,key-9,326
1775447272326,key-2,631
1775447272327,key-31,616
1775447272327,key-12,447
1775447272328,key-12,448
1775447272332,key-9,13
1775447272332,key-21,374
1775447272334,key-29,752
1775447272334,key-33,23
1775447272335,key-14,3578
1775447272337,key-20,1679
1775447272346,key-21,388
1775447272346,key-9,27
1775447272349,key-14,3592
1775447272349,key-33,38
1775447272349,key-14,3592
1775447272350,key-6,543
1775447272350,key-1,1620
1775447272350,key-44,8
1775447272357,key-9,38
1775447272358,key-23,332
1775447272359,key-49,41
1775447272361,key-6,554
1775447272362,key-9,43
1775447272362,key-38,1292
1775447272362,key-15,308
1775447272363,key-44,21
1775447272366,key-9,47
1775447272370,key-46,154
1775447272378,key-6,571
1775447272379,key-9,60
1775447272379,key-44,37
1775447272382,key-9,63
1775447272382,key-46,166
1775447272382,key-6,575
1775447272382,key-14,3625
1775447272383,key-9,64
1775447272383,key-15,329
1775447272384,key-9,65
1775447272386,key-23,360
1775447272388,key-44,46
1775447272389,key-44,47
1775447272394,key-9,75
1775447272395,key-18,938
1775447272395,key-6,588
1775447272395,key-4,39
1775447272397,key-6,590
1775447272398,key-46,182
1775447272399,key-9,80
1775447272400,key-3,83
1775447272400,key-44,58
1775447272401,key-6,594
1775447272402,key-15,348
1775447272403,key-9,84
1775447272406,key-9,87
1775447272407,key-48,275
1775447272408,key-6,601
1775447272415,key-9,96
1775447272418,key-9,99
1775447272418,key-15,364
1775447272419,key-44,77
1775447272420,key-18,963
1775447272420,key-12,540
1775447272421,key-24,2808
1775447272424,key-42,232
1775447272427,key-9,108
1775447272428,key-9,109
1775447272428,key-44,86
1775447272429,key-9,110
1775447272430,key-15,376
1775447272431,key-42,239
1775447272431,key-3,114
1775447272432,key-48,300
1775447272436,key-44,94
1775447272437,key-35,400
1775447272439,key-9,120
1775447272440,key-18,983
1775447272440,key-11,964
1775447272440,key-9,121
1775447272442,key-43,43
1775447272443,key-42,251
1775447272443,key-9,124
1775447272443,key-20,1785
1775447272447,key-43,48
1775447272447,key-1,1717
1775447272449,key-9,130
1775447272451,key-44,109
1775447272453,key-9,134
1775447272457,key-20,1799
1775447272463,key-48,331
1775447272463,key-21,505
1775447272463,key-38,1393
1775447272463,key-17,1928
1775447272464,key-20,1806
1775447272464,key-44,11
1775447272464,key-9,145
1775447272464,key-20,1806
1775447272465,key-21,507
1775447272469,key-44,16
1775447272471,key-28,1908
1775447272472,key-20,1814
1775447272474,key-34,987
1775447272476,key-20,1818
1775447272476,key-20,1818
1775447272476,key-20,1818
1775447272476,key-9,157
1775447272482,key-42,290
1775447272483,key-21,525
1775447272484,key-20,1826
1775447272487,key-20,1829
1775447272488,key-21,530
1775447272488,key-20,1830
1775447272488,key-28,1925
1775447272493,key-27,1615
1775447272493,key-43,94
1775447272495,key-20,1837
1775447272496,key-42,304
1775447272496,key-9,177
1775447272497,key-28,1934
1775447272498,key-21,540
1775447272505,key-21,547
1775447272505,key-28,1942
1775447272507,key-21,549
1775447272509,key-21,551
1775447272509,key-27,1631
1775447272510,key-21,552
1775447272513,key-7,378
1775447272514,key-24,19
1775447272515,key-9,196
1775447272515,key-43,116
1775447272517,key-37,626
1775447272517,key-28,1954
1775447272518,key-28,1955
1775447272522,key-27,1644
1775447272525,key-20,1867
1775447272527,key-20,1869
1775447272528,key-21,570
1775447272529,key-10,4152
1775447272530,key-13,367
1775447272530,key-21,572
1775447272531,key-10,4154
1775447272533,key-41,495
1775447272538,key-43,139
1775447272539,key-21,581
1775447272539,key-20,1881
1775447272539,key-20,1881
1775447272541,key-28,1978
1775447272544,key-28,1981
1775447272545,key-43,146
1775447272549,key-49,231
1775447272552,key-21,594
1775447272554,key-32,65
1775447272555,key-27,1677
1775447272555,key-20,1897
1775447272556,key-20,1898
1775447272557,key-21,599
1775447272558,key-32,69
1775447272559,key-20,1901
1775447272560,key-28,1997
1775447272562,key-42,16
1775447272563,key-28,2000
1775447272565,key-30,112
1775447272568,key-28,2005
1775447272569,key-2,173
1775447272570,key-40,1865
1775447272570,key-39,304
1775447272571,key-28,2008
1775447272573,key-27,1695
1775447272576,key-32,87
1775447272576,key-27,1698
1775447272577,key-30,124
1775447272578,key-32,89
1775447272583,key-20,1925
1775447272583,key-20,1925
1775447272583,key-28,2020
1775447272586,key-28,2023
1775447272586,key-40,1881
1775447272586,key-38,1516
1775447272586,key-29,1004
1775447272590,key-20,1932
1775447272594,key-27,1716
1775447272594,key-27,1716
1775447272596,key-40,1891
1775447272597,key-27,1719
1775447272609,key-27,1731
1775447272610,key-29,1028
1775447272610,key-32,121
1775447272611,key-7,476
1775447272611,key-20,1953
1775447272613,key-27,1735
1775447272613,key-27,1735
1775447272613,key-49,295
1775447272615,key-37,724
1775447272616,key-20,1958
1775447272618,key-20,1960
1775447272620,key-40,1915
1775447272621,key-20,1963
1775447272624,key-20,1966
1775447272630,key-4,45
1775447272630,key-20,1972
1775447272634,key-29,1052
1775447272636,key-20,1978
1775447272637,key-32,148
1775447272640,key-23,614
1775447272643,key-29,1061
1775447272643,key-20,1985
1775447272645,key-29,1063
1775447272647,key-38,1577
1775447272648,key-40,1943
1775447272649,key-29,1067
1775447272650,key-26,866
1775447272650,key-29,1068
1775447272650,key-20,6
1775447272651,key-39,22
1775447272652,key-38,1582
1775447272656,key-3,195
1775447272657,key-49,339
1775447272658,key-20,14
1775447272661,key-20,17
1775447272663,key-20,19
1775447272663,key-13,500
1775447272664,key-36,308
1775447272665,key-28,2102
1775447272667,key-29,1085
1775447272670,key-29,1088
1775447272673,key-45,118
1775447272673,key-29,1091
1775447272676,key-18,1219
1775447272676,key-49,358
1775447272686,key-18,1229
1775447272686,key-13,523
1775447272689,key-45,134
1775447272690,key-32,201
1775447272691,key-12,22
1775447272693,key-43,294
1775447272694,key-20,50
1775447272698,key-18,1241
1775447272699,key-32,210
1775447272700,key-29,1118
1775447272701,key-32,212
1775447272701,key-13,538
1775447272704,key-31,5
1775447272704,key-21,746
1775447272707,key-29,1125
1775447272713,key-21,755
1775447272713,key-17,39
1775447272714,key-35,677
1775447272715,key-21,757
1775447272716,key-17,42
1775447272717,key-14,3960
1775447272718,key-32,229
1775447272722,key-32,233
1775447272724,key-29,1142
1775447272728,key-21,770
1775447272728,key-28,2165
1775447272728,key-31,29
1775447272730,key-32,241
1775447272733,key-14,3976
1775447272734,key-12,65
1775447272735,key-44,282
1775447272735,key-17,14
1775447272737,key-1,2007
1775447272739,key-14,3982
1775447272739,key-17,18
1775447272740,key-44,287
1775447272743,key-38,1673
1775447272752,key-32,263
1775447272753,key-14,3996
1775447272753,key-35,716
1775447272753,key-1,2023
1775447272753,key-14,3996
1775447272754,key-47,398
1775447272754,key-46,538
1775447272755,key-12,86
1775447272756,key-14,3999
1775447272758,key-16,1025
1775447272761,key-44,308
1775447272763,key-44,3
1775447272765,key-14,4008
1775447272765,key-31,66
1775447272769,key-44,9
1775447272772,key-47,416
1775447272773,key-5,22
1775447272774,key-44,14
1775447272777,key-44,17
1775447272779,key-47,423
1775447272782,key-14,4025
1775447272782,key-45,227
1775447272784,key-12,115
1775447272785,key-14,4028
1775447272787,key-44,27
1775447272787,key-12,118
1775447272788,key-6,981
1775447272788,key-29,1206
1775447272790,key-44,30
1775447272791,key-44,31
1775447272792,key-29,1210
1775447272792,key-14,4035
1775447272795,key-47,439
1775447272796,key-47,440
1775447272796,key-29,1214
1775447272798,key-44,38
1775447272798,key-29,1216
1775447272799,key-44,39
1775447272801,key-12,3
1775447272803,key-29,1221
1775447272804,key-45,249
1775447272804,key-44,44
1775447272805,key-12,7
1775447272807,key-14,4050
1775447272808,key-44,48
1775447272811,key-12,13
1775447272812,key-47,456
1775447272813,key-12,15
1775447272814,key-47,458
1775447272816,key-45,261
1775447272817,key-47,461
1775447272820,key-30,367
1775447272821,key-12,23
1775447272822,key-44,62
1775447272826,key-44,66
1775447272826,key-44,66
1775447272835,key-44,75
1775447272836,key-44,76
1775447272836,key-11,1360
1775447272837,key-10,65
1775447272858,key-1,2128
1775447272861,key-12,63
1775447272862,key-12,64
1775447272862,key-44,102
1775447272862,key-3,25
1775447272863,key-47,39
1775447272863,key-12,65
1775447272863,key-20,219
1775447272863,key-2,467
1775447272864,key-47,40
1775447272864,key-44,104
1775447272864,key-12,66
1775447272864,key-9,545
1775447272864,key-8,822
1775447272864,key-1,2134
1775447272864,key-44,104
1775447272865,key-19,1567
1775447272865,key-47,41
1775447272866,key-44,106
1775447272866,key-13,703
1775447272867,key-28,2304
1775447272868,key-12,70
1775447272874,key-47,50
1775447272875,key-47,51
1775447272877,key-13,12
1775447272878,key-9,559
1775447272878,key-8,836
1775447272880,key-47,56
1775447272880,key-44,120
1775447272881,key-9,562
1775447272881,key-9,562
1775447272889,key-33,578
1775447272891,key-9,572
1775447272892,key-13,27
1775447272894,key-9,575
1775447272897,key-12,99
1775447272901,key-47,77
1775447272901,key-9,582
1775447272902,key-9,583
1775447272904,key-36,9
1775447272906,key-9,587
1775447272907,key-33,596
1775447272911,key-46,16
1775447272912,key-36,17
1775447272912,key-9,593
1775447272916,key-9,597
1775447272916,key-9,597
1775447272916,key-32,427
1775447272917,key-12,119
1775447272917,key-46,22
1775447272917,key-49,16
1775447272917,key-4,22
1775447272918,key-30,465
1775447272918,key-9,599
1775447272918,key-47,94
1775447272919,key-9,600
1775447272920,key-9,601
1775447272920,key-9,601
1775447272922,key-36,27
1775447272922,key-45,367
1775447272923,key-9,604
1775447272924,key-9,605
1775447272924,key-32,435
1775447272925,key-46,30
1775447272926,key-9,607
1775447272928,key-9,609
1775447272929,key-47,105
1775447272932,key-20,288
1775447272933,key-41,29
1775447272936,key-4,41
1775447272943,key-32,454
1775447272943,key-9,624
1775447272944,key-9,625
1775447272944,key-48,812
1775447272944,key-49,43
1775447272944,key-47,120
1775447272945,key-30,492
1775447272946,key-32,457
1775447272946,key-46,51
1775447272947,key-7,812
1775447272949,key-25,1059
1775447272949,key-4,54
1775447272950,key-7,815
1775447272953,key-9,634
1775447272954,key-4,59
1775447272954,key-9,635
1775447272955,key-9,636
1775447272955,key-47,131
1775447272959,key-47,135
1775447272959,key-7,824
1775447272961,key-33,650
1775447272962,key-25,1072
1775447272962,key-7,827
1775447272965,key-32,476
1775447272966,key-47,142
1775447272966,key-45,13
1775447272967,key-45,14
1775447272968,key-7,833
1775447272972,key-47,148
1775447272972,key-9,653
1775447272973,key-24,478
1775447272975,key-4,80
1775447272977,key-32,488
1775447272978,key-37,1087
1775447272978,key-45,25
1775447272979,key-47,155
1775447272982,key-42,40
1775447272984,key-45,31
1775447272985,key-45,32
1775447272986,key-45,33
1775447272990,key-9,671
1775447272990,key-42,48
1775447272991,key-32,502
1775447272994,key-9,675
1775447272995,key-47,171
1775447272995,key-34,1508
1775447273000,key-47,176
1775447273001,key-45,48
1775447273003,key-45,50
1775447273005,key-47,181
1775447273005,key-45,52
1775447273006,key-24,511
1775447273007,key-45,54
1775447273008,key-47,184
1775447273008,key-41,26
1775447273013,key-39,384
1775447273021,key-47,197
1775447273022,key-46,127
1775447273022,key-47,198
1775447273022,key-45,69
1775447273022,key-47,198
1775447273024,key-41,42
1775447273028,key-39,399
1775447273029,key-45,76
1775447273029,key-40,2324
1775447273032,key-45,79
1775447273036,key-38,1966
1775447273037,key-47,213
1775447273040,key-45,87
1775447273044,key-46,149
1775447273044,key-19,28
1775447273044,key-10,32
1775447273044,key-22,1374
1775447273053,key-40,2348
1775447273053,key-40,2348
1775447273054,key-22,1384
1775447273054,key-47,230
1775447273054,key-17,333
1775447273054,key-29,1472
1775447273061,key-11,1584
1775447273061,key-46,166
1775447273061,key-22,1391
1775447273067,key-29,1485
1775447273071,key-29,1489
1775447273078,key-39,449
1775447273078,key-40,2373
1775447273078,key-18,366
1775447273081,key-39,452
1775447273084,key-40,2379
1775447273085,key-46,190
1775447273086,key-1,2356
1775447273086,key-45,133
1775447273086,key-39,457
1775447273089,key-29,3
1775447273091,key-39,462
1775447273091,key-45,138
1775447273093,key-18,381
1775447273093,key-39,464
1775447273096,key-18,384
1775447273097,key-1,2367
1775447273097,key-46,202
1775447273098,key-39,469
1775447273106,key-39,477
1775447273108,key-45,155
1775447273116,key-5,238
1775447273118,key-46,223
1775447273119,key-31,420
1775447273119,key-50,18
1775447273123,key-1,2393
1775447273124,key-37,1233
1775447273124,key-41,1
1775447273125,key-29,27
1775447273125,key-48,993
1775447273126,key-46,231
1775447273126,key-4,231
1775447273131,key-4,236
1775447273131,key-37,1240
1775447273133,key-46,238
1775447273134,key-50,33
1775447273135,key-37,1244
1775447273137,key-5,259
1775447273141,key-20,497
1775447273142,key-40,2437
1775447273142,key-37,1251
1775447273144,key-45,191
1775447273148,key-23,1122
1775447273148,key-46,253
1775447273153,key-46,258
1775447273160,key-27,2282
1775447273160,key-46,265
1775447273162,key-50,61
1775447273165,key-46,270
1775447273165,key-23,1139
1775447273166,key-46,271
1775447273167,key-14,23
1775447273169,key-46,274
1775447273173,key-46,278
1775447273173,key-46,278
1775447273181,key-18,8
1775447273181,key-27,2303
1775447273181,key-46,286
1775447273181,key-46,286
1775447273181,key-45,228
1775447273182,key-32,693
1775447273182,key-46,287
1775447273182,key-22,1512
1775447273186,key-43,326
1775447273193,key-10,181
1775447273193,key-15,1139
1775447273195,key-43,335
1775447273200,key-46,305
1775447273201,key-8,1159
1775447273201,key-36,306
1775447273202,key-48,1070
1775447273203,key-8,1161
1775447273205,key-46,310
1775447273206,key-27,2328
1775447273206,key-43,346
1775447273207,key-43,347
1775447273208,key-10,196
1775447273209,key-43,349
1775447273210,key-42,20
1775447273212,key-27,2334
1775447273214,key-46,319
1775447273217,key-10,205
1775447273224,key-43,364
1775447273224,key-46,329
1775447273225,key-13,360
1775447273226,key-10,214
1775447273226,key-43,366
1775447273226,key-1,2496
1775447273229,key-43,369
1775447273229,key-46,334
1775447273237,key-43,377
1775447273238,key-43,378
1775447273238,key-42,48
1775447273238,key-46,343
1775447273238,key-19,222
1775447273243,key-42,53
1775447273244,key-32,755
1775447273247,key-42,57
1775447273248,key-42,58
1775447273250,key-46,355
1775447273250,key-43,390
1775447273252,key-43,392
1775447273254,key-46,359
1775447273255,key-27,2377
1775447273256,key-17,535
1775447273256,key-38,2186
1775447273257,key-43,397
1775447273258,key-46,4
1775447273259,key-15,1205
1775447273259,key-42,69
1775447273265,key-19,249
1775447273273,key-19,257
1775447273273,key-32,19
1775447273273,key-32,19
1775447273274,key-42,84
1775447273274,key-15,1220
1775447273274,key-46,20
1775447273276,key-42,86
1775447273276,key-32,22
1775447273277,key-29,179
1775447273278,key-38,2208
1775447273280,key-50,118
1775447273281,key-38,2211
1775447273283,key-18,23
1775447273284,key-17,563
1775447273284,key-42,94
1775447273289,key-26,1505
1775447273290,key-30,837
1775447273290,key-42,100
1775447273298,key-15,1244
1775447273300,key-15,1246
1775447273301,key-32,47
1775447273302,key-38,2232
1775447273304,key-38,2234
1775447273304,key-38,2234
1775447273304,key-17,583
1775447273305,key-14,161
1775447273318,key-38,2248
1775447273319,key-15,1265
1775447273320,key-32,66
1775447273323,key-15,1269
1775447273326,key-8,7
1775447273327,key-34,320
1775447273329,key-30,876
1775447273332,key-14,188
1775447273333,key-30,880
1775447273338,key-26,1554
1775447273339,key-32,85
1775447273339,key-39,710
1775447273341,key-15,1287
1775447273341,key-30,888
1775447273341,key-14,197
1775447273349,key-6,1542
1775447273350,key-8,31
1775447273350,key-38,2280
1775447273351,key-3,31
1775447273353,key-23,1327
1775447273355,key-23,1329
1775447273357,key-31,658
1775447273359,key-28,2796
1775447273361,key-28,2798
1775447273365,key-6,1558
1775447273366,key-8,47
1775447273367,key-6,1560
1775447273370,key-30,917
1775447273375,key-8,56
1775447273376,key-8,57
1775447273381,key-31,682
1775447273381,key-6,1574
1775447273381,key-30,928
1775447273381,key-46,5
1775447273390,key-46,14
1775447273390,key-28,2827
1775447273391,key-31,692
1775447273392,key-5,33
1775447273392,key-13,527
1775447273392,key-46,16
1775447273396,key-31,697
1775447273397,key-6,1590
1775447273401,key-8,82
1775447273402,key-1,2672
1775447273410,key-28,2847
1775447273411,key-33,1100
1775447273411,key-39,782
1775447273412,key-3,92
1775447273413,key-40,2708
1775447273413,key-1,2683
1775447273413,key-46,37
1775447273415,key-46,39
1775447273415,key-46,39
1775447273417,key-28,2854
1775447273418,key-40,2713
1775447273418,key-3,98
1775447273419,key-28,2856
1775447273421,key-31,722
1775447273421,key-48,1289
1775447273423,key-46,47
1775447273428,key-16,278
1775447273429,key-46,53
1775447273429,key-46,53
1775447273429,key-42,11
1775447273431,key-46,55
1775447273432,key-41,226
1775447273433,key-1,2703
1775447273439,key-40,2734
1775447273442,key-48,1310
1775447273443,key-42,25
1775447273443,key-48,1311
1775447273443,key-42,25
1775447273443,key-31,744
1775447273444,key-10,432
1775447273445,key-41,239
1775447273450,key-31,751
1775447273451,key-31,752
1775447273451,key-24,254
1775447273452,key-46,76
1775447273453,key-48,11
1775447273459,key-31,760
1775447273459,key-10,447
1775447273459,key-46,83
1775447273463,key-46,87
1775447273465,key-31,766
1775447273472,key-24,275
1775447273472,key-42,54
1775447273472,key-42,54
1775447273473,key-8,154
1775447273473,key-31,774
1775447273473,key-46,9
1775447273473,key-42,55
1775447273475,key-41,269
1775447273475,key-5,116
1775447273476,key-8,157
1775447273480,key-48,38
1775447273480,key-42,62
1775447273481,key-16,331
1775447273487,key-24,290
1775447273487,key-42,69
1775447273489,key-17,768
1775447273493,key-42,75
1775447273497,key-16,347
1775447273498,key-42,80
1775447273500,key-42,82
1775447273502,key-11,2026
1775447273502,key-48,60
1775447273502,key-23,1476
1775447273502,key-17,781
1775447273503,key-10,491
1775447273503,key-44,219
1775447273508,key-48,66
1775447273508,key-42,90
1775447273514,key-11,2038
1775447273514,key-48,72
1775447273516,key-4,621
1775447273517,key-44,233
1775447273518,key-33,15
1775447273518,key-17,797
1775447273518,key-4,623
1775447273520,key-44,236
1775447273522,key-44,238
1775447273522,key-44,238
1775447273523,key-11,2047
1775447273527,key-17,806
1775447273528,key-11,2052
1775447273530,key-4,635
1775447273530,key-33,27
1775447273531,key-11,2055
1775447273532,key-4,637
1775447273532,key-11,2056
1775447273533,key-50,371
1775447273533,key-44,249
1775447273536,key-33,33
1775447273537,key-33,34
1775447273537,key-46,73
1775447273537,key-41,331
1775447273547,key-9,1228
1775447273547,key-11,2071
1775447273548,key-33,45
1775447273548,key-44,264
1775447273548,key-46,84
1775447273549,key-33,46
1775447273549,key-44,265
1775447273553,key-29,73
1775447273554,key-29,74
1775447273557,key-41,351
1775447273558,key-9,1239
1775447273558,key-4,663
1775447273560,key-33,57
1775447273562,key-33,59
1775447273562,key-50,400
1775447273563,key-33,60
1775447273563,key-33,60
1775447273564,key-33,61
1775447273565,key-46,101
1775447273565,key-26,1781
1775447273565,key-29,85
1775447273572,key-50,410
1775447273572,key-33,69
1775447273574,key-29,94
1775447273574,key-44,290
1775447273576,key-44,292
1775447273577,key-44,293
1775447273577,key-3,257
1775447273577,key-50,415
1775447273579,key-33,76
1775447273589,key-33,86
1775447273595,key-18,335
1775447273595,key-33,92
1775447273596,key-7,193
1775447273596,key-33,93
1775447273596,key-26,1812
1775447273597,key-5,238
1775447273598,key-46,134
1775447273598,key-13,733
1775447273602,key-1,5
1775447273602,key-33,99
1775447273607,key-7,204
1775447273608,key-46,144
1775447273609,key-44,325
1775447273609,key-44,325
1775447273612,key-12,814
1775447273616,key-7,213
1775447273617,key-33,114
1775447273617,key-8,298
1775447273617,key-13,752
1775447273618,key-26,1834
1775447273621,key-1,24
1775447273624,key-14,480
1775447273625,key-4,730
1775447273632,key-4,737
1775447273632,key-33,129
1775447273633,key-44,349
1775447273633,key-1,36
1775447273642,key-13,777
1775447273643,key-44,359
1775447273643,key-49,276
1775447273643,key-1,46
1775447273644,key-46,180
1775447273657,key-24,460
1775447273658,key-34,13
1775447273658,key-26,1874
1775447273659,key-49,292
1775447273659,key-15,1
1775447273664,key-33,161
1775447273665,key-44,381
1775447273665,key-49,298
1775447273669,key-33,166
1775447273669,key-1,72
1775447273679,key-13,814
1775447273681,key-44,397
1775447273681,key-36,786
1775447273681,key-13,816
1775447273685,key-29,205
1775447273695,key-44,411
1775447273695,key-36,800
1775447273696,key-6,1889
1775447273697,key-36,802
1775447273700,key-15,42
1775447273707,key-37,332
1775447273709,key-33,206
1775447273709,key-10,697
1775447273709,key-1,112
1775447273709,key-36,814
1775447273710,key-44,426
1775447273713,key-36,818
1775447273716,key-44,432
1775447273718,key-36,823
1775447273718,key-29,238
1775447273730,key-6,1923
1775447273731,key-36,836
1775447273734,key-1,137
1775447273734,key-36,839
1775447273740,key-18,9
1775447273744,key-36,849
1775447273744,key-44,460
1775447273745,key-1,148
1775447273745,key-15,87
1775447273753,key-36,858
1775447273754,key-10,742
1775447273754,key-44,470
1775447273758,key-36,863
1775447273762,key-6,30
1775447273762,key-36,867
1775447273765,key-9,1446
1775447273765,key-6,33
1775447273766,key-36,871
1775447273775,key-36,880
1775447273775,key-34,130
1775447273776,key-36,881
1775447273777,key-41,571
1775447273781,key-36,886
1775447273782,key-36,887
1775447273796,key-47,5
1775447273797,key-36,902
1775447273798,key-13,10
1775447273805,key-36,910
1775447273805,key-36,910
1775447273805,key-47,14
1775447273806,key-29,326
1775447273807,key-47,16
1775447273808,key-36,913
1775447273808,key-13,20
1775447273808,key-36,913
1775447273810,key-13,22
1775447273812,key-13,24
1775447273818,key-13,30
1775447273819,key-47,28
1775447273820,key-36,925
1775447273825,key-36,930
1775447273825,key-38,2755
1775447273825,key-13,37
1775447273826,key-13,38
1775447273826,key-47,35
1775447273828,key-22,26
1775447273832,key-3,512
1775447273837,key-39,1208
1775447273837,key-27,345
1775447273841,key-31,34
1775447273841,key-47,50
1775447273842,key-41,636
1775447273842,key-50,91
1775447273844,key-7,441
1775447273845,key-40,3140
1775447273849,key-13,61
1775447273851,key-22,49
1775447273853,key-40,3148
1775447273855,key-47,64
1775447273856,key-47,65
1775447273865,key-22,63
1775447273867,key-47,76
1775447273867,key-13,79
1775447273868,key-47,77
1775447273868,key-47,77
1775447273869,key-22,67
1775447273870,key-22,68
1775447273876,key-13,88
1775447273876,key-47,85
1775447273876,key-21,33
1775447273879,key-47,88
1775447273887,key-22,85
1775447273887,key-26,2103
1775447273890,key-22,88
1775447273893,key-22,91
1775447273894,key-47,103
1775447273898,key-13,110
1775447273901,key-31,25
1775447273902,key-47,111
1775447273902,key-48,460
1775447273902,key-22,100
1775447273906,key-22,104
1775447273907,key-22,105
1775447273912,key-22,110
1775447273913,key-31,37
1775447273913,key-31,37
1775447273915,key-2,574
1775447273917,key-31,41
1775447273920,key-22,118
1775447273925,key-36,23
1775447273927,key-26,2143
1775447273927,key-31,51
1775447273930,key-47,139
1775447273931,key-1,334
1775447273931,key-31,55
1775447273932,key-36,30
1775447273934,key-31,58
1775447273935,key-20,744
1775447273941,key-49,574
1775447273945,key-26,2161
1775447273947,key-31,71
1775447273951,key-36,49
1775447273953,key-31,77
1775447273955,key-17,157
1775447273959,key-26,2175
1775447273967,key-36,65
1775447273968,key-2,627
1775447273969,key-36,67
1775447273970,key-36,68
1775447273974,key-26,2190
1775447273975,key-13,187
1775447273983,key-24,786
1775447273984,key-31,108
1775447273984,key-7,10
1775447273985,key-26,2201
1775447273992,key-10,980
1775447273992,key-26,2208
1775447273999,key-36,97
1775447273999,key-36,97
1775447274002,key-2,661
1775447274005,key-2,664
1775447274014,key-36,112
1775447274016,key-7,42
1775447274020,key-32,232
1775447274021,key-22,219
1775447274021,key-31,145
1775447274024,key-2,683
1775447274024,key-31,148
1775447274025,key-2,684
1775447274029,key-7,55
1775447274029,key-13,241
1775447274030,key-31,154
1775447274033,key-31,157
1775447274041,key-10,1029
1775447274042,key-7,68
1775447274048,key-47,49
1775447274048,key-31,172
1775447274051,key-40,3346
1775447274054,key-7,80
1775447274064,key-7,90
1775447274064,key-39,1435
1775447274064,key-47,65
1775447274066,key-7,92
1775447274066,key-31,190
1775447274069,key-50,104
1775447274071,key-31,195
1775447274071,key-31,195
1775447274073,key-47,74
1775447274080,key-38,3010
1775447274080,key-13,292
1775447274082,key-31,206
1775447274083,key-10,1071
1775447274097,key-10,1085
1775447274098,key-13,310
1775447274099,key-31,223
1775447274099,key-7,125
1775447274103,key-37,728
1775447274109,key-37,734
1775447274114,key-10,1102
1775447274118,key-37,743
1775447274118,key-33,615
1775447274119,key-44,835
1775447274120,key-33,617
1775447274121,key-37,746
1775447274138,key-48,696
1775447274138,key-12,1340
1775447274139,key-13,351
1775447274139,key-10,1127
1775447274140,key-10,1128
1775447274141,key-22,339
1775447274144,key-11,9
1775447274147,key-7,173
1775447274150,key-10,1138
1775447274152,key-9,34
1775447274153,key-10,1141
1775447274154,key-30,1701
1775447274158,key-36,256
1775447274159,key-37,784
1775447274160,key-32,3
1775447274160,key-13,372
1775447274161,key-10,1149
1775447274167,key-46,5
1775447274169,key-9,51
1775447274169,key-13,381
1775447274171,key-9,53
1775447274173,key-11,38
1775447274175,key-43,1315
1775447274177,key-11,42
1775447274177,key-32,20
1775447274177,key-13,389
1775447274179,key-35,2142
1775447274182,key-42,764
1775447274185,key-25,2295
1775447274190,key-9,72
1775447274191,key-20,7
1775447274192,key-42,774
1775447274201,key-32,44
1775447274205,key-32,48
1775447274206,key-28,3643
1775447274206,key-1,2
1775447274208,key-25,2318
1775447274209,key-46,47
1775447274209,key-4,5
1775447274210,key-20,26
1775447274210,key-42,792
1775447274210,key-1,6
1775447274211,key-1,7
1775447274212,key-4,8
1775447274213,key-4,9
1775447274216,key-26,2432
1775447274219,key-7,35
1775447274220,key-1,16
1775447274223,key-42,805
1775447274224,key-16,79
1775447274228,key-4,24
1775447274229,key-4,25
1775447274230,key-18,17
1775447274231,key-28,3
1775447274236,key-1,32
1775447274241,key-1,37
1775447274242,key-1,38
1775447274242,key-4,38
1775447274243,key-18,30
1775447274244,key-4,40
1775447274244,key-32,27
1775447274245,key-4,41
1775447274247,key-4,43
1775447274248,key-49,881
1775447274250,key-16,105
1775447274251,key-32,34
1775447274252,key-48,810
1775447274253,key-4,49
1775447274253,key-1,49
1775447274253,key-18,40
1775447274255,key-49,888
1775447274256,key-4,52
1775447274261,key-18,48
1775447274261,key-42,843
1775447274263,key-1,59
1775447274268,key-4,64
1775447274269,key-35,2232
1775447274269,key-40,3564
1775447274272,key-16,127
1775447274275,key-33,20
1775447274276,key-33,21
1775447274276,key-4,72
1775447274276,key-35,2239
1775447274276,key-32,59
1775447274277,key-45,99
1775447274278,key-40,3573
1775447274278,key-4,74
1775447274281,key-33,26
1775447274282,key-44,998
1775447274284,key-40,3579
1775447274285,key-22,483
1775447274286,key-14,1142
1775447274290,key-35,2253
1775447274290,key-40,3585
1775447274290,key-33,35
1775447274291,key-1,87
1775447274295,key-33,40
1775447274295,key-33,40
1775447274296,key-10,1284
1775447274302,key-50,337
1775447274302,key-33,47
1775447274307,key-40,3602
1775447274308,key-40,3603
1775447274309,key-40,3604
1775447274309,key-50,344
1775447274312,key-22,510
1775447274313,key-40,3608
1775447274313,key-44,1029
1775447274313,key-40,3608
1775447274314,key-22,512
1775447274327,key-13,12
1775447274327,key-19,934
1775447274328,key-40,3623
1775447274332,key-17,534
1775447274332,key-33,77
1775447274333,key-13,18
1775447274333,key-40,3628
1775447274337,key-33,82
1775447274339,key-19,946
1775447274340,key-19,947
1775447274342,key-19,949
1775447274345,key-25,2455
1775447274354,key-30,1901
1775447274354,key-30,1901
1775447274357,key-13,42
1775447274359,key-33,104
1775447274360,key-19,967
1775447274361,key-11,40
1775447274362,key-2,158
1775447274362,key-30,1909
1775447274364,key-11,43
1775447274365,key-30,1912
1775447274372,key-11,51
1775447274374,key-30,1921
1775447274376,key-47,33
1775447274376,key-38,26
1775447274378,key-38,28
1775447274378,key-30,1925
1775447274379,key-47,36
1775447274381,key-38,31
1775447274383,key-30,1930
1775447274385,key-11,64
1775447274385,key-30,1932
1775447274389,key-31,513
1775447274390,key-30,1937
1775447274391,key-30,1938
1775447274392,key-30,1939
1775447274393,key-30,1940
1775447274394,key-30,1941
1775447274396,key-34,751
1775447274397,key-30,1944
1775447274399,key-47,56
1775447274403,key-30,1950
1775447274404,key-35,2367
1775447274407,key-30,1954
1775447274407,key-28,179
1775447274407,key-30,1954
1775447274407,key-23,2381
1775447274409,key-30,1956
1775447274410,key-13,1
1775447274411,key-30,1958
1775447274411,key-30,1958
1775447274412,key-5,7
1775447274412,key-13,3
1775447274415,key-38,65
1775447274415,key-35,2378
1775447274421,key-9,303
1775447274423,key-7,239
1775447274423,key-1,219
1775447274427,key-5,22
1775447274427,key-22,625
1775447274428,key-5,23
1775447274429,key-23,2403
1775447274430,key-13,21
1775447274430,key-16,285
1775447274437,key-20,28
1775447274437,key-35,2400
1775447274438,key-13,29
1775447274439,key-13,30
1775447274441,key-13,32
1775447274441,key-13,32
1775447274446,key-22,644
1775447274446,key-22,644
1775447274446,key-9,328
1775447274447,key-23,2421
1775447274448,key-22,646
1775447274451,key-22,649
1775447274452,key-13,43
1775447274453,key-25,2563
1775447274455,key-35,2418
1775447274462,key-25,2572
1775447274462,key-9,344
1775447274464,key-16,319
1775447274465,key-16,320
1775447274466,key-27,241
1775447274466,key-13,57
1775447274468,key-16,323
1775447274469,key-22,667
1775447274471,key-23,2445
1775447274472,key-22,670
1775447274474,key-13,65
1775447274476,key-48,90
1775447274477,key-22,675
1775447274479,key-35,2442
1775447274485,key-48,99
1775447274486,key-22,684
1775447274487,key-40,3782
1775447274488,key-13,79
1775447274491,key-25,17
1775447274491,key-16,346
1775447274491,key-40,3786
1775447274491,key-9,373
1775447274492,key-13,83
1775447274493,key-22,691
1775447274495,key-48,109
1775447274497,key-13,88
1775447274498,key-16,353
1775447274501,key-13,92
1775447274504,key-48,118
1775447274505,key-32,148
1775447274507,key-32,150
1775447274510,key-48,4
1775447274510,key-48,4
1775447274510,key-43,10
1775447274510,key-40,3805
1775447274513,key-32,156
1775447274514,key-4,310
1775447274515,key-13,106
1775447274515,key-43,2
1775447274517,key-32,160
1775447274519,key-37,1144
1775447274519,key-43,6
1775447274521,key-16,376
1775447274521,key-2,317
1775447274521,key-48,15
1775447274523,key-32,166
1775447274524,key-50,18
1775447274525,key-13,116
1775447274525,key-32,168
1775447274527,key-32,170
1775447274528,key-48,22
1775447274530,key-50,24
1775447274533,key-13,124
1775447274534,key-32,177
1775447274536,key-22,734
1775447274537,key-43,24
1775447274537,key-43,24
1775447274538,key-50,32
1775447274539,key-36,345
1775447274541,key-12,1743
1775447274542,key-50,36
1775447274542,key-1,338
1775447274543,key-11,222
1775447274548,key-32,191
1775447274550,key-32,193
1775447274551,key-13,142
1775447274552,key-37,1177
1775447274553,key-43,40
1775447274553,key-12,1755
1775447274554,key-31,21
1775447274554,key-16,409
1775447274559,key-25,7
1775447274560,key-22,758
1775447274561,key-31,28
1775447274562,key-32,205
1775447274563,key-22,761
1775447274564,key-31,31
1775447274564,key-42,1146
1775447274565,key-12,1767
1775447274566,key-25,14
1775447274566,key-32,209
1775447274569,key-12,1771
1775447274570,key-32,213
1775447274572,key-18,359
1775447274575,key-24,1378
1775447274576,key-25,24
1775447274577,key-31,44
1775447274581,key-42,1163
1775447274582,key-43,69
1775447274582,key-31,49
1775447274586,key-42,1168
1775447274587,key-42,1169
1775447274587,key-30,2134
1775447274589,key-50,83
1775447274589,key-42,1171
1775447274592,key-47,102
1775447274592,key-32,235
1775447274593,key-28,365
1775447274594,key-32,237
1775447274599,key-32,242
1775447274599,key-12,1801
1775447274599,key-43,86
1775447274599,key-31,66
1775447274600,key-23,2574
1775447274602,key-19,1209
1775447274603,key-32,246
1775447274604,key-7,420
1775447274607,key-28,379
1775447274608,key-30,2155
1775447274608,key-23,2582
1775447274609,key-15,135
1775447274610,key-19,1217
1775447274610,key-31,77
1775447274610,key-28,382
1775447274611,key-12,1813
1775447274612,key-28,384
1775447274613,key-23,2587
1775447274613,key-32,256
1775447274616,key-19,1223
1775447274616,key-15,142
1775447274618,key-32,261
1775447274620,key-28,392
1775447274623,key-32,266
1775447274623,key-16,478
1775447274627,key-2,99
1775447274629,key-28,401
1775447274634,key-28,406
1775447274634,key-20,225
1775447274635,key-28,407
1775447274636,key-2,108
1775447274636,key-28,408
1775447274637,key-28,409
1775447274638,key-23,22
1775447274639,key-28,411
1775447274640,key-47,150
1775447274640,key-23,24
1775447274641,key-23,25
1775447274645,key-28,417
1775447274646,key-28,418
1775447274647,key-23,31
1775447274648,key-20,239
1775447274648,key-28,420
1775447274651,key-23,35
1775447274652,key-16,507
1775447274652,key-2,124
1775447274656,key-28,428
1775447274658,key-28,430
1775447274659,key-14,1515
1775447274659,key-43,146
1775447274665,key-14,1521
1775447274668,key-43,155
1775447274669,key-2,141
1775447274670,key-28,442
1775447274671,key-23,55
1775447274673,key-24,1476
1775447274673,key-20,264
1775447274674,key-14,1530
1775447274676,key-20,267
1775447274680,key-28,452
1775447274683,key-34,16
1775447274684,key-28,456
1775447274684,key-8,228
1775447274685,key-43,172
1775447274688,key-30,2235
1775447274691,key-28,463
1775447274691,key-45,8
1775447274692,key-45,9
1775447274695,key-43,182
1775447274696,key-34,29
1775447274702,key-5,297
1775447274703,key-45,20
1775447274704,key-43,191
1775447274705,key-14,1561
1775447274708,key-16,563
1775447274717,key-8,261
1775447274718,key-34,51
1775447274719,key-7,535
1775447274719,key-45,36
1775447274726,key-7,542
1775447274727,key-45,44
1775447274728,key-43,215
1775447274729,key-45,46
1775447274733,key-43,220
1775447274733,key-43,220
1775447274747,key-45,64
1775447274748,key-5,343
1775447274748,key-18,535
1775447274766,key-4,27
1775447274766,key-15,292
1775447274766,key-5,361
1775447274771,key-7,587
1775447274773,key-13,364
1775447274774,key-15,300
1775447274774,key-16,629
1775447274780,key-45,97
1775447274782,key-43,269
1775447274783,key-45,100
1775447274783,key-20,374
1775447274793,key-33,538
1775447274800,key-3,24
1775447274802,key-4,63
1775447274804,key-18,591
1775447274811,key-40,247
1775447274811,key-3,35
1775447274812,key-49,30
1775447274813,key-34,146
1775447274814,key-43,301
1775447274814,key-18,601
1775447274815,key-15,341
1775447274819,key-33,564
1775447274819,key-18,606
1775447274820,key-40,256
1775447274831,key-2,303
1775447274831,key-18,618
1775447274831,key-18,618
1775447274832,key-20,423
1775447274832,key-3,56
1775447274834,key-18,621
1775447274843,key-18,630
1775447274845,key-18,632
1775447274849,key-34,182
1775447274849,key-36,9
1775447274854,key-40,290
1775447274854,key-2,326
1775447274855,key-2,327
1775447274858,key-2,330
1775447274863,key-18,650
1775447274864,key-2,336
1775447274869,key-4,130
1775447274870,key-46,16
1775447274876,key-46,22
1775447274878,key-17,1080
1775447274882,key-2,354
1775447274883,key-46,29
1775447274883,key-16,29
1775447274883,key-2,355
1775447274886,key-36,46
1775447274887,key-20,33
1775447274888,key-25,336
1775447274889,key-20,35
1775447274897,key-2,369
1775447274897,key-31,82
1775447274898,key-2,370
1775447274899,key-18,686
1775447274907,key-46,53
1775447274907,key-25,355
1775447274910,key-2,382
1775447274911,key-17,1113
1775447274915,key-41,799
1775447274916,key-28,688
1775447274916,key-36,17
1775447274916,key-11,595
1775447274918,key-35,180
1775447274919,key-39,2290
1775447274924,key-7,740
1775447274924,key-41,808
1775447274925,key-45,242
1775447274928,key-23,312
1775447274928,key-25,376
1775447274929,key-6,14
1775447274931,key-6,16
1775447274936,key-44,27
1775447274937,key-4,198
1775447274938,key-23,322
1775447274947,key-20,93
1775447274947,key-2,419
1775447274948,key-44,39
1775447274948,key-41,832
1775447274948,key-48,116
1775447274949,key-6,34
1775447274950,key-9,147
1775447274950,key-41,834
1775447274958,key-44,49
1775447274959,key-41,843
1775447274960,key-2,432
1775447274960,key-9,157
1775447274962,key-23,346
1775447274963,key-41,847
1775447274969,key-35,231
1775447274969,key-6,54
1775447274969,key-23,353
1775447274970,key-6,55
1775447274971,key-17,1173
1775447274975,key-42,1557
1775447274975,key-35,237
1775447274977,key-6,62
1775447274979,key-34,312
1775447274982,key-32,625
1775447274983,key-18,770
1775447274987,key-2,459
1775447274987,key-44,78
1775447274988,key-8,14
1775447274989,key-24,1792
1775447274993,key-23,377
1775447274998,key-32,641
1775447275001,key-35,263
1775447275004,key-11,683
1775447275005,key-24,1808
1775447275012,key-24,1815
1775447275012,key-32,655
1775447275013,key-4,11
1775447275013,key-32,656
1775447275013,key-23,397
1775447275013,key-18,800
1775447275014,key-1,810
1775447275015,key-32,658
1775447275018,key-8,44
1775447275018,key-32,661
1775447275019,key-49,237
1775447275019,key-18,806
1775447275020,key-48,188
1775447275020,key-13,611
1775447275027,key-4,25
1775447275031,key-8,57
1775447275032,key-18,819
1775447275037,key-37,52
1775447275037,key-48,205
1775447275037,key-13,628
1775447275038,key-23,422
1775447275038,key-7,854
1775447275041,key-18,828
1775447275051,key-39,2422
1775447275051,key-10,2039
1775447275052,key-39,2423
1775447275053,key-37,68
1775447275054,key-7,870
1775447275055,key-32,698
1775447275061,key-13,652
1775447275067,key-13,658
1775447275068,key-13,659
1775447275068,key-30,144
1775447275068,key-42,1650
1775447275069,key-16,215
1775447275071,key-13,662
1775447275074,key-24,1877
1775447275079,key-23,463
1775447275081,key-46,27
1775447275083,key-4,81
1775447275084,key-17,1286
1775447275084,key-30,160
1775447275087,key-13,678
1775447275093,key-32,736
1775447275094,key-4,92
1775447275094,key-15,620
1775447275097,key-46,43
1775447275099,key-35,361
1775447275102,key-24,1905
1775447275108,key-17,1310
1775447275108,key-23,492
1775447275111,key-25,34
1775447275112,key-46,58
1775447275119,key-15,645
1775447275120,key-24,1923
1775447275120,key-4,118
1775447275121,key-23,505
1775447275121,key-36,24
1775447275122,key-4,120
1775447275123,key-35,385
1775447275128,key-17,1330
1775447275130,key-17,1332
1775447275131,key-35,393
1775447275136,key-17,1338
1775447275142,key-35,404
1775447275144,key-4,142
1775447275144,key-17,1346
1775447275145,key-15,671
1775447275146,key-4,144
1775447275151,key-17,1353
1775447275151,key-4,149
1775447275151,key-27,40
1775447275152,key-46,98
1775447275158,key-17,1360
1775447275158,key-9,355
1775447275159,key-18,946
1775447275160,key-35,422
1775447275160,key-17,1362
1775447275160,key-17,1362
1775447275161,key-17,1363
1775447275171,key-17,1373
1775447275177,key-36,80
1775447275177,key-17,1379
1775447275186,key-30,262
1775447275187,key-15,713
1775447275187,key-27,76
1775447275188,key-17,1390
1775447275189,key-4,187
1775447275191,key-30,267
1775447275191,key-22,1389
1775447275201,key-30,277
1775447275203,key-49,421
1775447275205,key-17,1407
1775447275205,key-17,1407
1775447275207,key-20,353
1775447275209,key-17,1411
1775447275209,key-17,1411
1775447275219,key-17,1421
1775447275221,key-15,747
1775447275221,key-22,1419
1775447275226,key-17,1428
1775447275226,key-30,302
1775447275226,key-15,752
1775447275232,key-17,1434
1775447275232,key-5,106
1775447275232,key-49,450
1775447275233,key-30,309
1775447275238,key-37,253
1775447275238,key-15,764
1775447275239,key-41,8
1775447275245,key-9,442
1775447275245,key-5,119
1775447275250,key-49,468
1775447275251,key-17,1453
1775447275267,key-23,651
1775447275268,key-49,486
1775447275268,key-1,1064
1775447275269,key-24,2072
1775447275269,key-49,487
1775447275273,key-45,590
1775447275273,key-44,364
1775447275282,key-45,599
1775447275283,key-42,11
1775447275283,key-45,600
1775447275290,key-42,18
1775447275291,key-45,608
1775447275293,key-45,610
1775447275304,key-45,621
1775447275304,key-42,13
1775447275306,key-45,623
1775447275306,key-49,524
1775447275308,key-42,17
1775447275308,key-42,17
1775447275317,key-45,634
1775447275318,key-49,536
1775447275323,key-45,640
1775447275324,key-3,548
1775447275324,key-45,641
1775447275329,key-24,2132
1775447275331,key-36,234
1775447275331,key-14,2187
1775447275337,key-45,654
1775447275337,key-45,654
1775447275337,key-27,226
1775447275337,key-24,2140
1775447275342,key-41,111
1775447275351,key-24,2154
1775447275351,key-49,569
1775447275359,key-49,577
1775447275359,key-42,68
1775447275360,key-41,129
1775447275366,key-45,683
1775447275377,key-41,146
1775447275378,key-49,596
1775447275380,key-21,514
1775447275383,key-24,2186
1775447275385,key-49,603
1775447275385,key-45,702
1775447275400,key-39,2771
1775447275401,key-24,2204
1775447275402,key-9,599
1775447275414,key-45,731
1775447275414,key-25,337
1775447275420,key-44,511
1775447275431,key-41,200
1775447275432,key-39,2803
1775447275436,key-9,633
1775447275436,key-45,753
1775447275436,key-18,4
1775447275436,key-39,2807
1775447275455,key-45,772
1775447275456,key-41,225
1775447275456,key-18,24
1775447275456,key-21,590
1775447275457,key-48,625
1775447275457,key-8,72
1775447275465,key-48,633
1775447275465,key-8,9
1775447275472,key-42,181
1775447275472,key-5,346
1775447275477,key-45,794
1775447275477,key-42,186
1775447275478,key-25,7
1775447275484,key-9,13
1775447275484,key-10,280
1775447275486,key-7,30
1775447275486,key-7,30
1775447275486,key-17,1688
1775447275495,key-45,812
1775447275511,key-25,40
1775447275512,key-48,40
1775447275512,key-40,948
1775447275512,key-4,510
1775447275513,key-8,57
1775447275513,key-45,830
1775447275513,key-9,42
1775447275513,key-7,19
1775447275513,key-44,41
1775447275513,key-7,19
1775447275514,key-44,42
1775447275514,key-2,986
1775447275520,key-7,26
1775447275521,key-45,838
1775447275523,key-28,1295
1775447275524,key-16,670
1775447275524,key-23,908
1775447275525,key-45,842
1775447275526,key-44,54
1775447275527,key-46,5
1775447275535,key-15,1061
1775447275538,key-7,44
1775447275539,key-28,1311
1775447275540,key-46,18
1775447275542,key-45,859
1775447275547,key-44,75
1775447275547,key-44,75
1775447275549,key-17,1751
1775447275553,key-23,937
1775447275555,key-49,773
1775447275557,key-15,1083
1775447275557,key-23,941
1775447275558,key-46,36
1775447275558,key-6,14
1775447275559,key-7,65
1775447275560,key-6,16
1775447275561,key-15,1087
1775447275561,key-7,67
1775447275562,key-49,780
1775447275565,key-6,21
1775447275566,key-44,94
1775447275569,key-42,278
1775447275579,key-6,35
1775447275581,key-49,799
1775447275581,key-46,59
1775447275582,key-42,291
1775447275584,key-6,40
1775447275590,key-6,46
1775447275590,key-29,420
1775447275591,key-44,119
1775447275591,key-24,2394
1775447275595,key-31,15
1775447275597,key-42,306
1775447275600,key-49,818
1775447275601,key-42,310
1775447275603,key-42,312
1775447275603,key-42,312
1775447275604,key-6,60
1775447275606,key-42,315
1775447275607,key-42,316
1775447275607,key-42,316
1775447275611,key-40,1047
1775447275613,key-31,33
1775447275613,key-42,322
1775447275615,key-45,24
1775447275622,key-6,78
1775447275625,key-40,1061
1775447275628,key-42,337
1775447275630,key-42,339
1775447275630,key-44,37
1775447275630,key-10,426
1775447275632,key-42,341
1775447275634,key-43,575
1775447275640,key-42,349
1775447275640,key-40,1076
1775447275642,key-16,36
1775447275642,key-32,1285
1775447275643,key-10,439
1775447275645,key-42,354
1775447275646,key-42,355
1775447275648,key-10,444
1775447275649,key-40,1085
1775447275650,key-43,591
1775447275651,key-5,525
1775447275652,key-29,482
1775447275662,key-35,924
1775447275664,key-43,605
1775447275665,key-42,374
1775447275670,key-33,5
1775447275671,key-29,501
1775447275674,key-30,750
1775447275679,key-16,73
1775447275679,key-35,941
1775447275680,key-31,100
1775447275684,key-30,760
1775447275684,key-5,558
1775447275686,key-44,32
1775447275688,key-40,1124
1775447275692,key-16,86
1775447275694,key-29,524
1775447275696,key-10,42
1775447275696,key-21,830
1775447275697,key-44,43
1775447275698,key-10,44
1775447275701,key-29,531
1775447275705,key-21,839
1775447275712,key-40,1148
1775447275712,key-29,542
1775447275720,key-10,66
1775447275721,key-29,551
1775447275724,key-30,800
1775447275725,key-44,71
1775447275725,key-30,801
1775447275726,key-28,1498
1775447275727,key-29,557
1775447275729,key-29,559
1775447275733,key-29,563
1775447275735,key-42,444
1775447275735,key-21,869
1775447275739,key-19,2346
1775447275739,key-44,3
1775447275741,key-5,615
1775447275744,key-29,574
1775447275744,key-15,4
1775447275745,key-38,1395
1775447275750,key-38,1400
1775447275750,key-22,295
1775447275751,key-17,1953
1775447275757,key-7,263
1775447275759,key-26,860
1775447275761,key-29,591
1775447275764,key-38,1414
1775447275764,key-45,173
1775447275770,key-4,13
1775447275773,key-16,167
1775447275775,key-38,1425
1775447275776,key-29,606
1775447275779,key-38,1429
1775447275782,key-29,612
1775447275784,key-20,28
1775447275786,key-20,30
1775447275793,key-17,1994
1775447275793,key-48,321
1775447275795,key-38,1445
1775447275801,key-20,45
1775447275804,key-29,634
1775447275805,key-32,1448
1775447275806,key-7,312
1775447275806,key-48,334
1775447275808,key-29,638
1775447275810,key-11,15
1775447275811,key-8,302
1775447275815,key-14,378
1775447275820,key-11,25
1775447275825,key-48,353
1775447275826,key-34,1159
1775447275826,key-7,332
1775447275826,key-6,187
1775447275828,key-38,1478
1775447275834,key-34,1167
1775447275844,key-34,1177
1775447275844,key-38,5
1775447275847,key-16,241
1775447275855,key-47,1365
1775447275861,key-7,367
1775447275862,key-14,425
1775447275863,key-38,24
1775447275863,key-48,391
1775447275865,key-1,53
1775447275868,key-14,431
1775447275874,key-35,27
1775447275875,key-48,403
1775447275878,key-38,39
1775447275879,key-16,4
1775447275885,key-48,413
1775447275886,key-5,760
1775447275890,key-34,1223
1775447275890,key-14,453
1775447275890,key-38,51
1775447275890,key-20,134
1775447275902,key-5,776
1775447275903,key-14,466
1775447275903,key-34,1236
1775447275903,key-14,466
1775447275914,key-44,3
1775447275914,key-39,11
1775447275918,key-50,1135
1775447275919,key-44,8
1775447275921,key-38,82
1775447275923,key-1,35
1775447275924,key-46,20
1775447275925,key-39,22
1775447275926,key-5,800
1775447275935,key-43,876
1775447275936,key-4,179
1775447275936,key-15,1
1775447275936,key-39,33
1775447275938,key-5,812
1775447275938,key-34,12
1775447275939,key-15,4
1775447275940,key-39,5
1775447275940,key-46,36
1775447275940,key-12,21
1775447275944,key-5,818
1775447275955,key-43,896
1775447275955,key-12,36
1775447275956,key-15,21
1775447275957,key-48,22
1775447275957,key-31,377
1775447275959,key-3,1183
1775447275960,key-46,3
1775447275961,key-39,4
1775447275965,key-24,15
1775447275965,key-46,8
1775447275965,key-43,906
1775447275965,key-12,46
1775447275969,key-15,34
1775447275969,key-22,514
1775447275969,key-7,104
1775447275972,key-39,15
1775447275981,key-18,549
1775447275981,key-15,46
1775447275983,key-7,118
1775447275985,key-31,405
1775447275986,key-28,1758
1775447275990,key-46,33
1775447275991,key-7,126
1775447275994,key-28,1766
1775447275994,key-7,129
1775447275995,key-3,1219
1775447275996,key-47,61
1775447275996,key-22,541
1775447275997,key-27,886
1775447275997,key-47,62
1775447275998,key-22,543
1775447276001,key-27,890
1775447276002,key-31,422
1775447276003,key-43,944
1775447276004,key-7,139
1775447276007,key-7,142
1775447276008,key-6,369
1775447276008,key-18,576
1775447276009,key-28,1781
1775447276012,key-6,373
1775447276014,key-28,1786
1775447276015,key-7,150
1775447276016,key-21,1150
1775447276021,key-12,102
1775447276021,key-31,441
1775447276021,key-7,156
1775447276022,key-27,911
1775447276027,key-33,362
1775447276027,key-27,916
1775447276029,key-37,1044
1775447276029,key-7,164
1775447276031,key-23,321
1775447276034,key-27,923
1775447276036,key-7,171
1775447276039,key-28,1811
1775447276039,key-13,328
1775447276040,key-24,90
1775447276040,key-37,1055
1775447276041,key-20,285
1775447276041,key-27,930
1775447276042,key-23,332
1775447276042,key-33,377
1775447276052,key-42,761
1775447276053,key-27,942
1775447276053,key-7,188
1775447276053,key-18,621
1775447276054,key-27,943
1775447276054,key-7,189
1775447276054,key-33,389
1775447276055,key-27,944
1775447276056,key-7,191
1775447276060,key-11,265
1775447276060,key-27,949
1775447276060,key-22,605
1775447276061,key-27,950
1775447276061,key-22,606
1775447276073,key-33,408
1775447276074,key-23,364
1775447276075,key-33,410
1775447276075,key-26,1176
1775447276077,key-26,1178
1775447276078,key-11,283
1775447276078,key-18,646
1775447276079,key-39,122
1775447276079,key-33,414
1775447276082,key-38,243
1775447276083,key-27,972
1775447276088,key-33,423
1775447276088,key-23,378
1775447276089,key-4,332
1775447276091,key-39,134
1775447276091,key-27,980
1775447276094,key-26,1195
1775447276094,key-33,429
1775447276094,key-4,337
1775447276097,key-17,2299
1775447276097,key-27,986
1775447276098,key-33,433
1775447276101,key-30,369
1775447276101,key-33,436
1775447276102,key-11,307
1775447276105,key-27,994
1775447276106,key-4,349
1775447276118,key-41,887
1775447276118,key-1,7
1775447276119,key-28,1891
1775447276119,key-33,454
1775447276119,key-1,8
1775447276122,key-27,1011
1775447276124,key-29,65
1775447276129,key-4,372
1775447276133,key-27,1022
1775447276133,key-44,222
1775447276134,key-33,469
1775447276135,key-1,24
1775447276135,key-27,1024
1775447276136,key-1,25
1775447276137,key-17,2339
1775447276137,key-19,26
1775447276138,key-16,263
1775447276139,key-27,1028
1775447276141,key-27,1030
1775447276146,key-41,915
1775447276149,key-41,918
1775447276149,key-50,204
1775447276156,key-41,925
1775447276157,key-38,318
1775447276164,key-33,499
1775447276164,key-29,105
1775447276169,key-17,2371
1775447276170,key-41,939
1775447276171,key-29,112
1775447276172,key-27,1061
1775447276173,key-27,1062
1775447276173,key-16,298
1775447276175,key-41,944
1775447276176,key-1,14
1775447276177,key-33,512
1775447276177,key-1,15
1775447276180,key-17,2382
1775447276181,key-41,950
1775447276183,key-29,124
1775447276185,key-41,954
1775447276186,key-29,127
1775447276187,key-27,1076
1775447276188,key-41,957
1775447276191,key-41,960
1775447276192,key-17,2394
1775447276194,key-27,1083
1775447276195,key-1,33
1775447276195,key-41,964
1775447276196,key-37,1211
1775447276204,key-37,1219
1775447276205,key-34,163
1775447276205,key-8,696
1775447276206,key-44,4
1775447276206,key-27,1095
1775447276207,key-1,45
1775447276208,key-41,977
1775447276210,key-41,979
1775447276212,key-11,417
1775447276218,key-12,31
1775447276221,key-27,1110
1775447276221,key-44,19
1775447276221,key-12,34
1775447276222,key-18,790
1775447276222,key-37,1237
1775447276223,key-14,786
1775447276223,key-1,61
1775447276225,key-12,38
1775447276225,key-8,716
1775447276229,key-34,187
1775447276233,key-2,1705
1775447276233,key-26,1334
1775447276233,key-41,1002
1775447276237,key-14,800
1775447276238,key-37,1253
1775447276240,key-14,803
1775447276243,key-14,806
1775447276246,key-45,655
1775447276246,key-34,204
1775447276247,key-8,738
1775447276248,key-44,46
1775447276250,key-2,1722
1775447276252,key-41,1021
1775447276256,key-45,665
1775447276257,key-14,820
1775447276257,key-14,820
1775447276264,key-45,673
1775447276264,key-2,1736
1775447276264,key-8,755
1775447276265,key-27,1154
1775447276266,key-45,675
1775447276268,key-45,677
1775447276268,key-8,759
1775447276271,key-35,424
1775447276274,key-2,1746
1775447276276,key-14,839
1775447276278,key-50,333
1775447276283,key-45,692
1775447276283,key-45,692
1775447276285,key-44,7
1775447276286,key-8,777
1775447276286,key-4,529
1775447276286,key-30,554
1775447276287,key-35,440
1775447276288,key-44,10
1775447276289,key-50,344
1775447276290,key-44,12
1775447276292,key-8,783
1775447276292,key-44,14
1775447276296,key-35,449
1775447276296,key-44,18
1775447276301,key-35,454
1775447276303,key-44,25
1775447276303,key-6,664
1775447276304,key-35,457
1775447276305,key-45,714
1775447276310,key-27,1199
1775447276311,key-39,354
1775447276311,key-45,720
1775447276311,key-44,33
1775447276312,key-35,465
1775447276313,key-44,35
1775447276314,key-6,675
1775447276319,key-27,1208
1775447276321,key-8,812
1775447276323,key-27,1212
1775447276324,key-35,477
1775447276326,key-19,124
1775447276330,key-44,52
1775447276336,key-17,9
1775447276336,key-35,489
1775447276337,key-19,135
1775447276337,key-4,580
1775447276337,key-17,10
1775447276338,key-44,60
1775447276338,key-27,1227
1775447276339,key-19,137
1775447276339,key-17,12
1775447276340,key-17,13
1775447276340,key-19,138
1775447276341,key-15,406
1775447276350,key-19,148
1775447276350,key-17,23
1775447276353,key-13,14
1775447276360,key-19,158
1775447276361,key-44,83
1775447276361,key-27,1250
1775447276361,key-44,83
1775447276363,key-19,161
1775447276364,key-13,25
1775447276365,key-10,711
1775447276367,key-19,165
1775447276368,key-12,7
1775447276368,key-6,729
1775447276368,key-19,166
1775447276370,key-15,435
1775447276370,key-44,92
1775447276371,key-44,93
1775447276372,key-27,1261
1775447276374,key-13,35
1775447276376,key-12,15
1775447276377,key-19,175
1775447276377,key-44,99
1775447276377,key-19,175
1775447276377,key-17,50
1775447276382,key-44,104
1775447276385,key-27,1274
1775447276386,key-19,184
1775447276392,key-19,190
1775447276395,key-19,193
1775447276395,key-18,963
1775447276398,key-13,59
1775447276399,key-49,1617
1775447276402,key-40,3
1775447276404,key-27,1293
1775447276407,key-2,1879
1775447276408,key-3,147
1775447276409,key-40,10
1775447276410,key-48,475
1775447276410,key-19,208
1775447276411,key-40,12
1775447276411,key-30,679
1775447276411,key-19,209
1775447276414,key-2,1886
1775447276415,key-40,16
1775447276417,key-14,980
1775447276417,key-4,660
1775447276422,key-3,161
1775447276423,key-5,1297
1775447276425,key-3,164
1775447276426,key-40,27
1775447276429,key-23,719
1775447276429,key-4,672
1775447276429,key-2,1901
1775447276430,key-27,1319
1775447276432,key-20,676
1775447276434,key-5,1308
1775447276434,key-8,96
1775447276435,key-30,703
1775447276440,key-27,1329
1775447276442,key-30,710
1775447276442,key-3,181
1775447276443,key-23,733
1775447276443,key-8,105
1775447276443,key-47,508
1775447276444,key-3,183
1775447276447,key-8,109
1775447276451,key-26,38
1775447276455,key-2,1927
1775447276458,key-36,1361
1775447276459,key-28,189
1775447276459,key-4,702
1775447276459,key-47,524
1775447276464,key-26,51
1775447276465,key-3,204
1775447276473,key-47,538
1775447276475,key-20,719
1775447276475,key-47,540
1775447276476,key-47,541
1775447276478,key-29,419
1775447276481,key-26,68
1775447276483,key-2,1955
1775447276487,key-6,12
1775447276489,key-2,1961
1775447276489,key-43,1430
1775447276490,key-49,1708
1775447276494,key-49,1712
1775447276494,key-29,435
1775447276495,key-16,620
1775447276498,key-1,336
1775447276501,key-27,1390
1775447276505,key-49,1723
1775447276505,key-37,31
1775447276507,key-6,32
1775447276508,key-49,1726
1775447276509,key-2,1981
1775447276515,key-27,1404
1775447276516,key-42,1225
1775447276517,key-37,43
1775447276518,key-43,1459
1775447276522,key-49,1740
1775447276524,key-49,1742
1775447276526,key-1,364
1775447276527,key-10,873
1775447276529,key-24,579
1775447276531,key-31,951
1775447276536,key-29,477
1775447276539,key-44,3
1775447276541,key-42,1250
1775447276541,key-49,1759
1775447276541,key-24,591
1775447276541,key-24,591
1775447276542,key-49,1760
1775447276543,key-42,1252
1775447276544,key-24,594
1775447276546,key-49,1764
1775447276547,key-44,11
1775447276547,key-49,1765
1775447276549,key-20,793
1775447276552,key-31,972
1775447276554,key-49,1772
1775447276557,key-1,395
1775447276564,key-49,1782
1775447276567,key-31,987
1775447276569,key-50,624
1775447276570,key-49,1788
1775447276570,key-5,1444
1775447276571,key-49,1789
1775447276571,key-20,22
1775447276577,key-30,845
1775447276578,key-20,29
1775447276578,key-49,1796
1775447276579,key-44,43
1775447276581,key-49,1799
1775447276585,key-17,209
1775447276587,key-20,38
1775447276587,key-20,38
1775447276589,key-31,1009
1775447276591,key-20,42
1775447276592,key-43,1533
1775447276594,key-49,1812
1775447276595,key-30,863
1775447276595,key-20,46
1775447276597,key-32,176
1775447276597,key-49,1815
1775447276600,key-42,1309
1775447276600,key-17,224
1775447276601,key-3,340
1775447276604,key-25,1133
1775447276607,key-22,1152
1775447276609,key-49,1827
1775447276615,key-49,1833
1775447276620,key-32,199
1775447276621,key-49,1839
1775447276621,key-20,72
1775447276621,key-49,1839
1775447276621,key-22,1166
1775447276622,key-49,1840
1775447276623,key-48,688
1775447276625,key-49,1843
1775447276627,key-25,1156
1775447276629,key-25,1158
1775447276630,key-49,1848
1775447276642,key-49,1860
1775447276642,key-50,697
1775447276642,key-31,1062
1775447276643,key-49,1861
1775447276643,key-6,168
1775447276643,key-37,169
1775447276644,key-27,21
1775447276644,key-31,1064
1775447276646,key-49,1864
1775447276648,key-49,1866
1775447276649,key-10,995
1775447276650,key-49,1868
1775447276651,key-49,1869
1775447276653,key-49,1871
1775447276653,key-6,178
1775447276657,key-49,1875
1775447276665,key-49,1883
1775447276667,key-49,1885
1775447276667,key-25,1196
1775447276668,key-50,723
1775447276669,key-49,1887
1775447276669,key-36,1572
1775447276669,key-27,46
1775447276672,key-49,1890
1775447276673,key-49,1891
1775447276674,key-6,199
1775447276674,key-49,1892
1775447276675,key-39,718
1775447276677,key-50,732
1775447276678,key-50,733
1775447276681,key-49,1899
1775447276685,key-50,740
1775447276693,key-6,218
1775447276695,key-50,750
1775447276695,key-49,1913
1775447276695,key-49,1913
1775447276702,key-49,1920
1775447276703,key-49,1921
1775447276707,key-49,1925
1775447276708,key-6,233
1775447276709,key-41,139
1775447276713,key-49,1931
1775447276717,key-49,1935
1775447276719,key-39,762
1775447276726,key-49,1944
1775447276727,key-50,782
1775447276727,key-49,1945
1775447276728,key-49,1946
1775447276729,key-49,1947
1775447276729,key-9,411
1775447276730,key-43,104
1775447276745,key-49,1963
1775447276746,key-41,176
1775447276747,key-41,177
1775447276748,key-43,122
1775447276750,key-49,1968
1775447276751,key-24,801
1775447276752,key-49,1970
1775447276753,key-49,1971
1775447276764,key-1,602
1775447276764,key-49,1982
1775447276765,key-50,820
1775447276771,key-39,814
1775447276771,key-49,1989
1775447276773,key-24,823
1775447276773,key-43,147
1775447276782,key-9,464
1775447276782,key-49,2000
1775447276788,key-27,7
1775447276790,key-23,1080
1775447276792,key-33,27
1775447276795,key-18,12
1775447276802,key-23,1092
1775447276803,key-27,22
1775447276805,key-39,848
1775447276807,key-18,24
1775447276810,key-49,2028
1775447276813,key-9,495
1775447276814,key-43,15
1775447276816,key-27,35
1775447276822,key-43,23
1775447276822,key-18,39
1775447276822,key-8,12
1775447276825,key-29,766
1775447276826,key-27,45
1775447276828,key-28,558
1775447276828,key-43,29
1775447276834,key-4,1077
1775447276835,key-12,474
1775447276836,key-41,266
1775447276836,key-43,37
1775447276836,key-48,901
1775447276843,key-16,968
1775447276844,key-4,1087
1775447276845,key-6,370
1775447276851,key-12,490
1775447276852,key-18,69
1775447276853,key-35,49
1775447276856,key-35,52
1775447276859,key-44,323
1775447276865,key-4,1108
1775447276868,key-4,1111
1775447276869,key-4,1112
1775447276869,key-42,1578
1775447276870,key-41,300
1775447276874,key-25,1403
1775447276874,key-42,1583
1775447276875,key-48,10
1775447276875,key-32,10
1775447276877,key-35,73
1775447276879,key-12,518
1775447276879,key-34,837
1775447276885,key-35,3
1775447276889,key-5,1763
1775447276889,key-30,108
1775447276889,key-5,1763
1775447276892,key-48,27
1775447276901,key-48,36
1775447276901,key-35,19
1775447276901,key-5,1775
1775447276903,key-35,21
1775447276904,key-41,334
1775447276908,key-42,1617
1775447276910,key-24,960
1775447276910,key-18,127
1775447276911,key-34,869
1775447276911,key-23,1201
1775447276911,key-35,29
1775447276914,key-35,32
1775447276914,key-18,131
1775447276915,key-40,516
1775447276916,key-32,51
1775447276917,key-18,134
1775447276918,key-5,1792
1775447276919,key-5,1793
1775447276919,key-34,877
1775447276921,key-8,111
1775447276927,key-18,144
1775447276928,key-18,145
1775447276928,key-48,63
1775447276930,key-8,120
1775447276936,key-18,153
1775447276938,key-5,19
1775447276939,key-18,156
1775447276940,key-35,58
1775447276940,key-19,738
1775447276941,key-18,158
1775447276947,key-18,164
1775447276948,key-28,40
1775447276948,key-20,399
1775447276950,key-8,140
1775447276950,key-48,85
1775447276951,key-20,402
1775447276953,key-34,911
1775447276955,key-41,385
1775447276956,key-48,91
1775447276957,key-28,49
1775447276958,key-34,916
1775447276959,key-48,94
1775447276960,key-20,411
1775447276960,key-20,411
1775447276961,key-48,96
1775447276963,key-28,55
1775447276964,key-48,99
1775447276964,key-48,99
1775447276965,key-27,7
1775447276965,key-18,182
1775447276970,key-37,208
1775447276972,key-48,107
1775447276973,key-18,190
1775447276974,key-48,109
1775447276976,key-8,166
1775447276978,key-37,216
1775447276979,key-48,114
1775447276979,key-39,1022
1775447276980,key-18,197
1775447276981,key-16,116
1775447276981,key-18,198
1775447276982,key-48,117
1775447276984,key-8,174
1775447276986,key-50,1041
1775447276988,key-50,1043
1775447276991,key-48,126
1775447276991,key-48,126
1775447276994,key-50,1049
1775447276994,key-50,1049
1775447276994,key-50,1049
1775447276995,key-48,130
1775447277001,key-50,1056
1775447277001,key-50,1056
1775447277003,key-41,19
1775447277004,key-50,1059
1775447277005,key-40,606
1775447277006,key-50,1061
1775447277012,key-40,613
1775447277014,key-19,2
1775447277015,key-12,654
1775447277015,key-19,3
1775447277016,key-8,206
1775447277018,key-15,15
1775447277019,key-11,1224
1775447277020,key-24,1070
1775447277021,key-19,9
1775447277021,key-8,211
1775447277022,key-41,38
1775447277023,key-19,11
1775447277026,key-40,627
1775447277026,key-11,1231
1775447277027,key-50,1082
1775447277033,key-35,151
1775447277034,key-24,1084
1775447277035,key-19,23
1775447277037,key-35,155
1775447277038,key-19,26
1775447277042,key-26,629
1775447277042,key-22,26
1775447277043,key-40,644
1775447277044,key-14,2
1775447277045,key-19,33
1775447277046,key-21,566
1775447277047,key-50,1102
1775447277048,key-22,32
1775447277052,key-40,653
1775447277053,key-8,243
1775447277054,key-14,12
1775447277055,key-50,1110
1775447277055,key-19,43
1775447277056,key-19,44
1775447277057,key-35,175
1775447277059,key-19,47
1775447277059,key-35,177
1775447277059,key-22,43
1775447277068,key-22,52
1775447277068,key-14,26
1775447277069,key-25,1598
1775447277069,key-26,656
1775447277070,key-19,58
1775447277071,key-19,59
1775447277072,key-22,56
1775447277072,key-35,190
1775447277072,key-10,80
1775447277075,key-26,662
1775447277075,key-50,1130
1775447277076,key-33,311
1775447277084,key-10,92
1775447277084,key-4,1327
1775447277085,key-19,73
1775447277086,key-10,94
1775447277088,key-31,1508
1775447277089,key-3,5
1775447277090,key-43,182
1775447277097,key-10,105
1775447277097,key-4,13
1775447277098,key-10,106
1775447277099,key-31,1519
1775447277100,key-4,16
1775447277101,key-33,17
1775447277102,key-4,18
1775447277102,key-19,90
1775447277104,key-11,1309
1775447277105,key-33,21
1775447277109,key-4,25
1775447277110,key-15,108
1775447277111,key-19,99
1775447277112,key-10,120
1775447277112,key-48,1
1775447277113,key-28,205
1775447277113,key-4,29
1775447277114,key-31,1534
1775447277117,key-15,115
1775447277117,key-48,6
1775447277118,key-15,116
1775447277118,key-4,34
1775447277120,key-4,36
1775447277120,key-33,36
1775447277125,key-31,1545
1775447277127,key-15,125
1775447277128,key-15,126
1775447277128,key-34,1086
1775447277133,key-48,22
1775447277134,key-48,23
1775447277134,key-45,228
1775447277138,key-4,54
1775447277142,key-48,31
1775447277143,key-15,141
1775447277146,key-28,32
1775447277147,key-15,145
1775447277148,key-31,1568
1775447277152,key-34,1110
1775447277153,key-15,151
1775447277153,key-45,247
1775447277154,key-2,2626
1775447277154,key-45,248
1775447277156,key-4,72
1775447277156,key-40,757
1775447277156,key-48,45
1775447277157,key-33,73
1775447277157,key-48,46
1775447277158,key-30,377
1775447277159,key-48,48
1775447277159,key-3,75
1775447277159,key-31,1579
1775447277160,key-28,46
1775447277163,key-45,257
1775447277168,key-28,54
1775447277169,key-21,689
1775447277170,key-29,1111
1775447277171,key-44,112
1775447277171,key-45,265
1775447277173,key-48,62
1775447277174,key-48,63
1775447277180,key-29,1121
1775447277180,key-30,399
1775447277180,key-44,121
1775447277181,key-18,398
1775447277183,key-6,708
1775447277185,key-29,1126
1775447277188,key-31,1608
1775447277189,key-6,714
1775447277190,key-3,106
1775447277193,key-45,287
1775447277195,key-44,136
1775447277197,key-29,1138
1775447277198,key-48,21
1775447277199,key-45,293
1775447277200,key-31,1620
1775447277205,key-29,9
1775447277205,key-18,422
1775447277205,key-47,14
1775447277207,key-10,215
1775447277213,key-27,255
1775447277214,key-21,734
1775447277214,key-5,295
1775447277215,key-10,223
1775447277215,key-6,740
1775447277217,key-49,311
1775447277217,key-10,225
1775447277217,key-27,259
1775447277219,key-22,203
1775447277219,key-26,4
1775447277220,key-10,228
1775447277220,key-29,24
1775447277225,key-6,750
1775447277225,key-42,1934
1775447277227,key-27,269
1775447277227,key-10,235
1775447277230,key-21,13
1775447277231,key-49,325
1775447277232,key-10,240
1775447277244,key-49,338
1775447277245,key-9,927
1775447277245,key-10,253
1775447277245,key-10,253
1775447277246,key-49,340
1775447277246,key-26,31
1775447277246,key-26,31
1775447277247,key-10,255
1775447277248,key-10,256
1775447277251,key-10,259
1775447277253,key-9,935
1775447277253,key-42,1962
1775447277256,key-29,60
1775447277256,key-48,79
1775447277257,key-29,61
1775447277258,key-42,1967
1775447277259,key-9,941
1775447277259,key-10,267
1775447277260,key-2,56
1775447277260,key-10,268
1775447277262,key-10,270
1775447277263,key-28,149
1775447277264,key-26,49
1775447277265,key-42,1974
1775447277271,key-10,279
1775447277271,key-18,488
1775447277273,key-26,58
1775447277274,key-10,282
1775447277282,key-42,1991
1775447277284,key-42,1993
1775447277286,key-9,968
1775447277286,key-41,302
1775447277289,key-41,305
1775447277290,key-10,298
1775447277290,key-9,972
1775447277290,key-42,1999
1775447277294,key-23,1584
1775447277294,key-45,388
1775447277296,key-46,1339
1775447277296,key-38,1457
1775447277296,key-41,312
1775447277297,key-2,93
1775447277298,key-42,2007
1775447277299,key-9,981
1775447277306,key-40,3
1775447277308,key-9,990
1775447277308,key-38,1469
1775447277312,key-28,9
1775447277319,key-42,2028
1775447277320,key-1,197
1775447277320,key-38,1481
1775447277320,key-23,1610
1775447277329,key-49,423
1775447277329,key-46,1372
1775447277329,key-9,1011
1775447277331,key-1,208
1775447277333,key-2,129
1775447277334,key-9,1016
1775447277334,key-22,318
1775447277335,key-28,32
1775447277336,key-38,1497
1775447277336,key-22,320
1775447277337,key-9,1019
1775447277338,key-28,35
1775447277338,key-9,1020
1775447277339,key-1,216
1775447277341,key-9,1023
1775447277341,key-14,299
1775447277342,key-38,1503
1775447277345,key-42,2054
1775447277351,key-9,5
1775447277356,key-38,1517
1775447277356,key-1,233
1775447277356,key-29,160
1775447277358,key-9,12
1775447277358,key-9,12
1775447277358,key-9,12
1775447277360,key-37,24
1775447277360,key-1,237
1775447277365,key-8,555
1775447277366,key-29,170
1775447277367,key-1,244
1775447277368,key-42,2077
1775447277368,key-29,172
1775447277370,key-9,24
1775447277371,key-5,452
1775447277371,key-1,248
1775447277371,key-29,175
1775447277371,key-1,248
1775447277371,key-42,2080
1775447277376,key-1,253
1775447277376,key-1,253
1775447277377,key-9,31
1775447277378,key-32,400
1775447277379,key-1,256
1775447277379,key-29,183
1775447277385,key-29,189
1775447277386,key-1,263
1775447277386,key-37,50
1775447277387,key-29,191
1775447277389,key-42,2098
1775447277395,key-32,417
1775447277398,key-42,2107
1775447277399,key-29,203
1775447277399,key-1,276
1775447277400,key-29,204
1775447277401,key-1,278
1775447277401,key-29,205
1775447277403,key-1,280
1775447277403,key-29,207
1775447277411,key-7,1274
1775447277412,key-32,434
1775447277412,key-1,289
1775447277417,key-1,294
1775447277418,key-43,510
1775447277418,key-16,553
1775447277419,key-29,223
1775447277419,key-40,32
1775447277420,key-42,2129
1775447277421,key-1,298
1775447277422,key-7,1285
1775447277426,key-43,518
1775447277426,key-29,230
1775447277426,key-32,448
1775447277430,key-23,1720
1775447277431,key-37,95
1775447277454,key-1,331
1775447277455,key-7,1318
1775447277455,key-17,1079
1775447277455,key-23,1745
1775447277456,key-30,266
1775447277456,key-32,478
1775447277456,key-16,27
1775447277456,key-43,548
1775447277457,key-43,549
1775447277457,key-32,479
1775447277457,key-23,1747
1775447277458,key-1,335
1775447277459,key-29,263
1775447277461,key-30,271
1775447277464,key-29,268
1775447277467,key-32,489
1775447277478,key-29,282
1775447277478,key-36,2381
1775447277479,key-29,283
1775447277479,key-16,50
1775447277479,key-35,597
1775447277482,key-43,574
1775447277484,key-35,602
1775447277488,key-35,606
1775447277492,key-23,1782
1775447277493,key-48,1
1775447277494,key-29,298
1775447277497,key-23,1787
1775447277498,key-37,16
1775447277499,key-37,17
1775447277502,key-37,20
1775447277504,key-35,15
1775447277504,key-24,1554
1775447277506,key-35,17
1775447277506,key-26,291
1775447277510,key-48,18
1775447277513,key-36,2416
1775447277513,key-50,1568
1775447277514,key-26,299
1775447277515,key-26,300
1775447277515,key-48,23
1775447277517,key-24,1567
1775447277520,key-35,31
1775447277520,key-48,28
1775447277522,key-37,40
1775447277523,key-37,41
1775447277527,key-26,312
1775447277528,key-37,46
1775447277529,key-26,314
1775447277530,key-31,1950
1775447277531,key-50,12
1775447277537,key-11,1742
1775447277541,key-48,49
1775447277542,key-24,1592
1775447277542,key-41,558
1775447277551,key-26,336
1775447277551,key-31,1971
1775447277552,key-10,224
1775447277552,key-34,1510
1775447277553,key-11,1758
1775447277553,key-11,1758
1775447277556,key-31,1976
1775447277559,key-31,1979
1775447277560,key-37,78
1775447277560,key-11,1765
1775447277560,key-34,12
1775447277561,key-34,13
1775447277565,key-11,1770
1775447277565,key-34,17
1775447277566,key-34,18
1775447277567,key-50,48
1775447277568,key-47,9
1775447277568,key-11,1773
1775447277569,key-25,116
1775447277570,key-31,1990
1775447277574,key-11,1779
1775447277574,key-34,26
1775447277576,key-34,28
1775447277580,key-24,1630
1775447277582,key-11,1787
1775447277585,key-17,1209
1775447277585,key-22,569
1775447277586,key-11,1791
1775447277587,key-11,1792
1775447277587,key-11,1792
1775447277587,key-11,1792
1775447277587,key-22,571
1775447277588,key-9,2
1775447277588,key-34,40
1775447277592,key-11,1797
1775447277592,key-49,686
1775447277596,key-9,10
1775447277598,key-34,50
1775447277600,key-15,103
1775447277602,key-9,16
1775447277604,key-28,301
1775447277604,key-49,698
1775447277610,key-49,704
1775447277610,key-13,19
1775447277610,key-11,1815
1775447277611,key-22,595
1775447277611,key-29,20
1775447277614,key-16,185
1775447277615,key-16,186
1775447277616,key-15,119
1775447277618,key-16,189
1775447277626,key-45,14
1775447277626,key-28,323
1775447277627,key-16,198
1775447277627,key-45,15
1775447277628,key-49,722
1775447277629,key-19,301
1775447277629,key-40,242
1775447277631,key-9,45
1775447277632,key-11,1837
1775447277633,key-46,1676
1775447277635,key-11,1840
1775447277635,key-45,23
1775447277636,key-40,249
1775447277638,key-37,156
1775447277639,key-15,142
1775447277640,key-37,158
1775447277640,key-28,337
1775447277640,key-36,92
1775447277641,key-15,144
1775447277644,key-28,341
1775447277645,key-31,2065
1775447277646,key-40,259
1775447277646,key-11,1851
1775447277649,key-40,262
1775447277654,key-40,267
1775447277659,key-33,28
1775447277660,key-50,141
1775447277660,key-9,74
1775447277661,key-37,179
1775447277661,key-45,49
1775447277662,key-41,678
1775447277666,key-45,54
1775447277669,key-36,121
1775447277669,key-1,140
1775447277670,key-40,283
1775447277670,key-13,79
1775447277670,key-46,11
1775447277671,key-33,40
1775447277672,key-38,1833
1775447277674,key-46,15
1775447277676,key-1,147
1775447277676,key-14,4
1775447277676,key-37,194
1775447277677,key-33,46
1775447277678,key-14,6
1775447277678,key-45,66
1775447277678,key-14,6
1775447277684,key-33,53
1775447277685,key-45,73
1775447277685,key-34,137
1775447277685,key-1,156
1775447277686,key-46,27
1775447277686,key-33,55
1775447277687,key-40,300
1775447277687,key-40,300
1775447277690,key-34,142
1775447277690,key-37,208
1775447277692,key-1,163
1775447277693,key-40,306
1775447277695,key-40,308
1775447277695,key-19,367
1775447277696,key-45,84
1775447277700,key-45,88
1775447277701,key-14,29
1775447277701,key-19,373
1775447277702,key-2,15
1775447277705,key-46,46
1775447277707,key-8,897
1775447277709,key-1,180
1775447277713,key-45,101
1775447277714,key-8,904
1775447277715,key-12,1354
1775447277717,key-37,235
1775447277719,key-40,332
1775447277719,key-8,909
1775447277719,key-11,1924
1775447277720,key-30,530
1775447277722,key-45,110
1775447277723,key-19,395
1775447277723,key-21,506
1775447277723,key-8,913
1775447277723,key-37,241
1775447277724,key-1,195
1775447277725,key-31,2145
1775447277726,key-11,1931
1775447277728,key-13,137
1775447277728,key-39,1771
1775447277728,key-13,137
1775447277729,key-11,1934
1775447277729,key-39,1772
1775447277730,key-13,139
1775447277732,key-1,203
1775447277737,key-19,409
1775447277737,key-45,125
1775447277738,key-11,1943
1775447277748,key-11,1953
1775447277748,key-45,136
1775447277748,key-11,1953
1775447277748,key-14,76
1775447277749,key-1,220
1775447277749,key-13,158
1775447277750,key-11,1955
1775447277752,key-11,1957
1775447277753,key-42,26
1775447277753,key-39,1796
1775447277758,key-45,146
1775447277760,key-11,1965
1775447277761,key-1,232
1775447277761,key-40,374
1775447277761,key-26,546
1775447277762,key-50,243
1775447277763,key-45,151
1775447277765,key-45,153
1775447277766,key-42,39
1775447277767,key-27,809
1775447277768,key-11,1973
1775447277769,key-11,1974
1775447277769,key-15,272
1775447277770,key-39,1813
1775447277773,key-1,244
1775447277773,key-45,161
1775447277773,key-27,815
1775447277773,key-27,815
1775447277779,key-45,167
1775447277784,key-11,1989
1775447277784,key-45,172
1775447277786,key-1,257
1775447277787,key-15,290
1775447277789,key-39,1832
1775447277789,key-39,1832
1775447277790,key-49,884
1775447277790,key-20,1241
1775447277790,key-45,178
1775447277791,key-27,833
1775447277796,key-45,184
1775447277798,key-45,186
1775447277804,key-45,192
1775447277805,key-15,308
1775447277805,key-45,193
1775447277808,key-47,249
1775447277809,key-30,14
1775447277809,key-19,481
1775447277810,key-45,198
1775447277811,key-11,2016
1775447277818,key-38,1979
1775447277819,key-1,290
1775447277820,key-45,208
1775447277821,key-30,26
1775447277826,key-45,214
1775447277827,key-30,32
1775447277828,key-45,216
1775447277830,key-30,35
1775447277833,key-45,221
1775447277833,key-11,2038
1775447277834,key-45,222
1775447277834,key-45,222
1775447277834,key-46,175
1775447277835,key-30,40
1775447277837,key-39,1880
1775447277839,key-45,227
1775447277840,key-45,228
1775447277846,key-46,187
1775447277847,key-45,235
1775447277847,key-45,235
1775447277847,key-39,1890
1775447277847,key-30,52
1775447277848,key-45,236
1775447277851,key-26,636
1775447277856,key-45,244
1775447277857,key-39,1900
1775447277857,key-45,245
1775447277857,key-46,198
1775447277861,key-45,249
1775447277861,key-46,202
1775447277862,key-46,203
1775447277863,key-22,847
1775447277864,key-37,382
1775447277867,key-46,208
1775447277868,key-45,256
1775447277868,key-46,209
1775447277870,key-46,211
1775447277871,key-46,212
1775447277873,key-46,214
1775447277874,key-46,215
1775447277875,key-45,263
1775447277877,key-22,861
1775447277879,key-46,220
1775447277879,key-16,24
1775447277881,key-46,222
1775447277881,key-45,269
1775447277882,key-46,223
1775447277882,key-26,667
1775447277882,key-46,223
1775447277885,key-45,273
1775447277886,key-4,802
1775447277891,key-46,232
1775447277893,key-46,3
1775447277893,key-46,3
1775447277894,key-46,4
1775447277897,key-4,813
1775447277897,key-45,285
1775447277898,key-45,286
1775447277905,key-46,15
1775447277906,key-46,16
1775447277907,key-46,17
1775447277907,key-46,17
1775447277909,key-9,18
1775447277909,key-19,581
1775447277910,key-33,279
1775447277911,key-46,21
1775447277912,key-9,21
1775447277912,key-46,22
1775447277912,key-45,300
1775447277913,key-46,23
1775447277915,key-46,25
1775447277916,key-35,427
1775447277916,key-40,529
1775447277921,key-46,31
1775447277923,key-13,332
1775447277924,key-28,5
1775447277928,key-29,337
1775447277929,key-2,201
1775447277929,key-46,39
1775447277934,key-15,437
1775447277934,key-48,442
1775447277935,key-31,2355
1775447277936,key-28,17
1775447277937,key-13,346
1775447277938,key-34,390
1775447277938,key-42,211
1775447277939,key-30,144
1775447277940,key-35,451
1775447277940,key-13,349
1775447277942,key-29,351
1775447277943,key-17,1567
1775447277945,key-23,2235
1775447277945,key-29,354
1775447277946,key-35,457
1775447277948,key-17,1572
1775447277950,key-28,31
1775447277951,key-15,454
1775447277956,key-31,2376
1775447277957,key-31,2377
1775447277957,key-23,2247
1775447277957,key-38,2118
1775447277958,key-15,461
1775447277959,key-4,875
1775447277961,key-4,877
1775447277963,key-30,168
1775447277963,key-29,372
1775447277963,key-8,1153
1775447277965,key-43,5
1775447277966,key-29,375
1775447277967,key-4,883
1775447277967,key-17,1591
1775447277968,key-31,2388
1775447277968,key-14,296
1775447277969,key-28,50
1775447277970,key-29,379
1775447277971,key-9,80
1775447277972,key-43,12
1775447277975,key-43,15
1775447277976,key-17,1600
1775447277981,key-15,484
1775447277981,key-15,484
1775447277983,key-43,23
1775447277983,key-4,899
1775447277984,key-43,24
1775447277985,key-15,488
1775447277986,key-9,95
1775447277987,key-15,490
1775447277987,key-9,96
1775447277987,key-43,27
1775447277988,key-31,2408
1775447277988,key-9,97
1775447277989,key-46,99
1775447277989,key-36,94
1775447277991,key-9,100
1775447277991,key-9,100
1775447277993,key-24,174
1775447277996,key-46,106
1775447278001,key-9,110
1775447278002,key-24,183
1775447278005,key-38,2166
1775447278005,key-44,946
1775447278006,key-43,46
1775447278006,key-46,116
1775447278007,key-46,117
1775447278007,key-24,188
1775447278008,key-24,189
1775447278008,key-15,511
1775447278009,key-9,118
1775447278014,key-15,517
1775447278015,key-36,120
1775447278015,key-24,196
1775447278019,key-9,128
1775447278020,key-19,692
1775447278020,key-9,129
1775447278021,key-9,130
1775447278022,key-24,203
1775447278026,key-1,497
1775447278030,key-24,211
1775447278032,key-43,72
1775447278033,key-1,504
1775447278036,key-24,217
1775447278036,key-9,145
1775447278037,key-22,1021
1775447278038,key-43,78
1775447278038,key-46,148
1775447278044,key-4,960
1775447278045,key-11,2250
1775447278045,key-24,226
1775447278045,key-20,1496
1775447278045,key-9,154
1775447278046,key-24,227
1775447278046,key-46,156
1775447278049,key-22,1033
1775447278050,key-43,90
1775447278050,key-43,90
1775447278055,key-24,236
1775447278056,key-10,119
1775447278056,key-7,27
1775447278056,key-4,972
1775447278057,key-5,370
1775447278058,key-24,239
1775447278060,key-5,373
1775447278062,key-43,102
1775447278063,key-2,126
1775447278063,key-5,376
1775447278064,key-5,377
1775447278065,key-7,36
1775447278066,key-4,982
1775447278068,key-24,249
1775447278071,key-28,152
1775447278072,key-38,11
1775447278073,key-4,989
1775447278074,key-23,2364
1775447278075,key-46,185
1775447278076,key-26,861
1775447278078,key-24,259
1775447278083,key-24,264
1775447278086,key-10,149
1775447278086,key-5,399
1775447278095,key-43,135
1775447278095,key-10,158
1775447278095,key-28,176
1775447278096,key-5,409
1775447278096,key-5,409
1775447278096,key-28,177
1775447278097,key-23,2387
1775447278103,key-10,166
1775447278103,key-4,1019
1775447278106,key-5,419
1775447278106,key-7,77
1775447278107,key-23,2397
1775447278107,key-46,217
1775447278107,key-4,1023
1775447278107,key-6,1632
1775447278108,key-23,2398
1775447278112,key-7,83
1775447278114,key-23,2404
1775447278115,key-33,484
1775447278118,key-22,1102
1775447278119,key-43,159
1775447278119,key-7,90
1775447278119,key-28,200
1775447278119,key-7,90
1775447278120,key-5,433
1775447278123,key-17,1747
1775447278123,key-19,795
1775447278124,key-23,2414
1775447278126,key-5,439
1775447278126,key-5,439
1775447278129,key-19,801
1775447278138,key-12,1777
1775447278138,key-5,451
1775447278138,key-5,451
1775447278138,key-23,2428
1775447278139,key-7,110
1775447278139,key-33,508
1775447278140,key-5,453
1775447278141,key-5,454
1775447278145,key-47,254
1775447278146,key-6,10
1775447278146,key-2,209
1775447278151,key-2,214
1775447278151,key-47,260
1775447278152,key-44,1093
1775447278153,key-46,263
1775447278154,key-19,826
1775447278155,key-6,19
1775447278157,key-24,338
1775447278158,key-2,221
1775447278160,key-6,24
1775447278163,key-21,946
1775447278164,key-5,477
1775447278164,key-46,274
1775447278164,key-12,1803
1775447278165,key-5,478
1775447278165,key-2,228
1775447278165,key-46,275
1775447278166,key-47,275
1775447278166,key-47,275
1775447278168,key-10,231
1775447278169,key-28,250
1775447278172,key-46,282
1775447278172,key-46,282
1775447278175,key-5,488
1775447278178,key-46,288
1775447278180,key-46,290
1775447278181,key-46,291
1775447278181,key-46,291
1775447278182,key-12,1821
1775447278182,key-47,291
1775447278184,key-46,294
1775447278188,key-46,298
1775447278189,key-16,334
1775447278189,key-47,298
1775447278190,key-5,503
1775447278190,key-46,300
1775447278190,key-46,300
1775447278192,key-5,505
1775447278193,key-41,5
1775447278195,key-5,508
1775447278195,key-44,1136
1775447278199,key-46,309
1775447278199,key-31,2619
1775447278202,key-20,1653
1775447278202,key-5,515
1775447278203,key-46,313
1775447278203,key-46,313
1775447278204,key-5,517
1775447278208,key-46,318
1775447278209,key-19,881
1775447278210,key-16,355
1775447278211,key-5,524
1775447278212,key-44,6
1775447278214,key-20,1665
1775447278214,key-46,324
1775447278214,key-39,2257
1775447278215,key-26,1000
1775447278216,key-5,529
1775447278218,key-19,890
1775447278219,key-5,532
1775447278225,key-46,335
1775447278225,key-38,164
1775447278225,key-15,728
1775447278226,key-26,1011
1775447278227,key-15,730
1775447278228,key-15,731
1775447278229,key-16,374
1775447278229,key-23,2519
1775447278232,key-20,1683
1775447278232,key-31,2652
1775447278233,key-17,1857
1775447278236,key-24,417
1775447278237,key-22,1221
1775447278238,key-16,383
1775447278242,key-22,1226
1775447278242,key-17,1866
1775447278243,key-26,1028
1775447278245,key-15,748
1775447278309,key-15,812
1775447278309,key-15,812
1775447278310,key-37,80
1775447278310,key-49,1404
1775447278310,key-5,623
1775447278311,key-15,814
1775447278311,key-46,421
1775447278311,key-46,421
1775447278311,key-16,456
1775447278311,key-16,456
1775447278311,key-40,924
1775447278312,key-22,1296
1775447278312,key-37,82
1775447278312,key-5,625
1775447278312,key-49,1406
1775447278312,key-17,1936
1775447278313,key-23,2603
1775447278313,key-13,722
1775447278313,key-20,1764
1775447278314,key-31,2734
1775447278314,key-22,1298
1775447278314,key-18,649
1775447278314,key-46,424
1775447278314,key-23,2604
1775447278315,key-22,1299
1775447278315,key-26,1100
1775447278315,key-26,1100
1775447278326,key-46,436
1775447278328,key-16,473
1775447278329,key-5,642
1775447278329,key-38,268
1775447278329,key-18,664
1775447278330,key-17,1954
1775447278330,key-13,739
1775447278331,key-13,740
1775447278331,key-17,1955
1775447278331,key-38,270
1775447278332,key-14,660
1775447278339,key-22,1323
1775447278340,key-18,675
1775447278341,key-20,1792
1775447278341,key-33,15
1775447278344,key-33,18
1775447278344,key-33,18
1775447278346,key-19,1018
1775447278346,key-42,40
1775447278348,key-17,9
1775447278349,key-20,1800
1775447278350,key-24,44
1775447278351,key-33,25
1775447278351,key-42,45
1775447278352,key-33,26
1775447278353,key-17,14
1775447278354,key-19,1026
1775447278355,key-5,668
1775447278355,key-24,49
1775447278355,key-25,902
1775447278356,key-20,1807
1775447278356,key-16,501
1775447278358,key-20,1809
1775447278359,key-19,1031
1775447278361,key-20,1812
1775447278361,key-20,1812
1775447278362,key-42,56
1775447278363,key-17,24
1775447278364,key-19,1036
1775447278365,key-17,26
1775447278365,key-34,817
1775447278365,key-32,194
1775447278365,key-7,336
1775447278368,key-16,513
1775447278371,key-16,516
1775447278378,key-42,15
1775447278378,key-24,72
1775447278378,key-47,487
1775447278381,key-17,42
1775447278382,key-21,1165
1775447278383,key-42,20
1775447278383,key-10,77
1775447278383,key-19,1055
1775447278384,key-37,154
1775447278384,key-16,529
1775447278385,key-42,22
1775447278386,key-24,80
1775447278391,key-42,28
1775447278392,key-16,537
1775447278392,key-34,844
1775447278394,key-25,941
1775447278396,key-7,367
1775447278396,key-16,541
1775447278398,key-24,92
1775447278401,key-15,904
1775447278401,key-10,95
1775447278401,key-24,95
1775447278402,key-9,511
1775447278402,key-42,39
1775447278402,key-16,547
1775447278403,key-16,548
1775447278403,key-17,64
1775447278403,key-24,97
1775447278404,key-24,98
1775447278404,key-39,2447
1775447278407,key-34,859
1775447278408,key-24,102
1775447278409,key-24,103
1775447278411,key-24,105
1775447278411,key-24,105
1775447278412,key-34,864
1775447278413,key-17,74
1775447278416,key-16,561
1775447278416,key-34,868
1775447278419,key-6,283
1775447278419,key-24,113
1775447278419,key-12,22
1775447278427,key-25,974
1775447278428,key-34,880
1775447278433,key-19,1105
1775447278434,key-4,15
1775447278434,key-34,886
1775447278435,key-39,2478
1775447278435,key-16,580
1775447278435,key-36,540
1775447278436,key-25,983
1775447278436,key-9,545
1775447278437,key-39,2480
1775447278437,key-4,18
1775447278439,key-44,233
1775447278440,key-16,585
1775447278445,key-9,554
1775447278446,key-4,27
1775447278446,key-39,2489
1775447278447,key-19,6
1775447278448,key-39,2491
1775447278448,key-9,557
1775447278450,key-34,902
1775447278451,key-29,462
1775447278451,key-39,2494
1775447278452,key-4,33
1775447278453,key-25,1000
1775447278456,key-37,226
1775447278456,key-9,565
1775447278457,key-4,38
1775447278457,key-16,602
1775447278458,key-44,252
1775447278458,key-19,17
1775447278463,key-11,2668
1775447278463,key-37,233
1775447278465,key-37,235
1775447278465,key-29,476
1775447278467,key-19,26
1775447278467,key-9,576
1775447278468,key-1,939
1775447278471,key-25,1018
1775447278471,key-23,2761
1775447278476,key-44,270
1775447278477,key-37,247
1775447278477,key-2,171
1775447278477,key-4,58
1775447278479,key-25,1026
1775447278479,key-37,249
1775447278481,key-44,275
1775447278481,key-4,62
1775447278482,key-39,2525
1775447278483,key-11,2688
1775447278484,key-25,1031
1775447278485,key-31,2905
1775447278487,key-19,46
1775447278490,key-2,184
1775447278493,key-44,287
1775447278493,key-31,2913
1775447278495,key-37,265
1775447278495,key-11,2700
1775447278496,key-31,2916
1775447278497,key-19,56
1775447278500,key-44,294
1775447278501,key-2,195
1775447278501,key-28,582
1775447278502,key-49,1596
1775447278502,key-17,163
1775447278502,key-31,2922
1775447278504,key-17,165
1775447278508,key-31,2928
1775447278508,key-19,67
1775447278509,key-28,590
1775447278510,key-40,5
1775447278512,key-23,2802
1775447278512,key-49,1606
1775447278512,key-17,173
1775447278513,key-19,72
1775447278516,key-35,11
1775447278516,key-17,177
1775447278517,key-40,6
1775447278517,key-49,1611
1775447278518,key-44,312
1775447278519,key-17,180
1775447278521,key-19,80
1775447278525,key-40,14
1775447278525,key-28,606
1775447278528,key-49,1622
1775447278529,key-17,190
1775447278530,key-19,89
1775447278530,key-42,21
1775447278532,key-17,193
1775447278532,key-17,193
1775447278534,key-17,195
1775447278534,key-28,615
1775447278537,key-49,1631
1775447278539,key-19,98
1775447278539,key-17,200
1775447278539,key-17,200
1775447278541,key-17,202
1775447278541,key-19,100
1775447278544,key-33,218
1775447278547,key-19,106
1775447278547,key-17,208
1775447278548,key-17,209
1775447278549,key-39,2592
1775447278550,key-50,472
1775447278550,key-44,344
1775447278551,key-17,212
1775447278553,key-17,214
1775447278554,key-35,49
1775447278554,key-17,215
1775447278555,key-17,216
1775447278557,key-49,1651
1775447278558,key-33,232
1775447278558,key-37,328
1775447278559,key-17,220
1775447278560,key-49,1654
1775447278561,key-44,355
1775447278562,key-24,256
1775447278563,key-17,224
1775447278563,key-24,257
1775447278566,key-17,227
1775447278566,key-12,57
1775447278567,key-35,62
1775447278567,key-50,489
1775447278570,key-24,264
1775447278571,key-24,265
1775447278571,key-37,341
1775447278572,key-24,266
1775447278572,key-17,233
1775447278573,key-37,343
1775447278575,key-17,236
1775447278575,key-17,236
1775447278576,key-38,515
1775447278578,key-49,1672
1775447278579,key-24,273
1775447278579,key-17,240
1775447278585,key-24,279
1775447278586,key-17,247
1775447278586,key-24,280
1775447278587,key-49,1681
1775447278590,key-49,1684
1775447278591,key-47,700
1775447278592,key-17,253
1775447278593,key-49,1687
1775447278593,key-24,287
1775447278595,key-17,256
1775447278596,key-32,425
1775447278601,key-41,397
1775447278602,key-24,296
1775447278603,key-17,264
1775447278603,key-49,1697
1775447278604,key-49,1698
1775447278604,key-32,433
1775447278605,key-17,266
1775447278606,key-40,95
1775447278607,key-47,716
1775447278608,key-2,302
1775447278608,key-47,717
1775447278611,key-47,720
1775447278612,key-43,6
1775447278613,key-48,674
1775447278614,key-47,723
1775447278615,key-47,724
1775447278616,key-34,10
1775447278616,key-47,725
1775447278616,key-37,386
1775447278617,key-41,413
1775447278617,key-40,106
1775447278618,key-2,312
1775447278619,key-34,13
1775447278622,key-34,16
1775447278622,key-24,316
1775447278622,key-34,16
1775447278623,key-47,732
1775447278624,key-34,18
1775447278625,key-47,734
1775447278628,key-17,289
1775447278629,key-12,120
1775447278629,key-24,323
1775447278630,key-34,24
1775447278631,key-48,692
1775447278634,key-34,28
1775447278636,key-34,30
1775447278644,key-3,508
1775447278645,key-4,226
1775447278645,key-20,2096
1775447278645,key-17,306
1775447278645,key-3,509
1775447278645,key-28,726
1775447278646,key-41,442
1775447278647,key-12,138
1775447278648,key-47,757
1775447278648,key-34,42
1775447278649,key-17,310
1775447278651,key-20,2102
1775447278656,key-47,765
1775447278656,key-12,147
1775447278658,key-29,669
1775447278658,key-20,2109
1775447278661,key-14,989
1775447278662,key-34,56
1775447278663,key-45,1051
1775447278665,key-17,326
1775447278665,key-17,326
1775447278666,key-21,1449
1775447278666,key-17,327
1775447278668,key-17,329
1775447278668,key-20,2119
1775447278669,key-41,7
1775447278670,key-20,2121
1775447278670,key-17,331
1775447278670,key-11,2875
1775447278670,key-40,4
1775447278671,key-45,1059
1775447278672,key-29,683
1775447278672,key-11,2877
1775447278674,key-20,2125
1775447278675,key-45,1063
1775447278675,key-17,336
1775447278676,key-48,737
1775447278677,key-45,1065
1775447278678,key-37,448
1775447278680,key-37,450
1775447278682,key-40,16
1775447278686,key-21,1469
1775447278687,key-17,348
1775447278690,key-49,1784
1775447278690,key-29,701
1775447278691,key-17,352
1775447278691,key-21,1474
1775447278691,key-29,702
1775447278695,key-45,1083
1775447278698,key-37,468
1775447278700,key-17,361
1775447278701,key-20,2152
1775447278703,key-17,364
1775447278705,key-17,366
1775447278705,key-29,716
1775447278707,key-18,1042
1775447278709,key-34,103
1775447278709,key-17,370
1775447278710,key-40,44
1775447278710,key-19,2
1775447278713,key-29,724
1775447278715,key-23,3005
1775447278716,key-31,3136
1775447278716,key-45,1104
1775447278717,key-29,728
1775447278721,key-45,1109
1775447278722,key-19,14
1775447278723,key-45,1111
1775447278726,key-7,25
1775447278727,key-44,521
1775447278728,key-17,389
1775447278729,key-42,220
1775447278730,key-21,1513
1775447278730,key-23,3020
1775447278731,key-23,3021
1775447278731,key-17,392
1775447278731,key-29,742
1775447278733,key-40,67
1775447278733,key-23,3023
1775447278734,key-17,395
1775447278735,key-45,1123
1775447278736,key-47,15
1775447278737,key-40,71
1775447278737,key-29,748
1775447278739,key-19,31
1775447278739,key-47,18
1775447278739,key-44,533
1775447278743,key-47,22
1775447278747,key-44,541
1775447278747,key-47,26
1775447278750,key-21,1533
1775447278751,key-17,412
1775447278752,key-17,413
1775447278756,key-47,35
1775447278757,key-40,91
1775447278758,key-17,419
1775447278758,key-40,92
1775447278759,key-19,51
1775447278759,key-17,420
1775447278759,key-40,93
1775447278761,key-17,422
1775447278763,key-47,42
1775447278763,key-50,154
1775447278765,key-21,1548
1775447278766,key-18,1101
1775447278768,key-37,538
1775447278769,key-40,103
1775447278769,key-20,2220
1775447278771,key-47,50
1775447278775,key-21,1558
1775447278776,key-20,2227
1775447278776,key-30,981
1775447278777,key-17,438
1775447278777,key-19,69
1775447278777,key-47,56
1775447278777,key-21,1560
1775447278778,key-37,548
1775447278779,key-37,549
1775447278783,key-22,1767
1775447278784,key-40,118
1775447278785,key-42,276
1775447278787,key-20,2238
1775447278787,key-42,278
1775447278793,key-3,657
1775447278795,key-20,2246
1775447278802,key-20,2253
1775447278802,key-37,572
1775447278803,key-3,667
1775447278804,key-37,574
1775447278807,key-20,2258
1775447278808,key-37,578
1775447278809,key-42,300
1775447278810,key-29,821
1775447278816,key-49,1910
1775447278816,key-44,610
1775447278816,key-37,586
1775447278818,key-37,588
1775447278818,key-2,512
1775447278819,key-7,7
1775447278820,key-37,590
1775447278823,key-16,212
1775447278823,key-44,617
1775447278823,key-37,593
1775447278824,key-22,12
1775447278824,key-10,518
1775447278825,key-22,13
1775447278826,key-19,118
1775447278827,key-10,521
1775447278827,key-37,597
1775447278827,key-42,318
1775447278829,key-19,121
1775447278830,key-50,1
1775447278833,key-44,627
1775447278837,key-19,129
1775447278840,key-37,610
1775447278841,key-37,611
1775447278842,key-19,134
1775447278844,key-10,538
1775447278847,key-33,521
1775447278850,key-44,644
1775447278850,key-19,142
1775447278852,key-42,343
1775447278852,key-37,622
1775447278854,key-37,624
1775447278855,key-44,649
1775447278856,key-37,626
1775447278859,key-50,30
1775447278859,key-2,553
1775447278860,key-19,152
1775447278861,key-37,631
1775447278862,key-37,632
1775447278862,key-45,1250
1775447278863,key-1,1334
1775447278864,key-42,355
1775447278864,key-6,728
1775447278866,key-37,636
1775447278867,key-41,205
1775447278868,key-45,1256
1775447278870,key-37,640
1775447278870,key-41,208
1775447278873,key-41,211
1775447278874,key-50,45
1775447278874,key-20,2325
1775447278876,key-50,47
1775447278878,key-9,373
1775447278883,key-9,378
1775447278883,key-17,544
1775447278888,key-37,658
1775447278888,key-50,59
1775447278888,key-20,2339
1775447278888,key-6,752
1775447278890,key-45,1278
1775447278893,key-20,2344
1775447278893,key-37,663
1775447278895,key-1,1366
1775447278897,key-20,2348
1775447278900,key-45,1288
1775447278900,key-45,1288
1775447278900,key-20,2351
1775447278902,key-20,2353
1775447278902,key-20,2353
1775447278907,key-15,1410
1775447278909,key-9,404
1775447278912,key-9,407
1775447278915,key-45,1303
1775447278915,key-20,2366
1775447278915,key-18,4
1775447278916,key-20,2367
1775447278916,key-20,2367
1775447278917,key-1,1388
1775447278920,key-24,108
1775447278924,key-9,419
1775447278924,key-1,1395
1775447278928,key-20,2379
1775447278929,key-1,1400
1775447278929,key-15,1432
1775447278930,key-20,2381
1775447278935,key-20,2386
1775447278936,key-18,25
1775447278939,key-49,2033
1775447278948,key-20,2399
1775447278960,key-4,541
1775447278960,key-1,1431
1775447278960,key-20,2411
1775447278961,key-20,2412
1775447278961,key-20,2412
1775447278961,key-20,2412
1775447278967,key-26,1752
1775447278968,key-20,2419
1775447278968,key-3,832
1775447278968,key-23,156
1775447278968,key-1,1439
1775447278971,key-24,159
1775447278971,key-24,159
1775447278971,key-44,765
1775447278973,key-9,11
1775447278974,key-49,2068
1775447278978,key-24,166
1775447278978,key-23,166
1775447278980,key-36,1085
1775447278981,key-24,169
1775447278984,key-3,848
1775447278989,key-20,5
1775447278989,key-24,177
1775447278989,key-44,783
1775447278990,key-26,1775
1775447278993,key-41,331
1775447278995,key-25,15
1775447278996,key-24,184
1775447279000,key-26,1785
1775447279000,key-37,770
1775447279001,key-33,53
1775447279001,key-24,189
1775447279004,key-20,16
1775447279004,key-24,192
1775447279006,key-27,501
1775447279011,key-36,1116
1775447279012,key-37,782
1775447279013,key-37,783
1775447279013,key-26,1798
1775447279013,key-44,807
1775447279014,key-33,66
1775447279014,key-20,26
1775447279015,key-2,103
1775447279015,key-36,1120
1775447279018,key-18,107
1775447279018,key-26,1803
1775447279020,key-36,1125
1775447279021,key-26,3
1775447279022,key-37,792
1775447279026,key-50,197
1775447279029,key-44,823
1775447279033,key-37,803
1775447279033,key-11,3238
1775447279036,key-26,18
1775447279036,key-20,48
1775447279036,key-36,1141
1775447279038,key-16,427
1775447279041,key-18,130
1775447279042,key-1,1513
1775447279042,key-27,537
1775447279045,key-50,216
1775447279046,key-24,234
1775447279046,key-18,135
1775447279047,key-36,1152
1775447279047,key-18,136
1775447279047,key-26,29
1775447279051,key-50,222
1775447279051,key-50,222
1775447279052,key-18,141
1775447279054,key-18,143
1775447279056,key-18,145
1775447279060,key-18,149
1775447279062,key-1,1533
1775447279062,key-23,250
1775447279065,key-27,560
1775447279065,key-24,253
1775447279065,key-18,154
1775447279066,key-18,155
1775447279066,key-20,78
1775447279066,key-26,48
1775447279068,key-18,157
1775447279069,key-18,158
1775447279073,key-11,3278
1775447279075,key-18,164
1775447279075,key-18,164
1775447279077,key-23,265
1775447279078,key-26,60
1775447279078,key-26,60
1775447279078,key-34,472
1775447279079,key-18,168
1775447279080,key-24,268
1775447279080,key-23,268
1775447279084,key-24,272
1775447279086,key-24,274
1775447279086,key-24,274
1775447279088,key-3,952
1775447279088,key-18,177
1775447279093,key-35,588
1775447279096,key-6,960
1775447279096,key-34,490
1775447279099,key-26,81
1775447279106,key-35,601
1775447279106,key-24,294
1775447279111,key-23,299
1775447279112,key-36,1217
1775447279113,key-1,1584
1775447279118,key-35,613
1775447279120,key-24,6
1775447279121,key-24,7
1775447279124,key-24,10
1775447279126,key-35,621
1775447279127,key-16,516
1775447279127,key-24,13
1775447279128,key-24,14
1775447279129,key-12,215
1775447279129,key-2,20
1775447279131,key-35,626
1775447279131,key-24,17
1775447279132,key-9,170
1775447279134,key-24,20
1775447279136,key-24,22
1775447279136,key-24,22
1775447279144,key-47,423
1775447279145,key-24,31
1775447279145,key-48,1206
1775447279158,key-9,26
1775447279159,key-9,27
1775447279160,key-24,46
1775447279160,key-16,549
1775447279160,key-9,28
1775447279161,key-24,47
1775447279162,key-43,556
1775447279162,key-35,657
1775447279165,key-30,1370
1775447279166,key-16,555
1775447279168,key-43,562
1775447279171,key-24,57
1775447279172,key-35,667
1775447279172,key-37,942
1775447279172,key-48,1233
1775447279173,key-9,41
1775447279177,key-47,456
1775447279180,key-16,569
1775447279187,key-10,182
1775447279188,key-35,683
1775447279188,key-47,467
1775447279189,key-31,3609
1775447279191,key-16,580
1775447279192,key-39,3235
1775447279200,key-43,594
1775447279201,key-47,480
1775447279202,key-47,481
1775447279204,key-9,72
1775447279206,key-35,701
1775447279206,key-27,701
1775447279206,key-24,92
1775447279207,key-43,601
1775447279207,key-31,3627
1775447279208,key-18,297
1775447279209,key-9,77
1775447279213,key-48,1274
1775447279220,key-9,9
1775447279220,key-1,1691
1775447279221,key-44,10
1775447279222,key-9,11
1775447279223,key-9,12
1775447279227,key-18,316
1775447279230,key-40,564
1775447279233,key-48,1294
1775447279233,key-9,22
1775447279236,key-24,122
1775447279236,key-34,89
1775447279243,key-27,738
1775447279243,key-27,738
1775447279245,key-22,433
1775447279245,key-9,34
1775447279247,key-9,36
1775447279255,key-24,141
1775447279259,key-6,1123
1775447279259,key-22,447
1775447279260,key-18,349
1775447279261,key-1,1732
1775447279264,key-9,53
1775447279266,key-14,27
1775447279268,key-14,29
1775447279270,key-48,1331
1775447279270,key-14,31
1775447279273,key-6,1137
1775447279274,key-34,127
1775447279278,key-19,31
1775447279284,key-6,1148
1775447279285,key-48,1346
1775447279286,key-18,375
1775447279287,key-12,373
1775447279287,key-9,76
1775447279288,key-14,49
1775447279289,key-26,271
1775447279294,key-34,147
1775447279294,key-14,55
1775447279294,key-36,1399
1775447279298,key-34,151
1775447279301,key-13,334
1775447279304,key-28,34
1775447279306,key-37,1076
1775447279309,key-18,398
1775447279314,key-40,29
1775447279315,key-37,1085
1775447279316,key-36,1421
1775447279316,key-13,349
1775447279318,key-40,33
1775447279319,key-36,1424
1775447279323,key-40,38
1775447279323,key-46,1433
1775447279324,key-28,54
1775447279324,key-12,410
1775447279325,key-48,1386
1775447279326,key-7,514
1775447279332,key-14,93
1775447279332,key-21,65
1775447279335,key-37,1105
1775447279336,key-13,369
1775447279337,key-21,70
1775447279337,key-13,370
1775447279342,key-14,103
1775447279348,key-13,381
1775447279349,key-13,382
1775447279349,key-12,435
1775447279349,key-37,1119
1775447279352,key-13,385
1775447279357,key-21,90
1775447279363,key-13,396
1775447279364,key-31,3784
1775447279366,key-41,361
1775447279393,key-13,426
1775447279393,key-21,126
1775447279394,key-12,480
1775447279395,key-7,583
1775447279395,key-40,110
1775447279396,key-13,429
1775447279397,key-41,392
1775447279397,key-13,430
1775447279398,key-21,131
1775447279398,key-13,431
1775447279398,key-14,159
1775447279398,key-21,131
1775447279398,key-9,187
1775447279413,key-14,174
1775447279418,key-38,1357
1775447279419,key-13,452
1775447279419,key-14,6
1775447279420,key-14,7
1775447279423,key-21,156
1775447279424,key-48,1485
1775447279425,key-13,458
1775447279426,key-1,1897
1775447279429,key-9,218
1775447279430,key-14,17
1775447279430,key-13,463
1775447279434,key-29,1445
1775447279436,key-14,23
1775447279437,key-20,25
1775447279437,key-14,24
1775447279439,key-1,1910
1775447279444,key-14,31
1775447279444,key-9,233
1775447279444,key-14,31
1775447279446,key-21,179
1775447279448,key-1,1919
1775447279454,key-1,1925
1775447279454,key-43,848
1775447279455,key-47,734
1775447279459,key-12,545
1775447279460,key-12,546
1775447279462,key-14,49
1775447279463,key-9,252
1775447279464,key-9,253
1775447279464,key-3,52
1775447279465,key-1,1936
1775447279465,key-14,52
1775447279470,key-28,200
1775447279471,key-30,1676
1775447279475,key-12,561
1775447279476,key-28,206
1775447279477,key-14,64
1775447279478,key-19,231
1775447279478,key-30,1683
1775447279478,key-45,1866
1775447279479,key-21,212
1775447279485,key-11,3690
1775447279486,key-21,219
1775447279487,key-14,74
1775447279491,key-35,986
1775447279492,key-10,487
1775447279496,key-14,83
1775447279500,key-35,995
1775447279500,key-35,995
1775447279504,key-19,257
1775447279505,key-10,500
1775447279512,key-15,2015
1775447279512,key-10,507
1775447279514,key-14,101
1775447279516,key-35,1011
1775447279520,key-15,2023
1775447279521,key-35,1016
1775447279521,key-30,1726
1775447279521,key-35,1016
1775447279521,key-45,1909
1775447279528,key-35,1023
1775447279531,key-14,118
1775447279533,key-35,1028
1775447279538,key-6,1402
1775447279538,key-35,1033
1775447279538,key-8,730
1775447279539,key-13,572
1775447279540,key-9,329
1775447279541,key-30,1746
1775447279546,key-9,335
1775447279546,key-14,133
1775447279548,key-9,337
1775447279552,key-8,744
1775447279552,key-9,341
1775447279558,key-35,1053
1775447279558,key-6,1422
1775447279559,key-35,1054
1775447279560,key-9,349
1775447279562,key-39,3605
1775447279566,key-9,355
1775447279579,key-9,368
1775447279580,key-35,1075
1775447279581,key-50,752
1775447279586,key-32,922
1775447279588,key-40,25
1775447279590,key-30,1795
1775447279590,key-7,778
1775447279592,key-9,381
1775447279593,key-9,382
1775447279593,key-6,1457
1775447279595,key-9,384
1775447279596,key-40,33
1775447279597,key-8,789
1775447279597,key-9,386
1775447279599,key-40,36
1775447279600,key-36,7
1775447279611,key-40,48
1775447279611,key-7,799
1775447279612,key-38,1551
1775447279613,key-36,20
1775447279613,key-25,633
1775447279613,key-16,1002
1775447279614,key-40,51
1775447279616,key-7,804
1775447279618,key-28,348
1775447279619,key-13,652
1775447279619,key-9,408
1775447279620,key-30,1825
1775447279626,key-36,33
1775447279629,key-28,359
1775447279630,key-9,419
1775447279631,key-30,1836
1775447279631,key-9,420
1775447279633,key-13,666
1775447279637,key-5,8
1775447279638,key-9,427
1775447279641,key-30,1846
1775447279643,key-12,729
1775447279644,key-27,1139
1775447279645,key-26,627
1775447279646,key-30,1851
1775447279648,key-9,437
1775447279648,key-29,20
1775447279652,key-30,1857
1775447279653,key-9,442
1775447279655,key-9,444
1775447279660,key-13,693
1775447279660,key-30,1865
1775447279661,key-5,32
1775447279663,key-27,1158
1775447279667,key-13,700
1775447279669,key-30,1874
1775447279673,key-30,1878
1775447279675,key-9,464
1775447279675,key-30,1880
1775447279676,key-5,47
1775447279677,key-9,466
1775447279681,key-9,470
1775447279682,key-12,768
1775447279682,key-48,1743
1775447279682,key-9,471
1775447279683,key-2,574
1775447279684,key-27,1179
1775447279684,key-9,473
1775447279685,key-28,20
1775447279687,key-27,1182
1775447279692,key-27,1187
1775447279692,key-27,1187
1775447279693,key-3,130
1775447279695,key-9,484
1775447279695,key-9,484
1775447279696,key-48,1757
1775447279696,key-9,485
1775447279701,key-9,490
1775447279701,key-45,2089
1775447279702,key-9,491
1775447279702,key-48,1763
1775447279702,key-9,491
1775447279706,key-9,495
1775447279706,key-2,597
1775447279707,key-27,1202
1775447279710,key-9,499
1775447279710,key-9,499
1775447279711,key-18,800
1775447279714,key-18,803
1775447279715,key-9,504
1775447279715,key-14,302
1775447279715,key-47,994
1775447279717,key-3,154
1775447279723,key-31,297
1775447279723,key-18,812
1775447279727,key-3,164
1775447279728,key-23,916
1775447279729,key-27,1224
1775447279730,key-14,317
1775447279730,key-9,519
1775447279731,key-49,79
1775447279735,key-3,172
1775447279738,key-9,527
1775447279741,key-49,89
1775447279741,key-3,178
1775447279742,key-10,113
1775447279746,key-14,333
1775447279746,key-37,1516
1775447279747,key-49,95
1775447279747,key-9,536
1775447279748,key-27,1243
1775447279752,key-40,30
1775447279753,key-9,542
1775447279754,key-4,1335
1775447279754,key-9,543
1775447279758,key-49,106
1775447279759,key-14,346
1775447279760,key-9,549
1775447279760,key-49,108
1775447279760,key-49,108
1775447279762,key-40,40
1775447279764,key-10,135
1775447279767,key-41,762
1775447279770,key-15,98
1775447279770,key-10,141
1775447279771,key-9,560
1775447279772,key-37,1542
1775447279773,key-14,360
1775447279774,key-46,1884
1775447279775,key-14,362
1775447279783,key-40,61
1775447279785,key-9,574
1775447279789,key-49,137
1775447279791,key-14,378
1775447279794,key-22,150
1775447279794,key-1,2265
1775447279795,key-14,382
1775447279796,key-11,4001
1775447279798,key-37,1568
1775447279799,key-37,1569
1775447279803,key-8,995
1775447279803,key-37,1573
1775447279804,key-14,391
1775447279806,key-33,213
1775447279807,key-14,394
1775447279815,key-14,402
1775447279818,key-11,4023
1775447279818,key-6,1682
1775447279819,key-14,406
1775447279822,key-49,170
1775447279823,key-8,1015
1775447279825,key-40,103
1775447279825,key-34,678
1775447279826,key-14,413
1775447279833,key-49,181
1775447279833,key-31,407
1775447279833,key-34,686
1775447279833,key-13,866
1775447279836,key-49,184
1775447279837,key-14,424
1775447279840,key-14,427
1775447279841,key-7,18
1775447279842,key-11,4047
1775447279842,key-49,190
1775447279843,key-7,20
1775447279847,key-40,125
1775447279849,key-14,436
1775447279863,key-7,40
1775447279863,key-30,2068
1775447279863,key-14,450
1775447279864,key-15,2
1775447279864,key-21,78
1775447279866,key-13,899
1775447279870,key-14,457
1775447279870,key-15,8
1775447279870,key-15,8
1775447279879,key-46,105
1775447279879,key-7,56
1775447279879,key-7,56
1775447279882,key-15,20
1775447279882,key-14,469
1775447279883,key-9,672
1775447279885,key-15,23
1775447279886,key-50,166
1775447279886,key-46,112
1775447279887,key-14,474
1775447279888,key-15,26
1775447279891,key-13,924
1775447279892,key-14,479
1775447279892,key-14,479
1775447279901,key-35,151
1775447279902,key-31,476
1775447279910,key-13,943
1775447279911,key-12,997
1775447279912,key-13,945
1775447279913,key-47,19
1775447279913,key-7,90
1775447279913,key-17,394
1775447279914,key-14,501
1775447279914,key-35,164
1775447279914,key-15,20
1775447279915,key-25,8
1775447279917,key-7,94
1775447279919,key-47,25
1775447279920,key-15,26
1775447279924,key-12,12
1775447279926,key-18,1015
1775447279926,key-15,32
1775447279927,key-35,177
1775447279928,key-12,16
1775447279929,key-13,5
1775447279932,key-12,20
1775447279932,key-14,519
1775447279932,key-10,303
1775447279934,key-24,820
1775447279934,key-32,1270
1775447279935,key-25,28
1775447279937,key-14,524
1775447279940,key-50,220
1775447279941,key-25,34
1775447279941,key-12,29
1775447279942,key-27,1437
1775447279945,key-27,1440
1775447279947,key-36,354
1775447279950,key-44,335
1775447279951,key-14,538
1775447279954,key-35,204
1775447279954,key-44,339
1775447279956,key-13,32
1775447279957,key-32,1293
1775447279958,key-13,34
1775447279958,key-3,27
1775447279958,key-33,365
1775447279960,key-27,1455
1775447279961,key-27,1456
1775447279961,key-25,54
1775447279961,key-35,211
1775447279966,key-2,43
1775447279967,key-14,554
1775447279970,key-27,1465
1775447279970,key-16,321
1775447279972,key-35,222
1775447279974,key-14,561
1775447279975,key-44,360
1775447279975,key-32,1311
1775447279977,key-44,362
1775447279984,key-15,90
1775447279984,key-20,572
1775447279985,key-33,392
1775447279986,key-27,1481
1775447279987,key-27,1482
1775447279987,key-2,64
1775447279987,key-35,237
1775447279987,key-1,2458
1775447279989,key-30,2194
1775447279990,key-1,2461
1775447279992,key-17,473
1775447279993,key-13,69
1775447279997,key-44,382
1775447279997,key-27,1492
1775447279998,key-45,2386
1775447279999,key-18,4
1775447279999,key-3,22
1775447280000,key-33,407
1775447280001,key-3,24
1775447280002,key-27,1497
1775447280002,key-35,252
1775447280003,key-3,26
1775447280006,key-13,82
1775447280007,key-30,2212
1775447280007,key-13,83
1775447280007,key-27,1502
1775447280008,key-3,31
1775447280008,key-18,13
1775447280010,key-3,33
1775447280010,key-30,2215
1775447280014,key-13,90
1775447280016,key-45,2404
1775447280017,key-35,267
1775447280017,key-27,1512
1775447280018,key-24,904
1775447280020,key-3,43
1775447280021,key-44,406
1775447280022,key-35,272
1775447280023,key-3,46
1775447280027,key-27,1522
1775447280028,key-13,104
1775447280029,key-3,52
1775447280030,key-35,280
1775447280030,key-27,1525
1775447280031,key-41,1026
1775447280032,key-27,1527
1775447280034,key-35,284
1775447280034,key-3,57
1775447280034,key-10,405
1775447280035,key-43,1429
1775447280035,key-45,2423
1775447280035,key-35,285
1775447280038,key-35,288
1775447280039,key-24,925
1775447280039,key-35,289
1775447280042,key-35,292
1775447280042,key-35,292
1775447280042,key-35,292
1775447280043,key-3,66
1775447280043,key-27,1538
1775447280046,key-41,1041
1775447280047,key-9,81
1775447280048,key-3,71
1775447280048,key-27,1543
1775447280049,key-26,1031
1775447280053,key-27,1548
1775447280054,key-35,304
1775447280055,key-10,426
1775447280055,key-9,89
1775447280058,key-35,308
1775447280059,key-27,1554
1775447280066,key-35,316
1775447280066,key-35,316
1775447280068,key-35,318
1775447280069,key-35,319
1775447280069,key-27,1564
1775447280070,key-27,1565
1775447280070,key-27,1565
1775447280071,key-2,148
1775447280072,key-27,1567
1775447280072,key-35,322
1775447280074,key-12,162
1775447280075,key-12,163
1775447280077,key-46,303
1775447280079,key-31,653
1775447280081,key-19,834
1775447280081,key-7,26
1775447280081,key-2,158
1775447280082,key-1,2553
1775447280083,key-39,2
1775447280089,key-27,1584
1775447280090,key-27,1585
1775447280116,key-31,690
1775447280116,key-50,396
1775447280116,key-27,1611
1775447280116,key-7,61
1775447280117,key-27,1612
1775447280117,key-27,1612
1775447280118,key-19,871
1775447280120,key-35,370
1775447280120,key-32,105
1775447280120,key-12,208
1775447280120,key-31,694
1775447280121,key-27,1616
1775447280121,key-2,198
1775447280121,key-49,469
1775447280121,key-35,371
1775447280122,key-27,1617
1775447280122,key-12,210
1775447280122,key-19,875
1775447280122,key-35,372
1775447280122,key-46,348
1775447280122,key-46,348
1775447280122,key-27,1617
1775447280123,key-2,200
1775447280123,key-27,1618
1775447280126,key-46,352
1775447280131,key-12,219
1775447280132,key-35,382
1775447280138,key-35,388
1775447280138,key-12,226
1775447280139,key-22,495
1775447280144,key-46,370
1775447280146,key-36,9
1775447280148,key-16,499
1775447280150,key-46,376
1775447280153,key-46,379
1775447280154,key-22,510
1775447280155,key-27,1650
1775447280156,key-46,382
1775447280162,key-41,1157
1775447280162,key-48,2223
1775447280162,key-15,268
1775447280163,key-35,413
1775447280163,key-46,389
1775447280165,key-23,154
1775447280166,key-7,111
1775447280166,key-5,41
1775447280169,key-46,395
1775447280170,key-46,396
1775447280170,key-46,396
1775447280170,key-46,396
1775447280170,key-22,526
1775447280171,key-5,46
1775447280171,key-7,116
1775447280172,key-46,398
1775447280172,key-48,2233
1775447280178,key-46,404
1775447280178,key-6,2042
1775447280180,key-7,125
1775447280184,key-46,410
1775447280185,key-23,174
1775447280186,key-23,175
1775447280189,key-46,415
1775447280189,key-7,134
1775447280189,key-21,403
1775447280190,key-23,179
1775447280191,key-46,417
1775447280191,key-32,176
1775447280193,key-23,182
1775447280194,key-23,183
1775447280195,key-12,24
1775447280199,key-23,188
1775447280201,key-23,190
1775447280204,key-23,193
1775447280208,key-28,543
1775447280210,key-44,595
1775447280211,key-46,437
1775447280211,key-23,200
1775447280213,key-46,439
1775447280213,key-46,439
1775447280214,key-43,1608
1775447280214,key-46,440
1775447280216,key-38,83
1775447280217,key-44,602
1775447280222,key-23,211
1775447280222,key-46,448
1775447280222,key-46,448
1775447280222,key-36,85
1775447280223,key-9,102
1775447280228,key-38,95
1775447280229,key-23,218
1775447280234,key-38,101
1775447280236,key-36,99
1775447280236,key-46,462
1775447280236,key-38,103
1775447280238,key-47,344
1775447280238,key-46,464
1775447280238,key-44,623
1775447280240,key-40,518
1775447280240,key-38,107
1775447280241,key-30,2446
1775447280249,key-47,355
1775447280249,key-36,112
1775447280251,key-14,76
1775447280255,key-46,481
1775447280256,key-40,534
1775447280256,key-38,123
1775447280258,key-25,193
1775447280259,key-46,485
1775447280260,key-40,538
1775447280260,key-20,848
1775447280263,key-46,489
1775447280263,key-38,130
1775447280264,key-14,89
1775447280266,key-20,854
1775447280270,key-20,858
1775447280272,key-46,498
1775447280272,key-20,860
1775447280274,key-46,500
1775447280276,key-38,143
1775447280276,key-20,864
1775447280278,key-20,866
1775447280281,key-38,148
1775447280281,key-24,1167
1775447280283,key-38,150
1775447280287,key-40,565
1775447280287,key-20,875
1775447280287,key-20,875
1775447280287,key-46,513
1775447280297,key-8,29
1775447280297,key-38,164
1775447280298,key-20,886
1775447280301,key-46,527
1775447280301,key-38,168
1775447280302,key-5,2
1775447280304,key-23,293
1775447280304,key-20,892
1775447280311,key-23,300
1775447280311,key-48,2372
1775447280313,key-23,302
1775447280313,key-38,180
1775447280319,key-50,78
1775447280320,key-27,10
1775447280327,key-11,23
1775447280328,key-39,247
1775447280329,key-38,196
1775447280329,key-23,318
1775447280330,key-31,904
1775447280331,key-28,9
1775447280331,key-5,31
1775447280332,key-38,199
1775447280332,key-20,28
1775447280334,key-28,12
1775447280336,key-38,203
1775447280336,key-36,199
1775447280343,key-24,1229
1775447280344,key-11,10
1775447280345,key-11,11
1775447280346,key-38,213
1775447280346,key-5,46
1775447280347,key-5,47
1775447280347,key-26,1329
1775447280348,key-38,215
1775447280348,key-24,1234
1775447280351,key-11,17
1775447280352,key-11,18
1775447280354,key-26,1336
1775447280354,key-11,20
1775447280359,key-38,226
1775447280359,key-38,226
1775447280360,key-11,26
1775447280361,key-38,228
1775447280361,key-6,2225
1775447280362,key-26,1344
1775447280362,key-11,28
1775447280363,key-30,2
1775447280369,key-8,101
1775447280369,key-26,1351
1775447280372,key-26,1354
1775447280373,key-32,358
1775447280374,key-38,241
1775447280378,key-32,363
1775447280378,key-35,56
1775447280380,key-38,247
1775447280380,key-38,247
1775447280380,key-30,19
1775447280382,key-8,114
1775447280384,key-38,251
1775447280384,key-35,62
1775447280387,key-38,254
1775447280387,key-8,119
1775447280389,key-13,270
1775447280390,key-8,122
1775447280390,key-35,68
1775447280393,key-38,260
1775447280400,key-45,2788
1775447280401,key-38,268
1775447280404,key-35,82
1775447280404,key-18,409
1775447280405,key-19,24
1775447280406,key-38,273
1775447280406,key-18,411
1775447280406,key-19,25
1775447280406,key-43,1800
1775447280407,key-38,274
1775447280407,key-43,1801
1775447280409,key-28,87
1775447280410,key-38,277
1775447280413,key-16,764
1775447280417,key-45,2805
1775447280418,key-19,37
1775447280418,key-17,899
1775447280419,key-45,2807
1775447280420,key-38,287
1775447280420,key-25,355
1775447280420,key-45,2808
1775447280422,key-41,1417
1775447280423,key-45,2811
1775447280423,key-25,358
1775447280425,key-19,44
1775447280426,key-45,2814
1775447280427,key-38,294
1775447280429,key-27,119
1775447280431,key-19,50
1775447280433,key-45,2821
1775447280436,key-27,126
1775447280436,key-41,1431
1775447280436,key-38,303
1775447280445,key-47,5
1775447280447,key-21,661
1775447280452,key-45,2840
1775447280452,key-40,730
1775447280452,key-25,387
1775447280456,key-50,24
1775447280456,key-48,2517
1775447280457,key-25,392
1775447280457,key-41,1452
1775447280457,key-5,157
1775447280465,key-16,33
1775447280466,key-28,144
1775447280466,key-8,59
1775447280467,key-5,167
1775447280467,key-45,2855
1775447280468,key-48,2529
1775447280470,key-35,23
1775447280472,key-48,2533
1775447280472,key-23,85
1775447280473,key-25,408
1775447280474,key-8,67
1775447280475,key-5,175
1775447280475,key-48,2536
1775447280476,key-45,2864
1775447280477,key-48,2538
1775447280477,key-45,2865
1775447280477,key-24,1363
1775447280480,key-36,343
1775447280486,key-35,39
1775447280487,key-46,21
1775447280488,key-20,184
1775447280488,key-23,101
1775447280489,key-20,185
1775447280490,key-43,1884
1775447280490,key-45,2878
1775447280491,key-48,2552
1775447280495,key-48,2556
1775447280496,key-35,49
1775447280496,key-45,2884
1775447280500,key-5,200
1775447280500,key-31,1074
1775447280502,key-35,55
1775447280503,key-35,56
1775447280504,key-46,38
1775447280504,key-48,2565
1775447280507,key-45,2895
1775447280512,key-45,2900
1775447280512,key-43,1906
1775447280512,key-48,2573
1775447280512,key-43,1906
1775447280513,key-28,191
1775447280514,key-43,1908
1775447280518,key-48,2579
1775447280518,key-45,2906
1775447280519,key-5,219
1775447280524,key-48,2585
1775447280525,key-35,78
1775447280526,key-35,79
1775447280527,key-35,80
1775447280528,key-5,228
1775447280530,key-48,2591
1775447280531,key-33,515
1775447280533,key-34,467
1775447280534,key-45,2922
1775447280534,key-45,2922
1775447280535,key-34,469
1775447280538,key-43,1932
1775447280539,key-33,523
1775447280540,key-45,2928
1775447280541,key-35,94
1775447280543,key-1,3014
1775447280544,key-15,650
1775447280545,key-33,529
1775447280546,key-15,652
1775447280551,key-34,485
1775447280553,key-34,487
1775447280553,key-48,2614
1775447280554,key-38,28
1775447280555,key-48,2616
1775447280557,key-15,663
1775447280558,key-34,492
1775447280559,key-34,493
1775447280559,key-33,543
1775447280562,key-34,496
1775447280563,key-15,669
1775447280565,key-35,118
1775447280565,key-4,2146
1775447280566,key-1,3037
1775447280567,key-23,180
1775447280569,key-30,208
1775447280570,key-1,3041
1775447280571,key-15,677
1775447280571,key-34,505
1775447280575,key-38,49
1775447280575,key-23,188
1775447280575,key-47,135
1775447280576,key-48,2637
1775447280582,key-15,688
1775447280584,key-23,197
1775447280586,key-23,199
1775447280586,key-33,570
1775447280587,key-23,200
1775447280587,key-30,226
1775447280587,key-33,571
1775447280587,key-1,3058
1775447280588,key-23,201
1775447280588,key-23,201
1775447280589,key-1,3060
1775447280590,key-1,3061
1775447280594,key-40,872
1775447280595,key-38,69
1775447280596,key-23,209
1775447280596,key-3,619
1775447280597,key-48,2658
1775447280601,key-15,707
1775447280603,key-23,216
1775447280604,key-36,467
1775447280604,key-1,3075
1775447280610,key-19,229
1775447280610,key-23,223
1775447280611,key-33,595
1775447280612,key-23,225
1775447280612,key-31,1186
1775447280612,key-13,493
1775447280612,key-27,302
1775447280613,key-23,226
1775447280613,key-19,232
1775447280615,key-35,168
1775447280616,key-48,2677
1775447280619,key-23,232
1775447280620,key-23,233
1775447280621,key-31,1195
1775447280621,key-48,2682
1775447280622,key-1,3093
1775447280622,key-1,3093
1775447280625,key-23,238
1775447280626,key-42,20
1775447280628,key-23,241
1775447280629,key-1,3100
1775447280631,key-13,512
1775447280635,key-23,248
1775447280635,key-35,188
1775447280638,key-1,3109
1775447280638,key-13,519
1775447280645,key-35,198
1775447280646,key-31,1220
1775447280646,key-1,3117
1775447280646,key-23,259
1775447280649,key-24,5
1775447280649,key-23,262
1775447280650,key-1,3121
1775447280651,key-1,3122
1775447280652,key-24,8
1775447280653,key-48,2714
1775447280654,key-24,10
1775447280657,key-13,538
1775447280659,key-35,212
1775447280660,key-19,279
1775447280660,key-13,541
1775447280662,key-13,543
1775447280668,key-23,281
1775447280670,key-24,26
1775447280670,key-44,1055
1775447280671,key-21,205
1775447280671,key-23,284
1775447280672,key-24,28
1775447280672,key-23,285
1775447280673,key-14,498
1775447280675,key-13,556
1775447280677,key-13,558
1775447280678,key-30,317
1775447280679,key-13,560
1775447280681,key-24,37
1775447280686,key-24,42
1775447280687,key-21,221
1775447280687,key-24,43
1775447280689,key-14,514
1775447280690,key-24,46
1775447280692,key-13,573
1775447280693,key-23,306
1775447280694,key-30,333
1775447280694,key-24,50
1775447280694,key-24,50
1775447280697,key-32,682
1775447280697,key-13,578
1775447280698,key-42,92
1775447280698,key-14,523
1775447280699,key-24,55
1775447280699,key-24,55
1775447280701,key-13,582
1775447280702,key-13,583
1775447280704,key-22,4
1775447280707,key-35,260
1775447280709,key-35,262
1775447280709,key-24,65
1775447280710,key-9,589
1775447280712,key-24,68
1775447280714,key-14,14
1775447280716,key-32,701
1775447280717,key-42,111
1775447280718,key-32,703
1775447280718,key-15,824
1775447280719,key-32,704
1775447280719,key-42,113
1775447280720,key-24,76
1775447280725,key-24,81
1775447280729,key-22,29
1775447280731,key-13,612
1775447280735,key-39,229
1775447280737,key-6,2601
1775447280737,key-22,37
1775447280740,key-22,40
1775447280741,key-21,275
1775447280742,key-42,136
1775447280743,key-24,99
1775447280743,key-22,43
1775447280748,key-22,48
1775447280749,key-22,49
1775447280749,key-21,283
1775447280751,key-5,4
1775447280753,key-24,109
1775447280753,key-22,53
1775447280753,key-32,738
1775447280754,key-8,15
1775447280757,key-32,742
1775447280763,key-22,63
1775447280764,key-21,298
1775447280764,key-21,298
1775447280766,key-21,300
1775447280770,key-3,793
1775447280771,key-22,71
1775447280774,key-33,758
1775447280775,key-46,309
1775447280775,key-11,441
1775447280775,key-47,7
1775447280777,key-22,77
1775447280779,key-24,135
1775447280783,key-47,15
1775447280785,key-11,451
1775447280786,key-22,86
1775447280787,key-11,453
1775447280789,key-11,455
1775447280790,key-46,324
1775447280791,key-41,1786
1775447280795,key-46,329
1775447280795,key-13,676
1775447280796,key-44,1181
1775447280796,key-45,3184
1775447280797,key-22,97
1775447280797,key-46,331
1775447280798,key-44,1183
1775447280798,key-42,192
1775447280798,key-46,332
1775447280807,key-11,473
1775447280807,key-29,1149
1775447280807,key-41,1802
1775447280807,key-11,473
1775447280809,key-46,343
1775447280810,key-11,476
1775447280813,key-5,66
1775447280817,key-41,1812
1775447280817,key-41,1812
1775447280818,key-46,352
1775447280819,key-42,213
1775447280824,key-42,218
1775447280824,key-42,218
1775447280825,key-46,359
1775447280825,key-11,491
1775447280828,key-34,762
1775447280830,key-44,1215
1775447280831,key-41,1826
1775447280836,key-46,370
1775447280838,key-30,477
1775447280839,key-38,313
1775447280839,key-44,1224
1775447280842,key-46,376
1775447280843,key-48,2904
1775447280850,key-46,384
1775447280850,key-11,516
1775447280851,key-3,874
1775447280851,key-46,385
1775447280853,key-4,2434
1775447280856,key-11,522
1775447280859,key-4,2440
1775447280865,key-11,531
1775447280865,key-3,888
1775447280865,key-48,2926
1775447280868,key-6,2732
1775447280869,key-34,803
1775447280870,key-41,1865
1775447280872,key-46,406
1775447280878,key-44,1263
1775447280881,key-48,2942
1775447280883,key-12,25
1775447280888,key-3,911
1775447280889,key-24,245
1775447280889,key-11,555
1775447280895,key-12,37
1775447280896,key-3,919
1775447280896,key-39,390
1775447280899,key-27,589
1775447280900,key-24,256
1775447280905,key-17,1386
1775447280906,key-3,929
1775447280907,key-3,930
1775447280909,key-4,2490
1775447280912,key-37,2682
1775447280913,key-37,2683
1775447280913,key-29,18
1775447280914,key-28,592
1775447280920,key-28,598
1775447280925,key-3,948
1775447280926,key-21,31
1775447280927,key-3,950
1775447280929,key-28,607
1775447280930,key-31,2
1775447280931,key-3,954
1775447280933,key-17,1414
1775447280934,key-8,7
1775447280935,key-28,613
1775447280939,key-49,1287
1775447280939,key-17,1420
1775447280941,key-27,3
1775447280947,key-1,3418
1775447280948,key-3,971
1775447280948,key-28,626
1775447280948,key-31,20
1775447280951,key-49,1299
1775447280957,key-49,1305
1775447280961,key-26,85
1775447280962,key-3,985
1775447280962,key-49,1310
1775447280962,key-8,35
1775447280974,key-3,997
1775447280974,key-4,4
1775447280975,key-14,275
1775447280976,key-27,38
1775447280977,key-20,673
1775447280978,key-27,40
1775447280979,key-3,1002
1775447280979,key-4,9
1775447280979,key-29,84
1775447280981,key-3,1004
1775447280981,key-20,677
1775447280982,key-4,12
1775447280987,key-20,7
1775447280988,key-43,2382
1775447280989,key-30,628
1775447280990,key-30,629
1775447280996,key-9,875
1775447281001,key-20,21
1775447281002,key-26,126
1775447281003,key-3,1026
1775447281008,key-3,1031
1775447281008,key-4,38
1775447281010,key-20,30
1775447281012,key-4,42
1775447281015,key-4,45
1775447281021,key-3,1044
1775447281022,key-4,52
1775447281022,key-35,575
1775447281024,key-4,54
1775447281024,key-4,54
1775447281025,key-30,664
1775447281026,key-36,889
1775447281027,key-3,1050
1775447281029,key-43,35
1775447281031,key-34,156
1775447281039,key-4,69
1775447281040,key-4,70
1775447281041,key-20,61
1775447281042,key-49,1390
1775447281043,key-37,33
1775447281051,key-30,690
1775447281052,key-37,42
1775447281054,key-50,622
1775447281055,key-49,1403
1775447281056,key-43,62
1775447281056,key-50,624
1775447281067,key-8,140
1775447281068,key-43,74
1775447281069,key-4,99
1775447281073,key-43,79
1775447281073,key-37,63
1775447281075,key-3,1098
1775447281077,key-28,755
1775447281079,key-11,745
1775447281081,key-37,71
1775447281083,key-49,1431
1775447281086,key-26,210
1775447281087,key-44,1472
1775447281089,key-37,79
1775447281089,key-24,37
1775447281093,key-37,83
1775447281093,key-50,16
1775447281104,key-46,77
1775447281105,key-50,28
1775447281107,key-37,97
1775447281110,key-19,225
1775447281112,key-3,1135
1775447281114,key-46,87
1775447281114,key-45,3502
1775447281118,key-50,41
1775447281119,key-19,234
1775447281124,key-37,114
1775447281127,key-35,680
1775447281137,key-50,60
1775447281138,key-25,1073
1775447281138,key-37,128
1775447281140,key-45,3528
1775447281141,key-37,131
1775447281143,key-3,1166
1775447281147,key-45,3535
1775447281149,key-19,264
1775447281149,key-37,139
1775447281152,key-35,705
1775447281157,key-29,262
1775447281157,key-23,770
1775447281161,key-44,9
1775447281167,key-34,292
1775447281167,key-36,1030
1775447281168,key-16,241
1775447281168,key-25,1103
1775447281168,key-4,198
1775447281172,key-35,725
1775447281173,key-19,288
1775447281174,key-16,247
1775447281178,key-39,26
1775447281180,key-6,3044
1775447281183,key-35,736
1775447281187,key-25,1122
1775447281188,key-4,218
1775447281194,key-50,117
1775447281199,key-17,1680
1775447281200,key-11,40
1775447281201,key-35,754
1775447281202,key-34,327
1775447281203,key-38,677
1775447281203,key-16,276
1775447281205,key-34,330
1775447281210,key-38,684
1775447281213,key-17,1694
1775447281214,key-15,110
1775447281215,key-38,689
1775447281215,key-38,689
1775447281215,key-11,55
1775447281219,key-50,142
1775447281219,key-38,693
1775447281222,key-10,1593
1775447281226,key-17,1707
1775447281235,key-38,709
1775447281236,key-46,15
1775447281236,key-10,1607
1775447281239,key-38,713
1775447281240,key-12,382
1775447281242,key-17,1723
1775447281246,key-38,720
1775447281252,key-28,930
1775447281252,key-38,726
1775447281254,key-38,728
1775447281254,key-17,1735
1775447281256,key-10,1627
1775447281256,key-38,730
1775447281258,key-5,366
1775447281261,key-14,561
1775447281262,key-37,23
1775447281263,key-38,737
1775447281265,key-38,739
1775447281266,key-27,328
1775447281267,key-38,741
1775447281269,key-38,743
1775447281269,key-36,1132
1775447281269,key-45,17
1775447281271,key-5,379
1775447281273,key-41,2268
1775447281275,key-45,23
1775447281277,key-34,402
1775447281278,key-25,1213
1775447281281,key-38,755
1775447281288,key-17,1769
1775447281296,key-5,404
1775447281296,key-47,4
1775447281297,key-9,1176
1775447281299,key-5,407
1775447281300,key-16,373
1775447281302,key-17,1783
1775447281302,key-49,22
1775447281303,key-49,23
1775447281306,key-38,780
1775447281307,key-5,415
1775447281308,key-17,1789
1775447281308,key-6,3172
1775447281311,key-49,31
1775447281315,key-37,76
1775447281315,key-38,789
1775447281316,key-47,24
1775447281317,key-25,1252
1775447281319,key-6,3183
1775447281320,key-5,428
1775447281331,key-49,51
1775447281332,key-1,207
1775447281332,key-36,27
1775447281332,key-5,440
1775447281335,key-49,55
1775447281336,key-36,31
1775447281337,key-47,45
1775447281337,key-5,445
1775447281337,key-36,32
1775447281339,key-17,1820
1775447281341,key-37,102
1775447281344,key-38,818
1775447281345,key-38,819
1775447281346,key-1,221
1775447281346,key-6,3210
1775447281346,key-49,66
1775447281350,key-5,458
1775447281351,key-11,22
1775447281355,key-36,50
1775447281356,key-5,464
1775447281357,key-4,3
1775447281359,key-4,5
1775447281359,key-5,467
1775447281361,key-37,122
1775447281365,key-5,473
1775447281366,key-5,474
1775447281369,key-49,21
1775447281370,key-38,844
1775447281371,key-4,17
1775447281374,key-4,20
1775447281376,key-4,22
1775447281378,key-5,486
1775447281378,key-9,1257
1775447281383,key-47,91
1775447281385,key-34,510
1775447281387,key-8,460
1775447281387,key-6,3251
1775447281387,key-9,1266
1775447281389,key-49,13
1775447281389,key-5,497
1775447281390,key-49,14
1775447281390,key-47,98
1775447281411,key-30,1050
1775447281411,key-47,119
1775447281412,key-5,520
1775447281412,key-4,58
1775447281413,key-38,887
1775447281413,key-49,37
1775447281413,key-23,30
1775447281413,key-6,3277
1775447281413,key-9,1292
1775447281413,key-5,521
1775447281414,key-4,60
1775447281414,key-49,38
1775447281414,key-49,38
1775447281414,key-49,38
1775447281415,key-14,6
1775447281416,key-49,40
1775447281416,key-14,7
1775447281419,key-38,10
1775447281419,key-23,36
1775447281423,key-9,1302
1775447281425,key-49,49
1775447281428,key-49,52
1775447281431,key-6,3295
1775447281431,key-9,9
1775447281432,key-49,56
1775447281435,key-49,59
1775447281436,key-49,60
1775447281437,key-23,54
1775447281438,key-49,62
1775447281438,key-38,29
1775447281439,key-18,1444
1775447281440,key-40,1718
1775447281442,key-11,113
1775447281444,key-23,61
1775447281446,key-15,13
1775447281447,key-15,14
1775447281448,key-23,65
1775447281451,key-15,18
1775447281452,key-23,69
1775447281454,key-49,78
1775447281455,key-18,1460
1775447281457,key-38,48
1775447281457,key-9,35
1775447281457,key-11,128
1775447281458,key-23,75
1775447281458,key-49,82
1775447281459,key-15,26
1775447281460,key-22,760
1775447281463,key-18,1468
1775447281464,key-25,1399
1775447281465,key-18,1470
1775447281468,key-18,1473
1775447281470,key-10,1841
1775447281471,key-15,38
1775447281472,key-15,39
1775447281473,key-49,97
1775447281473,key-25,1408
1775447281473,key-45,15
1775447281474,key-37,235
1775447281475,key-15,42
1775447281476,key-40,1754
1775447281476,key-25,1411
1775447281477,key-28,29
1775447281477,key-2,1554
1775447281480,key-31,552
1775447281480,key-23,97
1775447281485,key-18,1490
1775447281486,key-25,1421
1775447281486,key-22,786
1775447281486,key-31,558
1775447281488,key-23,105
1775447281491,key-10,1862
1775447281495,key-49,119
1775447281495,key-25,1430
1775447281496,key-49,120
1775447281497,key-49,121
1775447281499,key-36,88
1775447281502,key-40,1780
1775447281505,key-25,1440
1775447281506,key-31,578
1775447281506,key-25,1441
1775447281506,key-25,1441
1775447281507,key-28,59
1775447281507,key-48,3568
1775447281508,key-25,1443
1775447281510,key-28,62
1775447281511,key-48,3572
1775447281513,key-49,137
1775447281513,key-29,618
1775447281514,key-6,3378
1775447281514,key-25,1449
1775447281515,key-36,104
1775447281516,key-31,588
1775447281516,key-36,105
1775447281516,key-27,578
1775447281517,key-19,632
1775447281517,key-27,579
1775447281519,key-25,1454
1775447281524,key-20,176
1775447281524,key-25,1459
1775447281524,key-48,3585
1775447281528,key-27,590
1775447281529,key-6,3393
1775447281529,key-19,644
1775447281529,key-48,3590
1775447281529,key-31,601
1775447281530,key-31,602
1775447281541,key-38,26
1775447281542,key-48,3603
1775447281542,key-39,390
1775447281542,key-46,321
1775447281543,key-6,3407
1775447281543,key-18,1548
1775447281543,key-27,605
1775447281546,key-25,1481
1775447281547,key-6,3411
1775447281547,key-5,655
1775447281547,key-48,3608
1775447281547,key-48,3608
1775447281547,key-48,3608
1775447281550,key-19,665
1775447281550,key-50,221
1775447281551,key-6,3415
1775447281552,key-1,10
1775447281553,key-46,332
1775447281555,key-15,122
1775447281556,key-6,3420
1775447281558,key-27,620
1775447281559,key-48,3620
1775447281559,key-19,674
1775447281562,key-48,3623
1775447281563,key-1,21
1775447281564,key-6,3428
1775447281564,key-38,49
1775447281564,key-6,3428
1775447281565,key-27,627
1775447281566,key-45,108
1775447281566,key-27,628
1775447281566,key-1,24
1775447281570,key-1,28
1775447281570,key-45,112
1775447281572,key-10,1943
1775447281573,key-1,2
1775447281573,key-15,140
1775447281575,key-38,60
1775447281577,key-48,3638
1775447281578,key-24,526
1775447281578,key-23,79
1775447281578,key-45,120
1775447281579,key-22,56
1775447281580,key-1,9
1775447281580,key-12,722
1775447281582,key-10,1953
1775447281582,key-1,11
1775447281583,key-10,1954
1775447281585,key-33,1569
1775447281589,key-45,131
1775447281590,key-45,132
1775447281590,key-22,67
1775447281591,key-45,133
1775447281591,key-15,158
1775447281593,key-1,22
1775447281594,key-33,1578
1775447281595,key-17,96
1775447281595,key-34,720
1775447281595,key-12,737
1775447281598,key-1,27
1775447281598,key-1,27
1775447281599,key-34,724
1775447281601,key-7,1546
1775447281602,key-10,1973
1775447281603,key-12,745
1775447281603,key-21,708
1775447281604,key-17,105
1775447281604,key-17,105
1775447281605,key-38,15
1775447281607,key-29,712
1775447281608,key-43,614
1775447281609,key-27,671
1775447281612,key-33,1596
1775447281612,key-1,2
1775447281612,key-10,1983
1775447281613,key-1,3
1775447281615,key-17,116
1775447281616,key-1,6
1775447281617,key-21,722
1775447281617,key-47,325
1775447281618,key-29,723
1775447281619,key-27,681
1775447281620,key-17,121
1775447281622,key-27,684
1775447281624,key-33,1608
1775447281630,key-1,20
1775447281630,key-1,20
1775447281631,key-33,1615
1775447281631,key-19,746
1775447281632,key-1,22
1775447281632,key-29,737
1775447281632,key-29,737
1775447281633,key-1,23
1775447281634,key-50,305
1775447281637,key-45,179
1775447281637,key-29,742
1775447281637,key-21,742
1775447281637,key-33,1621
1775447281638,key-33,1622
1775447281638,key-42,14
1775447281639,key-6,3503
1775447281639,key-27,701
1775447281640,key-29,745
1775447281641,key-14,232
1775447281646,key-22,123
1775447281647,key-50,318
1775447281650,key-14,241
1775447281651,key-1,41
1775447281652,key-29,757
1775447281656,key-1,46
1775447281656,key-50,327
1775447281658,key-22,135
1775447281659,key-14,250
1775447281660,key-21,765
1775447281661,key-49,285
1775447281663,key-10,2034
1775447281664,key-6,3528
1775447281664,key-46,443
1775447281665,key-45,25
1775447281668,key-21,773
1775447281670,key-22,147
1775447281670,key-21,775
1775447281672,key-44,520
1775447281673,key-21,778
1775447281674,key-26,17
1775447281674,key-14,265
1775447281675,key-50,346
1775447281676,key-1,66
1775447281678,key-50,349
1775447281678,key-21,783
1775447281678,key-26,21
1775447281679,key-26,22
1775447281679,key-14,270
1775447281679,key-1,69
1775447281681,key-14,272
1775447281684,key-21,789
1775447281689,key-21,794
1775447281690,key-19,805
1775447281694,key-6,3558
1775447281695,key-21,800
1775447281696,key-1,86
1775447281696,key-50,367
1775447281696,key-17,197
1775447281697,key-48,3758
1775447281698,key-20,350
1775447281698,key-21,803
1775447281699,key-6,3563
1775447281700,key-8,773
1775447281700,key-21,805
1775447281701,key-21,806
1775447281703,key-14,294
1775447281706,key-21,811
1775447281707,key-23,208
1775447281708,key-50,379
1775447281708,key-21,813
1775447281709,key-1,99
1775447281710,key-21,815
1775447281711,key-8,784
1775447281711,key-21,816
1775447281712,key-21,817
1775447281715,key-14,306
1775447281716,key-21,821
1775447281718,key-44,566
1775447281719,key-23,220
1775447281720,key-23,221
1775447281721,key-21,826
1775447281721,key-23,222
1775447281723,key-14,314
1775447281724,key-11,256
1775447281724,key-36,47
1775447281724,key-14,315
1775447281726,key-3,2
1775447281731,key-3,7
1775447281731,key-21,836
1775447281734,key-9,312
1775447281741,key-4,387
1775447281741,key-21,846
1775447281741,key-23,242
1775447281742,key-9,320
1775447281742,key-23,243
1775447281743,key-20,395
1775447281743,key-23,244
1775447281744,key-3,20
1775447281746,key-23,247
1775447281751,key-11,283
1775447281752,key-24,700
1775447281752,key-10,2123
1775447281754,key-20,406
1775447281754,key-14,5
1775447281756,key-9,334
1775447281757,key-23,258
1775447281760,key-20,412
1775447281761,key-33,1745
1775447281761,key-46,540
1775447281762,key-21,867
1775447281763,key-21,868
1775447281764,key-20,416
1775447281766,key-10,2137
1775447281769,key-10,2140
1775447281769,key-36,92
1775447281772,key-23,273
1775447281772,key-3,7
1775447281773,key-10,2144
1775447281773,key-23,274
1775447281777,key-14,28
1775447281780,key-36,103
1775447281782,key-8,855
1775447281783,key-21,888
1775447281783,key-46,562
1775447281787,key-27,849
1775447281788,key-36,111
1775447281788,key-23,289
1775447281789,key-46,568
1775447281789,key-36,112
1775447281792,key-30,1431
1775447281792,key-27,854
1775447281792,key-36,115
1775447281803,key-20,455
1775447281803,key-36,126
1775447281803,key-30,1442
1775447281804,key-30,1443
1775447281805,key-25,1740
1775447281807,key-36,130
1775447281808,key-31,880
1775447281814,key-34,939
1775447281814,key-17,315
1775447281814,key-27,876
1775447281817,key-25,1752
1775447281817,key-36,140
1775447281818,key-36,141
1775447281820,key-13,155
1775447281824,key-30,1463
1775447281824,key-46,603
1775447281824,key-13,159
1775447281825,key-25,1760
1775447281826,key-30,1465
1775447281827,key-25,1762
1775447281828,key-34,953
1775447281830,key-30,1469
1775447281831,key-36,154
1775447281832,key-35,1385
1775447281834,key-13,169
1775447281835,key-38,245
1775447281835,key-36,158
1775447281836,key-27,898
1775447281838,key-13,173
1775447281841,key-35,1394
1775447281845,key-13,180
1775447281845,key-17,346
1775447281851,key-35,1404
1775447281851,key-25,1786
1775447281852,key-36,175
1775447281852,key-44,18
1775447281852,key-20,504
1775447281852,key-17,353
1775447281852,key-17,353
1775447281854,key-27,916
1775447281856,key-35,1409
1775447281857,key-17,358
1775447281858,key-6,14
1775447281860,key-28,412
1775447281860,key-28,412
1775447281868,key-17,369
1775447281868,key-28,420
1775447281870,key-17,371
1775447281872,key-2,2
1775447281873,key-33,1857
1775447281873,key-17,374
1775447281875,key-33,1859
1775447281875,key-35,1428
1775447281877,key-20,529
1775447281878,key-3,113
1775447281879,key-38,289
1775447281879,key-17,380
1775447281880,key-17,381
1775447281885,key-42,261
1775447281885,key-20,537
1775447281885,key-17,386
1775447281887,key-2,17
1775447281888,key-11,86
1775447281896,key-42,272
1775447281903,key-17,404
1775447281904,key-35,1457
1775447281905,key-17,406
1775447281905,key-17,406
1775447281905,key-42,281
1775447281906,key-35,1459
1775447281907,key-42,283
1775447281907,key-17,408
1775447281913,key-35,1466
1775447281913,key-2,43
1775447281915,key-42,291
1775447281916,key-47,624
1775447281921,key-42,297
1775447281922,key-35,1475
1775447281922,key-11,120
1775447281922,key-21,1027
1775447281922,key-17,423
1775447281929,key-42,305
1775447281936,key-24,884
1775447281936,key-5,17
1775447281936,key-42,312
1775447281936,key-17,437
1775447281937,key-49,560
1775447281937,key-17,438
1775447281940,key-24,888
1775447281940,key-28,492
1775447281940,key-31,1012
1775447281944,key-2,74
1775447281949,key-5,30
1775447281950,key-42,326
1775447281950,key-34,1075
1775447281951,key-10,2322
1775447281954,key-17,455
1775447281954,key-1,344
1775447281956,key-28,508
1775447281956,key-38,366
1775447281956,key-26,272
1775447281965,key-5,15
1775447281965,key-24,913
1775447281966,key-30,1605
1775447281967,key-22,444
1775447281967,key-5,17
1775447281968,key-1,358
1775447281969,key-5,19
1775447281969,key-45,329
1775447281970,key-22,447
1775447281971,key-26,287
1775447281982,key-38,392
1775447281982,key-30,1621
1775447281983,key-30,1622
1775447281983,key-5,33
1775447281986,key-26,302
1775447281992,key-22,469
1775447281996,key-45,356
1775447281997,key-6,153
1775447281997,key-10,2368
1775447281997,key-5,47
1775447281999,key-45,359
1775447281999,key-5,49
1775447282002,key-45,362
1775447282005,key-31,1077
1775447282007,key-45,367
1775447282007,key-27,103
1775447282009,key-30,1648
1775447282013,key-8,1086
1775447282020,key-35,1573
1775447282021,key-14,272
1775447282023,key-35,1576
1775447282023,key-5,73
1775447282024,key-8,1097
1775447282038,key-14,288
1775447282041,key-17,542
1775447282042,key-15,609
1775447282046,key-35,1599
1775447282047,key-5,97
1775447282053,key-14,304
1775447282055,key-45,415
1775447282058,key-27,154
1775447282058,key-17,559
1775447282059,key-13,394
1775447282059,key-34,89
1775447282059,key-35,1612
1775447282059,key-35,1612
1775447282060,key-17,561
1775447282063,key-13,398
1775447282065,key-13,400
1775447282065,key-8,1138
1775447282068,key-17,569
1775447282074,key-17,575
1775447282076,key-5,126
1775447282083,key-6,239
1775447282085,key-24,1033
1775447282086,key-10,2457
1775447282086,key-7,2031
1775447282088,key-17,589
1775447282097,key-7,2042
1775447282097,key-35,1650
1775447282098,key-17,599
1775447282099,key-24,1047
1775447282100,key-35,1653
1775447282106,key-24,1054
1775447282106,key-17,607
1775447282108,key-35,1661
1775447282109,key-6,265
1775447282111,key-6,267
1775447282112,key-40,38
1775447282113,key-35,1666
1775447282113,key-24,1061
1775447282114,key-22,591
1775447282116,key-22,593
1775447282118,key-22,595
1775447282121,key-22,598
1775447282123,key-7,2068
1775447282127,key-17,628
1775447282127,key-35,1680
1775447282131,key-6,287
1775447282131,key-3,4
1775447282140,key-35,1693
1775447282140,key-6,296
1775447282146,key-6,302
1775447282147,key-22,624
1775447282149,key-22,626
1775447282149,key-35,1702
1775447282150,key-17,651
1775447282152,key-32,35
1775447282153,key-37,100
1775447282153,key-3,26
1775447282153,key-22,630
1775447282156,key-3,29
1775447282158,key-35,1711
1775447282159,key-32,42
1775447282164,key-24,1112
1775447282167,key-18,2172
1775447282169,key-40,10
1775447282169,key-3,42
1775447282172,key-11,3
1775447282172,key-22,649
1775447282172,key-40,13
1775447282175,key-32,58
1775447282181,key-32,64
1775447282207,key-18,2212
1775447282224,key-32,107
1775447282225,key-47,933
1775447282226,key-3,99
1775447282228,key-35,1781
1775447282228,key-18,2233
1775447282229,key-4,875
1775447282230,key-37,177
1775447282230,key-15,797
1775447282231,key-30,1870
1775447282231,key-10,2602
1775447282232,key-17,733
1775447282232,key-32,115
1775447282232,key-5,42
1775447282233,key-1,623
1775447282233,key-22,710
1775447282234,key-3,107
1775447282234,key-44,107
1775447282235,key-10,2606
1775447282235,key-15,802
1775447282242,key-3,115
1775447282246,key-22,723
1775447282253,key-3,126
1775447282254,key-1,644
1775447282254,key-14,505
1775447282254,key-4,900
1775447282256,key-27,352
1775447282257,key-23,210
1775447282259,key-27,355
1775447282259,key-17,760
1775447282260,key-9,838
1775447282262,key-24,1210
1775447282265,key-48,27
1775447282267,key-1,657
1775447282269,key-44,142
1775447282269,key-27,365
1775447282272,key-27,368
1775447282277,key-14,528
1775447282277,key-3,150
1775447282278,key-14,529
1775447282282,key-1,672
1775447282282,key-14,533
1775447282282,key-50,348
1775447282284,key-27,380
1775447282284,key-23,237
1775447282285,key-24,1233
1775447282286,key-1,676
1775447282287,key-9,865
1775447282293,key-23,246
1775447282293,key-34,323
1775447282295,key-22,772
1775447282295,key-14,546
1775447282295,key-41,13
1775447282297,key-41,15
1775447282298,key-27,394
1775447282298,key-1,688
1775447282298,key-22,775
1775447282298,key-14,549
1775447282301,key-22,778
1775447282303,key-1,693
1775447282312,key-41,30
1775447282323,key-44,196
1775447282326,key-2,27
1775447282328,key-23,281
1775447282332,key-44,205
1775447282335,key-14,586
1775447282336,key-22,813
1775447282338,key-22,815
1775447282339,key-30,114
1775447282339,key-22,816
1775447282340,key-27,436
1775447282340,key-18,2345
1775447282341,key-1,731
1775447282341,key-2,42
1775447282342,key-22,819
1775447282342,key-22,819
1775447282342,key-2,43
1775447282342,key-44,215
1775447282344,key-22,821
1775447282346,key-2,47
1775447282347,key-44,220
1775447282349,key-22,826
1775447282350,key-2,51
1775447282352,key-16,3
1775447282361,key-44,234
1775447282362,key-27,458
1775447282362,key-22,839
1775447282365,key-17,866
1775447282371,key-22,848
1775447282372,key-22,849
1775447282372,key-44,245
1775447282377,key-22,854
1775447282377,key-44,250
1775447282377,key-17,878
1775447282378,key-22,855
1775447282380,key-17,881
1775447282381,key-45,5
1775447282382,key-22,859
1775447282383,key-44,256
1775447282385,key-22,862
1775447282386,key-2,87
1775447282388,key-44,261
1775447282390,key-44,263
1775447282392,key-22,869
1775447282392,key-7,2337
1775447282392,key-44,265
1775447282392,key-44,265
1775447282394,key-35,1947
1775447282394,key-17,895
1775447282396,key-17,897
1775447282398,key-22,875
1775447282400,key-22,877
1775447282401,key-17,902
1775447282402,key-2,103
1775447282402,key-2,103
1775447282404,key-7,2349
1775447282406,key-22,883
1775447282407,key-22,884
1775447282408,key-44,281
1775447282408,key-22,885
1775447282409,key-22,886
1775447282410,key-44,283
1775447282411,key-2,112
1775447282415,key-20,1067
1775447282417,key-2,118
1775447282417,key-43,70
1775447282419,key-22,896
1775447282424,key-17,925
1775447282428,key-22,905
1775447282428,key-2,129
1775447282429,key-20,1081
1775447282435,key-29,330
1775447282435,key-39,687
1775447282435,key-45,59
1775447282436,key-20,1088
1775447282441,key-45,65
1775447282441,key-17,942
1775447282442,key-45,66
1775447282443,key-39,695
1775447282444,key-45,68
1775447282445,key-44,318
1775447282446,key-21,1551
1775447282449,key-45,6
1775447282449,key-45,6
1775447282452,key-2,153
1775447282455,key-45,12
1775447282455,key-32,338
1775447282455,key-45,12
1775447282456,key-28,3
1775447282458,key-8,1531
1775447282467,key-17,968
1775447282467,key-17,968
1775447282468,key-39,720
1775447282469,key-28,16
1775447282470,key-21,1575
1775447282472,key-21,1577
1775447282474,key-9,1052
1775447282474,key-47,1182
1775447282475,key-47,1183
1775447282478,key-28,25
1775447282482,key-9,1060
1775447282483,key-24,1431
1775447282483,key-8,1556
1775447282488,key-32,371
1775447282488,key-9,1066
1775447282489,key-45,46
1775447282489,key-28,36
1775447282489,key-17,990
1775447282491,key-17,992
1775447282492,key-47,1200
1775447282493,key-39,745
1775447282497,key-17,998
1775447282504,key-21,1609
1775447282504,key-9,1082
1775447282504,key-26,820
1775447282505,key-9,1083
1775447282506,key-9,1084
1775447282508,key-9,1086
1775447282508,key-24,1456
1775447282517,key-21,1622
1775447282517,key-17,1018
1775447282520,key-10,2891
1775447282524,key-47,1232
1775447282526,key-24,1474
1775447282535,key-21,4
1775447282535,key-17,1036
1775447282537,key-49,256
1775447282539,key-47,1247
1775447282541,key-21,10
1775447282541,key-24,1489
1775447282545,key-29,440
1775447282547,key-44,420
1775447282548,key-16,199
1775447282550,key-21,19
1775447282552,key-17,1053
1775447282552,key-24,1500
1775447282554,key-21,23
1775447282556,key-21,25
1775447282563,key-21,32
1775447282563,key-30,338
1775447282568,key-21,37
1775447282568,key-6,724
1775447282572,key-7,2517
1775447282577,key-28,124
1775447282586,key-21,55
1775447282587,key-22,1064
1775447282587,key-4,1233
1775447282587,key-28,134
1775447282593,key-7,2538
1775447282597,key-16,248
1775447282598,key-21,67
1775447282598,key-4,1244
1775447282600,key-21,69
1775447282601,key-6,757
1775447282603,key-48,365
1775447282605,key-28,152
1775447282610,key-21,79
1775447282612,key-16,263
1775447282614,key-28,161
1775447282624,key-21,93
1775447282632,key-28,179
1775447282638,key-18,2643
1775447282640,key-6,796
1775447282640,key-43,14
1775447282641,key-4,1287
1775447282642,key-21,111
1775447282645,key-40,21
1775447282647,key-21,116
1775447282647,key-48,23
1775447282651,key-6,807
1775447282654,key-49,373
1775447282655,key-40,31
1775447282665,key-4,1311
1775447282669,key-43,43
1775447282672,key-29,567
1775447282673,key-21,142
1775447282677,key-43,51
1775447282679,key-43,53
1775447282686,key-38,1096
1775447282686,key-4,1332
1775447282687,key-21,156
1775447282689,key-10,3060
1775447282696,key-20,1348
1775447282698,key-6,854
1775447282698,key-49,417
1775447282700,key-48,76
1775447282701,key-21,170
1775447282706,key-48,82
1775447282707,key-43,81
1775447282708,key-22,47
1775447282711,key-29,606
1775447282718,key-34,748
1775447282720,key-39,3
1775447282727,key-43,101
1775447282736,key-38,1146
1775447282737,key-10,3108
1775447282737,key-35,172
1775447282738,key-22,77
1775447282749,key-31,8
1775447282749,key-43,123
1775447282752,key-29,647
1775447282752,key-41,470
1775447282753,key-4,1399
1775447282754,key-43,128
1775447282757,key-41,475
1775447282758,key-38,1168
1775447282759,key-41,477
1775447282761,key-43,135
1775447282762,key-43,136
1775447282769,key-27,865
1775447282771,key-43,145
1775447282773,key-41,491
1775447282774,key-31,33
1775447282782,key-50,848
1775447282790,key-19,22
1775447282791,key-43,165
1775447282792,key-41,510
1775447282793,key-41,511
1775447282794,key-41,512
1775447282796,key-43,170
1775447282797,key-43,171
1775447282807,key-45,364
1775447282807,key-34,837
1775447282807,key-19,39
1775447282807,key-43,181
1775447282812,key-6,968
1775447282814,key-46,73
1775447282815,key-19,47
1775447282820,key-41,538
1775447282823,key-46,82
1775447282831,key-6,987
1775447282839,key-46,98
1775447282839,key-37,516
1775447282840,key-41,558
1775447282840,key-9,78
1775447282842,key-6,998
1775447282844,key-46,103
1775447282846,key-43,220
1775447282847,key-44,720
1775447282854,key-43,228
1775447282859,key-2,34
1775447282859,key-43,233
1775447282860,key-46,119
1775447282866,key-34,896
1775447282867,key-34,897
1775447282871,key-1,10
1775447282872,key-34,902
1775447282872,key-37,549
1775447282876,key-5,686
1775447282876,key-41,594
1775447282887,key-18,35
1775447282887,key-5,697
1775447282887,key-44,760
1775447282891,key-5,701
1775447282892,key-5,702
1775447282892,key-41,610
1775447282893,key-50,20
1775447282899,key-1,23
1775447282901,key-41,619
1775447282906,key-1,30
1775447282906,key-25,2841
1775447282907,key-7,2852
1775447282907,key-13,57
1775447282908,key-34,938
1775447282908,key-20,1560
1775447282915,key-41,633
1775447282917,key-47,10
1775447282918,key-25,2853
1775447282920,key-42,31
1775447282921,key-3,14
1775447282923,key-20,1575
1775447282924,key-41,642
1775447282934,key-41,652
1775447282935,key-42,46
1775447282935,key-47,28
1775447282935,key-3,28
1775447282939,key-3,32
1775447282941,key-5,751
1775447282945,key-35,380
1775447282948,key-47,41
1775447282962,key-10,16
1775447282964,key-45,521
1775447282965,key-5,775
1775447282965,key-29,860
1775447282966,key-3,59
1775447282966,key-29,861
1775447282966,key-47,59
1775447282967,key-34,997
1775447282968,key-42,79
1775447282970,key-20,1622
1775447282971,key-7,12
1775447282971,key-5,781
1775447282972,key-11,803
1775447282979,key-15,1546
1775447282981,key-31,240
1775447282981,key-35,416
1775447282983,key-14,51
1775447282983,key-40,20
1775447282983,key-50,14
1775447282988,key-42,99
1775447282989,key-34,1019
1775447282994,key-29,889
1775447282994,key-5,804
1775447282994,key-11,16
1775447282995,key-20,1647
1775447282996,key-39,279
1775447282996,key-40,33
1775447282997,key-11,19
1775447282997,key-35,432
1775447282997,key-31,256
1775447282998,key-40,35
1775447282999,key-40,36
1775447283005,key-35,440
1775447283006,key-40,43
1775447283007,key-39,290
1775447283008,key-7,49
1775447283008,key-30,783
1775447283009,key-21,478
1775447283012,key-47,105
1775447283014,key-35,4
1775447283014,key-39,297
1775447283017,key-7,58
1775447283018,key-30,793
1775447283020,key-30,795
1775447283023,key-12,803
1775447283023,key-31,282
1775447283023,key-40,60
1775447283028,key-7,69
1775447283031,key-30,806
1775447283033,key-21,502
1775447283033,key-16,287
1775447283034,key-40,71
1775447283034,key-39,317
1775447283034,key-39,317
1775447283035,key-39,318
1775447283037,key-50,68
1775447283038,key-35,28
1775447283039,key-39,322
1775447283043,key-40,80
1775447283051,key-40,88
1775447283057,key-12,837
1775447283062,key-21,12
1775447283062,key-8,145
1775447283065,key-31,324
1775447283066,key-2,241
1775447283067,key-40,104
1775447283067,key-21,17
1775447283067,key-35,57
1775447283068,key-39,351
1775447283070,key-40,107
1775447283071,key-45,628
1775447283072,key-43,446
1775447283073,key-9,311
1775447283074,key-34,1104
1775447283074,key-24,2022
1775447283080,key-18,228
1775447283083,key-11,40
1775447283085,key-2,260
1775447283086,key-34,1116
1775447283088,key-32,971
1775447283090,key-15,1657
1775447283091,key-14,159
1775447283091,key-34,1121
1775447283095,key-23,1048
1775447283096,key-32,979
1775447283097,key-40,134
1775447283098,key-9,336
1775447283101,key-45,658
1775447283101,key-1,10
1775447283102,key-18,250
1775447283104,key-9,342
1775447283106,key-32,989
1775447283106,key-9,344
1775447283112,key-45,669
1775447283117,key-15,1684
1775447283117,key-23,1070
1775447283118,key-32,1001
1775447283118,key-17,394
1775447283122,key-17,398
1775447283123,key-16,7
1775447283123,key-23,1076
1775447283125,key-15,1692
1775447283127,key-1,36
1775447283128,key-22,467
1775447283137,key-20,1789
1775447283140,key-7,181
1775447283141,key-34,1171
1775447283149,key-15,1716
1775447283150,key-20,1802
1775447283153,key-15,1720
1775447283155,key-34,1185
1775447283157,key-36,22
1775447283157,key-19,389
1775447283158,key-34,1188
1775447283158,key-22,497
1775447283160,key-12,940
1775447283160,key-34,1190
1775447283164,key-34,1194
1775447283164,key-16,48
1775447283167,key-20,1819
1775447283170,key-31,429
1775447283173,key-19,405
1775447283185,key-27,7
1775447283187,key-34,1217
1775447283187,key-41,905
1775447283187,key-30,20
1775447283190,key-8,273
1775447283191,key-22,530
1775447283194,key-42,305
1775447283196,key-22,535
1775447283200,key-30,33
1775447283202,key-41,920
1775447283204,key-41,922
1775447283204,key-16,88
1775447283212,key-22,551
1775447283213,key-20,1865
1775447283213,key-27,35
1775447283224,key-42,335
1775447283225,key-3,110
1775447283225,key-23,1178
1775447283226,key-33,1142
1775447283228,key-3,113
1775447283229,key-3,114
1775447283232,key-30,65
1775447283234,key-20,1886
1775447283237,key-33,1153
1775447283238,key-34,28
1775447283239,key-3,124
1775447283240,key-20,1892
1775447283244,key-3,129
1775447283248,key-42,359
1775447283248,key-11,32
1775447283249,key-7,8
1775447283250,key-33,1166
1775447283252,key-49,971
1775447283253,key-3,138
1775447283258,key-30,91
1775447283262,key-3,147
1775447283264,key-27,86
1775447283266,key-33,1182
1775447283268,key-3,153
1775447283269,key-20,1921
1775447283270,key-3,155
1775447283271,key-34,61
1775447283272,key-7,31
1775447283274,key-20,1926
1775447283276,key-42,387
1775447283276,key-7,35
1775447283278,key-11,62
1775447283280,key-33,1196
1775447283281,key-15,1848
1775447283283,key-15,1850
1775447283285,key-44,1158
1775447283287,key-42,398
1775447283295,key-34,85
1775447283295,key-15,1862
1775447283297,key-34,87
1775447283299,key-49,1018
1775447283300,key-10,354
1775447283303,key-1,13
1775447283304,key-29,1199
1775447283305,key-15,9
1775447283308,key-23,1261
1775447283309,key-1,19
1775447283311,key-15,15
1775447283311,key-34,101
1775447283312,key-42,423
1775447283314,key-29,1209
1775447283314,key-15,18
1775447283315,key-29,1210
1775447283315,key-10,369
1775447283321,key-29,1216
1775447283324,key-29,1219
1775447283325,key-34,115
1775447283328,key-10,382
1775447283328,key-33,1244
1775447283335,key-28,239
1775447283337,key-9,575
1775447283337,key-29,1232
1775447283338,key-1,28
1775447283343,key-1,33
1775447283343,key-29,1238
1775447283344,key-10,398
1775447283344,key-9,582
1775447283344,key-2,5
1775447283350,key-29,1245
1775447283350,key-8,433
1775447283351,key-10,405
1775447283354,key-28,258
1775447283354,key-10,408
1775447283354,key-28,258
1775447283354,key-29,1249
1775447283356,key-10,410
1775447283357,key-28,261
1775447283359,key-1,49
1775447283359,key-29,1254
1775447283368,key-18,516
1775447283368,key-28,272
1775447283368,key-29,1263
1775447283368,key-36,18
1775447283369,key-38,1779
1775447283379,key-10,433
1775447283380,key-23,1333
1775447283380,key-40,417
1775447283381,key-12,7
1775447283381,key-28,285
1775447283381,key-8,464
1775447283382,key-23,1335
1775447283382,key-49,1101
1775447283382,key-29,1277
1775447283384,key-19,616
1775447283385,key-38,1795
1775447283388,key-7,147
1775447283389,key-29,1284
1775447283391,key-28,295
1775447283392,key-21,342
1775447283392,key-12,18
1775447283394,key-21,344
1775447283396,key-38,1806
1775447283397,key-16,281
1775447283402,key-21,352
1775447283402,key-29,1297
1775447283403,key-12,29
1775447283403,key-29,1298
1775447283406,key-21,356
1775447283407,key-23,1360
1775447283413,key-12,39
1775447283415,key-29,1310
1775447283416,key-49,1135
1775447283416,key-12,42
1775447283416,key-19,648
1775447283416,key-21,366
1775447283417,key-49,1136
1775447283417,key-16,301
1775447283419,key-21,369
1775447283419,key-21,369
1775447283419,key-49,1138
1775447283419,key-23,1372
1775447283428,key-29,1323
1775447283428,key-18,576
1775447283429,key-21,379
1775447283429,key-23,1382
1775447283430,key-20,2082
1775447283431,key-16,315
1775447283431,key-4,299
1775447283432,key-16,316
1775447283435,key-49,1154
1775447283436,key-48,812
1775447283436,key-21,386
1775447283436,key-19,668
1775447283438,key-29,1333
1775447283441,key-23,1394
1775447283442,key-23,1395
1775447283446,key-4,314
1775447283446,key-10,12
1775447283448,key-22,787
1775447283453,key-4,321
1775447283453,key-20,2105
1775447283453,key-23,1406
1775447283454,key-4,322
1775447283460,key-22,799
1775447283460,key-48,836
1775447283461,key-19,24
1775447283464,key-10,30
1775447283466,key-4,334
1775447283467,key-3,13
1775447283468,key-39,751
1775447283469,key-4,337
1775447283473,key-39,756
1775447283474,key-23,1427
1775447283474,key-36,124
1775447283475,key-29,1370
1775447283475,key-4,343
1775447283484,key-4,352
1775447283484,key-3,30
1775447283485,key-39,768
1775447283486,key-36,136
1775447283486,key-4,354
1775447283489,key-23,1442
1775447283495,key-36,145
1775447283500,key-3,46
1775447283500,key-12,17
1775447283500,key-36,150
1775447283501,key-39,784
1775447283501,key-32,1384
1775447283502,key-29,1397
1775447283504,key-26,494
1775447283505,key-36,155
1775447283506,key-4,374
1775447283507,key-4,375
1775447283507,key-44,1380
1775447283512,key-4,380
1775447283512,key-39,795
1775447283515,key-36,165
1775447283518,key-36,168
1775447283526,key-32,1409
1775447283527,key-36,177
1775447283530,key-29,1425
1775447283531,key-4,399
1775447283544,key-20,2196
1775447283569,key-50,54
1775447283569,key-29,1464
1775447283570,key-36,220
1775447283570,key-44,1443
1775447283573,key-36,223
1775447283573,key-36,223
1775447283573,key-31,58
1775447283574,key-39,857
1775447283574,key-41,104
1775447283574,key-4,442
1775447283574,key-4,442
1775447283574,key-23,1527
1775447283575,key-32,1458
1775447283575,key-10,141
1775447283575,key-22,914
1775447283576,key-36,226
1775447283576,key-38,1986
1775447283576,key-29,1471
1775447283583,key-4,451
1775447283587,key-18,735
1775447283590,key-36,240
1775447283598,key-39,881
1775447283598,key-29,1493
1775447283598,key-31,83
1775447283602,key-23,1555
1775447283603,key-18,1
1775447283604,key-20,35
1775447283607,key-22,946
1775447283607,key-8,690
1775447283608,key-36,258
1775447283610,key-36,260
1775447283613,key-36,263
1775447283617,key-2,41
1775447283618,key-39,901
1775447283622,key-36,272
1775447283623,key-18,21
1775447283623,key-22,962
1775447283623,key-22,962
1775447283623,key-3,7
1775447283624,key-18,22
1775447283624,key-36,274
1775447283624,key-21,574
1775447283625,key-36,275
1775447283626,key-49,1345
1775447283627,key-3,11
1775447283627,key-2,51
1775447283627,key-18,25
1775447283632,key-36,282
1775447283633,key-2,57
1775447283636,key-18,34
1775447283637,key-18,35
1775447283638,key-22,977
1775447283643,key-17,74
1775447283644,key-21,17
1775447283645,key-21,18
1775447283645,key-2,69
1775447283649,key-21,22
1775447283650,key-7,409
1775447283652,key-7,411
1775447283653,key-2,77
1775447283654,key-18,52
1775447283655,key-21,28
1775447283659,key-32,1542
1775447283661,key-38,2071
1775447283662,key-21,35
1775447283667,key-2,91
1775447283668,key-35,658
1775447283671,key-32,1554
1775447283672,key-32,1555
1775447283672,key-23,1625
1775447283676,key-2,100
1775447283676,key-32,1559
1775447283677,key-7,436
1775447283677,key-2,101
1775447283679,key-37,5
1775447283681,key-23,1634
1775447283682,key-26,16
1775447283683,key-26,17
1775447283683,key-8,766
1775447283684,key-18,82
1775447283684,key-7,443
1775447283692,key-8,775
1775447283692,key-26,26
1775447283694,key-43,1068
1775447283695,key-32,1578
1775447283695,key-5,461
1775447283697,key-5,463
1775447283701,key-8,784
1775447283702,key-18,100
1775447283702,key-23,1655
1775447283702,key-26,36
1775447283704,key-32,1587
1775447283707,key-43,1081
1775447283707,key-26,41
1775447283714,key-8,797
1775447283721,key-26,55
1775447283722,key-40,22
1775447283722,key-18,120
1775447283722,key-5,488
1775447283723,key-7,2
1775447283724,key-18,122
1775447283725,key-6,444
1775447283726,key-18,124
1775447283726,key-31,211
1775447283727,key-38,2137
1775447283727,key-46,6
1775447283728,key-22,1067
1775447283730,key-31,215
1775447283737,key-46,16
1775447283738,key-35,728
1775447283738,key-48,1114
1775447283742,key-39,1025
1775447283743,key-12,260
1775447283744,key-48,1120
1775447283746,key-12,263
1775447283748,key-39,1031
1775447283748,key-33,1664
1775447283750,key-12,267
1775447283752,key-18,150
1775447283755,key-48,1131
1775447283756,key-31,241
1775447283757,key-25,3692
1775447283757,key-50,242
1775447283757,key-39,1040
1775447283758,key-4,626
1775447283759,key-48,1135
1775447283763,key-48,1139
1775447283764,key-18,162
1775447283765,key-39,1048
1775447283767,key-48,1143
1775447283768,key-38,2178
1775447283769,key-48,1145
1775447283770,key-10,15
1775447283771,key-48,1147
1775447283772,key-48,1148
1775447283772,key-39,1055
1775447283773,key-39,1056
1775447283774,key-39,1057
1775447283775,key-26,109
1775447283777,key-26,111
1775447283780,key-38,2190
1775447283781,key-25,3716
1775447283782,key-38,2192
1775447283783,key-32,1666
1775447283786,key-50,271
1775447283787,key-10,32
1775447283787,key-48,1163
1775447283787,key-48,1163
1775447283787,key-35,27
1775447283789,key-48,1165
1775447283793,key-48,1169
1775447283794,key-48,1170
1775447283798,key-4,666
1775447283799,key-28,703
1775447283800,key-35,40
1775447283801,key-35,41
1775447283802,key-50,287
1775447283803,key-32,1686
1775447283806,key-17,237
1775447283806,key-48,1182
1775447283807,key-35,47
1775447283808,key-50,293
1775447283815,key-21,29
1775447283821,key-14,22
1775447283821,key-48,1197
1775447283823,key-48,1199
1775447283823,key-48,1199
1775447283824,key-28,728
1775447283825,key-28,729
1775447283826,key-5,592
1775447283828,key-37,154
1775447283829,key-41,359
1775447283829,key-37,155
1775447283830,key-50,315
1775447283831,key-35,71
1775447283832,key-35,72
1775447283833,key-17,264
1775447283835,key-14,36
1775447283836,key-21,50
1775447283843,key-28,747
1775447283843,key-41,373
1775447283845,key-14,46
1775447283847,key-37,173
1775447283847,key-45,125
1775447283848,key-28,752
1775447283848,key-14,49
1775447283850,key-50,335
1775447283850,key-25,3785
1775447283850,key-50,335
1775447283851,key-9,11
1775447283853,key-9,13
1775447283860,key-37,186
1775447283863,key-44,18
1775447283864,key-44,19
1775447283866,key-17,297
1775447283866,key-44,21
1775447283870,key-50,355
1775447283873,key-9,33
1775447283874,key-24,145
1775447283875,key-2,299
1775447283877,key-27,8
1775447283882,key-22,1221
1775447283884,key-50,369
1775447283884,key-22,1223
1775447283885,key-50,370
1775447283885,key-44,40
1775447283891,key-34,681
1775447283892,key-5,658
1775447283892,key-9,52
1775447283893,key-22,1232
1775447283893,key-44,48
1775447283893,key-9,53
1775447283894,key-47,987
1775447283900,key-27,31
1775447283901,key-22,1240
1775447283901,key-29,10
1775447283905,key-9,65
1775447283907,key-22,1246
1775447283908,key-11,692
1775447283908,key-3,292
1775447283909,key-9,69
1775447283910,key-9,70
1775447283910,key-34,700
1775447283912,key-9,72
1775447283913,key-44,68
1775447283914,key-22,1253
1775447283915,key-11,699
1775447283917,key-17,348
1775447283917,key-2,341
1775447283919,key-22,1258
1775447283920,key-30,3
1775447283924,key-29,33
1775447283928,key-29,37
1775447283929,key-27,60
1775447283929,key-9,89
1775447283930,key-3,314
1775447283931,key-6,1
1775447283933,key-9,93
1775447283934,key-4,802
1775447283936,key-9,96
1775447283936,key-9,96
1775447283937,key-9,97
1775447283938,key-30,21
1775447283940,key-9,100
1775447283940,key-6,10
1775447283940,key-9,100
1775447283945,key-9,105
1775447283946,key-30,29
1775447283946,key-6,16
1775447283946,key-30,29
1775447283955,key-3,339
1775447283955,key-47,1048
1775447283955,key-17,386
1775447283956,key-50,11
1775447283958,key-6,28
1775447283961,key-6,31
1775447283964,key-23,1917
1775447283966,key-9,126
1775447283967,key-3,351
1775447283968,key-9,128
1775447283970,key-9,130
1775447283970,key-9,130
1775447283971,key-32,1854
1775447283972,key-9,132
1775447283972,key-47,1065
1775447283973,key-23,1926
1775447283975,key-17,406
1775447283975,key-23,1928
1775447283975,key-19,3
1775447283977,key-48,1353
1775447283977,key-17,408
1775447283980,key-6,50
1775447283981,key-15,685
1775447283986,key-23,1939
1775447283986,key-17,417
1775447283986,key-13,507
1775447283987,key-23,1940
1775447283987,key-9,147
1775447283987,key-9,147
1775447283987,key-15,691
1775447283988,key-19,16
1775447283993,key-9,153
1775447283994,key-17,425
1775447283994,key-9,154
1775447283995,key-19,23
1775447283995,key-23,1948
1775447283995,key-19,23
1775447283995,key-17,426
1775447284001,key-9,161
1775447284001,key-41,531
1775447284003,key-41,533
1775447284004,key-9,164
1775447284005,key-19,33
1775447284006,key-24,277
1775447284013,key-43,273
1775447284013,key-17,444
1775447284014,key-9,174
1775447284015,key-9,175
1775447284015,key-37,341
1775447284016,key-17,447
1775447284018,key-36,668
1775447284018,key-9,178
1775447284018,key-43,278
1775447284019,key-23,1972
1775447284023,key-46,302
1775447284025,key-41,555
1775447284027,key-24,298
1775447284032,key-41,562
1775447284032,key-33,1948
1775447284032,key-46,311
1775447284033,key-9,193
1775447284034,key-9,194
1775447284034,key-29,143
1775447284035,key-3,42
1775447284040,key-9,200
1775447284040,key-36,690
1775447284045,key-15,749
1775447284045,key-3,52
1775447284046,key-37,30
1775447284047,key-17,478
1775447284051,key-3,58
1775447284053,key-34,843
1775447284055,key-40,52
1775447284055,key-41,585
1775447284056,key-41,586
1775447284057,key-3,64
1775447284058,key-25,3993
1775447284058,key-33,1974
1775447284068,key-46,347
1775447284068,key-22,20
1775447284069,key-37,53
1775447284069,key-3,76
1775447284069,key-36,719
1775447284074,key-40,71
1775447284075,key-22,27
1775447284075,key-3,82
1775447284076,key-17,507
1775447284077,key-22,29
1775447284077,key-13,598
1775447284077,key-22,29
1775447284081,key-9,241
1775447284081,key-33,1997
1775447284082,key-33,1998
1775447284086,key-17,517
1775447284089,key-19,117
1775447284089,key-18,487
1775447284091,key-9,251
1775447284091,key-33,2007
1775447284091,key-36,741
1775447284097,key-13,618
1775447284097,key-8,24
1775447284098,key-8,25
1775447284103,key-44,258
1775447284103,key-13,624
1775447284104,key-13,625
1775447284104,key-8,31
1775447284104,key-22,22
1775447284107,key-8,34
1775447284108,key-8,35
1775447284109,key-8,36
1775447284110,key-36,760
1775447284114,key-5,12
1775447284117,key-17,548
1775447284117,key-36,767
1775447284118,key-19,146
1775447284118,key-18,516
1775447284118,key-2,542
1775447284118,key-44,273
1775447284119,key-9,279
1775447284120,key-8,47
1775447284125,key-23,2078
1775447284127,key-2,551
1775447284130,key-22,48
1775447284134,key-2,558
1775447284136,key-18,534
1775447284137,key-2,561
1775447284138,key-41,668
1775447284139,key-5,37
1775447284139,key-8,66
1775447284140,key-2,564
1775447284143,key-41,673
1775447284144,key-6,214
1775447284146,key-5,44
1775447284147,key-2,571
1775447284148,key-19,176
1775447284153,key-2,577
1775447284154,key-48,1530
1775447284154,key-23,24
1775447284155,key-6,225
1775447284155,key-2,579
1775447284159,key-13,680
1775447284159,key-8,86
1775447284160,key-20,591
1775447284161,key-13,682
1775447284163,key-20,594
1775447284163,key-26,497
1775447284164,key-13,685
1775447284167,key-20,598
1775447284168,key-34,958
1775447284170,key-19,198
1775447284170,key-8,97
1775447284172,key-23,42
1775447284172,key-2,596
1775447284175,key-8,102
1775447284177,key-2,601
1775447284181,key-34,971
1775447284183,key-20,614
1775447284184,key-20,615
1775447284185,key-48,27
1775447284187,key-40,184
1775447284187,key-34,977
1775447284187,key-8,114
1775447284188,key-29,297
1775447284192,key-2,616
1775447284193,key-36,843
1775447284195,key-34,985
1775447284197,key-41,727
1775447284200,key-20,631
1775447284202,key-8,129
1775447284204,key-2,628
1775447284205,key-19,23
1775447284206,key-31,690
1775447284206,key-48,48
1775447284207,key-20,638
1775447284208,key-9,368
1775447284213,key-8,140
1775447284213,key-8,140
1775447284220,key-31,705
1775447284221,key-36,871
1775447284221,key-41,751
1775447284222,key-8,149
1775447284222,key-30,305
1775447284223,key-8,150
1775447284224,key-8,151
1775447284224,key-29,17
1775447284225,key-9,385
1775447284229,key-6,8
1775447284230,key-8,157
1775447284231,key-8,158
1775447284232,key-8,159
1775447284235,key-8,162
1775447284236,key-15,6
1775447284236,key-8,163
1775447284238,key-15,8
1775447284239,key-41,769
1775447284244,key-41,774
1775447284246,key-41,776
1775447284247,key-19,65
1775447284248,key-35,8
1775447284252,key-8,179
1775447284253,key-8,180
1775447284253,key-8,180
1775447284253,key-23,11
1775447284254,key-24,7
1775447284255,key-41,785
1775447284258,key-35,18
1775447284259,key-8,186
1775447284261,key-8,188
1775447284261,key-29,2
1775447284262,key-19,80
1775447284262,key-38,2672
1775447284265,key-4,1133
1775447284266,key-17,697
1775447284267,key-38,2677
1775447284268,key-42,11
1775447284268,key-42,11
1775447284269,key-12,442
1775447284270,key-8,197
1775447284272,key-25,4207
1775447284277,key-19,95
1775447284278,key-22,196
1775447284281,key-8,208
1775447284286,key-42,29
1775447284286,key-42,29
1775447284287,key-29,28
1775447284287,key-29,28
1775447284288,key-25,4223
1775447284294,key-25,4229
1775447284294,key-10,539
1775447284295,key-17,726
1775447284296,key-38,2706
1775447284298,key-29,39
1775447284298,key-29,39
1775447284300,key-25,4235
1775447284302,key-29,43
1775447284302,key-42,45
1775447284302,key-8,229
1775447284304,key-8,231
1775447284305,key-19,123
1775447284305,key-29,46
1775447284305,key-17,736
1775447284307,key-42,50
1775447284307,key-46,4
1775447284310,key-10,555
1775447284313,key-46,10
1775447284315,key-17,746
1775447284316,key-46,13
1775447284316,key-25,4251
1775447284317,key-8,244
1775447284317,key-8,244
1775447284319,key-29,60
1775447284322,key-42,65
1775447284324,key-17,755
1775447284326,key-46,23
1775447284329,key-23,87
1775447284329,key-46,26
1775447284330,key-46,27
1775447284331,key-46,28
1775447284332,key-46,29
1775447284334,key-10,579
1775447284336,key-17,767
1775447284336,key-46,33
1775447284337,key-46,34
1775447284338,key-8,265
1775447284339,key-29,15
1775447284339,key-42,82
1775447284340,key-25,4275
1775447284346,key-23,104
1775447284347,key-10,592
1775447284348,key-10,593
1775447284349,key-46,46
1775447284350,key-46,47
1775447284350,key-46,47
1775447284350,key-7,2
1775447284351,key-29,27
1775447284354,key-7,6
1775447284354,key-25,4289
1775447284354,key-11,1138
1775447284355,key-7,7
1775447284356,key-6,135
1775447284357,key-15,1
1775447284360,key-6,139
1775447284363,key-6,142
1775447284364,key-34,16
1775447284366,key-7,18
1775447284369,key-10,614
1775447284371,key-7,23
1775447284371,key-46,68
1775447284372,key-46,69
1775447284377,key-27,508
1775447284378,key-34,30
1775447284379,key-17,810
1775447284380,key-50,10
1775447284381,key-11,1165
1775447284381,key-13,902
1775447284382,key-34,34
1775447284382,key-6,161
1775447284386,key-7,38
1775447284387,key-34,39
1775447284387,key-3,394
1775447284387,key-6,166
1775447284388,key-17,819
1775447284389,key-29,65
1775447284390,key-46,87
1775447284390,key-50,20
1775447284390,key-50,20
1775447284391,key-7,43
1775447284393,key-50,23
1775447284393,key-14,594
1775447284394,key-29,70
1775447284395,key-3,402
1775447284399,key-29,75
1775447284402,key-29,78
1775447284402,key-17,833
1775447284405,key-19,103
1775447284405,key-34,57
1775447284407,key-38,2817
1775447284408,key-3,415
1775447284409,key-29,85
1775447284409,key-7,61
1775447284410,key-19,108
1775447284413,key-19,111
1775447284413,key-14,614
1775447284417,key-14,618
1775447284418,key-3,425
1775447284419,key-49,15
1775447284420,key-24,173
1775447284421,key-3,428
1775447284421,key-49,17
1775447284421,key-20,17
1775447284424,key-19,122
1775447284425,key-29,101
1775447284426,key-49,22
1775447284427,key-49,23
1775447284429,key-34,81
1775447284429,key-29,105
1775447284430,key-21,644
1775447284430,key-19,128
1775447284431,key-24,184
1775447284431,key-19,129
1775447284432,key-29,108
1775447284434,key-19,132
1775447284435,key-19,133
1775447284436,key-49,32
1775447284440,key-19,138
1775447284440,key-49,36
1775447284443,key-29,119
1775447284444,key-29,120
1775447284444,key-3,451
1775447284445,key-24,198
1775447284446,key-19,144
1775447284446,key-49,42
1775447284447,key-19,145
1775447284449,key-29,125
1775447284451,key-24,204
1775447284457,key-29,133
1775447284458,key-24,211
1775447284459,key-24,212
1775447284460,key-24,213
1775447284461,key-29,137
1775447284462,key-24,215
1775447284462,key-49,58
1775447284462,key-24,215
1775447284462,key-24,215
1775447284463,key-24,216
1775447284464,key-9,624
1775447284465,key-5,152
1775447284465,key-34,117
1775447284466,key-29,142
1775447284468,key-24,221
1775447284469,key-24,222
1775447284472,key-27,81
1775447284474,key-29,150
1775447284475,key-19,173
1775447284475,key-24,228
1775447284477,key-10,722
1775447284477,key-41,1007
1775447284480,key-34,132
1775447284480,key-19,178
1775447284481,key-30,564
1775447284482,key-24,235
1775447284484,key-10,729
1775447284485,key-24,238
1775447284487,key-41,1017
1775447284489,key-9,649
1775447284491,key-27,100
1775447284491,key-45,769
1775447284493,key-34,145
1775447284493,key-29,169
1775447284494,key-10,739
1775447284494,key-35,254
1775447284495,key-29,171
1775447284497,key-40,494
1775447284497,key-44,652
1775447284498,key-41,1028
1775447284500,key-9,660
1775447284500,key-3,507
1775447284504,key-29,180
1775447284506,key-10,751
1775447284507,key-27,116
1775447284508,key-45,786
1775447284509,key-10,754
1775447284510,key-29,186
1775447284511,key-13,1032
1775447284512,key-9,672
1775447284513,key-29,189
1775447284518,key-36,1168
1775447284518,key-44,673
1775447284518,key-20,114
1775447284518,key-27,127
1775447284521,key-4,1389
1775447284522,key-44,677
1775447284523,key-4,1391
1775447284525,key-3,532
1775447284526,key-27,135
1775447284527,key-36,1177
1775447284529,key-44,684
1775447284535,key-10,780
1775447284536,key-27,145
1775447284536,key-21,10
1775447284539,key-4,1407
1775447284542,key-44,697
1775447284542,key-25,1
1775447284544,key-10,789
1775447284545,key-10,790
1775447284545,key-4,1413
1775447284546,key-50,176
1775447284546,key-27,155
1775447284548,key-4,1416
1775447284549,key-27,158
1775447284550,key-5,237
1775447284552,key-27,161
1775447284555,key-4,1423
1775447284556,key-36,1206
1775447284556,key-36,1206
1775447284558,key-36,1208
1775447284558,key-21,32
1775447284559,key-4,1427
1775447284561,key-8,8
1775447284562,key-8,9
1775447284565,key-36,1215
1775447284568,key-4,1436
1775447284572,key-34,224
1775447284572,key-4,1440
1775447284575,key-19,273
1775447284576,key-4,1444
1775447284576,key-36,1226
1775447284582,key-21,56
1775447284583,key-4,1451
1775447284583,key-8,30
1775447284583,key-27,192
1775447284584,key-36,1234
1775447284585,key-41,25
1775447284589,key-8,36
1775447284590,key-41,30
1775447284590,key-13,29
1775447284592,key-36,1242
1775447284592,key-21,66
1775447284596,key-8,43
1775447284598,key-8,45
1775447284599,key-19,297
1775447284600,key-47,1693
1775447284602,key-13,41
1775447284604,key-36,1254
1775447284606,key-36,1256
1775447284606,key-27,215
1775447284607,key-36,1257
1775447284609,key-41,49
1775447284609,key-21,83
1775447284611,key-8,58
1775447284611,key-40,608
1775447284617,key-8,64
1775447284618,key-21,92
1775447284621,key-27,230
1775447284621,key-36,1271
1775447284629,key-44,784
1775447284630,key-21,104
1775447284631,key-13,70
1775447284632,key-39,1915
1775447284632,key-4,26
1775447284632,key-4,26
1775447284632,key-22,262
1775447284634,key-48,427
1775447284634,key-43,894
1775447284637,key-41,77
1775447284637,key-2,261
1775447284637,key-21,111
1775447284639,key-10,884
1775447284644,key-4,38
1775447284646,key-36,1296
1775447284651,key-4,45
1775447284652,key-22,282
1775447284653,key-21,127
1775447284654,key-42,397
1775447284654,key-27,263
1775447284655,key-21,129
1775447284656,key-23,7
1775447284659,key-4,53
1775447284660,key-34,312
1775447284660,key-28,1564
1775447284660,key-10,905
1775447284661,key-4,55
1775447284661,key-10,906
1775447284663,key-4,57
1775447284664,key-10,909
1775447284670,key-28,1574
1775447284671,key-12,276
1775447284673,key-28,1577
1775447284678,key-27,287
1775447284679,key-28,1583
1775447284681,key-28,1585
1775447284686,key-28,1590
1775447284689,key-12,294
1775447284689,key-2,6
1775447284692,key-10,937
1775447284695,key-27,304
1775447284698,key-27,307
1775447284699,key-28,1603
1775447284699,key-27,308
1775447284700,key-10,945
1775447284701,key-2,18
1775447284704,key-2,21
1775447284705,key-28,1609
1775447284706,key-28,1610
1775447284706,key-27,315
1775447284706,key-50,336
1775447284712,key-2,29
1775447284713,key-28,1617
1775447284715,key-19,78
1775447284720,key-27,329
1775447284722,key-27,331
1775447284722,key-15,366
1775447284726,key-32,2609
1775447284728,key-15,372
1775447284730,key-27,339
1775447284731,key-2,48
1775447284733,key-2,50
1775447284735,key-2,52
1775447284736,key-2,53
1775447284736,key-10,13
1775447284737,key-50,367
1775447284742,key-32,2625
1775447284742,key-9,19
1775447284742,key-27,351
1775447284743,key-2,60
1775447284745,key-9,22
1775447284748,key-50,378
1775447284749,key-25,208
1775447284749,key-42,492
1775447284750,key-10,27
1775447284751,key-25,210
1775447284752,key-50,382
1775447284758,key-32,2641
1775447284762,key-27,371
1775447284762,key-27,371
1775447284763,key-10,40
1775447284765,key-18,1163
1775447284766,key-10,43
1775447284768,key-44,923
1775447284771,key-10,48
1775447284773,key-32,2656
1775447284775,key-18,1173
1775447284776,key-27,385
1775447284776,key-50,406
1775447284778,key-18,1176
1775447284779,key-32,2662
1775447284781,key-10,58
1775447284782,key-49,378
1775447284787,key-50,417
1775447284789,key-32,2672
1775447284793,key-10,70
1775447284794,key-13,233
1775447284794,key-36,10
1775447284794,key-27,403
1775447284795,key-10,72
1775447284797,key-10,74
1775447284797,key-34,449
1775447284798,key-41,238
1775447284800,key-10,77
1775447284800,key-36,16
1775447284800,key-10,77
1775447284804,key-32,2687
1775447284804,key-48,597
1775447284808,key-50,438
1775447284810,key-32,2693
1775447284812,key-1,1502
1775447284816,key-50,446
1775447284816,key-10,93
1775447284817,key-32,2700
1775447284818,key-10,95
1775447284819,key-23,170
1775447284821,key-32,2704
1775447284821,key-10,98
1775447284821,key-10,98
1775447284822,key-6,601
1775447284828,key-10,105
1775447284828,key-23,179
1775447284829,key-10,106
1775447284833,key-32,2716
1775447284834,key-10,111
1775447284835,key-4,229
1775447284836,key-32,2719
1775447284837,key-23,188
1775447284842,key-35,602
1775447284844,key-8,291
1775447284844,key-34,496
1775447284845,key-6,624
1775447284847,key-23,198
1775447284848,key-23,199
1775447284850,key-43,1
1775447284853,key-4,247
1775447284857,key-10,134
1775447284858,key-43,9
1775447284862,key-6,641
1775447284862,key-10,139
1775447284866,key-6,645
1775447284869,key-1,6
1775447284871,key-23,8
1775447284872,key-8,319
1775447284874,key-10,11
1775447284874,key-4,268
1775447284876,key-34,528
1775447284877,key-4,271
1775447284882,key-23,19
1775447284882,key-38,3292
1775447284883,key-17,1314
1775447284884,key-12,489
1775447284887,key-3,894
1775447284888,key-1,2
1775447284888,key-38,3298
1775447284888,key-33,2804
1775447284894,key-8,341
1775447284895,key-4,289
1775447284897,key-23,34
1775447284897,key-8,344
1775447284898,key-3,905
1775447284898,key-17,1329
1775447284898,key-17,1329
1775447284901,key-41,341
1775447284902,key-17,1333
1775447284906,key-23,43
1775447284911,key-3,918
1775447284912,key-41,352
1775447284912,key-38,3322
1775447284913,key-42,656
1775447284914,key-3,921
1775447284915,key-1,29
1775447284917,key-13,356
1775447284917,key-1,31
1775447284921,key-13,360
1775447284922,key-26,1256
1775447284922,key-43,73
1775447284928,key-17,1359
1775447284930,key-26,1264
1775447284932,key-27,541
1775447284933,key-41,13
1775447284934,key-19,297
1775447284935,key-3,942
1775447284935,key-42,678
1775447284939,key-41,19
1775447284940,key-24,208
1775447284943,key-13,382
1775447284946,key-41,26
1775447284947,key-24,215
1775447284947,key-27,556
1775447284948,key-37,932
1775447284952,key-19,315
1775447284956,key-17,1387
1775447284957,key-24,225
1775447284962,key-7,614
1775447284965,key-4,359
1775447284965,key-7,617
1775447284967,key-37,951
1775447284968,key-41,48
1775447284969,key-19,332
1775447284969,key-3,976
1775447284971,key-19,334
1775447284973,key-21,447
1775447284978,key-7,630
1775447284981,key-13,420
1775447284981,key-7,633
1775447284986,key-41,66
1775447284986,key-24,254
1775447284988,key-24,256
1775447284989,key-7,641
1775447284993,key-7,645
1775447284999,key-25,14
1775447285001,key-19,364
1775447285001,key-41,81
1775447285011,key-21,485
1775447285012,key-25,27
1775447285012,key-29,27
1775447285013,key-7,665
1775447285014,key-41,94
1775447285014,key-29,29
1775447285015,key-7,667
1775447285021,key-7,673
1775447285022,key-21,496
1775447285022,key-24,290
1775447285024,key-7,676
1775447285024,key-7,676
1775447285027,key-24,295
1775447285027,key-7,679
1775447285031,key-18,1429
1775447285036,key-8,483
1775447285038,key-29,53
1775447285038,key-7,690
1775447285038,key-22,668
1775447285043,key-24,311
1775447285043,key-45,1321
1775447285043,key-4,437
1775447285045,key-26,1379
1775447285045,key-18,1443
1775447285047,key-44,25
1775447285053,key-31,1538
1775447285054,key-29,69
1775447285054,key-44,32
1775447285055,key-7,707
1775447285057,key-37,1041
1775447285057,key-45,1335
1775447285057,key-24,325
1775447285058,key-38,3468
1775447285058,key-35,818
1775447285058,key-29,73
1775447285062,key-16,1946
1775447285063,key-24,331
1775447285063,key-24,331
1775447285067,key-24,335
1775447285070,key-24,338
1775447285072,key-24,340
1775447285073,key-44,51
1775447285075,key-34,25
1775447285078,key-24,346
1775447285081,key-24,349
1775447285081,key-24,349
1775447285082,key-35,842
1775447285086,key-38,3496
1775447285087,key-29,102
1775447285088,key-31,1573
1775447285088,key-18,18
1775447285090,key-3,3
1775447285093,key-29,108
1775447285095,key-17,1526
1775447285096,key-24,364
1775447285096,key-44,74
1775447285097,key-20,693
1775447285098,key-35,858
1775447285100,key-18,30
1775447285101,key-42,844
1775447285106,key-24,374
1775447285106,key-18,36
1775447285110,key-24,378
1775447285110,key-32,6
1775447285111,key-18,41
1775447285115,key-32,11
1775447285117,key-18,47
1775447285123,key-32,19
1775447285124,key-24,392
1775447285124,key-14,1325
1775447285124,key-18,54
1775447285124,key-24,392
1775447285126,key-19,489
1775447285129,key-24,397
1775447285130,key-24,398
1775447285130,key-24,398
1775447285131,key-32,27
1775447285132,key-18,62
1775447285136,key-24,404
1775447285136,key-24,404
1775447285137,key-18,67
1775447285138,key-18,68
1775447285138,key-14,1339
1775447285140,key-24,408
1775447285140,key-2,457
1775447285141,key-4,535
1775447285142,key-18,72
1775447285143,key-24,411
1775447285144,key-44,122
1775447285151,key-15,101
1775447285151,key-17,1582
1775447285152,key-22,782
1775447285152,key-24,420
1775447285152,key-18,82
1775447285154,key-24,422
1775447285154,key-22,784
1775447285158,key-19,521
1775447285167,key-43,318
1775447285168,key-22,798
1775447285168,key-18,98
1775447285169,key-32,65
1775447285169,key-22,799
1775447285170,key-28,2074
1775447285171,key-22,801
1775447285172,key-43,323
1775447285172,key-10,162
1775447285173,key-18,103
1775447285185,key-17,1616
1775447285186,key-15,136
1775447285187,key-28,2091
1775447285187,key-24,455
1775447285188,key-18,118
1775447285188,key-22,818
1775447285189,key-22,819
1775447285190,key-30,327
1775447285190,key-19,553
1775447285196,key-43,347
1775447285198,key-43,349
1775447285202,key-18,132
1775447285206,key-10,196
1775447285208,key-35,968
1775447285210,key-10,200
1775447285215,key-22,845
1775447285216,key-19,579
1775447285217,key-22,847
1775447285226,key-22,856
1775447285226,key-22,856
1775447285227,key-22,857
1775447285227,key-18,157
1775447285227,key-43,378
1775447285227,key-43,378
1775447285228,key-25,43
1775447285229,key-18,159
1775447285229,key-30,366
1775447285232,key-22,862
1775447285233,key-13,2
1775447285234,key-43,9
1775447285248,key-18,178
1775447285248,key-19,611
1775447285251,key-12,856
1775447285254,key-22,884
1775447285258,key-22,888
1775447285258,key-30,395
1775447285262,key-46,328
1775447285267,key-12,872
1775447285267,key-13,36
1775447285270,key-24,538
1775447285270,key-30,407
1775447285273,key-8,720
1775447285273,key-29,288
1775447285273,key-32,169
1775447285274,key-36,224
1775447285276,key-2,593
1775447285277,key-43,20
1775447285277,key-13,46
1775447285278,key-22,908
1775447285278,key-36,228
1775447285278,key-29,293
1775447285279,key-36,229
1775447285280,key-22,910
1775447285286,key-7,938
1775447285291,key-30,428
1775447285295,key-12,900
1775447285297,key-30,434
1775447285305,key-22,935
1775447285308,key-6,1087
1775447285310,key-30,447
1775447285310,key-36,19
1775447285310,key-47,2403
1775447285312,key-30,449
1775447285318,key-36,27
1775447285320,key-22,950
1775447285320,key-26,226
1775447285321,key-46,387
1775447285322,key-30,459
1775447285323,key-41,22
1775447285323,key-10,313
1775447285325,key-26,231
1775447285326,key-36,35
1775447285326,key-36,35
1775447285328,key-10,318
1775447285335,key-36,44
1775447285341,key-17,103
1775447285343,key-47,1
1775447285344,key-19,15
1775447285347,key-41,46
1775447285348,key-12,953
1775447285350,key-36,59
1775447285350,key-36,59
1775447285353,key-36,62
1775447285355,key-19,26
1775447285357,key-41,56
1775447285357,key-26,263
1775447285358,key-19,29
1775447285360,key-43,103
1775447285361,key-19,32
1775447285362,key-17,124
1775447285362,key-43,105
1775447285364,key-36,73
1775447285367,key-50,997
1775447285369,key-50,999
1775447285369,key-41,68
1775447285372,key-12,977
1775447285378,key-10,368
1775447285383,key-34,333
1775447285387,key-36,96
1775447285388,key-29,403
1775447285389,key-12,994
1775447285390,key-17,152
1775447285391,key-19,62
1775447285392,key-26,31
1775447285394,key-17,156
1775447285395,key-7,94
1775447285396,key-22,1026
1775447285404,key-36,113
1775447285405,key-44,148
1775447285410,key-44,153
1775447285410,key-12,1015
1775447285411,key-43,154
1775447285413,key-41,112
1775447285416,key-21,890
1775447285427,key-23,564
1775447285428,key-26,67
1775447285428,key-7,127
1775447285432,key-34,29
1775447285432,key-9,709
1775447285433,key-22,1063
1775447285435,key-9,712
1775447285436,key-12,9
1775447285437,key-19,10
1775447285439,key-44,182
1775447285449,key-32,345
1775447285450,key-7,149
1775447285452,key-41,151
1775447285452,key-12,25
1775447285455,key-19,28
1775447285455,key-12,28
1775447285455,key-16,2339
1775447285456,key-9,733
1775447285460,key-41,159
1775447285466,key-29,481
1775447285469,key-3,382
1775447285470,key-12,43
1775447285471,key-41,170
1775447285473,key-41,172
1775447285474,key-16,2358
1775447285476,key-47,134
1775447285478,key-47,136
1775447285491,key-12,64
1775447285491,key-19,64
1775447285495,key-12,68
1775447285499,key-41,8
1775447285499,key-20,1095
1775447285500,key-12,73
1775447285500,key-47,158
1775447285500,key-47,158
1775447285500,key-32,12
1775447285500,key-47,158
1775447285506,key-41,15
1775447285510,key-41,19
1775447285515,key-41,24
1775447285515,key-41,24
1775447285517,key-41,26
1775447285520,key-27,479
1775447285522,key-34,32
1775447285524,key-12,97
1775447285527,key-32,39
1775447285527,key-41,36
1775447285527,key-27,486
1775447285534,key-18,464
1775447285535,key-12,108
1775447285535,key-47,193
1775447285537,key-34,47
1775447285541,key-41,50
1775447285541,key-27,500
1775447285541,key-41,50
1775447285547,key-34,57
1775447285547,key-37,1531
1775447285548,key-50,1178
1775447285551,key-37,1535
1775447285552,key-41,61
1775447285555,key-34,65
1775447285555,key-41,64
1775447285560,key-37,1544
1775447285564,key-47,222
1775447285566,key-34,76
1775447285570,key-37,1554
1775447285570,key-12,36
1775447285571,key-21,100
1775447285572,key-34,82
1775447285573,key-34,83
1775447285574,key-41,83
1775447285574,key-41,83
1775447285576,key-37,1560
1775447285583,key-34,93
1775447285583,key-39,2866
1775447285584,key-37,1568
1775447285584,key-32,4
1775447285585,key-40,19
1775447285585,key-37,1569
1775447285588,key-37,1572
1775447285592,key-23,729
1775447285592,key-6,1371
1775447285594,key-30,731
1775447285598,key-3,511
1775447285599,key-41,108
1775447285600,key-37,1584
1775447285601,key-35,1361
1775447285603,key-40,37
1775447285604,key-1,718
1775447285606,key-3,519
1775447285616,key-37,1600
1775447285616,key-41,125
1775447285616,key-32,36
1775447285616,key-35,1376
1775447285617,key-41,126
1775447285618,key-1,732
1775447285618,key-37,1602
1775447285619,key-49,8
1775447285620,key-37,1604
1775447285626,key-35,1386
1775447285627,key-12,29
1775447285627,key-37,1611
1775447285627,key-35,1387
1775447285630,key-44,373
1775447285631,key-37,1615
1775447285631,key-37,1615
1775447285633,key-4,1027
1775447285640,key-13,315
1775447285640,key-6,1419
1775447285641,key-35,1401
1775447285641,key-1,755
1775447285641,key-39,2924
1775447285643,key-37,1627
1775447285644,key-37,1628
1775447285645,key-49,34
1775447285647,key-34,157
1775447285648,key-26,83
1775447285659,key-12,61
1775447285659,key-13,334
1775447285659,key-3,30
1775447285660,key-37,1644
1775447285662,key-49,51
1775447285662,key-35,1422
1775447285664,key-13,339
1775447285664,key-4,1058
1775447285665,key-39,2948
1775447285666,key-26,2
1775447285671,key-11,7
1775447285677,key-37,1661
1775447285678,key-37,1662
1775447285678,key-26,14
1775447285679,key-46,745
1775447285680,key-3,51
1775447285680,key-19,33
1775447285680,key-12,82
1775447285686,key-13,361
1775447285702,key-31,2187
1775447285702,key-16,2586
1775447285702,key-3,73
1775447285702,key-3,73
1775447285703,key-27,39
1775447285703,key-49,92
1775447285703,key-37,1687
1775447285703,key-19,56
1775447285703,key-13,378
1775447285705,key-26,41
1775447285705,key-6,1484
1775447285706,key-26,42
1775447285706,key-3,77
1775447285707,key-19,60
1775447285708,key-37,1692
1775447285709,key-3,80
1775447285709,key-47,367
1775447285710,key-19,63
1775447285715,key-3,86
1775447285716,key-36,425
1775447285716,key-3,87
1775447285717,key-47,375
1775447285718,key-26,54
1775447285722,key-47,380
1775447285724,key-33,307
1775447285725,key-3,96
1775447285729,key-19,82
1775447285733,key-26,69
1775447285733,key-47,391
1775447285733,key-19,86
1775447285734,key-26,70
1775447285734,key-26,70
1775447285738,key-10,728
1775447285742,key-26,78
1775447285745,key-26,2
1775447285746,key-26,3
1775447285747,key-19,100
1775447285747,key-27,83
1775447285748,key-11,59
1775447285748,key-47,406
1775447285752,key-26,9
1775447285753,key-22,1383
1775447285754,key-22,1384
1775447285769,key-26,26
1775447285773,key-27,109
1775447285773,key-1,887
1775447285774,key-26,31
1775447285774,key-47,432
1775447285774,key-4,1168
1775447285774,key-19,127
1775447285774,key-26,31
1775447285774,key-27,110
1775447285775,key-7,474
1775447285777,key-26,34
1775447285779,key-47,437
1775447285784,key-34,294
1775447285785,key-48,1578
1775447285788,key-50,1418
1775447285789,key-7,488
1775447285790,key-43,533
1775447285791,key-27,127
1775447285795,key-35,26
1775447285796,key-26,53
1775447285798,key-11,109
1775447285800,key-35,31
1775447285801,key-27,137
1775447285802,key-31,50
1775447285803,key-23,4
1775447285803,key-27,139
1775447285803,key-26,60
1775447285805,key-11,116
1775447285809,key-44,552
1775447285811,key-7,510
1775447285812,key-31,60
1775447285813,key-18,18
1775447285813,key-23,14
1775447285814,key-18,19
1775447285815,key-43,558
1775447285817,key-1,931
1775447285818,key-19,171
1775447285820,key-43,563
1775447285821,key-18,26
1775447285823,key-31,71
1775447285825,key-18,30
1775447285826,key-44,569
1775447285826,key-43,569
1775447285827,key-44,570
1775447285829,key-31,77
1775447285831,key-1,945
1775447285832,key-1,946
1775447285837,key-43,580
1775447285839,key-43,582
1775447285840,key-43,583
1775447285843,key-1,957
1775447285844,key-44,587
1775447285844,key-34,354
1775447285844,key-18,49
1775447285845,key-18,50
1775447285847,key-9,1124
1775447285848,key-40,79
1775447285848,key-24,1116
1775447285848,key-43,591
1775447285851,key-26,108
1775447285852,key-43,595
1775447285852,key-44,595
1775447285854,key-9,1131
1775447285855,key-9,1132
1775447285857,key-43,600
1775447285860,key-43,603
1775447285860,key-43,603
1775447285861,key-26,118
1775447285866,key-43,609
1775447285867,key-18,72
1775447285868,key-43,611
1775447285870,key-49,16
1775447285871,key-27,207
1775447285872,key-9,1149
1775447285873,key-26,130
1775447285873,key-9,1150
1775447285874,key-14,13
1775447285875,key-16,2759
1775447285876,key-43,619
1775447285880,key-43,623
1775447285884,key-26,141
1775447285885,key-43,628
1775447285885,key-14,24
1775447285885,key-9,1162
1775447285888,key-6,1667
1775447285889,key-9,1166
1775447285889,key-43,632
1775447285890,key-24,1158
1775447285890,key-43,633
1775447285890,key-26,147
1775447285891,key-43,634
1775447285892,key-40,123
1775447285893,key-24,1161
1775447285894,key-9,1171
1775447285894,key-43,637
1775447285896,key-43,639
1775447285897,key-9,1174
1775447285906,key-9,1183
1775447285907,key-10,138
1775447285907,key-32,327
1775447285908,key-24,1176
1775447285909,key-24,1177
1775447285911,key-26,168
1775447285912,key-10,143
1775447285912,key-43,655
1775447285913,key-49,59
1775447285913,key-9,1190
1775447285913,key-24,1181
1775447285914,key-24,1182
1775447285916,key-43,659
1775447285917,key-10,148
1775447285919,key-43,662
1775447285919,key-43,662
1775447285920,key-10,151
1775447285921,key-24,1189
1775447285922,key-28,2826
1775447285923,key-32,343
1775447285924,key-33,507
1775447285926,key-19,279
1775447285927,key-49,73
1775447285927,key-24,1195
1775447285928,key-32,348
1775447285930,key-43,673
1775447285940,key-19,293
1775447285940,key-10,171
1775447285941,key-19,294
1775447285941,key-9,12
1775447285941,key-43,684
1775447285942,key-10,173
1775447285944,key-32,364
1775447285945,key-19,298
1775447285945,key-9,16
1775447285946,key-25,111
1775447285947,key-31,195
1775447285948,key-2,128
1775447285950,key-43,693
1775447285951,key-9,22
1775447285951,key-10,182
1775447285952,key-40,12
1775447285954,key-10,185
1775447285954,key-40,14
1775447285959,key-23,160
1775447285961,key-31,209
1775447285961,key-25,126
1775447285964,key-17,726
1775447285967,key-25,132
1775447285967,key-9,38
1775447285968,key-10,199
1775447285968,key-25,133
1775447285968,key-25,133
1775447285972,key-18,30
1775447285974,key-9,45
1775447285974,key-40,34
1775447285975,key-10,206
1775447285975,key-15,925
1775447285977,key-41,486
1775447285977,key-31,225
1775447285980,key-31,228
1775447285981,key-25,146
1775447285982,key-17,744
1775447285982,key-10,5
1775447285984,key-22,1614
1775447285984,key-10,7
1775447285984,key-31,232
1775447285986,key-18,44
1775447285991,key-28,2895
1775447285994,key-38,5
1775447285995,key-1,1109
1775447285999,key-40,59
1775447286000,key-10,23
1775447286002,key-46,1068
1775447286003,key-10,26
1775447286003,key-22,1633
1775447286004,key-25,169
1775447286004,key-10,27
1775447286005,key-31,253
1775447286006,key-14,119
1775447286007,key-23,208
1775447286008,key-46,1074
1775447286008,key-32,428
1775447286010,key-40,70
1775447286013,key-46,1079
1775447286016,key-46,1082
1775447286018,key-14,131
1775447286019,key-34,529
1775447286020,key-10,43
1775447286021,key-14,134
1775447286021,key-46,1087
1775447286023,key-40,83
1775447286023,key-43,766
1775447286023,key-46,1089
1775447286029,key-29,5
1775447286030,key-46,1096
1775447286031,key-14,144
1775447286032,key-32,452
1775447286032,key-29,8
1775447286033,key-46,1099
1775447286034,key-14,147
1775447286036,key-46,1102
1775447286037,key-27,133
1775447286038,key-32,458
1775447286045,key-27,141
1775447286046,key-35,277
1775447286046,key-14,159
1775447286047,key-48,1840
1775447286047,key-14,160
1775447286048,key-31,296
1775447286048,key-49,194
1775447286049,key-46,1115
1775447286049,key-27,145
1775447286051,key-35,282
1775447286055,key-43,798
1775447286059,key-14,172
1775447286063,key-27,159
1775447286069,key-14,182
1775447286070,key-35,301
1775447286073,key-48,1866
1775447286075,key-20,1671
1775447286078,key-31,326
1775447286078,key-14,191
1775447286078,key-27,174
1775447286078,key-18,136
1775447286079,key-14,192
1775447286079,key-9,150
1775447286080,key-14,193
1775447286080,key-35,311
1775447286080,key-14,193
1775447286082,key-14,195
1775447286087,key-48,1880
1775447286087,key-35,318
1775447286090,key-48,1883
1775447286091,key-20,1687
1775447286093,key-20,1689
1775447286097,key-21,5
1775447286098,key-31,346
1775447286101,key-9,172
1775447286101,key-14,214
1775447286101,key-21,9
1775447286102,key-47,760
1775447286103,key-20,1699
1775447286106,key-21,14
1775447286106,key-20,1702
1775447286110,key-20,1706
1775447286113,key-20,1709
1775447286113,key-20,1709
1775447286114,key-19,7
1775447286116,key-21,24
1775447286116,key-20,1712
1775447286117,key-21,25
1775447286117,key-21,25
1775447286117,key-31,365
1775447286118,key-35,349
1775447286120,key-20,1716
1775447286120,key-20,1716
1775447286122,key-26,379
1775447286122,key-21,30
1775447286126,key-35,357
1775447286127,key-44,870
1775447286127,key-44,870
1775447286127,key-21,35
1775447286128,key-21,36
1775447286128,key-21,36
1775447286128,key-20,1724
1775447286129,key-20,1725
1775447286129,key-21,37
1775447286131,key-35,362
1775447286132,key-25,13
1775447286132,key-25,13
1775447286133,key-21,41
1775447286136,key-22,1766
1775447286137,key-21,45
1775447286138,key-25,19
1775447286142,key-26,399
1775447286144,key-17,906
1775447286147,key-20,1743
1775447286151,key-21,59
1775447286156,key-17,918
1775447286158,key-25,39
1775447286159,key-21,67
1775447286160,key-30,1297
1775447286161,key-17,923
1775447286161,key-21,69
1775447286161,key-21,69
1775447286161,key-20,1757
1775447286162,key-35,17
1775447286162,key-36,88
1775447286162,key-17,924
1775447286163,key-30,1300
1775447286163,key-25,2
1775447286164,key-45,120
1775447286165,key-20,1761
1775447286169,key-25,8
1775447286170,key-25,9
1775447286170,key-10,78
1775447286171,key-20,1767
1775447286171,key-25,10
1775447286174,key-25,13
1775447286176,key-3,14
1775447286176,key-20,1772
1775447286177,key-3,15
1775447286181,key-8,1628
1775447286185,key-25,24
1775447286186,key-25,25
1775447286189,key-25,28
1775447286189,key-23,390
1775447286190,key-17,952
1775447286190,key-26,447
1775447286191,key-4,1585
1775447286191,key-1,21
1775447286193,key-1,23
1775447286193,key-25,32
1775447286193,key-8,1640
1775447286197,key-10,105
1775447286198,key-14,311
1775447286198,key-33,781
1775447286203,key-25,42
1775447286204,key-25,43
1775447286204,key-26,461
1775447286204,key-3,42
1775447286205,key-8,1652
1775447286206,key-26,463
1775447286210,key-12,612
1775447286210,key-1,40
1775447286210,key-1,40
1775447286211,key-25,50
1775447286212,key-26,469
1775447286212,key-25,51
1775447286215,key-25,54
1775447286219,key-1,49
1775447286220,key-10,128
1775447286220,key-2,400
1775447286220,key-13,895
1775447286222,key-33,805
1775447286222,key-25,61
1775447286223,key-25,62
1775447286225,key-1,55
1775447286230,key-10,138
1775447286231,key-30,1368
1775447286231,key-25,70
1775447286232,key-26,489
1775447286234,key-26,491
1775447286235,key-25,74
1775447286239,key-25,78
1775447286240,key-32,660
1775447286250,key-36,6
1775447286250,key-30,1387
1775447286251,key-20,1847
1775447286252,key-25,91
1775447286252,key-32,672
1775447286252,key-1,82
1775447286253,key-25,92
1775447286256,key-25,95
1775447286256,key-30,1393
1775447286256,key-25,95
1775447286257,key-1,87
1775447286257,key-25,96
1775447286268,key-25,107
1775447286268,key-26,525
1775447286269,key-32,13
1775447286270,key-30,1407
1775447286270,key-32,14
1775447286271,key-25,110
1775447286280,key-25,119
1775447286282,key-32,26
1775447286282,key-26,539
1775447286282,key-47,940
1775447286282,key-25,121
1775447286291,key-43,237
1775447286293,key-25,132
1775447286294,key-50,1924
1775447286294,key-30,1431
1775447286298,key-43,244
1775447286299,key-9,370
1775447286301,key-25,140
1775447286302,key-25,141
1775447286302,key-25,141
1775447286306,key-25,145
1775447286306,key-32,50
1775447286307,key-47,965
1775447286311,key-43,257
1775447286318,key-47,976
1775447286319,key-5,2006
1775447286320,key-30,1457
1775447286322,key-47,980
1775447286323,key-5,2010
1775447286323,key-25,162
1775447286325,key-50,1955
1775447286328,key-43,274
1775447286329,key-18,387
1775447286335,key-10,243
1775447286335,key-32,79
1775447286335,key-43,281
1775447286336,key-42,33
1775447286343,key-42,40
1775447286343,key-21,7
1775447286351,key-43,297
1775447286356,key-47,1014
1775447286356,key-13,1031
1775447286357,key-43,303
1775447286357,key-50,1987
1775447286358,key-40,418
1775447286359,key-42,56
1775447286367,key-42,64
1775447286368,key-13,5
1775447286368,key-10,276
1775447286370,key-21,34
1775447286371,key-42,68
1775447286371,key-10,279
1775447286372,key-36,128
1775447286382,key-21,46
1775447286382,key-13,19
1775447286385,key-34,895
1775447286395,key-42,92
1775447286395,key-21,59
1775447286397,key-50,2027
1775447286398,key-42,95
1775447286398,key-13,35
1775447286398,key-32,142
1775447286400,key-13,37
1775447286400,key-42,97
1775447286407,key-13,44
1775447286409,key-8,11
1775447286414,key-21,16
1775447286414,key-34,924
1775447286415,key-41,23
1775447286421,key-21,23
1775447286421,key-42,118
1775447286426,key-16,3310
1775447286427,key-13,64
1775447286427,key-21,29
1775447286434,key-42,131
1775447286435,key-27,531
1775447286436,key-27,532
1775447286438,key-31,686
1775447286439,key-21,41
1775447286448,key-27,544
1775447286449,key-13,86
1775447286449,key-23,650
1775447286449,key-3,287
1775447286455,key-40,8
1775447286456,key-13,93
1775447286457,key-13,94
1775447286458,key-27,554
1775447286460,key-44,1203
1775447286461,key-13,98
1775447286465,key-26,722
1775447286466,key-13,103
1775447286471,key-40,24
1775447286478,key-13,115
1775447286479,key-30,21
1775447286480,key-31,728
1775447286480,key-11,32
1775447286481,key-44,1224
1775447286482,key-31,730
1775447286483,key-3,321
1775447286485,key-6,2264
1775447286486,key-18,544
1775447286491,key-25,330
1775447286491,key-4,1885
1775447286496,key-26,753
1775447286498,key-44,1241
1775447286502,key-39,14
1775447286502,key-18,560
1775447286502,key-31,750
1775447286503,key-31,751
1775447286503,key-39,15
1775447286513,key-26,770
1775447286514,key-40,67
1775447286515,key-18,573
1775447286515,key-4,1909
1775447286516,key-4,1910
1775447286519,key-39,31
1775447286527,key-31,775
1775447286527,key-30,69
1775447286528,key-29,504
1775447286529,key-26,786
1775447286531,key-44,1274
1775447286531,key-26,788
1775447286532,key-44,1275
1775447286532,key-18,590
1775447286533,key-42,19
1775447286533,key-31,781
1775447286535,key-44,1278
1775447286537,key-38,17
1775447286538,key-36,294
1775447286545,key-44,1288
1775447286546,key-44,1289
1775447286549,key-42,35
1775447286550,key-7,1249
1775447286552,key-44,1295
1775447286560,key-18,618
1775447286560,key-44,1303
1775447286561,key-42,47
1775447286561,key-2,741
1775447286563,key-44,1306
1775447286567,key-9,638
1775447286568,key-44,1311
1775447286568,key-44,1311
1775447286570,key-4,1964
1775447286573,key-48,27
1775447286573,key-7,1272
1775447286574,key-22,2204
1775447286575,key-9,646
1775447286577,key-38,20
1775447286578,key-38,21
1775447286579,key-38,22
1775447286579,key-42,65
1775447286584,key-45,185
1775447286585,key-38,28
1775447286585,key-9,656
1775447286586,key-38,29
1775447286589,key-38,32
1775447286598,key-48,52
1775447286600,key-48,54
1775447286601,key-4,1995
1775447286601,key-3,439
1775447286601,key-49,182
1775447286601,key-42,87
1775447286603,key-20,2199
1775447286608,key-38,51
1775447286610,key-4,3
1775447286610,key-38,53
1775447286610,key-38,53
1775447286612,key-38,55
1775447286613,key-36,28
1775447286613,key-9,684
1775447286613,key-45,214
1775447286614,key-48,68
1775447286615,key-38,58
1775447286618,key-4,11
1775447286622,key-44,1365
1775447286626,key-25,465
1775447286626,key-42,112
1775447286628,key-49,209
1775447286630,key-25,469
1775447286631,key-16,3515
1775447286635,key-4,28
1775447286636,key-5,57
1775447286638,key-25,477
1775447286647,key-37,2631
1775447286647,key-16,3531
1775447286648,key-25,487
1775447286649,key-47,62
1775447286650,key-36,65
1775447286650,key-25,489
1775447286652,key-25,491
1775447286652,key-5,73
1775447286652,key-15,479
1775447286654,key-37,2638
1775447286654,key-47,67
1775447286656,key-28,3560
1775447286662,key-16,3546
1775447286663,key-5,84
1775447286663,key-47,76
1775447286664,key-41,106
1775447286665,key-37,2649
1775447286668,key-49,249
1775447286669,key-16,3553
1775447286669,key-16,3553
1775447286673,key-25,512
1775447286676,key-37,2660
1775447286677,key-28,3581
1775447286678,key-46,1744
1775447286679,key-25,518
1775447286679,key-49,260
1775447286684,key-32,428
1775447286685,key-16,3569
1775447286687,key-41,129
1775447286688,key-8,290
1775447286689,key-25,528
1775447286690,key-25,529
1775447286693,key-47,106
1775447286697,key-37,2681
1775447286700,key-46,1766
1775447286702,key-49,283
1775447286702,key-41,144
1775447286709,key-28,3613
1775447286711,key-47,124
1775447286712,key-28,3616
1775447286712,key-49,293
1775447286713,key-46,1779
1775447286713,key-32,457
1775447286713,key-49,294
1775447286713,key-48,167
1775447286715,key-40,268
1775447286715,key-41,157
1775447286715,key-32,459
1775447286722,key-25,561
1775447286724,key-41,166
1775447286724,key-49,305
1775447286726,key-37,2710
1775447286730,key-3,568
1775447286731,key-5,22
1775447286732,key-44,1475
1775447286735,key-12,1137
1775447286736,key-35,591
1775447286737,key-24,23
1775447286737,key-41,179
1775447286745,key-44,1488
1775447286746,key-6,2525
1775447286747,key-25,586
1775447286748,key-48,202
1775447286748,key-3,586
1775447286749,key-49,330
1775447286750,key-48,204
1775447286752,key-32,496
1775447286752,key-32,496
1775447286754,key-25,593
1775447286758,key-37,2742
1775447286762,key-31,1010
1775447286762,key-37,2746
1775447286763,key-8,28
1775447286763,key-43,709
1775447286764,key-40,317
1775447286765,key-41,207
1775447286770,key-25,609
1775447286771,key-43,717
1775447286772,key-48,226
1775447286774,key-24,60
1775447286777,key-11,329
1775447286778,key-25,617
1775447286778,key-32,522
1775447286780,key-32,524
1775447286790,key-31,1038
1775447286791,key-32,535
1775447286791,key-25,630
1775447286791,key-43,737
1775447286791,key-48,245
1775447286792,key-32,536
1775447286792,key-41,234
1775447286797,key-22,26
1775447286799,key-40,352
1775447286800,key-43,746
1775447286802,key-35,657
1775447286805,key-48,259
1775447286805,key-40,358
1775447286808,key-5,99
1775447286817,key-22,46
1775447286818,key-29,794
1775447286818,key-40,371
1775447286819,key-31,1067
1775447286827,key-43,773
1775447286828,key-41,18
1775447286829,key-42,315
1775447286830,key-25,669
1775447286831,key-43,777
1775447286831,key-24,117
1775447286832,key-31,1080
1775447286832,key-48,286
1775447286833,key-40,386
1775447286841,key-8,106
1775447286844,key-29,820
1775447286844,key-40,6
1775447286850,key-40,12
1775447286853,key-24,139
1775447286853,key-48,307
1775447286856,key-28,3760
1775447286864,key-24,150
1775447286865,key-24,151
1775447286865,key-41,55
1775447286865,key-18,204
1775447286865,key-31,1113
1775447286867,key-36,282
1775447286867,key-19,760
1775447286867,key-3,705
1775447286870,key-31,1118
1775447286875,key-24,161
1775447286881,key-31,1129
1775447286885,key-24,171
1775447286885,key-29,861
1775447286889,key-48,343
1775447286891,key-24,177
1775447286893,key-18,232
1775447286894,key-24,180
1775447286901,key-24,187
1775447286902,key-11,454
1775447286903,key-24,189
1775447286904,key-24,190
1775447286905,key-24,191
1775447286906,key-34,1416
1775447286910,key-34,1420
1775447286910,key-12,1312
1775447286913,key-24,199
1775447286919,key-3,757
1775447286920,key-24,206
1775447286920,key-29,896
1775447286921,key-49,502
1775447286923,key-24,209
1775447286927,key-11,479
1775447286928,key-28,60
1775447286929,key-48,383
1775447286930,key-9,1001
1775447286930,key-12,1332
1775447286931,key-34,1441
1775447286935,key-29,911
1775447286935,key-7,23
1775447286936,key-39,448
1775447286938,key-49,519
1775447286945,key-31,1193
1775447286946,key-11,498
1775447286951,key-45,274
1775447286951,key-3,789
1775447286952,key-38,10
1775447286952,key-29,928
1775447286963,key-39,475
1775447286963,key-45,286
1775447286963,key-8,228
1775447286964,key-49,545
1775447286964,key-1,794
1775447286965,key-30,507
1775447286965,key-31,1213
1775447286966,key-22,195
1775447286966,key-3,804
1775447286969,key-23,1170
1775447286970,key-41,160
1775447286973,key-49,554
1775447286977,key-45,300
1775447286979,key-45,302
1775447286980,key-31,1228
1775447286985,key-10,111
1775447286990,key-45,313
1775447286990,key-45,313
1775447286991,key-32,735
1775447286991,key-7,8
1775447286991,key-49,572
1775447286993,key-1,823
1775447286994,key-22,223
1775447286995,key-10,121
1775447286996,key-38,7
1775447286996,key-45,319
1775447287003,key-45,326
1775447287003,key-10,129
1775447287005,key-11,557
1775447287005,key-27,130
1775447287017,key-1,847
1775447287018,key-1,848
1775447287018,key-45,341
1775447287018,key-35,34
1775447287019,key-10,145
1775447287020,key-38,31
1775447287029,key-49,610
1775447287029,key-1,859
1775447287030,key-17,1792
1775447287033,key-10,159
1775447287034,key-29,1010
1775447287035,key-1,865
1775447287036,key-10,162
1775447287038,key-49,619
1775447287044,key-47,457
1775447287045,key-1,875
1775447287046,key-35,62
1775447287046,key-25,94
1775447287075,key-10,201
1775447287082,key-45,405
1775447287093,key-47,506
1775447287094,key-1,924
1775447287094,key-1,924
1775447287094,key-2,1274
1775447287095,key-29,1071
1775447287095,key-17,1857
1775447287095,key-1,925
1775447287095,key-45,418
1775447287096,key-10,222
1775447287096,key-35,12
1775447287096,key-45,419
1775447287096,key-41,34
1775447287096,key-30,638
1775447287096,key-27,221
1775447287096,key-13,78
1775447287097,key-16,3981
1775447287097,key-18,436
1775447287098,key-25,146
1775447287104,key-24,390
1775447287105,key-29,1081
1775447287106,key-16,3990
1775447287113,key-1,943
1775447287115,key-29,1091
1775447287116,key-25,164
1775447287118,key-26,446
1775447287120,key-27,245
1775447287128,key-45,451
1775447287128,key-22,357
1775447287129,key-37,3113
1775447287129,key-25,177
1775447287129,key-35,45
1775447287130,key-36,545
1775447287130,key-27,255
1775447287130,key-22,359
1775447287135,key-25,183
1775447287135,key-4,31
1775447287138,key-25,186
1775447287139,key-22,368
1775447287140,key-5,431
1775447287141,key-25,189
1775447287146,key-33,1729
1775447287147,key-36,562
1775447287149,key-4,45
1775447287151,key-25,199
1775447287151,key-22,380
1775447287152,key-25,200
1775447287152,key-25,200
1775447287154,key-25,202
1775447287154,key-36,569
1775447287155,key-26,16
1775447287157,key-4,53
1775447287167,key-22,396
1775447287168,key-25,216
1775447287169,key-5,460
1775447287169,key-25,217
1775447287170,key-4,66
1775447287170,key-25,218
1775447287172,key-25,220
1775447287172,key-4,68
1775447287174,key-25,222
1775447287174,key-4,70
1775447287177,key-25,225
1775447287177,key-44,1920
1775447287179,key-25,227
1775447287181,key-25,229
1775447287183,key-35,10
1775447287187,key-28,319
1775447287188,key-16,4072
1775447287189,key-4,85
1775447287191,key-10,1
1775447287191,key-25,239
1775447287193,key-4,89
1775447287194,key-22,423
1775447287195,key-25,243
1775447287195,key-1,1025
1775447287195,key-25,243
1775447287196,key-4,92
1775447287196,key-10,6
1775447287197,key-4,93
1775447287198,key-22,427
1775447287200,key-4,96
1775447287204,key-44,1
1775447287206,key-49,787
1775447287207,key-2,124
1775447287207,key-25,255
1775447287210,key-25,258
1775447287211,key-10,21
1775447287212,key-19,1105
1775447287212,key-25,260
1775447287216,key-44,13
1775447287218,key-44,15
1775447287223,key-39,735
1775447287223,key-25,271
1775447287224,key-39,736
1775447287224,key-25,272
1775447287226,key-22,455
1775447287226,key-45,549
1775447287227,key-25,275
1775447287228,key-25,276
1775447287231,key-25,279
1775447287232,key-44,29
1775447287233,key-25,281
1775447287233,key-44,30
1775447287233,key-45,556
1775447287235,key-25,283
1775447287236,key-44,33
1775447287238,key-23,1439
1775447287238,key-13,220
1775447287240,key-44,37
1775447287240,key-31,1488
1775447287240,key-25,288
1775447287244,key-25,292
1775447287245,key-25,293
1775447287245,key-44,42
1775447287245,key-31,1493
1775447287247,key-47,660
1775447287250,key-6,3029
1775447287250,key-23,1451
1775447287250,key-25,298
1775447287252,key-47,665
1775447287253,key-37,3237
1775447287255,key-23,1456
1775447287255,key-8,105
1775447287258,key-15,1085
1775447287260,key-47,673
1775447287260,key-13,242
1775447287262,key-13,244
1775447287266,key-9,1337
1775447287266,key-31,1514
1775447287267,key-6,3046
1775447287268,key-47,681
1775447287268,key-47,681
1775447287268,key-25,316
1775447287268,key-47,681
1775447287270,key-6,3049
1775447287271,key-3,52
1775447287271,key-15,1098
1775447287277,key-9,1348
1775447287277,key-47,690
1775447287278,key-25,326
1775447287279,key-9,1350
1775447287283,key-47,696
1775447287284,key-47,697
1775447287287,key-47,700
1775447287288,key-9,1359
1775447287288,key-6,3067
1775447287289,key-31,1537
1775447287290,key-25,338
1775447287294,key-36,709
1775447287297,key-9,1368
1775447287299,key-6,3078
1775447287299,key-25,347
1775447287303,key-36,718
1775447287304,key-25,352
1775447287306,key-46,354
1775447287309,key-9,1380
1775447287309,key-25,357
1775447287313,key-7,330
1775447287313,key-31,1561
1775447287315,key-36,730
1775447287316,key-26,177
1775447287317,key-31,1565
1775447287319,key-50,123
1775447287322,key-7,339
1775447287324,key-26,185
1775447287328,key-25,376
1775447287328,key-27,453
1775447287328,key-26,189
1775447287328,key-26,189
1775447287330,key-26,191
1775447287331,key-31,1579
1775447287333,key-29,13
1775447287333,key-26,194
1775447287333,key-25,381
1775447287334,key-26,195
1775447287335,key-37,3319
1775447287337,key-36,752
1775447287338,key-25,386
1775447287338,key-36,753
1775447287340,key-26,201
1775447287343,key-39,855
1775447287343,key-41,281
1775447287344,key-44,13
1775447287348,key-37,3332
1775447287348,key-25,396
1775447287350,key-25,398
1775447287350,key-36,765
1775447287350,key-26,211
1775447287351,key-10,12
1775447287354,key-26,215
1775447287355,key-26,216
1775447287355,key-43,1301
1775447287355,key-26,216
1775447287358,key-10,19
1775447287358,key-28,62
1775447287359,key-25,407
1775447287363,key-36,778
1775447287370,key-36,785
1775447287370,key-39,882
1775447287372,key-36,787
1775447287372,key-10,33
1775447287374,key-43,1320
1775447287374,key-24,30
1775447287374,key-26,235
1775447287374,key-10,35
1775447287378,key-36,793
1775447287378,key-10,39
1775447287380,key-34,1890
1775447287381,key-22,610
1775447287382,key-37,3366
1775447287384,key-31,1632
1775447287387,key-31,1635
1775447287389,key-24,45
1775447287391,key-36,806
1775447287392,key-31,1640
1775447287395,key-22,624
1775447287396,key-15,11
1775447287397,key-10,58
1775447287397,key-36,812
1775447287398,key-22,627
1775447287399,key-8,249
1775447287407,key-14,1520
1775447287408,key-15,23
1775447287409,key-37,3393
1775447287409,key-35,24
1775447287409,key-35,24
1775447287410,key-36,825
1775447287415,key-20,20
1775447287417,key-47,830
1775447287417,key-37,3401
1775447287417,key-5,708
1775447287418,key-42,904
1775447287419,key-8,269
1775447287421,key-34,11
1775447287423,key-22,652
1775447287423,key-36,838
1775447287423,key-19,1316
1775447287425,key-31,1673
1775447287428,key-34,18
1775447287429,key-46,477
1775447287429,key-31,1677
1775447287429,key-36,844
1775447287430,key-8,280
1775447287431,key-27,556
1775447287434,key-9,1505
1775447287435,key-40,597
1775447287435,key-27,560
1775447287435,key-14,1548
1775447287435,key-45,3
1775447287438,key-43,1384
1775447287439,key-22,668
1775447287439,key-6,9
1775447287440,key-45,8
1775447287441,key-31,1689
1775447287442,key-8,292
1775447287444,key-45,12
1775447287445,key-45,13
1775447287445,key-36,5
1775447287446,key-27,571
1775447287446,key-27,571
1775447287447,key-6,17
1775447287448,key-45,16
1775447287449,key-14,1562
1775447287450,key-22,679
1775447287451,key-22,680
1775447287451,key-45,19
1775447287452,key-35,67
1775447287459,key-36,19
1775447287460,key-6,30
1775447287462,key-22,691
1775447287463,key-45,31
1775447287464,key-22,693
1775447287465,key-27,590
1775447287465,key-45,33
1775447287466,key-8,316
1775447287466,key-22,695
1775447287471,key-45,39
1775447287471,key-14,1584
1775447287472,key-45,40
1775447287472,key-22,701
1775447287473,key-21,1075
1775447287473,key-45,41
1775447287473,key-45,41
1775447287476,key-49,33
1775447287478,key-22,707
1775447287479,key-35,94
1775447287479,key-22,708
1775447287480,key-14,1593
1775447287480,key-28,184
1775447287480,key-27,605
1775447287481,key-22,710
1775447287481,key-19,1374
1775447287482,key-28,186
1775447287484,key-49,41
1775447287484,key-22,713
1775447287485,key-50,289
1775447287485,key-28,189
1775447287485,key-45,53
1775447287485,key-22,714
1775447287489,key-28,193
1775447287489,key-19,1382
1775447287490,key-22,719
1775447287491,key-28,195
1775447287496,key-28,200
1775447287496,key-35,111
1775447287496,key-45,64
1775447287497,key-42,14
1775447287499,key-19,1392
1775447287500,key-45,68
1775447287501,key-35,116
1775447287504,key-19,1397
1775447287505,key-45,73
1775447287506,key-28,210
1775447287506,key-1,1336
1775447287510,key-28,214
1775447287511,key-45,79
1775447287512,key-40,674
1775447287514,key-19,1407
1775447287514,key-42,31
1775447287515,key-32,1259
1775447287516,key-45,84
1775447287516,key-50,11
1775447287516,key-15,131
1775447287517,key-28,221
1775447287518,key-42,35
1775447287519,key-37,3503
1775447287519,key-28,223
1775447287520,key-28,224
1775447287520,key-50,15
1775447287520,key-35,135
1775447287520,key-45,88
1775447287525,key-28,229
1775447287526,key-35,141
1775447287527,key-42,44
1775447287530,key-50,25
1775447287532,key-45,100
1775447287532,key-37,3516
1775447287532,key-28,236
1775447287534,key-15,149
1775447287534,key-35,149
1775447287534,key-28,238
1775447287539,key-15,154
1775447287539,key-50,34
1775447287539,key-32,1283
1775447287540,key-50,35
1775447287541,key-23,35
1775447287541,key-35,156
1775447287546,key-4,342
1775447287547,key-15,162
1775447287548,key-42,65
1775447287548,key-35,163
1775447287551,key-35,166
1775447287551,key-15,4
1775447287551,key-49,108
1775447287551,key-15,4
1775447287553,key-15,6
1775447287553,key-10,98
1775447287553,key-15,6
1775447287559,key-38,570
1775447287559,key-15,12
1775447287569,key-4,366
1775447287569,key-35,184
1775447287570,key-15,23
1775447287570,key-15,23
1775447287570,key-18,149
1775447287584,key-40,746
1775447287585,key-15,38
1775447287585,key-35,200
1775447287585,key-15,38
1775447287585,key-40,747
1775447287586,key-35,201
1775447287586,key-15,39
1775447287586,key-2,30
1775447287587,key-10,132
1775447287587,key-20,192
1775447287587,key-21,40
1775447287587,key-33,2170
1775447287587,key-18,166
1775447287588,key-35,203
1775447287589,key-10,134
1775447287589,key-15,42
1775447287589,key-41,527
1775447287590,key-23,84
1775447287591,key-18,170
1775447287592,key-34,182
1775447287594,key-16,4478
1775447287596,key-40,758
1775447287597,key-35,212
1775447287599,key-28,303
1775447287600,key-16,4484
1775447287600,key-35,215
1775447287601,key-10,146
1775447287602,key-41,540
1775447287603,key-35,218
1775447287604,key-18,183
1775447287605,key-35,220
1775447287606,key-40,4
1775447287607,key-40,5
1775447287613,key-5,904
1775447287620,key-34,210
1775447287621,key-17,2383
1775447287621,key-34,211
1775447287624,key-40,22
1775447287625,key-40,23
1775447287626,key-17,2388
1775447287627,key-35,242
1775447287629,key-40,27
1775447287629,key-38,640
1775447287629,key-18,208
1775447287630,key-40,28
1775447287630,key-5,921
1775447287631,key-40,29
1775447287633,key-42,20
1775447287633,key-40,31
1775447287634,key-18,213
1775447287634,key-42,21
1775447287635,key-40,33
1775447287635,key-17,2397
1775447287635,key-35,250
1775447287635,key-40,33
1775447287636,key-40,34
1775447287636,key-40,34
1775447287637,key-42,24
1775447287638,key-40,36
1775447287639,key-17,2401
1775447287645,key-15,98
1775447287645,key-5,936
1775447287645,key-3,426
1775447287646,key-18,225
1775447287651,key-17,2413
1775447287651,key-21,104
1775447287653,key-21,106
1775447287653,key-40,51
1775447287661,key-12,184
1775447287661,key-18,240
1775447287664,key-40,62
1775447287668,key-40,66
1775447287668,key-5,959
1775447287669,key-15,122
1775447287670,key-15,123
1775447287671,key-17,2433
1775447287671,key-7,688
1775447287672,key-18,251
1775447287672,key-15,125
1775447287673,key-17,2435
1775447287673,key-43,1619
1775447287673,key-40,71
1775447287678,key-17,2440
1775447287678,key-15,131
1775447287679,key-39,1191
1775447287680,key-6,250
1775447287680,key-18,259
1775447287681,key-17,2443
1775447287681,key-47,1094
1775447287689,key-18,268
1775447287689,key-39,1201
1775447287696,key-7,713
1775447287696,key-15,149
1775447287696,key-17,2458
1775447287697,key-17,2459
1775447287697,key-15,150
1775447287698,key-11,1250
1775447287700,key-43,1646
1775447287700,key-43,1646
1775447287703,key-42,6
1775447287704,key-6,274
1775447287704,key-6,274
1775447287707,key-41,645
1775447287708,key-6,278
1775447287711,key-47,1124
1775447287712,key-28,416
1775447287712,key-43,1658
1775447287713,key-43,1659
1775447287714,key-20,319
1775447287714,key-49,271
1775447287717,key-6,287
1775447287718,key-12,241
1775447287720,key-28,424
1775447287722,key-43,1668
1775447287725,key-42,28
1775447287727,key-12,250
1775447287727,key-20,332
1775447287727,key-28,431
1775447287728,key-12,251
1775447287728,key-14,1841
1775447287730,key-49,287
1775447287730,key-6,300
1775447287730,key-43,1676
1775447287731,key-47,1144
1775447287731,key-12,254
1775447287732,key-42,35
1775447287732,key-12,255
1775447287732,key-12,255
1775447287735,key-6,305
1775447287735,key-49,292
1775447287743,key-12,266
1775447287743,key-47,1156
1775447287744,key-6,314
1775447287744,key-43,1690
1775447287747,key-12,270
1775447287747,key-47,1160
1775447287748,key-43,1694
1775447287753,key-42,56
1775447287753,key-6,323
1775447287753,key-43,1699
1775447287754,key-13,736
1775447287755,key-17,2517
1775447287756,key-43,1702
1775447287756,key-2,200
1775447287757,key-48,1211
1775447287762,key-37,177
1775447287763,key-13,745
1775447287763,key-48,1217
1775447287768,key-13,750
1775447287772,key-43,1718
1775447287772,key-6,342
1775447287772,key-29,364
1775447287780,key-47,22
1775447287780,key-42,83
1775447287792,key-42,9
1775447287793,key-48,1247
1775447287793,key-2,237
1775447287793,key-48,1247
1775447287793,key-2,237
1775447287793,key-42,10
1775447287795,key-48,1249
1775447287795,key-42,12
1775447287795,key-48,1249
1775447287797,key-13,779
1775447287797,key-47,39
1775447287797,key-13,779
1775447287802,key-48,1256
1775447287803,key-48,1257
1775447287804,key-42,21
1775447287804,key-49,361
1775447287805,key-13,787
1775447287809,key-13,791
1775447287811,key-42,28
1775447287818,key-8,149
1775447287819,key-47,61
1775447287825,key-48,1279
1775447287825,key-13,807
1775447287825,key-13,807
1775447287826,key-48,1280
1775447287827,key-2,271
1775447287833,key-6,403
1775447287833,key-48,1287
1775447287834,key-3,615
1775447287835,key-27,960
1775447287835,key-48,1289
1775447287837,key-48,1291
1775447287838,key-27,963
1775447287838,key-15,291
1775447287846,key-48,1300
1775447287846,key-21,10
1775447287851,key-38,862
1775447287853,key-2,297
1775447287853,key-38,864
1775447287855,key-31,2103
1775447287856,key-2,300
1775447287859,key-15,312
1775447287864,key-42,36
1775447287864,key-48,1318
1775447287865,key-2,7
1775447287867,key-13,849
1775447287868,key-2,10
1775447287868,key-31,2116
1775447287872,key-31,2120
1775447287876,key-13,858
1775447287877,key-15,330
1775447287881,key-29,473
1775447287882,key-38,893
1775447287883,key-35,498
1775447287883,key-4,680
1775447287883,key-48,1337
1775447287885,key-35,500
1775447287886,key-4,683
1775447287886,key-18,79
1775447287887,key-31,2135
1775447287893,key-31,2141
1775447287893,key-38,904
1775447287895,key-13,877
1775447287899,key-15,352
1775447287902,key-13,884
1775447287902,key-38,913
1775447287902,key-35,517
1775447287902,key-32,17
1775447287904,key-48,6
1775447287905,key-35,520
1775447287908,key-18,101
1775447287916,key-1,18
1775447287919,key-27,15
1775447287919,key-35,534
1775447287919,key-13,901
1775447287919,key-38,8
1775447287920,key-35,535
1775447287920,key-41,858
1775447287923,key-1,25
1775447287924,key-4,721
1775447287925,key-13,907
1775447287925,key-35,540
1775447287925,key-35,540
1775447287926,key-32,41
1775447287926,key-21,90
1775447287926,key-35,541
1775447287926,key-33,2509
1775447287932,key-40,330
1775447287932,key-39,1444
1775447287936,key-38,25
1775447287937,key-38,26
1775447287938,key-39,1450
1775447287939,key-21,103
1775447287941,key-1,43
1775447287943,key-26,804
1775447287943,key-39,1455
1775447287944,key-26,805
1775447287944,key-35,559
1775447287945,key-38,34
1775447287946,key-35,561
1775447287947,key-38,36
1775447287947,key-7,964
1775447287952,key-26,813
1775447287953,key-35,568
1775447287954,key-1,56
1775447287956,key-35,571
1775447287957,key-6,527
1775447287958,key-38,47
1775447287959,key-35,574
1775447287960,key-35,575
1775447287961,key-33,2544
1775447287962,key-35,577
1775447287966,key-35,581
1775447287969,key-46,1017
1775447287969,key-36,385
1775447287972,key-35,587
1775447287972,key-36,388
1775447287973,key-1,75
1775447287974,key-16,4858
1775447287976,key-43,1922
1775447287976,key-1,78
1775447287976,key-36,392
1775447287977,key-1,79
1775447287977,key-35,592
1775447287980,key-6,550
1775447287988,key-33,2571
1775447287989,key-1,6
1775447287990,key-6,560
1775447287991,key-2,8
1775447287994,key-36,410
1775447287997,key-6,567
1775447287998,key-27,94
1775447288003,key-16,4887
1775447288003,key-13,985
1775447288006,key-1,5
1775447288007,key-24,663
1775447288011,key-43,1957
1775447288022,key-6,592
1775447288022,key-1,21
1775447288023,key-6,593
1775447288023,key-20,628
1775447288024,key-24,680
1775447288024,key-6,594
1775447288025,key-24,681
1775447288031,key-43,1977
1775447288031,key-33,2614
1775447288031,key-24,687
1775447288032,key-1,31
1775447288033,key-33,2616
1775447288038,key-13,1020
1775447288038,key-1,37
1775447288038,key-16,4922
1775447288045,key-17,22
1775447288046,key-33,2629
1775447288046,key-1,45
1775447288046,key-43,1992
1775447288046,key-24,702
1775447288047,key-24,703
1775447288047,key-24,703
1775447288049,key-9,21
1775447288050,key-43,1996
1775447288053,key-24,709
1775447288061,key-9,33
1775447288061,key-24,717
1775447288062,key-24,718
1775447288062,key-43,2008
1775447288063,key-17,40
1775447288064,key-13,1046
1775447288069,key-32,184
1775447288070,key-24,726
1775447288072,key-21,236
1775447288073,key-24,729
1775447288074,key-24,730
1775447288076,key-24,732
1775447288077,key-9,49
1775447288077,key-41,1015
1775447288079,key-22,1308
1775447288080,key-10,96
1775447288080,key-19,1973
1775447288081,key-36,497
1775447288082,key-36,498
1775447288083,key-5,33
1775447288083,key-24,739
1775447288087,key-5,37
1775447288088,key-13,1070
1775447288089,key-24,745
1775447288090,key-5,40
1775447288098,key-13,1080
1775447288099,key-32,214
1775447288099,key-36,515
1775447288101,key-5,51
1775447288102,key-41,1040
1775447288103,key-1,102
1775447288104,key-16,4988
1775447288105,key-15,558
1775447288105,key-42,277
1775447288108,key-36,524
1775447288112,key-5,62
1775447288114,key-36,530
1775447288114,key-15,567
1775447288115,key-48,217
1775447288116,key-5,66
1775447288117,key-5,67
1775447288118,key-24,774
1775447288121,key-24,777
1775447288122,key-42,294
1775447288128,key-41,1066
1775447288129,key-5,79
1775447288131,key-36,547
1775447288131,key-41,1069
1775447288134,key-22,1363
1775447288136,key-34,726
1775447288136,key-45,704
1775447288137,key-41,1075
1775447288139,key-34,729
1775447288140,key-42,312
1775447288145,key-5,95
1775447288146,key-41,1084
1775447288146,key-24,802
1775447288146,key-48,248
1775447288148,key-5,98
1775447288148,key-22,1377
1775447288148,key-11,24
1775447288151,key-45,719
1775447288160,key-5,110
1775447288160,key-22,1389
1775447288164,key-5,114
1775447288165,key-45,733
1775447288166,key-45,734
1775447288166,key-36,582
1775447288166,key-45,734
1775447288173,key-45,741
1775447288174,key-5,124
1775447288177,key-41,1115
1775447288177,key-42,349
1775447288187,key-45,755
1775447288187,key-41,1125
1775447288187,key-36,603
1775447288188,key-36,604
1775447288190,key-5,140
1775447288191,key-40,589
1775447288191,key-47,433
1775447288192,key-45,760
1775447288192,key-36,608
1775447288194,key-8,525
1775447288198,key-23,313
1775447288201,key-45,769
1775447288203,key-50,698
1775447288209,key-40,607
1775447288210,key-47,452
1775447288213,key-47,455
1775447288214,key-29,806
1775447288218,key-8,549
1775447288220,key-45,788
1775447288227,key-40,625
1775447288227,key-47,469
1775447288227,key-27,323
1775447288229,key-26,1090
1775447288236,key-9,208
1775447288236,key-47,478
1775447288236,key-26,1097
1775447288236,key-45,804
1775447288237,key-26,1098
1775447288237,key-8,568
1775447288237,key-48,339
1775447288240,key-17,39
1775447288240,key-8,571
1775447288241,key-1,240
1775447288245,key-17,44
1775447288249,key-9,221
1775447288250,key-47,492
1775447288250,key-26,1111
1775447288255,key-26,1116
1775447288256,key-14,2369
1775447288265,key-1,264
1775447288266,key-14,2379
1775447288267,key-50,22
1775447288269,key-14,2382
1775447288270,key-27,26
1775447288277,key-17,76
1775447288278,key-35,294
1775447288279,key-48,381
1775447288280,key-22,36
1775447288280,key-48,382
1775447288283,key-41,1221
1775447288283,key-17,82
1775447288284,key-27,40
1775447288288,key-14,2401
1775447288289,key-47,531
1775447288289,key-26,1150
1775447288290,key-14,2403
1775447288293,key-28,997
1775447288298,key-47,540
1775447288299,key-27,55
1775447288299,key-35,315
1775447288300,key-41,1238
1775447288303,key-2,320
1775447288305,key-45,12
1775447288310,key-35,326
1775447288311,key-41,1249
1775447288311,key-14,2424
1775447288316,key-27,72
1775447288317,key-47,559
1775447288320,key-41,1258
1775447288320,key-45,27
1775447288323,key-27,79
1775447288324,key-3,1105
1775447288325,key-14,2438
1775447288330,key-35,346
1775447288331,key-47,573
1775447288332,key-35,348
1775447288332,key-28,1036
1775447288334,key-41,1272
1775447288335,key-41,1273
1775447288340,key-45,47
1775447288344,key-45,51
1775447288346,key-4,22
1775447288348,key-41,1286
1775447288349,key-41,1287
1775447288350,key-41,1288
1775447288350,key-45,57
1775447288350,key-33,2933
1775447288355,key-41,1293
1775447288356,key-21,18
1775447288362,key-15,815
1775447288363,key-2,380
1775447288364,key-34,954
1775447288364,key-47,606
1775447288366,key-41,1304
1775447288367,key-12,890
1775447288368,key-11,244
1775447288368,key-11,244
1775447288377,key-12,900
1775447288378,key-45,85
1775447288378,key-47,620
1775447288379,key-8,710
1775447288381,key-30,336
1775447288382,key-47,624
1775447288384,key-11,260
1775447288385,key-41,1323
1775447288388,key-45,95
1775447288390,key-30,345
1775447288391,key-47,633
1775447288392,key-11,268
1775447288401,key-11,277
1775447288401,key-47,643
1775447288402,key-45,7
1775447288403,key-11,279
1775447288403,key-27,15
1775447288404,key-11,280
1775447288406,key-45,11
1775447288407,key-11,283
1775447288407,key-20,1012
1775447288411,key-27,23
1775447288411,key-33,2994
1775447288414,key-13,68
1775447288415,key-25,579
1775447288416,key-15,869
1775447288421,key-47,663
1775447288423,key-46,1471
1775447288424,key-45,29
1775447288424,key-31,2672
1775447288425,key-21,87
1775447288426,key-33,3009
1775447288426,key-13,80
1775447288429,key-11,305
1775447288431,key-25,595
1775447288431,key-11,307
1775447288439,key-8,770
1775447288441,key-11,317
1775447288441,key-33,3024
1775447288447,key-47,689
1775447288447,key-45,52
1775447288448,key-27,60
1775447288448,key-1,447
1775447288449,key-11,325
1775447288450,key-15,903
1775447288452,key-34,1042
1775447288453,key-39,1965
1775447288454,key-49,1011
1775447288455,key-31,2703
1775447288462,key-13,116
1775447288467,key-1,466
1775447288468,key-22,224
1775447288468,key-34,1058
1775447288468,key-11,344
1775447288469,key-7,1486
1775447288470,key-40,868
1775447288476,key-34,1066
1775447288481,key-1,480
1775447288486,key-44,1155
1775447288486,key-49,1043
1775447288488,key-5,32
1775447288488,key-36,904
1775447288488,key-24,1144
1775447288490,key-34,1080
1775447288491,key-5,35
1775447288493,key-44,1162
1775447288495,key-1,494
1775447288496,key-1,495
1775447288496,key-41,1434
1775447288496,key-42,308
1775447288499,key-21,7
1775447288504,key-24,1160
1775447288504,key-37,295
1775447288504,key-44,1173
1775447288505,key-44,1174
1775447288509,key-24,1165
1775447288511,key-24,1167
1775447288512,key-1,511
1775447288513,key-5,57
1775447288514,key-24,1170
1775447288516,key-1,5
1775447288516,key-24,1172
1775447288518,key-6,1088
1775447288518,key-38,607
1775447288520,key-37,311
1775447288522,key-24,1178
1775447288527,key-1,16
1775447288529,key-37,320
1775447288530,key-36,946
1775447288531,key-41,1469
1775447288534,key-5,78
1775447288534,key-6,1104
1775447288537,key-24,1193
1775447288538,key-5,82
1775447288539,key-34,1129
1775447288545,key-45,150
1775447288546,key-45,151
1775447288546,key-6,1116
1775447288547,key-23,662
1775447288548,key-5,5
1775447288548,key-1,37
1775447288549,key-7,1566
1775447288551,key-37,342
1775447288552,key-16,5436
1775447288553,key-31,2801
1775447288556,key-37,347
1775447288558,key-23,673
1775447288560,key-37,351
1775447288563,key-16,5447
1775447288564,key-37,355
1775447288564,key-34,1154
1775447288565,key-45,170
1775447288567,key-12,1090
1775447288570,key-36,986
1775447288572,key-36,988
1775447288576,key-34,1166
1775447288577,key-34,1167
1775447288579,key-7,1596
1775447288580,key-27,192
1775447288581,key-45,186
1775447288583,key-48,26
1775447288591,key-45,196
1775447288591,key-27,203
1775447288591,key-45,196
1775447288592,key-27,204
1775447288594,key-45,199
1775447288594,key-25,758
1775447288594,key-36,1010
1775447288596,key-49,1153
1775447288598,key-49,1155
1775447288603,key-34,1193
1775447288604,key-36,1020
1775447288604,key-48,47
1775447288604,key-45,209
1775447288605,key-25,769
1775447288609,key-21,117
1775447288610,key-48,53
1775447288611,key-3,209
1775447288611,key-45,216
1775447288611,key-48,54
1775447288612,key-25,776
1775447288613,key-7,1630
1775447288617,key-25,781
1775447288618,key-49,1175
1775447288621,key-34,1211
1775447288622,key-48,65
1775447288624,key-45,229
1775447288625,key-7,1642
1775447288630,key-39,2142
1775447288631,key-10,22
1775447288631,key-17,430
1775447288633,key-6,1203
1775447288634,key-26,91
1775447288634,key-21,142
1775447288634,key-21,142
1775447288635,key-45,240
1775447288635,key-45,240
1775447288639,key-23,754
1775447288640,key-45,245
1775447288643,key-26,100
1775447288644,key-45,249
1775447288649,key-45,254
1775447288650,key-45,255
1775447288651,key-45,256
1775447288653,key-21,161
1775447288655,key-45,260
1775447288657,key-3,31
1775447288657,key-26,114
1775447288658,key-17,457
1775447288662,key-26,119
1775447288663,key-39,2175
1775447288664,key-21,172
1775447288665,key-45,270
1775447288666,key-30,621
1775447288666,key-26,123
1775447288670,key-14,2783
1775447288671,key-33,3254
1775447288672,key-45,277
1775447288672,key-12,2
1775447288673,key-45,278
1775447288675,key-14,2788
1775447288677,key-26,134
1775447288678,key-14,2791
1775447288684,key-27,296
1775447288684,key-23,799
1775447288685,key-12,15
1775447288685,key-45,290
1775447288685,key-25,849
1775447288686,key-33,3269
1775447288690,key-36,1106
1775447288691,key-21,199
1775447288693,key-4,369
1775447288693,key-23,808
1775447288693,key-21,201
1775447288694,key-19,2587
1775447288695,key-12,25
1775447288696,key-21,204
1775447288696,key-23,811
1775447288697,key-23,812
1775447288703,key-14,2816
1775447288704,key-19,2597
1775447288704,key-30,659
1775447288705,key-27,317
1775447288707,key-30,662
1775447288712,key-23,827
1775447288713,key-27,325
1775447288714,key-23,829
1775447288718,key-23,833
1775447288719,key-14,2832
1775447288719,key-23,834
1775447288720,key-10,111
1775447288721,key-29,1313
1775447288722,key-14,2835
1775447288724,key-10,115
1775447288727,key-14,2840
1775447288728,key-44,102
1775447288729,key-23,844
1775447288730,key-27,342
1775447288732,key-38,821
1775447288732,key-38,821
1775447288732,key-46,1780
1775447288735,key-40,1133
1775447288736,key-30,9
1775447288738,key-10,129
1775447288739,key-12,69
1775447288739,key-14,2852
1775447288740,key-44,114
1775447288748,key-38,837
1775447288748,key-40,1146
1775447288748,key-2,765
1775447288749,key-30,22
1775447288750,key-44,124
1775447288750,key-46,10
1775447288752,key-21,260
1775447288753,key-12,83
1775447288754,key-38,843
1775447288755,key-43,2701
1775447288755,key-30,28
1775447288757,key-44,131
1775447288759,key-44,133
1775447288761,key-38,850
1775447288763,key-30,36
1775447288764,key-44,138
1775447288764,key-20,1369
1775447288766,key-14,5
1775447288773,key-14,12
1775447288774,key-1,263
1775447288774,key-49,1331
1775447288776,key-1,265
1775447288776,key-38,865
1775447288777,key-40,1175
1775447288777,key-30,50
1775447288778,key-38,867
1775447288779,key-14,18
1775447288780,key-38,869
1775447288782,key-46,42
1775447288783,key-49,1340
1775447288785,key-1,274
1775447288791,key-38,880
1775447288792,key-30,65
1775447288795,key-44,169
1775447288795,key-30,68
1775447288797,key-29,1389
1775447288798,key-36,1214
1775447288799,key-31,3047
1775447288801,key-26,258
1775447288802,key-2,819
1775447288802,key-36,1218
1775447288807,key-49,1364
1775447288810,key-26,267
1775447288812,key-7,1829
1775447288841,key-1,330
