Warning: Permanently added '54.162.14.153' (ED25519) to the list of known hosts.
[2026-04-21 06:26:44,001] ip-10-0-1-128/INFO/locust.main: Starting Locust 2.34.0
[2026-04-21 06:26:44,001] ip-10-0-1-128/WARNING/locust.main: Python 3.9 support is deprecated and will be removed soon
[2026-04-21 06:26:44,002] ip-10-0-1-128/INFO/locust.runners: Shape test starting.
Type     Name                                                                          # reqs      # fails |    Avg     Min     Max    Med |   req/s  failures/s
--------|----------------------------------------------------------------------------|-------|-------------|-------|-------|-------|-------|--------|-----------
--------|----------------------------------------------------------------------------|-------|-------------|-------|-------|-------|-------|--------|-----------
         Aggregated                                                                         0     0(0.00%) |      0       0       0      0 |    0.00        0.00

[2026-04-21 06:26:44,007] ip-10-0-1-128/INFO/locust.runners: Shape worker starting
[2026-04-21 06:26:44,007] ip-10-0-1-128/INFO/locust.runners: Shape test updating to 80 users at 10.00 spawn rate
[2026-04-21 06:26:44,007] ip-10-0-1-128/INFO/locust.runners: Ramping to 80 users at a rate of 10.00 per second
Type     Name                                                                          # reqs      # fails |    Avg     Min     Max    Med |   req/s  failures/s
--------|----------------------------------------------------------------------------|-------|-------------|-------|-------|-------|-------|--------|-----------
POST     POST /notifications [EMAIL]                                                      585     0(0.00%) |     20       8     128     14 |    0.00        0.00
--------|----------------------------------------------------------------------------|-------|-------------|-------|-------|-------|-------|--------|-----------
         Aggregated                                                                       585     0(0.00%) |     20       8     128     14 |    0.00        0.00

Type     Name                                                                          # reqs      # fails |    Avg     Min     Max    Med |   req/s  failures/s
--------|----------------------------------------------------------------------------|-------|-------------|-------|-------|-------|-------|--------|-----------
POST     POST /notifications [EMAIL]                                                     1484     0(0.00%) |     35       8     128     31 |  213.00        0.00
--------|----------------------------------------------------------------------------|-------|-------------|-------|-------|-------|-------|--------|-----------
         Aggregated                                                                      1484     0(0.00%) |     35       8     128     31 |  213.00        0.00

Type     Name                                                                          # reqs      # fails |    Avg     Min     Max    Med |   req/s  failures/s
--------|----------------------------------------------------------------------------|-------|-------------|-------|-------|-------|-------|--------|-----------
POST     POST /notifications [EMAIL]                                                     2363     0(0.00%) |     56       8     251     54 |  371.00        0.00
--------|----------------------------------------------------------------------------|-------|-------------|-------|-------|-------|-------|--------|-----------
         Aggregated                                                                      2363     0(0.00%) |     56       8     251     54 |  371.00        0.00

[2026-04-21 06:26:51,033] ip-10-0-1-128/INFO/locust.runners: All users spawned: {"NotificationUser": 80} (80 total users)
Type     Name                                                                          # reqs      # fails |    Avg     Min     Max    Med |   req/s  failures/s
--------|----------------------------------------------------------------------------|-------|-------------|-------|-------|-------|-------|--------|-----------
POST     POST /notifications [EMAIL]                                                     3098     0(0.00%) |     82       8     399     66 |  393.67        0.00
--------|----------------------------------------------------------------------------|-------|-------------|-------|-------|-------|-------|--------|-----------
         Aggregated                                                                      3098     0(0.00%) |     82       8     399     66 |  393.67        0.00

Type     Name                                                                          # reqs      # fails |    Avg     Min     Max    Med |   req/s  failures/s
--------|----------------------------------------------------------------------------|-------|-------------|-------|-------|-------|-------|--------|-----------
POST     POST /notifications [EMAIL]                                                     3821     0(0.00%) |    103       8     737     81 |  386.75        0.00
--------|----------------------------------------------------------------------------|-------|-------------|-------|-------|-------|-------|--------|-----------
         Aggregated                                                                      3821     0(0.00%) |    103       8     737     81 |  386.75        0.00

Type     Name                                                                          # reqs      # fails |    Avg     Min     Max    Med |   req/s  failures/s
--------|----------------------------------------------------------------------------|-------|-------------|-------|-------|-------|-------|--------|-----------
POST     POST /notifications [EMAIL]                                                     4746     0(0.00%) |    110       8     737    100 |  374.33        0.00
--------|----------------------------------------------------------------------------|-------|-------------|-------|-------|-------|-------|--------|-----------
         Aggregated                                                                      4746     0(0.00%) |    110       8     737    100 |  374.33        0.00

Type     Name                                                                          # reqs      # fails |    Avg     Min     Max    Med |   req/s  failures/s
--------|----------------------------------------------------------------------------|-------|-------------|-------|-------|-------|-------|--------|-----------
POST     POST /notifications [EMAIL]                                                     5681     0(0.00%) |    115       8     737    110 |  405.60        0.00
--------|----------------------------------------------------------------------------|-------|-------------|-------|-------|-------|-------|--------|-----------
         Aggregated                                                                      5681     0(0.00%) |    115       8     737    110 |  405.60        0.00

Type     Name                                                                          # reqs      # fails |    Avg     Min     Max    Med |   req/s  failures/s
--------|----------------------------------------------------------------------------|-------|-------------|-------|-------|-------|-------|--------|-----------
POST     POST /notifications [EMAIL]                                                     6572     0(0.00%) |    119       8     737    120 |  420.30        0.00
--------|----------------------------------------------------------------------------|-------|-------------|-------|-------|-------|-------|--------|-----------
         Aggregated                                                                      6572     0(0.00%) |    119       8     737    120 |  420.30        0.00

Type     Name                                                                          # reqs      # fails |    Avg     Min     Max    Med |   req/s  failures/s
--------|----------------------------------------------------------------------------|-------|-------------|-------|-------|-------|-------|--------|-----------
POST     POST /notifications [EMAIL]                                                     6845     0(0.00%) |    131       8    1108    120 |  422.80        0.00
--------|----------------------------------------------------------------------------|-------|-------------|-------|-------|-------|-------|--------|-----------
         Aggregated                                                                      6845     0(0.00%) |    131       8    1108    120 |  422.80        0.00

Type     Name                                                                          # reqs      # fails |    Avg     Min     Max    Med |   req/s  failures/s
--------|----------------------------------------------------------------------------|-------|-------------|-------|-------|-------|-------|--------|-----------
POST     POST /notifications [EMAIL]                                                     7539     0(0.00%) |    142       8    1108    130 |  375.10        0.00
--------|----------------------------------------------------------------------------|-------|-------------|-------|-------|-------|-------|--------|-----------
         Aggregated                                                                      7539     0(0.00%) |    142       8    1108    130 |  375.10        0.00

Type     Name                                                                          # reqs      # fails |    Avg     Min     Max    Med |   req/s  failures/s
--------|----------------------------------------------------------------------------|-------|-------------|-------|-------|-------|-------|--------|-----------
POST     POST /notifications [EMAIL]                                                     8424     0(0.00%) |    143       8    1108    130 |  379.10        0.00
--------|----------------------------------------------------------------------------|-------|-------------|-------|-------|-------|-------|--------|-----------
         Aggregated                                                                      8424     0(0.00%) |    143       8    1108    130 |  379.10        0.00

Type     Name                                                                          # reqs      # fails |    Avg     Min     Max    Med |   req/s  failures/s
--------|----------------------------------------------------------------------------|-------|-------------|-------|-------|-------|-------|--------|-----------
POST     POST /notifications [EMAIL]                                                     9262     0(0.00%) |    145       8    1108    140 |  369.70        0.00
--------|----------------------------------------------------------------------------|-------|-------------|-------|-------|-------|-------|--------|-----------
         Aggregated                                                                      9262     0(0.00%) |    145       8    1108    140 |  369.70        0.00

Type     Name                                                                          # reqs      # fails |    Avg     Min     Max    Med |   req/s  failures/s
--------|----------------------------------------------------------------------------|-------|-------------|-------|-------|-------|-------|--------|-----------
POST     POST /notifications [EMAIL]                                                    10155     0(0.00%) |    145       8    1108    140 |  364.50        0.00
--------|----------------------------------------------------------------------------|-------|-------------|-------|-------|-------|-------|--------|-----------
         Aggregated                                                                     10155     0(0.00%) |    145       8    1108    140 |  364.50        0.00

Type     Name                                                                          # reqs      # fails |    Avg     Min     Max    Med |   req/s  failures/s
--------|----------------------------------------------------------------------------|-------|-------------|-------|-------|-------|-------|--------|-----------
POST     POST /notifications [EMAIL]                                                    10882     0(0.00%) |    148       8    1108    140 |  356.10        0.00
--------|----------------------------------------------------------------------------|-------|-------------|-------|-------|-------|-------|--------|-----------
         Aggregated                                                                     10882     0(0.00%) |    148       8    1108    140 |  356.10        0.00

Type     Name                                                                          # reqs      # fails |    Avg     Min     Max    Med |   req/s  failures/s
--------|----------------------------------------------------------------------------|-------|-------------|-------|-------|-------|-------|--------|-----------
POST     POST /notifications [EMAIL]                                                    11771     0(0.00%) |    148       8    1108    140 |  403.70        0.00
--------|----------------------------------------------------------------------------|-------|-------------|-------|-------|-------|-------|--------|-----------
         Aggregated                                                                     11771     0(0.00%) |    148       8    1108    140 |  403.70        0.00

Type     Name                                                                          # reqs      # fails |    Avg     Min     Max    Med |   req/s  failures/s
--------|----------------------------------------------------------------------------|-------|-------------|-------|-------|-------|-------|--------|-----------
POST     POST /notifications [EMAIL]                                                    12656     0(0.00%) |    148       8    1108    140 |  422.60        0.00
--------|----------------------------------------------------------------------------|-------|-------------|-------|-------|-------|-------|--------|-----------
         Aggregated                                                                     12656     0(0.00%) |    148       8    1108    140 |  422.60        0.00

Type     Name                                                                          # reqs      # fails |    Avg     Min     Max    Med |   req/s  failures/s
--------|----------------------------------------------------------------------------|-------|-------------|-------|-------|-------|-------|--------|-----------
POST     POST /notifications [EMAIL]                                                    13502     0(0.00%) |    149       8    1108    140 |  421.80        0.00
--------|----------------------------------------------------------------------------|-------|-------------|-------|-------|-------|-------|--------|-----------
         Aggregated                                                                     13502     0(0.00%) |    149       8    1108    140 |  421.80        0.00

Type     Name                                                                          # reqs      # fails |    Avg     Min     Max    Med |   req/s  failures/s
--------|----------------------------------------------------------------------------|-------|-------------|-------|-------|-------|-------|--------|-----------
POST     POST /notifications [EMAIL]                                                    14401     0(0.00%) |    148       8    1108    140 |  423.90        0.00
--------|----------------------------------------------------------------------------|-------|-------------|-------|-------|-------|-------|--------|-----------
         Aggregated                                                                     14401     0(0.00%) |    148       8    1108    140 |  423.90        0.00

Type     Name                                                                          # reqs      # fails |    Avg     Min     Max    Med |   req/s  failures/s
--------|----------------------------------------------------------------------------|-------|-------------|-------|-------|-------|-------|--------|-----------
POST     POST /notifications [EMAIL]                                                    15317     0(0.00%) |    148       8    1108    140 |  424.10        0.00
--------|----------------------------------------------------------------------------|-------|-------------|-------|-------|-------|-------|--------|-----------
         Aggregated                                                                     15317     0(0.00%) |    148       8    1108    140 |  424.10        0.00

Type     Name                                                                          # reqs      # fails |    Avg     Min     Max    Med |   req/s  failures/s
--------|----------------------------------------------------------------------------|-------|-------------|-------|-------|-------|-------|--------|-----------
POST     POST /notifications [EMAIL]                                                    16218     0(0.00%) |    148       8    1108    140 |  443.30        0.00
--------|----------------------------------------------------------------------------|-------|-------------|-------|-------|-------|-------|--------|-----------
         Aggregated                                                                     16218     0(0.00%) |    148       8    1108    140 |  443.30        0.00

Type     Name                                                                          # reqs      # fails |    Avg     Min     Max    Med |   req/s  failures/s
--------|----------------------------------------------------------------------------|-------|-------------|-------|-------|-------|-------|--------|-----------
POST     POST /notifications [EMAIL]                                                    17143     0(0.00%) |    148       8    1108    140 |  445.30        0.00
--------|----------------------------------------------------------------------------|-------|-------------|-------|-------|-------|-------|--------|-----------
         Aggregated                                                                     17143     0(0.00%) |    148       8    1108    140 |  445.30        0.00

Type     Name                                                                          # reqs      # fails |    Avg     Min     Max    Med |   req/s  failures/s
--------|----------------------------------------------------------------------------|-------|-------------|-------|-------|-------|-------|--------|-----------
POST     POST /notifications [EMAIL]                                                    17963     0(0.00%) |    148       8    1108    140 |  449.30        0.00
--------|----------------------------------------------------------------------------|-------|-------------|-------|-------|-------|-------|--------|-----------
         Aggregated                                                                     17963     0(0.00%) |    148       8    1108    140 |  449.30        0.00

Type     Name                                                                          # reqs      # fails |    Avg     Min     Max    Med |   req/s  failures/s
--------|----------------------------------------------------------------------------|-------|-------------|-------|-------|-------|-------|--------|-----------
POST     POST /notifications [EMAIL]                                                    18813     0(0.00%) |    149       8    1108    150 |  445.70        0.00
--------|----------------------------------------------------------------------------|-------|-------------|-------|-------|-------|-------|--------|-----------
         Aggregated                                                                     18813     0(0.00%) |    149       8    1108    150 |  445.70        0.00

Type     Name                                                                          # reqs      # fails |    Avg     Min     Max    Med |   req/s  failures/s
--------|----------------------------------------------------------------------------|-------|-------------|-------|-------|-------|-------|--------|-----------
POST     POST /notifications [EMAIL]                                                    19706     0(0.00%) |    149       8    1108    150 |  441.10        0.00
--------|----------------------------------------------------------------------------|-------|-------------|-------|-------|-------|-------|--------|-----------
         Aggregated                                                                     19706     0(0.00%) |    149       8    1108    150 |  441.10        0.00

Type     Name                                                                          # reqs      # fails |    Avg     Min     Max    Med |   req/s  failures/s
--------|----------------------------------------------------------------------------|-------|-------------|-------|-------|-------|-------|--------|-----------
POST     POST /notifications [EMAIL]                                                    20597     0(0.00%) |    149       8    1108    150 |  437.90        0.00
--------|----------------------------------------------------------------------------|-------|-------------|-------|-------|-------|-------|--------|-----------
         Aggregated                                                                     20597     0(0.00%) |    149       8    1108    150 |  437.90        0.00

Type     Name                                                                          # reqs      # fails |    Avg     Min     Max    Med |   req/s  failures/s
--------|----------------------------------------------------------------------------|-------|-------------|-------|-------|-------|-------|--------|-----------
POST     POST /notifications [EMAIL]                                                    21527     0(0.00%) |    148       8    1108    150 |  436.80        0.00
--------|----------------------------------------------------------------------------|-------|-------------|-------|-------|-------|-------|--------|-----------
         Aggregated                                                                     21527     0(0.00%) |    148       8    1108    150 |  436.80        0.00

Type     Name                                                                          # reqs      # fails |    Avg     Min     Max    Med |   req/s  failures/s
--------|----------------------------------------------------------------------------|-------|-------------|-------|-------|-------|-------|--------|-----------
POST     POST /notifications [EMAIL]                                                    22419     0(0.00%) |    148       8    1108    150 |  437.40        0.00
--------|----------------------------------------------------------------------------|-------|-------------|-------|-------|-------|-------|--------|-----------
         Aggregated                                                                     22419     0(0.00%) |    148       8    1108    150 |  437.40        0.00

Type     Name                                                                          # reqs      # fails |    Avg     Min     Max    Med |   req/s  failures/s
--------|----------------------------------------------------------------------------|-------|-------------|-------|-------|-------|-------|--------|-----------
POST     POST /notifications [EMAIL]                                                    23351     0(0.00%) |    148       8    1108    150 |  444.70        0.00
--------|----------------------------------------------------------------------------|-------|-------------|-------|-------|-------|-------|--------|-----------
         Aggregated                                                                     23351     0(0.00%) |    148       8    1108    150 |  444.70        0.00

Type     Name                                                                          # reqs      # fails |    Avg     Min     Max    Med |   req/s  failures/s
--------|----------------------------------------------------------------------------|-------|-------------|-------|-------|-------|-------|--------|-----------
POST     POST /notifications [EMAIL]                                                    24270     0(0.00%) |    148       8    1108    150 |  452.60        0.00
--------|----------------------------------------------------------------------------|-------|-------------|-------|-------|-------|-------|--------|-----------
         Aggregated                                                                     24270     0(0.00%) |    148       8    1108    150 |  452.60        0.00

Type     Name                                                                          # reqs      # fails |    Avg     Min     Max    Med |   req/s  failures/s
--------|----------------------------------------------------------------------------|-------|-------------|-------|-------|-------|-------|--------|-----------
POST     POST /notifications [EMAIL]                                                    25145     0(0.00%) |    148       8    1108    150 |  454.60        0.00
--------|----------------------------------------------------------------------------|-------|-------------|-------|-------|-------|-------|--------|-----------
         Aggregated                                                                     25145     0(0.00%) |    148       8    1108    150 |  454.60        0.00

Type     Name                                                                          # reqs      # fails |    Avg     Min     Max    Med |   req/s  failures/s
--------|----------------------------------------------------------------------------|-------|-------------|-------|-------|-------|-------|--------|-----------
POST     POST /notifications [EMAIL]                                                    26032     0(0.00%) |    148       8    1108    150 |  453.20        0.00
--------|----------------------------------------------------------------------------|-------|-------------|-------|-------|-------|-------|--------|-----------
         Aggregated                                                                     26032     0(0.00%) |    148       8    1108    150 |  453.20        0.00

Type     Name                                                                          # reqs      # fails |    Avg     Min     Max    Med |   req/s  failures/s
--------|----------------------------------------------------------------------------|-------|-------------|-------|-------|-------|-------|--------|-----------
POST     POST /notifications [EMAIL]                                                    26975     0(0.00%) |    148       8    1108    150 |  451.20        0.00
--------|----------------------------------------------------------------------------|-------|-------------|-------|-------|-------|-------|--------|-----------
         Aggregated                                                                     26975     0(0.00%) |    148       8    1108    150 |  451.20        0.00

Type     Name                                                                          # reqs      # fails |    Avg     Min     Max    Med |   req/s  failures/s
--------|----------------------------------------------------------------------------|-------|-------------|-------|-------|-------|-------|--------|-----------
POST     POST /notifications [EMAIL]                                                    27908     0(0.00%) |    147       8    1108    150 |  454.50        0.00
--------|----------------------------------------------------------------------------|-------|-------------|-------|-------|-------|-------|--------|-----------
         Aggregated                                                                     27908     0(0.00%) |    147       8    1108    150 |  454.50        0.00

Type     Name                                                                          # reqs      # fails |    Avg     Min     Max    Med |   req/s  failures/s
--------|----------------------------------------------------------------------------|-------|-------------|-------|-------|-------|-------|--------|-----------
POST     POST /notifications [EMAIL]                                                    28810     0(0.00%) |    147       8    1108    150 |  455.00        0.00
--------|----------------------------------------------------------------------------|-------|-------------|-------|-------|-------|-------|--------|-----------
         Aggregated                                                                     28810     0(0.00%) |    147       8    1108    150 |  455.00        0.00

Type     Name                                                                          # reqs      # fails |    Avg     Min     Max    Med |   req/s  failures/s
--------|----------------------------------------------------------------------------|-------|-------------|-------|-------|-------|-------|--------|-----------
POST     POST /notifications [EMAIL]                                                    29766     0(0.00%) |    147       8    1108    150 |  454.70        0.00
--------|----------------------------------------------------------------------------|-------|-------------|-------|-------|-------|-------|--------|-----------
         Aggregated                                                                     29766     0(0.00%) |    147       8    1108    150 |  454.70        0.00

Type     Name                                                                          # reqs      # fails |    Avg     Min     Max    Med |   req/s  failures/s
--------|----------------------------------------------------------------------------|-------|-------------|-------|-------|-------|-------|--------|-----------
POST     POST /notifications [EMAIL]                                                    30709     0(0.00%) |    147       8    1108    150 |  462.50        0.00
--------|----------------------------------------------------------------------------|-------|-------------|-------|-------|-------|-------|--------|-----------
         Aggregated                                                                     30709     0(0.00%) |    147       8    1108    150 |  462.50        0.00

Type     Name                                                                          # reqs      # fails |    Avg     Min     Max    Med |   req/s  failures/s
--------|----------------------------------------------------------------------------|-------|-------------|-------|-------|-------|-------|--------|-----------
POST     POST /notifications [EMAIL]                                                    31649     0(0.00%) |    146       8    1108    150 |  466.00        0.00
--------|----------------------------------------------------------------------------|-------|-------------|-------|-------|-------|-------|--------|-----------
         Aggregated                                                                     31649     0(0.00%) |    146       8    1108    150 |  466.00        0.00

Type     Name                                                                          # reqs      # fails |    Avg     Min     Max    Med |   req/s  failures/s
--------|----------------------------------------------------------------------------|-------|-------------|-------|-------|-------|-------|--------|-----------
POST     POST /notifications [EMAIL]                                                    32401     0(0.00%) |    147       8    1108    150 |  466.60        0.00
--------|----------------------------------------------------------------------------|-------|-------------|-------|-------|-------|-------|--------|-----------
         Aggregated                                                                     32401     0(0.00%) |    147       8    1108    150 |  466.60        0.00

Type     Name                                                                          # reqs      # fails |    Avg     Min     Max    Med |   req/s  failures/s
--------|----------------------------------------------------------------------------|-------|-------------|-------|-------|-------|-------|--------|-----------
POST     POST /notifications [EMAIL]                                                    32963     0(0.00%) |    149       8    1108    150 |  451.50        0.00
--------|----------------------------------------------------------------------------|-------|-------------|-------|-------|-------|-------|--------|-----------
         Aggregated                                                                     32963     0(0.00%) |    149       8    1108    150 |  451.50        0.00

Type     Name                                                                          # reqs      # fails |    Avg     Min     Max    Med |   req/s  failures/s
--------|----------------------------------------------------------------------------|-------|-------------|-------|-------|-------|-------|--------|-----------
POST     POST /notifications [EMAIL]                                                    33727     0(0.00%) |    150       8    1108    150 |  415.40        0.00
--------|----------------------------------------------------------------------------|-------|-------------|-------|-------|-------|-------|--------|-----------
         Aggregated                                                                     33727     0(0.00%) |    150       8    1108    150 |  415.40        0.00

Type     Name                                                                          # reqs      # fails |    Avg     Min     Max    Med |   req/s  failures/s
--------|----------------------------------------------------------------------------|-------|-------------|-------|-------|-------|-------|--------|-----------
POST     POST /notifications [EMAIL]                                                    34662     0(0.00%) |    149       8    1108    150 |  392.10        0.00
--------|----------------------------------------------------------------------------|-------|-------------|-------|-------|-------|-------|--------|-----------
         Aggregated                                                                     34662     0(0.00%) |    149       8    1108    150 |  392.10        0.00

Type     Name                                                                          # reqs      # fails |    Avg     Min     Max    Med |   req/s  failures/s
--------|----------------------------------------------------------------------------|-------|-------------|-------|-------|-------|-------|--------|-----------
POST     POST /notifications [EMAIL]                                                    35594     0(0.00%) |    149       8    1108    150 |  390.60        0.00
--------|----------------------------------------------------------------------------|-------|-------------|-------|-------|-------|-------|--------|-----------
         Aggregated                                                                     35594     0(0.00%) |    149       8    1108    150 |  390.60        0.00

Type     Name                                                                          # reqs      # fails |    Avg     Min     Max    Med |   req/s  failures/s
--------|----------------------------------------------------------------------------|-------|-------------|-------|-------|-------|-------|--------|-----------
POST     POST /notifications [EMAIL]                                                    36507     0(0.00%) |    149       8    1108    150 |  390.20        0.00
--------|----------------------------------------------------------------------------|-------|-------------|-------|-------|-------|-------|--------|-----------
         Aggregated                                                                     36507     0(0.00%) |    149       8    1108    150 |  390.20        0.00

Type     Name                                                                          # reqs      # fails |    Avg     Min     Max    Med |   req/s  failures/s
--------|----------------------------------------------------------------------------|-------|-------------|-------|-------|-------|-------|--------|-----------
POST     POST /notifications [EMAIL]                                                    37395     0(0.00%) |    149       8    1108    150 |  404.00        0.00
--------|----------------------------------------------------------------------------|-------|-------------|-------|-------|-------|-------|--------|-----------
         Aggregated                                                                     37395     0(0.00%) |    149       8    1108    150 |  404.00        0.00

Type     Name                                                                          # reqs      # fails |    Avg     Min     Max    Med |   req/s  failures/s
--------|----------------------------------------------------------------------------|-------|-------------|-------|-------|-------|-------|--------|-----------
POST     POST /notifications [EMAIL]                                                    38342     0(0.00%) |    149       8    1108    150 |  440.20        0.00
--------|----------------------------------------------------------------------------|-------|-------------|-------|-------|-------|-------|--------|-----------
         Aggregated                                                                     38342     0(0.00%) |    149       8    1108    150 |  440.20        0.00

Type     Name                                                                          # reqs      # fails |    Avg     Min     Max    Med |   req/s  failures/s
--------|----------------------------------------------------------------------------|-------|-------------|-------|-------|-------|-------|--------|-----------
POST     POST /notifications [EMAIL]                                                    39256     0(0.00%) |    149       8    1108    150 |  460.00        0.00
--------|----------------------------------------------------------------------------|-------|-------------|-------|-------|-------|-------|--------|-----------
         Aggregated                                                                     39256     0(0.00%) |    149       8    1108    150 |  460.00        0.00

Type     Name                                                                          # reqs      # fails |    Avg     Min     Max    Med |   req/s  failures/s
--------|----------------------------------------------------------------------------|-------|-------------|-------|-------|-------|-------|--------|-----------
POST     POST /notifications [EMAIL]                                                    40166     0(0.00%) |    148       8    1108    150 |  458.60        0.00
--------|----------------------------------------------------------------------------|-------|-------------|-------|-------|-------|-------|--------|-----------
         Aggregated                                                                     40166     0(0.00%) |    148       8    1108    150 |  458.60        0.00

Type     Name                                                                          # reqs      # fails |    Avg     Min     Max    Med |   req/s  failures/s
--------|----------------------------------------------------------------------------|-------|-------------|-------|-------|-------|-------|--------|-----------
POST     POST /notifications [EMAIL]                                                    41071     0(0.00%) |    148       8    1108    150 |  457.10        0.00
--------|----------------------------------------------------------------------------|-------|-------------|-------|-------|-------|-------|--------|-----------
         Aggregated                                                                     41071     0(0.00%) |    148       8    1108    150 |  457.10        0.00

Type     Name                                                                          # reqs      # fails |    Avg     Min     Max    Med |   req/s  failures/s
--------|----------------------------------------------------------------------------|-------|-------------|-------|-------|-------|-------|--------|-----------
POST     POST /notifications [EMAIL]                                                    41934     0(0.00%) |    148       8    1108    150 |  455.90        0.00
--------|----------------------------------------------------------------------------|-------|-------------|-------|-------|-------|-------|--------|-----------
         Aggregated                                                                     41934     0(0.00%) |    148       8    1108    150 |  455.90        0.00

Type     Name                                                                          # reqs      # fails |    Avg     Min     Max    Med |   req/s  failures/s
--------|----------------------------------------------------------------------------|-------|-------------|-------|-------|-------|-------|--------|-----------
POST     POST /notifications [EMAIL]                                                    42860     0(0.00%) |    148       8    1108    150 |  453.90        0.00
--------|----------------------------------------------------------------------------|-------|-------------|-------|-------|-------|-------|--------|-----------
         Aggregated                                                                     42860     0(0.00%) |    148       8    1108    150 |  453.90        0.00

Type     Name                                                                          # reqs      # fails |    Avg     Min     Max    Med |   req/s  failures/s
--------|----------------------------------------------------------------------------|-------|-------------|-------|-------|-------|-------|--------|-----------
POST     POST /notifications [EMAIL]                                                    43784     0(0.00%) |    148       8    1108    150 |  452.10        0.00
--------|----------------------------------------------------------------------------|-------|-------------|-------|-------|-------|-------|--------|-----------
         Aggregated                                                                     43784     0(0.00%) |    148       8    1108    150 |  452.10        0.00

Type     Name                                                                          # reqs      # fails |    Avg     Min     Max    Med |   req/s  failures/s
--------|----------------------------------------------------------------------------|-------|-------------|-------|-------|-------|-------|--------|-----------
POST     POST /notifications [EMAIL]                                                    44687     0(0.00%) |    148       8    1108    150 |  452.30        0.00
--------|----------------------------------------------------------------------------|-------|-------------|-------|-------|-------|-------|--------|-----------
         Aggregated                                                                     44687     0(0.00%) |    148       8    1108    150 |  452.30        0.00

Type     Name                                                                          # reqs      # fails |    Avg     Min     Max    Med |   req/s  failures/s
--------|----------------------------------------------------------------------------|-------|-------------|-------|-------|-------|-------|--------|-----------
POST     POST /notifications [EMAIL]                                                    45575     0(0.00%) |    148       8    1108    150 |  451.40        0.00
--------|----------------------------------------------------------------------------|-------|-------------|-------|-------|-------|-------|--------|-----------
         Aggregated                                                                     45575     0(0.00%) |    148       8    1108    150 |  451.40        0.00

Type     Name                                                                          # reqs      # fails |    Avg     Min     Max    Med |   req/s  failures/s
--------|----------------------------------------------------------------------------|-------|-------------|-------|-------|-------|-------|--------|-----------
POST     POST /notifications [EMAIL]                                                    46489     0(0.00%) |    148       8    1108    150 |  451.70        0.00
--------|----------------------------------------------------------------------------|-------|-------------|-------|-------|-------|-------|--------|-----------
         Aggregated                                                                     46489     0(0.00%) |    148       8    1108    150 |  451.70        0.00

Type     Name                                                                          # reqs      # fails |    Avg     Min     Max    Med |   req/s  failures/s
--------|----------------------------------------------------------------------------|-------|-------------|-------|-------|-------|-------|--------|-----------
POST     POST /notifications [EMAIL]                                                    47421     0(0.00%) |    148       8    1108    150 |  452.30        0.00
--------|----------------------------------------------------------------------------|-------|-------------|-------|-------|-------|-------|--------|-----------
         Aggregated                                                                     47421     0(0.00%) |    148       8    1108    150 |  452.30        0.00

Type     Name                                                                          # reqs      # fails |    Avg     Min     Max    Med |   req/s  failures/s
--------|----------------------------------------------------------------------------|-------|-------------|-------|-------|-------|-------|--------|-----------
POST     POST /notifications [EMAIL]                                                    48344     0(0.00%) |    148       8    1108    150 |  454.30        0.00
--------|----------------------------------------------------------------------------|-------|-------------|-------|-------|-------|-------|--------|-----------
         Aggregated                                                                     48344     0(0.00%) |    148       8    1108    150 |  454.30        0.00

Type     Name                                                                          # reqs      # fails |    Avg     Min     Max    Med |   req/s  failures/s
--------|----------------------------------------------------------------------------|-------|-------------|-------|-------|-------|-------|--------|-----------
POST     POST /notifications [EMAIL]                                                    49255     0(0.00%) |    148       8    1108    150 |  455.70        0.00
--------|----------------------------------------------------------------------------|-------|-------------|-------|-------|-------|-------|--------|-----------
         Aggregated                                                                     49255     0(0.00%) |    148       8    1108    150 |  455.70        0.00

Type     Name                                                                          # reqs      # fails |    Avg     Min     Max    Med |   req/s  failures/s
--------|----------------------------------------------------------------------------|-------|-------------|-------|-------|-------|-------|--------|-----------
POST     POST /notifications [EMAIL]                                                    50165     0(0.00%) |    148       8    1108    150 |  457.50        0.00
--------|----------------------------------------------------------------------------|-------|-------------|-------|-------|-------|-------|--------|-----------
         Aggregated                                                                     50165     0(0.00%) |    148       8    1108    150 |  457.50        0.00

Type     Name                                                                          # reqs      # fails |    Avg     Min     Max    Med |   req/s  failures/s
--------|----------------------------------------------------------------------------|-------|-------------|-------|-------|-------|-------|--------|-----------
POST     POST /notifications [EMAIL]                                                    51073     0(0.00%) |    148       8    1108    150 |  456.50        0.00
--------|----------------------------------------------------------------------------|-------|-------------|-------|-------|-------|-------|--------|-----------
         Aggregated                                                                     51073     0(0.00%) |    148       8    1108    150 |  456.50        0.00

Type     Name                                                                          # reqs      # fails |    Avg     Min     Max    Med |   req/s  failures/s
--------|----------------------------------------------------------------------------|-------|-------------|-------|-------|-------|-------|--------|-----------
POST     POST /notifications [EMAIL]                                                    52002     0(0.00%) |    147       8    1108    150 |  459.30        0.00
--------|----------------------------------------------------------------------------|-------|-------------|-------|-------|-------|-------|--------|-----------
         Aggregated                                                                     52002     0(0.00%) |    147       8    1108    150 |  459.30        0.00

Type     Name                                                                          # reqs      # fails |    Avg     Min     Max    Med |   req/s  failures/s
--------|----------------------------------------------------------------------------|-------|-------------|-------|-------|-------|-------|--------|-----------
POST     POST /notifications [EMAIL]                                                    52890     0(0.00%) |    147       8    1108    150 |  458.60        0.00
--------|----------------------------------------------------------------------------|-------|-------------|-------|-------|-------|-------|--------|-----------
         Aggregated                                                                     52890     0(0.00%) |    147       8    1108    150 |  458.60        0.00

Type     Name                                                                          # reqs      # fails |    Avg     Min     Max    Med |   req/s  failures/s
--------|----------------------------------------------------------------------------|-------|-------------|-------|-------|-------|-------|--------|-----------
POST     POST /notifications [EMAIL]                                                    53845     0(0.00%) |    147       8    1108    150 |  454.50        0.00
--------|----------------------------------------------------------------------------|-------|-------------|-------|-------|-------|-------|--------|-----------
         Aggregated                                                                     53845     0(0.00%) |    147       8    1108    150 |  454.50        0.00

Type     Name                                                                          # reqs      # fails |    Avg     Min     Max    Med |   req/s  failures/s
--------|----------------------------------------------------------------------------|-------|-------------|-------|-------|-------|-------|--------|-----------
POST     POST /notifications [EMAIL]                                                    54785     0(0.00%) |    147       8    1108    150 |  456.80        0.00
--------|----------------------------------------------------------------------------|-------|-------------|-------|-------|-------|-------|--------|-----------
         Aggregated                                                                     54785     0(0.00%) |    147       8    1108    150 |  456.80        0.00

Type     Name                                                                          # reqs      # fails |    Avg     Min     Max    Med |   req/s  failures/s
--------|----------------------------------------------------------------------------|-------|-------------|-------|-------|-------|-------|--------|-----------
POST     POST /notifications [EMAIL]                                                    55716     0(0.00%) |    147       8    1108    150 |  461.60        0.00
--------|----------------------------------------------------------------------------|-------|-------------|-------|-------|-------|-------|--------|-----------
         Aggregated                                                                     55716     0(0.00%) |    147       8    1108    150 |  461.60        0.00

Type     Name                                                                          # reqs      # fails |    Avg     Min     Max    Med |   req/s  failures/s
--------|----------------------------------------------------------------------------|-------|-------------|-------|-------|-------|-------|--------|-----------
POST     POST /notifications [EMAIL]                                                    56660     0(0.00%) |    147       8    1108    150 |  461.30        0.00
--------|----------------------------------------------------------------------------|-------|-------------|-------|-------|-------|-------|--------|-----------
         Aggregated                                                                     56660     0(0.00%) |    147       8    1108    150 |  461.30        0.00

Type     Name                                                                          # reqs      # fails |    Avg     Min     Max    Med |   req/s  failures/s
--------|----------------------------------------------------------------------------|-------|-------------|-------|-------|-------|-------|--------|-----------
POST     POST /notifications [EMAIL]                                                    57602     0(0.00%) |    147       8    1108    150 |  465.30        0.00
--------|----------------------------------------------------------------------------|-------|-------------|-------|-------|-------|-------|--------|-----------
         Aggregated                                                                     57602     0(0.00%) |    147       8    1108    150 |  465.30        0.00

Type     Name                                                                          # reqs      # fails |    Avg     Min     Max    Med |   req/s  failures/s
--------|----------------------------------------------------------------------------|-------|-------------|-------|-------|-------|-------|--------|-----------
POST     POST /notifications [EMAIL]                                                    58533     0(0.00%) |    147       8    1108    150 |  470.80        0.00
--------|----------------------------------------------------------------------------|-------|-------------|-------|-------|-------|-------|--------|-----------
         Aggregated                                                                     58533     0(0.00%) |    147       8    1108    150 |  470.80        0.00

Type     Name                                                                          # reqs      # fails |    Avg     Min     Max    Med |   req/s  failures/s
--------|----------------------------------------------------------------------------|-------|-------------|-------|-------|-------|-------|--------|-----------
POST     POST /notifications [EMAIL]                                                    59378     0(0.00%) |    147       8    1108    150 |  469.80        0.00
--------|----------------------------------------------------------------------------|-------|-------------|-------|-------|-------|-------|--------|-----------
         Aggregated                                                                     59378     0(0.00%) |    147       8    1108    150 |  469.80        0.00

Type     Name                                                                          # reqs      # fails |    Avg     Min     Max    Med |   req/s  failures/s
--------|----------------------------------------------------------------------------|-------|-------------|-------|-------|-------|-------|--------|-----------
POST     POST /notifications [EMAIL]                                                    59709     0(0.00%) |    148       8    1220    150 |  466.30        0.00
--------|----------------------------------------------------------------------------|-------|-------------|-------|-------|-------|-------|--------|-----------
         Aggregated                                                                     59709     0(0.00%) |    148       8    1220    150 |  466.30        0.00

Type     Name                                                                          # reqs      # fails |    Avg     Min     Max    Med |   req/s  failures/s
--------|----------------------------------------------------------------------------|-------|-------------|-------|-------|-------|-------|--------|-----------
POST     POST /notifications [EMAIL]                                                    60482     0(0.00%) |    149       8    1220    150 |  404.70        0.00
--------|----------------------------------------------------------------------------|-------|-------------|-------|-------|-------|-------|--------|-----------
         Aggregated                                                                     60482     0(0.00%) |    149       8    1220    150 |  404.70        0.00

Type     Name                                                                          # reqs      # fails |    Avg     Min     Max    Med |   req/s  failures/s
--------|----------------------------------------------------------------------------|-------|-------------|-------|-------|-------|-------|--------|-----------
POST     POST /notifications [EMAIL]                                                    61411     0(0.00%) |    149       8    1220    150 |  382.40        0.00
--------|----------------------------------------------------------------------------|-------|-------------|-------|-------|-------|-------|--------|-----------
         Aggregated                                                                     61411     0(0.00%) |    149       8    1220    150 |  382.40        0.00

Type     Name                                                                          # reqs      # fails |    Avg     Min     Max    Med |   req/s  failures/s
--------|----------------------------------------------------------------------------|-------|-------------|-------|-------|-------|-------|--------|-----------
POST     POST /notifications [EMAIL]                                                    62281     0(0.00%) |    149       8    1220    150 |  381.20        0.00
--------|----------------------------------------------------------------------------|-------|-------------|-------|-------|-------|-------|--------|-----------
         Aggregated                                                                     62281     0(0.00%) |    149       8    1220    150 |  381.20        0.00

Type     Name                                                                          # reqs      # fails |    Avg     Min     Max    Med |   req/s  failures/s
--------|----------------------------------------------------------------------------|-------|-------------|-------|-------|-------|-------|--------|-----------
POST     POST /notifications [EMAIL]                                                    63220     0(0.00%) |    149       8    1220    150 |  374.70        0.00
--------|----------------------------------------------------------------------------|-------|-------------|-------|-------|-------|-------|--------|-----------
         Aggregated                                                                     63220     0(0.00%) |    149       8    1220    150 |  374.70        0.00

Type     Name                                                                          # reqs      # fails |    Avg     Min     Max    Med |   req/s  failures/s
--------|----------------------------------------------------------------------------|-------|-------------|-------|-------|-------|-------|--------|-----------
POST     POST /notifications [EMAIL]                                                    64135     0(0.00%) |    148       8    1220    150 |  377.40        0.00
--------|----------------------------------------------------------------------------|-------|-------------|-------|-------|-------|-------|--------|-----------
         Aggregated                                                                     64135     0(0.00%) |    148       8    1220    150 |  377.40        0.00

Type     Name                                                                          # reqs      # fails |    Avg     Min     Max    Med |   req/s  failures/s
--------|----------------------------------------------------------------------------|-------|-------------|-------|-------|-------|-------|--------|-----------
POST     POST /notifications [EMAIL]                                                    65061     0(0.00%) |    148       8    1220    150 |  438.80        0.00
--------|----------------------------------------------------------------------------|-------|-------------|-------|-------|-------|-------|--------|-----------
         Aggregated                                                                     65061     0(0.00%) |    148       8    1220    150 |  438.80        0.00

Type     Name                                                                          # reqs      # fails |    Avg     Min     Max    Med |   req/s  failures/s
--------|----------------------------------------------------------------------------|-------|-------------|-------|-------|-------|-------|--------|-----------
POST     POST /notifications [EMAIL]                                                    65985     0(0.00%) |    148       8    1220    150 |  458.50        0.00
--------|----------------------------------------------------------------------------|-------|-------------|-------|-------|-------|-------|--------|-----------
         Aggregated                                                                     65985     0(0.00%) |    148       8    1220    150 |  458.50        0.00

Type     Name                                                                          # reqs      # fails |    Avg     Min     Max    Med |   req/s  failures/s
--------|----------------------------------------------------------------------------|-------|-------------|-------|-------|-------|-------|--------|-----------
POST     POST /notifications [EMAIL]                                                    66917     0(0.00%) |    148       8    1220    150 |  458.10        0.00
--------|----------------------------------------------------------------------------|-------|-------------|-------|-------|-------|-------|--------|-----------
         Aggregated                                                                     66917     0(0.00%) |    148       8    1220    150 |  458.10        0.00

Type     Name                                                                          # reqs      # fails |    Avg     Min     Max    Med |   req/s  failures/s
--------|----------------------------------------------------------------------------|-------|-------------|-------|-------|-------|-------|--------|-----------
POST     POST /notifications [EMAIL]                                                    67840     0(0.00%) |    148       8    1220    150 |  463.10        0.00
--------|----------------------------------------------------------------------------|-------|-------------|-------|-------|-------|-------|--------|-----------
         Aggregated                                                                     67840     0(0.00%) |    148       8    1220    150 |  463.10        0.00

Type     Name                                                                          # reqs      # fails |    Avg     Min     Max    Med |   req/s  failures/s
--------|----------------------------------------------------------------------------|-------|-------------|-------|-------|-------|-------|--------|-----------
POST     POST /notifications [EMAIL]                                                    68772     0(0.00%) |    148       8    1220    150 |  461.80        0.00
--------|----------------------------------------------------------------------------|-------|-------------|-------|-------|-------|-------|--------|-----------
         Aggregated                                                                     68772     0(0.00%) |    148       8    1220    150 |  461.80        0.00

Type     Name                                                                          # reqs      # fails |    Avg     Min     Max    Med |   req/s  failures/s
--------|----------------------------------------------------------------------------|-------|-------------|-------|-------|-------|-------|--------|-----------
POST     POST /notifications [EMAIL]                                                    69716     0(0.00%) |    148       8    1220    150 |  463.10        0.00
--------|----------------------------------------------------------------------------|-------|-------------|-------|-------|-------|-------|--------|-----------
         Aggregated                                                                     69716     0(0.00%) |    148       8    1220    150 |  463.10        0.00

Type     Name                                                                          # reqs      # fails |    Avg     Min     Max    Med |   req/s  failures/s
--------|----------------------------------------------------------------------------|-------|-------------|-------|-------|-------|-------|--------|-----------
POST     POST /notifications [EMAIL]                                                    70660     0(0.00%) |    148       8    1220    150 |  464.90        0.00
--------|----------------------------------------------------------------------------|-------|-------------|-------|-------|-------|-------|--------|-----------
         Aggregated                                                                     70660     0(0.00%) |    148       8    1220    150 |  464.90        0.00

Type     Name                                                                          # reqs      # fails |    Avg     Min     Max    Med |   req/s  failures/s
--------|----------------------------------------------------------------------------|-------|-------------|-------|-------|-------|-------|--------|-----------
POST     POST /notifications [EMAIL]                                                    71626     0(0.00%) |    147       8    1220    150 |  465.70        0.00
--------|----------------------------------------------------------------------------|-------|-------------|-------|-------|-------|-------|--------|-----------
         Aggregated                                                                     71626     0(0.00%) |    147       8    1220    150 |  465.70        0.00

Type     Name                                                                          # reqs      # fails |    Avg     Min     Max    Med |   req/s  failures/s
--------|----------------------------------------------------------------------------|-------|-------------|-------|-------|-------|-------|--------|-----------
POST     POST /notifications [EMAIL]                                                    72586     0(0.00%) |    147       8    1220    150 |  470.70        0.00
--------|----------------------------------------------------------------------------|-------|-------------|-------|-------|-------|-------|--------|-----------
         Aggregated                                                                     72586     0(0.00%) |    147       8    1220    150 |  470.70        0.00

Type     Name                                                                          # reqs      # fails |    Avg     Min     Max    Med |   req/s  failures/s
--------|----------------------------------------------------------------------------|-------|-------------|-------|-------|-------|-------|--------|-----------
POST     POST /notifications [EMAIL]                                                    73532     0(0.00%) |    147       8    1220    150 |  475.00        0.00
--------|----------------------------------------------------------------------------|-------|-------------|-------|-------|-------|-------|--------|-----------
         Aggregated                                                                     73532     0(0.00%) |    147       8    1220    150 |  475.00        0.00

Type     Name                                                                          # reqs      # fails |    Avg     Min     Max    Med |   req/s  failures/s
--------|----------------------------------------------------------------------------|-------|-------------|-------|-------|-------|-------|--------|-----------
POST     POST /notifications [EMAIL]                                                    74499     0(0.00%) |    147       8    1220    150 |  476.10        0.00
--------|----------------------------------------------------------------------------|-------|-------------|-------|-------|-------|-------|--------|-----------
         Aggregated                                                                     74499     0(0.00%) |    147       8    1220    150 |  476.10        0.00

Type     Name                                                                          # reqs      # fails |    Avg     Min     Max    Med |   req/s  failures/s
--------|----------------------------------------------------------------------------|-------|-------------|-------|-------|-------|-------|--------|-----------
POST     POST /notifications [EMAIL]                                                    75425     0(0.00%) |    147       8    1220    150 |  478.20        0.00
--------|----------------------------------------------------------------------------|-------|-------------|-------|-------|-------|-------|--------|-----------
         Aggregated                                                                     75425     0(0.00%) |    147       8    1220    150 |  478.20        0.00

Type     Name                                                                          # reqs      # fails |    Avg     Min     Max    Med |   req/s  failures/s
--------|----------------------------------------------------------------------------|-------|-------------|-------|-------|-------|-------|--------|-----------
POST     POST /notifications [EMAIL]                                                    76331     0(0.00%) |    147       8    1220    150 |  477.90        0.00
--------|----------------------------------------------------------------------------|-------|-------------|-------|-------|-------|-------|--------|-----------
         Aggregated                                                                     76331     0(0.00%) |    147       8    1220    150 |  477.90        0.00

Type     Name                                                                          # reqs      # fails |    Avg     Min     Max    Med |   req/s  failures/s
--------|----------------------------------------------------------------------------|-------|-------------|-------|-------|-------|-------|--------|-----------
POST     POST /notifications [EMAIL]                                                    77262     0(0.00%) |    147       8    1220    150 |  471.60        0.00
--------|----------------------------------------------------------------------------|-------|-------------|-------|-------|-------|-------|--------|-----------
         Aggregated                                                                     77262     0(0.00%) |    147       8    1220    150 |  471.60        0.00

Type     Name                                                                          # reqs      # fails |    Avg     Min     Max    Med |   req/s  failures/s
--------|----------------------------------------------------------------------------|-------|-------------|-------|-------|-------|-------|--------|-----------
POST     POST /notifications [EMAIL]                                                    78178     0(0.00%) |    147       8    1220    150 |  467.10        0.00
--------|----------------------------------------------------------------------------|-------|-------------|-------|-------|-------|-------|--------|-----------
         Aggregated                                                                     78178     0(0.00%) |    147       8    1220    150 |  467.10        0.00

Type     Name                                                                          # reqs      # fails |    Avg     Min     Max    Med |   req/s  failures/s
--------|----------------------------------------------------------------------------|-------|-------------|-------|-------|-------|-------|--------|-----------
POST     POST /notifications [EMAIL]                                                    79084     0(0.00%) |    147       8    1220    150 |  464.90        0.00
--------|----------------------------------------------------------------------------|-------|-------------|-------|-------|-------|-------|--------|-----------
         Aggregated                                                                     79084     0(0.00%) |    147       8    1220    150 |  464.90        0.00

Type     Name                                                                          # reqs      # fails |    Avg     Min     Max    Med |   req/s  failures/s
--------|----------------------------------------------------------------------------|-------|-------------|-------|-------|-------|-------|--------|-----------
POST     POST /notifications [EMAIL]                                                    79980     0(0.00%) |    147       8    1220    150 |  458.40        0.00
--------|----------------------------------------------------------------------------|-------|-------------|-------|-------|-------|-------|--------|-----------
         Aggregated                                                                     79980     0(0.00%) |    147       8    1220    150 |  458.40        0.00

Type     Name                                                                          # reqs      # fails |    Avg     Min     Max    Med |   req/s  failures/s
--------|----------------------------------------------------------------------------|-------|-------------|-------|-------|-------|-------|--------|-----------
POST     POST /notifications [EMAIL]                                                    80907     0(0.00%) |    147       8    1220    150 |  454.90        0.00
--------|----------------------------------------------------------------------------|-------|-------------|-------|-------|-------|-------|--------|-----------
         Aggregated                                                                     80907     0(0.00%) |    147       8    1220    150 |  454.90        0.00

Type     Name                                                                          # reqs      # fails |    Avg     Min     Max    Med |   req/s  failures/s
--------|----------------------------------------------------------------------------|-------|-------------|-------|-------|-------|-------|--------|-----------
POST     POST /notifications [EMAIL]                                                    81845     0(0.00%) |    147       8    1220    150 |  456.40        0.00
--------|----------------------------------------------------------------------------|-------|-------------|-------|-------|-------|-------|--------|-----------
         Aggregated                                                                     81845     0(0.00%) |    147       8    1220    150 |  456.40        0.00

Type     Name                                                                          # reqs      # fails |    Avg     Min     Max    Med |   req/s  failures/s
--------|----------------------------------------------------------------------------|-------|-------------|-------|-------|-------|-------|--------|-----------
POST     POST /notifications [EMAIL]                                                    82755     0(0.00%) |    147       8    1220    150 |  459.20        0.00
--------|----------------------------------------------------------------------------|-------|-------------|-------|-------|-------|-------|--------|-----------
         Aggregated                                                                     82755     0(0.00%) |    147       8    1220    150 |  459.20        0.00

Type     Name                                                                          # reqs      # fails |    Avg     Min     Max    Med |   req/s  failures/s
--------|----------------------------------------------------------------------------|-------|-------------|-------|-------|-------|-------|--------|-----------
POST     POST /notifications [EMAIL]                                                    83685     0(0.00%) |    147       8    1220    150 |  456.50        0.00
--------|----------------------------------------------------------------------------|-------|-------------|-------|-------|-------|-------|--------|-----------
         Aggregated                                                                     83685     0(0.00%) |    147       8    1220    150 |  456.50        0.00

Type     Name                                                                          # reqs      # fails |    Avg     Min     Max    Med |   req/s  failures/s
--------|----------------------------------------------------------------------------|-------|-------------|-------|-------|-------|-------|--------|-----------
POST     POST /notifications [EMAIL]                                                    84592     0(0.00%) |    147       8    1220    150 |  460.00        0.00
--------|----------------------------------------------------------------------------|-------|-------------|-------|-------|-------|-------|--------|-----------
         Aggregated                                                                     84592     0(0.00%) |    147       8    1220    150 |  460.00        0.00

Type     Name                                                                          # reqs      # fails |    Avg     Min     Max    Med |   req/s  failures/s
--------|----------------------------------------------------------------------------|-------|-------------|-------|-------|-------|-------|--------|-----------
POST     POST /notifications [EMAIL]                                                    85507     0(0.00%) |    146       8    1220    150 |  460.50        0.00
--------|----------------------------------------------------------------------------|-------|-------------|-------|-------|-------|-------|--------|-----------
         Aggregated                                                                     85507     0(0.00%) |    146       8    1220    150 |  460.50        0.00

Type     Name                                                                          # reqs      # fails |    Avg     Min     Max    Med |   req/s  failures/s
--------|----------------------------------------------------------------------------|-------|-------------|-------|-------|-------|-------|--------|-----------
POST     POST /notifications [EMAIL]                                                    86314     0(0.00%) |    146       8    1220    150 |  459.20        0.00
--------|----------------------------------------------------------------------------|-------|-------------|-------|-------|-------|-------|--------|-----------
         Aggregated                                                                     86314     0(0.00%) |    146       8    1220    150 |  459.20        0.00

Type     Name                                                                          # reqs      # fails |    Avg     Min     Max    Med |   req/s  failures/s
--------|----------------------------------------------------------------------------|-------|-------------|-------|-------|-------|-------|--------|-----------
POST     POST /notifications [EMAIL]                                                    86543     0(0.00%) |    147       8    1220    150 |  454.40        0.00
--------|----------------------------------------------------------------------------|-------|-------------|-------|-------|-------|-------|--------|-----------
         Aggregated                                                                     86543     0(0.00%) |    147       8    1220    150 |  454.40        0.00

Type     Name                                                                          # reqs      # fails |    Avg     Min     Max    Med |   req/s  failures/s
--------|----------------------------------------------------------------------------|-------|-------------|-------|-------|-------|-------|--------|-----------
POST     POST /notifications [EMAIL]                                                    86738     0(0.00%) |    149       8    3025    150 |  388.60        0.00
--------|----------------------------------------------------------------------------|-------|-------------|-------|-------|-------|-------|--------|-----------
         Aggregated                                                                     86738     0(0.00%) |    149       8    3025    150 |  388.60        0.00

Type     Name                                                                          # reqs      # fails |    Avg     Min     Max    Med |   req/s  failures/s
--------|----------------------------------------------------------------------------|-------|-------------|-------|-------|-------|-------|--------|-----------
POST     POST /notifications [EMAIL]                                                    87602     0(0.00%) |    150       8    3025    150 |  305.30        0.00
--------|----------------------------------------------------------------------------|-------|-------------|-------|-------|-------|-------|--------|-----------
         Aggregated                                                                     87602     0(0.00%) |    150       8    3025    150 |  305.30        0.00

Type     Name                                                                          # reqs      # fails |    Avg     Min     Max    Med |   req/s  failures/s
--------|----------------------------------------------------------------------------|-------|-------------|-------|-------|-------|-------|--------|-----------
POST     POST /notifications [EMAIL]                                                    88456     0(0.00%) |    150       8    3025    150 |  301.10        0.00
--------|----------------------------------------------------------------------------|-------|-------------|-------|-------|-------|-------|--------|-----------
         Aggregated                                                                     88456     0(0.00%) |    150       8    3025    150 |  301.10        0.00

Type     Name                                                                          # reqs      # fails |    Avg     Min     Max    Med |   req/s  failures/s
--------|----------------------------------------------------------------------------|-------|-------------|-------|-------|-------|-------|--------|-----------
POST     POST /notifications [EMAIL]                                                    89349     0(0.00%) |    150       8    3025    150 |  295.50        0.00
--------|----------------------------------------------------------------------------|-------|-------------|-------|-------|-------|-------|--------|-----------
         Aggregated                                                                     89349     0(0.00%) |    150       8    3025    150 |  295.50        0.00

Type     Name                                                                          # reqs      # fails |    Avg     Min     Max    Med |   req/s  failures/s
--------|----------------------------------------------------------------------------|-------|-------------|-------|-------|-------|-------|--------|-----------
POST     POST /notifications [EMAIL]                                                    90258     0(0.00%) |    150       8    3025    150 |  293.30        0.00
--------|----------------------------------------------------------------------------|-------|-------------|-------|-------|-------|-------|--------|-----------
         Aggregated                                                                     90258     0(0.00%) |    150       8    3025    150 |  293.30        0.00

Type     Name                                                                          # reqs      # fails |    Avg     Min     Max    Med |   req/s  failures/s
--------|----------------------------------------------------------------------------|-------|-------------|-------|-------|-------|-------|--------|-----------
POST     POST /notifications [EMAIL]                                                    91174     0(0.00%) |    149       8    3025    150 |  360.90        0.00
--------|----------------------------------------------------------------------------|-------|-------------|-------|-------|-------|-------|--------|-----------
         Aggregated                                                                     91174     0(0.00%) |    149       8    3025    150 |  360.90        0.00

Type     Name                                                                          # reqs      # fails |    Avg     Min     Max    Med |   req/s  failures/s
--------|----------------------------------------------------------------------------|-------|-------------|-------|-------|-------|-------|--------|-----------
POST     POST /notifications [EMAIL]                                                    92072     0(0.00%) |    149       8    3025    150 |  441.80        0.00
--------|----------------------------------------------------------------------------|-------|-------------|-------|-------|-------|-------|--------|-----------
         Aggregated                                                                     92072     0(0.00%) |    149       8    3025    150 |  441.80        0.00

Type     Name                                                                          # reqs      # fails |    Avg     Min     Max    Med |   req/s  failures/s
--------|----------------------------------------------------------------------------|-------|-------------|-------|-------|-------|-------|--------|-----------
POST     POST /notifications [EMAIL]                                                    92976     0(0.00%) |    149       8    3025    150 |  446.80        0.00
--------|----------------------------------------------------------------------------|-------|-------------|-------|-------|-------|-------|--------|-----------
         Aggregated                                                                     92976     0(0.00%) |    149       8    3025    150 |  446.80        0.00

Type     Name                                                                          # reqs      # fails |    Avg     Min     Max    Med |   req/s  failures/s
--------|----------------------------------------------------------------------------|-------|-------------|-------|-------|-------|-------|--------|-----------
POST     POST /notifications [EMAIL]                                                    93838     0(0.00%) |    149       8    3025    150 |  451.00        0.00
--------|----------------------------------------------------------------------------|-------|-------------|-------|-------|-------|-------|--------|-----------
         Aggregated                                                                     93838     0(0.00%) |    149       8    3025    150 |  451.00        0.00

Type     Name                                                                          # reqs      # fails |    Avg     Min     Max    Med |   req/s  failures/s
--------|----------------------------------------------------------------------------|-------|-------------|-------|-------|-------|-------|--------|-----------
POST     POST /notifications [EMAIL]                                                    94734     0(0.00%) |    149       8    3025    150 |  453.00        0.00
--------|----------------------------------------------------------------------------|-------|-------------|-------|-------|-------|-------|--------|-----------
         Aggregated                                                                     94734     0(0.00%) |    149       8    3025    150 |  453.00        0.00

Type     Name                                                                          # reqs      # fails |    Avg     Min     Max    Med |   req/s  failures/s
--------|----------------------------------------------------------------------------|-------|-------------|-------|-------|-------|-------|--------|-----------
POST     POST /notifications [EMAIL]                                                    95627     0(0.00%) |    149       8    3025    150 |  448.20        0.00
--------|----------------------------------------------------------------------------|-------|-------------|-------|-------|-------|-------|--------|-----------
         Aggregated                                                                     95627     0(0.00%) |    149       8    3025    150 |  448.20        0.00

Type     Name                                                                          # reqs      # fails |    Avg     Min     Max    Med |   req/s  failures/s
--------|----------------------------------------------------------------------------|-------|-------------|-------|-------|-------|-------|--------|-----------
POST     POST /notifications [EMAIL]                                                    96104     0(0.00%) |    150       8    3025    150 |  446.10        0.00
--------|----------------------------------------------------------------------------|-------|-------------|-------|-------|-------|-------|--------|-----------
         Aggregated                                                                     96104     0(0.00%) |    150       8    3025    150 |  446.10        0.00

Type     Name                                                                          # reqs      # fails |    Avg     Min     Max    Med |   req/s  failures/s
--------|----------------------------------------------------------------------------|-------|-------------|-------|-------|-------|-------|--------|-----------
POST     POST /notifications [EMAIL]                                                    96995     0(0.00%) |    150       8    3025    150 |  413.60        0.00
--------|----------------------------------------------------------------------------|-------|-------------|-------|-------|-------|-------|--------|-----------
         Aggregated                                                                     96995     0(0.00%) |    150       8    3025    150 |  413.60        0.00

Type     Name                                                                          # reqs      # fails |    Avg     Min     Max    Med |   req/s  failures/s
--------|----------------------------------------------------------------------------|-------|-------------|-------|-------|-------|-------|--------|-----------
POST     POST /notifications [EMAIL]                                                    97832     0(0.00%) |    150       8    3025    150 |  404.50        0.00
--------|----------------------------------------------------------------------------|-------|-------------|-------|-------|-------|-------|--------|-----------
         Aggregated                                                                     97832     0(0.00%) |    150       8    3025    150 |  404.50        0.00

Type     Name                                                                          # reqs      # fails |    Avg     Min     Max    Med |   req/s  failures/s
--------|----------------------------------------------------------------------------|-------|-------------|-------|-------|-------|-------|--------|-----------
POST     POST /notifications [EMAIL]                                                    98742     0(0.00%) |    150       8    3025    150 |  395.40        0.00
--------|----------------------------------------------------------------------------|-------|-------------|-------|-------|-------|-------|--------|-----------
         Aggregated                                                                     98742     0(0.00%) |    150       8    3025    150 |  395.40        0.00

Type     Name                                                                          # reqs      # fails |    Avg     Min     Max    Med |   req/s  failures/s
--------|----------------------------------------------------------------------------|-------|-------------|-------|-------|-------|-------|--------|-----------
POST     POST /notifications [EMAIL]                                                    99674     0(0.00%) |    150       8    3025    150 |  398.80        0.00
--------|----------------------------------------------------------------------------|-------|-------------|-------|-------|-------|-------|--------|-----------
         Aggregated                                                                     99674     0(0.00%) |    150       8    3025    150 |  398.80        0.00

Type     Name                                                                          # reqs      # fails |    Avg     Min     Max    Med |   req/s  failures/s
--------|----------------------------------------------------------------------------|-------|-------------|-------|-------|-------|-------|--------|-----------
POST     POST /notifications [EMAIL]                                                   100590     0(0.00%) |    150       8    3025    150 |  401.80        0.00
--------|----------------------------------------------------------------------------|-------|-------------|-------|-------|-------|-------|--------|-----------
         Aggregated                                                                    100590     0(0.00%) |    150       8    3025    150 |  401.80        0.00

Type     Name                                                                          # reqs      # fails |    Avg     Min     Max    Med |   req/s  failures/s
--------|----------------------------------------------------------------------------|-------|-------------|-------|-------|-------|-------|--------|-----------
POST     POST /notifications [EMAIL]                                                   101463     0(0.00%) |    150       8    3025    150 |  436.70        0.00
--------|----------------------------------------------------------------------------|-------|-------------|-------|-------|-------|-------|--------|-----------
         Aggregated                                                                    101463     0(0.00%) |    150       8    3025    150 |  436.70        0.00

Type     Name                                                                          # reqs      # fails |    Avg     Min     Max    Med |   req/s  failures/s
--------|----------------------------------------------------------------------------|-------|-------------|-------|-------|-------|-------|--------|-----------
POST     POST /notifications [EMAIL]                                                   102341     0(0.00%) |    150       8    3025    150 |  444.50        0.00
--------|----------------------------------------------------------------------------|-------|-------------|-------|-------|-------|-------|--------|-----------
         Aggregated                                                                    102341     0(0.00%) |    150       8    3025    150 |  444.50        0.00

Type     Name                                                                          # reqs      # fails |    Avg     Min     Max    Med |   req/s  failures/s
--------|----------------------------------------------------------------------------|-------|-------------|-------|-------|-------|-------|--------|-----------
POST     POST /notifications [EMAIL]                                                   103201     0(0.00%) |    150       8    3025    150 |  450.90        0.00
--------|----------------------------------------------------------------------------|-------|-------------|-------|-------|-------|-------|--------|-----------
         Aggregated                                                                    103201     0(0.00%) |    150       8    3025    150 |  450.90        0.00

Type     Name                                                                          # reqs      # fails |    Avg     Min     Max    Med |   req/s  failures/s
--------|----------------------------------------------------------------------------|-------|-------------|-------|-------|-------|-------|--------|-----------
POST     POST /notifications [EMAIL]                                                   104072     0(0.00%) |    150       8    3025    150 |  448.10        0.00
--------|----------------------------------------------------------------------------|-------|-------------|-------|-------|-------|-------|--------|-----------
         Aggregated                                                                    104072     0(0.00%) |    150       8    3025    150 |  448.10        0.00

Type     Name                                                                          # reqs      # fails |    Avg     Min     Max    Med |   req/s  failures/s
--------|----------------------------------------------------------------------------|-------|-------------|-------|-------|-------|-------|--------|-----------
POST     POST /notifications [EMAIL]                                                   104957     0(0.00%) |    150       8    3025    150 |  442.30        0.00
--------|----------------------------------------------------------------------------|-------|-------------|-------|-------|-------|-------|--------|-----------
         Aggregated                                                                    104957     0(0.00%) |    150       8    3025    150 |  442.30        0.00

Type     Name                                                                          # reqs      # fails |    Avg     Min     Max    Med |   req/s  failures/s
--------|----------------------------------------------------------------------------|-------|-------------|-------|-------|-------|-------|--------|-----------
POST     POST /notifications [EMAIL]                                                   105868     0(0.00%) |    150       8    3025    150 |  435.80        0.00
--------|----------------------------------------------------------------------------|-------|-------------|-------|-------|-------|-------|--------|-----------
         Aggregated                                                                    105868     0(0.00%) |    150       8    3025    150 |  435.80        0.00

Type     Name                                                                          # reqs      # fails |    Avg     Min     Max    Med |   req/s  failures/s
--------|----------------------------------------------------------------------------|-------|-------------|-------|-------|-------|-------|--------|-----------
POST     POST /notifications [EMAIL]                                                   106774     0(0.00%) |    150       8    3025    150 |  437.70        0.00
--------|----------------------------------------------------------------------------|-------|-------------|-------|-------|-------|-------|--------|-----------
         Aggregated                                                                    106774     0(0.00%) |    150       8    3025    150 |  437.70        0.00

Type     Name                                                                          # reqs      # fails |    Avg     Min     Max    Med |   req/s  failures/s
--------|----------------------------------------------------------------------------|-------|-------------|-------|-------|-------|-------|--------|-----------
POST     POST /notifications [EMAIL]                                                   107646     0(0.00%) |    150       8    3025    150 |  442.20        0.00
--------|----------------------------------------------------------------------------|-------|-------------|-------|-------|-------|-------|--------|-----------
         Aggregated                                                                    107646     0(0.00%) |    150       8    3025    150 |  442.20        0.00

Type     Name                                                                          # reqs      # fails |    Avg     Min     Max    Med |   req/s  failures/s
--------|----------------------------------------------------------------------------|-------|-------------|-------|-------|-------|-------|--------|-----------
POST     POST /notifications [EMAIL]                                                   108539     0(0.00%) |    150       8    3025    150 |  441.60        0.00
--------|----------------------------------------------------------------------------|-------|-------------|-------|-------|-------|-------|--------|-----------
         Aggregated                                                                    108539     0(0.00%) |    150       8    3025    150 |  441.60        0.00

Type     Name                                                                          # reqs      # fails |    Avg     Min     Max    Med |   req/s  failures/s
--------|----------------------------------------------------------------------------|-------|-------------|-------|-------|-------|-------|--------|-----------
POST     POST /notifications [EMAIL]                                                   109408     0(0.00%) |    150       8    3025    150 |  444.30        0.00
--------|----------------------------------------------------------------------------|-------|-------------|-------|-------|-------|-------|--------|-----------
         Aggregated                                                                    109408     0(0.00%) |    150       8    3025    150 |  444.30        0.00

Type     Name                                                                          # reqs      # fails |    Avg     Min     Max    Med |   req/s  failures/s
--------|----------------------------------------------------------------------------|-------|-------------|-------|-------|-------|-------|--------|-----------
POST     POST /notifications [EMAIL]                                                   110296     0(0.00%) |    150       8    3025    150 |  443.70        0.00
--------|----------------------------------------------------------------------------|-------|-------------|-------|-------|-------|-------|--------|-----------
         Aggregated                                                                    110296     0(0.00%) |    150       8    3025    150 |  443.70        0.00

Type     Name                                                                          # reqs      # fails |    Avg     Min     Max    Med |   req/s  failures/s
--------|----------------------------------------------------------------------------|-------|-------------|-------|-------|-------|-------|--------|-----------
POST     POST /notifications [EMAIL]                                                   111103     0(0.00%) |    150       8    3025    150 |  442.30        0.00
--------|----------------------------------------------------------------------------|-------|-------------|-------|-------|-------|-------|--------|-----------
         Aggregated                                                                    111103     0(0.00%) |    150       8    3025    150 |  442.30        0.00

Type     Name                                                                          # reqs      # fails |    Avg     Min     Max    Med |   req/s  failures/s
--------|----------------------------------------------------------------------------|-------|-------------|-------|-------|-------|-------|--------|-----------
POST     POST /notifications [EMAIL]                                                   111743     0(0.00%) |    150       8    3025    150 |  442.20        0.00
--------|----------------------------------------------------------------------------|-------|-------------|-------|-------|-------|-------|--------|-----------
         Aggregated                                                                    111743     0(0.00%) |    150       8    3025    150 |  442.20        0.00

Type     Name                                                                          # reqs      # fails |    Avg     Min     Max    Med |   req/s  failures/s
--------|----------------------------------------------------------------------------|-------|-------------|-------|-------|-------|-------|--------|-----------
POST     POST /notifications [EMAIL]                                                   112599     0(0.00%) |    151       8    3025    150 |  416.60        0.00
--------|----------------------------------------------------------------------------|-------|-------------|-------|-------|-------|-------|--------|-----------
         Aggregated                                                                    112599     0(0.00%) |    151       8    3025    150 |  416.60        0.00

Type     Name                                                                          # reqs      # fails |    Avg     Min     Max    Med |   req/s  failures/s
--------|----------------------------------------------------------------------------|-------|-------------|-------|-------|-------|-------|--------|-----------
POST     POST /notifications [EMAIL]                                                   113520     0(0.00%) |    150       8    3025    150 |  400.70        0.00
--------|----------------------------------------------------------------------------|-------|-------------|-------|-------|-------|-------|--------|-----------
         Aggregated                                                                    113520     0(0.00%) |    150       8    3025    150 |  400.70        0.00

Type     Name                                                                          # reqs      # fails |    Avg     Min     Max    Med |   req/s  failures/s
--------|----------------------------------------------------------------------------|-------|-------------|-------|-------|-------|-------|--------|-----------
POST     POST /notifications [EMAIL]                                                   114427     0(0.00%) |    150       8    3025    150 |  405.70        0.00
--------|----------------------------------------------------------------------------|-------|-------------|-------|-------|-------|-------|--------|-----------
         Aggregated                                                                    114427     0(0.00%) |    150       8    3025    150 |  405.70        0.00

Type     Name                                                                          # reqs      # fails |    Avg     Min     Max    Med |   req/s  failures/s
--------|----------------------------------------------------------------------------|-------|-------------|-------|-------|-------|-------|--------|-----------
POST     POST /notifications [EMAIL]                                                   115327     0(0.00%) |    150       8    3025    150 |  408.80        0.00
--------|----------------------------------------------------------------------------|-------|-------------|-------|-------|-------|-------|--------|-----------
         Aggregated                                                                    115327     0(0.00%) |    150       8    3025    150 |  408.80        0.00

Type     Name                                                                          # reqs      # fails |    Avg     Min     Max    Med |   req/s  failures/s
--------|----------------------------------------------------------------------------|-------|-------------|-------|-------|-------|-------|--------|-----------
POST     POST /notifications [EMAIL]                                                   116168     0(0.00%) |    150       8    3025    150 |  406.90        0.00
--------|----------------------------------------------------------------------------|-------|-------------|-------|-------|-------|-------|--------|-----------
         Aggregated                                                                    116168     0(0.00%) |    150       8    3025    150 |  406.90        0.00

Type     Name                                                                          # reqs      # fails |    Avg     Min     Max    Med |   req/s  failures/s
--------|----------------------------------------------------------------------------|-------|-------------|-------|-------|-------|-------|--------|-----------
POST     POST /notifications [EMAIL]                                                   117057     0(0.00%) |    150       8    3025    150 |  432.50        0.00
--------|----------------------------------------------------------------------------|-------|-------------|-------|-------|-------|-------|--------|-----------
         Aggregated                                                                    117057     0(0.00%) |    150       8    3025    150 |  432.50        0.00

Type     Name                                                                          # reqs      # fails |    Avg     Min     Max    Med |   req/s  failures/s
--------|----------------------------------------------------------------------------|-------|-------------|-------|-------|-------|-------|--------|-----------
POST     POST /notifications [EMAIL]                                                   117961     0(0.00%) |    150       8    3025    150 |  445.90        0.00
--------|----------------------------------------------------------------------------|-------|-------------|-------|-------|-------|-------|--------|-----------
         Aggregated                                                                    117961     0(0.00%) |    150       8    3025    150 |  445.90        0.00

Type     Name                                                                          # reqs      # fails |    Avg     Min     Max    Med |   req/s  failures/s
--------|----------------------------------------------------------------------------|-------|-------------|-------|-------|-------|-------|--------|-----------
POST     POST /notifications [EMAIL]                                                   118861     0(0.00%) |    150       8    3025    150 |  444.30        0.00
--------|----------------------------------------------------------------------------|-------|-------------|-------|-------|-------|-------|--------|-----------
         Aggregated                                                                    118861     0(0.00%) |    150       8    3025    150 |  444.30        0.00

Type     Name                                                                          # reqs      # fails |    Avg     Min     Max    Med |   req/s  failures/s
--------|----------------------------------------------------------------------------|-------|-------------|-------|-------|-------|-------|--------|-----------
POST     POST /notifications [EMAIL]                                                   119750     0(0.00%) |    150       8    3025    150 |  443.60        0.00
--------|----------------------------------------------------------------------------|-------|-------------|-------|-------|-------|-------|--------|-----------
         Aggregated                                                                    119750     0(0.00%) |    150       8    3025    150 |  443.60        0.00

Type     Name                                                                          # reqs      # fails |    Avg     Min     Max    Med |   req/s  failures/s
--------|----------------------------------------------------------------------------|-------|-------------|-------|-------|-------|-------|--------|-----------
POST     POST /notifications [EMAIL]                                                   120610     0(0.00%) |    150       8    3025    150 |  441.50        0.00
--------|----------------------------------------------------------------------------|-------|-------------|-------|-------|-------|-------|--------|-----------
         Aggregated                                                                    120610     0(0.00%) |    150       8    3025    150 |  441.50        0.00

Type     Name                                                                          # reqs      # fails |    Avg     Min     Max    Med |   req/s  failures/s
--------|----------------------------------------------------------------------------|-------|-------------|-------|-------|-------|-------|--------|-----------
POST     POST /notifications [EMAIL]                                                   121511     0(0.00%) |    150       8    3025    150 |  441.00        0.00
--------|----------------------------------------------------------------------------|-------|-------------|-------|-------|-------|-------|--------|-----------
         Aggregated                                                                    121511     0(0.00%) |    150       8    3025    150 |  441.00        0.00

Type     Name                                                                          # reqs      # fails |    Avg     Min     Max    Med |   req/s  failures/s
--------|----------------------------------------------------------------------------|-------|-------------|-------|-------|-------|-------|--------|-----------
POST     POST /notifications [EMAIL]                                                   122416     0(0.00%) |    150       8    3025    150 |  445.10        0.00
--------|----------------------------------------------------------------------------|-------|-------------|-------|-------|-------|-------|--------|-----------
         Aggregated                                                                    122416     0(0.00%) |    150       8    3025    150 |  445.10        0.00

Type     Name                                                                          # reqs      # fails |    Avg     Min     Max    Med |   req/s  failures/s
--------|----------------------------------------------------------------------------|-------|-------------|-------|-------|-------|-------|--------|-----------
POST     POST /notifications [EMAIL]                                                   123346     0(0.00%) |    150       8    3025    150 |  444.50        0.00
--------|----------------------------------------------------------------------------|-------|-------------|-------|-------|-------|-------|--------|-----------
         Aggregated                                                                    123346     0(0.00%) |    150       8    3025    150 |  444.50        0.00

Type     Name                                                                          # reqs      # fails |    Avg     Min     Max    Med |   req/s  failures/s
--------|----------------------------------------------------------------------------|-------|-------------|-------|-------|-------|-------|--------|-----------
POST     POST /notifications [EMAIL]                                                   124261     0(0.00%) |    150       8    3025    150 |  445.90        0.00
--------|----------------------------------------------------------------------------|-------|-------------|-------|-------|-------|-------|--------|-----------
         Aggregated                                                                    124261     0(0.00%) |    150       8    3025    150 |  445.90        0.00

Type     Name                                                                          # reqs      # fails |    Avg     Min     Max    Med |   req/s  failures/s
--------|----------------------------------------------------------------------------|-------|-------------|-------|-------|-------|-------|--------|-----------
POST     POST /notifications [EMAIL]                                                   125169     0(0.00%) |    150       8    3025    150 |  451.90        0.00
--------|----------------------------------------------------------------------------|-------|-------------|-------|-------|-------|-------|--------|-----------
         Aggregated                                                                    125169     0(0.00%) |    150       8    3025    150 |  451.90        0.00

Type     Name                                                                          # reqs      # fails |    Avg     Min     Max    Med |   req/s  failures/s
--------|----------------------------------------------------------------------------|-------|-------------|-------|-------|-------|-------|--------|-----------
POST     POST /notifications [EMAIL]                                                   126101     0(0.00%) |    150       8    3025    150 |  454.20        0.00
--------|----------------------------------------------------------------------------|-------|-------------|-------|-------|-------|-------|--------|-----------
         Aggregated                                                                    126101     0(0.00%) |    150       8    3025    150 |  454.20        0.00

Type     Name                                                                          # reqs      # fails |    Avg     Min     Max    Med |   req/s  failures/s
--------|----------------------------------------------------------------------------|-------|-------------|-------|-------|-------|-------|--------|-----------
POST     POST /notifications [EMAIL]                                                   127019     0(0.00%) |    150       8    3025    150 |  457.30        0.00
--------|----------------------------------------------------------------------------|-------|-------------|-------|-------|-------|-------|--------|-----------
         Aggregated                                                                    127019     0(0.00%) |    150       8    3025    150 |  457.30        0.00

Type     Name                                                                          # reqs      # fails |    Avg     Min     Max    Med |   req/s  failures/s
--------|----------------------------------------------------------------------------|-------|-------------|-------|-------|-------|-------|--------|-----------
POST     POST /notifications [EMAIL]                                                   127941     0(0.00%) |    150       8    3025    150 |  459.40        0.00
--------|----------------------------------------------------------------------------|-------|-------------|-------|-------|-------|-------|--------|-----------
         Aggregated                                                                    127941     0(0.00%) |    150       8    3025    150 |  459.40        0.00

Type     Name                                                                          # reqs      # fails |    Avg     Min     Max    Med |   req/s  failures/s
--------|----------------------------------------------------------------------------|-------|-------------|-------|-------|-------|-------|--------|-----------
POST     POST /notifications [EMAIL]                                                   128833     0(0.00%) |    150       8    3025    150 |  459.00        0.00
--------|----------------------------------------------------------------------------|-------|-------------|-------|-------|-------|-------|--------|-----------
         Aggregated                                                                    128833     0(0.00%) |    150       8    3025    150 |  459.00        0.00

Type     Name                                                                          # reqs      # fails |    Avg     Min     Max    Med |   req/s  failures/s
--------|----------------------------------------------------------------------------|-------|-------------|-------|-------|-------|-------|--------|-----------
POST     POST /notifications [EMAIL]                                                   129723     0(0.00%) |    150       8    3025    150 |  454.90        0.00
--------|----------------------------------------------------------------------------|-------|-------------|-------|-------|-------|-------|--------|-----------
         Aggregated                                                                    129723     0(0.00%) |    150       8    3025    150 |  454.90        0.00

Type     Name                                                                          # reqs      # fails |    Avg     Min     Max    Med |   req/s  failures/s
--------|----------------------------------------------------------------------------|-------|-------------|-------|-------|-------|-------|--------|-----------
POST     POST /notifications [EMAIL]                                                   130626     0(0.00%) |    150       8    3025    150 |  457.20        0.00
--------|----------------------------------------------------------------------------|-------|-------------|-------|-------|-------|-------|--------|-----------
         Aggregated                                                                    130626     0(0.00%) |    150       8    3025    150 |  457.20        0.00

[2026-04-21 06:31:44,818] ip-10-0-1-128/INFO/locust.runners: Shape test stopping
[2026-04-21 06:31:44,886] ip-10-0-1-128/INFO/locust.main: --run-time limit reached, shutting down
[2026-04-21 06:31:44,886] ip-10-0-1-128/INFO/locust.main: Shutting down (exit code 0)
Type     Name                                                                          # reqs      # fails |    Avg     Min     Max    Med |   req/s  failures/s
--------|----------------------------------------------------------------------------|-------|-------------|-------|-------|-------|-------|--------|-----------
POST     POST /notifications [EMAIL]                                                   130788     0(0.00%) |    150       8    3025    150 |  434.70        0.00
--------|----------------------------------------------------------------------------|-------|-------------|-------|-------|-------|-------|--------|-----------
         Aggregated                                                                    130788     0(0.00%) |    150       8    3025    150 |  434.70        0.00

Response time percentiles (approximated)
Type     Name                                                                                  50%    66%    75%    80%    90%    95%    98%    99%  99.9% 99.99%   100% # reqs
--------|--------------------------------------------------------------------------------|--------|------|------|------|------|------|------|------|------|------|------|------
POST     POST /notifications [EMAIL]                                                           150    160    170    180    200    260    300    380   1100   2800   3000 130788
--------|--------------------------------------------------------------------------------|--------|------|------|------|------|------|------|------|------|------|------|------
         Aggregated                                                                            150    160    170    180    200    260    300    380   1100   2800   3000 130788

