[2026-04-21 14:01:28,995] Weihangs-Macbook/INFO/locust.main: Starting Locust 2.43.3
[2026-04-21 14:01:28,999] Weihangs-Macbook/INFO/locust.runners: Shape test starting.
Type     Name                                                                          # reqs      # fails |    Avg     Min     Max    Med |   req/s  failures/s
--------|----------------------------------------------------------------------------|-------|-------------|-------|-------|-------|-------|--------|-----------
--------|----------------------------------------------------------------------------|-------|-------------|-------|-------|-------|-------|--------|-----------
         Aggregated                                                                         0     0(0.00%) |      0       0       0      0 |    0.00        0.00

[2026-04-21 14:01:29,000] Weihangs-Macbook/INFO/locust.runners: Shape worker starting
[2026-04-21 14:01:29,000] Weihangs-Macbook/INFO/locust.runners: Shape test updating to 80 users at 10.00 spawn rate
[2026-04-21 14:01:29,001] Weihangs-Macbook/INFO/locust.runners: Ramping to 80 users at a rate of 10.00 per second
Type     Name                                                                          # reqs      # fails |    Avg     Min     Max    Med |   req/s  failures/s
--------|----------------------------------------------------------------------------|-------|-------------|-------|-------|-------|-------|--------|-----------
POST     POST /notifications [EMAIL]                                                       48     0(0.00%) |    526     303     819    440 |    0.00        0.00
--------|----------------------------------------------------------------------------|-------|-------------|-------|-------|-------|-------|--------|-----------
         Aggregated                                                                        48     0(0.00%) |    526     303     819    440 |    0.00        0.00

Type     Name                                                                          # reqs      # fails |    Avg     Min     Max    Med |   req/s  failures/s
--------|----------------------------------------------------------------------------|-------|-------------|-------|-------|-------|-------|--------|-----------
POST     POST /notifications [EMAIL]                                                      103     0(0.00%) |    636     301    1408    540 |   10.00        0.00
--------|----------------------------------------------------------------------------|-------|-------------|-------|-------|-------|-------|--------|-----------
         Aggregated                                                                       103     0(0.00%) |    636     301    1408    540 |   10.00        0.00

Type     Name                                                                          # reqs      # fails |    Avg     Min     Max    Med |   req/s  failures/s
--------|----------------------------------------------------------------------------|-------|-------------|-------|-------|-------|-------|--------|-----------
POST     POST /notifications [EMAIL]                                                      103     0(0.00%) |    636     301    1408    540 |   10.00        0.00
--------|----------------------------------------------------------------------------|-------|-------------|-------|-------|-------|-------|--------|-----------
         Aggregated                                                                       103     0(0.00%) |    636     301    1408    540 |   10.00        0.00

[2026-04-21 14:01:36,014] Weihangs-Macbook/INFO/locust.runners: All users spawned: {"NotificationUser": 80} (80 total users)
Type     Name                                                                          # reqs      # fails |    Avg     Min     Max    Med |   req/s  failures/s
--------|----------------------------------------------------------------------------|-------|-------------|-------|-------|-------|-------|--------|-----------
POST     POST /notifications [EMAIL]                                                      188     0(0.00%) |   1625     301    3846   1200 |   17.17        0.00
--------|----------------------------------------------------------------------------|-------|-------------|-------|-------|-------|-------|--------|-----------
         Aggregated                                                                       188     0(0.00%) |   1625     301    3846   1200 |   17.17        0.00

Type     Name                                                                          # reqs      # fails |    Avg     Min     Max    Med |   req/s  failures/s
--------|----------------------------------------------------------------------------|-------|-------------|-------|-------|-------|-------|--------|-----------
POST     POST /notifications [EMAIL]                                                      451     0(0.00%) |   1059     301    6493    580 |   23.00        0.00
--------|----------------------------------------------------------------------------|-------|-------------|-------|-------|-------|-------|--------|-----------
         Aggregated                                                                       451     0(0.00%) |   1059     301    6493    580 |   23.00        0.00

Type     Name                                                                          # reqs      # fails |    Avg     Min     Max    Med |   req/s  failures/s
--------|----------------------------------------------------------------------------|-------|-------------|-------|-------|-------|-------|--------|-----------
POST     POST /notifications [EMAIL]                                                      766     0(0.00%) |    838     301    6493    560 |   44.60        0.00
--------|----------------------------------------------------------------------------|-------|-------------|-------|-------|-------|-------|--------|-----------
         Aggregated                                                                       766     0(0.00%) |    838     301    6493    560 |   44.60        0.00

Type     Name                                                                          # reqs      # fails |    Avg     Min     Max    Med |   req/s  failures/s
--------|----------------------------------------------------------------------------|-------|-------------|-------|-------|-------|-------|--------|-----------
POST     POST /notifications [EMAIL]                                                     1014     0(0.00%) |    787     301    6493    540 |   56.60        0.00
--------|----------------------------------------------------------------------------|-------|-------------|-------|-------|-------|-------|--------|-----------
         Aggregated                                                                      1014     0(0.00%) |    787     301    6493    540 |   56.60        0.00

Type     Name                                                                          # reqs      # fails |    Avg     Min     Max    Med |   req/s  failures/s
--------|----------------------------------------------------------------------------|-------|-------------|-------|-------|-------|-------|--------|-----------
POST     POST /notifications [EMAIL]                                                     1379     0(0.00%) |    680     300    6493    460 |   91.10        0.00
--------|----------------------------------------------------------------------------|-------|-------------|-------|-------|-------|-------|--------|-----------
         Aggregated                                                                      1379     0(0.00%) |    680     300    6493    460 |   91.10        0.00

Type     Name                                                                          # reqs      # fails |    Avg     Min     Max    Med |   req/s  failures/s
--------|----------------------------------------------------------------------------|-------|-------------|-------|-------|-------|-------|--------|-----------
POST     POST /notifications [EMAIL]                                                     1859     0(0.00%) |    587     288    6493    400 |  127.50        0.00
--------|----------------------------------------------------------------------------|-------|-------------|-------|-------|-------|-------|--------|-----------
         Aggregated                                                                      1859     0(0.00%) |    587     288    6493    400 |  127.50        0.00

Type     Name                                                                          # reqs      # fails |    Avg     Min     Max    Med |   req/s  failures/s
--------|----------------------------------------------------------------------------|-------|-------------|-------|-------|-------|-------|--------|-----------
POST     POST /notifications [EMAIL]                                                     2334     0(0.00%) |    530     285    6493    360 |  167.20        0.00
--------|----------------------------------------------------------------------------|-------|-------------|-------|-------|-------|-------|--------|-----------
         Aggregated                                                                      2334     0(0.00%) |    530     285    6493    360 |  167.20        0.00

Type     Name                                                                          # reqs      # fails |    Avg     Min     Max    Med |   req/s  failures/s
--------|----------------------------------------------------------------------------|-------|-------------|-------|-------|-------|-------|--------|-----------
POST     POST /notifications [EMAIL]                                                     2805     0(0.00%) |    493     282    6493    330 |  188.10        0.00
--------|----------------------------------------------------------------------------|-------|-------------|-------|-------|-------|-------|--------|-----------
         Aggregated                                                                      2805     0(0.00%) |    493     282    6493    330 |  188.10        0.00

Type     Name                                                                          # reqs      # fails |    Avg     Min     Max    Med |   req/s  failures/s
--------|----------------------------------------------------------------------------|-------|-------------|-------|-------|-------|-------|--------|-----------
POST     POST /notifications [EMAIL]                                                     3280     0(0.00%) |    466     282    6493    320 |  203.80        0.00
--------|----------------------------------------------------------------------------|-------|-------------|-------|-------|-------|-------|--------|-----------
         Aggregated                                                                      3280     0(0.00%) |    466     282    6493    320 |  203.80        0.00

Type     Name                                                                          # reqs      # fails |    Avg     Min     Max    Med |   req/s  failures/s
--------|----------------------------------------------------------------------------|-------|-------------|-------|-------|-------|-------|--------|-----------
POST     POST /notifications [EMAIL]                                                     3668     0(0.00%) |    455     282    6493    320 |  225.20        0.00
--------|----------------------------------------------------------------------------|-------|-------------|-------|-------|-------|-------|--------|-----------
         Aggregated                                                                      3668     0(0.00%) |    455     282    6493    320 |  225.20        0.00

Type     Name                                                                          # reqs      # fails |    Avg     Min     Max    Med |   req/s  failures/s
--------|----------------------------------------------------------------------------|-------|-------------|-------|-------|-------|-------|--------|-----------
POST     POST /notifications [EMAIL]                                                     4054     0(0.00%) |    446     282    6493    330 |  229.30        0.00
--------|----------------------------------------------------------------------------|-------|-------------|-------|-------|-------|-------|--------|-----------
         Aggregated                                                                      4054     0(0.00%) |    446     282    6493    330 |  229.30        0.00

Type     Name                                                                          # reqs      # fails |    Avg     Min     Max    Med |   req/s  failures/s
--------|----------------------------------------------------------------------------|-------|-------------|-------|-------|-------|-------|--------|-----------
POST     POST /notifications [EMAIL]                                                     4214     0(0.00%) |    463     282    6493    330 |  227.40        0.00
--------|----------------------------------------------------------------------------|-------|-------------|-------|-------|-------|-------|--------|-----------
         Aggregated                                                                      4214     0(0.00%) |    463     282    6493    330 |  227.40        0.00

Type     Name                                                                          # reqs      # fails |    Avg     Min     Max    Med |   req/s  failures/s
--------|----------------------------------------------------------------------------|-------|-------------|-------|-------|-------|-------|--------|-----------
POST     POST /notifications [EMAIL]                                                     4616     0(0.00%) |    462     282    6493    340 |  188.70        0.00
--------|----------------------------------------------------------------------------|-------|-------------|-------|-------|-------|-------|--------|-----------
         Aggregated                                                                      4616     0(0.00%) |    462     282    6493    340 |  188.70        0.00

Type     Name                                                                          # reqs      # fails |    Avg     Min     Max    Med |   req/s  failures/s
--------|----------------------------------------------------------------------------|-------|-------------|-------|-------|-------|-------|--------|-----------
POST     POST /notifications [EMAIL]                                                     4959     0(0.00%) |    459     282    6493    350 |  180.40        0.00
--------|----------------------------------------------------------------------------|-------|-------------|-------|-------|-------|-------|--------|-----------
         Aggregated                                                                      4959     0(0.00%) |    459     282    6493    350 |  180.40        0.00

Type     Name                                                                          # reqs      # fails |    Avg     Min     Max    Med |   req/s  failures/s
--------|----------------------------------------------------------------------------|-------|-------------|-------|-------|-------|-------|--------|-----------
POST     POST /notifications [EMAIL]                                                     5357     0(0.00%) |    452     282    6493    350 |  167.80        0.00
--------|----------------------------------------------------------------------------|-------|-------------|-------|-------|-------|-------|--------|-----------
         Aggregated                                                                      5357     0(0.00%) |    452     282    6493    350 |  167.80        0.00

Type     Name                                                                          # reqs      # fails |    Avg     Min     Max    Med |   req/s  failures/s
--------|----------------------------------------------------------------------------|-------|-------------|-------|-------|-------|-------|--------|-----------
POST     POST /notifications [EMAIL]                                                     5773     0(0.00%) |    445     282    6493    350 |  169.70        0.00
--------|----------------------------------------------------------------------------|-------|-------------|-------|-------|-------|-------|--------|-----------
         Aggregated                                                                      5773     0(0.00%) |    445     282    6493    350 |  169.70        0.00

Type     Name                                                                          # reqs      # fails |    Avg     Min     Max    Med |   req/s  failures/s
--------|----------------------------------------------------------------------------|-------|-------------|-------|-------|-------|-------|--------|-----------
POST     POST /notifications [EMAIL]                                                     6157     0(0.00%) |    439     282    6493    340 |  171.80        0.00
--------|----------------------------------------------------------------------------|-------|-------------|-------|-------|-------|-------|--------|-----------
         Aggregated                                                                      6157     0(0.00%) |    439     282    6493    340 |  171.80        0.00

Type     Name                                                                          # reqs      # fails |    Avg     Min     Max    Med |   req/s  failures/s
--------|----------------------------------------------------------------------------|-------|-------------|-------|-------|-------|-------|--------|-----------
POST     POST /notifications [EMAIL]                                                     6557     0(0.00%) |    436     282    6493    350 |  182.90        0.00
--------|----------------------------------------------------------------------------|-------|-------------|-------|-------|-------|-------|--------|-----------
         Aggregated                                                                      6557     0(0.00%) |    436     282    6493    350 |  182.90        0.00

Type     Name                                                                          # reqs      # fails |    Avg     Min     Max    Med |   req/s  failures/s
--------|----------------------------------------------------------------------------|-------|-------------|-------|-------|-------|-------|--------|-----------
POST     POST /notifications [EMAIL]                                                     6972     0(0.00%) |    432     282    6493    350 |  197.40        0.00
--------|----------------------------------------------------------------------------|-------|-------------|-------|-------|-------|-------|--------|-----------
         Aggregated                                                                      6972     0(0.00%) |    432     282    6493    350 |  197.40        0.00

Type     Name                                                                          # reqs      # fails |    Avg     Min     Max    Med |   req/s  failures/s
--------|----------------------------------------------------------------------------|-------|-------------|-------|-------|-------|-------|--------|-----------
POST     POST /notifications [EMAIL]                                                     7452     0(0.00%) |    424     282    6493    340 |  202.80        0.00
--------|----------------------------------------------------------------------------|-------|-------------|-------|-------|-------|-------|--------|-----------
         Aggregated                                                                      7452     0(0.00%) |    424     282    6493    340 |  202.80        0.00

Type     Name                                                                          # reqs      # fails |    Avg     Min     Max    Med |   req/s  failures/s
--------|----------------------------------------------------------------------------|-------|-------------|-------|-------|-------|-------|--------|-----------
POST     POST /notifications [EMAIL]                                                     7928     0(0.00%) |    417     282    6493    340 |  208.10        0.00
--------|----------------------------------------------------------------------------|-------|-------------|-------|-------|-------|-------|--------|-----------
         Aggregated                                                                      7928     0(0.00%) |    417     282    6493    340 |  208.10        0.00

Type     Name                                                                          # reqs      # fails |    Avg     Min     Max    Med |   req/s  failures/s
--------|----------------------------------------------------------------------------|-------|-------------|-------|-------|-------|-------|--------|-----------
POST     POST /notifications [EMAIL]                                                     8384     0(0.00%) |    411     280    6493    330 |  214.50        0.00
--------|----------------------------------------------------------------------------|-------|-------------|-------|-------|-------|-------|--------|-----------
         Aggregated                                                                      8384     0(0.00%) |    411     280    6493    330 |  214.50        0.00

Type     Name                                                                          # reqs      # fails |    Avg     Min     Max    Med |   req/s  failures/s
--------|----------------------------------------------------------------------------|-------|-------------|-------|-------|-------|-------|--------|-----------
POST     POST /notifications [EMAIL]                                                     8864     0(0.00%) |    406     280    6493    330 |  221.10        0.00
--------|----------------------------------------------------------------------------|-------|-------------|-------|-------|-------|-------|--------|-----------
         Aggregated                                                                      8864     0(0.00%) |    406     280    6493    330 |  221.10        0.00

Type     Name                                                                          # reqs      # fails |    Avg     Min     Max    Med |   req/s  failures/s
--------|----------------------------------------------------------------------------|-------|-------------|-------|-------|-------|-------|--------|-----------
POST     POST /notifications [EMAIL]                                                     9307     0(0.00%) |    402     280    6493    330 |  228.50        0.00
--------|----------------------------------------------------------------------------|-------|-------------|-------|-------|-------|-------|--------|-----------
         Aggregated                                                                      9307     0(0.00%) |    402     280    6493    330 |  228.50        0.00

Type     Name                                                                          # reqs      # fails |    Avg     Min     Max    Med |   req/s  failures/s
--------|----------------------------------------------------------------------------|-------|-------------|-------|-------|-------|-------|--------|-----------
POST     POST /notifications [EMAIL]                                                     9775     0(0.00%) |    398     280    6493    330 |  230.50        0.00
--------|----------------------------------------------------------------------------|-------|-------------|-------|-------|-------|-------|--------|-----------
         Aggregated                                                                      9775     0(0.00%) |    398     280    6493    330 |  230.50        0.00

Type     Name                                                                          # reqs      # fails |    Avg     Min     Max    Med |   req/s  failures/s
--------|----------------------------------------------------------------------------|-------|-------------|-------|-------|-------|-------|--------|-----------
POST     POST /notifications [EMAIL]                                                    10157     0(0.00%) |    398     280    6493    330 |  232.40        0.00
--------|----------------------------------------------------------------------------|-------|-------------|-------|-------|-------|-------|--------|-----------
         Aggregated                                                                     10157     0(0.00%) |    398     280    6493    330 |  232.40        0.00

Type     Name                                                                          # reqs      # fails |    Avg     Min     Max    Med |   req/s  failures/s
--------|----------------------------------------------------------------------------|-------|-------------|-------|-------|-------|-------|--------|-----------
POST     POST /notifications [EMAIL]                                                    10635     0(0.00%) |    394     280    6493    320 |  222.50        0.00
--------|----------------------------------------------------------------------------|-------|-------------|-------|-------|-------|-------|--------|-----------
         Aggregated                                                                     10635     0(0.00%) |    394     280    6493    320 |  222.50        0.00

Type     Name                                                                          # reqs      # fails |    Avg     Min     Max    Med |   req/s  failures/s
--------|----------------------------------------------------------------------------|-------|-------------|-------|-------|-------|-------|--------|-----------
POST     POST /notifications [EMAIL]                                                    11042     0(0.00%) |    392     280    6493    320 |  223.20        0.00
--------|----------------------------------------------------------------------------|-------|-------------|-------|-------|-------|-------|--------|-----------
         Aggregated                                                                     11042     0(0.00%) |    392     280    6493    320 |  223.20        0.00

Type     Name                                                                          # reqs      # fails |    Avg     Min     Max    Med |   req/s  failures/s
--------|----------------------------------------------------------------------------|-------|-------------|-------|-------|-------|-------|--------|-----------
POST     POST /notifications [EMAIL]                                                    11506     0(0.00%) |    389     280    6493    320 |  218.70        0.00
--------|----------------------------------------------------------------------------|-------|-------------|-------|-------|-------|-------|--------|-----------
         Aggregated                                                                     11506     0(0.00%) |    389     280    6493    320 |  218.70        0.00

Type     Name                                                                          # reqs      # fails |    Avg     Min     Max    Med |   req/s  failures/s
--------|----------------------------------------------------------------------------|-------|-------------|-------|-------|-------|-------|--------|-----------
POST     POST /notifications [EMAIL]                                                    11710     0(0.00%) |    388     280    6493    320 |  218.30        0.00
--------|----------------------------------------------------------------------------|-------|-------------|-------|-------|-------|-------|--------|-----------
         Aggregated                                                                     11710     0(0.00%) |    388     280    6493    320 |  218.30        0.00

Type     Name                                                                          # reqs      # fails |    Avg     Min     Max    Med |   req/s  failures/s
--------|----------------------------------------------------------------------------|-------|-------------|-------|-------|-------|-------|--------|-----------
POST     POST /notifications [EMAIL]                                                    11790     0(0.00%) |    402     280    6493    320 |  217.30        0.00
--------|----------------------------------------------------------------------------|-------|-------------|-------|-------|-------|-------|--------|-----------
         Aggregated                                                                     11790     0(0.00%) |    402     280    6493    320 |  217.30        0.00

Type     Name                                                                          # reqs      # fails |    Avg     Min     Max    Med |   req/s  failures/s
--------|----------------------------------------------------------------------------|-------|-------------|-------|-------|-------|-------|--------|-----------
POST     POST /notifications [EMAIL]                                                    12001     0(0.00%) |    411     280    6493    320 |  164.80        0.00
--------|----------------------------------------------------------------------------|-------|-------------|-------|-------|-------|-------|--------|-----------
         Aggregated                                                                     12001     0(0.00%) |    411     280    6493    320 |  164.80        0.00

Type     Name                                                                          # reqs      # fails |    Avg     Min     Max    Med |   req/s  failures/s
--------|----------------------------------------------------------------------------|-------|-------------|-------|-------|-------|-------|--------|-----------
POST     POST /notifications [EMAIL]                                                    12361     0(0.00%) |    412     280    6493    330 |  139.30        0.00
--------|----------------------------------------------------------------------------|-------|-------------|-------|-------|-------|-------|--------|-----------
         Aggregated                                                                     12361     0(0.00%) |    412     280    6493    330 |  139.30        0.00

Type     Name                                                                          # reqs      # fails |    Avg     Min     Max    Med |   req/s  failures/s
--------|----------------------------------------------------------------------------|-------|-------------|-------|-------|-------|-------|--------|-----------
POST     POST /notifications [EMAIL]                                                    12769     0(0.00%) |    410     280    6493    330 |  131.00        0.00
--------|----------------------------------------------------------------------------|-------|-------------|-------|-------|-------|-------|--------|-----------
         Aggregated                                                                     12769     0(0.00%) |    410     280    6493    330 |  131.00        0.00

Type     Name                                                                          # reqs      # fails |    Avg     Min     Max    Med |   req/s  failures/s
--------|----------------------------------------------------------------------------|-------|-------------|-------|-------|-------|-------|--------|-----------
POST     POST /notifications [EMAIL]                                                    13125     0(0.00%) |    410     280    6493    330 |  125.40        0.00
--------|----------------------------------------------------------------------------|-------|-------------|-------|-------|-------|-------|--------|-----------
         Aggregated                                                                     13125     0(0.00%) |    410     280    6493    330 |  125.40        0.00

Type     Name                                                                          # reqs      # fails |    Avg     Min     Max    Med |   req/s  failures/s
--------|----------------------------------------------------------------------------|-------|-------------|-------|-------|-------|-------|--------|-----------
POST     POST /notifications [EMAIL]                                                    13553     0(0.00%) |    408     280    6493    330 |  139.00        0.00
--------|----------------------------------------------------------------------------|-------|-------------|-------|-------|-------|-------|--------|-----------
         Aggregated                                                                     13553     0(0.00%) |    408     280    6493    330 |  139.00        0.00

Type     Name                                                                          # reqs      # fails |    Avg     Min     Max    Med |   req/s  failures/s
--------|----------------------------------------------------------------------------|-------|-------------|-------|-------|-------|-------|--------|-----------
POST     POST /notifications [EMAIL]                                                    13829     0(0.00%) |    410     280    6493    330 |  173.20        0.00
--------|----------------------------------------------------------------------------|-------|-------------|-------|-------|-------|-------|--------|-----------
         Aggregated                                                                     13829     0(0.00%) |    410     280    6493    330 |  173.20        0.00

Type     Name                                                                          # reqs      # fails |    Avg     Min     Max    Med |   req/s  failures/s
--------|----------------------------------------------------------------------------|-------|-------------|-------|-------|-------|-------|--------|-----------
POST     POST /notifications [EMAIL]                                                    14231     0(0.00%) |    410     280    6493    330 |  178.30        0.00
--------|----------------------------------------------------------------------------|-------|-------------|-------|-------|-------|-------|--------|-----------
         Aggregated                                                                     14231     0(0.00%) |    410     280    6493    330 |  178.30        0.00

Type     Name                                                                          # reqs      # fails |    Avg     Min     Max    Med |   req/s  failures/s
--------|----------------------------------------------------------------------------|-------|-------------|-------|-------|-------|-------|--------|-----------
POST     POST /notifications [EMAIL]                                                    14589     0(0.00%) |    410     280    6493    330 |  185.90        0.00
--------|----------------------------------------------------------------------------|-------|-------------|-------|-------|-------|-------|--------|-----------
         Aggregated                                                                     14589     0(0.00%) |    410     280    6493    330 |  185.90        0.00

Type     Name                                                                          # reqs      # fails |    Avg     Min     Max    Med |   req/s  failures/s
--------|----------------------------------------------------------------------------|-------|-------------|-------|-------|-------|-------|--------|-----------
POST     POST /notifications [EMAIL]                                                    14939     0(0.00%) |    410     280    6493    330 |  180.70        0.00
--------|----------------------------------------------------------------------------|-------|-------------|-------|-------|-------|-------|--------|-----------
         Aggregated                                                                     14939     0(0.00%) |    410     280    6493    330 |  180.70        0.00

Type     Name                                                                          # reqs      # fails |    Avg     Min     Max    Med |   req/s  failures/s
--------|----------------------------------------------------------------------------|-------|-------------|-------|-------|-------|-------|--------|-----------
POST     POST /notifications [EMAIL]                                                    15380     0(0.00%) |    408     280    6493    330 |  180.70        0.00
--------|----------------------------------------------------------------------------|-------|-------------|-------|-------|-------|-------|--------|-----------
         Aggregated                                                                     15380     0(0.00%) |    408     280    6493    330 |  180.70        0.00

Type     Name                                                                          # reqs      # fails |    Avg     Min     Max    Med |   req/s  failures/s
--------|----------------------------------------------------------------------------|-------|-------------|-------|-------|-------|-------|--------|-----------
POST     POST /notifications [EMAIL]                                                    15816     0(0.00%) |    406     280    6493    330 |  182.40        0.00
--------|----------------------------------------------------------------------------|-------|-------------|-------|-------|-------|-------|--------|-----------
         Aggregated                                                                     15816     0(0.00%) |    406     280    6493    330 |  182.40        0.00

Type     Name                                                                          # reqs      # fails |    Avg     Min     Max    Med |   req/s  failures/s
--------|----------------------------------------------------------------------------|-------|-------------|-------|-------|-------|-------|--------|-----------
POST     POST /notifications [EMAIL]                                                    16221     0(0.00%) |    405     280    6493    330 |  200.80        0.00
--------|----------------------------------------------------------------------------|-------|-------------|-------|-------|-------|-------|--------|-----------
         Aggregated                                                                     16221     0(0.00%) |    405     280    6493    330 |  200.80        0.00

Type     Name                                                                          # reqs      # fails |    Avg     Min     Max    Med |   req/s  failures/s
--------|----------------------------------------------------------------------------|-------|-------------|-------|-------|-------|-------|--------|-----------
POST     POST /notifications [EMAIL]                                                    16601     0(0.00%) |    404     280    6493    330 |  201.40        0.00
--------|----------------------------------------------------------------------------|-------|-------------|-------|-------|-------|-------|--------|-----------
         Aggregated                                                                     16601     0(0.00%) |    404     280    6493    330 |  201.40        0.00

Type     Name                                                                          # reqs      # fails |    Avg     Min     Max    Med |   req/s  failures/s
--------|----------------------------------------------------------------------------|-------|-------------|-------|-------|-------|-------|--------|-----------
POST     POST /notifications [EMAIL]                                                    17065     0(0.00%) |    402     280    6493    330 |  203.80        0.00
--------|----------------------------------------------------------------------------|-------|-------------|-------|-------|-------|-------|--------|-----------
         Aggregated                                                                     17065     0(0.00%) |    402     280    6493    330 |  203.80        0.00

Type     Name                                                                          # reqs      # fails |    Avg     Min     Max    Med |   req/s  failures/s
--------|----------------------------------------------------------------------------|-------|-------------|-------|-------|-------|-------|--------|-----------
POST     POST /notifications [EMAIL]                                                    17410     0(0.00%) |    402     280    6493    330 |  206.20        0.00
--------|----------------------------------------------------------------------------|-------|-------------|-------|-------|-------|-------|--------|-----------
         Aggregated                                                                     17410     0(0.00%) |    402     280    6493    330 |  206.20        0.00

Type     Name                                                                          # reqs      # fails |    Avg     Min     Max    Med |   req/s  failures/s
--------|----------------------------------------------------------------------------|-------|-------------|-------|-------|-------|-------|--------|-----------
POST     POST /notifications [EMAIL]                                                    17882     0(0.00%) |    400     280    6493    330 |  206.40        0.00
--------|----------------------------------------------------------------------------|-------|-------------|-------|-------|-------|-------|--------|-----------
         Aggregated                                                                     17882     0(0.00%) |    400     280    6493    330 |  206.40        0.00

Type     Name                                                                          # reqs      # fails |    Avg     Min     Max    Med |   req/s  failures/s
--------|----------------------------------------------------------------------------|-------|-------------|-------|-------|-------|-------|--------|-----------
POST     POST /notifications [EMAIL]                                                    18294     0(0.00%) |    400     280    6493    330 |  207.90        0.00
--------|----------------------------------------------------------------------------|-------|-------------|-------|-------|-------|-------|--------|-----------
         Aggregated                                                                     18294     0(0.00%) |    400     280    6493    330 |  207.90        0.00

Type     Name                                                                          # reqs      # fails |    Avg     Min     Max    Med |   req/s  failures/s
--------|----------------------------------------------------------------------------|-------|-------------|-------|-------|-------|-------|--------|-----------
POST     POST /notifications [EMAIL]                                                    18725     0(0.00%) |    398     280    6493    330 |  202.30        0.00
--------|----------------------------------------------------------------------------|-------|-------------|-------|-------|-------|-------|--------|-----------
         Aggregated                                                                     18725     0(0.00%) |    398     280    6493    330 |  202.30        0.00

Type     Name                                                                          # reqs      # fails |    Avg     Min     Max    Med |   req/s  failures/s
--------|----------------------------------------------------------------------------|-------|-------------|-------|-------|-------|-------|--------|-----------
POST     POST /notifications [EMAIL]                                                    19185     0(0.00%) |    396     280    6493    330 |  210.90        0.00
--------|----------------------------------------------------------------------------|-------|-------------|-------|-------|-------|-------|--------|-----------
         Aggregated                                                                     19185     0(0.00%) |    396     280    6493    330 |  210.90        0.00

Type     Name                                                                          # reqs      # fails |    Avg     Min     Max    Med |   req/s  failures/s
--------|----------------------------------------------------------------------------|-------|-------------|-------|-------|-------|-------|--------|-----------
POST     POST /notifications [EMAIL]                                                    19581     0(0.00%) |    395     280    6493    330 |  217.50        0.00
--------|----------------------------------------------------------------------------|-------|-------------|-------|-------|-------|-------|--------|-----------
         Aggregated                                                                     19581     0(0.00%) |    395     280    6493    330 |  217.50        0.00

Type     Name                                                                          # reqs      # fails |    Avg     Min     Max    Med |   req/s  failures/s
--------|----------------------------------------------------------------------------|-------|-------------|-------|-------|-------|-------|--------|-----------
POST     POST /notifications [EMAIL]                                                    19913     0(0.00%) |    396     280    6493    330 |  218.50        0.00
--------|----------------------------------------------------------------------------|-------|-------------|-------|-------|-------|-------|--------|-----------
         Aggregated                                                                     19913     0(0.00%) |    396     280    6493    330 |  218.50        0.00

Type     Name                                                                          # reqs      # fails |    Avg     Min     Max    Med |   req/s  failures/s
--------|----------------------------------------------------------------------------|-------|-------------|-------|-------|-------|-------|--------|-----------
POST     POST /notifications [EMAIL]                                                    20279     0(0.00%) |    396     280    6493    330 |  205.20        0.00
--------|----------------------------------------------------------------------------|-------|-------------|-------|-------|-------|-------|--------|-----------
         Aggregated                                                                     20279     0(0.00%) |    396     280    6493    330 |  205.20        0.00

Type     Name                                                                          # reqs      # fails |    Avg     Min     Max    Med |   req/s  failures/s
--------|----------------------------------------------------------------------------|-------|-------------|-------|-------|-------|-------|--------|-----------
POST     POST /notifications [EMAIL]                                                    20697     0(0.00%) |    396     280    6493    330 |  201.90        0.00
--------|----------------------------------------------------------------------------|-------|-------------|-------|-------|-------|-------|--------|-----------
         Aggregated                                                                     20697     0(0.00%) |    396     280    6493    330 |  201.90        0.00

Type     Name                                                                          # reqs      # fails |    Avg     Min     Max    Med |   req/s  failures/s
--------|----------------------------------------------------------------------------|-------|-------------|-------|-------|-------|-------|--------|-----------
POST     POST /notifications [EMAIL]                                                    21128     0(0.00%) |    395     280    6493    330 |  199.40        0.00
--------|----------------------------------------------------------------------------|-------|-------------|-------|-------|-------|-------|--------|-----------
         Aggregated                                                                     21128     0(0.00%) |    395     280    6493    330 |  199.40        0.00

Type     Name                                                                          # reqs      # fails |    Avg     Min     Max    Med |   req/s  failures/s
--------|----------------------------------------------------------------------------|-------|-------------|-------|-------|-------|-------|--------|-----------
POST     POST /notifications [EMAIL]                                                    21534     0(0.00%) |    394     280    6493    330 |  193.00        0.00
--------|----------------------------------------------------------------------------|-------|-------------|-------|-------|-------|-------|--------|-----------
         Aggregated                                                                     21534     0(0.00%) |    394     280    6493    330 |  193.00        0.00

Type     Name                                                                          # reqs      # fails |    Avg     Min     Max    Med |   req/s  failures/s
--------|----------------------------------------------------------------------------|-------|-------------|-------|-------|-------|-------|--------|-----------
POST     POST /notifications [EMAIL]                                                    21931     0(0.00%) |    393     280    6493    330 |  194.30        0.00
--------|----------------------------------------------------------------------------|-------|-------------|-------|-------|-------|-------|--------|-----------
         Aggregated                                                                     21931     0(0.00%) |    393     280    6493    330 |  194.30        0.00

Type     Name                                                                          # reqs      # fails |    Avg     Min     Max    Med |   req/s  failures/s
--------|----------------------------------------------------------------------------|-------|-------------|-------|-------|-------|-------|--------|-----------
POST     POST /notifications [EMAIL]                                                    22378     0(0.00%) |    393     280    6493    330 |  198.60        0.00
--------|----------------------------------------------------------------------------|-------|-------------|-------|-------|-------|-------|--------|-----------
         Aggregated                                                                     22378     0(0.00%) |    393     280    6493    330 |  198.60        0.00

Type     Name                                                                          # reqs      # fails |    Avg     Min     Max    Med |   req/s  failures/s
--------|----------------------------------------------------------------------------|-------|-------------|-------|-------|-------|-------|--------|-----------
POST     POST /notifications [EMAIL]                                                    22824     0(0.00%) |    391     280    6493    330 |  208.20        0.00
--------|----------------------------------------------------------------------------|-------|-------------|-------|-------|-------|-------|--------|-----------
         Aggregated                                                                     22824     0(0.00%) |    391     280    6493    330 |  208.20        0.00

Type     Name                                                                          # reqs      # fails |    Avg     Min     Max    Med |   req/s  failures/s
--------|----------------------------------------------------------------------------|-------|-------------|-------|-------|-------|-------|--------|-----------
POST     POST /notifications [EMAIL]                                                    23235     0(0.00%) |    390     280    6493    330 |  210.40        0.00
--------|----------------------------------------------------------------------------|-------|-------------|-------|-------|-------|-------|--------|-----------
         Aggregated                                                                     23235     0(0.00%) |    390     280    6493    330 |  210.40        0.00

Type     Name                                                                          # reqs      # fails |    Avg     Min     Max    Med |   req/s  failures/s
--------|----------------------------------------------------------------------------|-------|-------------|-------|-------|-------|-------|--------|-----------
POST     POST /notifications [EMAIL]                                                    23663     0(0.00%) |    389     280    6493    330 |  212.10        0.00
--------|----------------------------------------------------------------------------|-------|-------------|-------|-------|-------|-------|--------|-----------
         Aggregated                                                                     23663     0(0.00%) |    389     280    6493    330 |  212.10        0.00

Type     Name                                                                          # reqs      # fails |    Avg     Min     Max    Med |   req/s  failures/s
--------|----------------------------------------------------------------------------|-------|-------------|-------|-------|-------|-------|--------|-----------
POST     POST /notifications [EMAIL]                                                    24130     0(0.00%) |    388     280    6493    330 |  212.70        0.00
--------|----------------------------------------------------------------------------|-------|-------------|-------|-------|-------|-------|--------|-----------
         Aggregated                                                                     24130     0(0.00%) |    388     280    6493    330 |  212.70        0.00

Type     Name                                                                          # reqs      # fails |    Avg     Min     Max    Med |   req/s  failures/s
--------|----------------------------------------------------------------------------|-------|-------------|-------|-------|-------|-------|--------|-----------
POST     POST /notifications [EMAIL]                                                    24558     0(0.00%) |    387     280    6493    330 |  217.30        0.00
--------|----------------------------------------------------------------------------|-------|-------------|-------|-------|-------|-------|--------|-----------
         Aggregated                                                                     24558     0(0.00%) |    387     280    6493    330 |  217.30        0.00

Type     Name                                                                          # reqs      # fails |    Avg     Min     Max    Med |   req/s  failures/s
--------|----------------------------------------------------------------------------|-------|-------------|-------|-------|-------|-------|--------|-----------
POST     POST /notifications [EMAIL]                                                    25032     0(0.00%) |    386     280    6493    330 |  217.40        0.00
--------|----------------------------------------------------------------------------|-------|-------------|-------|-------|-------|-------|--------|-----------
         Aggregated                                                                     25032     0(0.00%) |    386     280    6493    330 |  217.40        0.00

Type     Name                                                                          # reqs      # fails |    Avg     Min     Max    Med |   req/s  failures/s
--------|----------------------------------------------------------------------------|-------|-------------|-------|-------|-------|-------|--------|-----------
POST     POST /notifications [EMAIL]                                                    25419     0(0.00%) |    386     280    6493    330 |  218.50        0.00
--------|----------------------------------------------------------------------------|-------|-------------|-------|-------|-------|-------|--------|-----------
         Aggregated                                                                     25419     0(0.00%) |    386     280    6493    330 |  218.50        0.00

Type     Name                                                                          # reqs      # fails |    Avg     Min     Max    Med |   req/s  failures/s
--------|----------------------------------------------------------------------------|-------|-------------|-------|-------|-------|-------|--------|-----------
POST     POST /notifications [EMAIL]                                                    25828     0(0.00%) |    386     280    6493    330 |  216.20        0.00
--------|----------------------------------------------------------------------------|-------|-------------|-------|-------|-------|-------|--------|-----------
         Aggregated                                                                     25828     0(0.00%) |    386     280    6493    330 |  216.20        0.00

Type     Name                                                                          # reqs      # fails |    Avg     Min     Max    Med |   req/s  failures/s
--------|----------------------------------------------------------------------------|-------|-------------|-------|-------|-------|-------|--------|-----------
POST     POST /notifications [EMAIL]                                                    26176     0(0.00%) |    386     280    6493    330 |  211.10        0.00
--------|----------------------------------------------------------------------------|-------|-------------|-------|-------|-------|-------|--------|-----------
         Aggregated                                                                     26176     0(0.00%) |    386     280    6493    330 |  211.10        0.00

Type     Name                                                                          # reqs      # fails |    Avg     Min     Max    Med |   req/s  failures/s
--------|----------------------------------------------------------------------------|-------|-------------|-------|-------|-------|-------|--------|-----------
POST     POST /notifications [EMAIL]                                                    26628     0(0.00%) |    385     280    6493    330 |  208.20        0.00
--------|----------------------------------------------------------------------------|-------|-------------|-------|-------|-------|-------|--------|-----------
         Aggregated                                                                     26628     0(0.00%) |    385     280    6493    330 |  208.20        0.00

Type     Name                                                                          # reqs      # fails |    Avg     Min     Max    Med |   req/s  failures/s
--------|----------------------------------------------------------------------------|-------|-------------|-------|-------|-------|-------|--------|-----------
POST     POST /notifications [EMAIL]                                                    26951     0(0.00%) |    386     280    6493    330 |  204.20        0.00
--------|----------------------------------------------------------------------------|-------|-------------|-------|-------|-------|-------|--------|-----------
         Aggregated                                                                     26951     0(0.00%) |    386     280    6493    330 |  204.20        0.00

Type     Name                                                                          # reqs      # fails |    Avg     Min     Max    Med |   req/s  failures/s
--------|----------------------------------------------------------------------------|-------|-------------|-------|-------|-------|-------|--------|-----------
POST     POST /notifications [EMAIL]                                                    27384     0(0.00%) |    385     280    6493    330 |  190.70        0.00
--------|----------------------------------------------------------------------------|-------|-------------|-------|-------|-------|-------|--------|-----------
         Aggregated                                                                     27384     0(0.00%) |    385     280    6493    330 |  190.70        0.00

Type     Name                                                                          # reqs      # fails |    Avg     Min     Max    Med |   req/s  failures/s
--------|----------------------------------------------------------------------------|-------|-------------|-------|-------|-------|-------|--------|-----------
POST     POST /notifications [EMAIL]                                                    27730     0(0.00%) |    386     280    6493    330 |  192.50        0.00
--------|----------------------------------------------------------------------------|-------|-------------|-------|-------|-------|-------|--------|-----------
         Aggregated                                                                     27730     0(0.00%) |    386     280    6493    330 |  192.50        0.00

Type     Name                                                                          # reqs      # fails |    Avg     Min     Max    Med |   req/s  failures/s
--------|----------------------------------------------------------------------------|-------|-------------|-------|-------|-------|-------|--------|-----------
POST     POST /notifications [EMAIL]                                                    28091     0(0.00%) |    386     280    6493    330 |  190.30        0.00
--------|----------------------------------------------------------------------------|-------|-------------|-------|-------|-------|-------|--------|-----------
         Aggregated                                                                     28091     0(0.00%) |    386     280    6493    330 |  190.30        0.00

Type     Name                                                                          # reqs      # fails |    Avg     Min     Max    Med |   req/s  failures/s
--------|----------------------------------------------------------------------------|-------|-------------|-------|-------|-------|-------|--------|-----------
POST     POST /notifications [EMAIL]                                                    28421     0(0.00%) |    387     280    6493    330 |  188.50        0.00
--------|----------------------------------------------------------------------------|-------|-------------|-------|-------|-------|-------|--------|-----------
         Aggregated                                                                     28421     0(0.00%) |    387     280    6493    330 |  188.50        0.00

Type     Name                                                                          # reqs      # fails |    Avg     Min     Max    Med |   req/s  failures/s
--------|----------------------------------------------------------------------------|-------|-------------|-------|-------|-------|-------|--------|-----------
POST     POST /notifications [EMAIL]                                                    28748     0(0.00%) |    388     280    6493    330 |  180.90        0.00
--------|----------------------------------------------------------------------------|-------|-------------|-------|-------|-------|-------|--------|-----------
         Aggregated                                                                     28748     0(0.00%) |    388     280    6493    330 |  180.90        0.00

Type     Name                                                                          # reqs      # fails |    Avg     Min     Max    Med |   req/s  failures/s
--------|----------------------------------------------------------------------------|-------|-------------|-------|-------|-------|-------|--------|-----------
POST     POST /notifications [EMAIL]                                                    29142     0(0.00%) |    387     280    6493    330 |  179.70        0.00
--------|----------------------------------------------------------------------------|-------|-------------|-------|-------|-------|-------|--------|-----------
         Aggregated                                                                     29142     0(0.00%) |    387     280    6493    330 |  179.70        0.00

Type     Name                                                                          # reqs      # fails |    Avg     Min     Max    Med |   req/s  failures/s
--------|----------------------------------------------------------------------------|-------|-------------|-------|-------|-------|-------|--------|-----------
POST     POST /notifications [EMAIL]                                                    29534     0(0.00%) |    387     280    6493    330 |  181.30        0.00
--------|----------------------------------------------------------------------------|-------|-------------|-------|-------|-------|-------|--------|-----------
         Aggregated                                                                     29534     0(0.00%) |    387     280    6493    330 |  181.30        0.00

Type     Name                                                                          # reqs      # fails |    Avg     Min     Max    Med |   req/s  failures/s
--------|----------------------------------------------------------------------------|-------|-------------|-------|-------|-------|-------|--------|-----------
POST     POST /notifications [EMAIL]                                                    29984     0(0.00%) |    387     280    6493    330 |  186.60        0.00
--------|----------------------------------------------------------------------------|-------|-------------|-------|-------|-------|-------|--------|-----------
         Aggregated                                                                     29984     0(0.00%) |    387     280    6493    330 |  186.60        0.00

Type     Name                                                                          # reqs      # fails |    Avg     Min     Max    Med |   req/s  failures/s
--------|----------------------------------------------------------------------------|-------|-------------|-------|-------|-------|-------|--------|-----------
POST     POST /notifications [EMAIL]                                                    30403     0(0.00%) |    386     280    6493    330 |  185.80        0.00
--------|----------------------------------------------------------------------------|-------|-------------|-------|-------|-------|-------|--------|-----------
         Aggregated                                                                     30403     0(0.00%) |    386     280    6493    330 |  185.80        0.00

Type     Name                                                                          # reqs      # fails |    Avg     Min     Max    Med |   req/s  failures/s
--------|----------------------------------------------------------------------------|-------|-------------|-------|-------|-------|-------|--------|-----------
POST     POST /notifications [EMAIL]                                                    30811     0(0.00%) |    386     280    6493    330 |  197.20        0.00
--------|----------------------------------------------------------------------------|-------|-------------|-------|-------|-------|-------|--------|-----------
         Aggregated                                                                     30811     0(0.00%) |    386     280    6493    330 |  197.20        0.00

Type     Name                                                                          # reqs      # fails |    Avg     Min     Max    Med |   req/s  failures/s
--------|----------------------------------------------------------------------------|-------|-------------|-------|-------|-------|-------|--------|-----------
POST     POST /notifications [EMAIL]                                                    31190     0(0.00%) |    386     280    6493    330 |  206.70        0.00
--------|----------------------------------------------------------------------------|-------|-------------|-------|-------|-------|-------|--------|-----------
         Aggregated                                                                     31190     0(0.00%) |    386     280    6493    330 |  206.70        0.00

Type     Name                                                                          # reqs      # fails |    Avg     Min     Max    Med |   req/s  failures/s
--------|----------------------------------------------------------------------------|-------|-------------|-------|-------|-------|-------|--------|-----------
POST     POST /notifications [EMAIL]                                                    31613     0(0.00%) |    385     280    6493    330 |  197.00        0.00
--------|----------------------------------------------------------------------------|-------|-------------|-------|-------|-------|-------|--------|-----------
         Aggregated                                                                     31613     0(0.00%) |    385     280    6493    330 |  197.00        0.00

Type     Name                                                                          # reqs      # fails |    Avg     Min     Max    Med |   req/s  failures/s
--------|----------------------------------------------------------------------------|-------|-------------|-------|-------|-------|-------|--------|-----------
POST     POST /notifications [EMAIL]                                                    32080     0(0.00%) |    384     280    6493    330 |  200.80        0.00
--------|----------------------------------------------------------------------------|-------|-------------|-------|-------|-------|-------|--------|-----------
         Aggregated                                                                     32080     0(0.00%) |    384     280    6493    330 |  200.80        0.00

Type     Name                                                                          # reqs      # fails |    Avg     Min     Max    Med |   req/s  failures/s
--------|----------------------------------------------------------------------------|-------|-------------|-------|-------|-------|-------|--------|-----------
POST     POST /notifications [EMAIL]                                                    32511     0(0.00%) |    384     280    6493    330 |  210.30        0.00
--------|----------------------------------------------------------------------------|-------|-------------|-------|-------|-------|-------|--------|-----------
         Aggregated                                                                     32511     0(0.00%) |    384     280    6493    330 |  210.30        0.00

Type     Name                                                                          # reqs      # fails |    Avg     Min     Max    Med |   req/s  failures/s
--------|----------------------------------------------------------------------------|-------|-------------|-------|-------|-------|-------|--------|-----------
POST     POST /notifications [EMAIL]                                                    32942     0(0.00%) |    383     280    6493    330 |  208.60        0.00
--------|----------------------------------------------------------------------------|-------|-------------|-------|-------|-------|-------|--------|-----------
         Aggregated                                                                     32942     0(0.00%) |    383     280    6493    330 |  208.60        0.00

Type     Name                                                                          # reqs      # fails |    Avg     Min     Max    Med |   req/s  failures/s
--------|----------------------------------------------------------------------------|-------|-------------|-------|-------|-------|-------|--------|-----------
POST     POST /notifications [EMAIL]                                                    33367     0(0.00%) |    383     280    6493    330 |  212.00        0.00
--------|----------------------------------------------------------------------------|-------|-------------|-------|-------|-------|-------|--------|-----------
         Aggregated                                                                     33367     0(0.00%) |    383     280    6493    330 |  212.00        0.00

Type     Name                                                                          # reqs      # fails |    Avg     Min     Max    Med |   req/s  failures/s
--------|----------------------------------------------------------------------------|-------|-------------|-------|-------|-------|-------|--------|-----------
POST     POST /notifications [EMAIL]                                                    33804     0(0.00%) |    382     280    6493    330 |  218.60        0.00
--------|----------------------------------------------------------------------------|-------|-------------|-------|-------|-------|-------|--------|-----------
         Aggregated                                                                     33804     0(0.00%) |    382     280    6493    330 |  218.60        0.00

Type     Name                                                                          # reqs      # fails |    Avg     Min     Max    Med |   req/s  failures/s
--------|----------------------------------------------------------------------------|-------|-------------|-------|-------|-------|-------|--------|-----------
POST     POST /notifications [EMAIL]                                                    34226     0(0.00%) |    382     280    6493    330 |  221.20        0.00
--------|----------------------------------------------------------------------------|-------|-------------|-------|-------|-------|-------|--------|-----------
         Aggregated                                                                     34226     0(0.00%) |    382     280    6493    330 |  221.20        0.00

Type     Name                                                                          # reqs      # fails |    Avg     Min     Max    Med |   req/s  failures/s
--------|----------------------------------------------------------------------------|-------|-------------|-------|-------|-------|-------|--------|-----------
POST     POST /notifications [EMAIL]                                                    34647     0(0.00%) |    381     280    6493    330 |  214.20        0.00
--------|----------------------------------------------------------------------------|-------|-------------|-------|-------|-------|-------|--------|-----------
         Aggregated                                                                     34647     0(0.00%) |    381     280    6493    330 |  214.20        0.00

Type     Name                                                                          # reqs      # fails |    Avg     Min     Max    Med |   req/s  failures/s
--------|----------------------------------------------------------------------------|-------|-------------|-------|-------|-------|-------|--------|-----------
POST     POST /notifications [EMAIL]                                                    35045     0(0.00%) |    381     280    6493    330 |  214.70        0.00
--------|----------------------------------------------------------------------------|-------|-------------|-------|-------|-------|-------|--------|-----------
         Aggregated                                                                     35045     0(0.00%) |    381     280    6493    330 |  214.70        0.00

Type     Name                                                                          # reqs      # fails |    Avg     Min     Max    Med |   req/s  failures/s
--------|----------------------------------------------------------------------------|-------|-------------|-------|-------|-------|-------|--------|-----------
POST     POST /notifications [EMAIL]                                                    35466     0(0.00%) |    381     280    6493    330 |  210.00        0.00
--------|----------------------------------------------------------------------------|-------|-------------|-------|-------|-------|-------|--------|-----------
         Aggregated                                                                     35466     0(0.00%) |    381     280    6493    330 |  210.00        0.00

Type     Name                                                                          # reqs      # fails |    Avg     Min     Max    Med |   req/s  failures/s
--------|----------------------------------------------------------------------------|-------|-------------|-------|-------|-------|-------|--------|-----------
POST     POST /notifications [EMAIL]                                                    35902     0(0.00%) |    380     280    6493    330 |  210.60        0.00
--------|----------------------------------------------------------------------------|-------|-------------|-------|-------|-------|-------|--------|-----------
         Aggregated                                                                     35902     0(0.00%) |    380     280    6493    330 |  210.60        0.00

Type     Name                                                                          # reqs      # fails |    Avg     Min     Max    Med |   req/s  failures/s
--------|----------------------------------------------------------------------------|-------|-------------|-------|-------|-------|-------|--------|-----------
POST     POST /notifications [EMAIL]                                                    36300     0(0.00%) |    380     280    6493    330 |  206.80        0.00
--------|----------------------------------------------------------------------------|-------|-------------|-------|-------|-------|-------|--------|-----------
         Aggregated                                                                     36300     0(0.00%) |    380     280    6493    330 |  206.80        0.00

Type     Name                                                                          # reqs      # fails |    Avg     Min     Max    Med |   req/s  failures/s
--------|----------------------------------------------------------------------------|-------|-------------|-------|-------|-------|-------|--------|-----------
POST     POST /notifications [EMAIL]                                                    36763     0(0.00%) |    379     280    6493    330 |  207.70        0.00
--------|----------------------------------------------------------------------------|-------|-------------|-------|-------|-------|-------|--------|-----------
         Aggregated                                                                     36763     0(0.00%) |    379     280    6493    330 |  207.70        0.00

Type     Name                                                                          # reqs      # fails |    Avg     Min     Max    Med |   req/s  failures/s
--------|----------------------------------------------------------------------------|-------|-------------|-------|-------|-------|-------|--------|-----------
POST     POST /notifications [EMAIL]                                                    37179     0(0.00%) |    379     280    6493    330 |  210.90        0.00
--------|----------------------------------------------------------------------------|-------|-------------|-------|-------|-------|-------|--------|-----------
         Aggregated                                                                     37179     0(0.00%) |    379     280    6493    330 |  210.90        0.00

Type     Name                                                                          # reqs      # fails |    Avg     Min     Max    Med |   req/s  failures/s
--------|----------------------------------------------------------------------------|-------|-------------|-------|-------|-------|-------|--------|-----------
POST     POST /notifications [EMAIL]                                                    37600     0(0.00%) |    379     280    6493    330 |  210.30        0.00
--------|----------------------------------------------------------------------------|-------|-------------|-------|-------|-------|-------|--------|-----------
         Aggregated                                                                     37600     0(0.00%) |    379     280    6493    330 |  210.30        0.00

Type     Name                                                                          # reqs      # fails |    Avg     Min     Max    Med |   req/s  failures/s
--------|----------------------------------------------------------------------------|-------|-------------|-------|-------|-------|-------|--------|-----------
POST     POST /notifications [EMAIL]                                                    38007     0(0.00%) |    379     280    6493    330 |  215.80        0.00
--------|----------------------------------------------------------------------------|-------|-------------|-------|-------|-------|-------|--------|-----------
         Aggregated                                                                     38007     0(0.00%) |    379     280    6493    330 |  215.80        0.00

Type     Name                                                                          # reqs      # fails |    Avg     Min     Max    Med |   req/s  failures/s
--------|----------------------------------------------------------------------------|-------|-------------|-------|-------|-------|-------|--------|-----------
POST     POST /notifications [EMAIL]                                                    38372     0(0.00%) |    379     280    6493    330 |  205.40        0.00
--------|----------------------------------------------------------------------------|-------|-------------|-------|-------|-------|-------|--------|-----------
         Aggregated                                                                     38372     0(0.00%) |    379     280    6493    330 |  205.40        0.00

Type     Name                                                                          # reqs      # fails |    Avg     Min     Max    Med |   req/s  failures/s
--------|----------------------------------------------------------------------------|-------|-------------|-------|-------|-------|-------|--------|-----------
POST     POST /notifications [EMAIL]                                                    38835     0(0.00%) |    378     280    6493    330 |  205.70        0.00
--------|----------------------------------------------------------------------------|-------|-------------|-------|-------|-------|-------|--------|-----------
         Aggregated                                                                     38835     0(0.00%) |    378     280    6493    330 |  205.70        0.00

Type     Name                                                                          # reqs      # fails |    Avg     Min     Max    Med |   req/s  failures/s
--------|----------------------------------------------------------------------------|-------|-------------|-------|-------|-------|-------|--------|-----------
POST     POST /notifications [EMAIL]                                                    39197     0(0.00%) |    378     280    6493    330 |  201.80        0.00
--------|----------------------------------------------------------------------------|-------|-------------|-------|-------|-------|-------|--------|-----------
         Aggregated                                                                     39197     0(0.00%) |    378     280    6493    330 |  201.80        0.00

Type     Name                                                                          # reqs      # fails |    Avg     Min     Max    Med |   req/s  failures/s
--------|----------------------------------------------------------------------------|-------|-------------|-------|-------|-------|-------|--------|-----------
POST     POST /notifications [EMAIL]                                                    39642     0(0.00%) |    378     280    6493    330 |  200.60        0.00
--------|----------------------------------------------------------------------------|-------|-------------|-------|-------|-------|-------|--------|-----------
         Aggregated                                                                     39642     0(0.00%) |    378     280    6493    330 |  200.60        0.00

Type     Name                                                                          # reqs      # fails |    Avg     Min     Max    Med |   req/s  failures/s
--------|----------------------------------------------------------------------------|-------|-------------|-------|-------|-------|-------|--------|-----------
POST     POST /notifications [EMAIL]                                                    40103     0(0.00%) |    377     280    6493    330 |  199.60        0.00
--------|----------------------------------------------------------------------------|-------|-------------|-------|-------|-------|-------|--------|-----------
         Aggregated                                                                     40103     0(0.00%) |    377     280    6493    330 |  199.60        0.00

Type     Name                                                                          # reqs      # fails |    Avg     Min     Max    Med |   req/s  failures/s
--------|----------------------------------------------------------------------------|-------|-------------|-------|-------|-------|-------|--------|-----------
POST     POST /notifications [EMAIL]                                                    40555     0(0.00%) |    377     280    6493    330 |  211.10        0.00
--------|----------------------------------------------------------------------------|-------|-------------|-------|-------|-------|-------|--------|-----------
         Aggregated                                                                     40555     0(0.00%) |    377     280    6493    330 |  211.10        0.00

Type     Name                                                                          # reqs      # fails |    Avg     Min     Max    Med |   req/s  failures/s
--------|----------------------------------------------------------------------------|-------|-------------|-------|-------|-------|-------|--------|-----------
POST     POST /notifications [EMAIL]                                                    40881     0(0.00%) |    377     280    6493    330 |  214.80        0.00
--------|----------------------------------------------------------------------------|-------|-------------|-------|-------|-------|-------|--------|-----------
         Aggregated                                                                     40881     0(0.00%) |    377     280    6493    330 |  214.80        0.00

Type     Name                                                                          # reqs      # fails |    Avg     Min     Max    Med |   req/s  failures/s
--------|----------------------------------------------------------------------------|-------|-------------|-------|-------|-------|-------|--------|-----------
POST     POST /notifications [EMAIL]                                                    41238     0(0.00%) |    377     280    6493    330 |  209.20        0.00
--------|----------------------------------------------------------------------------|-------|-------------|-------|-------|-------|-------|--------|-----------
         Aggregated                                                                     41238     0(0.00%) |    377     280    6493    330 |  209.20        0.00

Type     Name                                                                          # reqs      # fails |    Avg     Min     Max    Med |   req/s  failures/s
--------|----------------------------------------------------------------------------|-------|-------------|-------|-------|-------|-------|--------|-----------
POST     POST /notifications [EMAIL]                                                    41682     0(0.00%) |    377     280    6493    330 |  207.10        0.00
--------|----------------------------------------------------------------------------|-------|-------------|-------|-------|-------|-------|--------|-----------
         Aggregated                                                                     41682     0(0.00%) |    377     280    6493    330 |  207.10        0.00

Type     Name                                                                          # reqs      # fails |    Avg     Min     Max    Med |   req/s  failures/s
--------|----------------------------------------------------------------------------|-------|-------------|-------|-------|-------|-------|--------|-----------
POST     POST /notifications [EMAIL]                                                    42148     0(0.00%) |    376     280    6493    330 |  203.30        0.00
--------|----------------------------------------------------------------------------|-------|-------------|-------|-------|-------|-------|--------|-----------
         Aggregated                                                                     42148     0(0.00%) |    376     280    6493    330 |  203.30        0.00

Type     Name                                                                          # reqs      # fails |    Avg     Min     Max    Med |   req/s  failures/s
--------|----------------------------------------------------------------------------|-------|-------------|-------|-------|-------|-------|--------|-----------
POST     POST /notifications [EMAIL]                                                    42597     0(0.00%) |    376     280    6493    330 |  203.10        0.00
--------|----------------------------------------------------------------------------|-------|-------------|-------|-------|-------|-------|--------|-----------
         Aggregated                                                                     42597     0(0.00%) |    376     280    6493    330 |  203.10        0.00

Type     Name                                                                          # reqs      # fails |    Avg     Min     Max    Med |   req/s  failures/s
--------|----------------------------------------------------------------------------|-------|-------------|-------|-------|-------|-------|--------|-----------
POST     POST /notifications [EMAIL]                                                    43033     0(0.00%) |    375     280    6493    330 |  205.30        0.00
--------|----------------------------------------------------------------------------|-------|-------------|-------|-------|-------|-------|--------|-----------
         Aggregated                                                                     43033     0(0.00%) |    375     280    6493    330 |  205.30        0.00

Type     Name                                                                          # reqs      # fails |    Avg     Min     Max    Med |   req/s  failures/s
--------|----------------------------------------------------------------------------|-------|-------------|-------|-------|-------|-------|--------|-----------
POST     POST /notifications [EMAIL]                                                    43461     0(0.00%) |    375     280    6493    330 |  214.60        0.00
--------|----------------------------------------------------------------------------|-------|-------------|-------|-------|-------|-------|--------|-----------
         Aggregated                                                                     43461     0(0.00%) |    375     280    6493    330 |  214.60        0.00

Type     Name                                                                          # reqs      # fails |    Avg     Min     Max    Med |   req/s  failures/s
--------|----------------------------------------------------------------------------|-------|-------------|-------|-------|-------|-------|--------|-----------
POST     POST /notifications [EMAIL]                                                    43823     0(0.00%) |    375     280    6493    330 |  218.70        0.00
--------|----------------------------------------------------------------------------|-------|-------------|-------|-------|-------|-------|--------|-----------
         Aggregated                                                                     43823     0(0.00%) |    375     280    6493    330 |  218.70        0.00

Type     Name                                                                          # reqs      # fails |    Avg     Min     Max    Med |   req/s  failures/s
--------|----------------------------------------------------------------------------|-------|-------------|-------|-------|-------|-------|--------|-----------
POST     POST /notifications [EMAIL]                                                    44205     0(0.00%) |    376     280    6493    330 |  214.40        0.00
--------|----------------------------------------------------------------------------|-------|-------------|-------|-------|-------|-------|--------|-----------
         Aggregated                                                                     44205     0(0.00%) |    376     280    6493    330 |  214.40        0.00

Type     Name                                                                          # reqs      # fails |    Avg     Min     Max    Med |   req/s  failures/s
--------|----------------------------------------------------------------------------|-------|-------------|-------|-------|-------|-------|--------|-----------
POST     POST /notifications [EMAIL]                                                    44580     0(0.00%) |    376     280    6493    330 |  206.70        0.00
--------|----------------------------------------------------------------------------|-------|-------------|-------|-------|-------|-------|--------|-----------
         Aggregated                                                                     44580     0(0.00%) |    376     280    6493    330 |  206.70        0.00

Type     Name                                                                          # reqs      # fails |    Avg     Min     Max    Med |   req/s  failures/s
--------|----------------------------------------------------------------------------|-------|-------------|-------|-------|-------|-------|--------|-----------
POST     POST /notifications [EMAIL]                                                    44981     0(0.00%) |    376     280    6493    330 |  200.00        0.00
--------|----------------------------------------------------------------------------|-------|-------------|-------|-------|-------|-------|--------|-----------
         Aggregated                                                                     44981     0(0.00%) |    376     280    6493    330 |  200.00        0.00

Type     Name                                                                          # reqs      # fails |    Avg     Min     Max    Med |   req/s  failures/s
--------|----------------------------------------------------------------------------|-------|-------------|-------|-------|-------|-------|--------|-----------
POST     POST /notifications [EMAIL]                                                    45316     0(0.00%) |    376     280    6493    330 |  191.50        0.00
--------|----------------------------------------------------------------------------|-------|-------------|-------|-------|-------|-------|--------|-----------
         Aggregated                                                                     45316     0(0.00%) |    376     280    6493    330 |  191.50        0.00

Type     Name                                                                          # reqs      # fails |    Avg     Min     Max    Med |   req/s  failures/s
--------|----------------------------------------------------------------------------|-------|-------------|-------|-------|-------|-------|--------|-----------
POST     POST /notifications [EMAIL]                                                    45771     0(0.00%) |    376     280    6493    330 |  184.70        0.00
--------|----------------------------------------------------------------------------|-------|-------------|-------|-------|-------|-------|--------|-----------
         Aggregated                                                                     45771     0(0.00%) |    376     280    6493    330 |  184.70        0.00

Type     Name                                                                          # reqs      # fails |    Avg     Min     Max    Med |   req/s  failures/s
--------|----------------------------------------------------------------------------|-------|-------------|-------|-------|-------|-------|--------|-----------
POST     POST /notifications [EMAIL]                                                    46208     0(0.00%) |    375     280    6493    330 |  192.10        0.00
--------|----------------------------------------------------------------------------|-------|-------------|-------|-------|-------|-------|--------|-----------
         Aggregated                                                                     46208     0(0.00%) |    375     280    6493    330 |  192.10        0.00

Type     Name                                                                          # reqs      # fails |    Avg     Min     Max    Med |   req/s  failures/s
--------|----------------------------------------------------------------------------|-------|-------------|-------|-------|-------|-------|--------|-----------
POST     POST /notifications [EMAIL]                                                    46632     0(0.00%) |    375     280    6493    330 |  200.40        0.00
--------|----------------------------------------------------------------------------|-------|-------------|-------|-------|-------|-------|--------|-----------
         Aggregated                                                                     46632     0(0.00%) |    375     280    6493    330 |  200.40        0.00

Type     Name                                                                          # reqs      # fails |    Avg     Min     Max    Med |   req/s  failures/s
--------|----------------------------------------------------------------------------|-------|-------------|-------|-------|-------|-------|--------|-----------
POST     POST /notifications [EMAIL]                                                    46937     0(0.00%) |    376     280    6493    330 |  205.40        0.00
--------|----------------------------------------------------------------------------|-------|-------------|-------|-------|-------|-------|--------|-----------
         Aggregated                                                                     46937     0(0.00%) |    376     280    6493    330 |  205.40        0.00

Type     Name                                                                          # reqs      # fails |    Avg     Min     Max    Med |   req/s  failures/s
--------|----------------------------------------------------------------------------|-------|-------------|-------|-------|-------|-------|--------|-----------
POST     POST /notifications [EMAIL]                                                    47345     0(0.00%) |    376     280    6493    330 |  202.10        0.00
--------|----------------------------------------------------------------------------|-------|-------------|-------|-------|-------|-------|--------|-----------
         Aggregated                                                                     47345     0(0.00%) |    376     280    6493    330 |  202.10        0.00

Type     Name                                                                          # reqs      # fails |    Avg     Min     Max    Med |   req/s  failures/s
--------|----------------------------------------------------------------------------|-------|-------------|-------|-------|-------|-------|--------|-----------
POST     POST /notifications [EMAIL]                                                    47789     0(0.00%) |    375     280    6493    330 |  203.90        0.00
--------|----------------------------------------------------------------------------|-------|-------------|-------|-------|-------|-------|--------|-----------
         Aggregated                                                                     47789     0(0.00%) |    375     280    6493    330 |  203.90        0.00

Type     Name                                                                          # reqs      # fails |    Avg     Min     Max    Med |   req/s  failures/s
--------|----------------------------------------------------------------------------|-------|-------------|-------|-------|-------|-------|--------|-----------
POST     POST /notifications [EMAIL]                                                    48180     0(0.00%) |    375     280    6493    330 |  201.50        0.00
--------|----------------------------------------------------------------------------|-------|-------------|-------|-------|-------|-------|--------|-----------
         Aggregated                                                                     48180     0(0.00%) |    375     280    6493    330 |  201.50        0.00

Type     Name                                                                          # reqs      # fails |    Avg     Min     Max    Med |   req/s  failures/s
--------|----------------------------------------------------------------------------|-------|-------------|-------|-------|-------|-------|--------|-----------
POST     POST /notifications [EMAIL]                                                    48520     0(0.00%) |    376     280    6493    330 |  199.00        0.00
--------|----------------------------------------------------------------------------|-------|-------------|-------|-------|-------|-------|--------|-----------
         Aggregated                                                                     48520     0(0.00%) |    376     280    6493    330 |  199.00        0.00

Type     Name                                                                          # reqs      # fails |    Avg     Min     Max    Med |   req/s  failures/s
--------|----------------------------------------------------------------------------|-------|-------------|-------|-------|-------|-------|--------|-----------
POST     POST /notifications [EMAIL]                                                    48934     0(0.00%) |    376     280    6493    330 |  185.90        0.00
--------|----------------------------------------------------------------------------|-------|-------------|-------|-------|-------|-------|--------|-----------
         Aggregated                                                                     48934     0(0.00%) |    376     280    6493    330 |  185.90        0.00

Type     Name                                                                          # reqs      # fails |    Avg     Min     Max    Med |   req/s  failures/s
--------|----------------------------------------------------------------------------|-------|-------------|-------|-------|-------|-------|--------|-----------
POST     POST /notifications [EMAIL]                                                    49344     0(0.00%) |    375     280    6493    330 |  195.90        0.00
--------|----------------------------------------------------------------------------|-------|-------------|-------|-------|-------|-------|--------|-----------
         Aggregated                                                                     49344     0(0.00%) |    375     280    6493    330 |  195.90        0.00

Type     Name                                                                          # reqs      # fails |    Avg     Min     Max    Med |   req/s  failures/s
--------|----------------------------------------------------------------------------|-------|-------------|-------|-------|-------|-------|--------|-----------
POST     POST /notifications [EMAIL]                                                    49650     0(0.00%) |    376     280    6493    330 |  201.20        0.00
--------|----------------------------------------------------------------------------|-------|-------------|-------|-------|-------|-------|--------|-----------
         Aggregated                                                                     49650     0(0.00%) |    376     280    6493    330 |  201.20        0.00

Type     Name                                                                          # reqs      # fails |    Avg     Min     Max    Med |   req/s  failures/s
--------|----------------------------------------------------------------------------|-------|-------------|-------|-------|-------|-------|--------|-----------
POST     POST /notifications [EMAIL]                                                    49823     0(0.00%) |    377     280    6493    330 |  193.40        0.00
--------|----------------------------------------------------------------------------|-------|-------------|-------|-------|-------|-------|--------|-----------
         Aggregated                                                                     49823     0(0.00%) |    377     280    6493    330 |  193.40        0.00

Type     Name                                                                          # reqs      # fails |    Avg     Min     Max    Med |   req/s  failures/s
--------|----------------------------------------------------------------------------|-------|-------------|-------|-------|-------|-------|--------|-----------
POST     POST /notifications [EMAIL]                                                    50156     0(0.00%) |    378     280    6493    330 |  170.20        0.00
--------|----------------------------------------------------------------------------|-------|-------------|-------|-------|-------|-------|--------|-----------
         Aggregated                                                                     50156     0(0.00%) |    378     280    6493    330 |  170.20        0.00

Type     Name                                                                          # reqs      # fails |    Avg     Min     Max    Med |   req/s  failures/s
--------|----------------------------------------------------------------------------|-------|-------------|-------|-------|-------|-------|--------|-----------
POST     POST /notifications [EMAIL]                                                    50543     0(0.00%) |    378     280    6493    330 |  164.90        0.00
--------|----------------------------------------------------------------------------|-------|-------------|-------|-------|-------|-------|--------|-----------
         Aggregated                                                                     50543     0(0.00%) |    378     280    6493    330 |  164.90        0.00

Type     Name                                                                          # reqs      # fails |    Avg     Min     Max    Med |   req/s  failures/s
--------|----------------------------------------------------------------------------|-------|-------------|-------|-------|-------|-------|--------|-----------
POST     POST /notifications [EMAIL]                                                    50898     0(0.00%) |    379     280    6493    330 |  160.20        0.00
--------|----------------------------------------------------------------------------|-------|-------------|-------|-------|-------|-------|--------|-----------
         Aggregated                                                                     50898     0(0.00%) |    379     280    6493    330 |  160.20        0.00

Type     Name                                                                          # reqs      # fails |    Avg     Min     Max    Med |   req/s  failures/s
--------|----------------------------------------------------------------------------|-------|-------------|-------|-------|-------|-------|--------|-----------
POST     POST /notifications [EMAIL]                                                    51201     0(0.00%) |    379     280    6493    330 |  155.90        0.00
--------|----------------------------------------------------------------------------|-------|-------------|-------|-------|-------|-------|--------|-----------
         Aggregated                                                                     51201     0(0.00%) |    379     280    6493    330 |  155.90        0.00

Type     Name                                                                          # reqs      # fails |    Avg     Min     Max    Med |   req/s  failures/s
--------|----------------------------------------------------------------------------|-------|-------------|-------|-------|-------|-------|--------|-----------
POST     POST /notifications [EMAIL]                                                    51430     0(0.00%) |    380     280    6493    330 |  151.20        0.00
--------|----------------------------------------------------------------------------|-------|-------------|-------|-------|-------|-------|--------|-----------
         Aggregated                                                                     51430     0(0.00%) |    380     280    6493    330 |  151.20        0.00

Type     Name                                                                          # reqs      # fails |    Avg     Min     Max    Med |   req/s  failures/s
--------|----------------------------------------------------------------------------|-------|-------------|-------|-------|-------|-------|--------|-----------
POST     POST /notifications [EMAIL]                                                    51522     0(0.00%) |    382     280    6493    330 |  163.40        0.00
--------|----------------------------------------------------------------------------|-------|-------------|-------|-------|-------|-------|--------|-----------
         Aggregated                                                                     51522     0(0.00%) |    382     280    6493    330 |  163.40        0.00

Type     Name                                                                          # reqs      # fails |    Avg     Min     Max    Med |   req/s  failures/s
--------|----------------------------------------------------------------------------|-------|-------------|-------|-------|-------|-------|--------|-----------
POST     POST /notifications [EMAIL]                                                    51590     0(0.00%) |    384     280    6493    340 |  146.80        0.00
--------|----------------------------------------------------------------------------|-------|-------------|-------|-------|-------|-------|--------|-----------
         Aggregated                                                                     51590     0(0.00%) |    384     280    6493    340 |  146.80        0.00

Type     Name                                                                          # reqs      # fails |    Avg     Min     Max    Med |   req/s  failures/s
--------|----------------------------------------------------------------------------|-------|-------------|-------|-------|-------|-------|--------|-----------
POST     POST /notifications [EMAIL]                                                    51607     0(0.00%) |    384     280    6493    340 |  131.50        0.00
--------|----------------------------------------------------------------------------|-------|-------------|-------|-------|-------|-------|--------|-----------
         Aggregated                                                                     51607     0(0.00%) |    384     280    6493    340 |  131.50        0.00

Type     Name                                                                          # reqs      # fails |    Avg     Min     Max    Med |   req/s  failures/s
--------|----------------------------------------------------------------------------|-------|-------------|-------|-------|-------|-------|--------|-----------
POST     POST /notifications [EMAIL]                                                    51646     0(0.00%) |    388     280    6493    340 |   81.70        0.00
--------|----------------------------------------------------------------------------|-------|-------------|-------|-------|-------|-------|--------|-----------
         Aggregated                                                                     51646     0(0.00%) |    388     280    6493    340 |   81.70        0.00

Type     Name                                                                          # reqs      # fails |    Avg     Min     Max    Med |   req/s  failures/s
--------|----------------------------------------------------------------------------|-------|-------------|-------|-------|-------|-------|--------|-----------
POST     POST /notifications [EMAIL]                                                    51669     0(0.00%) |    390     280    6607    340 |   53.40        0.00
--------|----------------------------------------------------------------------------|-------|-------------|-------|-------|-------|-------|--------|-----------
         Aggregated                                                                     51669     0(0.00%) |    390     280    6607    340 |   53.40        0.00

Type     Name                                                                          # reqs      # fails |    Avg     Min     Max    Med |   req/s  failures/s
--------|----------------------------------------------------------------------------|-------|-------------|-------|-------|-------|-------|--------|-----------
POST     POST /notifications [EMAIL]                                                    51690     0(0.00%) |    392     280    6607    340 |   26.00        0.00
--------|----------------------------------------------------------------------------|-------|-------------|-------|-------|-------|-------|--------|-----------
         Aggregated                                                                     51690     0(0.00%) |    392     280    6607    340 |   26.00        0.00

Type     Name                                                                          # reqs      # fails |    Avg     Min     Max    Med |   req/s  failures/s
--------|----------------------------------------------------------------------------|-------|-------------|-------|-------|-------|-------|--------|-----------
POST     POST /notifications [EMAIL]                                                    51692     0(0.00%) |    393     280    6607    340 |   23.90        0.00
--------|----------------------------------------------------------------------------|-------|-------------|-------|-------|-------|-------|--------|-----------
         Aggregated                                                                     51692     0(0.00%) |    393     280    6607    340 |   23.90        0.00

Type     Name                                                                          # reqs      # fails |    Avg     Min     Max    Med |   req/s  failures/s
--------|----------------------------------------------------------------------------|-------|-------------|-------|-------|-------|-------|--------|-----------
POST     POST /notifications [EMAIL]                                                    51721     0(0.00%) |    397     280    8209    340 |   10.80        0.00
--------|----------------------------------------------------------------------------|-------|-------------|-------|-------|-------|-------|--------|-----------
         Aggregated                                                                     51721     0(0.00%) |    397     280    8209    340 |   10.80        0.00

Type     Name                                                                          # reqs      # fails |    Avg     Min     Max    Med |   req/s  failures/s
--------|----------------------------------------------------------------------------|-------|-------------|-------|-------|-------|-------|--------|-----------
POST     POST /notifications [EMAIL]                                                    51741     0(0.00%) |    400     280    9168    340 |   10.10        0.00
--------|----------------------------------------------------------------------------|-------|-------------|-------|-------|-------|-------|--------|-----------
         Aggregated                                                                     51741     0(0.00%) |    400     280    9168    340 |   10.10        0.00

Type     Name                                                                          # reqs      # fails |    Avg     Min     Max    Med |   req/s  failures/s
--------|----------------------------------------------------------------------------|-------|-------------|-------|-------|-------|-------|--------|-----------
POST     POST /notifications [EMAIL]                                                    51746     0(0.00%) |    401     280   10200    340 |   10.90        0.00
--------|----------------------------------------------------------------------------|-------|-------------|-------|-------|-------|-------|--------|-----------
         Aggregated                                                                     51746     0(0.00%) |    401     280   10200    340 |   10.90        0.00

Type     Name                                                                          # reqs      # fails |    Avg     Min     Max    Med |   req/s  failures/s
--------|----------------------------------------------------------------------------|-------|-------------|-------|-------|-------|-------|--------|-----------
POST     POST /notifications [EMAIL]                                                    51748     0(0.00%) |    401     280   10716    340 |   10.90        0.00
--------|----------------------------------------------------------------------------|-------|-------------|-------|-------|-------|-------|--------|-----------
         Aggregated                                                                     51748     0(0.00%) |    401     280   10716    340 |   10.90        0.00

Type     Name                                                                          # reqs      # fails |    Avg     Min     Max    Med |   req/s  failures/s
--------|----------------------------------------------------------------------------|-------|-------------|-------|-------|-------|-------|--------|-----------
POST     POST /notifications [EMAIL]                                                    51748     0(0.00%) |    401     280   10716    340 |   10.90        0.00
--------|----------------------------------------------------------------------------|-------|-------------|-------|-------|-------|-------|--------|-----------
         Aggregated                                                                     51748     0(0.00%) |    401     280   10716    340 |   10.90        0.00

Type     Name                                                                          # reqs      # fails |    Avg     Min     Max    Med |   req/s  failures/s
--------|----------------------------------------------------------------------------|-------|-------------|-------|-------|-------|-------|--------|-----------
POST     POST /notifications [EMAIL]                                                    51748     0(0.00%) |    401     280   10716    340 |   10.90        0.00
--------|----------------------------------------------------------------------------|-------|-------------|-------|-------|-------|-------|--------|-----------
         Aggregated                                                                     51748     0(0.00%) |    401     280   10716    340 |   10.90        0.00

Type     Name                                                                          # reqs      # fails |    Avg     Min     Max    Med |   req/s  failures/s
--------|----------------------------------------------------------------------------|-------|-------------|-------|-------|-------|-------|--------|-----------
POST     POST /notifications [EMAIL]                                                    52163     0(0.00%) |    418     280   16168    340 |    4.00        0.00
--------|----------------------------------------------------------------------------|-------|-------------|-------|-------|-------|-------|--------|-----------
         Aggregated                                                                     52163     0(0.00%) |    418     280   16168    340 |    4.00        0.00

Type     Name                                                                          # reqs      # fails |    Avg     Min     Max    Med |   req/s  failures/s
--------|----------------------------------------------------------------------------|-------|-------------|-------|-------|-------|-------|--------|-----------
POST     POST /notifications [EMAIL]                                                    52246     0(0.00%) |    419     280   16168    340 |   32.50        0.00
--------|----------------------------------------------------------------------------|-------|-------------|-------|-------|-------|-------|--------|-----------
         Aggregated                                                                     52246     0(0.00%) |    419     280   16168    340 |   32.50        0.00

Type     Name                                                                          # reqs      # fails |    Avg     Min     Max    Med |   req/s  failures/s
--------|----------------------------------------------------------------------------|-------|-------------|-------|-------|-------|-------|--------|-----------
POST     POST /notifications [EMAIL]                                                    52295     0(0.00%) |    421     280   16168    340 |   48.70        0.00
--------|----------------------------------------------------------------------------|-------|-------------|-------|-------|-------|-------|--------|-----------
         Aggregated                                                                     52295     0(0.00%) |    421     280   16168    340 |   48.70        0.00

[2026-04-21 14:06:29,791] Weihangs-Macbook/INFO/locust.runners: Shape test stopping
[2026-04-21 14:06:29,821] Weihangs-Macbook/INFO/locust.main: --run-time limit reached, shutting down
[2026-04-21 14:06:29,822] Weihangs-Macbook/INFO/locust.main: Shutting down (exit code 0)
Type     Name                                                                          # reqs      # fails |    Avg     Min     Max    Med |   req/s  failures/s
--------|----------------------------------------------------------------------------|-------|-------------|-------|-------|-------|-------|--------|-----------
POST     POST /notifications [EMAIL]                                                    52296     0(0.00%) |    421     280   16168    340 |  173.90        0.00
--------|----------------------------------------------------------------------------|-------|-------------|-------|-------|-------|-------|--------|-----------
         Aggregated                                                                     52296     0(0.00%) |    421     280   16168    340 |  173.90        0.00

Response time percentiles (approximated)
Type     Name                                                                                  50%    66%    75%    80%    90%    95%    98%    99%  99.9% 99.99%   100% # reqs
--------|--------------------------------------------------------------------------------|--------|------|------|------|------|------|------|------|------|------|------|------
POST     POST /notifications [EMAIL]                                                           340    360    390    400    490    610   1000   1800  10000  15000  16000  52296
--------|--------------------------------------------------------------------------------|--------|------|------|------|------|------|------|------|------|------|------|------
         Aggregated                                                                            340    360    390    400    490    610   1000   1800  10000  15000  16000  52296

