timestamp_ms,key,delta_ms
1775448132548,key-2,32
1775448132560,key-2,44
1775448132565,key-2,49
1775448132633,key-2,117
1775448132653,key-2,137
1775448132668,key-2,152
1775448132700,key-2,184
1775448132701,key-2,185
1775448132701,key-34,30
1775448132720,key-2,204
1775448132744,key-34,73
1775448132757,key-2,241
1775448132774,key-34,103
1775448132810,key-34,139
1775448132824,key-27,4
1775448132824,key-34,153
1775448132831,key-27,11
1775448132856,key-11,36
1775448132866,key-34,195
1775448132868,key-27,48
1775448132871,key-34,200
1775448132879,key-27,59
1775448132924,key-27,104
1775448132949,key-8,79
1775448132959,key-8,89
1775448132976,key-27,156
1775448132980,key-8,110
1775448133007,key-34,336
1775448133026,key-8,156
1775448133060,key-5,137
1775448133090,key-5,167
1775448133124,key-36,35
1775448133149,key-36,60
1775448133181,key-5,258
1775448133183,key-36,93
1775448133196,key-36,107
1775448133221,key-27,401
1775448133242,key-5,319
1775448133272,key-27,452
1775448133272,key-36,183
1775448133272,key-5,349
1775448133273,key-5,350
1775448133273,key-5,350
1775448133273,key-36,184
1775448133293,key-27,473
1775448133300,key-5,377
1775448133306,key-27,486
1775448133311,key-8,441
1775448133324,key-5,401
1775448133326,key-5,403
1775448133329,key-31,765
1775448133341,key-5,418
1775448133341,key-5,418
1775448133343,key-8,473
1775448133358,key-31,794
1775448133372,key-31,808
1775448133372,key-5,449
1775448133383,key-31,819
1775448133388,key-5,465
1775448133391,key-8,521
1775448133405,key-8,535
1775448133413,key-5,490
1775448133441,key-5,518
1775448133511,key-42,16
1775448133524,key-31,960
1775448133568,key-42,73
1775448133686,key-42,191
1775448133705,key-36,18
1775448133707,key-42,212
1775448133709,key-5,13
1775448133720,key-5,24
1775448133755,key-42,260
1775448133756,key-42,261
1775448133756,key-5,60
1775448133756,key-32,49
1775448133757,key-36,70
1775448133759,key-5,63
1775448133770,key-5,74
1775448133777,key-5,81
1775448133778,key-5,82
1775448133781,key-5,85
1775448133784,key-5,88
1775448133787,key-36,100
1775448133792,key-42,297
1775448133793,key-5,97
1775448133794,key-5,98
1775448133802,key-5,106
1775448133808,key-5,112
1775448133828,key-5,132
1775448133833,key-5,137
1775448133834,key-42,339
1775448133838,key-5,142
1775448133848,key-42,353
1775448133849,key-5,153
1775448133861,key-5,165
1775448133861,key-5,165
1775448133875,key-5,179
1775448133875,key-42,380
1775448133880,key-5,184
1775448133892,key-5,196
1775448133892,key-5,196
1775448133894,key-42,399
1775448133894,key-5,198
1775448133900,key-5,204
1775448133917,key-42,422
1775448133930,key-5,234
1775448133930,key-5,234
1775448133943,key-5,247
1775448133947,key-42,452
1775448133951,key-42,456
1775448133958,key-42,463
1775448133960,key-5,264
1775448133972,key-5,276
1775448133973,key-42,478
1775448133979,key-5,283
1775448133999,key-42,504
1775448134006,key-42,511
1775448134029,key-5,333
1775448134032,key-42,537
1775448134036,key-5,340
1775448134046,key-12,54
1775448134046,key-11,1226
1775448134059,key-11,1239
1775448134069,key-36,382
1775448134073,key-47,303
1775448134095,key-11,1275
1775448134115,key-47,345
1775448134183,key-31,1619
1775448134186,key-31,1622
1775448134189,key-35,74
1775448134200,key-33,589
1775448134205,key-14,205
1775448134216,key-9,1444
1775448134229,key-33,618
1775448134229,key-34,32
1775448134230,key-9,1458
1775448134234,key-25,102
1775448134234,key-10,1717
1775448134236,key-35,121
1775448134250,key-34,53
1775448134271,key-10,1754
1775448134271,key-9,1499
1775448134272,key-10,1755
1775448134277,key-10,1760
1775448134280,key-10,1763
1775448134285,key-17,193
1775448134290,key-10,1773
1775448134292,key-10,1775
1775448134297,key-9,1525
1775448134298,key-10,1781
1775448134310,key-25,178
1775448134319,key-10,1802
1775448134321,key-33,710
1775448134322,key-5,626
1775448134331,key-33,720
1775448134355,key-10,1838
1775448134360,key-35,245
1775448134363,key-47,593
1775448134366,key-33,755
1775448134373,key-10,1856
1775448134390,key-35,275
1775448134390,key-10,1873
1775448134390,key-10,1873
1775448134402,key-31,1838
1775448134403,key-35,288
1775448134405,key-35,290
1775448134414,key-35,299
1775448134423,key-47,653
1775448134428,key-10,1911
1775448134430,key-35,315
1775448134432,key-35,317
1775448134441,key-35,326
1775448134442,key-31,1878
1775448134444,key-31,1880
1775448134457,key-35,342
1775448134458,key-31,1894
1775448134459,key-31,1895
1775448134461,key-35,346
1775448134463,key-5,85
1775448134482,key-31,1918
1775448134482,key-31,1918
1775448134482,key-35,367
1775448134491,key-31,1927
1775448134492,key-31,1928
1775448134499,key-35,384
1775448134509,key-35,394
1775448134509,key-35,394
1775448134529,key-31,1965
1775448134530,key-42,1035
1775448134534,key-31,1970
1775448134535,key-27,420
1775448134537,key-5,159
1775448134563,key-27,448
1775448134566,key-27,451
1775448134567,key-35,452
1775448134568,key-27,453
1775448134573,key-42,6
1775448134578,key-42,11
1775448134585,key-5,207
1775448134585,key-35,470
1775448134587,key-27,472
1775448134588,key-31,2024
1775448134588,key-27,473
1775448134591,key-25,459
1775448134604,key-12,612
1775448134604,key-27,489
1775448134608,key-31,2044
1775448134608,key-42,41
1775448134609,key-5,231
1775448134609,key-42,42
1775448134621,key-42,54
1775448134625,key-27,510
1775448134628,key-5,250
1775448134629,key-2,2113
1775448134637,key-12,645
1775448134658,key-2,2142
1775448134677,key-12,685
1775448134681,key-2,2165
1775448134696,key-2,2180
1775448134697,key-2,2181
1775448134720,key-29,53
1775448134731,key-29,64
1775448134732,key-29,65
1775448134732,key-2,2216
1775448134735,key-49,52
1775448134740,key-2,2224
1775448134743,key-2,2227
1775448134749,key-27,634
1775448134750,key-47,980
1775448134750,key-5,372
1775448134763,key-29,96
1775448134764,key-28,1
1775448134766,key-29,99
1775448134773,key-49,90
1775448134779,key-28,16
1775448134790,key-29,123
1775448134791,key-47,1021
1775448134791,key-2,2275
1775448134791,key-29,124
1775448134791,key-27,676
1775448134791,key-27,676
1775448134793,key-47,1023
1775448134801,key-5,423
1775448134813,key-18,354
1775448134832,key-5,454
1775448134846,key-47,1076
1775448134870,key-5,492
1775448134907,key-47,1137
1775448134921,key-5,543
1775448134922,key-18,463
1775448134943,key-36,1256
1775448134946,key-11,2126
1775448134951,key-49,268
1775448134992,key-18,533
1775448134993,key-18,534
1775448134993,key-18,534
1775448135004,key-11,2184
1775448135014,key-33,1403
1775448135017,key-24,393
1775448135022,key-11,2202
1775448135034,key-30,44
1775448135062,key-12,1070
1775448135062,key-33,1451
1775448135101,key-11,2281
1775448135102,key-46,299
1775448135102,key-28,339
1775448135109,key-36,1422
1775448135148,key-33,1537
1775448135149,key-30,159
1775448135155,key-12,1163
1775448135182,key-46,379
1775448135194,key-12,1202
1775448135262,key-29,595
1775448135288,key-36,1601
1775448135311,key-30,96
1775448135312,key-30,97
1775448135320,key-36,1633
1775448135322,key-29,655
1775448135324,key-10,2807
1775448135325,key-42,758
1775448135330,key-36,1643
1775448135332,key-36,1645
1775448135338,key-4,257
1775448135348,key-29,681
1775448135355,key-36,1668
1775448135356,key-36,1669
1775448135356,key-36,1669
1775448135358,key-4,277
1775448135409,key-36,1722
1775448135415,key-36,1728
1775448135432,key-13,13
1775448135440,key-36,1753
1775448135441,key-30,226
1775448135442,key-36,1755
1775448135461,key-30,246
1775448135465,key-36,1778
1775448135466,key-13,47
1775448135477,key-18,1018
1775448135481,key-18,1022
1775448135499,key-18,1040
1775448135506,key-28,743
1775448135506,key-25,1374
1775448135515,key-24,26
1775448135516,key-30,301
1775448135516,key-19,54
1775448135517,key-47,27
1775448135517,key-20,30
1775448135525,key-24,36
1775448135529,key-20,42
1775448135535,key-47,45
1775448135536,key-18,1077
1775448135539,key-33,1928
1775448135539,key-18,1080
1775448135540,key-24,51
1775448135551,key-47,61
1775448135555,key-19,93
1775448135558,key-8,976
1775448135562,key-20,75
1775448135563,key-24,74
1775448135564,key-24,75
1775448135580,key-24,91
1775448135585,key-14,1585
1775448135599,key-18,1140
1775448135599,key-8,1017
1775448135603,key-18,1144
1775448135607,key-18,1148
1775448135614,key-13,6
1775448135624,key-36,1937
1775448135626,key-23,13
1775448135626,key-23,13
1775448135628,key-23,15
1775448135629,key-23,16
1775448135638,key-23,25
1775448135640,key-23,27
1775448135641,key-23,28
1775448135643,key-23,30
1775448135644,key-23,31
1775448135652,key-28,889
1775448135659,key-23,46
1775448135660,key-23,47
1775448135666,key-23,53
1775448135666,key-47,176
1775448135670,key-34,1473
1775448135672,key-5,4
1775448135672,key-23,59
1775448135675,key-23,62
1775448135675,key-28,912
1775448135683,key-28,920
1775448135686,key-23,73
1775448135692,key-23,79
1775448135694,key-30,146
1775448135694,key-34,25
1775448135695,key-23,82
1775448135695,key-34,26
1775448135696,key-34,27
1775448135697,key-31,78
1775448135699,key-34,30
1775448135707,key-34,38
1775448135707,key-23,94
1775448135708,key-5,40
1775448135708,key-34,39
1775448135711,key-13,103
1775448135716,key-34,47
1775448135734,key-34,65
1775448135734,key-5,66
1775448135735,key-34,66
1775448135737,key-34,68
1775448135741,key-33,2130
1775448135741,key-34,72
1775448135743,key-34,74
1775448135750,key-34,81
1775448135750,key-34,81
1775448135756,key-34,87
1775448135758,key-34,89
1775448135758,key-34,89
1775448135767,key-23,154
1775448135767,key-25,1635
1775448135770,key-34,101
1775448135775,key-5,107
1775448135784,key-5,116
1775448135789,key-33,2178
1775448135789,key-34,120
1775448135793,key-25,1661
1775448135798,key-34,129
1775448135806,key-12,14
1775448135806,key-23,193
1775448135810,key-25,1678
1775448135811,key-28,1048
1775448135814,key-25,1682
1775448135816,key-28,1053
1775448135823,key-27,1708
1775448135826,key-12,34
1775448135829,key-7,961
1775448135831,key-12,39
1775448135834,key-12,42
1775448135838,key-34,169
1775448135838,key-42,119
1775448135841,key-1,352
1775448135841,key-34,172
1775448135844,key-12,52
1775448135854,key-28,1091
1775448135865,key-42,146
1775448135867,key-34,198
1775448135872,key-12,80
1775448135875,key-30,327
1775448135876,key-12,84
1775448135879,key-29,1212
1775448135879,key-42,160
1775448135890,key-34,221
1775448135895,key-12,103
1775448135916,key-12,124
1775448135917,key-29,1250
1775448135917,key-34,248
1775448135918,key-34,249
1775448135924,key-29,1257
1775448135926,key-18,4
1775448135927,key-42,208
1775448135928,key-29,1261
1775448135936,key-25,1804
1775448135947,key-12,155
1775448135948,key-29,1281
1775448135951,key-34,282
1775448135952,key-29,1285
1775448135971,key-29,1304
1775448135972,key-42,253
1775448135976,key-34,307
1775448135987,key-18,65
1775448135991,key-29,1324
1775448135991,key-29,1324
1775448135992,key-29,1325
1775448135994,key-34,325
1775448136018,key-29,1351
1775448136018,key-18,96
1775448136028,key-29,1361
1775448136035,key-29,1368
1775448136036,key-29,1369
1775448136037,key-14,2037
1775448136038,key-34,23
1775448136049,key-29,1382
1775448136053,key-18,131
1775448136054,key-34,39
1775448136060,key-14,2060
1775448136071,key-18,149
1775448136084,key-31,465
1775448136084,key-34,69
1775448136085,key-34,70
1775448136087,key-14,2087
1775448136090,key-34,75
1775448136098,key-14,2098
1775448136099,key-32,2392
1775448136101,key-14,2101
1775448136103,key-1,614
1775448136111,key-32,2404
1775448136113,key-34,98
1775448136127,key-23,57
1775448136129,key-14,2129
1775448136130,key-35,2015
1775448136130,key-14,2130
1775448136130,key-34,115
1775448136132,key-23,62
1775448136132,key-49,524
1775448136137,key-14,2137
1775448136142,key-34,127
1775448136150,key-14,2150
1775448136154,key-34,139
1775448136158,key-14,2158
1775448136160,key-14,2160
1775448136166,key-34,151
1775448136167,key-34,152
1775448136171,key-14,2171
1775448136176,key-35,2061
1775448136178,key-14,2178
1775448136179,key-49,571
1775448136179,key-34,164
1775448136179,key-23,109
1775448136181,key-49,573
1775448136191,key-34,176
1775448136192,key-49,584
1775448136194,key-7,74
1775448136199,key-42,480
1775448136200,key-34,185
1775448136202,key-49,594
1775448136203,key-14,2203
1775448136208,key-49,600
1775448136227,key-35,2112
1775448136228,key-23,158
1775448136228,key-14,2228
1775448136229,key-34,214
1775448136237,key-47,747
1775448136248,key-34,233
1775448136248,key-34,233
1775448136249,key-14,2249
1775448136250,key-48,42
1775448136262,key-49,654
1775448136263,key-34,248
1775448136265,key-49,657
1775448136267,key-48,59
1775448136269,key-34,254
1775448136278,key-34,263
1775448136283,key-34,268
1775448136289,key-42,570
1775448136301,key-43,55
1775448136302,key-34,287
1775448136302,key-48,94
1775448136303,key-42,584
1775448136303,key-14,2303
1775448136303,key-34,288
1775448136303,key-7,183
1775448136303,key-38,244
1775448136304,key-49,696
1775448136306,key-9,3534
1775448136308,key-36,2621
1775448136310,key-42,591
1775448136317,key-49,709
1775448136322,key-34,307
1775448136323,key-48,115
1775448136325,key-34,310
1775448136326,key-38,4
1775448136326,key-14,2326
1775448136329,key-32,2622
1775448136336,key-34,321
1775448136336,key-34,321
1775448136338,key-7,218
1775448136339,key-32,2632
1775448136354,key-38,32
1775448136354,key-7,234
1775448136355,key-32,2648
1775448136355,key-12,563
1775448136355,key-31,736
1775448136356,key-38,34
1775448136357,key-50,384
1775448136362,key-38,40
1775448136365,key-38,43
1775448136368,key-11,4
1775448136369,key-38,47
1775448136370,key-34,355
1775448136370,key-38,48
1775448136371,key-38,49
1775448136376,key-11,12
1775448136377,key-11,13
1775448136378,key-7,258
1775448136384,key-11,20
1775448136386,key-38,64
1775448136387,key-38,65
1775448136388,key-50,415
1775448136389,key-11,25
1775448136395,key-38,73
1775448136403,key-11,39
1775448136403,key-11,39
1775448136404,key-38,82
1775448136405,key-11,41
1775448136406,key-38,84
1775448136407,key-11,43
1775448136407,key-30,131
1775448136416,key-11,52
1775448136417,key-30,141
1775448136418,key-38,96
1775448136420,key-11,56
1775448136420,key-38,98
1775448136433,key-5,765
1775448136435,key-8,1853
1775448136438,key-38,116
1775448136438,key-38,116
1775448136438,key-45,6
1775448136440,key-2,3924
1775448136445,key-10,531
1775448136445,key-45,13
1775448136446,key-28,1683
1775448136454,key-34,439
1775448136459,key-30,183
1775448136459,key-2,3943
1775448136459,key-38,137
1775448136460,key-10,546
1775448136462,key-2,3946
1775448136464,key-38,142
1775448136467,key-2,3951
1775448136467,key-2,3951
1775448136470,key-2,3954
1775448136477,key-2,3961
1775448136484,key-38,162
1775448136487,key-18,565
1775448136487,key-2,3971
1775448136488,key-32,2781
1775448136489,key-10,575
1775448136498,key-8,1916
1775448136499,key-7,379
1775448136500,key-2,3984
1775448136502,key-32,2795
1775448136502,key-47,1012
1775448136502,key-10,588
1775448136502,key-38,180
1775448136502,key-9,3730
1775448136503,key-38,181
1775448136509,key-30,233
1775448136517,key-9,3745
1775448136522,key-18,600
1775448136522,key-24,1033
1775448136523,key-32,2816
1775448136532,key-32,2825
1775448136534,key-32,2827
1775448136534,key-14,2534
1775448136534,key-24,1045
1775448136540,key-36,2853
1775448136541,key-24,1052
1775448136541,key-14,2541
1775448136545,key-32,2838
1775448136558,key-18,636
1775448136558,key-24,1069
1775448136560,key-13,952
1775448136562,key-2,4046
1775448136562,key-13,954
1775448136563,key-32,2856
1775448136566,key-50,593
1775448136574,key-24,1085
1775448136578,key-8,1996
1775448136583,key-40,49
1775448136584,key-38,262
1775448136584,key-14,2584
1775448136585,key-46,339
1775448136590,key-8,2008
1775448136592,key-13,984
1775448136604,key-48,396
1775448136604,key-24,1115
1775448136609,key-46,363
1775448136609,key-8,2027
1775448136611,key-48,403
1775448136612,key-19,276
1775448136614,key-8,2032
1775448136616,key-11,252
1775448136620,key-8,2038
1775448136626,key-40,92
1775448136631,key-8,2049
1775448136633,key-8,2051
1775448136637,key-8,2055
1775448136638,key-43,392
1775448136648,key-15,5
1775448136660,key-8,2078
1775448136661,key-43,415
1775448136661,key-8,2079
1775448136662,key-19,326
1775448136673,key-8,2091
1775448136675,key-33,38
1775448136676,key-17,2584
1775448136680,key-45,147
1775448136684,key-33,47
1775448136684,key-8,2102
1775448136685,key-41,26
1775448136686,key-34,671
1775448136689,key-8,2107
1775448136694,key-8,2112
1775448136695,key-17,2603
1775448136703,key-1,1214
1775448136704,key-33,67
1775448136708,key-41,49
1775448136717,key-12,924
1775448136718,key-43,472
1775448136724,key-1,1235
1775448136725,key-41,66
1775448136726,key-38,404
1775448136726,key-43,480
1775448136726,key-8,2144
1775448136739,key-11,375
1775448136743,key-41,84
1775448136757,key-43,511
1775448136757,key-41,98
1775448136757,key-43,511
1775448136761,key-46,515
1775448136761,key-29,2094
1775448136762,key-48,554
1775448136762,key-43,516
1775448136763,key-33,126
1775448136766,key-11,402
1775448136769,key-24,1280
1775448136775,key-11,411
1775448136776,key-47,1286
1775448136782,key-36,3095
1775448136789,key-46,543
1775448136792,key-29,2125
1775448136794,key-41,135
1775448136794,key-43,548
1775448136810,key-46,564
1775448136811,key-9,48
1775448136812,key-9,49
1775448136814,key-29,2147
1775448136815,key-27,277
1775448136816,key-46,570
1775448136825,key-41,166
1775448136825,key-46,579
1775448136826,key-24,1337
1775448136826,key-41,167
1775448136829,key-36,3142
1775448136833,key-29,2166
1775448136840,key-46,594
1775448136841,key-47,1351
1775448136842,key-27,304
1775448136850,key-46,604
1775448136856,key-46,610
1775448136861,key-50,173
1775448136861,key-36,3174
1775448136862,key-7,742
1775448136863,key-46,617
1775448136865,key-29,2198
1775448136867,key-46,621
1775448136868,key-24,1379
1775448136879,key-27,341
1775448136881,key-46,635
1775448136881,key-19,545
1775448136882,key-46,636
1775448136882,key-5,1214
1775448136885,key-46,639
1775448136890,key-46,644
1775448136892,key-46,646
1775448136893,key-27,355
1775448136899,key-1,1410
1775448136900,key-20,1413
1775448136901,key-25,2769
1775448136904,key-46,658
1775448136905,key-46,659
1775448136912,key-46,666
1775448136912,key-46,666
1775448136912,key-25,2780
1775448136926,key-25,2794
1775448136927,key-20,1440
1775448136928,key-46,682
1775448136931,key-46,685
1775448136941,key-5,1273
1775448136942,key-46,696
1775448136946,key-46,700
1775448136946,key-50,258
1775448136947,key-27,409
1775448136948,key-5,1280
1775448136949,key-46,703
1775448136959,key-46,713
1775448136959,key-50,271
1775448136964,key-10,64
1775448136965,key-32,9
1775448136967,key-49,27
1775448136969,key-46,723
1775448136972,key-24,27
1775448136980,key-49,11
1775448136984,key-46,738
1775448136984,key-49,15
1775448136986,key-46,740
1775448136993,key-47,13
1775448136995,key-50,306
1775448136996,key-47,16
1775448136997,key-49,28
1775448137000,key-49,31
1775448137001,key-4,308
1775448137003,key-49,34
1775448137007,key-27,469
1775448137009,key-47,29
1775448137009,key-47,29
1775448137010,key-49,41
1775448137011,key-14,3011
1775448137032,key-47,52
1775448137047,key-47,67
1775448137048,key-47,68
1775448137048,key-29,2381
1775448137048,key-47,68
1775448137048,key-47,68
1775448137048,key-27,510
1775448137049,key-47,69
1775448137049,key-35,2934
1775448137051,key-32,95
1775448137051,key-17,3
1775448137051,key-18,40
1775448137053,key-47,73
1775448137054,key-47,74
1775448137061,key-29,2394
1775448137075,key-47,95
1775448137075,key-32,119
1775448137076,key-47,96
1775448137078,key-47,98
1775448137078,key-47,98
1775448137078,key-29,2411
1775448137079,key-50,391
1775448137080,key-26,33
1775448137081,key-47,101
1775448137082,key-45,549
1775448137083,key-32,127
1775448137085,key-27,547
1775448137089,key-47,109
1775448137090,key-35,2975
1775448137093,key-26,46
1775448137105,key-22,344
1775448137106,key-29,2439
1775448137107,key-32,151
1775448137109,key-7,989
1775448137109,key-11,745
1775448137115,key-47,135
1775448137121,key-27,583
1775448137122,key-22,361
1775448137122,key-47,142
1775448137122,key-47,142
1775448137123,key-27,585
1775448137126,key-47,146
1775448137127,key-22,366
1775448137128,key-47,148
1775448137129,key-47,149
1775448137135,key-47,155
1775448137141,key-47,161
1775448137151,key-10,251
1775448137151,key-47,171
1775448137152,key-22,391
1775448137153,key-8,212
1775448137153,key-22,392
1775448137154,key-30,878
1775448137157,key-47,177
1775448137158,key-22,397
1775448137160,key-35,3045
1775448137167,key-38,845
1775448137167,key-35,3052
1775448137169,key-33,532
1775448137170,key-47,190
1775448137172,key-27,634
1775448137182,key-32,226
1775448137183,key-47,203
1775448137184,key-42,1465
1775448137184,key-50,496
1775448137188,key-50,500
1775448137193,key-38,871
1775448137195,key-22,434
1775448137197,key-25,3065
1775448137199,key-38,877
1775448137202,key-22,441
1775448137204,key-35,3089
1775448137205,key-50,517
1775448137205,key-42,22
1775448137217,key-47,237
1775448137226,key-32,270
1775448137226,key-28,22
1775448137227,key-21,18
1775448137228,key-47,248
1775448137228,key-38,906
1775448137237,key-13,1629
1775448137237,key-38,915
1775448137241,key-32,285
1775448137243,key-23,1173
1775448137244,key-18,16
1775448137244,key-14,3244
1775448137249,key-28,45
1775448137257,key-42,74
1775448137258,key-14,3258
1775448137261,key-9,498
1775448137262,key-42,79
1775448137263,key-2,4747
1775448137265,key-13,1657
1775448137265,key-28,61
1775448137266,key-32,310
1775448137273,key-14,3273
1775448137273,key-32,317
1775448137275,key-38,953
1775448137281,key-35,3166
1775448137286,key-17,238
1775448137299,key-18,71
1775448137300,key-38,978
1775448137300,key-35,3185
1775448137300,key-14,3300
1775448137301,key-28,97
1775448137301,key-14,3301
1775448137302,key-14,3302
1775448137302,key-13,1694
1775448137302,key-42,119
1775448137302,key-32,346
1775448137302,key-28,98
1775448137303,key-18,75
1775448137303,key-18,75
1775448137303,key-18,75
1775448137309,key-28,105
1775448137312,key-18,84
1775448137313,key-18,85
1775448137325,key-18,97
1775448137326,key-33,689
1775448137327,key-13,1719
1775448137327,key-17,279
1775448137327,key-28,123
1775448137328,key-14,3328
1775448137328,key-5,1660
1775448137335,key-17,287
1775448137337,key-22,576
1775448137341,key-18,113
1775448137342,key-43,373
1775448137345,key-28,141
1775448137345,key-18,117
1775448137346,key-29,2679
1775448137352,key-43,383
1775448137354,key-22,593
1775448137354,key-4,661
1775448137355,key-29,2688
1775448137355,key-22,594
1775448137355,key-7,1235
1775448137367,key-13,1759
1775448137367,key-7,1247
1775448137368,key-43,399
1775448137368,key-17,320
1775448137371,key-13,1763
1775448137372,key-43,403
1775448137376,key-4,683
1775448137378,key-21,169
1775448137380,key-43,411
1775448137381,key-4,688
1775448137381,key-7,1261
1775448137383,key-17,335
1775448137385,key-13,1777
1775448137396,key-23,1326
1775448137397,key-25,5
1775448137404,key-43,435
1775448137406,key-5,1738
1775448137406,key-13,1798
1775448137407,key-43,438
1775448137409,key-25,17
1775448137410,key-25,18
1775448137415,key-26,368
1775448137415,key-13,1807
1775448137415,key-13,1807
1775448137417,key-13,1809
1775448137420,key-32,464
1775448137421,key-25,29
1775448137422,key-23,1352
1775448137426,key-13,1818
1775448137440,key-32,484
1775448137441,key-13,1833
1775448137441,key-43,472
1775448137442,key-13,1834
1775448137450,key-14,3450
1775448137453,key-13,1845
1775448137454,key-38,1132
1775448137454,key-31,1835
1775448137454,key-25,62
1775448137454,key-43,485
1775448137455,key-23,1385
1775448137456,key-24,511
1775448137456,key-13,1848
1775448137465,key-8,524
1775448137465,key-43,496
1775448137470,key-38,1148
1775448137474,key-34,700
1775448137478,key-34,704
1775448137479,key-20,1992
1775448137479,key-22,718
1775448137492,key-34,718
1775448137492,key-24,547
1775448137494,key-43,525
1775448137495,key-49,526
1775448137501,key-36,53
1775448137504,key-20,2017
1775448137505,key-24,560
1775448137506,key-34,732
1775448137519,key-18,291
1775448137519,key-34,745
1775448137519,key-17,471
1775448137522,key-49,553
1775448137523,key-43,554
1775448137524,key-31,1905
1775448137526,key-14,3526
1775448137532,key-36,84
1775448137538,key-20,7
1775448137538,key-34,764
1775448137538,key-43,569
1775448137539,key-36,91
1775448137541,key-29,2874
1775448137551,key-34,777
1775448137552,key-29,2885
1775448137552,key-43,583
1775448137554,key-24,5
1775448137555,key-20,24
1775448137559,key-44,9
1775448137559,key-29,2892
1775448137562,key-24,13
1775448137564,key-29,2897
1775448137569,key-45,19
1775448137570,key-29,2903
1775448137572,key-27,1034
1775448137574,key-45,24
1775448137576,key-29,2909
1775448137579,key-43,610
1775448137580,key-2,5064
1775448137581,key-44,31
1775448137582,key-30,1306
1775448137582,key-45,32
1775448137586,key-44,36
1775448137586,key-45,36
1775448137588,key-47,608
1775448137589,key-17,541
1775448137589,key-44,39
1775448137589,key-2,5073
1775448137590,key-29,2923
1775448137602,key-20,8
1775448137602,key-24,53
1775448137602,key-20,8
1775448137602,key-13,1994
1775448137603,key-27,1065
1775448137604,key-17,556
1775448137605,key-10,705
1775448137606,key-30,1330
1775448137607,key-24,58
1775448137610,key-20,16
1775448137612,key-20,18
1775448137613,key-5,1945
1775448137615,key-20,21
1775448137625,key-5,1957
1775448137625,key-17,577
1775448137626,key-20,32
1775448137626,key-29,2959
1775448137626,key-7,1506
1775448137627,key-30,1351
1775448137627,key-44,77
1775448137628,key-5,1960
1775448137629,key-20,35
1775448137631,key-5,1963
1775448137633,key-42,450
1775448137635,key-20,41
1775448137637,key-20,43
1775448137638,key-44,88
1775448137639,key-47,659
1775448137643,key-4,950
1775448137643,key-5,1975
1775448137649,key-47,669
1775448137649,key-44,99
1775448137659,key-5,1991
1775448137664,key-20,70
1775448137664,key-47,684
1775448137665,key-47,685
1775448137665,key-42,482
1775448137666,key-49,697
1775448137666,key-22,905
1775448137666,key-47,686
1775448137666,key-47,686
1775448137676,key-9,913
1775448137676,key-5,2008
1775448137677,key-30,19
1775448137678,key-5,2010
1775448137684,key-5,2016
1775448137685,key-28,28
1775448137686,key-49,717
1775448137686,key-47,706
1775448137692,key-20,98
1775448137693,key-28,36
1775448137693,key-49,724
1775448137694,key-30,36
1775448137694,key-22,933
1775448137696,key-22,935
1775448137707,key-5,2039
1775448137711,key-49,742
1775448137713,key-5,2045
1775448137713,key-28,56
1775448137713,key-28,56
1775448137713,key-5,2045
1775448137714,key-25,322
1775448137727,key-22,966
1775448137728,key-28,16
1775448137729,key-8,788
1775448137730,key-49,761
1775448137731,key-49,762
1775448137731,key-44,181
1775448137733,key-28,21
1775448137733,key-28,21
1775448137735,key-4,1042
1775448137736,key-25,344
1775448137736,key-5,2068
1775448137748,key-22,987
1775448137748,key-28,36
1775448137750,key-25,358
1775448137753,key-28,41
1775448137762,key-28,50
1775448137763,key-25,371
1775448137764,key-8,823
1775448137768,key-38,1446
1775448137769,key-28,57
1775448137769,key-25,377
1775448137777,key-8,836
1775448137777,key-28,65
1775448137780,key-22,1019
1775448137789,key-31,2170
1775448137792,key-31,2173
1775448137799,key-39,1004
1775448137799,key-30,29
1775448137800,key-30,30
1775448137809,key-22,1048
1775448137811,key-42,628
1775448137811,key-28,14
1775448137815,key-17,767
1775448137816,key-22,1055
1775448137818,key-17,770
1775448137819,key-25,427
1775448137824,key-31,2205
1775448137834,key-30,64
1775448137844,key-42,661
1775448137846,key-30,76
1775448137860,key-15,1217
1775448137860,key-33,1223
1775448137863,key-30,93
1775448137863,key-17,815
1775448137864,key-41,1205
1775448137864,key-22,1103
1775448137869,key-30,99
1775448137882,key-41,1223
1775448137891,key-17,843
1775448137892,key-41,1233
1775448137892,key-7,32
1775448137892,key-21,683
1775448137893,key-33,1256
1775448137895,key-44,345
1775448137895,key-41,1236
1775448137898,key-41,1239
1775448137903,key-47,13
1775448137907,key-17,859
1775448137910,key-47,20
1775448137910,key-4,1217
1775448137912,key-18,42
1775448137918,key-44,368
1775448137924,key-20,205
1775448137925,key-12,2133
1775448137928,key-47,38
1775448137929,key-31,2310
1775448137934,key-17,886
1775448137941,key-44,391
1775448137950,key-44,400
1775448137950,key-31,2331
1775448137950,key-12,2158
1775448137958,key-47,68
1775448137959,key-21,18
1775448137969,key-47,79
1775448137970,key-2,5454
1775448137970,key-12,2178
1775448137973,key-47,83
1775448137980,key-38,1658
1775448137981,key-43,403
1775448137985,key-39,1190
1775448137991,key-12,2199
1775448137991,key-44,441
1775448137992,key-38,1670
1775448137992,key-20,273
1775448137993,key-12,2201
1775448138000,key-22,130
1775448138002,key-10,6
1775448138005,key-43,427
1775448138012,key-10,16
1775448138015,key-43,437
1775448138018,key-10,22
1775448138020,key-43,442
1775448138020,key-12,2228
1775448138020,key-43,442
1775448138022,key-24,473
1775448138022,key-28,225
1775448138023,key-32,1067
1775448138023,key-10,27
1775448138025,key-26,978
1775448138027,key-10,31
1775448138029,key-22,159
1775448138034,key-43,456
1775448138034,key-10,38
1775448138036,key-28,239
1775448138038,key-14,4038
1775448138038,key-26,991
1775448138056,key-26,1009
1775448138058,key-1,2569
1775448138058,key-10,62
1775448138059,key-43,481
1775448138059,key-38,1737
1775448138060,key-43,482
1775448138061,key-43,483
1775448138064,key-10,68
1775448138068,key-42,885
1775448138068,key-13,128
1775448138071,key-28,274
1775448138085,key-1,2596
1775448138086,key-10,90
1775448138086,key-30,316
1775448138087,key-38,1765
1775448138088,key-43,510
1775448138107,key-23,2037
1775448138108,key-33,1471
1775448138108,key-10,112
1775448138110,key-13,170
1775448138117,key-13,177
1775448138117,key-33,1480
1775448138121,key-42,938
1775448138122,key-26,1075
1775448138128,key-39,5
1775448138129,key-1,2640
1775448138141,key-33,1504
1775448138152,key-33,1515
1775448138153,key-1,15
1775448138158,key-42,975
1775448138159,key-42,976
1775448138162,key-13,222
1775448138168,key-33,1531
1775448138175,key-1,37
1775448138182,key-48,1974
1775448138184,key-13,244
1775448138189,key-1,51
1775448138195,key-1,57
1775448138203,key-21,34
1775448138204,key-33,1567
1775448138213,key-32,1257
1775448138213,key-42,1030
1775448138213,key-48,2005
1775448138215,key-12,2423
1775448138228,key-13,288
1775448138229,key-10,233
1775448138230,key-42,1047
1775448138231,key-39,37
1775448138232,key-49,1263
1775448138233,key-33,1596
1775448138236,key-1,98
1775448138237,key-12,2445
1775448138238,key-39,44
1775448138250,key-32,1294
1775448138250,key-13,310
1775448138251,key-13,311
1775448138252,key-34,1478
1775448138253,key-13,313
1775448138254,key-42,1071
1775448138258,key-50,1570
1775448138266,key-13,326
1775448138267,key-14,4267
1775448138267,key-18,397
1775448138272,key-13,332
1775448138280,key-12,2488
1775448138280,key-22,48
1775448138287,key-14,4287
1775448138290,key-34,1516
1775448138298,key-22,66
1775448138300,key-13,360
1775448138300,key-34,1526
1775448138300,key-39,106
1775448138300,key-12,2508
1775448138300,key-14,4300
1775448138301,key-13,361
1775448138301,key-22,69
1775448138301,key-37,13
1775448138302,key-13,362
1775448138302,key-34,1528
1775448138303,key-15,12
1775448138306,key-13,366
1775448138306,key-28,509
1775448138307,key-39,113
1775448138308,key-15,17
1775448138309,key-37,21
1775448138314,key-22,82
1775448138314,key-39,120
1775448138315,key-22,83
1775448138316,key-15,25
1775448138328,key-34,1554
1775448138328,key-14,4328
1775448138329,key-15,38
1775448138333,key-47,226
1775448138333,key-37,45
1775448138339,key-13,399
1775448138340,key-37,52
1775448138341,key-39,147
1775448138342,key-47,235
1775448138342,key-34,1568
1775448138342,key-22,110
1775448138346,key-42,1163
1775448138347,key-39,153
1775448138354,key-47,247
1775448138354,key-13,414
1775448138354,key-13,414
1775448138354,key-39,160
1775448138357,key-39,163
1775448138357,key-47,250
1775448138357,key-37,69
1775448138359,key-13,419
1775448138359,key-39,165
1775448138361,key-13,421
1775448138369,key-20,650
1775448138370,key-13,430
1775448138370,key-47,263
1775448138374,key-37,86
1775448138377,key-22,145
1775448138377,key-25,985
1775448138383,key-35,4268
1775448138384,key-25,992
1775448138389,key-29,3722
1775448138389,key-13,449
1775448138390,key-20,671
1775448138390,key-13,450
1775448138390,key-47,283
1775448138394,key-13,454
1775448138396,key-47,289
1775448138405,key-47,298
1775448138406,key-13,466
1775448138407,key-26,1360
1775448138408,key-17,1360
1775448138414,key-47,307
1775448138416,key-13,476
1775448138416,key-20,697
1775448138417,key-47,310
1775448138419,key-22,187
1775448138426,key-25,1034
1775448138426,key-20,707
1775448138427,key-47,320
1775448138438,key-17,1390
1775448138439,key-29,3772
1775448138446,key-26,1399
1775448138453,key-27,1915
1775448138453,key-13,513
1775448138454,key-17,1406
1775448138455,key-29,3788
1775448138456,key-20,737
1775448138457,key-35,4342
1775448138458,key-20,739
1775448138467,key-27,1929
1775448138467,key-10,471
1775448138472,key-31,2853
1775448138472,key-19,2136
1775448138475,key-31,2856
1775448138477,key-13,537
1775448138477,key-27,1939
1775448138478,key-10,482
1775448138483,key-1,345
1775448138487,key-50,1799
1775448138489,key-35,4374
1775448138497,key-13,557
1775448138497,key-20,778
1775448138497,key-31,2878
1775448138499,key-30,729
1775448138500,key-28,703
1775448138500,key-10,504
1775448138503,key-10,507
1775448138507,key-40,537
1775448138512,key-27,1974
1775448138518,key-13,578
1775448138518,key-31,2899
1775448138520,key-50,1832
1775448138521,key-17,1473
1775448138534,key-10,538
1775448138541,key-1,403
1775448138541,key-31,2922
1775448138541,key-4,56
1775448138542,key-10,546
1775448138544,key-50,1856
1775448138545,key-15,254
1775448138545,key-9,1782
1775448138550,key-4,65
1775448138559,key-13,619
1775448138559,key-50,1871
1775448138559,key-15,268
1775448138560,key-28,763
1775448138561,key-15,270
1775448138562,key-46,46
1775448138577,key-25,1185
1775448138583,key-4,98
1775448138591,key-15,300
1775448138592,key-46,76
1775448138592,key-10,596
1775448138594,key-46,78
1775448138601,key-15,310
1775448138612,key-15,321
1775448138613,key-15,322
1775448138613,key-9,1850
1775448138613,key-9,1850
1775448138622,key-1,82
1775448138623,key-10,627
1775448138632,key-28,21
1775448138641,key-4,156
1775448138641,key-46,125
1775448138642,key-40,30
1775448138642,key-4,157
1775448138643,key-46,127
1775448138643,key-15,352
1775448138652,key-27,2114
1775448138652,key-28,41
1775448138659,key-28,48
1775448138667,key-15,376
1775448138669,key-4,184
1775448138674,key-36,1226
1775448138674,key-28,63
1775448138676,key-15,385
1775448138676,key-28,65
1775448138678,key-40,66
1775448138697,key-36,1249
1775448138698,key-46,23
1775448138699,key-15,408
1775448138701,key-46,26
1775448138703,key-46,28
1775448138712,key-40,100
1775448138723,key-15,432
1775448138724,key-40,112
1775448138725,key-40,113
1775448138725,key-42,1542
1775448138726,key-36,1278
1775448138727,key-4,242
1775448138727,key-9,1964
1775448138727,key-6,4
1775448138728,key-40,116
1775448138743,key-28,132
1775448138747,key-9,1984
1775448138748,key-15,457
1775448138748,key-42,1565
1775448138748,key-40,136
1775448138749,key-4,264
1775448138750,key-4,265
1775448138757,key-6,34
1775448138759,key-46,84
1775448138760,key-27,2222
1775448138762,key-15,471
1775448138763,key-4,278
1775448138782,key-9,2019
1775448138783,key-28,172
1775448138783,key-21,614
1775448138783,key-6,60
1775448138783,key-1,243
1775448138798,key-1,16
1775448138821,key-6,98
1775448138821,key-6,98
1775448138822,key-40,210
1775448138822,key-5,80
1775448138822,key-6,99
1775448138822,key-9,2059
1775448138822,key-9,2059
1775448138822,key-30,1052
1775448138822,key-40,210
1775448138825,key-21,656
1775448138826,key-9,2063
1775448138835,key-21,666
1775448138836,key-11,2472
1775448138837,key-6,114
1775448138838,key-6,115
1775448138850,key-5,108
1775448138851,key-29,377
1775448138852,key-6,129
1775448138852,key-35,4737
1775448138856,key-5,114
1775448138856,key-15,565
1775448138859,key-40,247
1775448138866,key-26,1819
1775448138869,key-40,257
1775448138870,key-32,1914
1775448138871,key-5,129
1775448138872,key-40,260
1775448138876,key-36,1428
1775448138877,key-35,4762
1775448138889,key-5,147
1775448138889,key-6,166
1775448138890,key-43,1312
1775448138890,key-16,54
1775448138890,key-34,2116
1775448138893,key-40,281
1775448138893,key-27,2355
1775448138907,key-40,295
1775448138908,key-6,185
1775448138909,key-38,2587
1775448138909,key-34,2135
1775448138910,key-39,89
1775448138910,key-5,168
1775448138913,key-16,77
1775448138913,key-24,37
1775448138914,key-45,590
1775448138915,key-38,2593
1775448138916,key-34,2142
1775448138922,key-50,9
1775448138922,key-2,27
1775448138923,key-50,10
1775448138925,key-6,202
1775448138927,key-50,14
1775448138930,key-34,2156
1775448138938,key-41,781
1775448138939,key-40,327
1775448138940,key-6,217
1775448138948,key-50,35
1775448138949,key-17,1901
1775448138950,key-14,37
1775448138969,key-14,56
1775448138971,key-50,58
1775448138972,key-12,3180
1775448138972,key-37,122
1775448138972,key-50,59
1775448138972,key-50,59
1775448138972,key-40,360
1775448138973,key-12,3181
1775448138973,key-32,2017
1775448138973,key-50,60
1775448138973,key-50,60
1775448138973,key-17,1925
1775448138973,key-38,2651
1775448138973,key-10,977
1775448138974,key-22,46
1775448138974,key-6,251
1775448138986,key-14,73
1775448138986,key-19,2650
1775448138986,key-29,512
1775448138989,key-50,76
1775448138995,key-23,2925
1775448138995,key-42,1812
1775448138999,key-8,2058
1775448138999,key-22,71
1775448139000,key-16,32
1775448139010,key-19,22
1775448139011,key-8,2070
1775448139011,key-3,19
1775448139011,key-19,23
1775448139012,key-17,1964
1775448139012,key-5,270
1775448139012,key-19,24
1775448139013,key-19,25
1775448139013,key-3,21
1775448139017,key-17,1969
1775448139021,key-19,33
1775448139021,key-43,1443
1775448139024,key-17,1976
1775448139024,key-16,56
1775448139025,key-38,2703
1775448139034,key-22,106
1775448139034,key-19,46
1775448139035,key-17,1987
1775448139035,key-28,424
1775448139037,key-21,150
1775448139039,key-19,51
1775448139040,key-38,2718
1775448139041,key-17,3
1775448139041,key-16,73
1775448139044,key-43,1466
1775448139044,key-16,76
1775448139046,key-43,1468
1775448139051,key-46,376
1775448139058,key-2,6
1775448139058,key-19,70
1775448139061,key-2,9
1775448139062,key-29,588
1775448139063,key-28,452
1775448139065,key-16,97
1775448139067,key-49,6
1775448139067,key-29,593
1775448139070,key-19,82
1775448139073,key-2,21
1775448139074,key-43,1496
1775448139075,key-49,14
1775448139075,key-19,87
1775448139078,key-17,40
1775448139079,key-43,1501
1775448139080,key-16,112
1775448139084,key-2,32
1775448139085,key-2,33
1775448139085,key-16,117
1775448139086,key-16,118
1775448139089,key-16,121
1775448139090,key-2,38
1775448139091,key-28,480
1775448139099,key-16,131
1775448139100,key-19,112
1775448139100,key-40,488
1775448139101,key-16,133
1775448139107,key-29,633
1775448139108,key-19,120
1775448139109,key-29,635
1775448139111,key-37,261
1775448139114,key-29,640
1775448139114,key-29,640
1775448139115,key-40,503
1775448139124,key-34,146
1775448139126,key-9,2363
1775448139127,key-28,516
1775448139127,key-45,803
1775448139128,key-50,215
1775448139129,key-24,253
1775448139129,key-28,518
1775448139130,key-16,162
1775448139136,key-28,525
1775448139138,key-29,664
1775448139139,key-29,665
1775448139140,key-29,666
1775448139142,key-28,531
1775448139144,key-10,7
1775448139145,key-29,671
1775448139148,key-29,674
1775448139150,key-28,539
1775448139158,key-28,547
1775448139158,key-38,21
1775448139159,key-29,685
1775448139167,key-50,254
1775448139168,key-16,200
1775448139169,key-14,256
1775448139170,key-16,202
1775448139173,key-16,205
1775448139174,key-16,206
1775448139175,key-12,3383
1775448139176,key-29,702
1775448139176,key-12,3384
1775448139176,key-14,263
1775448139178,key-14,265
1775448139180,key-16,212
1775448139183,key-16,3
1775448139190,key-14,277
1775448139191,key-49,130
1775448139197,key-12,3405
1775448139198,key-16,18
1775448139198,key-49,137
1775448139200,key-14,287
1775448139205,key-16,25
1775448139205,key-12,3413
1775448139207,key-14,294
1775448139208,key-14,295
1775448139209,key-12,3417
1775448139210,key-30,11
1775448139210,key-16,30
1775448139212,key-12,3420
1775448139213,key-19,22
1775448139214,key-16,34
1775448139219,key-14,306
1775448139221,key-12,3429
1775448139222,key-50,309
1775448139222,key-31,3603
1775448139225,key-2,173
1775448139225,key-20,1506
1775448139226,key-4,741
1775448139227,key-20,1508
1775448139227,key-36,16
1775448139233,key-23,3163
1775448139237,key-14,324
1775448139237,key-31,3618
1775448139239,key-14,326
1775448139242,key-16,62
1775448139243,key-49,182
1775448139243,key-16,63
1775448139249,key-14,336
1775448139249,key-14,336
1775448139251,key-10,13
1775448139256,key-10,18
1775448139260,key-10,22
1775448139260,key-16,80
1775448139261,key-19,70
1775448139268,key-10,30
1775448139269,key-7,593
1775448139270,key-14,357
1775448139270,key-16,90
1775448139273,key-7,597
1775448139274,key-16,94
1775448139274,key-14,361
1775448139279,key-14,366
1775448139279,key-14,366
1775448139281,key-14,368
1775448139286,key-14,373
1775448139287,key-31,3668
1775448139288,key-10,50
1775448139297,key-16,117
1775448139299,key-7,623
1775448139300,key-14,387
1775448139300,key-16,120
1775448139301,key-14,388
1775448139301,key-20,1582
1775448139302,key-16,122
1775448139303,key-33,2666
1775448139303,key-46,628
1775448139303,key-20,1584
1775448139303,key-7,627
1775448139304,key-1,522
1775448139304,key-11,2940
1775448139305,key-14,392
1775448139305,key-3,313
1775448139305,key-14,392
1775448139313,key-10,75
1775448139313,key-30,114
1775448139315,key-14,402
1775448139315,key-35,5200
1775448139317,key-35,5202
1775448139318,key-14,405
1775448139318,key-46,643
1775448139318,key-44,595
1775448139321,key-15,1030
1775448139325,key-17,287
1775448139326,key-3,334
1775448139326,key-1,544
1775448139327,key-33,2690
1775448139332,key-1,550
1775448139333,key-20,1614
1775448139335,key-1,553
1775448139338,key-10,100
1775448139338,key-20,1619
1775448139338,key-36,127
1775448139342,key-37,492
1775448139342,key-3,16
1775448139345,key-44,622
1775448139347,key-18,682
1775448139348,key-31,3729
1775448139348,key-47,22
1775448139349,key-29,875
1775448139350,key-29,876
1775448139355,key-37,505
1775448139355,key-44,632
1775448139356,key-44,633
1775448139357,key-36,146
1775448139365,key-8,2424
1775448139365,key-29,891
1775448139365,key-47,39
1775448139366,key-10,128
1775448139366,key-45,1042
1775448139366,key-31,3747
1775448139366,key-16,186
1775448139367,key-29,893
1775448139370,key-29,896
1775448139370,key-37,520
1775448139371,key-6,648
1775448139371,key-31,3752
1775448139378,key-30,179
1775448139378,key-36,167
1775448139379,key-1,25
1775448139379,key-18,714
1775448139380,key-6,657
1775448139380,key-43,15
1775448139382,key-47,56
1775448139383,key-16,203
1775448139383,key-6,660
1775448139391,key-36,180
1775448139391,key-36,180
1775448139391,key-24,515
1775448139392,key-43,27
1775448139393,key-25,479
1775448139393,key-10,155
1775448139394,key-31,3775
1775448139395,key-29,921
1775448139395,key-36,184
1775448139396,key-24,520
1775448139399,key-36,188
1775448139406,key-43,41
1775448139406,key-43,41
1775448139407,key-35,5292
1775448139408,key-25,494
1775448139408,key-36,197
1775448139409,key-43,44
1775448139410,key-3,84
1775448139410,key-16,230
1775448139411,key-36,200
1775448139411,key-43,46
1775448139413,key-36,202
1775448139413,key-25,499
1775448139423,key-43,58
1775448139423,key-43,58
1775448139423,key-36,212
1775448139424,key-36,213
1775448139427,key-36,216
1775448139427,key-36,216
1775448139427,key-43,62
1775448139432,key-35,5317
1775448139432,key-16,252
1775448139433,key-43,68
1775448139433,key-43,68
1775448139433,key-7,6
1775448139433,key-25,519
1775448139434,key-43,69
1775448139435,key-36,224
1775448139437,key-25,523
1775448139437,key-11,3073
1775448139439,key-15,1148
1775448139441,key-36,230
1775448139442,key-4,16
1775448139443,key-11,3079
1775448139445,key-40,18
1775448139445,key-11,3081
1775448139446,key-43,81
1775448139452,key-38,315
1775448139453,key-28,113
1775448139456,key-25,542
1775448139457,key-4,31
1775448139457,key-1,103
1775448139457,key-25,543
1775448139457,key-46,782
1775448139458,key-32,301
1775448139460,key-40,33
1775448139460,key-4,34
1775448139463,key-30,264
1775448139465,key-37,615
1775448139466,key-4,40
1775448139466,key-11,3102
1775448139470,key-4,44
1775448139470,key-11,3106
1775448139470,key-25,556
1775448139471,key-25,557
1775448139473,key-33,2836
1775448139475,key-11,3111
1775448139476,key-25,562
1775448139476,key-45,1152
1775448139476,key-11,3112
1775448139484,key-11,3120
1775448139485,key-32,328
1775448139485,key-46,810
1775448139485,key-33,2848
1775448139485,key-25,571
1775448139486,key-36,275
1775448139495,key-25,581
1775448139496,key-38,359
1775448139496,key-33,2859
1775448139498,key-45,1173
1775448139499,key-25,585
1775448139499,key-44,776
1775448139499,key-14,586
1775448139501,key-25,587
1775448139502,key-7,5
1775448139503,key-35,5388
1775448139506,key-25,592
1775448139506,key-45,1182
1775448139507,key-14,594
1775448139516,key-20,1797
1775448139516,key-25,602
1775448139517,key-45,1193
1775448139517,key-45,1193
1775448139517,key-13,1577
1775448139520,key-10,282
1775448139520,key-8,2579
1775448139521,key-45,1197
1775448139521,key-19,26
1775448139521,key-5,4
1775448139521,key-44,798
1775448139609,key-7,112
1775448139615,key-5,98
1775448139616,key-45,1292
1775448139616,key-36,405
1775448139616,key-45,1292
1775448139617,key-38,480
1775448139617,key-43,252
1775448139617,key-45,1293
1775448139618,key-25,704
1775448139618,key-46,111
1775448139620,key-39,599
1775448139620,key-5,103
1775448139620,key-5,103
1775448139621,key-45,1297
1775448139621,key-34,105
1775448139621,key-5,104
1775448139621,key-15,1330
1775448139622,key-19,127
1775448139622,key-45,1298
1775448139624,key-25,710
1775448139627,key-35,5512
1775448139628,key-20,1909
1775448139628,key-35,5513
1775448139628,key-35,5513
1775448139632,key-45,1308
1775448139633,key-19,138
1775448139636,key-19,141
1775448139641,key-5,124
1775448139642,key-19,147
1775448139643,key-35,5528
1775448139654,key-40,227
1775448139654,key-29,16
1775448139656,key-19,161
1775448139657,key-23,3587
1775448139657,key-34,141
1775448139658,key-3,17
1775448139659,key-45,1335
1775448139659,key-45,1335
1775448139662,key-19,167
1775448139664,key-19,169
1775448139664,key-19,169
1775448139665,key-22,33
1775448139665,key-29,27
1775448139665,key-25,751
1775448139665,key-5,148
1775448139665,key-45,1341
1775448139665,key-43,300
1775448139666,key-10,428
1775448139668,key-19,173
1775448139669,key-22,37
1775448139670,key-25,756
1775448139670,key-35,5555
1775448139670,key-17,632
1775448139674,key-19,179
1775448139674,key-3,33
1775448139676,key-45,1352
1775448139676,key-19,181
1775448139677,key-45,1353
1775448139678,key-19,183
1775448139679,key-25,765
1775448139681,key-19,186
1775448139682,key-19,187
1775448139682,key-5,165
1775448139683,key-25,769
1775448139684,key-25,770
1775448139686,key-45,1362
1775448139689,key-48,1382
1775448139690,key-25,776
1775448139690,key-16,510
1775448139690,key-36,479
1775448139691,key-45,1367
1775448139691,key-35,5576
1775448139692,key-21,805
1775448139693,key-19,198
1775448139696,key-35,5581
1775448139696,key-3,55
1775448139698,key-25,784
1775448139699,key-25,785
1775448139699,key-1,345
1775448139702,key-16,522
1775448139704,key-21,817
1775448139711,key-25,797
1775448139712,key-3,71
1775448139712,key-8,2771
1775448139712,key-25,798
1775448139712,key-25,798
1775448139713,key-14,800
1775448139714,key-25,800
1775448139714,key-25,800
1775448139715,key-26,2668
1775448139717,key-48,1410
1775448139717,key-25,803
1775448139718,key-26,2671
1775448139719,key-3,78
1775448139721,key-2,132
1775448139725,key-42,361
1775448139725,key-1,371
1775448139740,key-38,603
1775448139742,key-26,2695
1775448139743,key-42,379
1775448139805,key-26,2758
1775448139808,key-25,894
1775448139810,key-26,2763
1775448139867,key-24,991
1775448139871,key-33,3234
1775448139871,key-25,957
1775448139872,key-49,811
1775448139874,key-25,960
1775448139889,key-37,1039
1775448139890,key-42,526
1775448139893,key-34,377
1775448139894,key-25,980
1775448139894,key-3,253
1775448139894,key-25,980
1775448139894,key-26,2847
1775448139895,key-38,758
1775448139895,key-1,541
1775448139895,key-25,981
1775448139895,key-1,541
1775448139896,key-26,2849
1775448139896,key-25,982
1775448139896,key-2,307
1775448139896,key-46,389
1775448139896,key-42,532
1775448139896,key-47,59
1775448139896,key-37,1046
1775448139897,key-26,2850
1775448139897,key-48,1590
1775448139898,key-2,309
1775448139910,key-48,1603
1775448139911,key-1,557
1775448139911,key-38,774
1775448139915,key-25,1001
1775448139917,key-17,879
1775448139917,key-26,43
1775448139917,key-36,706
1775448139917,key-48,1610
1775448139918,key-19,423
1775448139918,key-48,1611
1775448139919,key-25,1005
1775448139919,key-45,3
1775448139919,key-25,1005
1775448139921,key-36,710
1775448139921,key-48,1614
1775448139922,key-3,281
1775448139923,key-48,1616
1775448139924,key-1,570
1775448139925,key-9,3162
1775448139929,key-9,3166
1775448139930,key-38,793
1775448139935,key-48,1628
1775448139936,key-2,347
1775448139936,key-6,318
1775448139936,key-5,419
1775448139937,key-36,726
1775448139937,key-13,66
1775448139944,key-37,1094
1775448139944,key-43,579
1775448139945,key-29,307
1775448139945,key-1,591
1775448139945,key-36,734
1775448139946,key-25,1032
1775448139946,key-48,1639
1775448139947,key-44,1224
1775448139948,key-36,737
1775448139948,key-10,710
1775448139948,key-49,77
1775448139949,key-48,1642
1775448139950,key-36,739
1775448139951,key-9,3188
1775448139952,key-6,334
1775448139954,key-1,600
1775448139954,key-27,665
1775448139955,key-25,1041
1775448139958,key-23,3888
1775448139959,key-24,1083
1775448139960,key-43,595
1775448139960,key-36,749
1775448139962,key-44,1239
1775448139965,key-23,3895
1775448139967,key-21,70
1775448139969,key-21,72
1775448139969,key-21,72
1775448139972,key-21,75
1775448139973,key-6,355
1775448139973,key-21,76
1775448139974,key-6,356
1775448139975,key-15,109
1775448139978,key-25,1064
1775448139978,key-20,2259
1775448139979,key-25,1065
1775448139980,key-26,106
1775448139984,key-43,619
1775448139985,key-24,1109
1775448139986,key-25,1072
1775448139986,key-24,1110
1775448139988,key-20,2269
1775448139988,key-42,624
1775448139991,key-13,120
1775448139992,key-25,1078
1775448139995,key-6,377
1775448139998,key-24,1122
1775448140000,key-4,574
1775448140001,key-13,130
1775448140001,key-6,383
1775448140002,key-20,2283
1775448140004,key-25,1090
1775448140005,key-24,1129
1775448140007,key-24,1131
1775448140007,key-6,389
1775448140008,key-49,137
1775448140009,key-13,138
1775448140009,key-20,2290
1775448140010,key-13,139
1775448140012,key-17,974
1775448140018,key-6,400
1775448140018,key-24,1142
1775448140018,key-4,592
1775448140018,key-24,1142
1775448140019,key-25,1105
1775448140022,key-6,404
1775448140026,key-25,1112
1775448140026,key-13,155
1775448140029,key-24,1153
1775448140030,key-13,159
1775448140030,key-6,412
1775448140031,key-25,1117
1775448140035,key-31,4416
1775448140036,key-17,998
1775448140036,key-6,418
1775448140036,key-25,1122
1775448140037,key-24,1161
1775448140040,key-17,1002
1775448140043,key-6,425
1775448140043,key-13,172
1775448140045,key-6,427
1775448140045,key-6,427
1775448140045,key-6,427
1775448140050,key-17,1012
1775448140056,key-21,49
1775448140056,key-2,467
1775448140056,key-18,1391
1775448140057,key-2,468
1775448140057,key-13,186
1775448140057,key-13,186
1775448140058,key-13,187
1775448140059,key-13,188
1775448140060,key-6,442
1775448140061,key-21,54
1775448140069,key-25,1155
1775448140069,key-13,198
1775448140071,key-2,482
1775448140072,key-2,483
1775448140075,key-13,203
1775448140075,key-21,68
1775448140077,key-47,240
1775448140078,key-2,489
1775448140079,key-2,490
1775448140083,key-21,76
1775448140083,key-2,494
1775448140084,key-18,1419
1775448140089,key-6,471
1775448140089,key-14,1176
1775448140090,key-2,501
1775448140092,key-13,221
1775448140092,key-13,221
1775448140094,key-47,257
1775448140099,key-2,510
1775448140099,key-13,228
1775448140102,key-2,513
1775448140102,key-35,5987
1775448140103,key-12,4311
1775448140108,key-13,237
1775448140109,key-23,4039
1775448140111,key-50,245
1775448140114,key-9,3351
1775448140115,key-13,244
1775448140116,key-47,279
1775448140121,key-2,532
1775448140122,key-13,251
1775448140123,key-25,1209
1775448140123,key-14,1210
1775448140129,key-13,258
1775448140130,key-2,541
1775448140131,key-13,260
1775448140131,key-12,4339
1775448140132,key-18,1467
1775448140132,key-50,266
1775448140133,key-40,706
1775448140134,key-15,268
1775448140138,key-15,272
1775448140142,key-40,715
1775448140146,key-23,4076
1775448140147,key-12,4355
1775448140148,key-36,937
1775448140149,key-40,722
1775448140151,key-16,971
1775448140152,key-13,281
1775448140154,key-16,973
1775448140161,key-15,295
1775448140162,key-12,4370
1775448140165,key-50,299
1775448140166,key-40,739
1775448140169,key-13,298
1775448140171,key-12,4379
1775448140173,key-23,4103
1775448140174,key-37,165
1775448140178,key-38,1041
1775448140181,key-15,315
1775448140183,key-15,317
1775448140188,key-40,761
1775448140193,key-36,982
1775448140193,key-12,4401
1775448140197,key-16,1017
1775448140197,key-15,331
1775448140202,key-49,331
1775448140204,key-12,4412
1775448140211,key-34,695
1775448140211,key-36,1000
1775448140217,key-40,790
1775448140222,key-18,6
1775448140223,key-16,1043
1775448140223,key-13,47
1775448140225,key-27,13
1775448140228,key-27,16
1775448140233,key-21,226
1775448140234,key-13,58
1775448140239,key-3,598
1775448140241,key-13,65
1775448140242,key-6,624
1775448140243,key-16,1063
1775448140243,key-27,31
1775448140244,key-21,237
1775448140247,key-28,907
1775448140247,key-12,4455
1775448140251,key-13,75
1775448140254,key-16,1074
1775448140257,key-45,31
1775448140260,key-13,84
1775448140261,key-27,49
1775448140261,key-6,643
1775448140267,key-28,927
1775448140270,key-13,94
1775448140270,key-27,58
1775448140272,key-49,401
1775448140277,key-6,659
1775448140277,key-21,270
1775448140278,key-31,4659
1775448140278,key-44,33
1775448140283,key-37,274
1775448140286,key-21,279
1775448140289,key-27,77
1775448140292,key-49,421
1775448140297,key-31,4678
1775448140298,key-21,291
1775448140298,key-27,86
1775448140299,key-16,1119
1775448140300,key-13,124
1775448140300,key-48,1993
1775448140301,key-6,683
1775448140301,key-45,75
1775448140301,key-27,89
1775448140301,key-21,294
1775448140301,key-44,14
1775448140302,key-40,875
1775448140303,key-40,876
1775448140305,key-13,129
1775448140310,key-8,3369
1775448140315,key-27,103
1775448140316,key-34,800
1775448140317,key-21,310
1775448140318,key-16,1138
1775448140322,key-21,315
1775448140324,key-44,37
1775448140327,key-37,318
1775448140327,key-21,320
1775448140335,key-21,328
1775448140336,key-18,120
1775448140337,key-48,2030
1775448140339,key-18,123
1775448140340,key-37,331
1775448140341,key-44,54
1775448140341,key-21,334
1775448140345,key-34,829
1775448140346,key-8,3405
1775448140347,key-34,831
1775448140347,key-13,171
1775448140348,key-39,736
1775448140349,key-27,137
1775448140351,key-18,135
1775448140352,key-14,160
1775448140352,key-44,65
1775448140352,key-20,2633
1775448140352,key-2,763
1775448140354,key-33,3717
1775448140360,key-34,844
1775448140360,key-34,844
1775448140370,key-37,361
1775448140370,key-44,83
1775448140371,key-18,155
1775448140374,key-34,858
1775448140374,key-39,762
1775448140375,key-44,88
1775448140377,key-2,788
1775448140385,key-44,98
1775448140385,key-34,869
1775448140386,key-18,170
1775448140388,key-41,403
1775448140388,key-44,101
1775448140395,key-44,108
1775448140396,key-34,880
1775448140396,key-46,889
1775448140397,key-44,110
1775448140398,key-33,3761
1775448140399,key-4,973
1775448140402,key-37,25
1775448140402,key-44,115
1775448140409,key-41,424
1775448140409,key-2,820
1775448140411,key-44,124
1775448140411,key-37,34
1775448140413,key-44,126
1775448140417,key-44,130
1775448140419,key-44,132
1775448140420,key-7,553
1775448140421,key-44,134
1775448140423,key-33,3786
1775448140424,key-10,1186
1775448140427,key-33,3790
1775448140428,key-49,557
1775448140428,key-7,561
1775448140429,key-49,558
1775448140434,key-7,567
1775448140434,key-25,1520
1775448140434,key-14,56
1775448140434,key-34,918
1775448140435,key-8,3494
1775448140438,key-38,1301
1775448140441,key-8,3500
1775448140448,key-10,1210
1775448140448,key-25,1534
1775448140448,key-9,3685
1775448140450,key-3,809
1775448140451,key-45,225
1775448140453,key-33,3816
1775448140459,key-22,827
1775448140459,key-7,592
1775448140460,key-38,1323
1775448140463,key-25,1549
1775448140464,key-43,1099
1775448140465,key-10,1227
1775448140467,key-38,1330
1775448140474,key-9,3711
1775448140477,key-10,1239
1775448140479,key-10,1241
1775448140479,key-33,3842
1775448140480,key-10,1242
1775448140482,key-25,1568
1775448140482,key-25,1568
1775448140482,key-3,841
1775448140485,key-25,1571
1775448140489,key-14,111
1775448140497,key-25,1583
1775448140498,key-27,26
1775448140499,key-42,1135
1775448140501,key-40,5
1775448140502,key-40,6
1775448140503,key-42,1139
1775448140503,key-42,1139
1775448140507,key-15,132
1775448140511,key-42,1147
1775448140512,key-42,1148
1775448140512,key-25,1598
1775448140513,key-42,1149
1775448140513,key-10,1275
1775448140516,key-39,904
1775448140516,key-50,20
1775448140517,key-31,4898
1775448140518,key-24,1642
1775448140519,key-40,23
1775448140520,key-15,145
1775448140520,key-15,145
1775448140523,key-25,1609
1775448140524,key-19,1029
1775448140528,key-39,916
1775448140534,key-15,159
1775448140535,key-24,1659
1775448140535,key-15,160
1775448140538,key-8,3597
1775448140541,key-15,166
1775448140542,key-50,46
1775448140542,key-19,1047
1775448140543,key-30,1344
1775448140548,key-25,1634
1775448140548,key-1,6
1775448140551,key-30,1352
1775448140551,key-25,1637
1775448140552,key-39,940
1775448140557,key-1,15
1775448140560,key-1,18
1775448140560,key-38,14
1775448140565,key-15,190
1775448140566,key-23,70
1775448140566,key-25,1652
1775448140569,key-43,1204
1775448140572,key-30,1373
1775448140573,key-13,98
1775448140575,key-25,1661
1775448140575,key-44,34
1775448140578,key-16,1398
1775448140579,key-22,65
1775448140580,key-10,1342
1775448140589,key-10,1351
1775448140589,key-25,1675
1775448140590,key-10,1352
1775448140590,key-25,1676
1775448140590,key-10,1352
1775448140591,key-2,1002
1775448140592,key-38,46
1775448140595,key-44,54
1775448140596,key-10,1358
1775448140598,key-24,49
1775448140599,key-16,1419
1775448140601,key-45,54
1775448140602,key-10,1364
1775448140603,key-10,1365
1775448140604,key-2,1015
1775448140604,key-39,992
1775448140605,key-25,1691
1775448140613,key-15,8
1775448140614,key-9,31
1775448140614,key-9,31
1775448140619,key-7,752
1775448140627,key-28,1287
1775448140627,key-2,1038
1775448140630,key-9,47
1775448140631,key-10,1393
1775448140631,key-3,990
1775448140631,key-9,48
1775448140631,key-32,1474
1775448140632,key-10,1394
1775448140633,key-38,87
1775448140633,key-10,1395
1775448140633,key-41,648
1775448140634,key-16,1454
1775448140634,key-24,85
1775448140634,key-9,51
1775448140634,key-28,1294
1775448140636,key-43,1271
1775448140636,key-14,258
1775448140636,key-10,1398
1775448140637,key-10,1399
1775448140641,key-7,774
1775448140649,key-32,1492
1775448140650,key-9,67
1775448140651,key-14,273
1775448140656,key-28,1316
1775448140657,key-20,2938
1775448140663,key-41,678
1775448140663,key-39,1051
1775448140664,key-36,1453
1775448140666,key-43,1301
1775448140667,key-38,121
1775448140667,key-47,830
1775448140667,key-41,682
1775448140668,key-22,154
1775448140668,key-9,85
1775448140669,key-9,86
1775448140671,key-41,686
1775448140673,key-26,799
1775448140673,key-39,1061
1775448140673,key-30,1474
1775448140676,key-38,130
1775448140676,key-38,130
1775448140678,key-39,1066
1775448140679,key-3,1038
1775448140681,key-34,134
1775448140683,key-38,137
1775448140684,key-26,810
1775448140685,key-39,1073
1775448140687,key-34,140
1775448140688,key-47,851
1775448140691,key-9,108
1775448140692,key-41,707
1775448140692,key-38,146
1775448140693,key-26,819
1775448140693,key-39,1081
1775448140697,key-47,860
1775448140701,key-26,827
1775448140701,key-39,1089
1775448140703,key-38,157
1775448140703,key-30,1504
1775448140704,key-38,158
1775448140709,key-34,162
1775448140709,key-18,493
1775448140709,key-26,835
1775448140711,key-35,6596
1775448140711,key-38,165
1775448140713,key-27,241
1775448140716,key-34,169
1775448140716,key-16,1536
1775448140716,key-47,879
1775448140718,key-7,851
1775448140719,key-6,4
1775448140719,key-38,173
1775448140719,key-38,173
1775448140719,key-1,177
1775448140720,key-39,1108
1775448140723,key-26,849
1775448140724,key-26,850
1775448140726,key-34,179
1775448140728,key-16,1548
1775448140729,key-18,513
1775448140732,key-35,6617
1775448140733,key-31,5114
1775448140734,key-34,187
1775448140737,key-31,5118
1775448140738,key-6,23
1775448140739,key-6,24
1775448140741,key-38,195
1775448140744,key-26,870
1775448140745,key-35,6630
1775448140746,key-6,31
1775448140747,key-7,880
1775448140747,key-30,1548
1775448140747,key-38,201
1775448140749,key-31,5130
1775448140752,key-44,211
1775448140752,key-31,5133
1775448140753,key-12,4961
1775448140754,key-44,213
1775448140757,key-35,6642
1775448140764,key-44,223
1775448140764,key-44,223
1775448140765,key-6,50
1775448140767,key-6,52
1775448140768,key-49,221
1775448140769,key-6,54
1775448140770,key-44,229
1775448140772,key-38,226
1775448140776,key-44,235
1775448140780,key-28,1439
1775448140785,key-7,918
1775448140790,key-29,207
1775448140791,key-17,13
1775448140794,key-6,79
1775448140796,key-6,81
1775448140796,key-2,1207
1775448140797,key-7,930
1775448140798,key-43,1433
1775448140799,key-44,258
1775448140800,key-43,1435
1775448140801,key-43,1436
1775448140802,key-14,424
1775448140802,key-26,928
1775448140802,key-2,1213
1775448140804,key-18,30
1775448140813,key-43,1448
1775448140816,key-45,40
1775448140817,key-18,43
1775448140818,key-2,1229
1775448140819,key-43,1454
1775448140819,key-43,1454
1775448140822,key-9,46
1775448140823,key-11,427
1775448140825,key-43,1460
1775448140825,key-44,284
1775448140830,key-43,1465
1775448140834,key-44,293
1775448140834,key-33,4197
1775448140837,key-44,296
1775448140837,key-4,63
1775448140839,key-16,1659
1775448140843,key-19,304
1775448140844,key-18,70
1775448140852,key-16,1672
1775448140852,key-19,313
1775448140852,key-18,78
1775448140853,key-45,77
1775448140853,key-48,2546
1775448140856,key-12,5064
1775448140859,key-24,7
1775448140864,key-19,325
1775448140866,key-24,14
1775448140867,key-37,490
1775448140868,key-16,1688
1775448140868,key-16,1688
1775448140870,key-2,1281
1775448140874,key-37,497
1775448140879,key-15,274
1775448140879,key-17,101
1775448140883,key-24,31
1775448140886,key-7,1019
1775448140887,key-12,5095
1775448140888,key-12,5096
1775448140889,key-12,5097
1775448140891,key-12,5099
1775448140891,key-12,5099
1775448140894,key-12,5102
1775448140896,key-12,5104
1775448140898,key-3,1257
1775448140901,key-28,1561
1775448140901,key-29,21
1775448140901,key-18,127
1775448140902,key-20,3183
1775448140907,key-2,1318
1775448140913,key-24,61
1775448140914,key-15,309
1775448140914,key-24,62
1775448140916,key-12,5124
1775448140925,key-3,1284
1775448140926,key-12,5134
1775448140933,key-28,1593
1775448140934,key-24,82
1775448140938,key-21,931
1775448140938,key-48,2631
1775448140944,key-24,92
1775448140947,key-3,1306
1775448140948,key-12,5156
1775448140950,key-3,1309
1775448140950,key-2,1361
1775448140957,key-24,105
1775448140957,key-39,1345
1775448140962,key-26,1088
1775448140963,key-24,111
1775448140963,key-21,956
1775448140965,key-12,5173
1775448140973,key-2,1384
1775448140976,key-24,124
1775448140978,key-37,601
1775448140981,key-12,6
1775448140987,key-25,2073
1775448140993,key-37,616
1775448140995,key-24,143
1775448140997,key-7,22
1775448140997,key-7,22
1775448140997,key-36,301
1775448140998,key-35,22
1775448140998,key-12,23
1775448140998,key-37,621
1775448141009,key-6,11
1775448141009,key-10,1771
1775448141014,key-37,637
1775448141014,key-35,38
1775448141015,key-24,163
1775448141018,key-35,42
1775448141019,key-22,38
1775448141023,key-33,4386
1775448141024,key-12,49
1775448141024,key-35,48
1775448141030,key-33,4393
1775448141031,key-37,654
1775448141037,key-24,185
1775448141039,key-36,343
1775448141039,key-7,64
1775448141041,key-34,122
1775448141045,key-8,4104
1775448141047,key-10,1809
1775448141048,key-50,552
1775448141048,key-33,4411
1775448141053,key-50,557
1775448141054,key-19,515
1775448141062,key-50,566
1775448141063,key-33,4426
1775448141065,key-24,213
1775448141085,key-34,166
1775448141086,key-33,4449
1775448141086,key-33,4449
1775448141087,key-33,4450
1775448141087,key-35,111
1775448141090,key-32,1933
1775448141090,key-34,171
1775448141091,key-33,4454
1775448141093,key-10,1855
1775448141118,key-32,1961
1775448141143,key-34,224
1775448141144,key-8,4203
1775448141173,key-33,4536
1775448141221,key-50,725
1775448141234,key-40,694
1775448141234,key-33,4597
1775448141234,key-32,2077
1775448141251,key-40,711
1775448141252,key-8,4311
1775448141252,key-33,4615
1775448141252,key-29,372
1775448141253,key-6,255
1775448141253,key-50,757
1775448141254,key-10,135
1775448141254,key-4,480
1775448141255,key-33,4618
1775448141255,key-32,31
1775448141255,key-45,479
1775448141256,key-35,280
1775448141256,key-32,32
1775448141256,key-46,142
1775448141258,key-24,406
1775448141263,key-32,39
1775448141269,key-15,664
1775448141270,key-32,46
1775448141271,key-22,18
1775448141276,key-35,300
1775448141277,key-24,425
1775448141292,key-35,316
1775448141296,key-30,32
1775448141297,key-25,42
1775448141297,key-22,44
1775448141298,key-50,38
1775448141298,key-12,323
1775448141298,key-35,322
1775448141299,key-32,75
1775448141299,key-24,447
1775448141299,key-33,45
1775448141299,key-46,185
1775448141299,key-35,323
1775448141300,key-33,46
1775448141300,key-35,324
1775448141301,key-22,48
1775448141302,key-40,5
1775448141303,key-35,327
1775448141304,key-10,185
1775448141304,key-31,5685
1775448141312,key-11,916
1775448141314,key-33,60
1775448141319,key-33,65
1775448141319,key-39,105
1775448141320,key-5,87
1775448141323,key-35,347
1775448141326,key-50,66
1775448141327,key-33,73
1775448141327,key-30,63
1775448141328,key-26,1454
1775448141328,key-22,75
1775448141328,key-4,25
1775448141329,key-9,553
1775448141332,key-24,480
1775448141332,key-35,356
1775448141333,key-11,937
1775448141335,key-4,32
1775448141335,key-4,32
1775448141337,key-5,104
1775448141337,key-22,84
1775448141338,key-30,74
1775448141339,key-48,3032
1775448141339,key-1,797
1775448141341,key-22,88
1775448141342,key-30,78
1775448141342,key-20,3623
1775448141342,key-9,566
1775448141342,key-11,946
1775448141343,key-22,90
1775448141347,key-9,571
1775448141347,key-9,571
1775448141347,key-42,1983
1775448141349,key-39,135
1775448141350,key-35,374
1775448141350,key-9,574
1775448141351,key-9,575
1775448141351,key-32,127
1775448141351,key-4,48
1775448141352,key-22,99
1775448141355,key-20,3636
1775448141359,key-22,106
1775448141364,key-42,2000
1775448141365,key-22,112
1775448141366,key-30,102
1775448141366,key-32,142
1775448141367,key-42,2003
1775448141368,key-9,592
1775448141370,key-4,67
1775448141371,key-4,68
1775448141372,key-35,396
1775448141378,key-22,125
1775448141381,key-4,78
1775448141381,key-22,128
1775448141381,key-17,603
1775448141384,key-4,81
1775448141385,key-4,82
1775448141387,key-42,2023
1775448141389,key-4,86
1775448141392,key-22,139
1775448141394,key-4,91
1775448141394,key-45,618
1775448141400,key-22,147
1775448141400,key-42,2036
1775448141400,key-22,147
1775448141401,key-22,148
1775448141401,key-42,2037
1775448141402,key-4,99
1775448141404,key-41,1419
1775448141404,key-28,2064
1775448141406,key-36,104
1775448141406,key-4,103
1775448141410,key-8,4469
1775448141413,key-22,160
1775448141419,key-45,643
1775448141422,key-37,1045
1775448141423,key-34,504
1775448141423,key-41,1438
1775448141427,key-4,124
1775448141428,key-4,125
1775448141428,key-8,4487
1775448141429,key-42,2065
1775448141430,key-36,128
1775448141432,key-45,656
1775448141433,key-4,130
1775448141436,key-8,4495
1775448141438,key-36,136
1775448141438,key-31,5819
1775448141447,key-8,4506
1775448141448,key-4,145
1775448141449,key-4,146
1775448141450,key-6,452
1775448141450,key-37,1073
1775448141457,key-36,14
1775448141459,key-37,1082
1775448141461,key-6,463
1775448141464,key-36,4
1775448141464,key-31,5845
1775448141464,key-36,4
1775448141464,key-8,4
1775448141474,key-37,1097
1775448141474,key-8,14
1775448141474,key-2,1885
1775448141476,key-31,5857
1775448141477,key-45,17
1775448141477,key-31,5858
1775448141479,key-45,19
1775448141481,key-12,506
1775448141481,key-2,1892
1775448141483,key-12,508
1775448141483,key-31,5864
1775448141485,key-8,25
1775448141485,key-2,1896
1775448141488,key-32,264
1775448141488,key-31,5869
1775448141490,key-4,187
1775448141491,key-12,516
1775448141491,key-3,1850
1775448141491,key-39,277
1775448141492,key-32,268
1775448141493,key-12,518
1775448141495,key-2,1906
1775448141500,key-45,40
1775448141500,key-12,525
1775448141502,key-32,278
1775448141504,key-25,249
1775448141505,key-4,202
1775448141505,key-47,61
1775448141506,key-16,2326
1775448141506,key-2,1917
1775448141509,key-31,5890
1775448141511,key-32,287
1775448141517,key-7,542
1775448141517,key-47,73
1775448141519,key-6,521
1775448141521,key-3,1880
1775448141522,key-47,78
1775448141524,key-47,80
1775448141524,key-32,300
1775448141526,key-12,551
1775448141529,key-4,226
1775448141531,key-32,307
1775448141531,key-6,533
1775448141533,key-46,419
1775448141534,key-32,310
1775448141535,key-46,421
1775448141537,key-45,77
1775448141537,key-2,1948
1775448141543,key-28,2203
1775448141543,key-31,5924
1775448141543,key-32,319
1775448141544,key-28,2204
1775448141546,key-17,768
1775448141548,key-45,88
1775448141549,key-28,2209
1775448141550,key-7,575
1775448141551,key-28,2211
1775448141553,key-39,7
1775448141558,key-14,304
1775448141563,key-28,2223
1775448141563,key-28,2223
1775448141563,key-6,2
1775448141564,key-28,2224
1775448141567,key-15,6
1775448141567,key-35,6
1775448141567,key-14,7
1775448141569,key-28,2229
1775448141570,key-15,9
1775448141573,key-22,320
1775448141574,key-25,319
1775448141576,key-28,2236
1775448141578,key-28,2238
1775448141580,key-28,2240
1775448141580,key-35,19
1775448141581,key-14,21
1775448141581,key-28,2241
1775448141586,key-25,331
1775448141586,key-16,2406
1775448141586,key-28,2246
1775448141587,key-42,2223
1775448141588,key-46,20
1775448141589,key-6,28
1775448141593,key-17,31
1775448141594,key-28,2254
1775448141594,key-28,2254
1775448141595,key-28,2255
1775448141595,key-43,2230
1775448141595,key-14,35
1775448141596,key-28,2256
1775448141597,key-9,2
1775448141599,key-25,344
1775448141600,key-25,345
1775448141608,key-28,2268
1775448141609,key-6,48
1775448141609,key-39,63
1775448141610,key-28,2270
1775448141611,key-9,16
1775448141611,key-28,2271
1775448141613,key-43,2248
1775448141613,key-9,18
1775448141613,key-32,389
1775448141615,key-42,17
1775448141615,key-14,55
1775448141616,key-4,313
1775448141617,key-28,2277
1775448141617,key-32,393
1775448141619,key-42,21
1775448141620,key-14,60
1775448141621,key-20,20
1775448141623,key-2,2034
1775448141624,key-43,2259
1775448141624,key-5,391
1775448141625,key-27,165
1775448141626,key-32,402
1775448141627,key-5,394
1775448141628,key-14,68
1775448141633,key-5,400
1775448141634,key-28,2294
1775448141635,key-27,175
1775448141638,key-25,383
1775448141639,key-43,2274
1775448141639,key-1,1097
1775448141641,key-26,1767
1775448141641,key-14,81
1775448141641,key-23,429
1775448141641,key-32,417
1775448141641,key-25,386
1775448141648,key-43,2283
1775448141648,key-24,796
1775448141649,key-32,425
1775448141654,key-5,421
1775448141654,key-25,399
1775448141656,key-45,196
1775448141657,key-6,96
1775448141658,key-25,403
1775448141659,key-32,435
1775448141659,key-48,201
1775448141660,key-5,427
1775448141665,key-43,2300
1775448141665,key-23,453
1775448141666,key-25,411
1775448141673,key-32,449
1775448141674,key-32,450
1775448141674,key-25,419
1775448141675,key-32,451
1775448141679,key-25,424
1775448141679,key-6,118
1775448141680,key-32,456
1775448141681,key-48,223
1775448141681,key-25,426
1775448141682,key-25,427
1775448141684,key-24,832
1775448141684,key-32,460
1775448141686,key-48,228
1775448141686,key-37,1309
1775448141692,key-23,480
1775448141692,key-43,2327
1775448141694,key-32,470
1775448141695,key-38,32
1775448141696,key-23,484
1775448141696,key-37,1319
1775448141704,key-23,492
1775448141704,key-25,449
1775448141705,key-37,1328
1775448141706,key-43,2341
1775448141708,key-23,496
1775448141710,key-48,252
1775448141717,key-32,493
1775448141717,key-25,462
1775448141718,key-7,743
1775448141722,key-48,264
1775448141724,key-25,469
1775448141726,key-43,2361
1775448141730,key-37,1353
1775448141730,key-25,475
1775448141732,key-17,170
1775448141733,key-48,275
1775448141741,key-48,283
1775448141741,key-25,486
1775448141741,key-13,532
1775448141742,key-25,487
1775448141742,key-48,284
1775448141747,key-25,492
1775448141748,key-13,539
1775448141750,key-43,2385
1775448141751,key-20,150
1775448141751,key-19,1212
1775448141754,key-48,296
1775448141758,key-37,1381
1775448141759,key-20,158
1775448141760,key-13,551
1775448141763,key-25,508
1775448141764,key-48,306
1775448141766,key-13,557
1775448141766,key-14,206
1775448141772,key-36,21
1775448141772,key-5,539
1775448141773,key-9,178
1775448141773,key-48,315
1775448141773,key-25,518
1775448141774,key-36,23
1775448141776,key-13,567
1775448141777,key-20,176
1775448141780,key-45,320
1775448141780,key-13,571
1775448141783,key-15,222
1775448141783,key-19,1244
1775448141784,key-20,183
1775448141784,key-48,326
1775448141784,key-26,42
1775448141785,key-13,576
1775448141786,key-25,531
1775448141791,key-45,331
1775448141793,key-45,333
1775448141794,key-12,819
1775448141795,key-13,586
1775448141795,key-25,540
1775448141800,key-15,239
1775448141800,key-36,49
1775448141802,key-20,201
1775448141805,key-8,345
1775448141809,key-20,208
1775448141813,key-15,252
1775448141814,key-20,213
1775448141815,key-26,73
1775448141817,key-20,216
1775448141818,key-20,217
1775448141818,key-27,358
1775448141819,key-25,564
1775448141821,key-12,846
1775448141822,key-13,613
1775448141822,key-13,613
1775448141823,key-35,262
1775448141823,key-25,568
1775448141823,key-13,614
1775448141830,key-15,269
1775448141830,key-20,229
1775448141833,key-12,858
1775448141840,key-13,631
1775448141840,key-27,380
1775448141841,key-13,632
1775448141842,key-20,241
1775448141845,key-8,385
1775448141845,key-12,870
1775448141850,key-5,617
1775448141850,key-44,300
1775448141852,key-5,619
1775448141854,key-12,879
1775448141855,key-41,1870
1775448141860,key-20,11
1775448141861,key-8,401
1775448141865,key-17,303
1775448141866,key-12,891
1775448141866,key-8,406
1775448141869,key-20,20
1775448141871,key-36,120
1775448141872,key-36,121
1775448141874,key-36,123
1775448141875,key-12,900
1775448141876,key-44,326
1775448141880,key-44,330
1775448141880,key-20,31
1775448141884,key-36,133
1775448141885,key-47,441
1775448141888,key-15,327
1775448141889,key-44,339
1775448141890,key-44,340
1775448141890,key-44,340
1775448141894,key-5,23
1775448141894,key-35,333
1775448141895,key-20,46
1775448141897,key-5,26
1775448141898,key-36,147
1775448141899,key-35,338
1775448141900,key-47,456
1775448141904,key-15,343
1775448141904,key-5,33
1775448141905,key-36,154
1775448141907,key-7,59
1775448141907,key-5,36
1775448141908,key-15,347
1775448141908,key-35,347
1775448141910,key-25,655
1775448141913,key-36,162
1775448141916,key-35,355
1775448141916,key-15,355
1775448141917,key-15,356
1775448141919,key-20,70
1775448141920,key-15,359
1775448141921,key-7,73
1775448141924,key-2,24
1775448141925,key-31,68
1775448141929,key-25,674
1775448141929,key-5,58
1775448141931,key-35,370
1775448141934,key-15,373
1775448141934,key-2,34
1775448141935,key-36,184
1775448141936,key-43,138
1775448141937,key-5,66
1775448141944,key-40,394
1775448141945,key-43,147
1775448141946,key-19,1407
1775448141948,key-15,387
1775448141951,key-43,153
1775448141952,key-35,391
1775448141952,key-36,201
1775448141953,key-30,689
1775448141955,key-30,691
1775448141955,key-43,157
1775448141960,key-43,162
1775448141960,key-30,696
1775448141960,key-43,162
1775448141965,key-35,404
1775448141968,key-43,170
1775448141971,key-36,220
1775448141972,key-43,174
1775448141972,key-6,411
1775448141973,key-19,1434
1775448141973,key-32,749
1775448141975,key-36,224
1775448141979,key-1,1437
1775448141979,key-43,181
1775448141981,key-49,521
1775448141981,key-5,110
1775448141984,key-6,423
1775448141986,key-43,188
1775448141987,key-43,189
1775448141988,key-43,190
1775448141988,key-1,1446
1775448141988,key-43,190
1775448141989,key-43,191
1775448141991,key-32,767
1775448141992,key-43,194
1775448141993,key-32,769
1775448142001,key-1,1459
1775448142003,key-32,779
1775448142010,key-43,212
1775448142010,key-6,449
1775448142011,key-16,2831
1775448142011,key-8,551
1775448142013,key-43,215
1775448142014,key-22,144
1775448142019,key-6,458
1775448142022,key-34,574
1775448142022,key-43,224
1775448142022,key-1,1480
1775448142024,key-21,2017
1775448142025,key-32,801
1775448142029,key-32,805
1775448142029,key-21,2022
1775448142033,key-27,573
1775448142035,key-43,237
1775448142038,key-34,590
1775448142038,key-2,138
1775448142041,key-2,141
1775448142043,key-34,595
1775448142051,key-37,1674
1775448142052,key-18,204
1775448142058,key-34,610
1775448142058,key-2,158
1775448142060,key-37,1683
1775448142061,key-46,11
1775448142061,key-16,2881
1775448142062,key-34,614
1775448142062,key-24,12
1775448142062,key-34,614
1775448142066,key-21,2059
1775448142067,key-24,17
1775448142067,key-37,1690
1775448142068,key-45,608
1775448142068,key-35,507
1775448142069,key-34,621
1775448142069,key-34,621
1775448142071,key-24,21
1775448142074,key-34,626
1775448142075,key-20,226
1775448142082,key-35,521
1775448142084,key-4,41
1775448142084,key-34,636
1775448142085,key-37,1708
1775448142086,key-46,36
1775448142086,key-24,36
1775448142087,key-4,44
1775448142087,key-16,2907
1775448142088,key-16,2908
1775448142090,key-46,40
1775448142090,key-16,2910
1775448142098,key-35,537
1775448142098,key-34,650
1775448142100,key-34,652
1775448142100,key-16,2920
1775448142100,key-24,50
1775448142106,key-24,56
1775448142107,key-25,852
1775448142108,key-16,2928
1775448142108,key-9,63
1775448142109,key-18,261
1775448142110,key-20,261
1775448142110,key-25,855
1775448142110,key-4,67
1775448142112,key-7,264
1775448142115,key-34,667
1775448142117,key-34,669
1775448142118,key-20,269
1775448142118,key-46,68
1775448142121,key-35,560
1775448142123,key-35,562
1775448142124,key-25,869
1775448142127,key-35,566
1775448142131,key-25,876
1775448142133,key-25,878
1775448142133,key-35,572
1775448142136,key-3,90
1775448142137,key-35,576
1775448142138,key-34,690
1775448142139,key-35,578
1775448142139,key-3,93
1775448142146,key-7,2
1775448142146,key-3,100
1775448142148,key-7,4
1775448142150,key-34,702
1775448142153,key-46,103
1775448142154,key-34,706
1775448142154,key-1,1612
1775448142154,key-7,10
1775448142156,key-3,110
1775448142157,key-3,111
1775448142161,key-12,1186
1775448142161,key-34,713
1775448142162,key-30,898
1775448142163,key-34,715
1775448142169,key-7,25
1775448142170,key-42,106
1775448142170,key-3,124
1775448142172,key-17,610
1775448142174,key-17,612
1775448142176,key-17,614
1775448142176,key-16,2996
1775448142177,key-38,27
1775448142178,key-36,427
1775448142183,key-19,1644
1775448142184,key-38,34
1775448142185,key-14,625
1775448142186,key-28,28
1775448142187,key-17,625
1775448142187,key-12,1212
1775448142187,key-13,143
1775448142188,key-17,626
1775448142189,key-22,319
1775448142189,key-38,39
1775448142189,key-16,3009
1775448142190,key-19,1651
1775448142190,key-26,32
1775448142190,key-42,126
1775448142191,key-28,33
1775448142192,key-16,3012
1775448142193,key-36,442
1775448142199,key-42,135
1775448142200,key-42,136
1775448142201,key-19,1662
1775448142201,key-19,1662
1775448142202,key-38,52
1775448142205,key-22,335
1775448142206,key-42,142
1775448142211,key-3,165
1775448142212,key-17,650
1775448142213,key-16,3033
1775448142214,key-19,1675
1775448142214,key-2,13
1775448142215,key-39,59
1775448142217,key-33,354
1775448142221,key-38,71
1775448142223,key-29,1343
1775448142224,key-32,68
1775448142225,key-42,161
1775448142225,key-42,161
1775448142226,key-33,363
1775448142229,key-28,71
1775448142233,key-12,1258
1775448142238,key-28,80
1775448142239,key-22,369
1775448142240,key-42,176
1775448142240,key-37,2
1775448142241,key-32,85
1775448142242,key-19,1703
1775448142243,key-42,179
1775448142243,key-37,5
1775448142246,key-12,1271
1775448142247,key-42,183
1775448142248,key-33,385
1775448142249,key-28,91
1775448142250,key-33,387
1775448142250,key-28,92
1775448142250,key-19,1711
1775448142250,key-28,92
1775448142251,key-3,205
1775448142251,key-28,93
1775448142254,key-12,1279
1775448142257,key-37,19
1775448142257,key-32,101
1775448142258,key-19,1719
1775448142258,key-44,708
1775448142258,key-28,100
1775448142262,key-28,104
1775448142262,key-28,104
1775448142263,key-8,202
1775448142265,key-12,1290
1775448142265,key-19,1726
1775448142265,key-28,107
1775448142271,key-28,113
1775448142272,key-37,34
1775448142272,key-19,1733
1775448142273,key-28,115
1775448142277,key-12,1302
1775448142279,key-2,78
1775448142279,key-28,121
1775448142280,key-28,122
1775448142281,key-19,1742
1775448142287,key-19,1748
1775448142287,key-34,839
1775448142287,key-28,129
1775448142288,key-12,1313
1775448142291,key-28,133
1775448142292,key-28,134
1775448142293,key-28,135
1775448142293,key-28,135
1775448142294,key-28,136
1775448142299,key-34,851
1775448142300,key-29,1420
1775448142300,key-2,99
1775448142301,key-12,1326
1775448142302,key-9,257
1775448142302,key-28,144
1775448142305,key-29,1425
1775448142306,key-28,148
1775448142308,key-28,150
1775448142308,key-19,1769
1775448142310,key-11,1914
1775448142315,key-6,754
1775448142315,key-29,1435
1775448142316,key-28,158
1775448142317,key-9,272
1775448142318,key-41,283
1775448142319,key-24,269
1775448142321,key-50,559
1775448142322,key-6,761
1775448142323,key-29,1443
1775448142324,key-14,764
1775448142326,key-11,1930
1775448142326,key-39,170
1775448142326,key-14,766
1775448142327,key-31,470
1775448142327,key-41,292
1775448142332,key-39,176
1775448142335,key-44,785
1775448142335,key-9,290
1775448142343,key-6,782
1775448142344,key-9,299
1775448142347,key-29,1467
1775448142347,key-43,549
1775448142347,key-38,197
1775448142348,key-6,787
1775448142349,key-19,1810
1775448142351,key-2,150
1775448142353,key-49,2
1775448142353,key-49,2
1775448142354,key-41,319
1775448142360,key-9,315
1775448142362,key-49,11
1775448142363,key-6,802
1775448142363,key-6,802
1775448142363,key-28,205
1775448142364,key-9,319
1775448142366,key-38,216
1775448142369,key-49,18
1775448142370,key-43,6
1775448142370,key-40,25
1775448142373,key-36,622
1775448142374,key-49,23
1775448142374,key-49,23
1775448142378,key-9,333
1775448142378,key-38,228
1775448142381,key-9,336
1775448142385,key-13,341
1775448142385,key-38,235
1775448142387,key-45,927
1775448142388,key-6,827
1775448142388,key-25,1133
1775448142390,key-3,344
1775448142393,key-23,1181
1775448142393,key-38,243
1775448142394,key-17,832
1775448142405,key-36,654
1775448142412,key-3,366
1775448142412,key-46,201
1775448142414,key-36,663
1775448142415,key-13,371
1775448142416,key-45,956
1775448142416,key-6,855
1775448142416,key-33,553
1775448142417,key-3,371
1775448142421,key-30,1157
1775448142432,key-36,681
1775448142473,key-38,323
1775448142474,key-3,428
1775448142478,key-25,1223
1775448142501,key-45,1041
1775448142502,key-23,1290
1775448142503,key-6,942
1775448142504,key-44,954
1775448142505,key-6,944
1775448142506,key-38,356
1775448142507,key-7,363
1775448142512,key-3,466
1775448142519,key-45,1059
1775448142526,key-23,1314
1775448142534,key-36,783
1775448142535,key-8,474
1775448142535,key-45,1075
1775448142542,key-6,981
1775448142543,key-3,497
1775448142544,key-6,983
1775448142544,key-36,793
1775448142545,key-8,484
1775448142546,key-23,1334
1775448142548,key-27,1088
1775448142556,key-34,49
1775448142557,key-6,996
1775448142557,key-7,413
1775448142558,key-17,25
1775448142563,key-6,1002
1775448142563,key-6,1002
1775448142569,key-36,818
1775448142569,key-6,1008
1775448142570,key-6,1009
1775448142574,key-49,223
1775448142579,key-6,1018
1775448142579,key-33,4
1775448142582,key-17,7
1775448142587,key-17,12
1775448142587,key-17,12
1775448142589,key-6,1028
1775448142590,key-6,1029
1775448142591,key-6,1030
1775448142594,key-5,30
1775448142594,key-17,19
1775448142594,key-39,244
1775448142598,key-49,247
1775448142599,key-6,1038
1775448142600,key-33,25
1775448142603,key-33,28
1775448142606,key-17,31
1775448142606,key-12,4
1775448142606,key-47,1162
1775448142611,key-6,1050
1775448142612,key-47,1168
1775448142613,key-47,1169
1775448142614,key-39,264
1775448142615,key-17,40
1775448142615,key-6,1054
1775448142616,key-47,1172
1775448142617,key-39,267
1775448142618,key-6,1057
1775448142619,key-39,269
1775448142626,key-6,1065
1775448142627,key-47,1183
1775448142628,key-39,278
1775448142629,key-6,1068
1775448142629,key-33,54
1775448142633,key-47,1189
1775448142634,key-12,32
1775448142634,key-17,59
1775448142639,key-47,1195
1775448142641,key-17,66
1775448142641,key-30,1377
1775448142642,key-39,292
1775448142643,key-47,1199
1775448142646,key-19,140
1775448142647,key-20,798
1775448142650,key-47,1206
1775448142651,key-6,1090
1775448142651,key-6,1090
1775448142653,key-31,83
1775448142654,key-12,52
1775448142656,key-7,512
1775448142656,key-31,86
1775448142662,key-31,4
1775448142663,key-46,452
1775448142665,key-46,454
1775448142668,key-46,457
1775448142668,key-17,93
1775448142669,key-7,525
1775448142673,key-39,323
1775448142674,key-19,168
1775448142675,key-31,17
1775448142675,key-40,330
1775448142678,key-17,103
1775448142678,key-46,467
1775448142682,key-12,80
1775448142684,key-18,516
1775448142685,key-46,474
1775448142687,key-31,29
1775448142691,key-31,33
1775448142691,key-31,33
1775448142692,key-6,1131
1775448142693,key-31,35
1775448142694,key-33,6
1775448142695,key-17,120
1775448142696,key-17,121
1775448142702,key-31,44
1775448142702,key-31,44
1775448142703,key-31,45
1775448142703,key-17,128
1775448142703,key-12,101
1775448142704,key-46,493
1775448142710,key-26,552
1775448142715,key-31,57
1775448142716,key-46,505
1775448142717,key-12,115
1775448142719,key-46,508
1775448142720,key-31,62
1775448142721,key-12,119
1775448142722,key-31,64
1775448142729,key-13,16
1775448142730,key-17,155
1775448142731,key-46,520
1775448142731,key-18,563
1775448142731,key-26,573
1775448142732,key-26,574
1775448142733,key-26,575
1775448142734,key-46,523
1775448142735,key-31,77
1775448142735,key-31,77
1775448142739,key-14,1179
1775448142739,key-41,704
1775448142739,key-31,81
1775448142746,key-20,897
1775448142746,key-12,144
1775448142747,key-6,1186
1775448142747,key-14,1187
1775448142748,key-13,35
1775448142749,key-41,714
1775448142751,key-12,149
1775448142759,key-12,157
1775448142764,key-26,606
1775448142766,key-23,60
1775448142768,key-29,3
1775448142770,key-41,735
1775448142774,key-16,3594
1775448142774,key-41,739
1775448142775,key-26,617
1775448142776,key-25,48
1775448142777,key-31,119
1775448142777,key-12,175
1775448142778,key-16,3598
1775448142779,key-29,14
1775448142784,key-29,19
1775448142785,key-26,627
1775448142786,key-32,630
1775448142787,key-44,220
1775448142787,key-41,752
1775448142790,key-26,632
1775448142792,key-16,3612
1775448142793,key-3,5
1775448142796,key-41,761
1775448142797,key-44,230
1775448142797,key-19,53
1775448142797,key-29,32
1775448142803,key-3,15
1775448142808,key-44,241
1775448142809,key-44,242
1775448142814,key-36,1063
1775448142815,key-3,27
1775448142815,key-37,577
1775448142815,key-8,754
1775448142819,key-16,4
1775448142820,key-41,785
1775448142823,key-44,256
1775448142827,key-41,792
1775448142828,key-26,670
1775448142833,key-16,18
1775448142835,key-44,268
1775448142835,key-16,20
1775448142836,key-44,269
1775448142838,key-36,1087
1775448142838,key-16,23
1775448142841,key-47,7
1775448142842,key-8,781
1775448142845,key-47,11
1775448142847,key-8,786
1775448142851,key-38,4
1775448142852,key-37,614
1775448142856,key-16,41
1775448142858,key-16,43
1775448142859,key-14,3
1775448142860,key-27,21
1775448142866,key-16,51
1775448142866,key-16,51
1775448142869,key-10,1750
1775448142871,key-10,1752
1775448142875,key-16,60
1775448142878,key-27,39
1775448142880,key-2,679
1775448142881,key-14,25
1775448142881,key-16,66
1775448142881,key-16,66
1775448142881,key-14,25
1775448142882,key-38,35
1775448142883,key-19,12
1775448142883,key-17,308
1775448142884,key-16,69
1775448142884,key-10,1765
1775448142887,key-19,16
1775448142887,key-15,1326
1775448142887,key-33,2
1775448142888,key-27,49
1775448142894,key-19,23
1775448142897,key-27,58
1775448142900,key-1,2358
1775448142911,key-5,347
1775448142911,key-1,2369
1775448142912,key-34,184
1775448142912,key-27,73
1775448142912,key-16,97
1775448142913,key-27,74
1775448142914,key-27,75
1775448142914,key-29,17
1775448142915,key-34,187
1775448142915,key-39,565
1775448142916,key-15,1355
1775448142920,key-13,207
1775448142920,key-17,345
1775448142921,key-5,357
1775448142921,key-8,860
1775448142928,key-27,89
1775448142928,key-27,89
1775448142928,key-19,57
1775448142928,key-39,578
1775448142929,key-5,365
1775448142933,key-5,369
1775448142933,key-27,94
1775448142935,key-8,874
1775448142942,key-30,1678
1775448142942,key-39,592
1775448142944,key-17,369
1775448142944,key-39,594
1775448142950,key-2,30
1775448142951,key-18,783
1775448142951,key-5,387
1775448142951,key-20,1102
1775448142952,key-2,32
1775448142952,key-5,388
1775448142956,key-2,36
1775448142963,key-17,388
1775448142963,key-39,613
1775448142963,key-2,43
1775448142964,key-30,1700
1775448142964,key-27,125
1775448142965,key-44,398
1775448142967,key-22,121
1775448142969,key-8,908
1775448142969,key-27,130
1775448142970,key-30,1706
1775448142971,key-33,86
1775448142977,key-30,1713
1775448142979,key-45,477
1775448142979,key-9,934
1775448142982,key-45,480
1775448142982,key-23,276
1775448142983,key-27,144
1775448142985,key-29,88
1775448142990,key-29,93
1775448142990,key-44,423
1775448142990,key-2,70
1775448142991,key-38,144
1775448142991,key-22,145
1775448142992,key-27,153
1775448142994,key-48,837
1775448142998,key-33,113
1775448142999,key-2,79
1775448143000,key-14,144
1775448143003,key-14,147
1775448143004,key-21,2997
1775448143004,key-45,502
1775448143010,key-27,171
1775448143010,key-40,665
1775448143011,key-29,114
1775448143013,key-38,166
1775448143013,key-48,856
1775448143014,key-21,3007
1775448143015,key-27,176
1775448143021,key-40,676
1775448143021,key-45,519
1775448143022,key-40,677
1775448143023,key-48,866
1775448143023,key-21,3016
1775448143024,key-45,522
1775448143025,key-27,186
1775448143025,key-48,868
1775448143028,key-48,871
1775448143030,key-48,873
1775448143034,key-48,877
1775448143038,key-48,881
1775448143039,key-48,882
1775448143040,key-48,883
1775448143041,key-11,2645
1775448143042,key-21,3035
1775448143042,key-27,203
1775448143045,key-10,1926
1775448143045,key-9,14
1775448143051,key-27,212
1775448143051,key-11,2655
1775448143052,key-21,3045
1775448143056,key-11,2660
1775448143057,key-48,900
1775448143057,key-48,900
1775448143058,key-48,901
1775448143059,key-21,3052
1775448143060,key-48,903
1775448143060,key-9,29
1775448143061,key-11,2665
1775448143064,key-9,33
1775448143066,key-21,3059
1775448143075,key-48,918
1775448143076,key-48,919
1775448143076,key-48,919
1775448143076,key-10,1957
1775448143078,key-48,921
1775448143078,key-24,3
1775448143081,key-48,924
1775448143082,key-48,925
1775448143083,key-11,2687
1775448143084,key-48,927
1775448143085,key-48,928
1775448143085,key-7,123
1775448143089,key-10,1970
1775448143089,key-48,932
1775448143089,key-48,932
1775448143089,key-48,932
1775448143099,key-24,24
1775448143102,key-48,945
1775448143102,key-29,58
1775448143103,key-21,24
1775448143104,key-48,947
1775448143107,key-30,1843
1775448143107,key-24,32
1775448143109,key-21,30
1775448143110,key-7,148
1775448143114,key-48,957
1775448143114,key-48,957
1775448143122,key-18,954
1775448143122,key-47,288
1775448143122,key-30,1858
1775448143123,key-21,44
1775448143123,key-10,2004
1775448143124,key-31,466
1775448143131,key-15,1570
1775448143131,key-30,1867
1775448143132,key-48,975
1775448143136,key-48,979
1775448143139,key-7,177
1775448143140,key-38,33
1775448143144,key-38,37
1775448143147,key-7,185
1775448143149,key-33,12
1775448143151,key-45,3
1775448143151,key-31,493
1775448143153,key-21,10
1775448143154,key-7,192
1775448143155,key-10,2036
1775448143158,key-2,238
1775448143160,key-48,1003
1775448143161,key-21,18
1775448143162,key-23,456
1775448143163,key-23,457
1775448143172,key-23,466
1775448143173,key-2,253
1775448143175,key-40,830
1775448143176,key-16,361
1775448143181,key-21,38
1775448143181,key-48,1024
1775448143181,key-33,44
1775448143183,key-21,40
1775448143184,key-23,478
1775448143185,key-21,42
1775448143185,key-45,37
1775448143186,key-21,43
1775448143196,key-2,276
1775448143197,key-16,382
1775448143197,key-21,54
1775448143198,key-2,278
1775448143204,key-28,1046
1775448143205,key-21,62
1775448143205,key-21,62
1775448143209,key-21,66
1775448143214,key-20,1365
1775448143215,key-28,1057
1775448143215,key-2,295
1775448143220,key-2,300
1775448143221,key-33,84
1775448143222,key-48,1065
1775448143222,key-2,302
1775448143223,key-21,80
1775448143225,key-16,410
1775448143225,key-2,305
1775448143240,key-20,1391
1775448143240,key-21,97
1775448143240,key-21,97
1775448143241,key-2,321
1775448143244,key-4,40
1775448143245,key-21,102
1775448143246,key-21,103
1775448143246,key-4,42
1775448143248,key-2,328
1775448143257,key-2,337
1775448143257,key-20,1408
1775448143257,key-37,1019
1775448143258,key-40,913
1775448143261,key-37,1023
1775448143262,key-20,1413
1775448143263,key-37,1025
1775448143264,key-20,1415
1775448143265,key-4,61
1775448143266,key-20,1417
1775448143271,key-4,67
1775448143274,key-19,403
1775448143276,key-33,139
1775448143278,key-22,432
1775448143279,key-37,1041
1775448143283,key-2,7
1775448143285,key-24,210
1775448143287,key-37,1049
1775448143287,key-4,83
1775448143291,key-24,216
1775448143291,key-37,1053
1775448143295,key-37,1057
1775448143295,key-20,1446
1775448143296,key-37,1058
1775448143297,key-48,1140
1775448143297,key-24,222
1775448143304,key-31,646
1775448143315,key-37,1077
1775448143316,key-48,1159
1775448143317,key-37,1079
1775448143317,key-31,659
1775448143319,key-37,1081
1775448143320,key-37,1082
1775448143337,key-4,28
1775448143340,key-29,296
1775448143340,key-37,1102
1775448143342,key-37,1104
1775448143342,key-37,1104
1775448143342,key-24,267
1775448143342,key-37,1104
1775448143342,key-48,1185
1775448143342,key-31,684
1775448143343,key-37,1105
1775448143343,key-1,2801
1775448143344,key-31,686
1775448143347,key-36,1596
1775448143348,key-37,1110
1775448143351,key-24,276
1775448143357,key-24,282
1775448143357,key-11,11
1775448143357,key-31,699
1775448143360,key-37,1122
1775448143361,key-46,1150
1775448143361,key-37,1123
1775448143362,key-37,1124
1775448143369,key-36,1618
1775448143378,key-49,1027
1775448143378,key-30,27
1775448143379,key-9,231
1775448143379,key-46,1168
1775448143379,key-11,33
1775448143379,key-48,1222
1775448143380,key-14,524
1775448143384,key-36,1633
1775448143385,key-14,529
1775448143386,key-24,311
1775448143386,key-24,311
1775448143387,key-14,531
1775448143388,key-14,532
1775448143390,key-30,39
1775448143391,key-9,243
1775448143391,key-14,535
1775448143395,key-9,247
1775448143399,key-14,543
1775448143401,key-35,812
1775448143408,key-48,1251
1775448143408,key-14,552
1775448143409,key-46,1198
1775448143412,key-17,837
1775448143412,key-14,556
1775448143412,key-24,337
1775448143414,key-14,558
1775448143416,key-24,1
1775448143420,key-14,564
1775448143421,key-17,846
1775448143425,key-46,1214
1775448143426,key-9,278
1775448143426,key-24,11
1775448143427,key-22,113
1775448143427,key-4,11
1775448143429,key-46,1218
1775448143433,key-24,18
1775448143437,key-22,123
1775448143438,key-39,25
1775448143438,key-4,22
1775448143438,key-46,1227
1775448143441,key-14,585
1775448143444,key-4,28
1775448143451,key-49,11
1775448143451,key-4,35
1775448143452,key-24,37
1775448143452,key-4,36
1775448143453,key-17,878
1775448143458,key-37,1220
1775448143458,key-32,115
1775448143458,key-14,9
1775448143460,key-24,45
1775448143461,key-4,45
1775448143462,key-4,46
1775448143464,key-17,889
1775448143466,key-24,51
1775448143467,key-32,124
1775448143469,key-14,20
1775448143469,key-10,2350
1775448143469,key-24,54
1775448143470,key-48,1313
1775448143475,key-49,35
1775448143476,key-17,901
1775448143477,key-25,4
1775448143477,key-24,62
1775448143477,key-26,305
1775448143478,key-25,5
1775448143478,key-17,903
1775448143484,key-48,1327
1775448143484,key-14,35
1775448143487,key-10,2368
1775448143487,key-25,14
1775448143488,key-48,1331
1775448143489,key-24,74
1775448143491,key-31,833
1775448143492,key-48,1335
1775448143493,key-2,217
1775448143494,key-26,322
1775448143494,key-31,836
1775448143494,key-5,930
1775448143496,key-48,1339
1775448143497,key-48,1340
1775448143499,key-31,841
1775448143504,key-14,55
1775448143507,key-16,692
1775448143507,key-2,231
1775448143507,key-25,34
1775448143508,key-41,1473
1775448143509,key-7,34
1775448143510,key-14,61
1775448143510,key-25,37
1775448143510,key-24,95
1775448143510,key-25,37
1775448143513,key-2,237
1775448143516,key-16,701
1775448143517,key-43,647
1775448143518,key-31,860
1775448143519,key-31,861
1775448143520,key-41,1485
1775448143522,key-16,707
1775448143523,key-16,708
1775448143524,key-16,709
1775448143526,key-25,53
1775448143532,key-41,1497
1775448143532,key-41,1497
1775448143532,key-39,119
1775448143534,key-16,719
1775448143535,key-24,120
1775448143536,key-16,721
1775448143537,key-18,1369
1775448143537,key-16,722
1775448143541,key-33,404
1775448143541,key-16,726
1775448143542,key-47,708
1775448143549,key-29,505
1775448143550,key-29,506
1775448143550,key-16,735
1775448143551,key-16,736
1775448143552,key-16,737
1775448143553,key-5,989
1775448143554,key-29,510
1775448143555,key-41,1520
1775448143556,key-33,419
1775448143558,key-38,451
1775448143565,key-16,750
1775448143565,key-13,852
1775448143566,key-29,522
1775448143566,key-18,1398
1775448143568,key-39,155
1775448143568,key-41,1533
1775448143570,key-5,1006
1775448143572,key-42,1508
1775448143578,key-8,1517
1775448143578,key-11,232
1775448143580,key-16,765
1775448143581,key-46,1370
1775448143581,key-24,166
1775448143582,key-46,1371
1775448143582,key-5,1018
1775448143586,key-24,171
1775448143589,key-32,246
1775448143590,key-11,244
1775448143590,key-31,932
1775448143591,key-31,933
1775448143593,key-46,1382
1775448143595,key-8,1534
1775448143596,key-13,883
1775448143597,key-42,1533
1775448143597,key-42,1533
1775448143607,key-16,792
1775448143608,key-31,950
1775448143608,key-32,265
1775448143609,key-24,194
1775448143610,key-32,267
1775448143611,key-8,1550
1775448143612,key-42,1548
1775448143613,key-32,270
1775448143614,key-8,1553
1775448143614,key-31,956
1775448143616,key-47,782
1775448143622,key-42,1558
1775448143625,key-4,88
1775448143628,key-13,915
1775448143629,key-42,1565
1775448143630,key-44,1063
1775448143632,key-47,11
1775448143632,key-47,11
1775448143635,key-46,1424
1775448143637,key-47,16
1775448143640,key-31,982
1775448143640,key-44,1073
1775448143640,key-32,297
1775448143642,key-32,299
1775448143642,key-19,29
1775448143643,key-13,930
1775448143643,key-13,930
1775448143648,key-44,1081
1775448143652,key-47,31
1775448143657,key-44,1090
1775448143658,key-24,243
1775448143658,key-32,315
1775448143659,key-13,946
1775448143660,key-13,947
1775448143662,key-45,125
1775448143663,key-31,1005
1775448143664,key-25,191
1775448143664,key-16,849
1775448143665,key-47,44
1775448143665,key-32,322
1775448143671,key-10,33
1775448143671,key-44,1104
1775448143677,key-32,334
1775448143678,key-10,40
1775448143678,key-4,141
1775448143680,key-45,143
1775448143681,key-7,206
1775448143682,key-17,1107
1775448143682,key-25,209
1775448143683,key-44,1116
1775448143683,key-45,146
1775448143685,key-17,1110
1775448143692,key-7,217
1775448143692,key-44,1125
1775448143693,key-4,156
1775448143694,key-13,15
1775448143695,key-19,82
1775448143697,key-44,1130
1775448143698,key-19,85
1775448143699,key-20,1850
1775448143699,key-45,162
1775448143701,key-7,226
1775448143704,key-21,229
1775448143706,key-44,1139
1775448143707,key-14,258
1775448143708,key-44,1141
1775448143713,key-25,240
1775448143714,key-44,1147
1775448143717,key-14,268
1775448143718,key-25,245
1775448143719,key-4,182
1775448143721,key-44,1154
1775448143727,key-25,254
1775448143728,key-7,253
1775448143728,key-44,1161
1775448143730,key-44,1163
1775448143731,key-21,256
1775448143731,key-44,1164
1775448143731,key-25,258
1775448143732,key-44,1165
1775448143732,key-25,259
1775448143733,key-25,260
1775448143734,key-44,1167
1775448143736,key-7,261
1775448143739,key-14,290
1775448143739,key-25,266
1775448143745,key-44,1178
1775448143745,key-44,1178
1775448143749,key-25,276
1775448143751,key-44,1184
1775448143754,key-44,1187
1775448143757,key-28,5
1775448143759,key-44,1192
1775448143760,key-35,1171
1775448143761,key-28,9
1775448143762,key-25,289
1775448143763,key-25,290
1775448143763,key-44,1196
1775448143764,key-44,1197
1775448143766,key-44,1199
1775448143766,key-25,293
1775448143769,key-2,493
1775448143769,key-22,191
1775448143770,key-44,1203
1775448143770,key-28,18
1775448143772,key-25,299
1775448143772,key-1,3230
1775448143780,key-44,1213
1775448143780,key-28,28
1775448143781,key-28,29
1775448143785,key-50,647
1775448143785,key-44,1218
1775448143786,key-50,648
1775448143787,key-25,314
1775448143791,key-26,619
1775448143791,key-28,39
1775448143793,key-28,41
1775448143793,key-28,41
1775448143796,key-1,3254
1775448143797,key-7,322
1775448143804,key-44,1237
1775448143804,key-25,331
1775448143804,key-44,1237
1775448143805,key-13,126
1775448143805,key-19,192
1775448143806,key-28,54
1775448143812,key-38,84
1775448143812,key-13,133
1775448143814,key-13,135
1775448143818,key-38,90
1775448143820,key-28,68
1775448143821,key-50,3
1775448143823,key-13,144
1775448143825,key-44,1258
1775448143825,key-13,146
1775448143827,key-34,79
1775448143827,key-44,1260
1775448143828,key-14,379
1775448143829,key-28,77
1775448143830,key-44,1263
1775448143834,key-13,155
1775448143843,key-44,1276
1775448143843,key-27,1004
1775448143843,key-13,164
1775448143844,key-19,231
1775448143844,key-37,1606
1775448143852,key-44,1285
1775448143855,key-18,1687
1775448143857,key-25,13
1775448143857,key-44,1290
1775448143862,key-44,1295
1775448143862,key-44,1295
1775448143871,key-20,17
1775448143872,key-26,700
1775448143875,key-13,196
1775448143876,key-26,704
1775448143876,key-13,197
1775448143876,key-25,32
1775448143878,key-25,34
1775448143878,key-13,199
1775448143880,key-25,36
1775448143882,key-40,200
1775448143883,key-26,711
1775448143884,key-44,1317
1775448143885,key-25,41
1775448143885,key-26,713
1775448143894,key-44,1327
1775448143903,key-13,224
1775448143903,key-6,2342
1775448143904,key-13,225
1775448143907,key-40,225
1775448143907,key-32,25
1775448143914,key-13,235
1775448143915,key-13,236
1775448143916,key-25,72
1775448143917,key-40,235
1775448143920,key-25,76
1775448143920,key-40,238
1775448143920,key-26,748
1775448143920,key-3,458
1775448143920,key-43,1050
1775448143928,key-40,246
1775448143928,key-34,180
1775448143934,key-15,2373
1775448143935,key-9,346
1775448143936,key-13,257
1775448143937,key-25,93
1775448143938,key-43,1068
1775448143940,key-13,261
1775448143948,key-32,66
1775448143955,key-47,334
1775448143955,key-17,1380
1775448143955,key-18,1787
1775448143958,key-34,210
1775448143963,key-22,14
1775448143963,key-17,1388
1775448143966,key-48,388
1775448143968,key-25,124
1775448143969,key-15,2408
1775448143970,key-22,21
1775448143971,key-13,292
1775448143971,key-47,350
1775448143972,key-32,90
1775448143979,key-15,2418
1775448143980,key-31,1322
1775448143980,key-17,1405
1775448143981,key-22,32
1775448143986,key-47,3
1775448143986,key-22,37
1775448143987,key-32,105
1775448143999,key-15,2438
1775448144000,key-15,2439
1775448144006,key-44,37
1775448144007,key-47,24
1775448144007,key-15,2446
1775448144007,key-9,418
1775448144008,key-47,25
1775448144009,key-22,60
1775448144010,key-2,734
1775448144013,key-15,2452
1775448144016,key-15,2455
1775448144017,key-47,34
1775448144021,key-17,1446
1775448144022,key-15,2461
1775448144028,key-47,45
1775448144029,key-26,857
1775448144030,key-47,47
1775448144030,key-15,2469
1775448144033,key-43,2
1775448144034,key-47,51
1775448144036,key-26,864
1775448144039,key-24,624
1775448144040,key-34,292
1775448144040,key-9,451
1775448144041,key-22,92
1775448144041,key-33,904
1775448144045,key-35,1456
1775448144046,key-50,63
1775448144047,key-47,64
1775448144054,key-28,302
1775448144056,key-15,2495
1775448144059,key-35,1470
1775448144061,key-9,472
1775448144066,key-24,23
1775448144067,key-15,2506
1775448144070,key-35,1481
1775448144070,key-39,657
1775448144071,key-24,28
1775448144071,key-15,2510
1775448144072,key-4,29
1775448144073,key-15,2512
1775448144074,key-44,21
1775448144074,key-15,2513
1775448144075,key-16,32
1775448144077,key-44,24
1775448144078,key-48,22
1775448144081,key-15,2520
1775448144081,key-15,2520
1775448144081,key-39,668
1775448144083,key-15,2522
1775448144089,key-44,36
1775448144090,key-15,2529
1775448144090,key-44,37
1775448144097,key-23,1391
1775448144097,key-48,41
1775448144102,key-15,2541
1775448144102,key-12,521
1775448144102,key-44,49
1775448144106,key-15,2545
1775448144108,key-15,2547
1775448144108,key-15,2547
1775448144109,key-26,937
1775448144109,key-44,56
1775448144111,key-44,58
1775448144111,key-8,2050
1775448144115,key-1,3573
1775448144115,key-15,2554
1775448144116,key-22,28
1775448144116,key-15,2555
1775448144122,key-31,6
1775448144125,key-26,953
1775448144128,key-15,2567
1775448144128,key-26,956
1775448144129,key-15,2568
1775448144130,key-11,784
1775448144130,key-44,77
1775448144130,key-31,14
1775448144130,key-1,3588
1775448144131,key-15,2570
1775448144137,key-47,35
1775448144137,key-44,84
1775448144138,key-1,3596
1775448144138,key-41,2103
1775448144140,key-15,2579
1775448144141,key-22,53
1775448144141,key-26,969
1775448144143,key-1,3601
1775448144145,key-44,92
1775448144145,key-48,89
1775448144146,key-1,3604
1775448144147,key-15,2586
1775448144148,key-22,60
1775448144149,key-47,47
1775448144149,key-37,1911
1775448144151,key-37,1913
1775448144151,key-2,875
1775448144156,key-26,984
1775448144162,key-26,990
1775448144162,key-26,990
1775448144162,key-29,414
1775448144164,key-26,992
1775448144165,key-15,2604
1775448144165,key-29,417
1775448144166,key-22,78
1775448144168,key-40,6
1775448144169,key-1,3627
1775448144172,key-40,10
1775448144172,key-37,1934
1775448144173,key-39,760
1775448144174,key-37,1936
1775448144175,key-37,1937
1775448144176,key-22,88
1775448144176,key-40,14
1775448144180,key-26,1008
1775448144181,key-30,1
1775448144188,key-42,2124
1775448144190,key-30,10
1775448144190,key-43,2
1775448144192,key-44,139
1775448144192,key-6,2631
1775448144196,key-30,16
1775448144197,key-3,735
1775448144198,key-30,18
1775448144202,key-37,1964
1775448144202,key-44,149
1775448144202,key-28,450
1775448144203,key-37,1965
1775448144203,key-3,741
1775448144203,key-30,23
1775448144205,key-3,743
1775448144206,key-28,454
1775448144207,key-30,27
1775448144208,key-30,28
1775448144209,key-43,21
1775448144209,key-30,29
1775448144210,key-28,458
1775448144211,key-30,31
1775448144212,key-18,2044
1775448144217,key-37,1979
1775448144220,key-37,1982
1775448144221,key-43,33
1775448144222,key-31,106
1775448144222,key-30,42
1775448144229,key-43,41
1775448144230,key-39,817
1775448144231,key-30,51
1775448144232,key-30,52
1775448144233,key-30,53
1775448144234,key-45,697
1775448144244,key-30,64
1775448144245,key-30,65
1775448144245,key-43,57
1775448144245,key-37,2007
1775448144247,key-30,67
1775448144248,key-30,68
1775448144249,key-19,26
1775448144249,key-17,1674
1775448144249,key-17,1674
1775448144251,key-20,252
1775448144259,key-30,79
1775448144259,key-23,1553
1775448144259,key-31,143
1775448144260,key-30,80
1775448144265,key-30,85
1775448144266,key-31,150
1775448144269,key-30,89
1775448144270,key-30,90
1775448144272,key-2,996
1775448144273,key-30,93
1775448144273,key-17,1698
1775448144277,key-2,1001
1775448144277,key-43,29
1775448144283,key-20,284
1775448144284,key-17,1709
1775448144286,key-31,170
1775448144287,key-43,39
1775448144289,key-30,109
1775448144294,key-28,542
1775448144294,key-20,295
1775448144294,key-31,178
1775448144295,key-30,115
1775448144295,key-2,1019
1775448144299,key-11,953
1775448144301,key-30,121
1775448144312,key-30,132
1775448144312,key-2,1036
1775448144313,key-2,1037
1775448144317,key-6,4
1775448144326,key-41,2291
1775448144327,key-30,147
1775448144331,key-23,8
1775448144331,key-20,332
1775448144331,key-30,151
1775448144333,key-45,796
1775448144337,key-30,157
1775448144339,key-33,224
1775448144339,key-20,340
1775448144340,key-11,994
1775448144354,key-32,41
1775448144355,key-37,37
1775448144355,key-40,193
1775448144356,key-20,357
1775448144360,key-32,47
1775448144360,key-37,42
1775448144360,key-7,885
1775448144364,key-20,365
1775448144368,key-4,325
1775448144373,key-20,374
1775448144387,key-15,2826
1775448144388,key-4,345
1775448144389,key-4,346
1775448144390,key-20,391
1775448144390,key-47,288
1775448144390,key-31,274
1775448144393,key-49,953
1775448144393,key-41,2358
1775448144397,key-4,354
1775448144398,key-41,2363
1775448144399,key-49,959
1775448144404,key-7,929
1775448144419,key-4,376
1775448144419,key-43,33
1775448144420,key-4,377
1775448144420,key-4,377
1775448144421,key-4,378
1775448144421,key-20,422
1775448144422,key-7,947
1775448144423,key-12,842
1775448144424,key-41,2389
1775448144426,key-4,383
1775448144430,key-21,955
1775448144431,key-43,45
1775448144433,key-4,390
1775448144434,key-7,959
1775448144435,key-33,17
1775448144439,key-3,977
1775448144445,key-21,970
1775448144446,key-18,2278
1775448144446,key-4,403
1775448144448,key-7,973
1775448144449,key-4,406
1775448144450,key-4,407
1775448144450,key-4,407
1775448144450,key-20,451
1775448144452,key-4,409
1775448144455,key-7,980
1775448144461,key-35,12
1775448144462,key-35,13
1775448144462,key-49,1022
1775448144464,key-18,2296
1775448144469,key-3,1007
1775448144478,key-33,60
1775448144479,key-35,30
1775448144480,key-49,1040
1775448144481,key-43,95
1775448144481,key-28,729
1775448144481,key-4,438
1775448144486,key-39,1073
1775448144487,key-28,735
1775448144490,key-7,1015
1775448144490,key-44,437
1775448144492,key-4,449
1775448144495,key-35,46
1775448144496,key-3,1034
1775448144496,key-35,47
1775448144501,key-27,1662
1775448144506,key-49,1066
1775448144512,key-28,760
1775448144513,key-43,127
1775448144516,key-3,1054
1775448144518,key-39,1105
1775448144519,key-49,1079
1775448144523,key-28,771
1775448144524,key-3,1062
1775448144536,key-39,1123
1775448144537,key-3,1075
1775448144538,key-28,786
1775448144538,key-3,1076
1775448144539,key-35,90
1775448144539,key-20,48
1775448144540,key-35,91
1775448144540,key-44,487
1775448144543,key-28,791
1775448144544,key-3,1082
1775448144549,key-35,100
1775448144549,key-43,163
1775448144552,key-44,499
1775448144553,key-21,1078
1775448144556,key-50,573
1775448144557,key-3,1095
1775448144565,key-43,179
1775448144580,key-3,1118
1775448144582,key-50,599
1775448144583,key-3,1121
1775448144583,key-22,62
1775448144583,key-39,1170
1775448144583,key-3,1121
1775448144585,key-36,632
1775448144587,key-8,8
1775448144588,key-3,1126
1775448144589,key-43,203
1775448144589,key-43,203
1775448144590,key-3,1128
1775448144597,key-46,2386
1775448144601,key-23,176
1775448144602,key-29,254
1775448144604,key-44,551
1775448144607,key-3,1145
1775448144611,key-39,1198
1775448144614,key-44,561
1775448144620,key-3,1158
1775448144625,key-44,572
1775448144625,key-8,46
1775448144626,key-22,105
1775448144626,key-36,6
1775448144628,key-44,575
1775448144631,key-43,245
1775448144632,key-46,2421
1775448144636,key-29,288
1775448144637,key-16,594
1775448144637,key-46,2426
1775448144646,key-44,593
1775448144647,key-19,57
1775448144648,key-8,69
1775448144648,key-34,900
1775448144648,key-22,127
1775448144652,key-34,904
1775448144653,key-33,235
1775448144660,key-19,70
1775448144661,key-36,41
1775448144662,key-44,609
1775448144663,key-42,392
1775448144663,key-22,142
1775448144664,key-43,278
1775448144666,key-24,529
1775448144668,key-43,282
1775448144671,key-46,2460
1775448144675,key-29,327
1775448144680,key-8,101
1775448144680,key-34,932
1775448144682,key-23,257
1775448144685,key-36,65
1775448144687,key-22,166
1775448144688,key-48,632
1775448144693,key-8,114
1775448144700,key-36,80
1775448144702,key-36,82
1775448144711,key-36,91
1775448144714,key-24,577
1775448144714,key-19,124
1775448144716,key-20,225
1775448144716,key-25,251
1775448144718,key-36,98
1775448144724,key-36,104
1775448144725,key-27,1886
1775448144728,key-8,19
1775448144732,key-36,112
1775448144733,key-28,981
1775448144735,key-33,13
1775448144737,key-33,15
1775448144737,key-14,1288
1775448144740,key-8,31
1775448144746,key-36,126
1775448144747,key-36,127
1775448144749,key-36,129
1775448144752,key-33,30
1775448144753,key-27,1914
1775448144768,key-5,631
1775448144768,key-33,46
1775448144770,key-33,48
1775448144770,key-33,48
1775448144771,key-3,1309
1775448144771,key-36,151
1775448144772,key-3,1310
1775448144773,key-45,148
1775448144777,key-23,352
1775448144777,key-35,328
1775448144779,key-36,159
1775448144780,key-27,1941
1775448144781,key-23,356
1775448144782,key-33,60
1775448144782,key-36,162
1775448144783,key-1,4241
1775448144783,key-31,667
1775448144788,key-14,19
1775448144791,key-3,1329
1775448144792,key-36,172
1775448144793,key-14,24
1775448144794,key-6,25
1775448144794,key-3,1332
1775448144795,key-39,12
1775448144796,key-6,27
1775448144798,key-12,1217
1775448144799,key-12,1218
1775448144800,key-39,17
1775448144806,key-42,535
1775448144809,key-17,13
1775448144811,key-1,4269
1775448144811,key-17,15
1775448144811,key-39,28
1775448144812,key-17,16
1775448144814,key-42,543
1775448144814,key-36,194
1775448144820,key-6,51
1775448144822,key-36,202
1775448144823,key-39,40
1775448144823,key-19,233
1775448144824,key-6,55
1775448144825,key-39,42
1775448144825,key-2,1549
1775448144831,key-19,241
1775448144831,key-6,62
1775448144831,key-12,1250
1775448144831,key-15,28
1775448144832,key-36,212
1775448144834,key-17,38
1775448144837,key-43,24
1775448144838,key-36,218
1775448144844,key-2,1568
1775448144844,key-17,48
1775448144845,key-6,76
1775448144845,key-36,225
1775448144847,key-16,9
1775448144856,key-25,20
1775448144856,key-8,147
1775448144857,key-16,19
1775448144857,key-19,267
1775448144858,key-6,89
1775448144858,key-39,75
1775448144860,key-15,57
1775448144864,key-36,244
1775448144864,key-6,95
1775448144868,key-3,1406
1775448144869,key-15,66
1775448144869,key-33,147
1775448144869,key-19,279
1775448144872,key-2,1596
1775448144873,key-9,791
1775448144874,key-19,284
1775448144875,key-16,37
1775448144879,key-45,254
1775448144880,key-16,42
1775448144883,key-39,100
1775448144885,key-6,116
1775448144885,key-19,295
1775448144886,key-16,48
1775448144887,key-29,539
1775448144889,key-16,51
1775448144890,key-19,300
1775448144890,key-19,300
1775448144891,key-35,442
1775448144891,key-16,53
1775448144891,key-16,53
1775448144892,key-16,54
1775448144895,key-46,2684
1775448144896,key-31,780
1775448144898,key-19,308
1775448144899,key-13,1220
1775448144904,key-19,314
1775448144908,key-16,70
1775448144909,key-16,71
1775448144909,key-45,284
1775448144909,key-16,71
1775448144909,key-11,170
1775448144910,key-16,72
1775448144914,key-19,324
1775448144917,key-49,1477
1775448144919,key-1,4377
1775448144920,key-30,23
1775448144922,key-31,806
1775448144925,key-16,87
1775448144925,key-49,1485
1775448144926,key-27,2087
1775448144930,key-19,340
1775448144930,key-16,92
1775448144930,key-19,340
1775448144931,key-19,341
1775448144935,key-19,345
1775448144935,key-12,1354
1775448144936,key-13,12
1775448144937,key-9,855
1775448144942,key-40,780
1775448144943,key-12,1362
1775448144944,key-16,106
1775448144948,key-16,110
1775448144949,key-22,27
1775448144950,key-29,602
1775448144952,key-16,114
1775448144954,key-9,872
1775448144956,key-42,79
1775448144957,key-49,1517
1775448144958,key-1,4416
1775448144959,key-16,121
1775448144959,key-31,843
1775448144960,key-22,38
1775448144960,key-22,38
1775448144965,key-25,129
1775448144969,key-16,131
1775448144969,key-29,621
1775448144971,key-9,15
1775448144971,key-10,1333
1775448144972,key-40,810
1775448144973,key-46,2762
1775448144973,key-9,17
1775448144974,key-45,349
1775448144974,key-18,2806
1775448144976,key-42,99
1775448144976,key-31,860
1775448144980,key-31,864
1775448144982,key-16,144
1775448144982,key-18,2814
1775448144983,key-10,1345
1775448144984,key-16,146
1775448144986,key-9,30
1775448144987,key-50,132
1775448144991,key-50,136
1775448144991,key-47,889
1775448144991,key-31,875
1775448144991,key-48,935
1775448144991,key-16,153
1775448144993,key-18,2825
1775448144997,key-50,142
1775448144997,key-9,41
1775448145001,key-50,146
1775448145003,key-26,1831
1775448145003,key-31,887
1775448145005,key-16,167
1775448145006,key-35,557
1775448145006,key-39,14
1775448145006,key-26,1834
1775448145008,key-47,906
1775448145009,key-26,1837
1775448145012,key-2,1736
1775448145014,key-31,898
1775448145014,key-50,159
1775448145015,key-50,160
1775448145018,key-1,4476
1775448145019,key-26,1847
1775448145024,key-26,1852
1775448145024,key-9,68
1775448145024,key-5,887
1775448145024,key-31,908
1775448145025,key-2,1749
1775448145026,key-31,910
1775448145027,key-6,16
1775448145028,key-26,1856
1775448145028,key-5,891
1775448145029,key-25,193
1775448145030,key-22,108
1775448145032,key-49,1592
1775448145041,key-3,1579
1775448145041,key-13,15
1775448145043,key-38,955
1775448145043,key-13,17
1775448145044,key-43,231
1775448145044,key-13,18
1775448145047,key-6,36
1775448145048,key-12,1467
1775448145050,key-6,39
1775448145052,key-13,26
1775448145053,key-26,1881
1775448145054,key-13,28
1775448145055,key-38,967
1775448145056,key-43,243
1775448145058,key-13,32
1775448145058,key-44,1005
1775448145061,key-26,1889
1775448145064,key-36,444
1775448145065,key-43,252
1775448145065,key-38,977
1775448145065,key-26,1893
1775448145067,key-13,41
1775448145067,key-44,1014
1775448145069,key-23,644
1775448145071,key-40,909
1775448145074,key-6,17
1775448145079,key-21,1604
1775448145081,key-43,268
1775448145082,key-8,150
1775448145083,key-13,57
1775448145087,key-40,925
1775448145088,key-42,98
1775448145089,key-36,469
1775448145092,key-18,2924
1775448145093,key-28,1341
1775448145094,key-30,197
1775448145100,key-43,287
1775448145101,key-26,1929
1775448145102,key-13,76
1775448145103,key-36,483
1775448145104,key-30,207
1775448145104,key-42,114
1775448145105,key-44,1052
1775448145108,key-43,295
1775448145110,key-34,1362
1775448145113,key-47,1011
1775448145115,key-43,302
1775448145115,key-46,2904
1775448145116,key-26,1944
1775448145125,key-36,505
1775448145126,key-49,1686
1775448145126,key-46,2915
1775448145128,key-49,1688
1775448145129,key-43,316
1775448145129,key-26,1957
1775448145134,key-21,1659
1775448145141,key-26,1969
1775448145141,key-46,2930
1775448145142,key-26,1970
1775448145145,key-17,349
1775448145146,key-50,291
1775448145149,key-45,158
1775448145150,key-28,1398
1775448145152,key-49,24
1775448145164,key-21,1689
1775448145164,key-49,36
1775448145165,key-26,1993
1775448145166,key-46,2955
1775448145168,key-1,4626
1775448145169,key-45,178
1775448145169,key-46,2958
1775448145183,key-46,2972
1775448145183,key-17,387
1775448145184,key-49,56
1775448145185,key-2,27
1775448145185,key-1,4643
1775448145186,key-2,28
1775448145189,key-8,8
1775448145190,key-26,2018
1775448145191,key-46,2980
1775448145196,key-12,124
1775448145197,key-13,171
1775448145208,key-17,412
1775448145209,key-46,2998
1775448145209,key-12,137
1775448145209,key-26,2037
1775448145210,key-47,1108
1775448145221,key-26,2049
1775448145226,key-3,1764
1775448145226,key-47,1124
1775448145227,key-46,3016
1775448145227,key-2,69
1775448145228,key-35,201
1775448145230,key-12,20
1775448145231,key-4,10
1775448145236,key-4,15
1775448145242,key-42,252
1775448145242,key-41,13
1775448145244,key-41,15
1775448145244,key-24,1107
1775448145248,key-12,38
1775448145250,key-47,1148
1775448145250,key-41,21
1775448145252,key-41,23
1775448145252,key-12,42
1775448145253,key-47,1151
1775448145258,key-41,29
1775448145259,key-41,30
1775448145267,key-2,109
1775448145268,key-41,39
1775448145270,key-41,41
1775448145270,key-12,60
1775448145281,key-12,71
1775448145281,key-12,71
1775448145281,key-12,71
1775448145283,key-41,54
1775448145283,key-12,73
1775448145284,key-42,294
1775448145284,key-12,74
1775448145286,key-12,76
1775448145292,key-47,1190
1775448145292,key-12,82
1775448145293,key-34,1545
1775448145294,key-12,84
1775448145301,key-42,311
1775448145308,key-42,318
1775448145309,key-46,3098
1775448145311,key-12,101
1775448145311,key-12,101
1775448145312,key-20,18
1775448145313,key-12,103
1775448145314,key-12,104
1775448145325,key-12,115
1775448145325,key-42,335
1775448145327,key-42,337
1775448145328,key-12,118
1775448145329,key-12,119
1775448145333,key-12,123
1775448145334,key-20,40
1775448145335,key-12,125
1775448145337,key-7,290
1775448145337,key-34,1589
1775448145339,key-12,129
1775448145341,key-12,131
1775448145343,key-12,133
1775448145344,key-12,134
1775448145345,key-12,135
1775448145346,key-12,136
1775448145354,key-42,364
1775448145356,key-42,366
1775448145358,key-10,3
1775448145358,key-50,190
1775448145359,key-45,368
1775448145360,key-12,150
1775448145362,key-12,152
1775448145364,key-12,154
1775448145366,key-12,156
1775448145368,key-28,1616
1775448145369,key-12,159
1775448145369,key-12,159
1775448145370,key-42,380
1775448145371,key-12,161
1775448145372,key-4,151
1775448145373,key-46,3162
1775448145374,key-12,164
1775448145376,key-45,385
1775448145381,key-8,200
1775448145384,key-43,571
1775448145384,key-4,163
1775448145385,key-12,175
1775448145389,key-45,398
1775448145389,key-12,179
1775448145390,key-17,594
1775448145391,key-45,400
1775448145392,key-45,401
1775448145392,key-14,623
1775448145393,key-10,38
1775448145396,key-12,186
1775448145399,key-39,407
1775448145401,key-46,3190
1775448145401,key-45,410
1775448145401,key-47,12
1775448145404,key-3,1942
1775448145406,key-12,196
1775448145407,key-43,594
1775448145410,key-12,200
1775448145410,key-39,418
1775448145414,key-7,367
1775448145422,key-8,241
1775448145423,key-12,213
1775448145425,key-10,70
1775448145425,key-50,257
1775448145425,key-15,34
1775448145426,key-15,35
1775448145428,key-30,531
1775448145436,key-12,226
1775448145438,key-30,541
1775448145438,key-45,447
1775448145438,key-49,310
1775448145438,key-9,482
1775448145440,key-7,393
1775448145440,key-31,1324
1775448145441,key-27,2602
1775448145441,key-43,628
1775448145443,key-8,262
1775448145446,key-21,17
1775448145447,key-3,1985
1775448145450,key-31,1334
1775448145451,key-31,1335
1775448145455,key-30,558
1775448145457,key-3,1995
1775448145459,key-21,30
1775448145462,key-28,1710
1775448145464,key-12,254
1775448145465,key-3,2003
1775448145465,key-3,2003
1775448145467,key-3,2005
1775448145469,key-31,1353
1775448145470,key-27,10
1775448145470,key-21,41
1775448145473,key-8,292
1775448145475,key-3,1
1775448145477,key-27,17
1775448145477,key-43,14
1775448145478,key-3,4
1775448145479,key-47,90
1775448145481,key-47,92
1775448145482,key-3,8
1775448145487,key-47,98
1775448145488,key-5,7
1775448145491,key-37,1173
1775448145491,key-3,17
1775448145493,key-4,272
1775448145495,key-3,21
1775448145495,key-18,88
1775448145497,key-47,108
1775448145499,key-27,39
1775448145503,key-3,29
1775448145503,key-3,29
1775448145504,key-3,30
1775448145505,key-3,31
1775448145506,key-47,117
1775448145508,key-5,27
1775448145508,key-23,1083
1775448145508,key-13,482
1775448145509,key-50,80
1775448145509,key-18,102
1775448145512,key-50,83
1775448145514,key-37,1196
1775448145514,key-37,1196
1775448145517,key-45,526
1775448145520,key-37,1202
1775448145523,key-37,1205
1775448145525,key-37,1207
1775448145529,key-37,1211
1775448145529,key-3,55
1775448145530,key-16,692
1775448145532,key-37,1214
1775448145534,key-12,324
1775448145534,key-50,105
1775448145534,key-37,1216
1775448145535,key-23,1110
1775448145536,key-37,1218
1775448145545,key-28,1793
1775448145549,key-37,1231
1775448145551,key-37,1233
1775448145551,key-36,107
1775448145552,key-28,1800
1775448145553,key-28,1801
1775448145553,key-37,1235
1775448145559,key-37,1241
1775448145560,key-30,663
1775448145561,key-13,26
1775448145566,key-37,1248
1775448145567,key-49,439
1775448145569,key-37,1251
1775448145570,key-23,1145
1775448145572,key-34,42
1775448145573,key-13,38
1775448145574,key-14,27
1775448145575,key-37,1257
1775448145576,key-37,1258
1775448145577,key-37,1259
1775448145579,key-5,98
1775448145582,key-34,52
1775448145582,key-30,685
1775448145583,key-38,17
1775448145584,key-34,54
1775448145585,key-38,19
1775448145591,key-32,127
1775448145591,key-37,1273
1775448145592,key-30,695
1775448145593,key-38,27
1775448145594,key-38,28
1775448145596,key-38,30
1775448145596,key-37,1278
1775448145597,key-16,759
1775448145599,key-34,69
1775448145599,key-13,64
1775448145601,key-23,1176
1775448145604,key-38,38
1775448145604,key-34,74
1775448145605,key-34,75
1775448145609,key-38,43
1775448145611,key-34,81
1775448145612,key-34,82
1775448145613,key-17,817
1775448145614,key-26,2442
1775448145617,key-43,13
1775448145617,key-38,51
1775448145620,key-43,16
1775448145623,key-9,667
1775448145624,key-24,1487
1775448145624,key-19,295
1775448145626,key-23,1201
1775448145627,key-49,499
1775448145629,key-12,419
1775448145629,key-43,25
1775448145630,key-38,64
1775448145633,key-19,304
1775448145636,key-34,106
1775448145636,key-38,70
1775448145641,key-45,650
1775448145641,key-34,111
1775448145641,key-34,111
1775448145642,key-25,342
1775448145643,key-12,433
1775448145645,key-38,79
1775448145646,key-43,42
1775448145647,key-46,3436
1775448145662,key-38,96
1775448145662,key-45,671
1775448145663,key-3,189
1775448145663,key-24,1526
1775448145664,key-11,925
1775448145664,key-25,364
1775448145666,key-12,456
1775448145666,key-12,456
1775448145667,key-43,63
1775448145669,key-46,3458
1775448145674,key-24,1537
1775448145675,key-43,71
1775448145680,key-12,470
1775448145681,key-46,3470
1775448145681,key-25,381
1775448145681,key-43,77
1775448145682,key-12,472
1775448145687,key-43,83
1775448145692,key-36,248
1775448145693,key-45,702
1775448145693,key-24,1556
1775448145697,key-28,8
1775448145699,key-12,489
1775448145699,key-45,708
1775448145700,key-25,400
1775448145701,key-36,257
1775448145703,key-25,403
1775448145707,key-12,497
1775448145708,key-28,19
1775448145709,key-30,812
1775448145709,key-12,499
1775448145710,key-43,106
1775448145710,key-25,410
1775448145710,key-25,410
1775448145712,key-11,973
1775448145714,key-8,533
1775448145717,key-41,488
1775448145719,key-25,419
1775448145720,key-45,729
1775448145722,key-45,731
1775448145725,key-44,160
1775448145726,key-45,735
1775448145727,key-12,517
1775448145731,key-11,992
1775448145732,key-34,42
1775448145734,key-25,434
1775448145734,key-11,995
1775448145735,key-11,996
1775448145737,key-40,13
1775448145739,key-25,439
1775448145742,key-13,207
1775448145742,key-11,1003
1775448145746,key-40,22
1775448145747,key-45,756
1775448145749,key-13,214
1775448145750,key-40,26
1775448145751,key-43,147
1775448145751,key-22,331
1775448145752,key-40,28
1775448145753,key-23,1328
1775448145753,key-11,1014
1775448145753,key-29,227
1775448145754,key-11,1015
1775448145755,key-44,190
1775448145756,key-40,32
1775448145757,key-40,33
1775448145760,key-13,225
1775448145760,key-33,1038
1775448145762,key-40,38
1775448145765,key-6,708
1775448145765,key-13,230
1775448145768,key-29,242
1775448145772,key-39,780
1775448145773,key-40,49
1775448145773,key-25,473
1775448145777,key-25,477
1775448145778,key-39,786
1775448145781,key-6,724
1775448145783,key-40,7
1775448145789,key-44,224
1775448145790,key-6,733
1775448145792,key-44,227
1775448145793,key-50,364
1775448145796,key-29,270
1775448145796,key-50,367
1775448145798,key-39,806
1775448145799,key-28,110
1775448145800,key-13,265
1775448145800,key-45,809
1775448145801,key-28,112
1775448145801,key-50,372
1775448145805,key-44,14
1775448145806,key-28,117
1775448145808,key-46,3597
1775448145809,key-1,46
1775448145809,key-6,752
1775448145817,key-46,3606
1775448145818,key-46,3607
1775448145818,key-6,761
1775448145819,key-28,130
1775448145820,key-6,763
1775448145821,key-28,132
1775448145821,key-28,132
1775448145826,key-28,137
1775448145829,key-40,53
1775448145833,key-28,144
1775448145834,key-9,878
1775448145834,key-28,145
1775448145835,key-1,72
1775448145842,key-28,153
1775448145842,key-28,153
1775448145842,key-46,3631
1775448145842,key-50,413
1775448145843,key-28,154
1775448145844,key-28,155
1775448145844,key-28,155
1775448145845,key-35,170
1775448145850,key-10,495
1775448145852,key-6,795
1775448145853,key-28,164
1775448145853,key-28,164
1775448145859,key-28,170
1775448145860,key-28,171
1775448145863,key-35,188
1775448145864,key-28,175
1775448145865,key-19,536
1775448145868,key-19,539
1775448145868,key-1,105
1775448145877,key-35,202
1775448145879,key-35,204
1775448145881,key-25,581
1775448145881,key-1,118
1775448145883,key-16,1045
1775448145888,key-37,21
1775448145888,key-4,328
1775448145889,key-43,285
1775448145890,key-40,114
1775448145890,key-2,500
1775448145895,key-40,119
1775448145896,key-19,567
1775448145898,key-43,294
1775448145898,key-27,15
1775448145901,key-40,125
1775448145901,key-16,1063
1775448145906,key-37,39
1775448145907,key-10,552
1775448145910,key-10,555
1775448145916,key-40,140
1775448145916,key-40,140
1775448145917,key-19,588
1775448145918,key-43,314
1775448145922,key-2,532
1775448145922,key-32,231
1775448145927,key-47,380
1775448145931,key-40,155
1775448145931,key-46,3720
1775448145932,key-17,115
1775448145934,key-40,158
1775448145935,key-44,144
1775448145942,key-40,166
1775448145942,key-16,1104
1775448145943,key-37,76
1775448145944,key-20,650
1775448145946,key-17,129
1775448145948,key-10,593
1775448145951,key-46,3740
1775448145953,key-20,659
1775448145955,key-35,280
1775448145956,key-39,15
1775448145957,key-13,422
1775448145958,key-32,267
1775448145962,key-10,607
1775448145962,key-29,436
1775448145964,key-40,188
1775448145964,key-29,438
1775448145965,key-13,430
1775448145967,key-44,176
1775448145969,key-29,443
1775448145971,key-29,445
1775448145973,key-21,23
1775448145974,key-20,680
1775448145975,key-50,546
1775448145980,key-40,204
1775448145982,key-29,456
1775448145985,key-21,35
1775448145986,key-28,297
1775448145995,key-29,469
1775448145999,key-10,644
1775448146000,key-10,645
1775448146000,key-29,474
1775448146000,key-43,396
1775448146003,key-10,648
1775448146004,key-8,823
1775448146004,key-10,649
1775448146006,key-17,189
1775448146007,key-13,472
1775448146009,key-29,483
1775448146009,key-29,483
1775448146010,key-40,234
1775448146012,key-29,486
1775448146016,key-10,661
1775448146018,key-29,492
1775448146024,key-50,595
1775448146028,key-29,502
1775448146029,key-23,1604
1775448146029,key-10,674
1775448146031,key-10,676
1775448146031,key-32,340
1775448146033,key-50,604
1775448146036,key-29,510
1775448146039,key-29,513
1775448146040,key-29,514
1775448146041,key-50,612
1775448146043,key-1,8
1775448146044,key-23,1619
1775448146045,key-10,690
1775448146045,key-29,519
1775448146046,key-49,918
1775448146049,key-29,523
1775448146055,key-29,529
1775448146055,key-26,2883
1775448146055,key-29,529
1775448146061,key-23,1636
1775448146061,key-29,535
1775448146063,key-44,272
1775448146064,key-1,29
1775448146068,key-29,542
1775448146072,key-29,546
1775448146074,key-49,946
1775448146082,key-11,1343
1775448146084,key-49,956
1775448146085,key-44,294
1775448146085,key-10,730
1775448146086,key-29,560
1775448146087,key-21,137
1775448146091,key-10,736
1775448146091,key-49,963
1775448146093,key-29,567
1775448146097,key-29,571
1775448146105,key-23,1680
1775448146105,key-44,314
1775448146109,key-26,2937
1775448146114,key-44,323
1775448146115,key-23,1690
1775448146120,key-49,992
1775448146121,key-29,595
1775448146126,key-11,1387
1775448146135,key-44,344
1775448146136,key-29,610
1775448146140,key-44,349
1775448146143,key-6,1086
1775448146144,key-11,1405
1775448146144,key-49,1016
1775448146146,key-29,620
1775448146146,key-21,196
1775448146147,key-44,356
1775448146147,key-30,29
1775448146149,key-10,794
1775448146151,key-10,796
1775448146153,key-44,362
1775448146157,key-29,631
1775448146160,key-29,634
1775448146169,key-44,378
1775448146170,key-44,379
1775448146171,key-4,24
1775448146171,key-32,32
1775448146172,key-41,381
1775448146174,key-30,56
1775448146187,key-18,14
1775448146190,key-17,373
1775448146191,key-29,665
1775448146192,key-4,45
1775448146192,key-11,1453
1775448146192,key-29,666
1775448146192,key-11,1453
1775448146193,key-47,646
1775448146193,key-21,243
1775448146194,key-46,35
1775448146194,key-18,21
1775448146195,key-17,378
1775448146198,key-11,1459
1775448146202,key-18,29
1775448146204,key-15,813
1775448146206,key-17,389
1775448146206,key-18,33
1775448146207,key-6,1150
1775448146207,key-11,1468
1775448146209,key-49,21
1775448146209,key-49,21
1775448146214,key-37,104
1775448146217,key-6,1160
1775448146219,key-18,46
1775448146220,key-27,337
1775448146221,key-6,1164
1775448146224,key-15,833
1775448146224,key-34,534
1775448146224,key-20,930
1775448146225,key-49,37
1775448146225,key-35,22
1775448146235,key-18,62
1775448146236,key-4,89
1775448146239,key-2,849
1775448146240,key-49,52
1775448146243,key-27,360
1775448146244,key-49,56
1775448146245,key-39,304
1775448146245,key-4,98
1775448146246,key-15,855
1775448146252,key-20,958
1775448146252,key-19,923
1775448146253,key-26,3081
1775448146253,key-35,50
1775448146254,key-43,650
1775448146255,key-26,3083
1775448146256,key-44,465
1775448146257,key-39,316
1775448146258,key-2,868
1775448146260,key-5,779
1775448146261,key-26,3089
1775448146262,key-49,74
1775448146267,key-26,3095
1775448146267,key-39,326
1775448146267,key-13,732
1775448146270,key-39,329
1775448146270,key-6,23
1775448146270,key-2,880
1775448146273,key-5,792
1775448146274,key-20,980
1775448146275,key-26,3103
1775448146276,key-26,3104
1775448146276,key-20,982
1775448146277,key-5,796
1775448146280,key-23,1855
1775448146282,key-2,892
1775448146284,key-12,552
1775448146285,key-13,750
1775448146286,key-20,992
1775448146287,key-13,752
1775448146293,key-41,502
1775448146294,key-39,353
1775448146296,key-39,355
1775448146297,key-43,693
1775448146298,key-20,1004
1775448146298,key-2,908
1775448146301,key-26,3129
1775448146307,key-35,4
1775448146307,key-14,760
1775448146308,key-20,1014
1775448146309,key-39,8
1775448146310,key-20,1016
1775448146311,key-47,764
1775448146315,key-20,1021
1775448146316,key-47,769
1775448146318,key-39,17
1775448146318,key-19,7
1775448146318,key-24,2181
1775448146318,key-6,2
1775448146319,key-24,2182
1775448146320,key-39,19
1775448146320,key-39,19
1775448146323,key-6,7
1775448146323,key-20,1029
1775448146324,key-15,933
1775448146327,key-4,180
1775448146332,key-6,16
1775448146332,key-24,2195
1775448146333,key-24,2196
1775448146335,key-30,217
1775448146337,key-18,2
1775448146338,key-40,562
1775448146339,key-15,948
1775448146340,key-24,2203
1775448146340,key-13,805
1775448146341,key-24,2204
1775448146343,key-18,8
1775448146344,key-15,953
1775448146345,key-9,3
1775448146346,key-15,955
1775448146348,key-18,13
1775448146350,key-9,8
1775448146353,key-24,2216
1775448146356,key-4,209
1775448146356,key-15,965
1775448146357,key-9,15
1775448146357,key-18,22
1775448146359,key-24,2222
1775448146359,key-15,968
1775448146361,key-15,970
1775448146362,key-15,971
1775448146362,key-50,933
1775448146362,key-9,20
1775448146363,key-15,972
1775448146363,key-1,328
1775448146365,key-42,691
1775448146365,key-48,2309
1775448146367,key-39,66
1775448146367,key-42,693
1775448146367,key-4,220
1775448146368,key-24,2231
1775448146369,key-12,637
1775448146371,key-35,9
1775448146372,key-18,37
1775448146373,key-15,982
1775448146375,key-12,643
1775448146378,key-42,704
1775448146380,key-6,6
1775448146380,key-12,648
1775448146382,key-45,520
1775448146385,key-45,523
1775448146386,key-33,1664
1775448146387,key-15,996
1775448146387,key-42,713
1775448146388,key-48,2332
1775448146389,key-45,527
1775448146391,key-48,2335
1775448146391,key-48,2335
1775448146396,key-33,1674
1775448146396,key-4,249
1775448146397,key-42,723
1775448146398,key-24,2261
1775448146400,key-18,65
1775448146400,key-33,1678
1775448146402,key-30,2
1775448146402,key-15,1011
1775448146404,key-45,542
1775448146406,key-28,717
1775448146407,key-45,545
1775448146408,key-15,1017
1775448146409,key-33,1687
1775448146410,key-8,194
1775448146410,key-42,736
1775448146411,key-22,2
1775448146412,key-33,1690
1775448146412,key-24,2275
1775448146413,key-27,12
1775448146414,key-45,552
1775448146414,key-22,5
1775448146414,key-30,14
1775448146419,key-33,1697
1775448146420,key-37,310
1775448146423,key-28,734
1775448146424,key-22,15
1775448146424,key-30,24
1775448146427,key-37,5
1775448146430,key-27,29
1775448146430,key-33,1708
1775448146431,key-22,22
1775448146432,key-33,1710
1775448146432,key-30,32
1775448146436,key-30,36
1775448146436,key-7,1389
1775448146437,key-30,37
1775448146442,key-34,141
1775448146442,key-30,42
1775448146448,key-37,26
1775448146449,key-46,290
1775448146449,key-30,49
1775448146449,key-30,49
1775448146451,key-34,150
1775448146453,key-37,31
1775448146455,key-30,1
1775448146457,key-37,35
1775448146457,key-30,3
1775448146460,key-30,6
1775448146461,key-30,7
1775448146462,key-30,8
1775448146463,key-37,41
1775448146463,key-11,1724
1775448146464,key-37,42
1775448146465,key-2,1075
1775448146465,key-15,1074
1775448146466,key-9,124
1775448146467,key-37,45
1775448146472,key-15,1081
1775448146475,key-32,336
1775448146477,key-2,1087
1775448146478,key-35,116
1775448146480,key-32,341
1775448146480,key-30,26
1775448146481,key-15,1090
1775448146486,key-30,32
1775448146489,key-48,2433
1775448146489,key-50,1060
1775448146490,key-23,2065
1775448146493,key-24,2356
1775448146495,key-24,2358
1775448146498,key-36,308
1775448146498,key-2,1108
1775448146498,key-9,156
1775448146498,key-2,1108
1775448146500,key-35,138
1775448146500,key-9,158
1775448146502,key-15,1111
1775448146505,key-48,2449
1775448146507,key-30,53
1775448146510,key-30,56
1775448146510,key-30,56
1775448146511,key-35,149
1775448146512,key-30,58
1775448146512,key-30,58
1775448146512,key-30,58
1775448146515,key-30,61
1775448146516,key-36,326
1775448146518,key-17,285
1775448146522,key-5,1041
1775448146523,key-13,988
1775448146524,key-26,3352
1775448146526,key-36,336
1775448146530,key-32,391
1775448146530,key-30,76
1775448146531,key-30,77
1775448146532,key-30,78
1775448146533,key-30,79
1775448146538,key-30,84
1775448146543,key-30,89
1775448146545,key-43,941
1775448146545,key-15,28
1775448146546,key-30,92
1775448146547,key-13,1012
1775448146547,key-50,1118
1775448146551,key-33,1829
1775448146552,key-13,1017
1775448146553,key-30,99
1775448146553,key-30,99
1775448146556,key-17,323
1775448146556,key-30,102
1775448146565,key-13,1030
1775448146569,key-30,115
1775448146573,key-33,1851
1775448146573,key-30,119
1775448146574,key-30,120
1775448146574,key-30,120
1775448146574,key-30,120
1775448146575,key-13,1040
1775448146576,key-13,1041
1775448146578,key-30,124
1775448146578,key-13,1043
1775448146579,key-13,1044
1775448146579,key-30,125
1775448146580,key-39,279
1775448146582,key-38,257
1775448146583,key-13,1048
1775448146586,key-30,132
1775448146589,key-11,31
1775448146591,key-13,1056
1775448146591,key-30,137
1775448146591,key-46,432
1775448146592,key-30,138
1775448146599,key-30,145
1775448146600,key-33,1878
1775448146600,key-13,1065
1775448146604,key-13,1069
1775448146604,key-12,193
1775448146605,key-13,1070
1775448146606,key-30,152
1775448146607,key-29,290
1775448146607,key-13,1072
1775448146613,key-13,1078
1775448146614,key-11,56
1775448146617,key-11,59
1775448146619,key-30,165
1775448146621,key-30,167
1775448146622,key-13,1087
1775448146626,key-31,6
1775448146627,key-13,1092
1775448146628,key-13,1093
1775448146629,key-13,1094
1775448146634,key-13,1099
1775448146634,key-40,858
1775448146635,key-50,1206
1775448146636,key-45,11
1775448146636,key-11,78
1775448146637,key-13,1102
1775448146637,key-1,602
1775448146638,key-16,409
1775448146640,key-13,1105
1775448146641,key-37,15
1775448146644,key-13,1109
1775448146649,key-5,1168
1775448146650,key-40,874
1775448146652,key-13,1117
1775448146653,key-45,28
1775448146654,key-13,1119
1775448146655,key-13,1120
1775448146658,key-37,32
1775448146660,key-13,1125
1775448146661,key-13,1126
1775448146663,key-13,1128
1775448146670,key-13,1135
1775448146672,key-37,46
1775448146673,key-13,1138
1775448146675,key-5,1194
1775448146675,key-40,899
1775448146676,key-5,1195
1775448146677,key-46,518
1775448146678,key-13,1143
1775448146683,key-13,1148
1775448146687,key-39,386
1775448146688,key-21,19
1775448146689,key-28,1000
1775448146691,key-11,133
1775448146692,key-50,4
1775448146695,key-13,1160
1775448146697,key-41,906
1775448146699,key-28,1010
1775448146699,key-39,398
1775448146701,key-28,1012
1775448146701,key-13,1166
1775448146705,key-5,21
1775448146710,key-48,6
1775448146715,key-27,100
1775448146717,key-27,102
1775448146717,key-5,33
1775448146720,key-11,162
1775448146721,key-39,420
1775448146726,key-48,22
1775448146727,key-28,1038
1775448146727,key-28,1038
1775448146729,key-7,1682
1775448146729,key-13,1194
1775448146730,key-41,939
1775448146730,key-13,1195
1775448146734,key-7,1687
1775448146735,key-37,16
1775448146735,key-5,51
1775448146736,key-2,1346
1775448146741,key-44,25
1775448146742,key-41,951
1775448146743,key-41,952
1775448146745,key-37,26
1775448146746,key-38,421
1775448146747,key-2,1357
1775448146748,key-8,532
1775448146748,key-39,447
1775448146749,key-41,958
1775448146749,key-29,432
1775448146751,key-7,1704
1775448146752,key-41,961
1775448146753,key-3,8
1775448146754,key-44,38
1775448146756,key-39,455
1775448146761,key-7,1714
1775448146763,key-29,446
1775448146764,key-29,447
1775448146765,key-29,448
1775448146767,key-7,1720
1775448146769,key-14,1222
1775448146769,key-29,452
1775448146769,key-29,452
1775448146775,key-2,1385
1775448146776,key-1,741
1775448146777,key-43,1173
1775448146777,key-7,1730
1775448146778,key-27,12
1775448146778,key-7,1731
1775448146779,key-1,744
1775448146780,key-27,14
1775448146781,key-7,1734
1775448146782,key-47,1235
1775448146782,key-29,9
1775448146783,key-7,1736
1775448146784,key-29,11
1775448146785,key-47,1238
1775448146794,key-2,1404
1775448146794,key-2,1404
1775448146794,key-7,1747
1775448146795,key-43,1191
1775448146795,key-1,760
1775448146795,key-1,760
1775448146799,key-2,1409
1775448146801,key-1,766
1775448146802,key-7,1755
1775448146805,key-47,1258
1775448146805,key-29,32
1775448146807,key-1,772
1775448146810,key-16,581
1775448146812,key-15,20
1775448146812,key-16,583
1775448146814,key-21,26
1775448146816,key-48,112
1775448146817,key-18,482
1775448146819,key-16,590
1775448146825,key-39,524
1775448146825,key-15,33
1775448146827,key-18,492
1775448146828,key-1,793
1775448146829,key-1,794
1775448146831,key-18,496
1775448146833,key-29,60
1775448146834,key-18,499
1775448146836,key-22,1
1775448146838,key-16,17
1775448146839,key-28,1150
1775448146840,key-21,25
1775448146840,key-21,25
1775448146840,key-38,515
1775448146841,key-49,653
1775448146844,key-49,656
1775448146844,key-15,52
1775448146853,key-28,1164
1775448146854,key-29,81
1775448146854,key-21,39
1775448146856,key-46,3
1775448146861,key-22,26
1775448146865,key-46,12
1775448146866,key-45,241
1775448146868,key-46,15
1775448146869,key-46,16
1775448146871,key-46,18
1775448146872,key-46,19
1775448146872,key-15,80
1775448146879,key-13,1344
1775448146879,key-3,134
1775448146879,key-21,64
1775448146884,key-47,1337
1775448146885,key-46,32
1775448146890,key-28,1201
1775448146891,key-6,11
1775448146891,key-30,16
1775448146894,key-28,1205
1775448146895,key-45,270
1775448146896,key-3,151
1775448146899,key-48,195
1775448146899,key-7,1852
1775448146901,key-6,21
1775448146901,key-31,281
1775448146902,key-28,1213
1775448146904,key-3,159
1775448146909,key-30,34
1775448146915,key-6,35
1775448146916,key-46,23
1775448146917,key-18,582
1775448146918,key-6,38
1775448146920,key-6,40
1775448146922,key-6,42
1775448146925,key-48,221
1775448146927,key-28,1238
1775448146928,key-6,48
1775448146929,key-6,49
1775448146930,key-48,226
1775448146937,key-31,317
1775448146938,key-6,58
1775448146942,key-28,1253
1775448146943,key-48,239
1775448146943,key-48,239
1775448146943,key-33,2221
1775448146943,key-48,239
1775448146943,key-48,239
1775448146944,key-18,609
1775448146945,key-46,52
1775448146951,key-46,58
1775448146952,key-6,72
1775448146953,key-6,73
1775448146963,key-11,405
1775448146965,key-33,2243
1775448146966,key-6,86
1775448146966,key-6,86
1775448146966,key-6,86
1775448146966,key-29,193
1775448146967,key-35,3
1775448146967,key-45,22
1775448146968,key-48,264
1775448146975,key-1,940
1775448146977,key-6,97
1775448146979,key-35,15
1775448146985,key-6,105
1775448146986,key-35,22
1775448146990,key-42,1316
1775448146990,key-3,245
1775448146991,key-6,111
1775448146992,key-6,112
1775448146993,key-31,3
1775448146994,key-47,1447
1775448147002,key-35,38
1775448147009,key-1,974
1775448147010,key-35,46
1775448147012,key-6,132
1775448147015,key-14,191
1775448147016,key-43,1412
1775448147019,key-6,139
1775448147020,key-2,1630
1775448147023,key-6,143
1775448147023,key-21,208
1775448147024,key-6,144
1775448147024,key-6,144
1775448147028,key-6,148
1775448147029,key-3,284
1775448147029,key-6,149
1775448147030,key-24,37
1775448147031,key-44,315
1775448147034,key-35,70
1775448147036,key-14,212
1775448147037,key-6,157
1775448147038,key-37,2
1775448147041,key-6,161
1775448147042,key-35,78
1775448147043,key-6,163
1775448147045,key-14,221
1775448147045,key-37,9
1775448147045,key-45,57
1775448147053,key-36,7
1775448147054,key-40,1278
1775448147057,key-36,11
1775448147061,key-37,25
1775448147061,key-20,66
1775448147061,key-28,1372
1775448147061,key-14,237
1775448147064,key-37,28
1775448147066,key-20,71
1775448147067,key-14,243
1775448147067,key-41,1276
1775448147074,key-6,194
1775448147075,key-14,251
1775448147076,key-35,112
1775448147077,key-6,197
1775448147079,key-24,86
1775448147079,key-14,255
1775448147080,key-36,34
1775448147092,key-20,97
1775448147093,key-20,98
1775448147093,key-14,269
1775448147094,key-14,270
1775448147095,key-41,1304
1775448147097,key-37,61
1775448147098,key-41,1307
1775448147100,key-42,7
1775448147101,key-34,20
1775448147107,key-32,361
1775448147108,key-48,404
1775448147114,key-6,234
1775448147114,key-37,78
1775448147116,key-36,70
1775448147116,key-14,292
1775448147118,key-33,25
1775448147118,key-37,82
1775448147121,key-14,297
1775448147126,key-39,9
1775448147126,key-38,801
1775448147126,key-41,1335
1775448147129,key-15,337
1775448147130,key-14,306
1775448147130,key-3,385
1775448147132,key-42,39
1775448147133,key-48,429
1775448147134,key-37,98
1775448147143,key-39,26
1775448147144,key-19,833
1775448147144,key-41,1353
1775448147144,key-13,15
1775448147155,key-41,1364
1775448147163,key-14,339
1775448147164,key-33,71
1775448147168,key-39,51
1775448147168,key-46,275
1775448147169,key-48,465
1775448147169,key-41,1378
1775448147169,key-37,133
1775448147169,key-37,133
1775448147169,key-14,345
1775448147170,key-46,277
1775448147171,key-15,379
1775448147172,key-37,136
1775448147174,key-41,1383
1775448147174,key-39,57
1775448147175,key-37,139
1775448147191,key-23,2766
1775448147192,key-39,75
1775448147195,key-13,66
1775448147196,key-37,160
1775448147196,key-14,372
1775448147196,key-46,303
1775448147197,key-15,405
1775448147206,key-14,382
1775448147207,key-37,171
1775448147211,key-37,175
1775448147212,key-15,420
1775448147212,key-41,1421
1775448147220,key-9,579
1775448147222,key-43,1618
1775448147222,key-25,44
1775448147222,key-23,2797
1775448147223,key-37,187
1775448147224,key-37,188
1775448147228,key-2,1838
1775448147232,key-12,258
1775448147233,key-46,340
1775448147241,key-12,267
1775448147249,key-25,71
1775448147251,key-46,358
1775448147252,key-35,30
1775448147254,key-9,613
1775448147254,key-33,161
1775448147255,key-37,219
1775448147257,key-46,364
1775448147258,key-9,617
1775448147260,key-5,212
1775448147261,key-23,2836
1775448147262,key-9,621
1775448147264,key-9,623
1775448147268,key-46,375
1775448147268,key-23,2843
1775448147269,key-37,8
1775448147275,key-23,2850
1775448147276,key-37,15
1775448147276,key-23,2851
1775448147286,key-37,25
1775448147286,key-37,25
1775448147287,key-46,394
1775448147290,key-46,397
1775448147290,key-11,732
1775448147293,key-36,247
1775448147296,key-37,35
1775448147300,key-32,554
1775448147302,key-24,309
1775448147302,key-9,661
1775448147305,key-1,1270
1775448147307,key-11,749
1775448147309,key-37,48
1775448147309,key-49,1121
1775448147309,key-9,668
1775448147310,key-10,39
1775448147310,key-9,669
1775448147316,key-15,524
1775448147316,key-50,628
1775448147318,key-36,272
1775448147321,key-12,347
1775448147328,key-11,770
1775448147329,key-36,283
1775448147329,key-24,336
1775448147332,key-12,358
1775448147332,key-32,586
1775448147335,key-50,647
1775448147336,key-36,290
1775448147337,key-32,591
1775448147339,key-49,1151
1775448147340,key-32,594
1775448147345,key-30,470
1775448147349,key-32,603
1775448147351,key-9,710
1775448147354,key-32,608
1775448147354,key-24,361
1775448147358,key-27,592
1775448147358,key-32,612
1775448147359,key-50,671
1775448147359,key-12,385
1775448147360,key-12,386
1775448147363,key-50,675
1775448147364,key-5,316
1775448147365,key-12,391
1775448147369,key-32,623
1775448147370,key-5,322
1775448147371,key-18,1036
1775448147372,key-50,684
1775448147379,key-5,331
1775448147381,key-5,333
1775448147383,key-5,335
1775448147383,key-27,617
1775448147384,key-12,410
1775448147386,key-50,698
1775448147388,key-12,414
1775448147391,key-5,343
1775448147393,key-26,4221
1775448147405,key-26,4233
1775448147405,key-32,659
1775448147405,key-9,764
1775448147406,key-38,1081
1775448147408,key-7,16
1775448147409,key-9,768
1775448147411,key-24,418
1775448147417,key-7,25
1775448147418,key-3,673
1775448147419,key-5,371
1775448147420,key-5,372
1775448147423,key-40,1647
1775448147431,key-40,1655
1775448147433,key-5,385
1775448147437,key-3,692
1775448147438,key-32,692
1775448147438,key-5,390
1775448147438,key-3,693
1775448147439,key-41,1648
1775448147458,key-30,583
1775448147459,key-41,1668
1775448147460,key-29,34
1775448147460,key-9,819
1775448147461,key-16,640
1775448147462,key-50,774
1775448147463,key-26,4291
1775448147468,key-29,42
1775448147470,key-26,4298
1775448147471,key-11,913
1775448147473,key-32,727
1775448147473,key-9,832
1775448147475,key-3,730
1775448147475,key-26,4303
1775448147476,key-29,50
1775448147479,key-7,87
1775448147488,key-26,4316
1775448147488,key-16,667
1775448147489,key-19,1178
1775448147492,key-16,671
1775448147493,key-19,1182
1775448147494,key-29,68
1775448147498,key-46,6
1775448147498,key-26,4326
1775448147500,key-29,74
1775448147505,key-19,1194
1775448147507,key-26,4335
1775448147510,key-7,118
1775448147510,key-19,1199
1775448147511,key-1,1476
1775448147512,key-1,1477
1775448147516,key-43,1912
1775448147521,key-47,1974
1775448147530,key-48,826
1775448147531,key-46,39
1775448147532,key-43,1928
1775448147540,key-19,1229
1775448147540,key-46,48
1775448147541,key-23,27
1775448147541,key-43,1937
1775448147546,key-1,1511
1775448147549,key-47,2002
1775448147549,key-26,4377
1775448147550,key-31,234
1775448147550,key-43,1946
1775448147552,key-23,38
1775448147554,key-19,1243
1775448147561,key-20,566
1775448147561,key-33,6
1775448147567,key-31,251
1775448147568,key-19,1257
1775448147568,key-48,864
1775448147577,key-40,1801
1775448147577,key-19,1266
1775448147578,key-32,832
1775448147589,key-19,1278
1775448147590,key-38,106
1775448147590,key-36,37
1775448147591,key-47,2044
1775448147591,key-23,77
1775448147591,key-19,1280
1775448147592,key-40,1816
1775448147593,key-31,277
1775448147594,key-31,278
1775448147594,key-13,156
1775448147601,key-23,87
1775448147602,key-33,47
1775448147606,key-28,1917
1775448147606,key-19,1295
1775448147607,key-19,1296
1775448147609,key-32,863
1775448147612,key-19,1301
1775448147613,key-33,58
1775448147615,key-32,869
1775448147617,key-31,301
1775448147618,key-19,1307
1775448147619,key-23,105
1775448147623,key-13,185
1775448147624,key-5,576
1775448147625,key-10,354
1775448147626,key-32,880
1775448147628,key-7,12
1775448147629,key-7,13
1775448147630,key-44,13
1775448147631,key-5,583
1775448147632,key-33,77
1775448147632,key-44,15
1775448147633,key-23,119
1775448147634,key-19,1323
1775448147635,key-5,587
1775448147636,key-32,890
1775448147639,key-31,323
1775448147640,key-31,324
1775448147642,key-13,204
1775448147643,key-26,4471
1775448147644,key-23,130
1775448147667,key-7,51
1775448147668,key-44,51
1775448147668,key-5,620
1775448147670,key-26,4498
1775448147670,key-31,354
1775448147671,key-31,355
1775448147671,key-43,2067
1775448147671,key-5,623
1775448147671,key-5,623
1775448147671,key-13,233
1775448147671,key-24,24
1775448147672,key-23,158
1775448147672,key-12,698
1775448147672,key-33,117
1775448147673,key-44,56
1775448147674,key-43,2070
1775448147674,key-14,850
1775448147679,key-24,2
1775448147686,key-5,638
1775448147687,key-5,639
1775448147690,key-14,866
1775448147690,key-34,609
1775448147690,key-37,20
1775448147691,key-31,375
1775448147692,key-13,254
1775448147694,key-13,256
1775448147695,key-12,721
1775448147697,key-33,142
1775448147710,key-25,532
1775448147710,key-24,33
1775448147711,key-33,156
1775448147711,key-36,96
1775448147711,key-44,22
1775448147711,key-18,1376
1775448147712,key-44,23
1775448147713,key-37,43
1775448147713,key-14,889
1775448147715,key-13,277
1775448147715,key-18,1380
1775448147717,key-19,1406
1775448147717,key-13,279
1775448147719,key-33,164
1775448147722,key-41,1931
1775448147723,key-33,168
1775448147723,key-36,2
1775448147727,key-13,289
1775448147728,key-44,39
1775448147728,key-4,1581
1775448147730,key-36,9
1775448147731,key-33,176
1775448147734,key-8,1518
1775448147736,key-50,2
1775448147736,key-4,1589
1775448147737,key-29,311
1775448147738,key-33,183
1775448147738,key-14,914
1775448147741,key-41,1950
1775448147741,key-24,64
1775448147750,key-44,61
1775448147752,key-38,268
1775448147753,key-33,198
1775448147755,key-33,200
1775448147755,key-20,760
1775448147757,key-44,68
1775448147762,key-15,304
1775448147764,key-35,542
1775448147765,key-33,210
1775448147766,key-40,1990
1775448147767,key-24,90
1775448147767,key-10,496
1775448147768,key-41,1977
1775448147772,key-3,1027
1775448147778,key-44,89
1775448147778,key-33,223
1775448147782,key-3,1037
1775448147783,key-20,788
1775448147788,key-35,566
1775448147789,key-44,100
1775448147793,key-33,238
1775448147795,key-44,106
1775448147797,key-3,1052
1775448147797,key-44,108
1775448147803,key-44,114
1775448147805,key-44,116
1775448147806,key-6,926
1775448147807,key-8,1591
1775448147809,key-33,254
1775448147809,key-35,587
1775448147813,key-3,1068
1775448147813,key-41,2022
1775448147815,key-3,1070
1775448147816,key-3,1071
1775448147819,key-33,264
1775448147822,key-3,1077
1775448147822,key-33,267
1775448147826,key-44,137
1775448147827,key-3,1082
1775448147827,key-29,401
1775448147829,key-4,1682
1775448147830,key-44,141
1775448147836,key-6,956
1775448147836,key-3,1091
1775448147836,key-44,147
1775448147837,key-3,1092
1775448147837,key-21,1022
1775448147838,key-22,104
1775448147839,key-33,284
1775448147840,key-21,1025
1775448147844,key-33,289
1775448147852,key-3,1107
1775448147852,key-48,1148
1775448147853,key-33,298
1775448147853,key-6,973
1775448147854,key-33,299
1775448147854,key-44,165
1775448147855,key-22,121
1775448147855,key-33,300
1775448147856,key-29,430
1775448147856,key-3,1111
1775448147857,key-33,302
1775448147861,key-22,127
1775448147863,key-6,983
1775448147863,key-33,308
1775448147864,key-3,1119
1775448147867,key-33,312
1775448147868,key-3,1123
1775448147872,key-3,1127
1775448147874,key-3,1129
1775448147876,key-33,321
1775448147876,key-16,3
1775448147879,key-33,324
1775448147881,key-32,1135
1775448147883,key-3,1138
1775448147883,key-26,4711
1775448147887,key-26,4715
1775448147893,key-16,18
1775448147895,key-16,20
1775448147896,key-32,1150
1775448147899,key-5,16
1775448147900,key-16,25
1775448147901,key-26,4729
1775448147904,key-16,29
1775448147907,key-44,218
1775448147914,key-33,359
1775448147914,key-26,4742
1775448147915,key-24,238
1775448147915,key-26,4743
1775448147915,key-38,431
1775448147916,key-33,361
1775448147916,key-32,1170
1775448147916,key-33,361
1775448147916,key-23,402
1775448147916,key-6,1036
1775448147917,key-32,1171
1775448147917,key-33,362
1775448147922,key-23,408
1775448147922,key-24,245
1775448147924,key-48,1220
1775448147925,key-33,370
1775448147926,key-24,249
1775448147927,key-21,1112
1775448147927,key-44,238
1775448147930,key-24,253
1775448147933,key-46,441
1775448147933,key-16,58
1775448147933,key-17,1700
1775448147933,key-44,244
1775448147939,key-38,455
1775448147940,key-44,251
1775448147942,key-35,70
1775448147945,key-46,453
1775448147945,key-4,1798
1775448147945,key-6,1065
1775448147950,key-33,395
1775448147950,key-6,1070
1775448147950,key-22,216
1775448147951,key-4,1804
1775448147953,key-24,276
1775448147957,key-24,280
1775448147957,key-45,78
1775448147958,key-46,466
1775448147976,key-46,484
1775448147976,key-38,492
1775448147976,key-33,421
1775448147977,key-24,300
1775448147979,key-37,309
1775448147979,key-35,107
1775448147979,key-26,4807
1775448147979,key-16,36
1775448147980,key-28,2291
1775448147980,key-46,488
1775448147980,key-24,303
1775448147980,key-46,488
1775448147980,key-17,1747
1775448147980,key-35,108
1775448147980,key-6,1100
1775448147983,key-38,499
1775448147985,key-16,42
1775448147985,key-16,42
1775448147993,key-35,121
1775448147994,key-24,317
1775448147997,key-22,19
1775448147999,key-6,1119
1775448147999,key-35,127
1775448148000,key-37,330
1775448148000,key-11,515
1775448148004,key-28,2315
1775448148009,key-14,24
1775448148012,key-35,140
1775448148012,key-37,342
1775448148013,key-14,28
1775448148016,key-27,1250
1775448148018,key-19,1707
1775448148019,key-40,2243
1775448148020,key-38,536
1775448148020,key-28,2331
1775448148021,key-25,843
1775448148022,key-17,42
1775448148023,key-22,11
1775448148023,key-37,353
1775448148023,key-14,38
1775448148024,key-27,1258
1775448148024,key-40,2248
1775448148026,key-14,41
1775448148029,key-19,1718
1775448148029,key-28,2340
1775448148029,key-37,359
1775448148031,key-3,1286
1775448148031,key-27,1265
1775448148032,key-33,55
1775448148033,key-5,150
1775448148036,key-19,1725
1775448148037,key-25,859
1775448148037,key-38,553
1775448148040,key-19,1729
1775448148040,key-5,157
1775448148041,key-35,13
1775448148041,key-27,1275
1775448148041,key-17,61
1775448148041,key-8,1825
1775448148042,key-46,550
1775448148042,key-27,1276
1775448148044,key-27,1278
1775448148050,key-23,536
1775448148050,key-27,1284
1775448148050,key-3,1305
1775448148051,key-38,567
1775448148051,key-38,567
1775448148053,key-42,31
1775448148055,key-44,366
1775448148055,key-10,784
1775448148063,key-34,23
1775448148063,key-17,83
1775448148065,key-8,1849
1775448148065,key-27,1299
1775448148065,key-46,573
1775448148065,key-24,388
1775448148069,key-34,29
1775448148069,key-38,585
1775448148070,key-46,578
1775448148071,key-11,16
1775448148075,key-7,13
1775448148075,key-37,405
1775448148075,key-44,386
1775448148075,key-10,804
1775448148077,key-34,37
1775448148078,key-7,16
1775448148078,key-8,1862
1775448148079,key-10,808
1775448148079,key-34,39
1775448148079,key-27,1313
1775448148080,key-17,100
1775448148080,key-23,566
1775448148108,key-17,128
1775448148141,key-34,101
1775448148155,key-17,175
1775448148156,key-44,467
1775448148158,key-19,1847
1775448148171,key-23,657
1775448148172,key-17,192
1775448148173,key-16,107
1775448148174,key-38,690
1775448148175,key-44,485
1775448148176,key-42,154
1775448148176,key-34,136
1775448148177,key-17,197
1775448148177,key-44,488
1775448148177,key-11,122
1775448148177,key-8,1961
1775448148177,key-17,197
1775448148177,key-38,693
1775448148178,key-46,686
1775448148178,key-34,138
1775448148178,key-38,694
1775448148178,key-44,489
1775448148178,key-10,907
1775448148179,key-6,1299
1775448148179,key-5,296
1775448148179,key-10,908
1775448148179,key-17,199
1775448148179,key-38,695
1775448148180,key-34,140
1775448148180,key-46,688
1775448148180,key-11,125
1775448148184,key-7,122
1775448148189,key-44,500
1775448148189,key-38,705
1775448148189,key-34,149
1775448148190,key-34,150
1775448148192,key-17,212
1775448148194,key-44,505
1775448148196,key-50,134
1775448148199,key-7,137
1775448148200,key-5,317
1775448148201,key-44,512
1775448148201,key-11,146
1775448148202,key-44,513
1775448148202,key-19,1891
1775448148205,key-17,225
1775448148206,key-12,1232
1775448148207,key-22,195
1775448148210,key-44,8
1775448148211,key-38,727
1775448148216,key-17,236
1775448148217,key-11,162
1775448148217,key-15,27
1775448148217,key-42,195
1775448148217,key-44,15
1775448148217,key-19,1906
1775448148218,key-17,238
1775448148218,key-19,1907
1775448148218,key-25,8
1775448148219,key-12,1245
1775448148221,key-5,338
1775448148221,key-19,1910
1775448148221,key-19,1910
1775448148223,key-42,201
1775448148223,key-40,3
1775448148223,key-50,161
1775448148224,key-12,1250
1775448148226,key-42,204
1775448148227,key-40,7
1775448148227,key-5,344
1775448148227,key-19,1916
1775448148227,key-17,247
1775448148229,key-5,346
1775448148230,key-25,20
1775448148230,key-25,20
1775448148231,key-44,29
1775448148232,key-17,252
1775448148232,key-40,12
1775448148232,key-25,22
1775448148233,key-17,253
1775448148235,key-40,15
1775448148235,key-19,1924
1775448148236,key-44,34
1775448148240,key-1,2205
1775448148240,key-40,20
1775448148240,key-6,1360
1775448148241,key-50,179
1775448148242,key-2,562
1775448148243,key-19,1932
1775448148243,key-19,1932
1775448148246,key-2,566
1775448148246,key-50,184
1775448148249,key-25,39
1775448148250,key-2,570
1775448148251,key-37,10
1775448148252,key-25,42
1775448148254,key-41,2463
1775448148254,key-48,1550
1775448148255,key-20,412
1775448148255,key-5,372
1775448148256,key-17,276
1775448148256,key-17,276
1775448148259,key-13,821
1775448148261,key-25,51
1775448148261,key-37,20
1775448148261,key-48,1557
1775448148262,key-14,277
1775448148262,key-50,200
1775448148264,key-20,421
1775448148265,key-17,285
1775448148265,key-27,1499
1775448148266,key-37,25
1775448148267,key-5,384
1775448148267,key-31,951
1775448148271,key-31,955
1775448148271,key-20,428
1775448148273,key-17,293
1775448148274,key-48,1570
1775448148275,key-26,119
1775448148275,key-27,1509
1775448148276,key-46,784
1775448148276,key-14,291
1775448148277,key-45,267
1775448148278,key-5,395
1775448148279,key-20,436
1775448148282,key-8,2
1775448148283,key-5,400
1775448148287,key-31,14
1775448148287,key-39,1170
1775448148287,key-20,444
1775448148288,key-27,1522
1775448148290,key-25,80
1775448148291,key-5,408
1775448148293,key-5,410
1775448148293,key-5,410
1775448148294,key-26,138
1775448148294,key-46,802
1775448148295,key-20,452
1775448148295,key-20,452
1775448148299,key-34,259
1775448148300,key-20,457
1775448148300,key-10,1029
1775448148301,key-26,145
1775448148302,key-34,262
1775448148303,key-46,811
1775448148303,key-18,104
1775448148304,key-10,1033
1775448148306,key-20,463
1775448148307,key-10,1036
1775448148307,key-46,815
1775448148308,key-33,331
1775448148310,key-20,467
1775448148311,key-41,2520
1775448148315,key-18,116
1775448148315,key-26,159
1775448148317,key-46,825
1775448148317,key-26,161
1775448148318,key-10,1047
1775448148319,key-14,334
1775448148319,key-46,827
1775448148320,key-20,477
1775448148320,key-37,79
1775448148320,key-33,343
1775448148321,key-6,1441
1775448148324,key-46,832
1775448148324,key-20,481
1775448148325,key-46,833
1775448148326,key-44,124
1775448148326,key-20,483
1775448148326,key-33,349
1775448148327,key-14,342
1775448148328,key-28,2639
1775448148329,key-44,127
1775448148330,key-10,1058
1775448148332,key-26,176
1775448148332,key-28,2643
1775448148333,key-37,92
1775448148333,key-12,1359
1775448148337,key-44,135
1775448148337,key-46,845
1775448148338,key-34,298
1775448148338,key-45,5
1775448148339,key-46,847
1775448148341,key-25,131
1775448148341,key-45,8
1775448148343,key-44,141
1775448148345,key-44,143
1775448148347,key-45,14
1775448148347,key-31,8
1775448148347,key-26,191
1775448148349,key-30,549
1775448148351,key-16,285
1775448148353,key-31,14
1775448148353,key-44,151
1775448148354,key-46,862
1775448148354,key-45,21
1775448148357,key-16,291
1775448148357,key-15,167
1775448148358,key-12,1384
1775448148358,key-42,336
1775448148358,key-2,678
1775448148362,key-16,296
1775448148363,key-31,24
1775448148366,key-30,566
1775448148366,key-31,27
1775448148367,key-41,2576
1775448148367,key-16,301
1775448148368,key-2,688
1775448148369,key-3,30
1775448148370,key-10,1099
1775448148370,key-16,304
1775448148370,key-42,348
1775448148371,key-12,1397
1775448148371,key-31,32
1775448148372,key-31,33
1775448148373,key-42,351
1775448148373,key-16,307
1775448148375,key-42,353
1775448148376,key-42,354
1775448148376,key-2,696
1775448148377,key-16,311
1775448148378,key-42,356
1775448148379,key-42,357
1775448148382,key-42,360
1775448148383,key-42,361
1775448148386,key-31,47
1775448148386,key-3,47
1775448148387,key-16,321
1775448148387,key-50,325
1775448148387,key-12,1413
1775448148388,key-4,204
1775448148388,key-16,322
1775448148388,key-26,7
1775448148389,key-4,205
1775448148390,key-26,9
1775448148390,key-42,368
1775448148391,key-42,369
1775448148394,key-14,409
1775448148394,key-26,13
1775448148394,key-31,55
1775448148396,key-3,57
1775448148397,key-3,58
1775448148398,key-35,370
1775448148398,key-31,59
1775448148403,key-16,337
1775448148406,key-3,67
1775448148406,key-16,340
1775448148409,key-16,343
1775448148411,key-12,1437
1775448148413,key-33,436
1775448148418,key-16,352
1775448148418,key-26,37
1775448148418,key-3,79
1775448148418,key-42,396
1775448148421,key-36,700
1775448148421,key-29,995
1775448148421,key-16,355
1775448148421,key-13,983
1775448148422,key-20,579
1775448148423,key-31,84
1775448148425,key-8,145
1775448148426,key-16,360
1775448148427,key-20,584
1775448148430,key-3,91
1775448148431,key-12,1457
1775448148431,key-42,409
1775448148432,key-16,366
1775448148433,key-16,367
1775448148434,key-31,95
1775448148435,key-10,1164
1775448148439,key-29,1013
1775448148439,key-3,100
1775448148439,key-42,417
1775448148440,key-31,5
1775448148443,key-27,4
1775448148444,key-29,1018
1775448148444,key-29,1018
1775448148446,key-31,11
1775448148447,key-24,12
1775448148448,key-31,13
1775448148452,key-10,1181
1775448148454,key-42,432
1775448148455,key-31,20
1775448148455,key-16,389
1775448148456,key-7,394
1775448148457,key-39,84
1775448148457,key-36,736
1775448148461,key-22,125
1775448148462,key-11,407
1775448148462,key-31,27
1775448148462,key-3,123
1775448148463,key-27,24
1775448148464,key-11,409
1775448148464,key-16,398
1775448148468,key-11,413
1775448148469,key-29,1043
1775448148474,key-11,419
1775448148474,key-42,452
1775448148476,key-39,103
1775448148477,key-7,415
1775448148477,key-3,138
1775448148482,key-39,109
1775448148482,key-42,3
1775448148483,key-42,4
1775448148488,key-33,511
1775448148489,key-16,423
1775448148490,key-29,1064
1775448148490,key-31,55
1775448148491,key-27,52
1775448148492,key-25,13
1775448148493,key-42,14
1775448148494,key-31,59
1775448148494,key-42,15
1775448148495,key-42,16
1775448148496,key-25,17
1775448148498,key-25,19
1775448148498,key-3,159
1775448148499,key-31,64
1775448148500,key-42,21
1775448148500,key-47,311
1775448148500,key-25,21
1775448148501,key-25,22
1775448148502,key-29,1076
1775448148509,key-42,30
1775448148509,key-23,10
1775448148509,key-25,30
1775448148511,key-25,32
1775448148511,key-42,32
1775448148512,key-47,323
1775448148514,key-25,35
