timestamp_ms,key,delta_ms
1775447669410,key-3,196
1775447669571,key-16,357
1775447669592,key-47,378
1775447669622,key-3,408
1775447669795,key-47,581
1775447669870,key-47,656
1775447669972,key-3,758
1775447669978,key-47,764
1775447670018,key-47,804
1775447670076,key-3,862
1775447670161,key-24,156
1775447670180,key-16,966
1775447670260,key-24,255
1775447670266,key-47,1052
1775447670338,key-24,333
1775447670364,key-3,1150
1775447670368,key-47,1154
1775447670369,key-47,1155
1775447670395,key-48,186
1775447670406,key-17,197
1775447670415,key-24,410
1775447670451,key-47,1237
1775447670587,key-48,378
1775447670605,key-47,1391
1775447670613,key-24,608
1775447670636,key-48,427
1775447670813,key-47,1599
1775447670815,key-47,1601
1775447670857,key-48,648
1775447670866,key-32,525
1775447670960,key-48,751
1775447671048,key-5,245
1775447671088,key-47,1874
1775447671088,key-47,1874
1775447671095,key-47,1881
1775447671188,key-44,225
1775447671207,key-43,161
1775447671225,key-44,262
1775447671245,key-48,1036
1775447671280,key-24,238
1775447671292,key-44,329
1775447671357,key-47,2143
1775447671361,key-31,239
1775447671365,key-29,293
1775447671383,key-40,179
1775447671395,key-31,273
1775447671396,key-47,2182
1775447671396,key-8,270
1775447671413,key-19,210
1775447671438,key-3,351
1775447671453,key-24,411
1775447671470,key-43,424
1775447671551,key-29,479
1775447671561,key-47,2347
1775447671572,key-8,446
1775447671580,key-19,377
1775447671582,key-19,379
1775447671586,key-29,514
1775447671667,key-43,621
1775447671704,key-2,198
1775447671727,key-31,286
1775447671728,key-47,2514
1775447671749,key-29,677
1775447671750,key-19,547
1775447671769,key-21,229
1775447671770,key-47,2556
1775447671770,key-21,230
1775447671789,key-2,182
1775447671802,key-47,2588
1775447671839,key-32,1498
1775447671840,key-19,637
1775447671840,key-44,877
1775447671864,key-47,2650
1775447671889,key-43,843
1775447671916,key-47,2702
1775447671925,key-43,879
1775447671942,key-21,402
1775447671961,key-2,354
1775447671990,key-20,485
1775447671992,key-21,452
1775447672011,key-29,939
1775447672024,key-21,484
1775447672028,key-37,712
1775447672053,key-47,2839
1775447672055,key-13,1033
1775447672086,key-19,883
1775447672107,key-16,2893
1775447672111,key-3,1024
1775447672122,key-44,1159
1775447672140,key-7,286
1775447672171,key-20,666
1775447672175,key-21,635
1775447672179,key-43,1133
1775447672191,key-29,1119
1775447672250,key-13,1228
1775447672278,key-10,610
1775447672287,key-21,747
1775447672337,key-33,360
1775447672337,key-7,483
1775447672340,key-7,486
1775447672383,key-19,1180
1775447672386,key-14,233
1775447672387,key-3,1300
1775447672387,key-16,3173
1775447672387,key-7,533
1775447672392,key-7,538
1775447672392,key-3,1305
1775447672394,key-29,1322
1775447672394,key-7,540
1775447672395,key-19,1192
1775447672396,key-44,1433
1775447672435,key-14,282
1775447672437,key-13,1415
1775447672441,key-20,936
1775447672445,key-21,905
1775447672447,key-29,1375
1775447672449,key-17,245
1775447672456,key-21,916
1775447672498,key-35,662
1775447672500,key-21,960
1775447672501,key-17,297
1775447672523,key-33,546
1775447672538,key-45,305
1775447672543,key-2,936
1775447672554,key-3,1467
1775447672574,key-26,230
1775447672575,key-7,721
1775447672592,key-26,248
1775447672592,key-26,248
1775447672616,key-26,272
1775447672616,key-20,1111
1775447672622,key-3,1535
1775447672622,key-29,1550
1775447672627,key-13,1605
1775447672628,key-3,1541
1775447672628,key-21,1088
1775447672628,key-18,191
1775447672634,key-7,780
1775447672649,key-19,436
1775447672672,key-16,3458
1775447672703,key-5,1900
1775447672722,key-45,489
1775447672728,key-29,1656
1775447672741,key-2,1134
1775447672767,key-14,614
1775447672768,key-33,791
1775447672769,key-2,1162
1775447672782,key-18,345
1775447672789,key-18,352
1775447672792,key-47,3578
1775447672804,key-3,1717
1775447672806,key-45,573
1775447672806,key-39,210
1775447672824,key-39,228
1775447672826,key-26,482
1775447672830,key-40,1626
1775447672843,key-3,1756
1775447672851,key-21,1311
1775447672852,key-21,1312
1775447672855,key-3,1768
1775447672866,key-5,2063
1775447672879,key-3,1792
1775447672897,key-5,2094
1775447672902,key-25,339
1775447672938,key-33,961
1775447672948,key-29,1876
1775447672952,key-29,1880
1775447672960,key-18,523
1775447672964,key-21,1424
1775447672964,key-35,1128
1775447672979,key-14,826
1775447672981,key-13,1959
1775447672990,key-2,1383
1775447672994,key-5,2191
1775447673010,key-5,2207
1775447673012,key-21,1472
1775447673027,key-18,590
1775447673034,key-22,198
1775447673049,key-40,1845
1775447673062,key-22,226
1775447673078,key-3,1991
1775447673079,key-39,483
1775447673081,key-50,169
1775447673084,key-21,1544
1775447673113,key-3,2026
1775447673136,key-47,3922
1775447673137,key-5,2334
1775447673147,key-14,994
1775447673151,key-25,588
1775447673152,key-48,2943
1775447673155,key-45,922
1775447673160,key-29,2088
1775447673165,key-21,202
1775447673168,key-2,1561
1775447673206,key-29,2134
1775447673207,key-11,180
1775447673210,key-39,160
1775447673212,key-12,217
1775447673215,key-14,1062
1775447673219,key-22,383
1775447673230,key-21,267
1775447673241,key-11,214
1775447673244,key-37,1928
1775447673254,key-40,2050
1775447673260,key-48,3051
1775447673264,key-12,269
1775447673274,key-3,2187
1775447673281,key-22,445
1775447673286,key-21,323
1775447673287,key-3,2200
1775447673298,key-50,386
1775447673303,key-39,253
1775447673315,key-12,253
1775447673320,key-25,757
1775447673327,key-21,364
1775447673333,key-14,1180
1775447673343,key-11,316
1775447673364,key-21,401
1775447673365,key-26,284
1775447673365,key-33,1388
1775447673368,key-41,268
1775447673368,key-5,2565
1775447673369,key-21,406
1775447673369,key-3,2282
1775447673369,key-14,189
1775447673370,key-44,2407
1775447673373,key-16,4159
1775447673381,key-8,955
1775447673383,key-22,547
1775447673384,key-12,322
1775447673391,key-21,428
1775447673395,key-14,215
1775447673398,key-14,218
1775447673404,key-24,164
1775447673414,key-10,1746
1775447673419,key-11,392
1775447673420,key-47,4206
1775447673429,key-25,220
1775447673432,key-47,4218
1775447673447,key-41,347
1775447673447,key-48,3238
1775447673448,key-24,208
1775447673465,key-11,438
1775447673467,key-21,504
1775447673469,key-21,506
1775447673484,key-22,648
1775447673486,key-22,650
1775447673487,key-12,425
1775447673488,key-21,525
1775447673497,key-35,1661
1775447673509,key-3,2422
1775447673511,key-43,2465
1775447673524,key-12,462
1775447673530,key-3,2443
1775447673535,key-2,1928
1775447673539,key-14,359
1775447673542,key-41,442
1775447673546,key-21,583
1775447673552,key-44,2589
1775447673555,key-21,592
1775447673557,key-22,721
1775447673562,key-40,2358
1775447673563,key-31,2122
1775447673568,key-26,487
1775447673570,key-12,508
1775447673575,key-24,335
1775447673576,key-21,613
1775447673591,key-44,2628
1775447673591,key-48,3382
1775447673591,key-11,564
1775447673594,key-43,240
1775447673600,key-5,340
1775447673600,key-8,1174
1775447673602,key-25,393
1775447673605,key-47,4391
1775447673622,key-41,522
1775447673627,key-16,4413
1775447673628,key-10,1960
1775447673634,key-19,1421
1775447673635,key-35,1799
1775447673638,key-3,2551
1775447673641,key-10,1973
1775447673642,key-40,2438
1775447673654,key-43,300
1775447673655,key-26,574
1775447673669,key-22,833
1775447673670,key-47,4456
1775447673672,key-21,709
1775447673680,key-21,717
1775447673683,key-48,3474
1775447673706,key-21,743
1775447673714,key-22,878
1775447673725,key-3,2638
1775447673727,key-35,1891
1775447673732,key-21,769
1775447673733,key-21,770
1775447673746,key-3,2659
1775447673749,key-21,786
1775447673750,key-22,914
1775447673756,key-31,2315
1775447673763,key-43,409
1775447673768,key-41,164
1775447673768,key-22,932
1775447673781,key-43,427
1775447673783,key-41,179
1775447673802,key-47,4588
1775447673805,key-40,2601
1775447673807,key-44,2844
1775447673808,key-41,708
1775447673809,key-2,2202
1775447673814,key-5,554
1775447673816,key-19,1603
1775447673831,key-16,4617
1775447673832,key-3,2745
1775447673833,key-11,806
1775447673833,key-47,4619
1775447673833,key-10,2165
1775447673834,key-15,187
1775447673838,key-44,2875
1775447673838,key-43,484
1775447673847,key-12,185
1775447673849,key-48,3640
1775447673854,key-11,827
1775447673857,key-15,210
1775447673865,key-47,4651
1775447673881,key-48,3672
1775447673891,key-50,979
1775447673902,key-21,939
1775447673904,key-21,941
1775447673907,key-16,4693
1775447673909,key-33,1932
1775447673912,key-22,1076
1775447673916,key-19,1703
1775447673933,key-11,906
1775447673939,key-37,2623
1775447673940,key-48,3731
1775447673961,key-15,314
1775447673963,key-22,1127
1775447673969,key-21,1006
1775447673977,key-43,623
1775447673984,key-31,2543
1775447673988,key-3,2901
1775447673991,key-5,731
1775447673992,key-22,1156
1775447674007,key-15,360
1775447674013,key-48,194
1775447674013,key-19,1800
1775447674022,key-3,2935
1775447674027,key-3,2940
1775447674032,key-7,2178
1775447674037,key-12,189
1775447674038,key-15,391
1775447674039,key-15,392
1775447674041,key-5,781
1775447674042,key-24,802
1775447674045,key-23,197
1775447674061,key-48,242
1775447674068,key-48,249
1775447674078,key-22,1242
1775447674085,key-48,266
1775447674088,key-5,828
1775447674089,key-11,1062
1775447674096,key-29,790
1775447674097,key-16,4883
1775447674100,key-35,2264
1775447674104,key-33,2127
1775447674106,key-41,502
1775447674110,key-40,2906
1775447674121,key-27,200
1775447674125,key-21,1162
1775447674149,key-11,1122
1775447674152,key-5,158
1775447674167,key-16,191
1775447674168,key-3,3081
1775447674180,key-16,204
1775447674183,key-35,2347
1775447674193,key-15,546
1775447674196,key-5,202
1775447674197,key-5,203
1775447674202,key-3,3115
1775447674203,key-5,209
1775447674203,key-5,209
1775447674204,key-23,356
1775447674215,key-15,568
1775447674217,key-50,1305
1775447674225,key-5,231
1775447674228,key-29,922
1775447674230,key-48,411
1775447674252,key-11,1225
1775447674254,key-47,5040
1775447674256,key-48,437
1775447674256,key-25,180
1775447674258,key-48,439
1775447674270,key-35,2434
1775447674280,key-40,3076
1775447674281,key-2,2674
1775447674284,key-45,178
1775447674287,key-41,683
1775447674287,key-41,683
1775447674292,key-48,473
1775447674293,key-24,236
1775447674296,key-10,2628
1775447674299,key-37,224
1775447674304,key-45,198
1775447674306,key-22,1470
1775447674337,key-35,2501
1775447674347,key-48,528
1775447674347,key-21,1384
1775447674348,key-11,164
1775447674364,key-11,180
1775447674365,key-21,1402
1775447674366,key-45,260
1775447674368,key-27,447
1775447674368,key-11,184
1775447674370,key-19,2157
1775447674370,key-5,376
1775447674385,key-43,1031
1775447674388,key-5,394
1775447674389,key-40,3185
1775447674390,key-5,396
1775447674401,key-15,754
1775447674415,key-5,421
1775447674415,key-11,231
1775447674418,key-5,424
1775447674426,key-10,2758
1775447674437,key-2,2830
1775447674438,key-31,2997
1775447674440,key-27,232
1775447674449,key-5,455
1775447674455,key-11,178
1775447674456,key-35,2620
1775447674457,key-48,638
1775447674457,key-36,159
1775447674462,key-48,643
1775447674472,key-36,174
1775447674474,key-36,176
1775447674477,key-40,3273
1775447674482,key-11,205
1775447674492,key-8,2066
1775447674496,key-45,390
1775447674502,key-41,898
1775447674502,key-15,855
1775447674512,key-48,693
1775447674514,key-15,867
1775447674523,key-13,3501
1775447674525,key-23,677
1775447674541,key-40,3337
1775447674544,key-47,5330
1775447674544,key-36,246
1775447674547,key-5,553
1775447674548,key-44,3585
1775447674555,key-11,278
1775447674556,key-27,348
1775447674559,key-43,159
1775447674562,key-5,162
1775447674564,key-36,266
1775447674566,key-37,491
1775447674573,key-15,926
1775447674573,key-36,275
1775447674575,key-5,175
1775447674578,key-5,178
1775447674593,key-22,1757
1775447674594,key-40,3390
1775447674595,key-11,318
1775447674598,key-5,198
1775447674598,key-11,321
1775447674600,key-45,494
1775447674601,key-3,3514
1775447674602,key-5,202
1775447674620,key-15,973
1775447674626,key-31,3185
1775447674628,key-10,2960
1775447674629,key-35,2793
1775447674630,key-10,2962
1775447674635,key-11,358
1775447674638,key-48,819
1775447674644,key-37,569
1775447674656,key-3,3569
1775447674665,key-11,164
1775447674668,key-48,849
1775447674670,key-11,169
1775447674678,key-48,859
1775447674682,key-3,180
1775447674683,key-11,182
1775447674684,key-45,225
1775447674688,key-11,187
1775447674696,key-8,2270
1775447674699,key-41,1095
1775447674703,key-25,627
1775447674707,key-35,2871
1775447674711,key-2,3104
1775447674717,key-11,216
1775447674721,key-32,307
1775447674723,key-36,425
1775447674726,key-3,224
1775447674740,key-40,3536
1775447674744,key-47,5530
1775447674746,key-5,346
1775447674756,key-11,255
1775447674757,key-40,3553
1775447674759,key-43,359
1775447674760,key-36,462
1775447674762,key-5,362
1775447674767,key-42,325
1775447674771,key-5,371
1775447674774,key-13,3752
1775447674775,key-5,375
1775447674776,key-27,568
1775447674778,key-15,1131
1775447674779,key-47,5565
1775447674784,key-40,3580
1775447674788,key-10,3120
1775447674793,key-11,292
1775447674795,key-11,294
1775447674799,key-10,3131
1775447674800,key-11,299
1775447674801,key-5,401
1775447674804,key-46,455
1775447674807,key-3,305
1775447674808,key-15,237
1775447674809,key-3,307
1775447674810,key-15,239
1775447674812,key-3,310
1775447674813,key-41,1209
1775447674818,key-10,3150
1775447674819,key-38,187
1775447674824,key-35,2988
1775447674827,key-15,256
1775447674832,key-15,261
1775447674838,key-10,3170
1775447674855,key-36,557
1775447674870,key-2,3263
1775447674871,key-48,1052
1775447674872,key-3,370
1775447674874,key-40,3670
1775447674878,key-11,377
1775447674880,key-11,379
1775447674882,key-11,381
1775447674883,key-2,3276
1775447674890,key-36,592
1775447674901,key-8,204
1775447674909,key-48,1090
1775447674911,key-11,410
1775447674914,key-47,5700
1775447674915,key-13,3893
1775447674915,key-16,217
1775447674915,key-11,414
1775447674918,key-3,416
1775447674935,key-5,162
1775447674943,key-5,170
1775447674944,key-5,171
1775447674945,key-20,374
1775447674945,key-40,183
1775447674946,key-43,546
1775447674949,key-38,317
1775447674964,key-42,522
1775447674966,key-5,193
1775447674966,key-50,646
1775447674967,key-5,194
1775447674968,key-10,3300
1775447674968,key-2,3361
1775447674980,key-3,478
1775447674985,key-35,3149
1775447674988,key-3,486
1775447674995,key-46,646
1775447674996,key-15,425
1775447674996,key-3,494
1775447674998,key-43,598
1775447674999,key-15,428
1775447675000,key-11,499
1775447675000,key-18,184
1775447675000,key-46,651
1775447675001,key-21,2038
1775447675006,key-11,505
1775447675009,key-11,508
1775447675010,key-15,439
1775447675013,key-36,715
1775447675018,key-3,516
1775447675019,key-35,3183
1775447675023,key-44,4060
1775447675033,key-11,532
1775447675046,key-30,253
1775447675054,key-48,1235
1775447675058,key-20,487
1775447675058,key-37,983
1775447675060,key-46,207
1775447675062,key-3,560
1775447675063,key-11,562
1775447675066,key-2,3459
1775447675066,key-10,3398
1775447675067,key-2,3460
1775447675072,key-25,996
1775447675072,key-42,219
1775447675072,key-11,571
1775447675075,key-39,574
1775447675083,key-2,3476
1775447675084,key-40,322
1775447675090,key-11,589
1775447675096,key-40,334
1775447675101,key-10,3433
1775447675118,key-29,171
1775447675119,key-37,1044
1775447675119,key-5,346
1775447675124,key-2,3517
1775447675124,key-5,351
1775447675124,key-3,622
1775447675132,key-38,500
1775447675134,key-29,187
1775447675137,key-21,171
1775447675154,key-43,754
1775447675156,key-40,394
1775447675157,key-18,341
1775447675160,key-18,344
1775447675163,key-10,3495
1775447675166,key-35,3330
1775447675171,key-5,398
1775447675173,key-46,320
1775447675175,key-15,604
1775447675183,key-21,217
1775447675187,key-5,414
1775447675195,key-15,624
1775447675196,key-11,695
1775447675196,key-43,796
1775447675196,key-7,166
1775447675197,key-35,3361
1775447675197,key-11,696
1775447675203,key-18,387
1775447675204,key-36,906
1775447675204,key-29,166
1775447675205,key-5,432
1775447675207,key-31,3766
1775447675218,key-9,1503
1775447675220,key-5,447
1775447675225,key-49,402
1775447675226,key-48,1407
1775447675233,key-47,6019
1775447675237,key-3,735
1775447675241,key-39,197
1775447675241,key-20,166
1775447675246,key-11,745
1775447675251,key-36,953
1775447675255,key-37,1180
1775447675255,key-25,1179
1775447675257,key-13,4235
1775447675260,key-33,246
1775447675267,key-40,505
1775447675267,key-11,766
1775447675277,key-11,776
1775447675278,key-42,425
1775447675278,key-42,425
1775447675283,key-37,1208
1775447675283,key-5,510
1775447675290,key-5,517
1775447675293,key-30,500
1775447675295,key-37,1220
1775447675298,key-14,2118
1775447675303,key-40,541
1775447675310,key-31,3869
1775447675312,key-37,1237
1775447675315,key-3,813
1775447675316,key-2,3709
1775447675323,key-10,3655
1775447675335,key-35,3499
1775447675336,key-42,483
1775447675337,key-18,521
1775447675338,key-5,565
1775447675338,key-3,836
1775447675338,key-2,3731
1775447675345,key-39,301
1775447675345,key-37,1270
1775447675349,key-5,576
1775447675350,key-29,312
1775447675351,key-32,937
1775447675427,key-36,1129
1775447675428,key-45,969
1775447675430,key-15,859
1775447675430,key-11,929
1775447675431,key-13,4409
1775447675433,key-35,3597
1775447675434,key-15,863
1775447675435,key-21,469
1775447675435,key-5,662
1775447675435,key-7,405
1775447675435,key-15,864
1775447675436,key-43,1036
1775447675436,key-43,1036
1775447675436,key-11,935
1775447675436,key-15,865
1775447675437,key-21,471
1775447675470,key-25,1394
1775447675471,key-20,254
1775447675471,key-22,435
1775447675472,key-11,971
1775447675478,key-11,977
1775447675478,key-11,977
1775447675479,key-33,465
1775447675479,key-3,977
1775447675479,key-49,656
1775447675479,key-13,4457
1775447675479,key-33,465
1775447675479,key-18,663
1775447675480,key-27,1272
1775447675481,key-44,4518
1775447675481,key-11,980
1775447675481,key-26,225
1775447675486,key-26,2405
1775447675486,key-43,1086
1775447675524,key-42,671
1775447675527,key-42,674
1775447675527,key-47,6313
1775447675528,key-11,1027
1775447675528,key-42,675
1775447675528,key-11,1027
1775447675528,key-3,1026
1775447675529,key-20,312
1775447675529,key-11,1028
1775447675529,key-13,4507
1775447675533,key-33,519
1775447675534,key-3,1032
1775447675534,key-47,6320
1775447675534,key-5,761
1775447675580,key-50,1260
1775447675581,key-31,4140
1775447675581,key-47,6367
1775447675584,key-16,886
1775447675584,key-3,1082
1775447675584,key-8,246
1775447675586,key-8,248
1775447675587,key-37,1512
1775447675589,key-44,4626
1775447675589,key-8,251
1775447675592,key-5,819
1775447675602,key-15,1031
1775447675610,key-11,1109
1775447675611,key-21,259
1775447675619,key-40,182
1775447675619,key-32,1205
1775447675622,key-35,3786
1775447675629,key-5,177
1775447675636,key-43,176
1775447675637,key-11,1136
1775447675638,key-39,594
1775447675639,key-48,1820
1775447675641,key-29,603
1775447675643,key-21,291
1775447675647,key-48,173
1775447675653,key-35,3817
1775447675653,key-20,436
1775447675655,key-43,195
1775447675655,key-20,438
1775447675662,key-21,310
1775447675662,key-12,1814
1775447675670,key-34,207
1775447675670,key-20,453
1775447675670,key-9,1955
1775447675671,key-27,1463
1775447675671,key-48,197
1775447675671,key-44,4708
1775447675671,key-11,1170
1775447675671,key-5,219
1775447675673,key-26,417
1775447675673,key-43,213
1775447675673,key-48,199
1775447675674,key-21,322
1775447675676,key-17,3108
1775447675679,key-43,219
1775447675684,key-49,861
1775447675691,key-27,1483
1775447675698,key-25,1622
1775447675698,key-11,1197
1775447675698,key-14,2518
1775447675702,key-48,160
1775447675708,key-46,855
1775447675708,key-11,1207
1775447675710,key-11,1209
1775447675721,key-26,465
1775447675721,key-12,1873
1775447675721,key-33,707
1775447675725,key-12,1877
1775447675725,key-45,239
1775447675729,key-30,936
1775447675729,key-3,210
1775447675733,key-5,281
1775447675735,key-31,4294
1775447675739,key-19,1482
1775447675752,key-5,300
1775447675752,key-44,173
1775447675759,key-48,217
1775447675760,key-44,181
1775447675760,key-16,1062
1775447675761,key-3,242
1775447675761,key-44,182
1775447675765,key-23,1917
1775447675767,key-47,6553
1775447675770,key-5,318
1775447675772,key-43,312
1775447675772,key-8,434
1775447675777,key-47,6563
1775447675780,key-8,442
1775447675790,key-11,1289
1775447675797,key-23,1949
1775447675801,key-48,259
1775447675803,key-46,950
1775447675806,key-43,346
1775447675811,key-35,3975
1775447675816,key-39,772
1775447675820,key-40,383
1775447675822,key-43,362
1775447675822,key-17,3254
1775447675829,key-49,1006
1775447675830,key-34,367
1775447675841,key-20,624
1775447675842,key-43,382
1775447675843,key-49,1020
1775447675843,key-48,301
1775447675844,key-27,1636
1775447675846,key-22,810
1775447675849,key-44,270
1775447675852,key-5,400
1775447675853,key-27,1645
1775447675854,key-10,4186
1775447675855,key-8,517
1775447675857,key-5,405
1775447675864,key-17,3296
1775447675867,key-26,611
1775447675868,key-48,326
1775447675868,key-43,408
1775447675869,key-43,409
1775447675874,key-43,414
1775447675881,key-11,1380
1775447675883,key-11,1382
1775447675884,key-33,870
1775447675894,key-26,638
1775447675895,key-48,168
1775447675895,key-46,1042
1775447675899,key-31,4458
1775447675905,key-43,445
1775447675906,key-49,179
1775447675906,key-44,327
1775447675911,key-37,1836
1775447675912,key-48,370
1775447675915,key-40,478
1775447675918,key-16,1220
1775447675921,key-44,342
1775447675928,key-32,214
1775447675933,key-44,354
1775447675933,key-43,473
1775447675934,key-8,596
1775447675943,key-23,2095
1775447675944,key-16,1246
1775447675946,key-26,690
1775447675949,key-27,173
1775447675951,key-47,6737
1775447675951,key-5,499
1775447675953,key-27,177
1775447675957,key-44,378
1775447675957,key-47,6743
1775447675958,key-44,379
1775447675973,key-42,1120
1775447675975,key-26,719
1775447675975,key-8,637
1775447675976,key-44,397
1775447675977,key-5,525
1775447675980,key-40,543
1775447675993,key-47,6779
1775447676002,key-41,687
1775447676003,key-44,424
1775447676007,key-27,231
1775447676021,key-7,313
1775447676022,key-49,295
1775447676024,key-43,564
1775447676026,key-26,770
1775447676028,key-45,542
1775447676028,key-43,568
1775447676032,key-43,572
1775447676033,key-20,219
1775447676037,key-25,1961
1775447676038,key-42,236
1775447676040,key-16,1342
1775447676042,key-22,228
1775447676048,key-44,469
1775447676049,key-39,351
1775447676052,key-26,796
1775447676054,key-30,1261
1775447676057,key-11,1556
1775447676060,key-17,3492
1775447676061,key-31,160
1775447676068,key-49,341
1775447676076,key-31,175
1775447676080,key-35,167
1775447676088,key-43,628
1775447676089,key-31,188
1775447676091,key-16,1393
1775447676091,key-50,738
1775447676093,key-17,3525
1775447676099,key-50,746
1775447676100,key-43,640
1775447676102,key-17,3534
1775447676104,key-27,328
1775447676105,key-48,378
1775447676108,key-47,6894
1775447676112,key-24,1895
1775447676113,key-7,405
1775447676114,key-45,179
1775447676119,key-47,6905
1775447676121,key-27,345
1775447676122,key-19,1865
1775447676122,key-10,4454
1775447676123,key-27,347
1775447676131,key-16,1433
1775447676134,key-47,6920
1775447676137,key-42,335
1775447676140,key-16,1442
1775447676140,key-44,561
1775447676141,key-33,1127
1775447676155,key-23,2307
1775447676156,key-18,857
1775447676159,key-27,383
1775447676159,key-44,580
1775447676159,key-44,580
1775447676160,key-27,384
1775447676167,key-27,391
1775447676168,key-41,853
1775447676180,key-47,6966
1775447676182,key-49,455
1775447676188,key-8,850
1775447676188,key-43,728
1775447676191,key-20,377
1775447676198,key-31,297
1775447676206,key-27,430
1775447676215,key-39,517
1775447676219,key-26,963
1775447676219,key-42,417
1775447676219,key-50,866
1775447676223,key-20,409
1775447676227,key-26,971
1775447676227,key-44,648
1775447676229,key-47,7015
1775447676233,key-43,773
1775447676233,key-18,934
1775447676240,key-38,1608
1775447676242,key-43,782
1775447676248,key-22,434
1775447676249,key-35,336
1775447676258,key-1,254
1775447676259,key-17,3691
1775447676259,key-1,255
1775447676260,key-23,2412
1775447676273,key-44,694
1775447676274,key-44,695
1775447676275,key-9,2560
1775447676276,key-22,462
1775447676282,key-27,506
1775447676284,key-16,1586
1775447676285,key-43,825
1775447676286,key-50,933
1775447676286,key-25,2210
1775447676286,key-21,165
1775447676297,key-41,982
1775447676300,key-10,187
1775447676301,key-47,7087
1775447676303,key-10,190
1775447676303,key-19,2046
1775447676307,key-11,1806
1775447676312,key-16,1614
1775447676312,key-21,191
1775447676312,key-27,536
1775447676312,key-44,733
1775447676314,key-36,2016
1775447676322,key-44,743
1775447676322,key-16,1624
1775447676324,key-42,522
1775447676326,key-42,524
1775447676330,key-16,1632
1775447676335,key-10,222
1775447676337,key-41,180
1775447676338,key-18,1039
1775447676340,key-27,564
1775447676341,key-13,484
1775447676342,key-23,2494
1775447676350,key-45,415
1775447676355,key-41,198
1775447676356,key-7,648
1775447676357,key-44,778
1775447676357,key-3,170
1775447676359,key-27,583
1775447676363,key-49,636
1775447676363,key-21,242
1775447676364,key-14,3184
1775447676364,key-44,785
1775447676365,key-3,178
1775447676366,key-18,1067
1775447676367,key-41,210
1775447676368,key-20,554
1775447676386,key-44,807
1775447676388,key-26,1132
1775447676388,key-46,1535
1775447676389,key-44,810
1775447676398,key-16,1700
1775447676400,key-31,179
1775447676405,key-47,238
1775447676407,key-3,220
1775447676407,key-47,240
1775447676408,key-13,199
1775447676409,key-8,1071
1775447676413,key-9,203
1775447676414,key-39,716
1775447676416,key-31,195
1775447676420,key-41,263
1775447676422,key-23,2574
1775447676423,key-9,213
1775447676431,key-39,733
1775447676434,key-8,1096
1775447676440,key-22,626
1775447676441,key-20,627
1775447676443,key-22,629
1775447676443,key-43,983
1775447676443,key-19,237
1775447676450,key-18,1151
1775447676450,key-13,241
1775447676459,key-22,645
1775447676459,key-17,3891
1775447676459,key-44,880
1775447676460,key-41,303
1775447676460,key-5,1008
1775447676467,key-21,346
1775447676470,key-17,3902
1775447676471,key-10,358
1775447676471,key-34,1008
1775447676471,key-16,1773
1775447676473,key-19,267
1775447676476,key-17,3908
1775447676484,key-47,317
1775447676491,key-38,1859
1775447676494,key-30,1701
1775447676501,key-44,158
1775447676501,key-40,1064
1775447676502,key-42,319
1775447676502,key-16,1804
1775447676503,key-21,382
1775447676514,key-21,393
1775447676514,key-16,1816
1775447676518,key-41,361
1775447676521,key-27,745
1775447676524,key-41,367
1775447676524,key-3,337
1775447676524,key-5,1072
1775447676540,key-41,383
1775447676540,key-41,383
1775447676541,key-14,3361
1775447676541,key-41,384
1775447676541,key-44,198
1775447676541,key-50,1188
1775447676541,key-3,354
1775447676542,key-3,355
1775447676546,key-44,203
1775447676547,key-21,189
1775447676556,key-49,169
1775447676557,key-41,400
1775447676565,key-10,452
1775447676567,key-44,224
1775447676574,key-44,231
1775447676578,key-12,436
1775447676581,key-3,394
1775447676582,key-47,415
1775447676582,key-31,361
1775447676583,key-8,1245
1775447676587,key-9,377
1775447676588,key-16,1890
1775447676591,key-29,1553
1775447676595,key-9,385
1775447676597,key-47,430
1775447676604,key-45,669
1775447676608,key-47,441
1775447676610,key-14,3430
1775447676612,key-8,1274
1775447676614,key-17,4046
1775447676617,key-17,4049
1775447676617,key-22,803
1775447676620,key-41,463
1775447676622,key-13,413
1775447676634,key-20,820
1775447676635,key-18,1336
1775447676635,key-14,3455
1775447676639,key-17,4071
1775447676641,key-27,865
1775447676642,key-50,1289
1775447676648,key-16,1950
1775447676649,key-23,2801
1775447676649,key-17,4081
1775447676649,key-17,4081
1775447676655,key-22,841
1775447676656,key-32,230
1775447676656,key-32,230
1775447676660,key-30,1867
1775447676662,key-19,456
1775447676665,key-19,459
1775447676667,key-17,4099
1775447676669,key-20,855
1775447676671,key-5,1219
1775447676673,key-16,1975
1775447676673,key-17,4105
1775447676673,key-13,464
1775447676678,key-3,491
1775447676685,key-43,1225
1775447676685,key-41,528
1775447676691,key-17,4123
1775447676693,key-44,350
1775447676695,key-42,512
1775447676698,key-31,477
1775447676698,key-41,541
1775447676707,key-50,216
1775447676709,key-27,933
1775447676711,key-34,1248
1775447676713,key-15,2142
1775447676713,key-28,243
1775447676714,key-41,557
1775447676715,key-46,1862
1775447676721,key-3,534
1775447676721,key-46,1868
1775447676724,key-39,1026
1775447676724,key-3,537
1775447676727,key-44,384
1775447676729,key-44,386
1775447676731,key-14,3551
1775447676737,key-49,350
1775447676743,key-39,1045
1775447676744,key-25,2668
1775447676744,key-49,357
1775447676745,key-49,358
1775447676747,key-40,1310
1775447676752,key-28,282
1775447676753,key-44,410
1775447676753,key-41,596
1775447676762,key-43,1302
1775447676766,key-17,4198
1775447676768,key-20,954
1775447676770,key-45,835
1775447676774,key-16,2076
1775447676776,key-12,634
1775447676778,key-47,611
1775447676783,key-7,1075
1775447676789,key-31,568
1775447676789,key-18,1490
1775447676789,key-8,1451
1775447676796,key-8,1458
1775447676806,key-13,597
1775447676807,key-27,1031
1775447676808,key-2,208
1775447676821,key-16,2123
1775447676821,key-41,664
1775447676823,key-43,1363
1775447676826,key-16,2128
1775447676827,key-20,1013
1775447676833,key-16,2135
1775447676834,key-5,1382
1775447676841,key-17,4273
1775447676848,key-32,422
1775447676849,key-29,1811
1775447676851,key-40,156
1775447676851,key-19,645
1775447676852,key-32,426
1775447676856,key-17,4288
1775447676857,key-17,4289
1775447676860,key-17,4292
1775447676863,key-20,1049
1775447676864,key-22,1050
1775447676872,key-17,4304
1775447676872,key-43,1412
1775447676872,key-50,381
1775447676873,key-15,2302
1775447676873,key-28,403
1775447676879,key-16,2181
1775447676883,key-1,441
1775447676904,key-31,186
1775447676904,key-10,791
1775447676905,key-49,518
1775447676905,key-39,1207
1775447676905,key-44,562
1775447676905,key-46,2052
1775447676905,key-46,2052
1775447676906,key-37,409
1775447676906,key-50,415
1775447676906,key-41,749
1775447676908,key-16,2210
1775447676908,key-23,282
1775447676909,key-39,164
1775447676912,key-44,569
1775447676913,key-49,526
1775447676913,key-42,730
1775447676914,key-40,219
1775447676916,key-13,240
1775447676923,key-17,4355
1775447676923,key-17,4355
1775447676923,key-17,4355
1775447676931,key-19,172
1775447676935,key-41,778
1775447676935,key-29,164
1775447676939,key-17,4371
1775447676940,key-19,181
1775447676940,key-43,1480
1775447676948,key-29,177
1775447676949,key-8,1611
1775447676951,key-29,180
1775447676951,key-28,481
1775447676957,key-45,1022
1775447676959,key-42,776
1775447676964,key-31,246
1775447676964,key-20,1150
1775447676966,key-17,4398
1775447676968,key-32,542
1775447676976,key-44,633
1775447676977,key-29,206
1775447676977,key-13,301
1775447676982,key-12,840
1775447676989,key-12,847
1775447676994,key-12,852
1775447677004,key-45,1069
1775447677006,key-8,1668
1775447677010,key-5,1558
1775447677012,key-38,160
1775447677015,key-32,589
1775447677017,key-29,246
1775447677022,key-17,4454
1775447677028,key-8,1690
1775447677028,key-10,219
1775447677028,key-43,1568
1775447677034,key-32,608
1775447677035,key-32,609
1775447677036,key-48,886
1775447677037,key-47,870
1775447677040,key-28,570
1775447677041,key-20,1227
1775447677049,key-43,1589
1775447677061,key-40,366
1775447677061,key-32,635
1775447677062,key-32,636
1775447677062,key-32,636
1775447677062,key-32,636
1775447677062,key-17,4494
1775447677062,key-17,4494
1775447677063,key-29,292
1775447677064,key-39,319
1775447677068,key-32,642
1775447677068,key-10,259
1775447677076,key-1,634
1775447677079,key-45,1144
1775447677080,key-23,454
1775447677080,key-39,335
1775447677080,key-46,2227
1775447677080,key-46,2227
1775447677081,key-16,2383
1775447677083,key-39,338
1775447677093,key-37,596
1775447677093,key-16,2395
1775447677098,key-17,4530
1775447677103,key-43,1643
1775447677106,key-21,748
1775447677109,key-35,724
1775447677110,key-50,619
1775447677119,key-29,348
1775447677119,key-29,348
1775447677120,key-45,1185
1775447677121,key-29,350
1775447677122,key-32,696
1775447677124,key-43,1664
1775447677131,key-45,1196
1775447677131,key-29,360
1775447677134,key-1,692
1775447677134,key-28,664
1775447677136,key-29,365
1775447677142,key-23,516
1775447677142,key-13,466
1775447677144,key-15,220
1775447677145,key-16,2447
1775447677149,key-42,966
1775447677155,key-41,998
1775447677160,key-41,1003
1775447677160,key-12,175
1775447677162,key-12,177
1775447677165,key-23,539
1775447677165,key-12,180
1775447677166,key-12,181
1775447677168,key-12,183
1775447677174,key-12,189
1775447677174,key-45,1239
1775447677175,key-29,404
1775447677186,key-43,1726
1775447677186,key-30,2393
1775447677194,key-12,209
1775447677196,key-8,1858
1775447677196,key-8,1858
1775447677197,key-35,812
1775447677197,key-5,1745
1775447677206,key-47,1039
1775447677207,key-20,263
1775447677211,key-44,868
1775447677212,key-43,1752
1775447677212,key-12,227
1775447677212,key-32,786
1775447677214,key-20,270
1775447677216,key-32,790
1775447677221,key-12,236
1775447677221,key-24,434
1775447677221,key-48,1071
1775447677221,key-28,751
1775447677226,key-37,729
1775447677229,key-21,871
1775447677232,key-17,4664
1775447677233,key-40,174
1775447677239,key-46,2386
1775447677240,key-29,469
1775447677248,key-45,1313
1775447677248,key-37,751
1775447677251,key-17,4683
1775447677253,key-39,508
1775447677253,key-24,466
1775447677259,key-29,488
1775447677259,key-23,633
1775447677261,key-41,1104
1775447677262,key-30,177
1775447677269,key-43,1809
1775447677275,key-5,168
1775447677284,key-30,199
1775447677294,key-16,180
1775447677297,key-1,855
1775447677297,key-16,183
1775447677297,key-29,526
1775447677298,key-43,1838
1775447677304,key-3,1117
1775447677308,key-34,1845
1775447677314,key-3,1127
1775447677314,key-42,1131
1775447677314,key-16,200
1775447677314,key-37,817
1775447677314,key-18,2015
1775447677315,key-10,506
1775447677315,key-29,544
1775447677317,key-11,172
1775447677329,key-16,215
1775447677329,key-15,405
1775447677330,key-41,171
1775447677333,key-11,188
1775447677334,key-44,991
1775447677334,key-10,525
1775447677338,key-12,353
1775447677341,key-32,209
1775447677348,key-43,1888
1775447677349,key-43,1889
1775447677350,key-41,191
1775447677350,key-30,176
1775447677352,key-9,1142
1775447677352,key-12,367
1775447677358,key-1,916
1775447677362,key-30,188
1775447677363,key-11,218
1775447677366,key-8,2028
1775447677367,key-15,443
1775447677367,key-12,382
1775447677368,key-49,538
1775447677368,key-27,494
1775447677368,key-30,194
1775447677368,key-50,164
1775447677368,key-23,742
1775447677371,key-13,695
1775447677371,key-38,519
1775447677380,key-3,1193
1775447677380,key-12,395
1775447677381,key-32,249
1775447677381,key-12,396
1775447677383,key-48,1233
1775447677387,key-13,711
1775447677387,key-30,213
1775447677389,key-17,4821
1775447677389,key-12,404
1775447677396,key-33,183
1775447677399,key-29,628
1775447677400,key-20,456
1775447677400,key-2,800
1775447677401,key-20,457
1775447677403,key-37,183
1775447677406,key-12,421
1775447677409,key-28,165
1775447677409,key-46,2556
1775447677410,key-3,173
1775447677410,key-47,180
1775447677411,key-12,426
1775447677414,key-28,170
1775447677414,key-29,643
1775447677416,key-45,1481
1775447677417,key-31,699
1775447677418,key-47,188
1775447677418,key-37,921
1775447677418,key-3,181
1775447677422,key-30,248
1775447677424,key-39,230
1775447677424,key-49,211
1775447677426,key-40,367
1775447677428,key-17,4860
1775447677432,key-28,962
1775447677435,key-29,664
1775447677449,key-29,678
1775447677450,key-43,1990
1775447677450,key-17,4882
1775447677453,key-3,216
1775447677454,key-16,340
1775447677456,key-24,669
1775447677468,key-17,4900
1775447677469,key-49,256
1775447677471,key-48,1321
1775447677472,key-37,252
1775447677475,key-1,1033
1775447677475,key-22,165
1775447677488,key-12,503
1775447677488,key-11,343
1775447677492,key-36,3194
1775447677496,key-3,259
1775447677500,key-11,355
1775447677505,key-16,391
1775447677505,key-16,391
1775447677506,key-16,392
1775447677506,key-45,1571
1775447677512,key-44,1169
1775447677515,key-11,370
1775447677519,key-43,2059
1775447677520,key-8,2182
1775447677521,key-43,2061
1775447677522,key-50,318
1775447677526,key-20,582
1775447677529,key-15,605
1775447677532,key-30,358
1775447677540,key-11,395
1775447677541,key-3,304
1775447677541,key-37,321
1775447677544,key-27,670
1775447677545,key-11,400
1775447677551,key-8,2213
1775447677552,key-38,700
1775447677552,key-12,567
1775447677554,key-46,2701
1775447677554,key-13,878
1775447677555,key-27,681
1775447677558,key-44,190
1775447677560,key-17,4992
1775447677560,key-50,356
1775447677561,key-10,752
1775447677561,key-33,348
1775447677561,key-20,617
1775447677564,key-44,1221
1775447677564,key-15,640
1775447677565,key-23,939
1775447677566,key-41,350
1775447677566,key-33,353
1775447677567,key-3,330
1775447677568,key-12,583
1775447677570,key-30,396
1775447677570,key-2,970
1775447677571,key-20,627
1775447677574,key-29,803
1775447677574,key-24,787
1775447677579,key-3,342
1775447677581,key-29,810
1775447677582,key-31,864
1775447677584,key-5,386
1775447677588,key-40,529
1775447677593,key-3,356
1775447677598,key-11,453
1775447677603,key-50,399
1775447677603,key-30,429
1775447677604,key-47,374
1775447677604,key-29,833
1775447677605,key-45,1670
1775447677605,key-47,375
1775447677605,key-37,159
1775447677605,key-32,246
1775447677610,key-34,2147
1775447677610,key-18,2311
1775447677611,key-16,497
1775447677611,key-32,252
1775447677615,key-39,421
1775447677616,key-30,442
1775447677619,key-39,425
1775447677620,key-20,676
1775447677622,key-15,698
1775447677630,key-29,859
1775447677632,key-29,861
1775447677635,key-24,848
1775447677638,key-1,1196
1775447677640,key-29,159
1775447677641,key-28,397
1775447677645,key-11,500
1775447677648,key-47,418
1775447677650,key-31,932
1775447677654,key-39,460
1775447677657,key-11,512
1775447677662,key-36,3364
1775447677663,key-49,347
1775447677664,key-37,218
1775447677669,key-41,453
1775447677672,key-22,362
1775447677674,key-14,4494
1775447677677,key-3,440
1775447677680,key-3,443
1775447677690,key-22,380
1775447677690,key-16,576
1775447677694,key-50,490
1775447677695,key-45,1760
1775447677701,key-3,464
1775447677702,key-27,828
1775447677703,key-19,178
1775447677703,key-1,1261
1775447677706,key-30,532
1775447677706,key-27,832
1775447677707,key-8,234
1775447677708,key-38,856
1775447677713,key-13,1037
1775447677713,key-45,1778
1775447677717,key-9,1507
1775447677722,key-17,5154
1775447677725,key-50,521
1775447677725,key-20,781
1775447677728,key-46,2875
1775447677731,key-20,787
1775447677735,key-41,519
1775447677737,key-3,500
1775447677738,key-15,814
1775447677741,key-30,567
1775447677741,key-23,1115
1775447677741,key-26,166
1775447677743,key-49,172
1775447677745,key-41,529
1775447677745,key-30,571
1775447677747,key-11,602
1775447677747,key-11,602
1775447677750,key-15,826
1775447677751,key-32,163
1775447677751,key-34,2288
1775447677758,key-33,545
1775447677760,key-5,562
1775447677761,key-30,587
1775447677761,key-12,776
1775447677766,key-30,592
1775447677767,key-11,622
1775447677770,key-31,1052
1775447677773,key-41,157
1775447677775,key-18,2476
1775447677776,key-44,408
1775447677782,key-2,352
1775447677782,key-16,668
1775447677785,key-50,581
1775447677789,key-37,343
1775447677789,key-39,595
1775447677790,key-37,344
1775447677792,key-15,868
1775447677795,key-31,1077
1775447677796,key-20,852
1775447677799,key-20,855
1775447677800,key-1,1358
1775447677802,key-29,321
1775447677802,key-20,858
1775447677802,key-18,2503
1775447677802,key-39,608
1775447677803,key-2,373
1775447677803,key-39,609
1775447677811,key-20,867
1775447677824,key-29,343
1775447677824,key-28,203
1775447677825,key-50,621
1775447677825,key-32,237
1775447677828,key-11,683
1775447677830,key-31,1112
1775447677830,key-31,1112
1775447677836,key-20,892
1775447677840,key-41,224
1775447677840,key-18,2541
1775447677841,key-11,696
1775447677841,key-11,696
1775447677846,key-46,2993
1775447677852,key-50,648
1775447677855,key-39,661
1775447677858,key-3,621
1775447677860,key-16,746
1775447677862,key-48,1712
1775447677870,key-21,1512
1775447677871,key-27,997
1775447677873,key-26,298
1775447677876,key-3,639
1775447677876,key-47,646
1775447677877,key-31,1159
1775447677881,key-22,233
1775447677883,key-30,709
1775447677883,key-49,312
1775447677884,key-17,5316
1775447677885,key-30,711
1775447677887,key-45,1952
1775447677889,key-46,177
1775447677889,key-17,5321
1775447677891,key-1,1449
1775447677894,key-19,369
1775447677898,key-30,724
1775447677899,key-17,5331
1775447677906,key-45,1971
1775447677908,key-12,923
1775447677908,key-50,704
1775447677909,key-39,715
1775447677911,key-3,674
1775447677919,key-46,207
1775447677920,key-12,935
1775447677921,key-20,977
1775447677922,key-46,210
1775447677922,key-5,724
1775447677922,key-15,998
1775447677923,key-32,335
1775447677924,key-31,1206
1775447677928,key-11,783
1775447677931,key-34,167
1775447677937,key-33,724
1775447677940,key-30,766
1775447677940,key-11,795
1775447677940,key-17,5372
1775447677940,key-8,467
1775447677942,key-11,797
1775447677944,key-2,514
1775447677945,key-30,771
1775447677955,key-16,188
1775447677958,key-31,1240
1775447677960,key-39,766
1775447677966,key-39,772
1775447677970,key-3,733
1775447677977,key-48,1827
1775447677979,key-22,175
1775447677979,key-29,498
1775447677980,key-15,1056
1775447677980,key-48,1830
1775447677981,key-32,393
1775447677981,key-1,1539
1775447677983,key-33,770
1775447677983,key-2,553
1775447677983,key-35,807
1775447677984,key-39,790
1775447677984,key-2,554
1775447677985,key-22,181
1775447677988,key-23,197
1775447677990,key-11,845
1775447677990,key-39,796
1775447677991,key-2,561
1775447677992,key-2,562
1775447677996,key-39,802
1775447677998,key-32,410
1775447677999,key-36,3701
1775447678001,key-11,856
1775447678003,key-15,1079
1775447678029,key-11,884
1775447678029,key-29,548
1775447678029,key-31,1311
1775447678030,key-11,885
1775447678031,key-3,203
1775447678033,key-20,1089
1775447678037,key-41,421
1775447678043,key-30,869
1775447678043,key-3,215
1775447678043,key-27,1169
1775447678046,key-21,1688
1775447678046,key-32,458
1775447678047,key-10,445
1775447678047,key-45,2112
1775447678049,key-31,1331
1775447678049,key-46,337
1775447678055,key-40,996
1775447678055,key-7,2347
1775447678055,key-10,453
1775447678059,key-19,534
1775447678065,key-22,261
1775447678078,key-50,874
1775447678079,key-50,875
1775447678081,key-38,457
1775447678082,key-11,937
1775447678084,key-21,1726
1775447678085,key-36,162
1775447678096,key-34,332
1775447678098,key-16,331
1775447678098,key-12,1113
1775447678100,key-39,906
1775447678101,key-17,5533
1775447678101,key-31,1383
1775447678101,key-11,956
1775447678106,key-13,1430
1775447678108,key-47,878
1775447678110,key-32,522
1775447678112,key-17,5544
1775447678112,key-49,541
1775447678114,key-17,5546
1775447678114,key-30,940
1775447678117,key-22,313
1775447678118,key-8,645
1775447678118,key-15,195
1775447678118,key-8,645
1775447678124,key-31,172
1775447678124,key-17,5556
1775447678128,key-2,233
1775447678129,key-30,955
1775447678133,key-39,939
1775447678134,key-31,182
1775447678137,key-17,5569
1775447678147,key-27,1273
1775447678150,key-36,227
1775447678151,key-3,171
1775447678153,key-22,348
1775447678155,key-39,961
1775447678155,key-33,942
1775447678159,key-11,1014
1775447678159,key-32,571
1775447678159,key-7,2451
1775447678159,key-39,965
1775447678161,key-32,573
1775447678161,key-34,397
1775447678184,key-29,703
1775447678184,key-12,1199
1775447678184,key-3,204
1775447678185,key-36,262
1775447678185,key-3,243
1775447678186,key-11,224
1775447678186,key-1,1744
1775447678187,key-2,292
1775447678187,key-39,993
1775447678187,key-39,993
1775447678187,key-22,383
1775447678188,key-41,572
1775447678188,key-39,994
1775447678189,key-32,601
1775447678192,key-2,297
1775447678192,key-39,998
1775447678200,key-15,277
1775447678207,key-22,403
1775447678208,key-38,584
1775447678209,key-14,5029
1775447678216,key-20,1272
1775447678217,key-1,1775
1775447678221,key-13,1545
1775447678222,key-7,2514
1775447678225,key-30,1051
1775447678225,key-37,340
1775447678228,key-31,276
1775447678228,key-7,2520
1775447678229,key-22,191
1775447678232,key-9,2022
1775447678232,key-20,1288
1775447678232,key-45,2297
1775447678233,key-27,1359
1775447678233,key-20,1289
1775447678235,key-41,619
1775447678236,key-33,1023
1775447678236,key-33,1023
1775447678237,key-31,285
1775447678239,key-2,344
1775447678245,key-35,1069
1775447678251,key-46,286
1775447678251,key-36,328
1775447678255,key-16,488
1775447678261,key-21,1903
1775447678269,key-17,5701
1775447678271,key-11,309
1775447678279,key-20,1335
1775447678282,key-49,711
1775447678283,key-31,331
1775447678287,key-8,814
1775447678289,key-50,1085
1775447678289,key-17,5721
1775447678293,key-47,1063
1775447678293,key-32,705
1775447678297,key-29,816
1775447678297,key-32,709
1775447678298,key-39,1104
1775447678299,key-38,675
1775447678299,key-39,1105
1775447678305,key-30,1131
1775447678308,key-15,385
1775447678313,key-24,1526
1775447678314,key-43,2854
1775447678315,key-5,1117
1775447678319,key-46,354
1775447678322,key-32,734
1775447678323,key-33,1110
1775447678330,key-39,1136
1775447678332,key-17,5764
1775447678333,key-36,410
1775447678333,key-11,371
1775447678333,key-18,3034
1775447678334,key-39,1140
1775447678337,key-19,812
1775447678339,key-36,416
1775447678341,key-15,418
1775447678352,key-43,2892
1775447678353,key-30,1179
1775447678354,key-34,590
1775447678363,key-47,1133
1775447678364,key-15,441
1775447678364,key-39,1170
1775447678365,key-11,403
1775447678365,key-39,1171
1775447678365,key-13,1689
1775447678367,key-41,751
1775447678370,key-39,1176
1775447678370,key-22,332
1775447678370,key-32,782
1775447678371,key-32,783
1775447678371,key-7,2663
1775447678371,key-21,234
1775447678371,key-12,1386
1775447678371,key-22,333
1775447678372,key-38,748
1775447678372,key-36,449
1775447678373,key-15,450
1775447678378,key-26,163
1775447678379,key-22,341
1775447678382,key-27,1508
1775447678383,key-24,1596
1775447678383,key-3,403
1775447678384,key-39,1190
1775447678384,key-17,196
1775447678384,key-37,499
1775447678390,key-1,1948
1775447678391,key-38,767
1775447678391,key-13,1715
1775447678392,key-25,1439
1775447678393,key-20,1449
1775447678393,key-22,355
1775447678394,key-8,921
1775447678397,key-9,2187
1775447678399,key-31,447
1775447678399,key-30,1225
1775447678402,key-23,611
1775447678402,key-33,1189
1775447678407,key-34,168
1775447678409,key-2,514
1775447678409,key-20,1465
1775447678415,key-41,799
1775447678418,key-41,802
1775447678420,key-36,497
1775447678421,key-5,170
1775447678422,key-24,1635
1775447678423,key-38,799
1775447678430,key-44,1062
1775447678432,key-34,193
1775447678434,key-36,511
1775447678434,key-25,172
1775447678435,key-20,1491
1775447678438,key-17,250
1775447678439,key-46,474
1775447678445,key-22,407
1775447678447,key-41,831
1775447678456,key-39,194
1775447678466,key-38,842
1775447678467,key-22,429
1775447678467,key-27,1593
1775447678468,key-20,1524
1775447678470,key-39,208
1775447678474,key-29,993
1775447678475,key-11,513
1775447678476,key-25,214
1775447678476,key-31,524
1775447678485,key-5,234
1775447678489,key-24,1702
1775447678489,key-35,1313
1775447678489,key-45,2554
1775447678490,key-37,605
1775447678491,key-39,229
1775447678491,key-30,1317
1775447678496,key-21,359
1775447678499,key-36,576
1775447678501,key-40,1442
1775447678507,key-24,1720
1775447678507,key-30,1333
1775447678512,key-7,190
1775447678513,key-44,1145
1775447678514,key-32,926
1775447678516,key-17,328
1775447678517,key-34,278
1775447678517,key-15,594
1775447678517,key-21,380
1775447678517,key-8,1044
1775447678519,key-17,331
1775447678521,key-36,598
1775447678521,key-19,996
1775447678525,key-39,263
1775447678535,key-7,213
1775447678535,key-7,213
1775447678538,key-16,771
1775447678538,key-13,1862
1775447678541,key-12,1556
1775447678547,key-27,1673
1775447678549,key-30,1375
1775447678549,key-39,287
1775447678553,key-15,630
1775447678554,key-37,669
1775447678556,key-27,1682
1775447678557,key-21,420
1775447678557,key-9,2347
1775447678563,key-17,375
1775447678563,key-13,1887
1775447678568,key-8,1095
1775447678568,key-39,306
1775447678568,key-1,2126
1775447678568,key-33,1355
1775447678569,key-2,674
1775447678569,key-29,1088
1775447678572,key-34,333
1775447678572,key-23,781
1775447678572,key-3,592
1775447678572,key-42,2389
1775447678574,key-19,1049
1775447678574,key-20,1630
1775447678578,key-39,316
1775447678582,key-31,171
1775447678582,key-36,659
1775447678583,key-14,5403
1775447678583,key-38,959
1775447678588,key-20,1644
1775447678598,key-3,618
1775447678600,key-23,809
1775447678605,key-40,1546
1775447678607,key-17,419
1775447678607,key-11,156
1775447678607,key-26,392
1775447678608,key-38,984
1775447678609,key-49,1038
1775447678610,key-31,658
1775447678613,key-1,2171
1775447678620,key-44,1252
1775447678632,key-46,667
1775447678633,key-43,211
1775447678633,key-39,371
1775447678634,key-41,1018
1775447678634,key-33,194
1775447678634,key-39,372
1775447678634,key-50,1430
1775447678635,key-11,184
1775447678635,key-41,1019
1775447678638,key-22,600
1775447678652,key-11,201
1775447678654,key-21,517
1775447678655,key-1,2213
1775447678655,key-4,320
1775447678657,key-25,395
1775447678661,key-11,210
1775447678662,key-17,474
1775447678662,key-35,179
1775447678669,key-32,1081
1775447678671,key-30,1497
1775447678676,key-9,2466
1775447678679,key-36,756
1775447678679,key-7,357
1775447678682,key-50,231
1775447678683,key-14,214
1775447678684,key-4,349
1775447678688,key-21,551
1775447678689,key-7,367
1775447678689,key-40,1630
1775447678689,key-3,191
1775447678689,key-5,438
1775447678689,key-34,450
1775447678691,key-22,653
1775447678692,key-9,172
1775447678696,key-45,2761
1775447678697,key-21,560
1775447678702,key-16,935
1775447678705,key-22,667
1775447678706,key-37,821
1775447678708,key-36,785
1775447678713,key-30,1539
1775447678715,key-38,1091
1775447678715,key-13,2039
1775447678717,key-12,188
1775447678717,key-12,188
1775447678718,key-9,198
1775447678722,key-21,585
1775447678724,key-27,1850
1775447678729,key-24,282
1775447678730,key-33,290
1775447678733,key-3,235
1775447678736,key-23,945
1775447678736,key-8,1263
1775447678736,key-3,238
1775447678738,key-8,1265
1775447678739,key-31,209
1775447678739,key-4,214
1775447678739,key-1,2297
1775447678742,key-29,1261
1775447678742,key-14,273
1775447678742,key-18,3443
1775447678750,key-20,1806
1775447678751,key-28,182
1775447678753,key-2,858
1775447678753,key-30,1579
1775447678758,key-28,189
1775447678760,key-1,2318
1775447678761,key-29,1280
1775447678762,key-9,242
1775447678762,key-3,264
1775447678763,key-7,441
1775447678763,key-38,1139
1775447678775,key-24,328
1775447678781,key-15,251
1775447678784,key-1,2342
1775447678784,key-3,286
1775447678784,key-39,522
1775447678784,key-43,362
1775447678786,key-27,1912
1775447678787,key-40,1728
1775447678787,key-2,892
1775447678789,key-14,320
1775447678789,key-34,550
1775447678791,key-5,540
1775447678792,key-31,262
1775447678794,key-29,1313
1775447678795,key-1,2353
1775447678796,key-28,227
1775447678799,key-4,274
1775447678803,key-28,234
1775447678808,key-33,368
1775447678809,key-21,169
1775447678809,key-49,1238
1775447678810,key-22,772
1775447678811,key-46,846
1775447678812,key-11,361
1775447678816,key-6,310
1775447678816,key-11,365
1775447678831,key-49,159
1775447678831,key-11,380
1775447678831,key-18,3532
1775447678832,key-33,392
1775447678834,key-40,1775
1775447678840,key-4,315
1775447678840,key-49,168
1775447678845,key-40,1786
1775447678852,key-17,664
1775447678858,key-4,333
1775447678860,key-44,325
1775447678860,key-21,220
1775447678861,key-2,188
1775447678861,key-4,336
1775447678861,key-9,341
1775447678861,key-50,410
1775447678863,key-45,2928
1775447678865,key-32,1277
1775447678870,key-21,230
1775447678873,key-12,344
1775447678875,key-49,160
1775447678877,key-9,357
1775447678878,key-33,438
1775447678878,key-19,1353
1775447678879,key-49,164
1775447678883,key-21,243
1775447678885,key-48,2735
1775447678888,key-11,437
1775447678888,key-21,248
1775447678889,key-17,701
1775447678891,key-4,366
1775447678893,key-32,1305
1775447678893,key-21,253
1775447678897,key-3,399
1775447678900,key-3,402
1775447678902,key-31,372
1775447678904,key-33,464
1775447678904,key-25,232
1775447678905,key-45,2970
1775447678906,key-9,386
1775447678906,key-4,381
1775447678906,key-8,1433
1775447678906,key-20,184
1775447678918,key-1,2476
1775447678918,key-46,167
1775447678918,key-21,278
1775447678921,key-38,267
1775447678921,key-28,352
1775447678926,key-28,357
1775447678927,key-30,1753
1775447678929,key-8,1456
1775447678929,key-31,399
1775447678932,key-2,259
1775447678933,key-34,694
1775447678936,key-13,2260
1775447678937,key-12,408
1775447678940,key-29,217
1775447678943,key-43,521
1775447678946,key-7,171
1775447678948,key-31,418
1775447678950,key-3,177
1775447678951,key-21,311
1775447678955,key-29,232
1775447678956,key-31,426
1775447678957,key-5,706
1775447678957,key-45,3022
1775447678961,key-18,3662
1775447678964,key-22,926
1775447678966,key-2,293
1775447678966,key-46,215
1775447678968,key-2,295
1775447678969,key-21,329
1775447678972,key-33,532
1775447678972,key-41,1356
1775447678972,key-49,257
1775447678972,key-11,521
1775447678980,key-25,308
1775447678981,key-2,308
1775447678987,key-4,462
1775447678988,key-46,237
1775447678988,key-46,237
1775447678989,key-21,349
1775447678989,key-15,459
1775447678989,key-31,459
1775447678991,key-19,1466
1775447678994,key-29,271
1775447678995,key-43,573
1775447679001,key-4,476
1775447679005,key-46,254
1775447679006,key-22,968
1775447679007,key-24,175
1775447679008,key-22,970
1775447679010,key-1,2568
1775447679010,key-4,485
1775447679012,key-29,289
1775447679013,key-49,298
1775447679018,key-4,493
1775447679022,key-40,232
1775447679024,key-12,495
1775447679025,key-44,490
1775447679032,key-31,502
1775447679032,key-18,3733
1775447679034,key-33,594
1775447679036,key-2,363
1775447679036,key-1,2594
1775447679037,key-21,397
1775447679040,key-11,589
1775447679041,key-4,516
1775447679042,key-32,1454
1775447679044,key-43,182
1775447679046,key-49,331
1775447679046,key-45,3111
1775447679046,key-4,521
1775447679053,key-9,533
1775447679055,key-33,615
1775447679055,key-50,604
1775447679055,key-4,530
1775447679059,key-49,344
1775447679066,key-25,394
1775447679067,key-19,1542
1775447679067,key-40,277
1775447679067,key-4,542
1775447679073,key-40,161
1775447679073,key-17,885
1775447679073,key-24,241
1775447679074,key-3,301
1775447679076,key-3,303
1775447679085,key-21,445
1775447679086,key-21,446
1775447679086,key-24,254
1775447679087,key-31,557
1775447679087,key-48,2937
1775447679092,key-45,3157
1775447679092,key-20,370
1775447679099,key-48,2949
1775447679100,key-35,160
1775447679100,key-28,531
1775447679101,key-2,428
1775447679106,key-4,581
1775447679106,key-32,1518
1775447679108,key-26,893
1775447679109,key-11,658
1775447679110,key-28,541
1775447679118,key-31,588
1775447679118,key-29,395
1775447679118,key-12,589
1775447679119,key-30,1945
1775447679120,key-22,1082
1775447679120,key-24,288
1775447679123,key-29,400
1775447679124,key-17,936
1775447679124,key-37,1239
1775447679127,key-22,1089
1775447679130,key-22,1092
1775447679134,key-46,383
1775447679135,key-29,412
1775447679135,key-34,896
1775447679136,key-40,224
1775447679138,key-41,304
1775447679139,key-39,877
1775447679143,key-5,892
1775447679149,key-49,178
1775447679149,key-6,643
1775447679155,key-8,1682
1775447679155,key-46,404
1775447679158,key-19,1633
1775447679163,key-46,412
1775447679164,key-15,634
1775447679166,key-33,726
1775447679168,key-12,639
1775447679171,key-31,641
1775447679171,key-22,1133
1775447679172,key-22,1134
1775447679174,key-4,649
1775447679178,key-22,1140
1775447679178,key-4,653
1775447679181,key-22,1143
1775447679182,key-12,653
1775447679187,key-29,191
1775447679189,key-21,549
1775447679189,key-45,223
1775447679190,key-22,1152
1775447679190,key-13,2514
1775447679198,key-32,1610
1775447679200,key-13,2524
1775447679200,key-4,675
1775447679203,key-13,2527
1775447679204,key-49,233
1775447679207,key-22,1169
1775447679210,key-31,680
1775447679214,key-18,3915
1775447679217,key-31,687
1775447679217,key-19,1692
1775447679220,key-23,187
1775447679223,key-49,252
1775447679225,key-1,2783
1775447679227,key-17,1039
1775447679230,key-15,700
1775447679230,key-30,2056
1775447679231,key-21,243
1775447679232,key-33,792
1775447679241,key-40,329
1775447679242,key-33,802
1775447679242,key-33,802
1775447679242,key-24,410
1775447679243,key-4,718
1775447679246,key-40,334
1775447679251,key-10,218
1775447679253,key-27,185
1775447679253,key-40,341
1775447679259,key-3,486
1775447679261,key-20,193
1775447679261,key-21,273
1775447679261,key-2,203
1775447679264,key-11,813
1775447679266,key-10,233
1775447679267,key-3,165
1775447679269,key-30,2095
1775447679271,key-41,437
1775447679271,key-17,1083
1775447679271,key-23,238
1775447679274,key-35,334
1775447679276,key-21,288
1775447679278,key-35,338
1775447679279,key-12,750
1775447679281,key-31,751
1775447679283,key-45,317
1775447679288,key-18,3989
1775447679290,key-24,458
1775447679290,key-26,1075
1775447679291,key-40,379
1775447679293,key-22,1255
1775447679293,key-34,157
1775447679297,key-22,1259
1775447679299,key-22,1261
1775447679302,key-5,1051
1775447679303,key-24,471
1775447679303,key-38,649
1775447679305,key-29,309
1775447679306,key-22,1268
1775447679312,key-17,1124
1775447679312,key-11,861
1775447679314,key-5,1063
1775447679319,key-19,180
1775447679320,key-35,380
1775447679320,key-15,790
1775447679321,key-44,243
1775447679323,key-41,489
1775447679326,key-18,4027
1775447679326,key-29,330
1775447679327,key-5,1076
1775447679330,key-22,1292
1775447679330,key-5,1079
1775447679333,key-34,197
1775447679334,key-6,828
1775447679336,key-17,1148
1775447679339,key-14,870
1775447679341,key-4,205
1775447679341,key-31,811
1775447679341,key-29,345
1775447679344,key-45,378
1775447679345,key-23,312
1775447679346,key-1,202
1775447679346,key-33,906
1775447679349,key-4,213
1775447679354,key-22,1316
1775447679354,key-46,603
1775447679356,key-22,1318
1775447679359,key-6,853
1775447679360,key-9,840
1775447679367,key-13,2691
1775447679368,key-22,1330
1775447679372,key-11,921
1775447679372,key-22,1334
1775447679373,key-13,2697
1775447679385,key-45,419
1775447679386,key-12,857
1775447679386,key-34,250
1775447679386,key-49,415
1775447679387,key-4,251
1775447679387,key-8,1914
1775447679395,key-33,955
1775447679395,key-43,533
1775447679395,key-1,251
1775447679396,key-22,1358
1775447679401,key-1,257
1775447679404,key-49,433
1775447679405,key-30,2231
1775447679407,key-30,2233
1775447679410,key-4,274
1775447679412,key-45,446
1775447679414,key-33,157
1775447679418,key-46,667
1775447679422,key-3,320
1775447679425,key-10,392
1775447679428,key-4,292
1775447679429,key-41,595
1775447679432,key-46,681
1775447679436,key-2,378
1775447679436,key-3,334
1775447679436,key-13,2760
1775447679436,key-11,985
1775447679439,key-7,664
1775447679439,key-25,767
1775447679441,key-13,2765
1775447679449,key-49,478
1775447679450,key-18,4151
1775447679450,key-17,1262
1775447679451,key-10,418
1775447679451,key-24,619
1775447679452,key-12,923
1775447679453,key-50,1002
1775447679453,key-35,513
1775447679457,key-18,4158
1775447679460,key-3,358
1775447679465,key-39,469
1775447679466,key-12,937
1775447679468,key-13,2792
1775447679468,key-34,332
1775447679468,key-45,502
1775447679475,key-15,945
1775447679476,key-19,337
1775447679476,key-43,178
1775447679478,key-19,339
1775447679479,key-48,3329
1775447679483,key-41,177
1775447679484,key-22,1446
1775447679489,key-3,387
1775447679491,key-22,1453
1775447679500,key-23,467
1775447679501,key-29,505
1775447679501,key-18,4202
1775447679501,key-34,179
1775447679502,key-21,176
1775447679503,key-21,177
1775447679503,key-1,359
1775447679503,key-18,4204
1775447679503,key-45,537
1775447679506,key-29,510
1775447679506,key-23,473
1775447679511,key-31,981
1775447679511,key-43,160
1775447679513,key-6,1007
1775447679515,key-17,1327
1775447679516,key-5,1265
1775447679516,key-43,165
1775447679520,key-43,169
1775447679522,key-42,3339
1775447679526,key-29,530
1775447679528,key-22,1490
1775447679529,key-35,589
1775447679530,key-11,1079
1775447679532,key-22,1494
1775447679532,key-23,499
1775447679532,key-22,1494
1775447679540,key-8,2067
1775447679541,key-22,1503
1775447679542,key-22,1504
1775447679542,key-42,3359
1775447679543,key-22,1505
1775447679551,key-6,1045
1775447679552,key-4,416
1775447679552,key-13,2876
1775447679552,key-37,163
1775447679554,key-41,248
1775447679555,key-9,1035
1775447679556,key-43,205
1775447679559,key-47,593
1775447679559,key-22,1521
1775447679560,key-22,1522
1775447679562,key-21,236
1775447679572,key-44,494
1775447679576,key-38,206
1775447679576,key-45,610
1775447679576,key-30,2402
1775447679581,key-1,437
1775447679582,key-9,1062
1775447679583,key-4,447
1775447679584,key-43,233
1775447679587,key-22,1549
1775447679590,key-3,488
1775447679590,key-31,1060
1775447679590,key-1,446
1775447679595,key-4,459
1775447679607,key-33,350
1775447679608,key-46,857
1775447679608,key-33,351
1775447679609,key-39,613
1775447679609,key-1,465
1775447679609,key-13,2933
1775447679610,key-10,577
1775447679611,key-3,509
1775447679611,key-49,640
1775447679617,key-12,283
1775447679619,key-49,161
1775447679619,key-17,1431
1775447679619,key-44,541
1775447679619,key-30,2445
1775447679631,key-28,1062
1775447679636,key-39,640
1775447679639,key-40,237
1775447679639,key-43,288
1775447679641,key-43,290
1775447679641,key-50,1190
1775447679641,key-23,187
1775447679643,key-48,3493
1775447679643,key-35,703
1775447679644,key-5,179
1775447679655,key-48,169
1775447679658,key-4,158
1775447679658,key-39,662
1775447679658,key-48,172
1775447679659,key-34,222
1775447679659,key-50,1208
1775447679661,key-1,517
1775447679662,key-21,336
1775447679664,key-4,164
1775447679665,key-49,207
1775447679669,key-34,232
1775447679674,key-29,678
1775447679685,key-22,1647
1775447679685,key-8,2212
1775447679686,key-22,1648
1775447679687,key-42,3504
1775447679695,key-44,185
1775447679699,key-22,1661
1775447679701,key-11,340
1775447679703,key-18,4404
1775447679706,key-43,355
1775447679708,key-42,3525
1775447679710,key-41,404
1775447679711,key-23,257
1775447679712,key-22,1674
1775447679712,key-43,361
1775447679712,key-23,258
1775447679713,key-17,1525
1775447679713,key-46,182
1775447679713,key-43,362
1775447679713,key-8,2240
1775447679713,key-14,1244
1775447679715,key-22,1677
1775447679720,key-42,3537
1775447679722,key-13,3046
1775447679722,key-34,285
1775447679722,key-18,4423
1775447679724,key-22,1686
1775447679727,key-21,401
1775447679729,key-41,423
1775447679730,key-42,3547
1775447679730,key-22,1692
1775447679732,key-34,295
1775447679734,key-41,428
1775447679734,key-44,224
1775447679738,key-30,2564
1775447679739,key-14,1270
1775447679740,key-13,3064
1775447679742,key-22,1704
1775447679742,key-44,232
1775447679742,key-45,186
1775447679746,key-11,385
1775447679749,key-14,180
1775447679750,key-22,1712
1775447679752,key-6,1246
1775447679762,key-43,411
1775447679763,key-30,2589
1775447679763,key-9,207
1775447679766,key-49,308
1775447679766,key-14,168
1775447679766,key-47,800
1775447679767,key-39,770
1775447679767,key-1,623
1775447679770,key-47,804
1775447679770,key-3,668
1775447679771,key-46,240
1775447679774,key-1,630
1775447679774,key-12,440
1775447679774,key-23,320
1775447679776,key-43,425
1775447679776,key-30,2602
1775447679785,key-19,646
1775447679785,key-3,683
1775447679785,key-30,2611
1775447679789,key-14,177
1775447679791,key-7,1016
1775447679792,key-31,1262
1775447679804,key-27,177
1775447679806,key-41,500
1775447679807,key-28,1238
1775447679807,key-17,1619
1775447679810,key-30,2636
1775447679813,key-43,462
1775447679814,key-7,1039
1775447679814,key-10,781
1775447679814,key-38,444
1775447679815,key-31,1285
1775447679815,key-4,315
1775447679826,key-21,500
1775447679827,key-50,1376
1775447679829,key-1,685
1775447679829,key-10,796
1775447679829,key-4,329
1775447679833,key-4,333
1775447679835,key-40,433
1775447679840,key-43,489
1775447679840,key-50,1389
1775447679841,key-39,845
1775447679844,key-42,3661
1775447679844,key-3,742
1775447679845,key-18,4546
1775447679851,key-28,1282
1775447679852,key-43,501
1775447679853,key-28,1284
1775447679857,key-4,357
1775447679864,key-7,1089
1775447679867,key-22,1829
1775447679868,key-48,382
1775447679872,key-41,566
1775447679874,key-34,336
1775447679874,key-5,409
1775447679875,key-46,344
1775447679876,key-35,936
1775447679876,key-23,422
1775447679877,key-46,346
1775447679886,key-41,580
1775447679890,key-43,539
1775447679890,key-29,894
1775447679894,key-30,2720
1775447679895,key-34,357
1775447679897,key-46,366
1775447679898,key-13,3222
1775447679901,key-44,391
1775447679901,key-41,595
1775447679903,key-30,2729
1775447679903,key-45,347
1775447679905,key-22,1867
1775447679908,key-6,1402
1775447679909,key-41,603
1775447679913,key-40,511
1775447679913,key-41,607
1775447679914,key-41,608
1775447679914,key-37,525
1775447679920,key-13,3244
1775447679923,key-49,200
1775447679927,key-11,261
1775447679927,key-2,869
1775447679928,key-14,316
1775447679928,key-30,2754
1775447679934,key-43,583
1775447679936,key-44,426
1775447679936,key-43,585
1775447679938,key-12,604
1775447679938,key-40,536
1775447679939,key-21,613
1775447679939,key-3,837
1775447679941,key-13,3265
1775447679944,key-47,978
1775447679947,key-1,803
1775447679954,key-3,852
1775447679954,key-28,1385
1775447679960,key-39,964
1775447679961,key-42,3778
1775447679963,key-47,997
1775447679963,key-14,351
1775447679964,key-46,433
1775447679964,key-27,337
1775447679964,key-30,2790
1775447679964,key-38,594
1775447679965,key-38,595
1775447679965,key-39,969
1775447679966,key-17,1778
1775447679970,key-43,619
1775447679970,key-34,432
1775447679970,key-10,937
1775447679971,key-30,2797
1775447679972,key-10,939
1775447679972,key-10,939
1775447679975,key-43,624
1775447679980,key-14,368
1775447679982,key-30,2808
1775447679985,key-7,240
1775447679985,key-30,2811
1775447679989,key-47,1023
1775447679993,key-31,1463
1775447679995,key-47,1029
1775447680012,key-30,2838
1775447680013,key-43,662
1775447680014,key-23,560
1775447680018,key-50,1567
1775447680020,key-18,4721
1775447680022,key-35,1082
1775447680022,key-40,620
1775447680022,key-43,671
1775447680022,key-28,1453
1775447680023,key-46,492
1775447680023,key-38,653
1775447680024,key-7,279
1775447680024,key-12,690
1775447680024,key-28,1455
1775447680025,key-4,525
1775447680025,key-10,992
1775447680025,key-28,1456
1775447680027,key-40,625
1775447680030,key-19,891
1775447680037,key-19,898
1775447680037,key-43,686
1775447680039,key-50,1588
1775447680041,key-7,296
1775447680046,key-18,4747
1775447680046,key-28,1477
1775447680051,key-34,513
1775447680054,key-29,1058
1775447680063,key-46,208
1775447680063,key-37,674
1775447680065,key-50,1614
1775447680070,key-30,2896
1775447680072,key-3,970
1775447680072,key-4,572
1775447680072,key-30,2898
1775447680075,key-46,220
1775447680075,key-21,749
1775447680075,key-6,1569
1775447680077,key-8,200
1775447680077,key-19,938
1775447680077,key-30,2903
1775447680078,key-45,522
1775447680081,key-4,581
1775447680084,key-14,472
1775447680085,key-45,529
1775447680090,key-41,784
1775447680095,key-49,372
1775447680097,key-22,2059
1775447680099,key-15,329
1775447680102,key-37,713
1775447680102,key-13,3426
1775447680105,key-37,716
1775447680105,key-11,439
1775447680105,key-14,493
1775447680105,key-7,360
1775447680107,key-2,1049
1775447680111,key-13,3435
1775447680116,key-12,782
1775447680116,key-43,765
1775447680123,key-21,797
1775447680123,key-8,246
1775447680124,key-25,1452
1775447680124,key-46,269
1775447680124,key-33,867
1775447680124,key-40,722
1775447680125,key-39,1129
1775447680126,key-20,1058
1775447680135,key-11,161
1775447680138,key-46,283
1775447680141,key-10,1108
1775447680141,key-22,2103
1775447680141,key-17,1953
1775447680141,key-10,1108
1775447680146,key-13,3470
1775447680148,key-43,797
1775447680149,key-44,163
1775447680149,key-11,175
1775447680150,key-44,640
1775447680154,key-31,1624
1775447680154,key-41,848
1775447680172,key-21,846
1775447680174,key-14,562
1775447680179,key-43,828
1775447680180,key-11,206
1775447680180,key-30,199
1775447680181,key-44,195
1775447680181,key-30,200
1775447680182,key-28,1613
1775447680182,key-50,1731
1775447680182,key-30,201
1775447680182,key-31,1652
1775447680182,key-40,780
1775447680183,key-34,645
1775447680183,key-9,627
1775447680185,key-30,204
1775447680190,key-12,856
1775447680191,key-34,653
1775447680198,key-38,828
1775447680199,key-33,942
1775447680201,key-19,1062
1775447680202,key-43,851
1775447680202,key-23,168
1775447680202,key-7,457
1775447680203,key-19,1064
1775447680230,key-38,860
1775447680271,key-4,314
1775447680271,key-16,2504
1775447680272,key-40,219
1775447680272,key-41,966
1775447680272,key-18,4973
1775447680273,key-19,1134
1775447680273,key-43,220
1775447680273,key-43,220
1775447680273,key-50,1822
1775447680273,key-4,316
1775447680274,key-43,221
1775447680274,key-12,940
1775447680274,key-20,1206
1775447680274,key-3,1172
1775447680274,key-14,662
1775447680275,key-49,552
1775447680275,key-27,249
1775447680276,key-3,1174
1775447680277,key-1,1133
1775447680277,key-36,1533
1775447680278,key-18,4979
1775447680279,key-3,1177
1775447680280,key-41,974
1775447680280,key-21,954
1775447680280,key-50,1829
1775447680280,key-15,510
1775447680322,key-20,1254
1775447680322,key-37,933
1775447680323,key-22,2285
1775447680323,key-4,366
1775447680323,key-25,1651
1775447680324,key-23,290
1775447680325,key-40,272
1775447680325,key-20,1257
1775447680325,key-37,936
1775447680325,key-46,470
1775447680325,key-43,272
1775447680325,key-15,555
1775447680326,key-40,273
1775447680326,key-3,1224
1775447680326,key-13,227
1775447680327,key-29,1331
1775447680328,key-2,1270
1775447680328,key-22,2290
1775447680328,key-30,347
1775447680328,key-39,1332
1775447680328,key-5,863
1775447680329,key-8,275
1775447680330,key-47,383
1775447680330,key-37,941
1775447680330,key-13,231
1775447680369,key-30,388
1775447680369,key-39,1373
1775447680370,key-46,515
1775447680371,key-30,390
1775447680372,key-33,1115
1775447680372,key-33,1115
1775447680379,key-43,326
1775447680380,key-10,1347
1775447680383,key-49,660
1775447680384,key-14,772
1775447680384,key-50,1933
1775447680385,key-33,1128
1775447680385,key-14,773
1775447680385,key-38,1015
1775447680385,key-37,257
1775447680386,key-13,287
1775447680386,key-28,1817
1775447680386,key-5,921
1775447680387,key-49,664
1775447680387,key-49,664
1775447680387,key-44,401
1775447680389,key-17,2201
1775447680389,key-44,403
1775447680429,key-34,891
1775447680430,key-31,1900
1775447680431,key-10,1398
1775447680431,key-34,893
1775447680433,key-41,303
1775447680434,key-31,1904
1775447680435,key-38,1065
1775447680435,key-50,1984
1775447680435,key-50,1984
1775447680440,key-9,884
1775447680440,key-33,1183
1775447680440,key-21,1114
1775447680441,key-28,1872
1775447680442,key-30,461
1775447680446,key-38,1076
1775447680446,key-19,1307
1775447680447,key-1,1303
1775447680447,key-34,909
1775447680447,key-9,891
1775447680447,key-12,1113
1775447680448,key-15,678
1775447680450,key-3,1348
1775447680450,key-3,1348
1775447680451,key-49,728
1775447680464,key-27,438
1775447680485,key-19,1346
1775447680486,key-3,1384
1775447680486,key-7,741
1775447680487,key-48,1001
1775447680488,key-14,876
1775447680488,key-38,1118
1775447680488,key-4,531
1775447680490,key-37,362
1775447680492,key-20,1424
1775447680492,key-3,1390
1775447680493,key-15,723
1775447680493,key-27,467
1775447680493,key-32,2905
1775447680493,key-20,1425
1775447680493,key-1,1349
1775447680493,key-37,365
1775447680494,key-5,1029
1775447680494,key-49,771
1775447680494,key-40,441
1775447680494,key-34,956
1775447680494,key-21,1168
1775447680499,key-29,1503
1775447680499,key-23,465
1775447680499,key-30,518
1775447680500,key-18,5201
1775447680501,key-43,448
1775447680501,key-12,1167
1775447680501,key-49,778
1775447680502,key-15,732
1775447680504,key-22,221
1775447680511,key-31,1981
1775447680513,key-39,327
1775447680515,key-48,168
1775447680517,key-30,536
1775447680523,key-2,1465
1775447680523,key-5,1058
1775447680523,key-28,1954
1775447680526,key-22,243
1775447680526,key-8,472
1775447680526,key-1,1382
1775447680539,key-21,1213
1775447680542,key-39,356
1775447680542,key-43,489
1775447680542,key-22,259
1775447680544,key-28,1975
1775447680544,key-38,1174
1775447680544,key-35,181
1775447680550,key-35,162
1775447680550,key-49,827
1775447680550,key-10,1517
1775447680552,key-17,2364
1775447680552,key-31,2022
1775447680560,key-11,586
1775447680565,key-5,1100
1775447680566,key-38,1196
1775447680567,key-37,439
1775447680568,key-21,1242
1775447680574,key-13,411
1775447680575,key-19,182
1775447680576,key-49,853
1775447680577,key-31,2047
1775447680582,key-11,608
1775447680584,key-33,1327
1775447680585,key-49,862
1775447680588,key-44,232
1775447680589,key-29,1593
1775447680593,key-31,2063
1775447680593,key-44,237
1775447680595,key-33,1338
1775447680597,key-20,184
1775447680612,key-17,2424
1775447680612,key-13,449
1775447680618,key-19,225
1775447680618,key-19,225
1775447680618,key-49,895
1775447680621,key-38,1251
1775447680623,key-28,2054
1775447680623,key-14,293
1775447680623,key-36,1879
1775447680626,key-11,652
1775447680630,key-28,2061
1775447680631,key-16,2864
1775447680631,key-9,1075
1775447680634,key-19,241
1775447680635,key-12,1301
1775447680635,key-38,1265
1775447680635,key-36,1891
1775447680641,key-28,2072
1775447680649,key-27,292
1775447680660,key-28,2091
1775447680660,key-34,1122
1775447680664,key-31,2134
1775447680667,key-23,633
1775447680667,key-21,1341
1775447680667,key-29,1671
1775447680670,key-5,256
1775447680672,key-34,154
1775447680673,key-7,928
1775447680673,key-46,818
1775447680674,key-3,1572
1775447680675,key-39,489
1775447680677,key-15,907
1775447680677,key-34,159
1775447680681,key-30,700
1775447680682,key-9,1126
1775447680685,key-29,1689
1775447680685,key-5,271
1775447680686,key-49,963
1775447680686,key-15,916
1775447680688,key-15,918
1775447680690,key-49,967
1775447680691,key-13,528
1775447680691,key-34,173
1775447680691,key-20,278
1775447680692,key-39,506
1775447680694,key-23,660
1775447680694,key-15,924
1775447680694,key-47,747
1775447680698,key-43,645
1775447680701,key-2,255
1775447680701,key-27,344
1775447680701,key-45,227
1775447680702,key-21,1376
1775447680706,key-38,1336
1775447680712,key-24,686
1775447680713,key-10,1680
1775447680716,key-21,1390
1775447680716,key-48,369
1775447680717,key-22,434
1775447680722,key-38,1352
1775447680724,key-21,1398
1775447680724,key-43,671
1775447680725,key-12,1391
1775447680725,key-14,395
1775447680726,key-23,692
1775447680728,key-41,164
1775447680729,key-38,1359
1775447680732,key-14,402
1775447680734,key-28,2165
1775447680734,key-16,157
1775447680737,key-14,407
1775447680741,key-14,411
1775447680742,key-49,1019
1775447680742,key-30,761
1775447680746,key-1,1602
1775447680748,key-7,1003
1775447680749,key-44,393
1775447680749,key-28,2180
1775447680752,key-34,234
1775447680752,key-25,2080
1775447680754,key-38,1384
1775447680760,key-49,1037
1775447680760,key-11,786
1775447680761,key-44,405
1775447680770,key-44,414
1775447680770,key-37,642
1775447680770,key-21,1444
1775447680773,key-13,610
1775447680781,key-19,171
1775447680781,key-27,424
1775447680781,key-35,393
1775447680786,key-38,1416
1775447680786,key-28,2217
1775447680788,key-19,178
1775447680789,key-17,367
1775447680789,key-30,247
1775447680789,key-25,2117
1775447680797,key-11,823
1775447680799,key-41,235
1775447680799,key-28,2230
1775447680799,key-19,189
1775447680800,key-42,4617
1775447680800,key-19,190
1775447680806,key-27,449
1775447680806,key-36,191
1775447680814,key-46,959
1775447680814,key-38,1444
1775447680817,key-36,202
1775447680817,key-30,168
1775447680818,key-28,2249
1775447680821,key-19,211
1775447680821,key-9,1265
1775447680825,key-27,468
1775447680830,key-40,172
1775447680831,key-44,475
1775447680834,key-35,446
1775447680834,key-13,671
1775447680844,key-45,160
1775447680850,key-5,436
1775447680850,key-20,437
1775447680852,key-23,818
1775447680852,key-15,1082
1775447680856,key-36,241
1775447680857,key-29,1861
1775447680863,key-27,506
1775447680863,key-23,829
1775447680864,key-38,1494
1775447680864,key-13,701
1775447680865,key-39,679
1775447680865,key-2,419
1775447680868,key-21,1542
1775447680872,key-15,1102
1775447680873,key-20,460
1775447680873,key-24,847
1775447680873,key-34,355
1775447680877,key-42,4694
1775447680878,key-15,1108
1775447680883,key-21,1557
1775447680891,key-14,561
1775447680891,key-39,705
1775447680891,key-34,373
1775447680893,key-24,867
1775447680896,key-21,1570
1775447680901,key-21,1575
1775447680901,key-27,544
1775447680901,key-49,1178
1775447680903,key-35,515
1775447680914,key-31,2384
1775447680914,key-12,1580
1775447680915,key-48,568
1775447680916,key-21,1590
1775447680920,key-49,1197
1775447680920,key-41,356
1775447680921,key-48,574
1775447680924,key-38,177
1775447680926,key-2,480
1775447680932,key-38,185
1775447680964,key-38,217
1775447680965,key-34,447
1775447680966,key-14,636
1775447680967,key-34,449
1775447680973,key-11,999
1775447680978,key-37,266
1775447680980,key-14,650
1775447680985,key-30,336
1775447681000,key-18,282
1775447681000,key-35,612
1775447681000,key-37,288
1775447681000,key-22,717
1775447681001,key-35,613
1775447681001,key-13,838
1775447681002,key-38,255
1775447681002,key-21,259
1775447681002,key-46,1147
1775447681004,key-48,657
1775447681004,key-38,257
1775447681005,key-37,293
1775447681006,key-49,1283
1775447681006,key-47,1059
1775447681006,key-11,1032
1775447681007,key-28,2438
1775447681007,key-25,2335
1775447681007,key-24,981
1775447681007,key-49,1284
1775447681008,key-35,620
1775447681008,key-19,271
1775447681008,key-28,2439
1775447681009,key-19,272
1775447681009,key-48,662
1775447681014,key-30,365
1775447681057,key-34,539
1775447681057,key-1,1913
1775447681058,key-27,252
1775447681058,key-30,409
1775447681058,key-38,311
1775447681058,key-17,256
1775447681058,key-36,443
1775447681064,key-41,500
1775447681065,key-30,416
1775447681065,key-13,902
1775447681065,key-27,259
1775447681065,key-12,1731
1775447681073,key-28,2504
1775447681108,key-31,2578
1775447681108,key-36,493
1775447681109,key-38,362
1775447681109,key-24,1083
1775447681109,key-15,1339
1775447681110,key-45,426
1775447681110,key-35,722
1775447681110,key-22,827
1775447681110,key-19,373
1775447681110,key-19,373
1775447681110,key-28,2541
1775447681111,key-18,393
1775447681115,key-29,2119
1775447681115,key-34,597
1775447681115,key-39,929
1775447681115,key-38,368
1775447681116,key-8,1062
1775447681116,key-20,703
1775447681116,key-6,2610
1775447681116,key-46,1261
1775447681120,key-10,2087
1775447681155,key-27,349
1775447681155,key-12,287
1775447681156,key-15,1386
1775447681156,key-38,409
1775447681156,key-15,1386
1775447681156,key-20,743
1775447681157,key-15,1387
1775447681157,key-14,827
1775447681157,key-29,2161
1775447681159,key-7,1414
1775447681167,key-19,430
1775447681167,key-18,264
1775447681169,key-34,651
1775447681169,key-2,723
1775447681170,key-1,2026
1775447681171,key-34,653
1775447681171,key-37,459
1775447681171,key-8,1117
1775447681174,key-48,827
1775447681180,key-48,833
1775447681181,key-30,532
1775447681181,key-14,851
1775447681181,key-24,1155
1775447681182,key-24,1156
1775447681182,key-38,435
1775447681182,key-38,435
1775447681182,key-41,618
1775447681182,key-31,2652
1775447681182,key-35,794
1775447681183,key-37,165
1775447681203,key-35,815
1775447681204,key-35,816
1775447681204,key-13,1041
1775447681205,key-49,1482
1775447681206,key-2,760
1775447681206,key-7,1461
1775447681206,key-35,818
1775447681206,key-47,1259
1775447681209,key-5,795
1775447681209,key-33,1952
1775447681221,key-50,2770
1775447681221,key-8,1167
1775447681223,key-34,705
1775447681224,key-19,487
1775447681224,key-39,213
1775447681224,key-28,2655
1775447681225,key-27,419
1775447681225,key-2,779
1775447681226,key-37,208
1775447681227,key-48,880
1775447681227,key-11,1253
1775447681227,key-27,216
1775447681227,key-27,216
1775447681228,key-40,211
1775447681228,key-11,1254
1775447681228,key-49,1505
1775447681231,key-9,1675
1775447681233,key-49,1510
1775447681233,key-24,216
1775447681233,key-19,496
1775447681234,key-38,487
1775447681234,key-24,217
1775447681234,key-30,585
1775447681240,key-12,372
1775447681257,key-47,207
1775447681257,key-38,510
1775447681258,key-27,247
1775447681258,key-9,1702
1775447681258,key-28,2689
1775447681266,key-34,748
1775447681269,key-30,620
1775447681270,key-36,655
1775447681274,key-35,886
1775447681275,key-21,532
1775447681277,key-41,227
1775447681286,key-49,1563
1775447681288,key-39,277
1775447681288,key-10,2255
1775447681288,key-18,385
1775447681289,key-20,876
1775447681297,key-8,1243
1775447681298,key-18,395
1775447681301,key-28,2732
1775447681303,key-26,177
1775447681304,key-46,1449
1775447681307,key-49,1584
1775447681307,key-34,789
1775447681308,key-16,161
1775447681310,key-22,1027
1775447681310,key-24,293
1775447681310,key-22,1027
1775447681312,key-29,2316
1775447681313,key-45,629
1775447681314,key-29,2318
1775447681320,key-36,705
1775447681322,key-38,575
1775447681330,key-15,1560
1775447681331,key-16,184
1775447681338,key-48,991
1775447681343,key-38,596
1775447681344,key-46,1489
1775447681344,key-19,607
1775447681344,key-18,441
1775447681345,key-25,170
1775447681345,key-1,2201
1775447681346,key-35,958
1775447681352,key-5,938
1775447681353,key-25,178
1775447681354,key-24,337
1775447681354,key-36,739
1775447681355,key-37,337
1775447681360,key-7,1615
1775447681361,key-18,458
1775447681361,key-25,186
1775447681362,key-34,844
1775447681362,key-38,615
1775447681365,key-29,2369
1775447681373,key-24,356
1775447681374,key-5,960
1775447681374,key-35,986
1775447681374,key-24,357
1775447681387,key-35,999
1775447681388,key-21,645
1775447681388,key-14,1058
1775447681391,key-28,2822
1775447681392,key-30,743
1775447681393,key-9,1837
1775447681393,key-50,2942
1775447681398,key-2,952
1775447681399,key-49,1676
1775447681401,key-18,498
1775447681402,key-49,1679
1775447681402,key-11,1428
1775447681403,key-27,392
1775447681405,key-37,387
1775447681409,key-9,1853
1775447681409,key-27,398
1775447681416,key-30,767
1775447681417,key-38,670
1775447681417,key-12,193
1775447681417,key-27,406
1775447681422,key-38,675
1775447681422,key-11,1448
1775447681422,key-30,773
1775447681422,key-48,1075
1775447681423,key-47,373
1775447681423,key-27,412
1775447681424,key-12,200
1775447681432,key-27,421
1775447681435,key-12,211
1775447681438,key-35,1050
1775447681439,key-2,993
1775447681439,key-36,824
1775447681440,key-27,429
1775447681440,key-24,423
1775447681440,key-47,390
1775447681440,key-37,422
1775447681444,key-35,1056
1775447681445,key-38,698
1775447681446,key-27,435
1775447681447,key-45,763
1775447681451,key-49,1728
1775447681453,key-38,706
1775447681454,key-24,437
1775447681464,key-48,1117
1775447681464,key-28,2895
1775447681464,key-50,3013
1775447681468,key-40,451
1775447681468,key-24,451
1775447681474,key-18,571
1775447681474,key-30,825
1775447681482,key-20,1069
1775447681483,key-28,2914
1775447681488,key-28,2919
1775447681489,key-24,472
1775447681493,key-11,1519
1775447681494,key-34,976
1775447681496,key-26,370
1775447681496,key-8,1442
1775447681497,key-22,1214
1775447681497,key-22,1214
1775447681497,key-12,273
1775447681497,key-36,882
1775447681498,key-50,3047
1775447681500,key-36,885
1775447681500,key-31,206
1775447681503,key-19,766
1775447681507,key-8,1453
1775447681511,key-31,217
1775447681520,key-16,373
1775447681522,key-12,298
1775447681523,key-48,1176
1775447681527,key-25,352
1775447681528,key-18,625
1775447681533,key-37,163
1775447681538,key-25,363
1775447681539,key-7,1794
1775447681545,key-25,370
1775447681546,key-2,180
1775447681547,key-31,253
1775447681549,key-45,865
1775447681550,key-24,533
1775447681552,key-2,186
1775447681555,key-49,1832
1775447681555,key-24,538
1775447681555,key-34,1037
1775447681558,key-29,2562
1775447681558,key-7,1813
1775447681558,key-16,411
1775447681558,key-15,1788
1775447681559,key-10,2526
1775447681564,key-29,2568
1775447681570,key-19,833
1775447681573,key-25,398
1775447681576,key-27,565
1775447681576,key-28,3007
1775447681579,key-46,1724
1775447681586,key-7,1841
1775447681588,key-23,1554
1775447681588,key-27,577
1775447681589,key-47,539
1775447681596,key-38,849
1775447681596,key-27,585
1775447681596,key-6,3090
1775447681598,key-29,2602
1775447681599,key-9,2043
1775447681599,key-35,1211
1775447681600,key-1,2456
1775447681601,key-12,247
1775447681601,key-38,854
1775447681603,key-47,553
1775447681603,key-38,856
1775447681607,key-27,596
1775447681610,key-35,1222
1775447681613,key-36,998
1775447681613,key-27,602
1775447681615,key-38,868
1775447681619,key-24,602
1775447681619,key-27,608
1775447681620,key-47,570
1775447681624,key-10,2591
1775447681625,key-9,2069
1775447681625,key-37,255
1775447681628,key-38,881
1775447681632,key-35,1244
1775447681633,key-38,886
1775447681634,key-24,617
1775447681634,key-32,222
1775447681634,key-23,198
1775447681645,key-9,2089
1775447681646,key-28,3077
1775447681647,key-23,211
1775447681647,key-40,630
1775447681648,key-40,631
1775447681648,key-35,1260
1775447681648,key-48,198
1775447681649,key-27,638
1775447681649,key-40,632
1775447681662,key-35,1274
1775447681663,key-12,309
1775447681664,key-36,1049
1775447681664,key-22,1381
1775447681665,key-28,3096
1775447681665,key-44,175
1775447681668,key-19,931
1775447681669,key-2,303
1775447681669,key-46,1814
1775447681669,key-30,1020
1775447681675,key-48,225
1775447681676,key-8,193
1775447681685,key-26,236
1775447681686,key-11,1712
1775447681687,key-12,333
1775447681687,key-28,3118
1775447681688,key-19,951
1775447681688,key-45,160
1775447681690,key-12,336
1775447681696,key-13,199
1775447681696,key-8,174
1775447681698,key-14,1368
1775447681700,key-30,1051
1775447681702,key-31,408
1775447681706,key-1,2562
1775447681707,key-8,185
1775447681708,key-6,3202
1775447681716,key-34,239
1775447681716,key-26,267
1775447681719,key-25,544
1775447681726,key-45,198
1775447681726,key-36,1111
1775447681726,key-50,3275
1775447681727,key-24,710
1775447681728,key-34,251
1775447681733,key-14,1403
1775447681733,key-31,439
1775447681734,key-36,1119
1775447681736,key-27,725
1775447681740,key-29,2744
1775447681740,key-24,723
1775447681741,key-17,168
1775447681748,key-48,298
1775447681750,key-37,380
1775447681752,key-16,605
1775447681755,key-30,1106
1775447681756,key-47,706
1775447681757,key-31,463
1775447681759,key-47,709
1775447681759,key-27,748
1775447681763,key-12,409
1775447681764,key-11,1790
1775447681768,key-9,2212
1775447681772,key-38,1025
1775447681773,key-39,762
1775447681774,key-38,1027
1775447681776,key-27,765
1775447681781,key-35,1393
1775447681781,key-2,415
1775447681785,key-9,2229
1775447681785,key-47,735
1775447681785,key-27,774
1775447681787,key-25,612
1775447681787,key-16,640
1775447681787,key-37,417
1775447681792,key-19,1055
1775447681792,key-7,2047
1775447681792,key-6,165
1775447681796,key-38,1049
1775447681800,key-27,789
1775447681800,key-6,173
1775447681803,key-43,162
1775447681803,key-11,1829
1775447681804,key-38,1057
1775447681806,key-23,370
1775447681808,key-38,1061
1775447681810,key-37,440
1775447681810,key-38,1063
1775447681814,key-23,378
1775447681814,key-40,797
1775447681814,key-14,187
1775447681818,key-40,801
1775447681819,key-40,802
1775447681819,key-29,2823
1775447681820,key-35,1432
1775447681824,key-39,199
1775447681825,key-12,471
1775447681825,key-12,471
1775447681831,key-17,258
1775447681836,key-38,1089
1775447681838,key-39,213
1775447681842,key-12,488
1775447681847,key-19,1110
1775447681855,key-45,278
1775447681855,key-26,406
1775447681858,key-2,492
1775447681858,key-12,504
1775447681859,key-2,493
1775447681862,key-26,413
1775447681862,key-38,1115
1775447681869,key-48,419
1775447681871,key-43,230
1775447681876,key-48,426
1775447681876,key-47,826
1775447681877,key-1,2733
1775447681877,key-34,279
1775447681877,key-22,197
1775447681879,key-10,2846
1775447681879,key-37,509
1775447681883,key-35,1495
1775447681883,key-35,1495
1775447681883,key-31,589
1775447681884,key-21,159
1775447681889,key-14,262
1775447681889,key-28,3320
1775447681891,key-34,293
1775447681891,key-13,394
1775447681893,key-9,204
1775447681894,key-6,267
1775447681895,key-38,1148
1775447681899,key-28,3330
1775447681899,key-36,1284
1775447681901,key-36,1286
1775447681905,key-25,730
1775447681905,key-9,216
1775447681906,key-24,889
1775447681907,key-11,1933
1775447681907,key-2,541
1775447681907,key-27,896
1775447681913,key-8,391
1775447681917,key-13,420
1775447681917,key-45,340
1775447681921,key-37,551
1775447681921,key-31,627
1775447681924,key-15,2154
1775447681925,key-11,1951
1775447681926,key-9,237
1775447681927,key-37,557
1775447681938,key-47,888
1775447681943,key-16,796
1775447681943,key-30,1294
1775447681945,key-47,895
1775447681945,key-39,320
1775447681945,key-25,770
1775447681947,key-27,936
1775447681947,key-49,224
1775447681947,key-9,258
1775447681951,key-9,262
1775447681953,key-3,295
1775447681953,key-37,583
1775447681954,key-12,600
1775447681956,key-34,358
1775447681958,key-46,2103
1775447681958,key-49,235
1775447681965,key-18,1062
1775447681966,key-16,819
1775447681969,key-45,392
1775447681972,key-33,747
1775447681972,key-15,2202
1775447681972,key-16,825
1775447681979,key-33,754
1775447681980,key-24,963
1775447681980,key-3,322
1775447681983,key-9,294
1775447681983,key-14,356
1775447681983,key-39,157
1775447681987,key-27,976
1775447681990,key-27,979
1775447681990,key-38,1243
1775447681990,key-35,170
1775447681995,key-40,978
1775447681998,key-37,628
1775447682002,key-48,552
1775447682002,key-35,182
1775447682003,key-30,1354
1775447682004,key-40,987
1775447682005,key-27,994
1775447682013,key-16,173
1775447682015,key-11,2041
1775447682015,key-39,189
1775447682017,key-39,191
1775447682020,key-39,194
1775447682023,key-7,2278
1775447682023,key-2,657
1775447682026,key-14,399
1775447682026,key-24,190
1775447682026,key-42,190
1775447682027,key-38,1280
1775447682027,key-36,1412
1775447682038,key-23,602
1775447682038,key-50,3587
1775447682043,key-22,363
1775447682044,key-31,750
1775447682049,key-45,472
1775447682049,key-14,422
1775447682053,key-8,531
1775447682053,key-48,603
1775447682054,key-14,427
1775447682054,key-13,557
1775447682054,key-35,234
1775447682054,key-13,557
1775447682060,key-9,371
1775447682060,key-44,570
1775447682065,key-18,187
1775447682066,key-14,439
1775447682067,key-28,3498
1775447682067,key-6,167
1775447682074,key-41,1003
1775447682077,key-28,3508
1775447682079,key-13,582
1775447682079,key-13,582
1775447682080,key-27,1069
1775447682080,key-16,208
1775447682080,key-9,391
1775447682083,key-25,908
1775447682085,key-47,171
1775447682088,key-47,1038
1775447682088,key-36,1473
1775447682090,key-24,254
1775447682095,key-15,2325
1775447682095,key-15,195
1775447682095,key-18,217
1775447682099,key-12,300
1775447682100,key-47,186
1775447682100,key-31,806
1775447682102,key-37,732
1775447682112,key-1,168
1775447682112,key-38,1365
1775447682118,key-47,204
1775447682119,key-49,396
1775447682131,key-15,231
1775447682139,key-49,416
1775447682139,key-49,416
1775447682140,key-9,451
1775447682140,key-45,563
1775447682140,key-24,304
1775447682140,key-45,563
1775447682140,key-13,181
1775447682141,key-14,514
1775447682141,key-18,263
1775447682142,key-14,515
1775447682146,key-12,347
1775447682146,key-13,187
1775447682148,key-33,923
1775447682150,key-45,573
1775447682153,key-48,184
1775447682154,key-3,496
1775447682154,key-49,431
1775447682156,key-6,256
1775447682156,key-24,320
1775447682157,key-15,257
1775447682159,key-47,245
1775447682159,key-35,339
1775447682161,key-18,283
1775447682161,key-17,385
1775447682161,key-27,1150
1775447682163,key-16,291
1775447682163,key-12,364
1775447682165,key-27,1154
1775447682167,key-48,198
1775447682169,key-35,349
1775447682172,key-30,320
1775447682172,key-39,346
1775447682179,key-40,1162
1775447682184,key-6,284
1775447682184,key-18,174
1775447682187,key-18,309
1775447682189,key-48,220
1775447682189,key-37,819
1775447682191,key-18,181
1775447682191,key-11,2217
1775447682191,key-24,355
1775447682196,key-40,1179
1775447682199,key-33,974
1775447682202,key-7,2457
1775447682202,key-18,192
1775447682204,key-7,2459
1775447682204,key-42,368
1775447682207,key-33,982
1775447682216,key-3,558
1775447682216,key-8,694
1775447682218,key-13,259
1775447682220,key-27,1209
1775447682221,key-13,262
1775447682221,key-48,252
1775447682223,key-14,596
1775447682230,key-27,1219
1775447682231,key-14,604
1775447682233,key-31,939
1775447682236,key-35,416
1775447682236,key-13,277
1775447682237,key-19,355
1775447682237,key-13,278
1775447682237,key-31,943
1775447682245,key-46,2390
1775447682248,key-21,523
1775447682253,key-18,205
1775447682253,key-24,417
1775447682255,key-25,1080
1775447682258,key-15,358
1775447682258,key-46,2403
1775447682258,key-32,684
1775447682263,key-9,574
1775447682263,key-22,583
1775447682266,key-27,202
1775447682266,key-47,352
1775447682269,key-12,470
1775447682274,key-8,752
1775447682274,key-47,360
1775447682279,key-49,556
1775447682280,key-14,653
1775447682281,key-28,232
1775447682281,key-31,987
1775447682286,key-41,1215
1775447682286,key-47,372
1775447682287,key-46,2432
1775447682288,key-8,766
1775447682288,key-20,1875
1775447682294,key-15,394
1775447682298,key-24,462
1775447682299,key-49,576
1775447682300,key-13,341
1775447682303,key-12,504
1775447682307,key-43,666
1775447682307,key-14,680
1775447682307,key-41,1236
1775447682312,key-14,685
1775447682322,key-27,258
1775447682324,key-13,365
1775447682326,key-31,167
1775447682335,key-48,366
1775447682335,key-35,515
1775447682336,key-47,422
1775447682338,key-48,156
1775447682340,key-6,331
1775447682340,key-14,167
1775447682342,key-31,183
1775447682344,key-27,280
1775447682345,key-27,281
1775447682347,key-19,204
1775447682347,key-14,174
1775447682347,key-30,495
1775447682347,key-50,3896
1775447682350,key-50,3899
1775447682350,key-14,723
1775447682352,key-18,232
1775447682352,key-37,982
1775447682352,key-34,754
1775447682353,key-48,171
1775447682355,key-48,173
1775447682357,key-15,457
1775447682361,key-18,241
1775447682361,key-5,1947
1775447682362,key-48,180
1775447682363,key-12,564
1775447682364,key-14,191
1775447682364,key-18,244
1775447682365,key-11,2391
1775447682365,key-12,566
1775447682367,key-24,531
1775447682370,key-15,470
1775447682371,key-18,251
1775447682371,key-3,713
1775447682371,key-24,535
1775447682372,key-48,190
1775447682375,key-12,576
1775447682377,key-13,418
1775447682381,key-33,1156
1775447682381,key-33,1156
1775447682383,key-33,1158
1775447682383,key-18,263
1775447682386,key-40,1369
1775447682386,key-42,550
1775447682389,key-14,216
1775447682393,key-27,329
1775447682395,key-35,575
1775447682399,key-3,741
1775447682403,key-19,260
1775447682403,key-15,503
1775447682405,key-27,341
1775447682405,key-46,198
1775447682413,key-27,349
1775447682415,key-46,208
1775447682415,key-46,208
1775447682416,key-14,243
1775447682418,key-47,504
1775447682418,key-19,275
1775447682418,key-14,245
1775447682419,key-18,299
1775447682421,key-7,2676
1775447682430,key-27,366
1775447682434,key-24,598
1775447682437,key-33,1212
1775447682438,key-32,864
1775447682442,key-14,269
1775447682449,key-47,535
1775447682450,key-49,727
1775447682451,key-27,387
1775447682454,key-15,554
1775447682454,key-47,540
1775447682454,key-20,2041
1775447682455,key-49,732
1775447682458,key-4,490
1775447682458,key-8,936
1775447682459,key-27,395
1775447682459,key-33,1234
1775447682463,key-50,4012
1775447682464,key-47,550
1775447682473,key-31,314
1775447682474,key-47,560
1775447682477,key-24,641
1775447682478,key-46,271
1775447682485,key-31,326
1775447682490,key-12,691
1775447682494,key-35,674
1775447682494,key-32,920
1775447682498,key-46,291
1775447682498,key-12,699
1775447682498,key-22,351
1775447682505,key-7,2760
1775447682508,key-49,785
1775447682518,key-31,359
1775447682519,key-46,173
1775447682521,key-14,348
1775447682522,key-14,349
1775447682527,key-18,407
1775447682527,key-12,170
1775447682527,key-46,160
1775447682528,key-46,321
1775447682528,key-34,930
1775447682531,key-13,572
1775447682535,key-13,576
1775447682536,key-9,847
1775447682537,key-8,1015
1775447682538,key-24,702
1775447682540,key-3,882
1775447682541,key-12,184
1775447682541,key-10,3508
1775447682543,key-40,1526
1775447682544,key-24,708
1775447682544,key-5,2130
1775447682545,key-33,1320
1775447682545,key-18,425
1775447682545,key-18,425
1775447682545,key-42,709
1775447682545,key-12,188
1775447682547,key-14,374
1775447682549,key-50,4098
1775447682549,key-14,376
1775447682550,key-40,1533
1775447682550,key-42,714
1775447682551,key-33,1326
1775447682552,key-33,1327
1775447682555,key-27,491
1775447682559,key-48,277
1775447682560,key-33,1335
1775447682561,key-35,161
1775447682563,key-3,905
1775447682563,key-33,1338
1775447682565,key-19,422
1775447682570,key-20,2157
1775447682571,key-15,671
1775447682573,key-12,216
1775447682573,key-35,173
1775447682578,key-35,178
1775447682579,key-46,212
1775447682588,key-7,2843
1775447682588,key-14,415
1775447682589,key-27,525
1775447682589,key-46,222
1775447682591,key-33,1366
1775447682593,key-18,473
1775447682595,key-2,1229
1775447682595,key-5,2181
1775447682596,key-46,229
1775447682599,key-27,535
1775447682603,key-27,539
1775447682603,key-24,767
1775447682605,key-10,189
1775447682605,key-49,882
1775447682606,key-24,770
1775447682606,key-27,542
1775447682608,key-15,708
1775447682610,key-19,467
1775447682610,key-32,1036
1775447682610,key-24,774
1775447682610,key-14,437
1775447682613,key-36,157
1775447682615,key-20,2202
1775447682620,key-2,1254
1775447682622,key-27,558
1775447682630,key-49,907
1775447682631,key-3,973
1775447682635,key-19,492
1775447682646,key-20,169
1775447682648,key-31,489
1775447682648,key-47,734
1775447682649,key-36,193
1775447682653,key-8,1131
1775447682655,key-4,687
1775447682656,key-32,1082
1775447682660,key-47,746
1775447682660,key-8,1138
1775447682662,key-47,748
1775447682664,key-25,1489
1775447682664,key-20,187
1775447682664,key-22,517
1775447682677,key-22,530
1775447682677,key-31,518
1775447682677,key-47,763
1775447682678,key-44,249
1775447682691,key-12,334
1775447682696,key-48,414
1775447682697,key-22,550
1775447682697,key-12,340
1775447682697,key-8,1175
1775447682698,key-9,185
1775447682699,key-48,417
1775447682700,key-12,343
1775447682705,key-31,546
1775447682705,key-24,869
1775447682707,key-33,1482
1775447682711,key-1,767
1775447682715,key-24,879
1775447682717,key-48,435
1775447682717,key-46,350
1775447682718,key-33,1493
1775447682719,key-3,1061
1775447682719,key-42,267
1775447682719,key-33,1494
1775447682723,key-18,603
1775447682724,key-40,1707
1775447682727,key-20,250
1775447682728,key-32,1154
1775447682728,key-4,760
1775447682729,key-50,4278
1775447682729,key-33,1504
1775447682729,key-19,586
1775447682730,key-35,330
1775447682734,key-33,1509
1775447682741,key-43,232
1775447682741,key-6,732
1775447682741,key-33,1516
1775447682742,key-15,842
1775447682743,key-40,1726
1775447682746,key-14,573
1775447682746,key-37,365
1775447682746,key-7,157
1775447682748,key-46,381
1775447682750,key-7,161
1775447682750,key-46,383
1775447682753,key-7,164
1775447682756,key-18,636
1775447682758,key-7,169
1775447682758,key-38,2011
1775447682758,key-7,169
1775447682760,key-35,360
1775447682764,key-46,397
1775447682769,key-19,626
1775447682769,key-48,487
1775447682771,key-14,598
1775447682774,key-24,938
1775447682774,key-14,601
1775447682775,key-24,939
1775447682777,key-49,1054
1775447682779,key-27,715
1775447682779,key-27,715
1775447682784,key-15,884
1775447682784,key-36,328
1775447682784,key-32,1210
1775447682789,key-10,220
1775447682796,key-18,171
1775447682800,key-49,1077
1775447682800,key-24,964
1775447682800,key-7,211
1775447682801,key-4,833
1775447682801,key-20,324
1775447682801,key-35,401
1775447682802,key-46,435
1775447682802,key-21,1077
1775447682804,key-49,1081
1775447682808,key-2,1442
1775447682812,key-16,940
1775447682818,key-36,362
1775447682820,key-49,1097
1775447682820,key-10,251
1775447682824,key-17,184
1775447682825,key-27,761
1775447682825,key-47,911
1775447682831,key-8,1309
1775447682831,key-47,917
1775447682834,key-16,962
1775447682836,key-23,1400
1775447682837,key-8,1315
1775447682838,key-8,1316
1775447682838,key-50,258
1775447682852,key-25,1677
1775447682853,key-47,939
1775447682853,key-3,1195
1775447682853,key-10,194
1775447682853,key-35,453
1775447682853,key-25,1678
1775447682855,key-43,346
1775447682859,key-10,224
1775447682862,key-33,1637
1775447682866,key-47,952
1775447682868,key-24,1032
1775447682870,key-24,1034
1775447682874,key-1,930
1775447682876,key-46,509
1775447682878,key-18,253
1775447682883,key-33,1658
1775447682883,key-3,1225
1775447682885,key-33,1660
1775447682887,key-7,275
1775447682889,key-4,921
1775447682891,key-8,1369
1775447682891,key-33,1666
1775447682896,key-18,271
1775447682901,key-1,162
1775447682903,key-10,244
1775447682903,key-4,935
1775447682903,key-33,1678
1775447682905,key-35,505
1775447682907,key-6,898
1775447682907,key-42,455
1775447682910,key-39,579
1775447682913,key-46,546
1775447682919,key-40,1902
1775447682919,key-7,183
1775447682921,key-46,554
1775447682922,key-37,541
1775447682924,key-44,495
1775447682926,key-46,559
1775447682927,key-8,1405
1775447682927,key-7,191
1775447682929,key-40,163
1775447682934,key-40,168
1775447682934,key-27,192
1775447682935,key-24,1099
1775447682936,key-27,194
1775447682938,key-22,372
1775447682939,key-38,2192
1775447682942,key-24,1106
1775447682942,key-41,167
1775447682943,key-46,576
1775447682944,key-5,2530
1775447682947,key-42,495
1775447682948,key-4,980
1775447682950,key-43,441
1775447682952,key-32,162
1775447682952,key-48,670
1775447682953,key-27,211
1775447682953,key-15,156
1775447682955,key-33,1730
1775447682958,key-35,558
1775447682965,key-32,175
1775447682971,key-48,689
1775447682972,key-7,236
1775447682973,key-15,175
1775447682973,key-16,1101
1775447682975,key-33,1750
1775447682977,key-33,179
1775447682977,key-14,804
1775447682977,key-32,187
1775447682981,key-46,614
1775447682982,key-7,246
1775447682991,key-47,1077
1775447682992,key-35,592
1775447682992,key-49,1269
1775447683003,key-36,254
1775447683003,key-38,2256
1775447683006,key-43,497
1775447683007,key-10,348
1775447683007,key-50,427
1775447683008,key-13,190
1775447683008,key-47,1094
1775447683008,key-21,1283
1775447683012,key-25,1837
1775447683012,key-43,503
1775447683017,key-10,358
1775447683018,key-43,509
1775447683021,key-2,1655
1775447683023,key-10,364
1775447683023,key-9,510
1775447683023,key-9,510
1775447683023,key-47,156
1775447683024,key-16,1152
1775447683027,key-48,745
1775447683029,key-47,162
1775447683031,key-4,1063
1775447683031,key-8,1509
1775447683032,key-24,1196
1775447683032,key-20,329
1775447683032,key-35,632
1775447683032,key-32,242
1775447683033,key-36,284
1775447683035,key-47,1121
1775447683036,key-10,377
1775447683046,key-17,406
1775447683053,key-18,428
1775447683057,key-50,477
1775447683057,key-47,179
1775447683058,key-35,658
1775447683060,key-1,321
1775447683065,key-39,734
1775447683067,key-33,269
1775447683067,key-17,427
1775447683068,key-25,1893
1775447683074,key-39,743
1775447683080,key-46,713
1775447683083,key-37,702
1775447683083,key-20,179
1775447683086,key-20,182
1775447683090,key-46,723
1775447683094,key-1,355
1775447683098,key-37,717
1775447683102,key-37,721
1775447683104,key-27,362
1775447683104,key-22,538
1775447683106,key-22,540
1775447683107,key-24,1271
1775447683116,key-18,491
1775447683118,key-4,1150
1775447683118,key-6,1109
1775447683118,key-24,1282
1775447683118,key-32,328
1775447683119,key-36,370
1775447683121,key-24,1285
1775447683124,key-38,2377
1775447683124,key-27,157
1775447683124,key-15,327
1775447683130,key-42,678
1775447683132,key-37,751
1775447683133,key-41,358
1775447683134,key-27,167
1775447683140,key-32,350
1775447683141,key-14,968
1775447683142,key-33,344
1775447683143,key-33,345
1775447683144,key-14,971
1775447683148,key-21,197
1775447683149,key-46,782
1775447683149,key-32,359
1775447683150,key-32,360
1775447683155,key-27,413
1775447683155,key-7,419
1775447683156,key-49,181
1775447683157,key-10,164
1775447683157,key-40,391
1775447683157,key-49,182
1775447683158,key-46,791
1775447683159,key-10,166
1775447683159,key-6,1150
1775447683160,key-33,362
1775447683161,key-32,371
1775447683163,key-38,195
1775447683164,key-33,366
1775447683164,key-21,213
1775447683171,key-32,381
1775447683171,key-36,422
1775447683173,key-24,1337
1775447683175,key-5,2761
1775447683177,key-25,2002
1775447683189,key-20,285
1775447683189,key-32,399
1775447683191,key-7,455
1775447683194,key-4,171
1775447683199,key-47,321
1775447683199,key-35,799
1775447683200,key-48,918
1775447683203,key-12,846
1775447683207,key-32,417
1775447683207,key-8,1685
1775447683207,key-48,925
1775447683208,key-25,2033
1775447683208,key-29,4212
1775447683208,key-39,877
1775447683215,key-48,933
1775447683215,key-29,4219
1775447683219,key-14,1046
1775447683219,key-11,158
1775447683222,key-20,318
1775447683224,key-11,163
1775447683225,key-50,645
1775447683226,key-1,191
1775447683229,key-36,480
1775447683230,key-1,195
1775447683231,key-35,831
1775447683235,key-11,174
1775447683235,key-17,595
1775447683235,key-10,242
1775447683236,key-39,905
1775447683237,key-14,1064
1775447683240,key-20,336
1775447683240,key-46,873
1775447683246,key-11,185
1775447683247,key-39,916
1775447683247,key-27,280
1775447683250,key-12,893
1775447683252,key-10,259
1775447683256,key-47,378
1775447683257,key-1,222
1775447683258,key-43,749
1775447683261,key-46,894
1775447683267,key-8,1745
1775447683267,key-36,518
1775447683274,key-25,2099
1775447683274,key-39,943
1775447683275,key-11,214
1775447683276,key-27,309
1775447683276,key-29,4280
1775447683278,key-25,2103
1775447683280,key-37,324
1775447683282,key-44,321
1775447683295,key-6,1286
1775447683297,key-41,269
1775447683298,key-41,270
1775447683304,key-27,337
1775447683305,key-24,211
1775447683314,key-22,748
1775447683314,key-42,862
1775447683314,key-7,578
1775447683315,key-14,1142
1775447683315,key-21,364
1775447683315,key-41,287
1775447683315,key-32,525
1775447683319,key-48,1037
1775447683321,key-25,2146
1775447683322,key-32,532
1775447683323,key-7,587
1775447683323,key-8,159
1775447683331,key-20,427
1775447683332,key-49,357
1775447683333,key-33,535
1775447683333,key-46,966
1775447683333,key-46,966
1775447683334,key-40,371
1775447683334,key-37,378
1775447683337,key-49,362
1775447683337,key-33,539
1775447683340,key-24,246
1775447683345,key-29,4349
1775447683346,key-21,395
1775447683348,key-45,1771
1775447683348,key-5,2934
1775447683348,key-25,2173
1775447683348,key-41,320
1775447683353,key-36,604
1775447683355,key-4,332
1775447683358,key-33,560
1775447683359,key-48,1077
1775447683366,key-10,373
1775447683367,key-48,1085
1775447683368,key-15,188
1775447683369,key-25,2194
1775447683374,key-48,1092
1775447683375,key-32,585
1775447683376,key-18,751
1775447683385,key-16,1513
1775447683386,key-25,2211
1775447683388,key-33,590
1775447683389,key-32,599
1775447683389,key-36,640
1775447683389,key-17,167
1775447683390,key-31,164
1775447683394,key-3,201
1775447683394,key-9,182
1775447683394,key-49,419
1775447683399,key-1,364
1775447683399,key-17,177
1775447683399,key-31,173
1775447683399,key-38,431
1775447683400,key-11,339
1775447683404,key-10,411
1775447683407,key-33,609
1775447683408,key-38,440
1775447683410,key-39,291
1775447683410,key-31,184
1775447683414,key-45,186
1775447683417,key-6,1408
1775447683420,key-35,1020
1775447683420,key-11,359
1775447683423,key-10,430
1775447683423,key-35,1023
1775447683423,key-1,388
1775447683429,key-11,368
1775447683430,key-46,1063
1775447683431,key-16,1559
1775447683433,key-25,2258
1775447683436,key-11,375
1775447683436,key-40,473
1775447683442,key-12,159
1775447683442,key-40,479
1775447683445,key-30,1593
1775447683450,key-49,475
1775447683450,key-50,870
1775447683452,key-45,224
1775447683454,key-29,4458
1775447683454,key-14,1281
1775447683456,key-34,1858
1775447683457,key-36,708
1775447683457,key-14,1284
1775447683459,key-8,295
1775447683462,key-24,368
1775447683464,key-11,403
1775447683468,key-22,902
1775447683472,key-32,214
1775447683473,key-32,215
1775447683473,key-41,445
1775447683474,key-39,355
1775447683475,key-27,508
1775447683476,key-37,520
1775447683476,key-26,2027
1775447683486,key-24,392
1775447683486,key-32,170
1775447683487,key-39,368
1775447683494,key-49,519
1775447683494,key-36,745
1775447683494,key-46,1127
1775447683498,key-20,199
1775447683498,key-41,470
1775447683501,key-37,545
1775447683503,key-46,1136
1775447683505,key-32,189
1775447683508,key-46,1141
1775447683509,key-25,2334
1775447683513,key-2,2147
1775447683513,key-6,1504
1775447683513,key-25,2338
1775447683516,key-49,541
1775447683516,key-4,158
1775447683520,key-20,221
1775447683522,key-37,566
1775447683522,key-25,2347
1775447683530,key-45,302
1775447683531,key-39,412
1775447683535,key-4,177
1775447683536,key-46,1169
1775447683542,key-48,1260
1775447683545,key-15,365
1775447683546,key-41,518
1775447683546,key-25,2371
1775447683547,key-1,157
1775447683548,key-34,1950
1775447683549,key-19,299
1775447683554,key-38,586
1775447683557,key-50,183
1775447683560,key-41,532
1775447683562,key-17,340
1775447683563,key-1,173
1775447683563,key-1,173
1775447683564,key-28,1305
1775447683564,key-26,2115
1775447683564,key-4,206
1775447683565,key-31,339
1775447683567,key-47,689
1775447683567,key-38,599
1775447683567,key-11,506
1775447683571,key-3,158
1775447683573,key-23,2137
1775447683576,key-10,583
1775447683576,key-39,457
1775447683576,key-35,1176
1775447683577,key-4,219
1775447683578,key-10,585
1775447683578,key-11,517
1775447683586,key-17,364
1775447683586,key-14,1413
1775447683587,key-17,365
1775447683587,key-15,407
1775447683587,key-48,1305
1775447683590,key-33,792
1775447683590,key-10,597
1775447683591,key-3,178
1775447683595,key-35,1195
1775447683604,key-11,543
1775447683606,key-33,808
1775447683608,key-49,633
1775447683610,key-10,617
1775447683611,key-11,550
1775447683618,key-16,1746
1775447683629,key-40,666
1775447683629,key-30,199
1775447683629,key-2,2263
1775447683630,key-12,347
1775447683631,key-37,675
1775447683634,key-3,221
1775447683634,key-21,683
1775447683634,key-38,666
1775447683639,key-10,646
1775447683643,key-37,687
1775447683645,key-6,1636
1775447683646,key-14,1473
1775447683646,key-1,256
1775447683648,key-32,332
1775447683649,key-27,682
1775447683653,key-27,686
1775447683654,key-49,679
1775447683655,key-20,356
1775447683661,key-50,287
1775447683661,key-49,686
1775447683664,key-39,545
1775447683665,key-30,235
1775447683666,key-14,1493
1775447683666,key-8,178
1775447683666,key-5,3252
1775447683667,key-39,548
1775447683673,key-25,2498
1775447683675,key-32,359
1775447683675,key-32,359
1775447683676,key-20,377
1775447683676,key-2,2310
1775447683679,key-49,704
1775447683679,key-32,363
1775447683679,key-25,2504
1775447683680,key-45,452
1775447683682,key-32,366
1775447683685,key-20,386
1775447683685,key-25,2510
1775447683687,key-32,371
1775447683688,key-24,594
1775447683697,key-41,669
1775447683699,key-32,383
1775447683702,key-39,583
1775447683702,key-25,2527
1775447683705,key-39,586
1775447683705,key-16,1833
1775447683705,key-49,730
1775447683705,key-25,2530
1775447683707,key-32,391
1775447683711,key-26,2262
1775447683714,key-41,686
1775447683714,key-18,239
1775447683716,key-41,688
1775447683718,key-48,1436
1775447683718,key-34,2120
1775447683720,key-50,346
1775447683726,key-24,632
1775447683729,key-26,2280
1775447683731,key-39,612
1775447683738,key-1,348
1775447683740,key-38,772
1775447683745,key-47,867
1775447683746,key-14,1573
1775447683746,key-32,430
1775447683751,key-10,758
1775447683753,key-42,1301
1775447683754,key-17,532
1775447683755,key-15,575
1775447683758,key-25,160
1775447683759,key-48,1477
1775447683762,key-48,1480
1775447683763,key-44,802
1775447683764,key-17,542
1775447683770,key-11,709
1775447683771,key-43,1262
1775447683772,key-33,974
1775447683772,key-3,359
1775447683775,key-10,782
1775447683775,key-46,1408
1775447683780,key-12,171
1775447683781,key-11,720
1775447683786,key-31,560
1775447683786,key-49,811
1775447683786,key-3,373
1775447683786,key-33,988
1775447683786,key-30,175
1775447683798,key-35,232
1775447683802,key-5,3388
1775447683803,key-35,237
1775447683803,key-2,2437
1775447683805,key-32,489
1775447683805,key-40,842
1775447683805,key-30,194
1775447683807,key-27,840
1775447683808,key-31,582
1775447683808,key-39,689
1775447683810,key-38,842
1775447683814,key-27,847
1775447683814,key-25,216
1775447683814,key-27,847
1775447683815,key-40,852
1775447683820,key-37,864
1775447683826,key-35,260
1775447683828,key-31,602
1775447683831,key-48,1549
1775447683831,key-33,1033
1775447683832,key-20,533
1775447683833,key-10,840
1775447683835,key-11,774
1775447683837,key-14,1664
1775447683837,key-9,625
1775447683837,key-21,886
1775447683841,key-8,353
1775447683843,key-49,868
1775447683843,key-32,527
1775447683843,key-24,749
1775447683844,key-39,725
1775447683847,key-44,158
1775447683849,key-5,3435
1775447683850,key-32,534
1775447683850,key-8,362
1775447683855,key-1,465
1775447683858,key-31,632
1775447683859,key-16,1987
1775447683861,key-16,1989
1775447683862,key-44,173
1775447683867,key-32,551
1775447683870,key-26,2421
1775447683871,key-25,273
1775447683871,key-39,752
1775447683872,key-6,1863
1775447683872,key-21,921
1775447683872,key-26,2423
1775447683872,key-13,1054
1775447683872,key-31,646
1775447683875,key-41,847
1775447683878,key-48,1596
1775447683885,key-49,910
1775447683885,key-24,791
1775447683890,key-36,1141
1775447683895,key-24,801
1775447683898,key-5,3484
1775447683900,key-18,425
1775447683900,key-25,302
1775447683907,key-32,591
1775447683908,key-41,880
1775447683911,key-24,817
1775447683912,key-17,690
1775447683913,key-10,166
1775447683915,key-10,168
1775447683916,key-32,600
1775447683917,key-18,442
1775447683919,key-36,1170
1775447683922,key-49,947
1775447683924,key-24,830
1775447683926,key-17,704
1775447683930,key-26,2481
1775447683932,key-48,1650
1775447683932,key-23,2496
1775447683933,key-14,1760
1775447683933,key-25,335
1775447683934,key-44,245
1775447683941,key-49,162
1775447683942,key-33,1144
1775447683942,key-43,1433
1775447683942,key-49,163
1775447683948,key-19,432
1775447683950,key-32,634
1775447683950,key-40,156
1775447683951,key-46,1584
1775447683959,key-3,546
1775447683959,key-35,282
1775447683960,key-31,734
1775447683962,key-10,215
1775447683962,key-10,215
1775447683963,key-49,184
1775447683964,key-30,353
1775447683966,key-11,905
1775447683966,key-35,289
1775447683971,key-7,379
1775447683985,key-20,179
1775447683987,key-5,168
1775447683987,key-27,1020
1775447683988,key-38,1020
1775447683989,key-42,323
1775447683992,key-30,381
1775447683994,key-33,1196
1775447683994,key-21,1043
1775447684000,key-27,1033
1775447684001,key-20,163
1775447684002,key-36,1253
1775447684004,key-11,943
1775447684005,key-5,186
1775447684010,key-26,2561
1775447684011,key-24,917
1775447684012,key-33,1214
1775447684013,key-24,919
1775447684015,key-33,1217
1775447684028,key-8,540
1775447684029,key-31,803
1775447684029,key-21,1078
1775447684032,key-32,716
1775447684037,key-30,426
1775447684038,key-40,244
1775447684040,key-13,267
1775447684041,key-48,181
1775447684041,key-16,2169
1775447684043,key-1,653
1775447684043,key-30,432
1775447684045,key-26,2596
1775447684045,key-8,557
1775447684048,key-31,822
1775447684051,key-10,304
1775447684054,key-18,579
1775447684054,key-41,1026
1775447684056,key-12,447
1775447684056,key-4,698
1775447684057,key-36,1308
1775447684057,key-25,459
1775447684057,key-18,582
1775447684057,key-9,845
1775447684060,key-6,2051
1775447684060,key-37,1104
1775447684060,key-44,371
1775447684065,key-19,549
1775447684065,key-18,590
1775447684065,key-32,749
1775447684067,key-14,1894
1775447684078,key-24,984
1775447684079,key-35,402
1775447684080,key-43,1571
1775447684081,key-24,987
1775447684082,key-24,988
1775447684082,key-46,1715
1775447684083,key-11,1022
1775447684089,key-36,1340
1775447684089,key-23,2653
1775447684090,key-32,774
1775447684091,key-1,701
1775447684094,key-1,704
1775447684095,key-36,1346
1775447684097,key-17,875
1775447684097,key-32,781
1775447684098,key-18,623
1775447684099,key-23,2663
1775447684104,key-10,357
1775447684105,key-48,245
1775447684108,key-46,1741
1775447684108,key-24,1014
1775447684111,key-22,177
1775447684113,key-2,420
1775447684117,key-5,298
1775447684118,key-25,184
1775447684118,key-44,429
1775447684120,key-3,707
1775447684123,key-44,434
1775447684125,key-31,899
1775447684127,key-10,380
1775447684131,key-48,271
1775447684140,key-30,529
1775447684143,key-39,1024
1775447684144,key-11,1083
1775447684144,key-35,467
1775447684145,key-30,534
1775447684145,key-10,398
1775447684146,key-14,1973
1775447684147,key-16,2275
1775447684148,key-49,369
1775447684150,key-35,473
1775447684157,key-13,182
1775447684162,key-30,551
1775447684162,key-2,166
1775447684163,key-33,1365
1775447684165,key-3,752
1775447684165,key-11,1104
1775447684167,key-27,1200
1775447684167,key-26,2718
1775447684169,key-40,375
1775447684176,key-10,429
1775447684182,key-1,792
1775447684184,key-42,518
1775447684186,key-27,1219
1775447684186,key-27,1219
1775447684186,key-40,392
1775447684186,key-33,157
1775447684188,key-39,1069
1775447684188,key-33,159
1775447684194,key-11,1133
1775447684196,key-48,336
1775447684210,key-1,820
1775447684211,key-6,2202
1775447684212,key-13,237
1775447684214,key-25,280
1775447684215,key-48,355
1775447684216,key-44,527
1775447684218,key-6,2209
1775447684218,key-10,471
1775447684226,key-37,1270
1775447684227,key-30,616
1775447684227,key-25,293
1775447684227,key-12,618
1775447684233,key-41,1205
1775447684234,key-30,623
1775447684236,key-34,620
1775447684236,key-36,1487
1775447684237,key-19,721
1775447684237,key-9,1025
1775447684238,key-24,1144
1775447684239,key-37,1283
1775447684244,key-9,1032
1775447684245,key-31,1019
1775447684246,key-23,2810
1775447684246,key-32,930
1775447684246,key-46,158
1775447684246,key-16,2374
1775447684249,key-42,583
1775447684249,key-18,774
1775447684252,key-34,636
1775447684254,key-49,475
1775447684254,key-46,166
1775447684266,key-34,650
1775447684267,key-2,271
1775447684268,key-40,173
1775447684269,key-2,273
1775447684269,key-36,1520
1775447684269,key-18,794
1775447684274,key-45,256
1775447684279,key-25,345
1775447684280,key-18,805
1775447684285,key-36,1536
1775447684285,key-6,2276
1775447684295,key-10,548
1775447684296,key-46,208
1775447684299,key-50,925
1775447684300,key-7,708
1775447684301,key-2,305
1775447684301,key-44,612
1775447684301,key-15,1121
1775447684301,key-44,612
1775447684301,key-27,1334
1775447684301,key-8,813
1775447684302,key-31,1076
1775447684304,key-27,1337
1775447684304,key-10,557
1775447684306,key-3,893
1775447684310,key-8,164
1775447684314,key-49,535
1775447684315,key-39,1196
1775447684316,key-1,926
1775447684317,key-24,223
1775447684318,key-16,2446
1775447684318,key-49,539
1775447684323,key-14,294
1775447684323,key-25,389
1775447684324,key-16,2452
1775447684324,key-35,244
1775447684325,key-49,546
1775447684327,key-35,247
1775447684331,key-26,2882
1775447684331,key-17,1109
1775447684331,key-29,5335
1775447684333,key-16,2461
1775447684333,key-11,1272
1775447684337,key-26,2888
1775447684337,key-23,2901
1775447684339,key-30,728
1775447684352,key-10,605
1775447684352,key-26,2903
1775447684353,key-35,273
1775447684353,key-35,273
1775447684355,key-42,218
1775447684357,key-19,841
1775447684357,key-11,1296
1775447684361,key-27,1394
1775447684361,key-1,971
1775447684367,key-36,190
1775447684369,key-3,956
1775447684369,key-27,1402
1775447684370,key-1,980
1775447684375,key-37,1419
1775447684376,key-1,986
1775447684390,key-27,1423
1775447684390,key-6,2381
1775447684392,key-10,645
1775447684392,key-41,1364
1775447684393,key-37,1437
1775447684393,key-48,533
1775447684394,key-41,1366
1775447684396,key-12,787
1775447684396,key-5,577
1775447684403,key-46,199
1775447684408,key-35,328
1775447684408,key-18,933
1775447684410,key-16,2538
1775447684412,key-30,801
1775447684418,key-11,1357
1775447684420,key-34,804
1775447684420,key-37,1464
1775447684421,key-26,2972
1775447684421,key-46,217
1775447684422,key-9,1210
1775447684429,key-40,169
1775447684430,key-23,2994
1775447684431,key-46,227
1775447684433,key-2,437
1775447684434,key-46,230
1775447684441,key-33,166
1775447684444,key-33,169
1775447684446,key-34,830
1775447684452,key-34,836
1775447684454,key-25,520
1775447684454,key-37,1498
1775447684454,key-40,194
1775447684456,key-6,2447
1775447684459,key-18,984
1775447684461,key-10,714
1775447684461,key-2,465
1775447684461,key-10,714
1775447684462,key-6,2453
1775447684463,key-44,774
1775447684466,key-44,777
1775447684468,key-22,534
1775447684471,key-27,1504
1775447684471,key-18,996
1775447684472,key-42,335
1775447684472,key-16,2600
1775447684476,key-5,657
1775447684479,key-8,333
1775447684479,key-49,700
1775447684479,key-16,2607
1775447684481,key-1,1091
1775447684485,key-16,2613
1775447684486,key-14,457
1775447684487,key-11,1426
1775447684490,key-25,556
1775447684490,key-46,286
1775447684493,key-36,316
1775447684494,key-1,1104
1775447684496,key-24,402
1775447684497,key-26,3048
1775447684498,key-21,172
1775447684505,key-23,3069
1775447684508,key-23,3072
1775447684508,key-31,179
1775447684509,key-35,429
1775447684510,key-26,3061
1775447684512,key-10,765
1775447684514,key-11,1453
1775447684514,key-35,434
1775447684514,key-49,735
1775447684516,key-36,178
1775447684517,key-9,1305
1775447684519,key-8,373
1775447684522,key-36,184
1775447684522,key-16,2650
1775447684522,key-16,2650
1775447684526,key-12,917
1775447684532,key-16,2660
1775447684534,key-11,1473
1775447684540,key-49,761
1775447684544,key-30,933
1775447684545,key-30,934
1775447684546,key-19,1030
1775447684547,key-49,768
1775447684548,key-46,344
1775447684549,key-1,1159
1775447684550,key-38,158
1775447684550,key-26,3101
1775447684550,key-27,1583
1775447684551,key-7,959
1775447684551,key-37,1595
1775447684551,key-1,1161
1775447684557,key-25,623
1775447684560,key-6,2551
1775447684560,key-3,1147
1775447684560,key-37,1604
1775447684564,key-22,630
1775447684566,key-29,5570
1775447684577,key-3,1164
1775447684577,key-41,1549
1775447684579,key-23,3143
1775447684589,key-46,385
1775447684589,key-35,195
1775447684589,key-46,385
1775447684590,key-23,3154
1775447684591,key-16,2719
1775447684594,key-40,334
1775447684596,key-46,392
1775447684598,key-7,1006
1775447684598,key-12,989
1775447684598,key-5,779
1775447684601,key-15,1421
1775447684606,key-37,1650
1775447684607,key-30,996
1775447684608,key-46,404
1775447684615,key-2,619
1775447684616,key-13,641
1775447684617,key-2,621
1775447684617,key-1,1227
1775447684620,key-2,624
1775447684620,key-16,2748
1775447684623,key-10,876
1775447684625,key-23,3189
1775447684626,key-6,2617
1775447684627,key-6,2618
1775447684628,key-46,424
1775447684628,key-2,632
1775447684631,key-10,884
1775447684631,key-44,942
1775447684641,key-15,1461
1775447684642,key-16,2770
1775447684642,key-16,2770
1775447684642,key-49,863
1775447684648,key-2,652
1775447684650,key-16,2778
1775447684651,key-16,2779
1775447684654,key-27,160
1775447684654,key-25,720
1775447684656,key-21,330
1775447684659,key-6,2650
1775447684660,key-21,334
1775447684660,key-26,3211
1775447684661,key-36,323
1775447684662,key-11,1601
1775447684664,key-46,460
1775447684664,key-35,270
1775447684664,key-21,338
1775447684665,key-14,636
1775447684666,key-27,172
1775447684666,key-11,1605
1775447684669,key-14,640
1775447684673,key-11,1612
1775447684676,key-9,1464
1775447684686,key-26,3237
1775447684687,key-23,189
1775447684688,key-1,1298
1775447684689,key-9,1477
1775447684692,key-2,696
1775447684693,key-12,1084
1775447684693,key-8,547
1775447684704,key-11,1643
1775447684705,key-7,1113
1775447684705,key-30,1094
1775447684705,key-40,190
1775447684707,key-30,1096
1775447684710,key-35,316
1775447684710,key-30,1099
1775447684710,key-46,506
1775447684713,key-49,934
1775447684713,key-11,1652
1775447684715,key-31,386
1775447684715,key-19,1199
1775447684716,key-37,1760
1775447684718,key-37,1762
1775447684722,key-37,1766
1775447684729,key-32,272
1775447684730,key-41,1702
1775447684731,key-1,1341
1775447684731,key-21,405
1775447684732,key-3,278
1775447684732,key-3,278
1775447684734,key-46,530
1775447684737,key-48,174
1775447684740,key-19,1224
1775447684744,key-40,229
1775447684745,key-49,966
1775447684745,key-19,1229
1775447684745,key-48,182
1775447684749,key-37,1793
1775447684751,key-23,253
1775447684751,key-46,547
1775447684756,key-3,302
1775447684758,key-30,161
1775447684763,key-46,559
1775447684764,key-26,3315
1775447684766,key-2,157
1775447684769,key-15,1589
1775447684772,key-23,274
1775447684773,key-1,1383
1775447684776,key-46,572
1775447684782,key-30,218
1775447684783,key-2,174
1775447684788,key-23,290
1775447684789,key-5,970
1775447684791,key-2,182
1775447684791,key-21,465
1775447684795,key-15,1615
1775447684795,key-22,861
1775447684795,key-37,1839
1775447684796,key-2,187
1775447684799,key-44,1110
1775447684799,key-2,190
1775447684800,key-10,1053
1775447684802,key-46,598
1775447684802,key-46,598
1775447684804,key-2,195
1775447684805,key-28,159
1775447684805,key-10,1058
1775447684809,key-2,200
1775447684814,key-41,1786
1775447684817,key-46,613
1775447684826,key-16,2954
1775447684826,key-13,851
1775447684828,key-26,3379
1775447684829,key-30,232
1775447684832,key-31,503
1775447684837,key-16,2965
1775447684839,key-10,1092
1775447684840,key-9,1628
1775447684841,key-32,384
1775447684841,key-6,2832
1775447684843,key-21,173
1775447684845,key-7,1253
1775447684847,key-39,1728
1775447684847,key-11,1786
1775447684848,key-19,1332
1775447684848,key-3,394
1775447684849,key-11,1788
1775447684850,key-11,1789
1775447684850,key-14,821
1775447684854,key-21,184
1775447684858,key-46,654
1775447684858,key-11,1797
1775447684861,key-8,715
1775447684865,key-23,367
1775447684868,key-11,1807
1775447684868,key-9,1656
1775447684868,key-40,353
1775447684872,key-26,3423
1775447684875,key-30,278
1775447684884,key-37,1928
1775447684885,key-49,1106
1775447684885,key-11,1824
1775447684886,key-40,371
1775447684886,key-11,1825
1775447684886,key-25,952
1775447684887,key-37,1931
1775447684887,key-10,194
1775447684890,key-49,1111
1775447684892,key-49,1113
1775447684897,key-8,751
1775447684898,key-48,335
1775447684898,key-1,1508
1775447684902,key-8,756
1775447684902,key-38,510
1775447684902,key-5,163
1775447684902,key-20,467
1775447684906,key-7,1314
1775447684906,key-45,888
1775447684907,key-14,878
1775447684907,key-15,1727
1775447684910,key-37,1954
1775447684910,key-41,1882
1775447684912,key-11,1851
1775447684912,key-2,303
1775447684919,key-3,465
1775447684919,key-3,465
1775447684919,key-3,465
1775447684923,key-3,469
1775447684928,key-38,536
1775447684930,key-48,367
1775447684930,key-48,367
1775447684931,key-30,334
1775447684931,key-3,477
1775447684931,key-22,270
1775447684933,key-3,479
1775447684941,key-37,1985
1775447684943,key-14,914
1775447684943,key-21,273
1775447684945,key-21,275
1775447684948,key-19,1432
1775447684948,key-14,919
1775447684960,key-11,1899
1775447684960,key-2,351
1775447684964,key-2,355
1775447684971,key-49,1192
1775447684977,key-12,1368
1775447684982,key-46,778
1775447684982,key-35,167
1775447684982,key-46,778
1775447684985,key-28,339
1775447684985,key-35,170
1775447684988,key-33,222
1775447684991,key-31,662
1775447684991,key-2,382
1775447684994,key-49,1215
1775447684994,key-28,348
1775447684996,key-23,498
1775447684996,key-33,230
1775447684999,key-47,890
1775447684999,key-46,795
1775447684999,key-10,306
1775447684999,key-7,1407
1775447685000,key-27,506
1775447685000,key-28,354
1775447685001,key-16,286
1775447685002,key-26,198
1775447685012,key-14,983
1775447685016,key-11,1955
1775447685016,key-6,3007
1775447685019,key-3,565
1775447685020,key-28,374
1775447685028,key-23,166
1775447685030,key-21,360
1775447685034,key-3,580
1775447685035,key-11,1974
1775447685035,key-11,1974
1775447685035,key-8,889
1775447685037,key-9,1825
1775447685047,key-44,159
1775447685047,key-26,243
1775447685047,key-30,231
1775447685051,key-19,1535
1775447685051,key-11,1990
1775447685051,key-11,1990
1775447685052,key-49,160
1775447685054,key-17,1832
1775447685057,key-11,1996
1775447685057,key-11,1996
1775447685057,key-32,600
1775447685057,key-35,242
1775447685062,key-44,174
1775447685062,key-12,1453
1775447685068,key-5,329
1775447685068,key-37,2112
1775447685068,key-45,1050
1775447685070,key-31,741
1775447685071,key-38,679
1775447685071,key-38,679
1775447685075,key-15,1895
1775447685075,key-49,183
1775447685076,key-11,2015
1775447685078,key-49,186
1775447685078,key-15,1898
1775447685078,key-37,2122
1775447685082,key-3,628
1775447685084,key-25,1150
1775447685084,key-3,630
1775447685085,key-34,1469
1775447685085,key-2,476
1775447685087,key-17,1865
1775447685087,key-11,2026
1775447685089,key-38,697
1775447685089,key-2,480
1775447685092,key-22,431
1775447685092,key-1,1702
1775447685096,key-3,642
1775447685097,key-24,190
1775447685098,key-3,644
1775447685098,key-25,1164
1775447685102,key-3,648
1775447685104,key-37,2148
1775447685105,key-40,590
1775447685110,key-48,547
1775447685113,key-38,721
1775447685115,key-43,2606
1775447685117,key-48,554
1775447685117,key-6,3108
1775447685117,key-44,229
1775447685121,key-38,729
1775447685126,key-31,797
1775447685133,key-37,2177
1775447685136,key-15,1956
1775447685136,key-21,466
1775447685137,key-38,745
1775447685137,key-35,322
1775447685146,key-46,942
1775447685147,key-2,538
1775447685156,key-28,510
1775447685158,key-7,1566
1775447685161,key-40,646
1775447685161,key-35,346
1775447685162,key-25,1228
1775447685168,key-31,839
1775447685168,key-27,674
1775447685168,key-23,306
1775447685169,key-11,2108
1775447685169,key-46,965
1775447685169,key-14,1140
1775447685172,key-25,1238
1775447685174,key-26,370
1775447685180,key-3,726
1775447685180,key-2,571
1775447685185,key-33,419
1775447685187,key-3,733
1775447685187,key-23,325
1775447685187,key-1,1797
1775447685190,key-10,497
1775447685190,key-33,424
1775447685194,key-21,524
1775447685198,key-4,235
1775447685198,key-30,382
1775447685198,key-12,1589
1775447685198,key-10,505
1775447685199,key-14,1170
1775447685199,key-28,553
1775447685202,key-44,314
1775447685209,key-11,2148
1775447685210,key-9,1998
1775447685210,key-28,564
1775447685211,key-11,2150
1775447685212,key-2,603
1775447685217,key-3,763
1775447685217,key-35,402
1775447685223,key-10,530
1775447685225,key-43,2716
1775447685235,key-41,407
1775447685238,key-39,2119
1775447685240,key-49,290
1775447685241,key-40,726
1775447685241,key-26,437
1775447685243,key-30,427
1775447685245,key-15,2065
1775447685247,key-24,340
1775447685250,key-22,589
1775447685250,key-49,300
1775447685250,key-17,2028
1775447685251,key-1,1861
1775447685251,key-11,2190
1775447685254,key-22,593
1775447685257,key-7,1665
1775447685258,key-3,804
1775447685260,key-1,1870
1775447685260,key-19,1744
1775447685260,key-21,590
1775447685262,key-19,1746
1775447685266,key-29,733
1775447685269,key-40,754
1775447685270,key-17,2048
1775447685274,key-24,157
1775447685275,key-48,712
1775447685275,key-2,666
1775447685275,key-48,712
1775447685279,key-38,887
1775447685279,key-2,670
1775447685280,key-19,1764
1775447685282,key-21,612
1775447685282,key-25,1348
1775447685282,key-3,828
1775447685286,key-37,2330
1775447685286,key-38,894
1775447685289,key-43,2780
1775447685291,key-38,899
1775447685292,key-26,488
1775447685295,key-4,332
1775447685295,key-3,841
1775447685295,key-37,2339
1775447685296,key-48,733
1775447685296,key-38,904
1775447685301,key-6,156
1775447685302,key-38,910
1775447685309,key-45,186
1775447685309,key-2,700
1775447685309,key-34,1693
1775447685316,key-3,862
1775447685316,key-24,199
1775447685317,key-3,863
1775447685317,key-21,647
1775447685317,key-3,863
1775447685325,key-46,1121
1775447685325,key-44,437
1775447685325,key-37,2369
1775447685332,key-6,3323
1775447685333,key-20,243
1775447685338,key-35,523
1775447685339,key-27,845
1775447685339,key-25,1405
1775447685341,key-25,1407
1775447685342,key-11,2281
1775447685342,key-25,1408
1775447685344,key-2,735
1775447685346,key-30,530
1775447685347,key-38,955
1775447685352,key-17,170
1775447685353,key-12,1744
1775447685356,key-17,174
1775447685356,key-19,1840
1775447685360,key-25,1426
1775447685364,key-44,476
1775447685364,key-23,502
1775447685364,key-9,2152
1775447685368,key-47,242
1775447685368,key-10,675
1775447685375,key-9,2163
1775447685375,key-11,2314
1775447685375,key-9,2163
1775447685377,key-28,731
1775447685377,key-28,731
1775447685379,key-44,491
1775447685381,key-2,772
1775447685384,key-10,691
1775447685393,key-33,627
1775447685393,key-14,1364
1775447685393,key-28,747
1775447685394,key-30,578
1775447685396,key-39,294
1775447685396,key-35,581
1775447685397,key-9,2185
1775447685406,key-22,745
1775447685413,key-43,2904
1775447685423,key-1,2033
1775447685428,key-1,2038
1775447685430,key-2,821
1775447685430,key-19,1914
1775447685431,key-9,2219
1775447685434,key-1,2044
1775447685436,key-19,1920
1775447685442,key-14,1413
1775447685444,key-3,990
1775447685444,key-19,1928
1775447685444,key-10,751
1775447685445,key-14,1416
1775447685448,key-38,1056
1775447685448,key-1,2058
1775447685449,key-21,779
1775447685450,key-50,2076
1775447685452,key-43,2943
1775447685452,key-15,208
1775447685452,key-11,2391
1775447685452,key-38,1060
1775447685458,key-48,895
1775447685458,key-21,788
1775447685460,key-3,1006
1775447685460,key-28,814
1775447685461,key-22,800
1775447685462,key-15,218
1775447685462,key-3,1008
1775447685462,key-7,1870
1775447685464,key-24,162
1775447685465,key-26,661
1775447685466,key-45,343
1775447685467,key-16,752
1775447685468,key-48,905
1775447685473,key-3,1019
1775447685474,key-41,646
1775447685475,key-4,219
1775447685475,key-3,1021
1775447685475,key-42,342
1775447685484,key-48,921
1775447685484,key-13,166
1775447685485,key-37,2529
1775447685487,key-48,924
1775447685487,key-16,772
1775447685487,key-3,1033
1775447685487,key-6,342
1775447685492,key-25,1558
1775447685492,key-38,1100
1775447685492,key-2,883
1775447685494,key-25,1560
1775447685498,key-19,1982
1775447685499,key-2,890
1775447685500,key-27,1006
1775447685500,key-37,2544
1775447685501,key-3,1047
1775447685507,key-35,692
1775447685507,key-35,692
1775447685510,key-5,771
1775447685513,key-6,368
1775447685517,key-17,335
1775447685517,key-25,1583
1775447685519,key-45,169
1775447685521,key-38,1129
1775447685521,key-3,1067
1775447685521,key-30,705
1775447685523,key-5,784
1775447685525,key-9,2313
1775447685530,key-23,668
1775447685534,key-45,184
1775447685538,key-17,356
1775447685538,key-15,178
1775447685541,key-44,653
1775447685545,key-14,1516
1775447685546,key-23,684
1775447685550,key-32,1093
1775447685551,key-15,191
1775447685554,key-48,168
1775447685558,key-13,240
1775447685558,key-48,172
1775447685561,key-2,952
1775447685561,key-9,2349
1775447685566,key-33,800
1775447685566,key-44,678
1775447685566,key-9,2354
1775447685566,key-11,2505
1775447685567,key-28,921
1775447685569,key-2,960
1775447685569,key-6,424
1775447685570,key-10,230
1775447685570,key-10,230
1775447685575,key-28,929
1775447685576,key-28,930
1775447685581,key-35,766
1775447685582,key-14,1553
1775447685585,key-10,245
1775447685592,key-13,274
1775447685596,key-35,781
1775447685599,key-9,2387
1775447685602,key-19,2086
1775447685606,key-47,480
1775447685610,key-1,2220
1775447685612,key-32,1155
1775447685619,key-24,317
1775447685623,key-30,807
1775447685623,key-22,962
1775447685623,key-21,953
1775447685625,key-25,1691
1775447685629,key-15,269
1775447685630,key-4,374
1775447685630,key-3,1176
1775447685632,key-39,166
1775447685632,key-48,246
1775447685632,key-16,917
1775447685636,key-26,832
1775447685636,key-4,380
1775447685648,key-38,1256
1775447685648,key-21,162
1775447685648,key-41,820
1775447685650,key-12,2041
1775447685653,key-33,887
1775447685653,key-3,1199
1775447685657,key-10,317
1775447685659,key-41,165
1775447685661,key-48,275
1775447685661,key-42,528
1775447685662,key-13,344
1775447685662,key-44,774
1775447685663,key-38,162
1775447685663,key-28,1017
1775447685663,key-37,2707
1775447685667,key-25,1733
1775447685667,key-39,565
1775447685670,key-25,1736
1775447685671,key-34,2055
1775447685674,key-27,1180
1775447685676,key-24,374
1775447685676,key-45,326
1775447685680,key-29,155
1775447685683,key-26,879
1775447685685,key-3,1231
1775447685687,key-11,2626
1775447685687,key-38,186
1775447685688,key-32,1231
1775447685690,key-5,951
1775447685690,key-30,874
1775447685691,key-1,2301
1775447685695,key-42,562
1775447685695,key-17,513
1775447685698,key-9,2486
1775447685700,key-37,2744
1775447685701,key-30,885
1775447685701,key-1,2311
1775447685701,key-25,1767
1775447685701,key-45,351
1775447685702,key-35,887
1775447685704,key-43,3195
1775447685704,key-48,318
1775447685705,key-50,2331
1775447685706,key-15,181
1775447685706,key-15,181
1775447685711,key-7,326
1775447685713,key-49,763
1775447685713,key-43,3204
1775447685713,key-18,2238
1775447685714,key-48,328
1775447685715,key-14,1686
1775447685720,key-12,2111
1775447685722,key-2,1113
1775447685725,key-14,1696
1775447685726,key-23,864
1775447685727,key-29,202
1775447685732,key-9,181
1775447685736,key-6,591
1775447685738,key-11,2677
1775447685739,key-48,353
1775447685741,key-47,615
1775447685741,key-6,596
1775447685743,key-4,487
1775447685748,key-20,658
1775447685753,key-35,938
1775447685753,key-34,2137
1775447685754,key-10,414
1775447685756,key-41,173
1775447685759,key-28,1113
1775447685767,key-9,216
1775447685770,key-28,164
1775447685775,key-24,473
1775447685780,key-45,430
1775447685782,key-7,397
1775447685783,key-19,2267
1775447685790,key-28,184
1775447685790,key-22,1129
1775447685792,key-9,241
1775447685798,key-42,665
1775447685799,key-40,571
1775447685799,key-9,248
1775447685801,key-3,1347
1775447685802,key-6,657
1775447685804,key-9,253
1775447685804,key-21,318
1775447685809,key-12,227
1775447685815,key-12,233
1775447685821,key-33,1055
1775447685821,key-13,503
1775447685824,key-38,323
1775447685824,key-41,241
1775447685824,key-13,506
1775447685824,key-41,241
1775447685825,key-48,439
1775447685832,key-39,366
1775447685832,key-28,226
1775447685837,key-6,692
1775447685837,key-26,1033
1775447685841,key-26,1036
1775447685841,key-21,355
1775447685844,key-28,238
1775447685849,key-12,267
1775447685850,key-3,197
1775447685853,key-38,352
1775447685853,key-14,1824
1775447685854,key-42,721
1775447685857,key-25,197
1775447685860,key-21,374
1775447685862,key-50,2488
1775447685862,key-11,2801
1775447685862,key-37,2906
1775447685866,key-42,733
1775447685868,key-43,3359
1775447685870,key-1,2480
1775447685873,key-48,487
1775447685878,key-38,377
1775447685878,key-21,392
1775447685882,key-1,2492
1775447685882,key-15,357
1775447685883,key-11,2822
1775447685884,key-47,758
1775447685884,key-24,582
1775447685888,key-31,1559
1775447685888,key-10,548
1775447685888,key-34,2272
1775447685890,key-13,572
1775447685891,key-13,164
1775447685891,key-13,164
1775447685892,key-50,2518
1775447685892,key-26,1088
1775447685894,key-40,666
1775447685895,key-50,2521
1775447685895,key-10,555
1775447685900,key-14,1871
1775447685901,key-11,2840
1775447685904,key-1,2514
1775447685905,key-38,404
1775447685905,key-18,2430
1775447685905,key-13,587
1775447685906,key-12,324
1775447685907,key-2,1298
1775447685907,key-16,1192
1775447685907,key-14,1878
1775447685907,key-18,2432
1775447685908,key-25,248
1775447685908,key-9,357
1775447685908,key-12,326
1775447685913,key-2,1304
1775447685917,key-41,334
1775447685919,key-6,229
1775447685919,key-4,663
1775447685919,key-22,1258
1775447685921,key-43,3412
1775447685922,key-41,339
1775447685924,key-47,798
1775447685928,key-34,2312
1775447685929,key-20,839
1775447685929,key-35,1114
1775447685939,key-7,554
1775447685942,key-6,252
1775447685945,key-49,995
1775447685952,key-8,481
1775447685953,key-24,651
1775447685954,key-10,614
1775447685956,key-2,1347
1775447685958,key-33,1192
1775447685958,key-4,702
1775447685958,key-22,1297
1775447685964,key-27,1470
1775447685972,key-13,245
1775447685976,key-29,451
1775447685984,key-33,158
1775447685984,key-1,2594
1775447685985,key-13,258
1775447685985,key-25,325
1775447685985,key-41,402
1775447685987,key-3,260
1775447685987,key-38,486
1775447685988,key-15,167
1775447685989,key-9,438
1775447685994,key-15,173
1775447686000,key-48,178
1775447686003,key-21,517
1775447686004,key-28,398
1775447686005,key-28,399
1775447686007,key-45,657
1775447686010,key-26,1206
1775447686027,key-14,1998
1775447686028,key-37,3072
1775447686028,key-15,164
1775447686029,key-21,543
1775447686029,key-18,2554
1775447686030,key-23,166
1775447686035,key-9,484
1775447686036,key-38,535
1775447686036,key-43,3527
1775447686037,key-47,911
1775447686040,key-48,218
1775447686042,key-38,541
1775447686045,key-31,1716
1775447686047,key-33,221
1775447686050,key-47,924
1775447686050,key-11,186
1775447686050,key-26,1246
1775447686050,key-11,186
1775447686054,key-1,2664
1775447686063,key-39,168
1775447686066,key-16,1351
1775447686072,key-19,2556
1775447686073,key-16,1358
1775447686073,key-14,2044
1775447686074,key-46,348
1775447686075,key-10,735
1775447686075,key-18,201
1775447686075,key-11,211
1775447686075,key-12,493
1775447686078,key-9,527
1775447686078,key-20,220
1775447686078,key-14,2049
1775447686080,key-18,206
1775447686082,key-36,665
1775447686082,key-43,3573
1775447686084,key-18,210
1775447686086,key-37,3130
1775447686086,key-41,256
1775447686086,key-18,212
1775447686087,key-21,601
1775447686087,key-21,601
1775447686088,key-6,398
1775447686088,key-42,955
1775447686093,key-47,186
1775447686093,key-16,1378
1775447686093,key-47,186
1775447686093,key-27,1599
1775447686094,key-11,230
1775447686094,key-7,709
1775447686096,key-40,868
1775447686101,key-13,374
1775447686102,key-34,2486
1775447686102,key-20,244
1775447686103,key-14,2074
1775447686107,key-7,722
1775447686107,key-3,380
1775447686107,key-42,974
1775447686113,key-2,1504
1775447686113,key-35,1298
1775447686119,key-7,734
1775447686119,key-34,2503
1775447686123,key-22,1462
1775447686123,key-22,1462
1775447686125,key-50,2751
1775447686125,key-24,205
1775447686127,key-1,2737
1775447686127,key-16,1412
1775447686129,key-9,578
1775447686133,key-22,1472
1775447686141,key-7,756
1775447686144,key-41,314
1775447686144,key-25,484
1775447686152,key-4,896
1775447686153,key-48,331
1775447686153,key-2,1544
1775447686153,key-45,247
1775447686153,key-33,327
1775447686155,key-20,297
1775447686158,key-20,300
1775447686158,key-35,1343
1775447686162,key-45,256
1775447686167,key-49,1217
1775447686174,key-43,3665
1775447686182,key-45,276
1775447686183,key-15,319
1775447686184,key-39,289
1775447686184,key-1,2794
1775447686186,key-37,201
1775447686190,key-3,463
1775447686195,key-15,331
1775447686198,key-10,858
1775447686202,key-45,296
1775447686202,key-39,307
1775447686207,key-11,175
1775447686208,key-47,301
1775447686211,key-41,381
1775447686216,key-21,730
1775447686218,key-13,491
1775447686219,key-47,312
1775447686220,key-47,313
1775447686225,key-9,160
1775447686231,key-33,405
1775447686231,key-46,505
1775447686232,key-46,506
1775447686233,key-21,747
1775447686233,key-46,507
1775447686235,key-14,2206
1775447686237,key-18,363
1775447686238,key-43,3729
1775447686238,key-39,343
1775447686239,key-46,513
1775447686244,key-18,370
1775447686246,key-48,424
1775447686248,key-20,390
1775447686248,key-41,418
1775447686248,key-20,390
1775447686249,key-46,523
1775447686253,key-24,173
1775447686254,key-43,3745
1775447686254,key-1,2864
1775447686254,key-48,432
1775447686257,key-21,771
1775447686258,key-45,352
1775447686265,key-20,407
1775447686266,key-40,1038
1775447686270,key-34,2654
1775447686270,key-20,412
1775447686270,key-28,664
1775447686271,key-6,173
1775447686271,key-31,1942
1775447686271,key-14,2242
1775447686274,key-34,2658
1775447686275,key-47,368
1775447686275,key-28,669
1775447686275,key-35,1460
1775447686282,key-2,1673
1775447686283,key-38,782
1775447686284,key-31,1955
1775447686284,key-45,378
1775447686287,key-24,167
1775447686287,key-3,560
1775447686288,key-12,706
1775447686289,key-50,2915
1775447686290,key-35,1475
1775447686290,key-21,804
1775447686290,key-50,2916
1775447686291,key-7,906
1775447686292,key-50,2918
1775447686292,key-19,2776
1775447686296,key-24,176
1775447686298,key-42,1165
1775447686298,key-25,638
1775447686299,key-7,914
1775447686299,key-47,392
1775447686300,key-18,426
1775447686303,key-37,318
1775447686306,key-25,646
1775447686306,key-40,1078
1775447686306,key-34,2690
1775447686308,key-20,450
1775447686308,key-22,1647
1775447686308,key-34,2692
1775447686323,key-9,258
1775447686325,key-31,1996
1775447686328,key-2,1719
1775447686328,key-33,502
1775447686328,key-22,1667
1775447686335,key-34,2719
1775447686335,key-40,1107
1775447686336,key-2,1727
1775447686336,key-13,609
1775447686339,key-38,838
1775447686343,key-44,175
1775447686351,key-6,253
1775447686352,key-15,488
1775447686352,key-44,184
1775447686353,key-15,489
1775447686355,key-44,187
1775447686356,key-1,2966
1775447686363,key-33,537
1775447686401,key-2,1792
1775447686402,key-1,3012
1775447686403,key-45,497
1775447686403,key-15,539
1775447686411,key-42,205
1775447686412,key-18,538
1775447686413,key-10,1073
1775447686418,key-21,932
1775447686420,key-10,1080
1775447686420,key-21,934
1775447686421,key-47,514
1775447686421,key-21,935
1775447686422,key-14,2393
1775447686422,key-45,516
1775447686423,key-46,697
1775447686423,key-27,1929
1775447686423,key-14,2394
1775447686424,key-24,304
1775447686424,key-45,518
1775447686424,key-39,529
1775447686425,key-46,699
1775447686426,key-21,940
1775447686427,key-21,941
1775447686430,key-28,824
1775447686430,key-41,600
1775447686431,key-47,524
1775447686431,key-19,2915
1775447686462,key-7,1077
1775447686462,key-20,604
1775447686462,key-50,274
1775447686463,key-50,275
1775447686463,key-24,170
1775447686468,key-28,862
1775447686469,key-25,809
1775447686469,key-7,1084
1775447686469,key-18,595
1775447686469,key-25,809
1775447686470,key-47,563
1775447686470,key-39,575
1775447686471,key-26,1667
1775447686471,key-47,564
1775447686471,key-50,283
1775447686471,key-50,283
1775447686472,key-25,812
1775447686472,key-19,2956
1775447686472,key-6,374
1775447686474,key-20,616
1775447686474,key-25,814
1775447686476,key-34,2860
1775447686476,key-14,2447
1775447686477,key-7,1092
1775447686477,key-24,184
1775447686479,key-2,178
1775447686479,key-27,1985
1775447686481,key-33,655
1775447686482,key-1,3092
1775447686482,key-24,189
1775447686482,key-20,624
1775447686482,key-40,1254
1775447686488,key-47,581
1775447686505,key-25,845
1775447686508,key-45,602
1775447686511,key-6,413
1775447686511,key-47,172
1775447686512,key-34,2896
1775447686512,key-43,212
1775447686512,key-25,852
1775447686512,key-3,198
1775447686513,key-42,307
1775447686513,key-42,307
1775447686520,key-11,179
1775447686521,key-8,520
1775447686521,key-18,647
1775447686523,key-4,1267
1775447686523,key-6,425
1775447686523,key-3,209
1775447686524,key-36,210
1775447686524,key-44,356
1775447686526,key-47,187
1775447686530,key-31,2201
1775447686531,key-27,2037
1775447686533,key-37,548
1775447686576,key-3,262
1775447686576,key-47,237
1775447686578,key-48,756
1775447686578,key-47,239
1775447686579,key-15,715
1775447686579,key-6,481
1775447686579,key-40,1351
1775447686585,key-44,417
1775447686586,key-44,418
1775447686586,key-6,488
1775447686587,key-23,257
1775447686587,key-9,522
1775447686587,key-34,2971
1775447686592,key-44,424
1775447686593,key-15,729
1775447686593,key-35,1778
1775447686593,key-1,318
1775447686593,key-33,767
1775447686594,key-21,167
1775447686600,key-27,2106
1775447686600,key-21,173
1775447686600,key-21,173
1775447686601,key-14,2572
1775447686601,key-24,308
1775447686602,key-35,1787
1775447686616,key-49,1666
1775447686617,key-48,795
1775447686617,key-32,2160
1775447686618,key-46,892
1775447686622,key-47,178
1775447686623,key-28,1017
1775447686623,key-5,580
1775447686627,key-21,200
1775447686627,key-47,183
1775447686627,key-24,334
1775447686627,key-41,797
1775447686628,key-23,298
1775447686628,key-20,770
1775447686629,key-27,2135
1775447686646,key-12,1064
1775447686646,key-20,788
1775447686646,key-50,458
1775447686647,key-24,354
1775447686651,key-19,3135
1775447686651,key-24,358
1775447686652,key-33,826
1775447686652,key-1,377
1775447686659,key-22,1998
1775447686660,key-50,472
1775447686662,key-25,1002
1775447686662,key-20,804
1775447686662,key-49,1712
1775447686662,key-21,235
1775447686663,key-25,1003
1775447686663,key-15,799
1775447686663,key-14,2634
1775447686665,key-20,807
1775447686665,key-40,1437
1775447686666,key-24,373
1775447686666,key-45,760
1775447686668,key-20,810
1775447686670,key-32,2213
1775447686670,key-4,1414
1775447686671,key-17,666
1775447686671,key-24,378
1775447686672,key-24,379
1775447686673,key-45,767
1775447686678,key-18,804
1775447686680,key-17,675
1775447686682,key-18,808
1775447686688,key-6,590
1775447686689,key-24,396
1775447686691,key-31,2362
1775447686694,key-8,693
1775447686697,key-47,253
1775447686698,key-47,254
1775447686698,key-6,600
1775447686698,key-3,384
1775447686699,key-47,255
1775447686699,key-7,1314
1775447686702,key-6,604
1775447686702,key-11,361
1775447686702,key-43,402
1775447686703,key-38,171
1775447686713,key-36,399
1775447686713,key-37,728
1775447686713,key-40,1485
1775447686716,key-31,2387
1775447686716,key-37,731
1775447686717,key-44,549
1775447686717,key-27,2223
1775447686719,key-42,513
1775447686722,key-37,737
1775447686728,key-34,3112
1775447686733,key-4,1477
1775447686742,key-44,574
1775447686753,key-35,1938
1775447686753,key-6,655
1775447686753,key-6,655
1775447686753,key-42,547
1775447686757,key-35,1942
1775447686761,key-40,1533
1775447686761,key-35,1946
1775447686761,key-6,663
1775447686766,key-44,598
1775447686767,key-3,453
1775447686769,key-13,251
1775447686770,key-15,906
1775447686773,key-49,165
1775447686773,key-44,605
1775447686773,key-42,567
1775447686777,key-44,609
1775447686778,key-23,448
1775447686778,key-15,914
1775447686782,key-32,2325
1775447686784,key-49,176
1775447686784,key-15,920
1775447686789,key-14,2760
1775447686789,key-41,260
1775447686790,key-35,1975
1775447686790,key-21,363
1775447686800,key-5,757
1775447686801,key-5,758
1775447686802,key-46,157
1775447686803,key-2,502
1775447686810,key-5,767
1775447686810,key-6,712
1775447686811,key-12,1229
1775447686811,key-24,518
1775447686813,key-50,625
1775447686819,key-24,526
1775447686819,key-33,163
1775447686825,key-50,637
1775447686832,key-20,974
1775447686832,key-14,2803
1775447686833,key-20,975
1775447686833,key-15,969
1775447686833,key-42,627
1775447686833,key-1,264
1775447686836,key-43,536
1775447686837,key-31,2508
1775447686840,key-38,308
1775447686840,key-45,934
1775447686841,key-22,2180
1775447686842,key-25,1182
1775447686842,key-41,313
1775447686842,key-9,777
1775447686842,key-24,549
1775447686845,key-39,950
1775447686845,key-24,552
1775447686845,key-24,552
1775447686848,key-20,990
1775447686848,key-27,2354
1775447686848,key-40,1620
1775447686850,key-16,176
1775447686850,key-45,944
1775447686850,key-18,976
1775447686853,key-6,755
1775447686853,key-45,947
1775447686859,key-47,415
1775447686877,key-20,1019
1775447686878,key-18,1004
1775447686881,key-38,348
1775447686887,key-47,443
1775447686891,key-3,577
1775447686911,key-14,2882
1775447686911,key-45,1005
1775447686912,key-31,2583
1775447686912,key-44,744
1775447686912,key-27,262
1775447686912,key-11,571
1775447686913,key-7,284
1775447686913,key-42,707
1775447686913,key-4,1657
1775447686913,key-47,469
1775447686913,key-47,469
1775447686914,key-37,929
1775447686914,key-49,306
1775447686914,key-48,1092
1775447686914,key-27,264
1775447686914,key-7,285
1775447686914,key-43,614
1775447686915,key-34,3299
1775447686915,key-7,286
1775447686915,key-40,1687
1775447686915,key-31,2586
1775447686922,key-6,824
1775447686922,key-41,217
1775447686923,key-42,717
1775447686923,key-18,198
1775447686932,key-4,1676
1775447686932,key-6,834
1775447686932,key-29,1407
1775447686933,key-44,765
1775447686941,key-37,956
1775447686957,key-29,1432
1775447686959,key-49,351
1775447686959,key-14,2930
1775447686961,key-31,2632
1775447686961,key-50,773
1775447686962,key-15,1098
1775447686962,key-1,393
1775447686962,key-41,257
1775447686966,key-13,448
1775447686966,key-42,760
1775447686966,key-46,321
1775447686968,key-2,667
1775447686968,key-2,667
1775447686968,key-35,2153
1775447686969,key-5,926
1775447686972,key-50,784
1775447686972,key-2,671
1775447686972,key-44,804
1775447686974,key-2,673
1775447686982,key-6,884
1775447686986,key-6,888
1775447686992,key-43,692
1775447687012,key-41,307
1775447687013,key-5,970
1775447687013,key-35,2198
1775447687016,key-24,723
1775447687016,key-3,702
1775447687016,key-25,1356
1775447687016,key-23,182
1775447687017,key-35,2202
1775447687017,key-34,182
1775447687017,key-36,703
1775447687017,key-5,974
1775447687017,key-36,703
1775447687019,key-45,1113
1775447687028,key-26,287
1775447687034,key-45,1128
1775447687064,key-8,1063
1775447687066,key-44,898
1775447687067,key-21,211
1775447687074,key-38,542
1775447687074,key-21,218
1775447687074,key-24,781
1775447687075,key-4,1819
1775447687076,key-39,1181
1775447687076,key-20,1218
1775447687076,key-38,544
1775447687079,key-24,786
1775447687079,key-24,786
1775447687080,key-25,1420
1775447687080,key-3,766
1775447687080,key-37,1095
1775447687080,key-39,1185
1775447687086,key-24,793
1775447687086,key-16,412
1775447687086,key-27,436
1775447687086,key-16,412
1775447687086,key-41,381
1775447687087,key-47,643
1775447687089,key-49,166
1775447687089,key-49,166
1775447687089,key-47,645
1775447687093,key-31,2764
1775447687094,key-44,926
1775447687095,key-16,421
1775447687096,key-42,890
1775447687101,key-4,1845
1775447687101,key-30,178
1775447687101,key-42,895
1775447687101,key-31,2772
1775447687103,key-44,935
1775447687103,key-40,1875
1775447687107,key-5,1064
1775447687111,key-41,406
1775447687113,key-7,484
1775447687113,key-41,408
1775447687113,key-15,1249
1775447687116,key-40,1888
1775447687116,key-40,1888
1775447687116,key-46,161
1775447687117,key-41,412
1775447687117,key-29,1592
1775447687125,key-45,1219
1775447687125,key-47,681
1775447687126,key-50,938
1775447687130,key-35,2315
1775447687130,key-20,1272
1775447687130,key-49,522
1775447687131,key-17,324
1775447687131,key-47,687
1775447687132,key-40,1904
1775447687132,key-2,831
1775447687132,key-41,427
1775447687133,key-3,819
1775447687133,key-42,927
1775447687133,key-28,1527
1775447687136,key-44,968
1775447687140,key-5,1097
1775447687140,key-40,1912
1775447687141,key-2,840
1775447687146,key-46,191
1775447687146,key-4,1890
1775447687147,key-17,340
1775447687147,key-25,1487
1775447687151,key-33,495
1775447687151,key-42,945
1775447687157,key-6,1059
1775447687158,key-2,857
1775447687159,key-12,1577
1775447687170,key-46,215
1775447687172,key-25,1512
1775447687172,key-28,1566
1775447687176,key-23,342
1775447687181,key-41,476
1775447687182,key-43,882
1775447687198,key-15,1334
1775447687199,key-35,2384
1775447687200,key-43,900
1775447687200,key-50,1012
1775447687202,key-2,901
1775447687202,key-18,219
1775447687203,key-41,498
1775447687209,key-27,559
1775447687209,key-45,1303
1775447687213,key-37,1228
1775447687214,key-13,696
1775447687217,key-45,1311
1775447687218,key-35,2403
1775447687220,key-38,161
1775447687224,key-25,1564
1775447687224,key-5,1181
1775447687233,key-4,1977
1775447687234,key-6,1136
1775447687239,key-45,1333
1775447687244,key-1,675
1775447687248,key-24,955
1775447687251,key-25,1591
1775447687253,key-36,939
1775447687258,key-32,2801
1775447687259,key-3,226
1775447687260,key-27,610
1775447687260,key-16,586
1775447687262,key-31,2933
1775447687262,key-31,2933
1775447687267,key-42,1061
1775447687268,key-24,156
1775447687268,key-42,1062
1775447687268,key-42,1062
1775447687268,key-44,1100
1775447687271,key-19,3755
1775447687271,key-24,159
1775447687271,key-40,176
1775447687275,key-41,570
1775447687275,key-41,570
1775447687277,key-40,182
1775447687279,key-30,356
1775447687280,key-40,185
1775447687286,key-45,1380
1775447687287,key-5,1244
1775447687287,key-45,1381
1775447687288,key-48,1466
1775447687290,key-15,1426
1775447687290,key-35,2475
1775447687290,key-40,195
1775447687294,key-30,371
1775447687294,key-50,1106
1775447687295,key-17,246
1775447687297,key-39,319
1775447687297,key-40,202
1775447687298,key-41,593
1775447687302,key-36,988
1775447687302,key-15,1438
1775447687304,key-17,255
1775447687310,key-44,1142
1775447687311,key-40,216
1775447687313,key-42,1107
1775447687313,key-19,3797
1775447687319,key-17,270
1775447687319,key-5,1276
1775447687319,key-28,1713
1775447687320,key-2,1019
1775447687320,key-21,464
1775447687320,key-12,350
1775447687322,key-12,352
1775447687322,key-4,2066
1775447687322,key-17,273
1775447687326,key-40,159
1775447687328,key-12,358
1775447687328,key-48,1506
1775447687328,key-42,1122
1775447687331,key-49,408
1775447687338,key-42,1132
1775447687338,key-40,171
1775447687338,key-23,504
1775447687339,key-25,189
1775447687339,key-24,227
1775447687339,key-46,384
1775447687340,key-25,190
1775447687345,key-46,390
1775447687345,key-46,390
1775447687348,key-28,1742
1775447687349,key-17,300
1775447687349,key-5,1306
1775447687349,key-25,199
1775447687349,key-42,1143
1775447687354,key-8,420
1775447687361,key-12,391
1775447687366,key-34,531
1775447687366,key-44,1198
1775447687370,key-12,400
1775447687370,key-15,1506
1775447687375,key-46,420
1775447687375,key-28,1769
1775447687379,key-25,229
1775447687379,key-21,196
1775447687381,key-41,226
1775447687390,key-50,1202
1775447687390,key-3,250
1775447687392,key-12,422
1775447687392,key-28,1786
1775447687399,key-2,1098
1775447687405,key-25,255
1775447687407,key-34,572
1775447687409,key-45,1503
1775447687413,key-14,155
1775447687413,key-40,246
1775447687415,key-44,166
1775447687426,key-31,205
1775447687426,key-44,177
1775447687427,key-13,909
1775447687433,key-31,212
1775447687438,key-41,283
1775447687438,key-31,217
1775447687453,key-16,779
1775447687456,key-41,301
1775447687456,key-40,289
1775447687456,key-13,938
1775447687456,key-42,1250
1775447687457,key-43,159
1775447687457,key-33,801
1775447687458,key-43,160
1775447687459,key-40,292
1775447687460,key-46,505
1775447687460,key-36,1146
1775447687463,key-5,1420
1775447687463,key-46,508
1775447687466,key-18,178
1775447687467,key-25,317
1775447687473,key-48,224
1775447687474,key-36,1160
1775447687475,key-35,2660
1775447687477,key-17,428
1775447687477,key-4,2221
1775447687477,key-1,908
1775447687478,key-18,190
1775447687478,key-14,220
1775447687480,key-2,1179
1775447687480,key-27,830
1775447687484,key-19,3968
1775447687490,key-49,567
1775447687492,key-5,1449
1775447687495,key-17,446
1775447687495,key-47,1051
1775447687495,key-12,525
1775447687496,key-24,384
1775447687496,key-25,346
1775447687498,key-26,757
1775447687500,key-12,530
1775447687500,key-40,333
1775447687500,key-48,251
1775447687507,key-36,1193
1775447687508,key-14,209
1775447687510,key-48,261
1775447687510,key-9,1445
1775447687514,key-9,1449
1775447687515,key-17,466
1775447687517,key-19,4001
1775447687519,key-42,1313
1775447687520,key-25,370
1775447687520,key-25,370
1775447687520,key-49,166
1775447687521,key-19,4005
1775447687522,key-24,410
1775447687523,key-46,568
1775447687524,key-23,690
1775447687526,key-19,4010
1775447687528,key-15,1664
1775447687528,key-49,174
1775447687528,key-5,1485
1775447687528,key-44,207
1775447687531,key-4,2275
1775447687531,key-28,1925
1775447687533,key-7,904
1775447687533,key-12,563
1775447687535,key-44,214
1775447687543,key-15,1679
1775447687543,key-12,573
1775447687543,key-48,294
1775447687544,key-4,2288
1775447687544,key-50,1356
1775447687545,key-28,1939
1775447687546,key-49,623
1775447687547,key-25,397
1775447687554,key-12,584
1775447687555,key-24,443
1775447687557,key-49,203
1775447687559,key-25,409
1775447687559,key-5,1516
1775447687559,key-12,589
1775447687560,key-12,590
1775447687561,key-5,1518
1775447687564,key-28,1958
1775447687564,key-49,210
1775447687566,key-12,596
1775447687579,key-21,396
1775447687579,key-46,624
1775447687579,key-2,1278
1775447687580,key-15,1716
1775447687580,key-40,413
1775447687581,key-30,236
1775447687588,key-45,1682
1775447687588,key-25,438
1775447687593,key-44,272
1775447687597,key-8,663
1775447687599,key-31,254
1775447687612,key-34,777
1775447687614,key-12,644
1775447687615,key-2,1314
1775447687615,key-44,294
1775447687617,key-25,467
1775447687624,key-37,1639
1775447687630,key-35,2815
1775447687633,key-7,1004
1775447687643,key-21,460
1775447687651,key-9,1586
1775447687652,key-48,403
1775447687653,key-25,503
1775447687653,key-27,1003
1775447687655,key-35,2840
1775447687656,key-22,879
1775447687657,key-12,687
1775447687663,key-41,508
1775447687664,key-47,1220
1775447687665,key-32,411
1775447687666,key-19,290
1775447687668,key-47,1224
1775447687668,key-36,1354
1775447687670,key-13,1152
1775447687670,key-40,503
1775447687670,key-9,1605
1775447687675,key-9,1610
1775447687675,key-6,1577
1775447687675,key-40,508
1775447687682,key-17,164
1775447687684,key-46,729
1775447687684,key-25,534
1775447687684,key-25,534
1775447687687,key-25,537
1775447687689,key-1,167
1775447687692,key-44,371
1775447687694,key-44,373
1775447687696,key-1,263
1775447687698,key-9,1633
1775447687698,key-25,548
1775447687698,key-1,176
1775447687700,key-12,730
1775447687702,key-1,269
1775447687703,key-43,405
1775447687703,key-15,1839
1775447687709,key-19,333
1775447687711,key-4,2455
1775447687712,key-49,358
1775447687712,key-26,971
1775447687713,key-12,743
1775447687713,key-50,1525
1775447687717,key-19,341
1775447687717,key-12,161
1775447687719,key-49,365
1775447687721,key-49,367
1775447687722,key-49,368
1775447687722,key-50,1534
1775447687723,key-14,424
1775447687726,key-48,477
1775447687726,key-12,170
1775447687729,key-24,617
1775447687729,key-12,173
1775447687731,key-23,172
1775447687731,key-41,576
1775447687732,key-17,163
1775447687732,key-28,2126
1775447687736,key-34,901
1775447687737,key-15,1873
1775447687737,key-49,383
1775447687737,key-25,587
1775447687745,key-12,189
1775447687746,key-44,425
1775447687748,key-42,1542
1775447687753,key-12,197
1775447687753,key-25,603
1775447687758,key-8,824
1775447687759,key-10,2419
1775447687760,key-17,191
1775447687762,key-17,193
1775447687762,key-7,1133
1775447687763,key-49,409
1775447687763,key-5,1720
1775447687766,key-19,249
1775447687771,key-21,588
1775447687771,key-19,254
1775447687781,key-49,427
1775447687783,key-38,724
1775447687783,key-2,206
1775447687785,key-12,229
1775447687785,key-49,431
1775447687789,key-21,606
1775447687790,key-45,1884
1775447687791,key-7,1162
1775447687794,key-2,217
1775447687794,key-25,644
1775447687796,key-15,1932
1775447687800,key-12,244
1775447687801,key-5,1758
1775447687802,key-45,1896
1775447687803,key-40,636
1775447687803,key-37,226
1775447687804,key-47,1360
1775447687809,key-28,2203
1775447687811,key-2,234
1775447687816,key-37,239
1775447687819,key-34,984
1775447687819,key-13,1301
1775447687819,key-22,1042
1775447687821,key-22,1044
1775447687822,key-24,710
1775447687836,key-42,1630
1775447687841,key-37,264
1775447687842,key-12,286
1775447687843,key-32,589
1775447687845,key-25,695
1775447687845,key-19,328
1775447687860,key-36,1546
1775447687860,key-25,710
1775447687860,key-46,905
1775447687860,key-40,693
1775447687861,key-28,2255
1775447687861,key-35,3046
1775447687861,key-25,711
1775447687861,key-12,305
1775447687861,key-1,339
1775447687866,key-25,716
1775447687869,key-44,548
1775447687870,key-13,1352
1775447687878,key-9,1813
1775447687878,key-19,361
1775447687879,key-49,525
1775447687882,key-26,1141
1775447687886,key-50,290
1775447687887,key-30,542
1775447687887,key-32,633
1775447687887,key-24,775
1775447687887,key-12,331
1775447687890,key-41,735
1775447687893,key-32,639
1775447687893,key-29,168
1775447687894,key-43,596
1775447687894,key-14,228
1775447687896,key-49,542
1775447687897,key-1,375
1775447687897,key-26,1156
1775447687900,key-34,1065
1775447687902,key-33,1246
1775447687905,key-6,166
1775447687905,key-49,551
1775447687907,key-44,586
1775447687907,key-41,752
1775447687916,key-15,2052
1775447687917,key-7,1288
1775447687918,key-14,252
1775447687918,key-6,179
1775447687919,key-15,2055
1775447687924,key-25,774
1775447687927,key-17,358
1775447687927,key-15,2063
1775447687927,key-15,2063
1775447687934,key-49,580
1775447687934,key-44,613
1775447687935,key-1,413
1775447687939,key-19,422
1775447687942,key-12,386
1775447687942,key-12,386
1775447687944,key-12,388
1775447687946,key-38,887
1775447687946,key-12,390
1775447687946,key-19,429
1775447687950,key-38,891
1775447687950,key-5,1907
1775447687950,key-12,394
1775447687954,key-43,656
1775447687956,key-45,2050
1775447687959,key-33,194
1775447687961,key-5,1918
1775447687968,key-8,1034
1775447687968,key-42,1762
1775447687969,key-5,1926
1775447687970,key-2,393
1775447687970,key-49,616
1775447687972,key-38,913
1775447687973,key-25,823
1775447687976,key-37,399
1775447687976,key-2,399
1775447687978,key-5,156
1775447687978,key-37,401
1775447687979,key-5,157
1775447687980,key-38,159
1775447687982,key-37,405
1775447687982,key-22,1205
1775447687985,key-28,2379
1775447687986,key-42,1780
1775447687989,key-50,393
1775447687990,key-12,434
1775447687990,key-12,434
1775447687997,key-5,175
1775447688009,key-5,1966
1775447688015,key-19,498
1775447688016,key-26,157
1775447688016,key-37,439
1775447688016,key-5,194
1775447688021,key-2,444
1775447688026,key-36,1712
1775447688028,key-25,878
1775447688028,key-12,472
1775447688029,key-19,512
1775447688033,key-44,712
1775447688033,key-44,712
1775447688033,key-12,477
1775447688037,key-38,216
1775447688042,key-44,721
1775447688043,key-9,1978
1775447688044,key-34,1209
1775447688048,key-29,323
1775447688048,key-32,794
1775447688053,key-44,732
1775447688054,key-30,709
1775447688057,key-30,712
1775447688062,key-6,323
1775447688063,key-39,166
1775447688064,key-26,205
1775447688065,key-38,244
1775447688065,key-3,925
1775447688067,key-41,912
1775447688067,key-34,1232
1775447688067,key-29,342
1775447688068,key-34,1233
1775447688070,key-49,716
1775447688071,key-29,346
1775447688071,key-13,1553
1775447688080,key-44,759
1775447688081,key-12,525
1775447688082,key-44,761
1775447688084,key-42,1878
1775447688084,key-34,1249
1775447688089,key-15,2225
1775447688089,key-13,1571
1775447688090,key-31,745
1775447688091,key-14,425
1775447688093,key-49,739
1775447688094,key-37,517
1775447688094,key-27,1444
1775447688098,key-4,2842
1775447688108,key-21,925
1775447688108,key-49,754
1775447688112,key-12,556
1775447688113,key-24,1001
1775447688114,key-38,293
1775447688114,key-20,2256
1775447688118,key-8,1184
1775447688119,key-11,1297
1775447688121,key-32,867
1775447688121,key-49,767
1775447688126,key-5,304
1775447688129,key-40,962
1775447688129,key-6,390
1775447688133,key-26,274
1775447688133,key-37,167
1775447688133,key-42,199
1775447688134,key-38,313
1775447688135,key-3,995
1775447688137,key-14,471
1775447688140,key-49,786
1775447688141,key-2,564
1775447688141,key-2,564
1775447688142,key-30,797
1775447688144,key-14,478
1775447688146,key-2,569
1775447688151,key-49,797
1775447688157,key-35,3342
1775447688157,key-37,191
1775447688157,key-50,561
1775447688159,key-37,193
1775447688159,key-37,193
1775447688164,key-23,605
1775447688165,key-45,2259
1775447688166,key-12,610
1775447688166,key-2,589
1775447688169,key-37,203
1775447688170,key-19,653
1775447688172,key-5,161
1775447688176,key-12,620
1775447688180,key-37,214
1775447688184,key-12,628
1775447688185,key-12,629
1775447688185,key-2,608
1775447688189,key-12,633
1775447688189,key-14,523
1775447688191,key-44,870
1775447688191,key-44,870
1775447688192,key-12,636
1775447688198,key-22,1421
1775447688201,key-30,856
1775447688201,key-25,1051
1775447688201,key-17,632
1775447688206,key-5,195
1775447688206,key-5,195
1775447688207,key-49,853
1775447688208,key-38,387
1775447688212,key-36,1898
1775447688214,key-50,618
1775447688216,key-34,1381
1775447688216,key-32,962
1775447688217,key-26,358
1775447688219,key-44,898
1775447688221,key-5,210
1775447688222,key-6,483
1775447688222,key-38,401
1775447688229,key-30,884
1775447688233,key-5,222
1775447688235,key-28,2629
1775447688238,key-34,1403
1775447688239,key-40,1072
1775447688239,key-49,885
1775447688240,key-42,306
1775447688242,key-49,888
1775447688247,key-47,182
1775447688254,key-13,159
1775447688254,key-33,489
1775447688255,key-6,162
1775447688257,key-44,936
1775447688257,key-5,246
1775447688259,key-14,593
1775447688259,key-24,1147
1775447688259,key-13,164
1775447688261,key-4,3005
1775447688271,key-21,1088
1775447688272,key-37,306
1775447688273,key-46,169
1775447688273,key-4,3017
1775447688274,key-13,179
1775447688274,key-37,308
1775447688278,key-8,269
1775447688278,key-38,457
1775447688278,key-49,924
1775447688280,key-24,1168
1775447688283,key-40,1116
1775447688285,key-4,3029
1775447688289,key-31,944
1775447688290,key-38,469
1775447688291,key-44,970
1775447688293,key-6,200
1775447688295,key-38,474
1775447688298,key-49,944
1775447688300,key-30,955
1775447688300,key-16,177
1775447688310,key-8,301
1775447688312,key-38,491
1775447688312,key-14,646
1775447688314,key-34,1479
1775447688314,key-3,1174
1775447688314,key-50,718
1775447688316,key-49,962
1775447688318,key-10,2978
1775447688320,key-30,975
1775447688323,key-50,727
1775447688325,key-35,3510
1775447688326,key-31,981
1775447688327,key-37,361
1775447688334,key-37,368
1775447688334,key-8,325
1775447688336,key-47,178
1775447688336,key-23,777
1775447688342,key-45,2436
1775447688343,key-43,1045
1775447688343,key-41,1188
1775447688344,key-35,3529
1775447688345,key-19,358
1775447688348,key-12,792
1775447688350,key-37,384
1775447688350,key-37,384
1775447688351,key-14,685
1775447688357,key-22,1580
1775447688364,key-8,185
1775447688365,key-25,1215
1775447688371,key-12,815
1775447688372,key-34,1537
1775447688372,key-30,1027
1775447688372,key-22,1595
1775447688372,key-50,776
1775447688373,key-35,3558
1775447688373,key-49,1019
1775447688373,key-44,1052
1775447688373,key-9,2308
1775447688374,key-49,1020
1775447688375,key-22,1598
1775447688376,key-38,555
1775447688378,key-32,1124
1775447688378,key-17,809
1775447688381,key-50,785
1775447688383,key-7,1754
1775447688383,key-26,524
1775447688389,key-5,378
1775447688392,key-17,823
1775447688392,key-34,1557
1775447688392,key-2,315
1775447688392,key-32,1138
1775447688394,key-38,573
1775447688399,key-37,433
1775447688404,key-46,300
1775447688408,key-5,397
1775447688409,key-34,1574
1775447688409,key-36,2095
1775447688409,key-34,1574
1775447688416,key-12,860
1775447688417,key-4,3161
1775447688419,key-49,1065
1775447688427,key-49,1073
1775447688429,key-44,1108
1775447688430,key-49,1076
1775447688432,key-39,535
1775447688432,key-46,328
1775447688435,key-37,469
1775447688441,key-14,775
1775447688441,key-44,1120
1775447688445,key-38,624
1775447688445,key-24,1333
1775447688451,key-4,3195
1775447688451,key-21,1268
1775447688454,key-32,1200
1775447688454,key-31,1109
1775447688455,key-40,1288
1775447688458,key-49,166
1775447688460,key-38,639
1775447688462,key-40,1295
1775447688465,key-5,454
1775447688465,key-30,1120
1775447688465,key-44,173
1775447688466,key-49,174
1775447688470,key-20,2612
1775447688470,key-23,911
1775447688474,key-32,1220
1775447688476,key-38,655
1775447688478,key-8,299
1775447688480,key-6,387
1775447688480,key-38,659
1775447688480,key-4,3224
1775447688481,key-44,189
1775447688481,key-3,1341
1775447688481,key-49,189
1775447688482,key-50,886
1775447688485,key-34,1650
1775447688489,key-29,367
1775447688492,key-17,923
1775447688498,key-37,532
1775447688499,key-38,678
1775447688500,key-38,679
1775447688501,key-14,835
1775447688504,key-41,1349
1775447688504,key-27,1854
1775447688504,key-50,908
1775447688505,key-25,1355
1775447688510,key-16,387
1775447688511,key-44,219
1775447688511,key-47,353
1775447688511,key-37,545
1775447688526,key-37,560
1775447688527,key-7,1898
1775447688528,key-43,1230
1775447688528,key-41,1373
1775447688530,key-37,564
1775447688536,key-24,1424
1775447688537,key-49,245
1775447688537,key-50,941
1775447688543,key-38,722
1775447688547,key-32,1293
1775447688549,key-47,391
1775447688549,key-21,241
1775447688550,key-50,954
1775447688558,key-41,1403
1775447688559,key-49,267
1775447688562,key-24,1450
1775447688563,key-34,1728
1775447688565,key-6,472
1775447688571,key-35,332
1775447688571,key-50,975
1775447688571,key-17,1002
1775447688572,key-17,1003
1775447688572,key-5,178
1775447688572,key-5,178
1775447688572,key-50,976
1775447688575,key-36,2261
1775447688577,key-36,2263
1775447688577,key-23,1018
1775447688579,key-35,340
1775447688584,key-4,3328
1775447688585,key-13,490
1775447688586,key-40,1419
1775447688586,key-3,1446
1775447688586,key-49,294
1775447688592,key-34,1757
1775447688592,key-38,771
1775447688592,key-38,771
1775447688594,key-34,1759
1775447688597,key-46,493
1775447688597,key-13,502
1775447688597,key-18,457
1775447688599,key-31,181
1775447688599,key-44,191
1775447688599,key-35,360
1775447688599,key-5,205
1775447688601,key-49,309
1775447688604,key-4,3348
1775447688605,key-12,368
1775447688617,key-5,223
1775447688619,key-49,327
1775447688620,key-40,1453
1775447688622,key-40,1455
1775447688622,key-28,3016
1775447688622,key-46,518
1775447688622,key-49,330
1775447688623,key-47,465
1775447688624,key-29,214
1775447688627,key-14,961
1775447688627,key-21,319
1775447688629,key-49,337
1775447688637,key-8,458
1775447688638,key-44,230
1775447688643,key-5,249
1775447688644,key-5,250
1775447688646,key-31,228
1775447688648,key-44,240
1775447688648,key-27,1998
1775447688650,key-38,829
1775447688652,key-25,170
1775447688654,key-49,362
1775447688654,key-45,2748
1775447688655,key-49,363
1775447688659,key-23,1100
1775447688659,key-49,367
1775447688659,key-38,838
1775447688663,key-4,3407
1775447688663,key-20,2805
1775447688668,key-47,228
1775447688672,key-16,549
1775447688684,key-14,1018
1775447688685,key-25,203
1775447688687,key-32,1433
1775447688688,key-33,923
1775447688689,key-41,202
1775447688691,key-38,870
1775447688692,key-44,174
1775447688693,key-44,175
1775447688696,key-50,1100
1775447688703,key-24,1591
1775447688704,key-37,738
1775447688704,key-35,465
1775447688705,key-24,1593
1775447688706,key-39,418
1775447688711,key-40,171
1775447688720,key-41,233
1775447688720,key-32,1466
1775447688721,key-14,1055
1775447688722,key-43,1424
1775447688723,key-41,236
1775447688724,key-47,284
1775447688724,key-25,242
1775447688725,key-41,238
1775447688725,key-38,904
1775447688730,key-14,181
1775447688730,key-50,1134
1775447688732,key-38,911
1775447688735,key-34,1900
1775447688741,key-39,453
1775447688741,key-5,347
1775447688741,key-5,347
1775447688741,key-35,502
1775447688741,key-38,920
1775447688746,key-37,780
1775447688746,key-49,454
1775447688749,key-23,1190
1775447688755,key-35,516
1775447688755,key-33,990
1775447688756,key-38,935
1775447688758,key-38,937
1775447688761,key-41,274
1775447688761,key-4,3505
1775447688761,key-31,343
1775447688763,key-5,369
1775447688765,key-3,1625
1775447688775,key-50,1179
1775447688776,key-7,238
1775447688776,key-49,484
1775447688776,key-36,332
1775447688784,key-49,492
1775447688784,key-28,3178
1775447688786,key-12,549
1775447688789,key-49,497
1775447688789,key-42,631
1775447688790,key-17,1221
1775447688790,key-8,611
1775447688793,key-15,2929
1775447688793,key-40,253
1775447688794,key-17,1225
1775447688798,key-49,506
1775447688801,key-40,261
1775447688801,key-49,509
1775447688802,key-41,315
1775447688802,key-32,1548
1775447688808,key-49,516
1775447688810,key-13,205
1775447688810,key-35,571
1775447688814,key-2,187
1775447688818,key-3,1678
1775447688820,key-49,528
1775447688822,key-46,718
1775447688822,key-5,428
1775447688823,key-31,405
1775447688823,key-4,3567
1775447688823,key-19,836
1775447688823,key-35,584
1775447688826,key-12,589
1775447688828,key-16,705
1775447688829,key-47,389
1775447688830,key-12,188
1775447688832,key-23,1273
1775447688835,key-10,3495
1775447688838,key-31,420
1775447688846,key-6,753
1775447688847,key-25,365
1775447688847,key-38,1026
1775447688848,key-49,556
1775447688848,key-33,1083
1775447688850,key-45,2944
1775447688850,key-33,1085
1775447688851,key-50,1255
1775447688852,key-40,198
1775447688852,key-33,1087
1775447688855,key-25,373
1775447688855,key-4,3599
1775447688865,key-24,1753
1775447688865,key-8,686
1775447688877,key-50,1281
1775447688877,key-10,3537
1775447688877,key-43,1579
1775447688879,key-42,181
1775447688879,key-44,361
1775447688880,key-37,914
1775447688882,key-35,643
1775447688883,key-41,396
1775447688894,key-24,1782
1775447688899,key-25,417
1775447688902,key-5,508
1775447688909,key-37,943
1775447688910,key-38,1089
1775447688912,key-32,1658
1775447688914,key-37,948
1775447688915,key-35,676
1775447688915,key-29,223
1775447688916,key-38,1095
1775447688921,key-5,527
1775447688922,key-38,1101
1775447688922,key-5,528
1775447688923,key-3,1783
1775447688926,key-39,184
1775447688928,key-1,1406
1775447688932,key-39,644
1775447688933,key-2,306
1775447688933,key-35,694
1775447688933,key-35,694
1775447688934,key-41,447
1775447688936,key-41,449
1775447688938,key-49,646
1775447688945,key-50,1349
1775447688950,key-38,1129
1775447688950,key-7,412
1775447688950,key-47,167
1775447688951,key-36,507
1775447688951,key-49,659
1775447688951,key-32,1697
1775447688954,key-39,212
1775447688964,key-17,1395
1775447688982,key-3,1842
1775447688983,key-10,3643
1775447688983,key-40,329
1775447688983,key-8,804
1775447688983,key-35,744
1775447688984,key-2,357
1775447688984,key-33,1219
1775447688984,key-39,242
1775447688985,key-17,1416
1775447688985,key-49,693
1775447688986,key-12,262
1775447688987,key-2,360
1775447688987,key-3,1847
1775447688988,key-35,749
1775447688997,key-28,3391
1775447688998,key-43,1700
1775447689001,key-14,169
1775447689001,key-4,3745
1775447689005,key-12,281
1775447689012,key-47,229
1775447689023,key-23,1464
1775447689024,key-13,419
1775447689025,key-33,201
1775447689025,key-43,1727
1775447689026,key-33,202
1775447689027,key-10,194
1775447689027,key-23,1468
1775447689027,key-14,195
1775447689027,key-8,848
1775447689032,key-49,740
1775447689033,key-25,200
1775447689033,key-25,200
1775447689034,key-33,210
1775447689034,key-49,742
1775447689034,key-24,1922
1775447689034,key-6,941
1775447689034,key-33,210
1775447689035,key-44,517
1775447689035,key-16,182
1775447689035,key-12,311
1775447689037,key-4,3781
1775447689038,key-9,2973
1775447689039,key-4,3783
1775447689040,key-43,1742
1775447689040,key-25,207
1775447689040,key-14,208
1775447689042,key-47,259
1775447689043,key-28,158
1775447689054,key-37,1088
1775447689056,key-4,3800
1775447689075,key-10,213
1775447689077,key-23,1518
1775447689077,key-5,683
1775447689078,key-43,1780
1775447689080,key-42,382
1775447689081,key-24,1969
1775447689081,key-37,1115
1775447689090,key-25,257
1775447689097,key-10,235
1775447689101,key-29,409
1775447689102,key-25,269
1775447689102,key-45,3196
1775447689103,key-25,270
1775447689103,key-35,864
1775447689106,key-28,221
1775447689106,key-28,3500
1775447689106,key-35,867
1775447689106,key-45,3200
1775447689106,key-12,382
1775447689107,key-13,502
1775447689107,key-5,713
1775447689107,key-25,274
1775447689107,key-39,365
1775447689107,key-16,254
1775447689108,key-37,1142
1775447689109,key-49,817
1775447689109,key-41,622
1775447689126,key-5,732
1775447689137,key-50,266
1775447689139,key-4,205
1775447689139,key-33,315
1775447689139,key-26,204
1775447689142,key-39,400
1775447689142,key-37,1176
1775447689143,key-6,1050
1775447689143,key-4,209
1775447689143,key-39,401
1775447689145,key-50,274
1775447689151,key-35,912
1775447689151,key-36,707
1775447689154,key-12,430
1775447689154,key-49,862
1775447689154,key-32,1900
1775447689154,key-35,915
1775447689155,key-38,1334
1775447689155,key-1,1633
1775447689156,key-49,864
1775447689159,key-38,1338
1775447689178,key-35,939
1775447689178,key-24,2066
1775447689179,key-48,1205
1775447689179,key-16,326
1775447689180,key-8,1001
1775447689180,key-30,1835
1775447689180,key-4,246
1775447689182,key-31,764
1775447689187,key-23,1628
1775447689189,key-47,406
1775447689193,key-37,1227
1775447689205,key-12,481
1775447689206,key-44,688
1775447689206,key-16,353
1775447689207,key-39,465
1775447689208,key-28,323
1775447689208,key-35,969
1775447689208,key-33,384
1775447689208,key-4,274
1775447689209,key-33,385
1775447689209,key-8,1030
1775447689211,key-9,3146
1775447689212,key-8,1033
1775447689212,key-3,2072
1775447689212,key-6,1119
1775447689213,key-5,819
1775447689213,key-37,1247
1775447689214,key-32,1960
1775447689214,key-49,196
1775447689232,key-49,214
1775447689232,key-1,1710
1775447689233,key-12,509
1775447689248,key-37,1282
1775447689248,key-4,314
1775447689256,key-49,238
1775447689256,key-14,179
1775447689257,key-12,533
1775447689257,key-7,719
1775447689257,key-43,1959
1775447689257,key-24,2145
1775447689257,key-28,372
1775447689257,key-14,180
1775447689260,key-28,375
1775447689263,key-28,378
1775447689265,key-4,331
1775447689265,key-23,1706
1775447689265,key-32,2011
1775447689267,key-38,159
1775447689271,key-35,1032
1775447689271,key-40,617
1775447689273,key-5,879
1775447689274,key-5,880
1775447689274,key-28,389
1775447689277,key-28,392
1775447689283,key-43,1985
1775447689283,key-24,2171
1775447689283,key-46,1179
1775447689283,key-39,541
1775447689283,key-11,2461
1775447689284,key-45,3378
1775447689289,key-45,3383
1775447689289,key-16,436
1775447689289,key-35,1050
1775447689292,key-17,1723
1775447689292,key-41,805
1775447689299,key-37,1333
1775447689306,key-3,2166
1775447689307,key-39,564
1775447689308,key-36,186
1775447689308,key-39,566
1775447689309,key-34,2474
1775447689309,key-35,1070
1775447689313,key-45,3407
1775447689316,key-17,1747
1775447689317,key-35,1078
1775447689317,key-24,2205
1775447689323,key-4,389
1775447689329,key-37,1363
1775447689331,key-45,3425
1775447689332,key-12,608
1775447689333,key-36,211
1775447689334,key-49,316
1775447689334,key-35,1095
1775447689334,key-7,796
1775447689335,key-4,401
1775447689336,key-29,644
1775447689336,key-13,247
1775447689341,key-41,854
1775447689344,key-31,282
1775447689351,key-18,1211
1775447689352,key-38,244
1775447689352,key-3,2212
1775447689356,key-35,1117
1775447689358,key-25,525
1775447689359,key-4,425
1775447689364,key-16,511
1775447689365,key-48,1391
1775447689370,key-4,436
1775447689371,key-34,2536
1775447689376,key-37,1410
1775447689378,key-8,1199
1775447689379,key-19,1392
1775447689379,key-5,985
1775447689379,key-26,444
1775447689380,key-16,527
1775447689382,key-11,2560
1775447689387,key-44,869
1775447689388,key-33,332
1775447689388,key-1,1866
1775447689390,key-9,3325
1775447689390,key-35,1151
1775447689391,key-35,1152
1775447689391,key-9,3326
1775447689393,key-39,214
1775447689394,key-11,2572
1775447689394,key-24,2282
1775447689397,key-8,1218
1775447689399,key-13,176
1775447689400,key-20,3542
1775447689400,key-3,2260
1775447689404,key-47,621
1775447689405,key-36,283
1775447689410,key-14,333
1775447689410,key-14,333
1775447689411,key-32,2157
1775447689421,key-29,729
1775447689429,key-14,352
1775447689431,key-38,323
1775447689432,key-46,1328
1775447689437,key-13,214
1775447689438,key-14,361
1775447689438,key-9,3373
1775447689438,key-49,420
1775447689438,key-24,2326
1775447689439,key-10,577
1775447689439,key-12,715
1775447689443,key-13,220
1775447689445,key-46,156
1775447689447,key-16,594
1775447689448,key-28,563
1775447689452,key-43,2154
1775447689453,key-46,164
1775447689456,key-32,2202
1775447689460,key-35,1221
1775447689460,key-28,575
1775447689461,key-35,1222
1775447689463,key-45,293
1775447689467,key-5,1073
1775447689467,key-39,288
1775447689468,key-46,179
1775447689470,key-28,585
1775447689472,key-7,934
1775447689472,key-16,619
1775447689472,key-7,934
1775447689473,key-20,3615
1775447689475,key-46,186
1775447689481,key-16,628
1775447689481,key-43,2183
1775447689488,key-4,554
1775447689488,key-24,2376
1775447689493,key-45,323
1775447689499,key-46,210
1775447689501,key-46,212
1775447689503,key-12,779
1775447689504,key-45,334
1775447689511,key-46,222
1775447689511,key-39,332
1775447689512,key-19,1525
1775447689513,key-24,2401
1775447689514,key-12,790
1775447689518,key-13,295
1775447689518,key-38,410
1775447689526,key-13,303
1775447689526,key-17,1957
1775447689532,key-39,353
1775447689532,key-4,598
1775447689532,key-13,309
1775447689533,key-32,2279
1775447689533,key-43,2235
1775447689539,key-28,172
1775447689540,key-7,1002
1775447689544,key-34,2709
1775447689545,key-4,611
1775447689550,key-20,3692
1775447689552,key-37,1586
1775447689552,key-28,185
1775447689552,key-33,496
1775447689552,key-12,828
1775447689556,key-11,185
1775447689558,key-9,3493
1775447689558,key-20,3700
1775447689558,key-13,335
1775447689559,key-28,192
1775447689562,key-11,191
1775447689565,key-46,276
1775447689570,key-33,514
1775447689570,key-14,493
1775447689571,key-24,2459
1775447689573,key-8,1394
1775447689577,key-2,950
1775447689577,key-45,407
1775447689578,key-13,355
1775447689578,key-27,2928
1775447689578,key-32,2324
1775447689584,key-24,2472
1775447689584,key-16,731
1775447689586,key-27,2936
1775447689589,key-14,512
1775447689591,key-35,225
1775447689591,key-14,514
1775447689594,key-20,3736
1775447689595,key-4,661
1775447689598,key-34,2763
1775447689603,key-46,314
1775447689609,key-45,439
1775447689610,key-32,2356
1775447689619,key-5,1225
1775447689620,key-11,249
1775447689620,key-24,2508
1775447689621,key-46,332
1775447689621,key-9,3556
1775447689624,key-48,1650
1775447689625,key-6,393
1775447689627,key-1,2105
1775447689627,key-46,338
1775447689630,key-49,612
1775447689633,key-28,266
1775447689635,key-24,2523
1775447689635,key-8,1456
1775447689636,key-13,413
1775447689636,key-39,457
1775447689637,key-28,270
1775447689640,key-19,1653
1775447689640,key-7,1102
1775447689640,key-21,464
1775447689641,key-6,409
1775447689642,key-46,353
1775447689642,key-22,2865
1775447689644,key-43,2346
1775447689645,key-39,466
1775447689647,key-16,794
1775447689649,key-38,541
1775447689649,key-28,282
1775447689649,key-14,572
1775447689654,key-49,636
1775447689654,key-46,365
1775447689659,key-13,436
1775447689660,key-45,490
1775447689661,key-46,372
1775447689662,key-12,938
1775447689662,key-16,809
1775447689672,key-23,2113
1775447689676,key-45,506
1775447689680,key-22,2903
1775447689680,key-43,2382
1775447689684,key-50,182
1775447689685,key-46,396
1775447689688,key-13,465
1775447689688,key-43,2390
1775447689688,key-45,518
1775447689690,key-25,169
1775447689691,key-39,512
1775447689693,key-34,2858
1775447689695,key-50,193
1775447689700,key-43,2402
1775447689706,key-4,772
1775447689712,key-39,533
1775447689712,key-7,1174
1775447689719,key-7,1181
1775447689721,key-28,187
1775447689721,key-24,155
1775447689723,key-41,1236
1775447689723,key-7,1185
1775447689727,key-14,650
1775447689729,key-14,157
1775447689730,key-8,1551
1775447689733,key-28,199
1775447689736,key-9,3671
1775447689736,key-14,164
1775447689736,key-27,282
1775447689737,key-47,954
1775447689737,key-12,1013
1775447689738,key-45,568
1775447689739,key-14,167
1775447689743,key-14,171
1775447689744,key-11,373
1775447689744,key-28,210
1775447689747,key-32,2493
1775447689747,key-48,1773
1775447689750,key-24,184
1775447689753,key-8,1574
1775447689759,key-13,536
1775447689760,key-8,1581
1775447689760,key-33,704
1775447689762,key-4,828
1775447689766,key-28,232
1775447689767,key-4,833
1775447689768,key-4,834
1775447689768,key-2,349
1775447689769,key-32,2515
1775447689770,key-16,917
1775447689774,key-14,202
1775447689775,key-27,321
1775447689783,key-42,1085
1775447689784,key-49,766
1775447689787,key-46,498
1775447689798,key-46,509
1775447689798,key-11,427
1775447689802,key-33,746
1775447689802,key-46,513
1775447689806,key-19,1819
1775447689807,key-39,628
1775447689809,key-8,1630
1775447689813,key-44,1295
1775447689813,key-42,1115
1775447689813,key-16,960
1775447689814,key-20,3956
1775447689819,key-42,1121
1775447689819,key-21,643
1775447689819,key-43,2521
1775447689819,key-6,587
1775447689819,key-46,530
1775447689823,key-45,652
1775447689823,key-35,457
1775447689823,key-46,534
1775447689823,key-22,3046
1775447689825,key-28,164
1775447689825,key-46,536
1775447689825,key-13,173
1775447689825,key-32,2571
1775447689829,key-28,168
1775447689833,key-45,663
1775447689833,key-46,544
1775447689834,key-15,3970
1775447689836,key-39,657
1775447689836,key-38,166
1775447689838,key-23,2279
1775447689841,key-28,180
1775447689850,key-11,479
1775447689852,key-22,3075
1775447689852,key-38,182
1775447689852,key-8,1673
1775447689855,key-43,2557
1775447689856,key-14,284
1775447689856,key-28,322
1775447689858,key-45,688
1775447689858,key-16,1005
1775447689858,key-11,487
1775447689862,key-6,630
1775447689864,key-39,685
1775447689882,key-50,380
1775447689885,key-38,160
1775447689887,key-34,3052
1775447689889,key-50,387
1775447689890,key-28,229
1775447689890,key-14,318
1775447689892,key-31,174
1775447689892,key-24,326
1775447689894,key-13,242
1775447689905,key-47,1122
1775447689905,key-14,333
1775447689905,key-9,281
1775447689906,key-21,173
1775447689907,key-43,2609
1775447689907,key-2,223
1775447689910,key-27,456
1775447689912,key-12,1188
1775447689918,key-42,1220
1775447689918,key-8,1739
1775447689918,key-47,1135
1775447689919,key-12,1195
1775447689921,key-38,251
1775447689922,key-25,401
1775447689922,key-8,1743
1775447689923,key-9,299
1775447689923,key-2,239
1775447689924,key-28,263
1775447689931,key-14,359
1775447689936,key-33,880
1775447689937,key-32,2683
1775447689938,key-20,4080
1775447689939,key-33,883
1775447689939,key-43,2641
1775447689939,key-24,373
1775447689940,key-19,1953
1775447689941,key-4,1007
1775447689942,key-28,281
1775447689944,key-2,260
1775447689952,key-49,934
1775447689955,key-17,2386
1775447689956,key-24,390
1775447689958,key-4,1024
1775447689962,key-42,1264
1775447689962,key-13,310
1775447689964,key-32,2710
1775447689966,key-27,512
1775447689967,key-4,1033
1775447689968,key-33,912
1775447689976,key-45,806
1775447689977,key-12,1253
1775447689979,key-14,407
1775447689980,key-16,1127
1775447689983,key-35,617
1775447689985,key-32,2731
1775447689986,key-35,620
1775447689987,key-14,415
1775447689987,key-44,1469
1775447689988,key-13,336
1775447689990,key-41,1503
1775447689990,key-46,701
1775447689995,key-13,343
1775447689998,key-36,876
1775447690003,key-9,379
1775447690003,key-22,3226
1775447690004,key-24,438
1775447690005,key-28,165
1775447690007,key-46,718
1775447690008,key-39,204
1775447690010,key-32,2756
1775447690011,key-46,722
1775447690011,key-8,1832
1775447690014,key-16,159
1775447690018,key-33,962
1775447690023,key-11,652
1775447690023,key-14,451
1775447690023,key-28,183
1775447690029,key-44,1511
1775447690030,key-45,860
1775447690039,key-3,2899
1775447690040,key-38,315
1775447690041,key-30,446
1775447690041,key-46,752
1775447690041,key-11,670
1775447690041,key-23,2482
1775447690041,key-22,3264
1775447690042,key-11,671
1775447690042,key-14,470
1775447690051,key-38,326
1775447690058,key-16,203
1775447690059,key-34,3224
1775447690059,key-43,2761
1775447690060,key-45,890
1775447690063,key-28,223
1775447690063,key-39,259
1775447690064,key-45,894
1775447690064,key-14,492
1775447690066,key-43,2768
1775447690070,key-47,1287
1775447690073,key-13,421
1775447690077,key-14,505
1775447690080,key-12,1356
1775447690082,key-24,516
1775447690082,key-2,225
1775447690083,key-33,1027
1775447690083,key-9,459
1775447690093,key-8,1914
1775447690093,key-11,722
1775447690093,key-6,861
1775447690094,key-11,723
1775447690094,key-24,528
1775447690095,key-12,1371
1775447690098,key-19,2111
1775447690100,key-25,579
1775447690100,key-12,1376
1775447690101,key-11,730
1775447690101,key-28,261
1775447690104,key-14,532
1775447690105,key-2,248
1775447690109,key-3,2969
1775447690111,key-42,1413
1775447690111,key-32,2857
1775447690111,key-19,2124
1775447690113,key-38,388
1775447690117,key-44,162
1775447690122,key-48,494
1775447690123,key-21,390
1775447690123,key-42,1425
1775447690123,key-33,1067
1775447690123,key-33,1067
1775447690124,key-49,1106
1775447690124,key-25,603
1775447690124,key-19,2137
1775447690139,key-33,1083
1775447690140,key-2,283
1775447690143,key-27,689
1775447690143,key-14,571
1775447690143,key-12,1419
1775447690146,key-30,551
1775447690146,key-27,692
1775447690156,key-12,1432
1775447690157,key-32,155
1775447690158,key-15,4294
1775447690158,key-36,1036
1775447690159,key-20,4301
1775447690162,key-19,2175
1775447690165,key-14,593
1775447690165,key-35,799
1775447690172,key-28,332
1775447690172,key-24,606
1775447690173,key-32,162
1775447690173,key-13,521
1775447690177,key-36,1055
1775447690179,key-14,607
1775447690180,key-39,376
1775447690180,key-13,528
1775447690187,key-46,898
1775447690188,key-32,177
1775447690190,key-22,3413
1775447690190,key-14,618
1775447690190,key-50,688
1775447690190,key-45,1020
1775447690190,key-45,1020
1775447690199,key-45,1029
1775447690209,key-28,369
1775447690209,key-25,688
1775447690209,key-23,2650
1775447690210,key-38,171
1775447690221,key-44,266
1775447690223,key-42,1525
1775447690223,key-24,657
1775447690224,key-45,1054
1775447690224,key-38,185
1775447690224,key-23,2665
1775447690224,key-50,722
1775447690224,key-34,3389
1775447690225,key-28,385
1775447690225,key-11,854
1775447690225,key-36,1103
1775447690230,key-45,1060
1775447690233,key-8,188
1775447690237,key-47,1454
1775447690237,key-43,2939
1775447690239,key-38,200
1775447690241,key-28,401
1775447690243,key-16,388
1775447690243,key-46,954
1775447690243,key-32,232
1775447690245,key-46,956
1775447690246,key-28,406
1775447690248,key-33,1192
1775447690248,key-14,676
1775447690251,key-46,962
1775447690251,key-30,656
1775447690258,key-12,1534
1775447690259,key-49,1241
1775447690260,key-46,971
1775447690262,key-24,696
1775447690262,key-33,1206
1775447690262,key-18,691
1775447690263,key-12,1539
1775447690263,key-2,406
1775447690268,key-15,255
1775447690269,key-17,2700
1775447690274,key-9,650
1775447690278,key-12,1554
1775447690279,key-11,908
1775447690280,key-38,241
1775447690281,key-28,441
1775447690281,key-42,1583
1775447690282,key-19,2295
1775447690282,key-19,2295
1775447690282,key-12,1558
1775447690283,key-49,1265
1775447690288,key-42,1590
1775447690290,key-3,3150
1775447690294,key-49,1276
1775447690294,key-49,1276
1775447690297,key-44,342
1775447690298,key-2,441
1775447690299,key-25,778
1775447690308,key-33,1252
1775447690308,key-28,468
1775447690309,key-6,1077
1775447690316,key-36,1194
1775447690316,key-6,1084
1775447690321,key-2,464
1775447690323,key-29,1631
1775447690325,key-35,959
1775447690328,key-19,2341
1775447690331,key-35,965
1775447690332,key-13,680
1775447690332,key-37,172
1775447690333,key-30,738
1775447690335,key-48,178
1775447690340,key-28,500
1775447690341,key-14,769
1775447690346,key-37,186
1775447690347,key-32,336
1775447690349,key-15,336
1775447690350,key-28,510
1775447690357,key-19,2370
1775447690358,key-27,171
1775447690358,key-36,1236
1775447690358,key-12,1634
1775447690358,key-7,752
1775447690359,key-7,753
1775447690359,key-45,1189
1775447690360,key-14,788
1775447690360,key-32,349
1775447690361,key-19,2374
1775447690368,key-4,1434
1775447690369,key-17,2800
1775447690375,key-8,330
1775447690379,key-2,522
1775447690385,key-36,1263
1775447690385,key-45,1215
1775447690386,key-32,375
1775447690389,key-38,350
1775447690390,key-28,550
1775447690393,key-23,2834
1775447690397,key-24,831
1775447690397,key-11,1026
1775447690399,key-28,559
1775447690399,key-8,354
1775447690403,key-43,3105
1775447690404,key-2,178
1775447690407,key-11,1036
1775447690407,key-46,1118
1775447690412,key-22,3635
1775447690414,key-42,1716
1775447690417,key-30,822
1775447690419,key-32,408
1775447690419,key-8,374
1775447690420,key-28,580
1775447690421,key-44,466
1775447690423,key-4,1489
1775447690426,key-46,1137
1775447690427,key-1,2905
1775447690429,key-28,589
1775447690432,key-14,860
1775447690433,key-12,1709
1775447690435,key-9,811
1775447690435,key-15,422
1775447690435,key-49,1417
1775447690437,key-38,398
1775447690437,key-15,424
1775447690438,key-30,843
1775447690441,key-28,601
1775447690442,key-39,638
1775447690443,key-2,156
1775447690446,key-17,2877
1775447690450,key-25,929
1775447690453,key-9,829
1775447690458,key-3,3318
1775447690461,key-3,3321
1775447690461,key-25,940
1775447690462,key-42,1764
1775447690462,key-42,1764
1775447690463,key-43,3165
1775447690466,key-49,1448
1775447690466,key-49,1448
1775447690466,key-49,1448
1775447690466,key-11,1095
1775447690467,key-12,1743
1775447690473,key-28,633
1775447690474,key-12,1750
1775447690475,key-15,462
1775447690477,key-6,1245
1775447690480,key-44,525
1775447690480,key-29,1788
1775447690480,key-17,2911
1775447690483,key-49,1465
1775447690484,key-35,249
1775447690486,key-12,1762
1775447690493,key-28,653
1775447690493,key-48,336
1775447690494,key-24,928
1775447690504,key-29,1812
1775447690505,key-13,853
1775447690507,key-36,1385
1775447690510,key-49,1492
1775447690514,key-49,1496
1775447690514,key-42,1816
1775447690528,key-19,2541
1775447690529,key-27,265
1775447690534,key-28,694
1775447690539,key-6,181
1775447690539,key-19,2552
1775447690541,key-14,969
1775447690542,key-2,255
1775447690544,key-22,3767
1775447690544,key-14,972
1775447690544,key-43,183
1775447690544,key-6,186
1775447690548,key-32,537
1775447690548,key-39,242
1775447690553,key-4,1619
1775447690557,key-35,322
1775447690558,key-35,323
1775447690558,key-43,197
1775447690558,key-36,1436
1775447690558,key-45,1388
1775447690561,key-15,548
1775447690561,key-13,909
1775447690564,key-35,177
1775447690566,key-32,555
1775447690571,key-23,3012
1775447690571,key-11,1200
1775447690575,key-36,1453
1775447690578,key-47,225
1775447690579,key-32,568
1775447690579,key-7,973
1775447690579,key-6,221
1775447690579,key-28,739
1775447690582,key-8,537
1775447690584,key-34,3749
1775447690588,key-43,227
1775447690589,key-12,1865
1775447690591,key-30,996
1775447690596,key-42,1898
1775447690599,key-49,1581
1775447690601,key-15,588
1775447690602,key-46,1313
1775447690603,key-15,590
1775447690603,key-9,979
1775447690603,key-4,176
1775447690609,key-38,570
1775447690612,key-37,270
1775447690613,key-25,1092
1775447690615,key-4,188
1775447690616,key-42,1918
1775447690619,key-28,779
1775447690619,key-36,1497
1775447690621,key-49,1603
1775447690622,key-49,1604
1775447690623,key-20,4765
1775447690625,key-2,338
1775447690629,key-11,1258
1775447690630,key-2,343
1775447690630,key-3,3490
1775447690635,key-33,1579
1775447690635,key-3,3495
1775447690635,key-2,348
1775447690635,key-49,1617
1775447690637,key-29,1945
1775447690638,key-44,683
1775447690643,key-49,1625
1775447690644,key-28,804
1775447690649,key-17,3080
1775447690649,key-49,1631
1775447690650,key-28,810
1775447690652,key-48,207
1775447690654,key-30,1059
1775447690655,key-35,192
1775447690656,key-28,816
1775447690658,key-25,1137
1775447690660,key-12,1936
1775447690660,key-49,1642
1775447690663,key-13,1011
1775447690664,key-13,1012
1775447690666,key-12,1942
1775447690669,key-38,630
1775447690669,key-28,829
1775447690669,key-9,1045
1775447690669,key-38,630
1775447690670,key-6,312
1775447690675,key-17,3106
1775447690675,key-22,3898
1775447690676,key-49,1658
1775447690682,key-29,1990
1775447690682,key-49,1664
1775447690690,key-13,1038
1775447690691,key-11,1320
1775447690694,key-28,854
1775447690696,key-13,1044
1775447690701,key-35,238
1775447690706,key-39,199
1775447690706,key-48,261
1775447690707,key-49,1689
1775447690707,key-14,1135
1775447690710,key-6,352
1775447690710,key-28,870
1775447690710,key-27,446
1775447690714,key-6,356
1775447690718,key-32,707
1775447690723,key-32,712
1775447690724,key-35,185
1775447690724,key-45,1554
1775447690727,key-35,188
1775447690727,key-4,300
1775447690727,key-35,188
1775447690733,key-35,194
1775447690740,key-17,3171
1775447690751,key-30,1156
1775447690752,key-37,410
1775447690755,key-11,1384
1775447690758,key-19,178
1775447690759,key-25,1238
1775447690765,key-46,1476
1775447690765,key-20,4907
1775447690765,key-49,1747
1775447690769,key-3,3629
1775447690770,key-9,1146
1775447690773,key-37,431
1775447690774,key-42,2076
1775447690781,key-49,1763
1775447690782,key-28,177
1775447690783,key-18,1212
1775447690784,key-30,1189
1775447690784,key-6,426
1775447690786,key-36,1664
1775447690787,key-36,1665
1775447690787,key-37,445
1775447690792,key-12,2068
1775447690793,key-15,780
1775447690793,key-25,1272
1775447690794,key-33,163
1775447690794,key-3,3654
1775447690794,key-36,1672
1775447690794,key-38,755
1775447690795,key-29,2103
1775447690796,key-23,3237
1775447690800,key-14,1228
1775447690800,key-20,4942
1775447690800,key-44,845
1775447690803,key-5,2409
1775447690803,key-39,296
1775447690803,key-20,158
1775447690806,key-34,3971
1775447690806,key-19,226
1775447690808,key-11,1437
1775447690809,key-33,178
1775447690810,key-17,3241
1775447690813,key-30,1218
1775447690819,key-33,188
1775447690822,key-28,217
1775447690826,key-47,473
1775447690828,key-4,401
1775447690829,key-12,2105
1775447690834,key-17,3265
1775447690834,key-42,2136
1775447690834,key-36,1712
1775447690834,key-44,879
1775447690835,key-38,796
1775447690835,key-28,230
1775447690836,key-46,177
1775447690836,key-2,549
1775447690842,key-13,1190
1775447690842,key-49,1824
1775447690843,key-19,263
1775447690846,key-49,1828
1775447690852,key-11,1481
1775447690853,key-28,248
1775447690853,key-9,1229
1775447690853,key-35,314
1775447690853,key-9,1229
1775447690854,key-42,2156
1775447690854,key-7,173
1775447690854,key-49,1836
1775447690858,key-21,1125
1775447690864,key-16,1009
1775447690864,key-22,4087
1775447690867,key-50,1365
1775447690871,key-11,1500
1775447690871,key-29,2179
1775447690872,key-39,365
1775447690876,key-30,1281
1775447690876,key-30,1281
1775447690880,key-28,275
1775447690880,key-32,869
1775447690881,key-20,236
1775447690881,key-32,870
1775447690886,key-3,3746
1775447690887,key-45,1717
1775447690892,key-38,183
1775447690893,key-35,354
1775447690893,key-28,288
1775447690898,key-27,634
1775447690899,key-13,1247
1775447690905,key-28,300
1775447690905,key-40,2251
1775447690906,key-10,158
1775447690916,key-37,574
1775447690917,key-38,878
1775447690917,key-28,312
1775447690924,key-49,1906
1775447690925,key-4,498
1775447690926,key-46,267
1775447690927,key-32,188
1775447690933,key-27,669
1775447690937,key-25,1416
1775447690939,key-30,1344
1775447690946,key-28,341
1775447690948,key-19,368
1775447690950,key-36,1828
1775447690950,key-26,176
1775447690955,key-36,1833
1775447690955,key-6,313
1775447690956,key-2,669
1775447690956,key-33,325
1775447690956,key-48,511
1775447690956,key-29,2264
1775447690964,key-20,319
1775447690965,key-38,256
1775447690975,key-29,2283
1775447690975,key-41,2488
1775447690976,key-48,531
1775447690976,key-20,331
1775447690978,key-16,176
1775447690982,key-33,351
1775447690984,key-43,403
1775447690984,key-34,4149
1775447690985,key-33,354
1775447690985,key-17,3416
1775447690985,key-47,632
1775447690989,key-11,183
1775447690989,key-28,384
1775447690991,key-11,185
1775447690991,key-44,1036
1775447690991,key-35,161
1775447690991,key-47,638
1775447690992,key-36,1870
1775447690999,key-44,1044
1775447691001,key-4,174
1775447691001,key-49,182
1775447691001,key-49,182
1775447691001,key-49,182
1775447691002,key-33,371
1775447691002,key-24,1436
1775447691002,key-42,2304
1775447691006,key-13,1354
1775447691006,key-23,3447
1775447691008,key-28,403
1775447691008,key-36,1886
1775447691010,key-13,1358
1775447691014,key-9,1390
1775447691014,key-19,434
1775447691015,key-29,2323
1775447691016,key-49,197
1775447691016,key-33,385
1775447691020,key-24,1454
1775447691020,key-42,2322
1775447691026,key-13,1374
1775447691027,key-28,422
1775447691028,key-29,2336
1775447691030,key-49,211
1775447691031,key-43,450
1775447691031,key-50,1529
1775447691034,key-16,232
1775447691037,key-22,165
1775447691041,key-23,3482
1775447691041,key-17,176
1775447691045,key-50,1543
1775447691046,key-29,2354
1775447691049,key-33,418
1775447691052,key-17,187
1775447691054,key-28,449
1775447691058,key-13,1406
1775447691064,key-19,165
1775447691066,key-35,163
1775447691069,key-8,1024
1775447691071,key-23,183
1775447691072,key-35,169
1775447691074,key-40,2420
1775447691081,key-1,3559
1775447691082,key-22,210
1775447691085,key-49,266
1775447691092,key-49,273
1775447691094,key-21,1361
1775447691105,key-38,396
1775447691107,key-28,502
1775447691108,key-29,2416
1775447691108,key-33,164
1775447691110,key-6,468
1775447691119,key-19,220
1775447691120,key-33,176
1775447691121,key-28,516
1775447691122,key-33,178
1775447691122,key-50,1620
1775447691125,key-18,243
1775447691131,key-19,232
1775447691131,key-27,867
1775447691132,key-13,177
1775447691132,key-2,845
1775447691132,key-29,2440
1775447691132,key-43,551
1775447691136,key-48,256
1775447691136,key-16,181
1775447691136,key-38,427
1775447691139,key-9,1515
1775447691139,key-16,184
1775447691144,key-29,2452
1775447691145,key-20,169
1775447691148,key-35,245
1775447691159,key-16,204
1775447691160,key-35,257
1775447691160,key-47,807
1775447691160,key-28,555
1775447691160,key-50,205
1775447691160,key-36,2038
1775447691161,key-44,1206
1775447691164,key-35,261
1775447691168,key-20,192
1775447691171,key-42,2473
1775447691171,key-42,2473
1775447691172,key-13,157
1775447691172,key-45,2002
1775447691180,key-39,673
1775447691180,key-36,2058
1775447691183,key-28,578
1775447691184,key-9,1560
1775447691185,key-49,366
1775447691186,key-50,231
1775447691187,key-50,232
1775447691187,key-23,299
1775447691190,key-16,235
1775447691190,key-16,235
1775447691192,key-29,2500
1775447691192,key-13,177
1775447691192,key-36,2070
1775447691201,key-48,321
1775447691201,key-4,374
1775447691201,key-36,2079
1775447691202,key-50,247
1775447691202,key-37,299
1775447691202,key-5,2808
1775447691203,key-50,248
1775447691203,key-33,259
1775447691206,key-23,318
1775447691206,key-47,853
1775447691206,key-29,2514
1775447691210,key-49,391
1775447691213,key-28,608
1775447691213,key-49,394
1775447691217,key-47,864
1775447691219,key-24,1653
1775447691221,key-50,266
1775447691221,key-17,356
1775447691221,key-29,2529
1775447691221,key-50,266
1775447691221,key-23,333
1775447691228,key-50,273
1775447691228,key-29,2536
1775447691228,key-12,2504
1775447691229,key-28,624
1775447691231,key-46,572
1775447691231,key-42,2533
1775447691233,key-23,345
1775447691234,key-28,629
1775447691235,key-38,526
1775447691235,key-29,2543
1775447691235,key-13,220
1775447691238,key-20,262
1775447691238,key-33,294
1775447691238,key-8,1193
1775447691246,key-22,374
1775447691247,key-49,428
1775447691252,key-17,387
1775447691253,key-5,2859
1775447691253,key-17,388
1775447691254,key-45,2084
1775447691255,key-46,596
1775447691264,key-33,320
1775447691265,key-6,623
1775447691274,key-28,669
1775447691284,key-45,2114
1775447691285,key-33,341
1775447691290,key-50,335
1775447691299,key-50,344
1775447691301,key-13,286
1775447691301,key-16,346
1775447691302,key-49,483
1775447691302,key-50,347
1775447691307,key-2,1020
1775447691313,key-19,327
1775447691313,key-50,358
1775447691315,key-11,509
1775447691321,key-32,582
1775447691321,key-26,547
1775447691323,key-36,2201
1775447691325,key-35,422
1775447691325,key-50,370
1775447691325,key-36,2203
1775447691325,key-42,155
1775447691330,key-19,344
1775447691334,key-50,379
1775447691334,key-20,358
1775447691337,key-21,1604
1775447691338,key-42,168
1775447691339,key-28,734
1775447691341,key-42,171
1775447691342,key-49,523
1775447691345,key-39,838
1775447691349,key-13,334
1775447691349,key-23,461
1775447691349,key-50,394
1775447691352,key-28,747
1775447691352,key-27,1088
1775447691354,key-38,645
1775447691356,key-29,2664
1775447691356,key-48,476
1775447691356,key-24,1790
1775447691357,key-33,413
1775447691358,key-43,777
1775447691358,key-45,2188
1775447691358,key-42,188
1775447691358,key-13,343
1775447691359,key-37,456
1775447691364,key-16,409
1775447691364,key-43,783
1775447691370,key-5,2976
1775447691371,key-24,157
1775447691376,key-33,432
1775447691376,key-21,173
1775447691378,key-16,423
1775447691385,key-33,441
1775447691385,key-50,430
1775447691385,key-35,164
1775447691389,key-28,784
1775447691389,key-50,434
1775447691391,key-17,526
1775447691395,key-50,440
1775447691398,key-12,2674
1775447691400,key-49,157
1775447691400,key-17,535
1775447691400,key-8,164
1775447691401,key-12,2677
1775447691401,key-23,513
1775447691407,key-11,601
1775447691408,key-48,528
1775447691408,key-42,238
1775447691408,key-38,699
1775447691408,key-46,749
1775447691408,key-49,165
1775447691410,key-17,545
1775447691411,key-2,1124
1775447691413,key-45,2243
1775447691415,key-33,471
1775447691419,key-28,814
1775447691419,key-5,3025
1775447691424,key-13,409
1775447691425,key-39,170
1775447691425,key-45,2255
1775447691427,key-49,184
1775447691430,key-6,788
1775447691431,key-7,750
1775447691432,key-31,851
1775447691433,key-33,192
1775447691439,key-8,203
1775447691440,key-40,221
1775447691440,key-7,759
1775447691442,key-15,465
1775447691442,key-16,180
1775447691444,key-2,1157
1775447691451,key-7,770
1775447691451,key-49,208
1775447691452,key-15,475
1775447691453,key-23,565
1775447691455,key-29,2763
1775447691457,key-28,852
1775447691458,key-29,2766
1775447691460,key-49,217
1775447691460,key-18,578
1775447691471,key-16,209
1775447691472,key-13,457
1775447691473,key-47,1120
1775447691475,key-50,520
1775447691476,key-22,604
1775447691481,key-34,290
1775447691484,key-19,498
1775447691493,key-32,754
1775447691493,key-49,250
1775447691496,key-32,757
1775447691499,key-30,1904
1775447691502,key-39,247
1775447691502,key-19,516
1775447691503,key-39,248
1775447691503,key-6,861
1775447691506,key-13,491
1775447691507,key-6,865
1775447691509,key-41,3022
1775447691512,key-15,535
1775447691512,key-44,1557
1775447691514,key-29,2822
1775447691515,key-50,560
1775447691528,key-16,266
1775447691529,key-29,2837
1775447691529,key-42,359
1775447691530,key-27,1266
1775447691532,key-33,291
1775447691537,key-37,634
1775447691537,key-11,731
1775447691537,key-30,1942
1775447691537,key-27,1273
1775447691542,key-50,587
1775447691546,key-48,666
1775447691547,key-32,808
1775447691552,key-42,382
1775447691555,key-22,683
1775447691557,key-12,2833
1775447691558,key-33,317
1775447691560,key-21,357
1775447691562,key-12,2838
1775447691564,key-13,549
1775447691569,key-11,763
1775447691570,key-42,400
1775447691571,key-38,862
1775447691571,key-23,683
1775447691572,key-24,304
1775447691573,key-35,352
1775447691573,key-37,171
1775447691575,key-48,695
1775447691577,key-42,407
1775447691581,key-28,976
1775447691584,key-33,343
1775447691585,key-48,705
1775447691585,key-42,415
1775447691586,key-45,2416
1775447691586,key-5,3192
1775447691588,key-39,333
1775447691589,key-33,348
1775447691597,key-50,642
1775447691599,key-21,396
1775447691601,key-33,360
1775447691602,key-5,3208
1775447691605,key-31,1024
1775447691608,key-27,1344
1775447691609,key-43,166
1775447691615,key-2,1328
1775447691616,key-33,375
1775447691618,key-1,4096
1775447691618,key-28,1013
1775447691619,key-49,376
1775447691619,key-38,910
1775447691620,key-2,1333
1775447691620,key-25,616
1775447691620,key-16,358
1775447691621,key-43,178
1775447691621,key-33,380
1775447691621,key-40,402
1775447691621,key-48,741
1775447691622,key-49,379
1775447691623,key-16,361
1775447691624,key-29,247
1775447691630,key-17,253
1775447691630,key-23,742
1775447691633,key-16,371
1775447691636,key-49,393
1775447691643,key-38,934
1775447691644,key-19,658
1775447691653,key-29,276
1775447691672,key-40,453
1775447691672,key-20,696
1775447691672,key-43,229
1775447691673,key-7,992
1775447691673,key-39,418
1775447691673,key-19,687
1775447691673,key-49,430
1775447691674,key-16,412
1775447691674,key-34,483
1775447691674,key-35,177
1775447691674,key-39,419
1775447691675,key-30,2080
1775447691675,key-40,202
1775447691675,key-33,434
1775447691676,key-24,408
1775447691688,key-6,1046
1775447691695,key-49,452
1775447691695,key-39,440
1775447691701,key-32,962
1775447691702,key-41,3215
1775447691708,key-8,472
1775447691708,key-13,693
1775447691720,key-15,743
1775447691722,key-27,1458
1775447691723,key-47,1370
1775447691723,key-6,1081
1775447691724,key-39,469
1775447691724,key-16,462
1775447691725,key-23,837
1775447691725,key-37,323
1775447691725,key-12,3001
1775447691726,key-9,194
1775447691726,key-27,1462
1775447691726,key-37,324
1775447691726,key-15,749
1775447691727,key-22,855
1775447691734,key-27,1470
1775447691748,key-37,346
1775447691752,key-35,255
1775447691752,key-32,1013
1775447691755,key-14,2183
1775447691759,key-5,3365
1775447691766,key-45,2596
1775447691768,key-37,366
1775447691771,key-4,944
1775447691771,key-39,197
1775447691771,key-43,328
1775447691772,key-50,817
1775447691773,key-41,206
1775447691774,key-41,207
1775447691774,key-23,886
1775447691775,key-37,373
1775447691775,key-22,903
1775447691776,key-5,3382
1775447691778,key-45,2608
1775447691783,key-33,542
1775447691784,key-18,902
1775447691786,key-1,4264
1775447691788,key-2,1501
1775447691789,key-42,337
1775447691791,key-2,1504
1775447691791,key-25,787
1775447691791,key-2,1504
1775447691791,key-30,170
1775447691795,key-23,907
1775447691797,key-33,556
1775447691804,key-39,230
1775447691806,key-35,309
1775447691807,key-19,821
1775447691809,key-48,175
1775447691811,key-28,335
1775447691811,key-29,434
1775447691811,key-17,435
1775447691813,key-16,551
1775447691814,key-29,437
1775447691814,key-16,552
1775447691814,key-22,942
1775447691814,key-38,1105
1775447691814,key-43,371
1775447691818,key-16,556
1775447691825,key-17,449
1775447691825,key-28,349
1775447691826,key-39,252
1775447691827,key-30,206
1775447691828,key-26,1054
1775447691829,key-50,874
1775447691835,key-17,459
1775447691836,key-35,339
1775447691837,key-24,569
1775447691837,key-40,364
1775447691839,key-15,862
1775447691842,key-12,3118
1775447691843,key-14,197
1775447691844,key-29,467
1775447691848,key-29,471
1775447691854,key-35,357
1775447691859,key-20,198
1775447691860,key-47,1507
1775447691861,key-32,1122
1775447691862,key-19,876
1775447691862,key-20,201
1775447691864,key-30,243
1775447691865,key-24,597
1775447691865,key-14,219
1775447691866,key-13,851
1775447691869,key-30,248
1775447691869,key-39,295
1775447691870,key-30,249
1775447691871,key-19,885
1775447691873,key-40,400
1775447691875,key-43,432
1775447691877,key-16,615
1775447691879,key-40,406
1775447691879,key-49,636
1775447691881,key-34,690
1775447691881,key-33,640
1775447691888,key-40,415
1775447691889,key-23,1001
1775447691895,key-29,518
1775447691897,key-41,330
1775447691901,key-16,639
1775447691901,key-39,327
1775447691903,key-39,329
1775447691904,key-8,668
1775447691910,key-37,508
1775447691911,key-40,438
1775447691915,key-38,1206
1775447691916,key-27,1652
1775447691916,key-47,1563
1775447691920,key-30,299
1775447691924,key-44,1969
1775447691924,key-37,522
1775447691930,key-22,1058
1775447691931,key-37,529
1775447691935,key-43,492
1775447691937,key-30,316
1775447691939,key-35,442
1775447691940,key-14,294
1775447691941,key-23,1053
1775447691943,key-45,2773
1775447691947,key-33,706
1775447691949,key-41,382
1775447691952,key-23,1064
1775447691953,key-2,1666
1775447691953,key-34,762
1775447691954,key-2,1667
1775447691956,key-37,554
1775447691958,key-23,1070
1775447691958,key-16,696
1775447691961,key-22,172
1775447691961,key-39,387
1775447691963,key-29,193
1775447691963,key-35,466
1775447691969,key-28,320
1775447691970,key-18,1088
1775447691970,key-4,1143
1775447691975,key-39,401
1775447691976,key-19,990
1775447691976,key-2,1689
1775447691976,key-49,733
1775447691977,key-2,1690
1775447691981,key-16,719
1775447691983,key-43,540
1775447691987,key-16,725
1775447691990,key-19,1004
1775447691994,key-29,224
1775447691994,key-16,732
1775447692002,key-25,998
1775447692003,key-42,551
1775447692003,key-30,382
1775447692004,key-42,552
1775447692004,key-10,1256
1775447692004,key-17,628
1775447692004,key-41,437
1775447692004,key-14,358
1775447692012,key-37,610
1775447692025,key-47,1672
1775447692028,key-20,367
1775447692029,key-30,408
1775447692029,key-15,192
1775447692030,key-21,827
1775447692032,key-17,656
1775447692032,key-17,656
1775447692035,key-40,562
1775447692037,key-30,416
1775447692039,key-38,1330
1775447692039,key-1,4517
1775447692041,key-30,420
1775447692045,key-20,384
1775447692045,key-29,275
1775447692047,key-18,1165
1775447692047,key-40,574
1775447692048,key-30,427
1775447692048,key-30,427
1775447692048,key-50,1093
1775447692051,key-14,405
1775447692052,key-29,282
1775447692052,key-8,243
1775447692057,key-10,1309
1775447692058,key-34,867
1775447692065,key-43,622
1775447692066,key-46,1407
1775447692067,key-39,493
1775447692067,key-43,624
1775447692068,key-40,595
1775447692069,key-20,408
1775447692070,key-44,2115
1775447692072,key-47,1719
1775447692072,key-37,670
1775447692076,key-40,603
1775447692078,key-6,1436
1775447692079,key-44,2124
1775447692080,key-48,446
1775447692087,key-47,1734
1775447692093,key-30,472
1775447692094,key-49,851
1775447692095,key-40,622
1775447692099,key-27,1835
1775447692100,key-40,627
1775447692100,key-44,2145
1775447692102,key-14,456
1775447692103,key-30,482
1775447692109,key-14,463
1775447692110,key-38,1401
1775447692114,key-18,1232
1775447692115,key-49,872
1775447692117,key-18,1235
1775447692119,key-20,176
1775447692123,key-30,502
1775447692124,key-33,883
1775447692124,key-16,862
1775447692126,key-21,923
1775447692130,key-24,862
1775447692138,key-11,1332
1775447692139,key-41,572
1775447692140,key-4,1313
1775447692144,key-18,1262
1775447692144,key-2,1857
1775447692144,key-8,335
1775447692144,key-16,882
1775447692145,key-4,1318
1775447692145,key-37,159
1775447692148,key-30,527
1775447692150,key-39,576
1775447692150,key-29,237
1775447692151,key-29,238
1775447692151,key-9,619
1775447692155,key-19,1169
1775447692155,key-33,914
1775447692166,key-29,253
1775447692170,key-38,1461
1775447692170,key-12,3446
1775447692170,key-9,638
1775447692170,key-37,184
1775447692171,key-19,1185
1775447692171,key-24,903
1775447692173,key-37,187
1775447692175,key-19,1189
1775447692175,key-44,2220
1775447692182,key-37,196
1775447692183,key-43,740
1775447692183,key-49,940
1775447692188,key-41,621
1775447692188,key-23,290
1775447692188,key-42,736
1775447692189,key-16,927
1775447692189,key-42,737
1775447692192,key-25,193
1775447692192,key-5,3798
1775447692195,key-37,209
1775447692195,key-48,561
1775447692195,key-13,285
1775447692204,key-21,1001
1775447692205,key-31,1624
1775447692205,key-40,732
1775447692206,key-46,1547
1775447692206,key-30,585
1775447692212,key-30,591
1775447692212,key-16,950
1775447692223,key-19,1237
1775447692223,key-4,1396
1775447692224,key-1,224
1775447692225,key-9,693
1775447692232,key-46,1573
1775447692232,key-46,1573
1775447692234,key-27,246
1775447692234,key-34,1043
1775447692234,key-47,288
1775447692238,key-43,795
1775447692243,key-18,1361
1775447692243,key-14,597
1775447692250,key-36,3128
1775447692252,key-29,339
1775447692254,key-30,633
1775447692254,key-40,781
1775447692256,key-45,3086
1775447692257,key-39,683
1775447692257,key-6,1615
1775447692261,key-44,2306
1775447692263,key-48,629
1775447692266,key-39,692
1775447692269,key-40,796
1775447692270,key-30,649
1775447692270,key-44,2315
1775447692270,key-40,797
1775447692270,key-47,324
1775447692271,key-38,176
1775447692275,key-48,641
1775447692276,key-30,655
1775447692278,key-44,2323
1775447692279,key-14,633
1775447692279,key-6,157
1775447692280,key-40,807
1775447692285,key-21,1082
1775447692285,key-30,664
1775447692292,key-40,819
1775447692294,key-20,351
1775447692295,key-38,200
1775447692295,key-21,1092
1775447692298,key-14,652
1775447692303,key-21,1100
1775447692305,key-40,832
1775447692305,key-6,1663
1775447692306,key-2,2019
1775447692309,key-18,1427
1775447692311,key-29,398
1775447692312,key-44,2357
1775447692318,key-24,1050
1775447692318,key-24,1050
1775447692321,key-41,754
1775447692323,key-30,702
1775447692324,key-41,757
1775447692329,key-35,832
1775447692329,key-21,1126
1775447692331,key-29,418
1775447692335,key-9,803
1775447692335,key-19,1349
1775447692337,key-29,424
1775447692344,key-44,162
1775447692346,key-21,1143
1775447692346,key-9,814
1775447692346,key-24,1078
1775447692349,key-28,700
1775447692349,key-37,363
1775447692353,key-42,901
1775447692354,key-48,720
1775447692358,key-8,308
1775447692362,key-16,1100
1775447692363,key-31,1782
1775447692363,key-48,729
1775447692364,key-24,1096
1775447692365,key-23,467
1775447692366,key-1,285
1775447692367,key-7,1686
1775447692368,key-9,836
1775447692379,key-18,1497
1775447692380,key-16,1118
1775447692381,key-40,908
1775447692382,key-30,761
1775447692382,key-41,815
1775447692383,key-16,1121
1775447692383,key-40,910
1775447692383,key-49,1140
1775447692383,key-23,485
1775447692383,key-12,3659
1775447692384,key-16,1122
1775447692384,key-31,1803
1775447692384,key-4,1557
1775447692384,key-34,1193
1775447692389,key-46,1730
1775447692391,key-30,770
1775447692391,key-15,554
1775447692395,key-49,1152
1775447692397,key-1,316
1775447692400,key-43,957
1775447692401,key-16,1139
1775447692409,key-30,788
1775447692414,key-43,971
1775447692418,key-6,296
1775447692418,key-34,1227
1775447692418,key-27,430
1775447692419,key-27,431
1775447692425,key-43,982
1775447692430,key-23,532
1775447692430,key-38,335
1775447692432,key-18,1549
1775447692433,key-29,520
1775447692433,key-44,251
1775447692436,key-45,3266
1775447692436,key-48,802
1775447692437,key-48,803
1775447692442,key-10,1694
1775447692444,key-40,971
1775447692445,key-30,824
1775447692447,key-6,325
1775447692450,key-37,464
1775447692452,key-40,979
1775447692453,key-30,832
1775447692456,key-9,157
1775447692461,key-19,1475
1775447692462,key-35,965
1775447692470,key-18,1588
1775447692473,key-28,824
1775447692473,key-40,1000
1775447692474,key-40,1001
1775447692474,key-4,1647
1775447692475,key-21,1272
1775447692482,key-38,163
1775447692484,key-20,541
1775447692485,key-25,486
1775447692486,key-4,1659
1775447692490,key-44,308
1775447692492,key-12,212
1775447692500,key-44,318
1775447692501,key-18,1619
1775447692502,key-44,320
1775447692503,key-16,214
1775447692507,key-16,218
1775447692509,key-5,179
1775447692510,key-26,1736
1775447692511,key-15,674
1775447692513,key-24,1245
1775447692513,key-9,214
1775447692513,key-38,194
1775447692519,key-42,1067
1775447692519,key-25,520
1775447692520,key-17,546
1775447692524,key-10,1776
1775447692525,key-14,879
1775447692526,key-6,404
1775447692527,key-14,881
1775447692527,key-48,893
1775447692527,key-42,1075
1775447692527,key-36,3405
1775447692534,key-1,453
1775447692542,key-40,1069
1775447692542,key-30,921
1775447692542,key-13,183
1775447692543,key-41,976
1775447692543,key-17,569
1775447692543,key-40,1070
1775447692543,key-16,254
1775447692545,key-16,256
1775447692548,key-30,927
1775447692549,key-15,712
1775447692552,key-35,1055
1775447692555,key-46,1896
1775447692556,key-9,257
1775447692557,key-23,659
1775447692558,key-45,3388
1775447692560,key-43,1117
1775447692563,key-43,1120
1775447692564,key-40,1091
1775447692570,key-46,1911
1775447692570,key-38,251
1775447692570,key-23,672
1775447692570,key-1,489
1775447692572,key-43,1129
1775447692576,key-47,630
1775447692577,key-16,288
1775447692580,key-43,1137
1775447692580,key-43,1137
1775447692583,key-43,1140
1775447692584,key-27,596
1775447692585,key-44,403
1775447692593,key-42,195
1775447692593,key-40,1120
1775447692594,key-43,1151
1775447692603,key-38,284
1775447692603,key-48,969
1775447692608,key-33,1367
1775447692608,key-34,1417
1775447692608,key-27,620
1775447692609,key-41,160
1775447692610,key-12,330
1775447692615,key-13,256
1775447692616,key-38,297
1775447692616,key-16,327
1775447692617,key-26,1843
1775447692617,key-40,1144
1775447692617,key-10,1869
1775447692621,key-46,1962
1775447692623,key-44,441
1775447692623,key-8,573
1775447692623,key-46,1964
1775447692623,key-43,1180
1775447692626,key-18,1744
1775447692628,key-15,791
1775447692629,key-1,548
1775447692631,key-5,301
1775447692632,key-30,1011
1775447692636,key-48,1002
1775447692638,key-40,1165
1775447692641,key-4,1814
1775447692647,key-28,998
1775447692647,key-38,328
1775447692648,key-18,1766
1775447692648,key-18,1766
1775447692651,key-25,652
1775447692657,key-21,1454
1775447692658,key-48,1024
1775447692668,key-21,1465
1775447692669,key-28,1020
1775447692670,key-4,1843
1775447692671,key-11,1865
1775447692674,key-25,675
1775447692680,key-25,681
1775447692682,key-14,1036
1775447692684,key-9,385
1775447692689,key-17,715
1775447692691,key-9,392
1775447692691,key-26,1917
1775447692692,key-36,3570
1775447692698,key-27,184
1775447692699,key-35,1202
1775447692700,key-16,411
1775447692701,key-25,702
1775447692702,key-42,304
1775447692702,key-10,1954
1775447692708,key-15,871
1775447692709,key-34,1518
1775447692712,key-40,1239
1775447692713,key-13,354
1775447692713,key-40,1240
1775447692714,key-13,355
1775447692714,key-36,3592
1775447692715,key-15,878
1775447692717,key-44,535
1775447692717,key-40,1244
1775447692718,key-49,1475
1775447692722,key-30,1101
1775447692729,key-39,1155
1775447692733,key-14,1087
1775447692733,key-24,176
1775447692733,key-23,835
1775447692740,key-12,460
1775447692751,key-45,3581
1775447692751,key-32,2012
1775447692752,key-14,1106
1775447692752,key-14,1106
1775447692754,key-43,1311
1775447692754,key-43,1311
1775447692756,key-49,173
1775447692756,key-43,1313
1775447692756,key-16,467
1775447692756,key-40,1283
1775447692760,key-21,1557
1775447692760,key-50,215
1775447692761,key-9,462
1775447692762,key-40,1289
1775447692762,key-38,443
1775447692764,key-12,484
1775447692765,key-40,1292
1775447692765,key-33,1524
1775447692766,key-47,820
1775447692770,key-43,1327
1775447692776,key-27,262
1775447692778,key-41,329
1775447692784,key-38,465
1775447692786,key-14,1140
1775447692787,key-16,498
1775447692788,key-43,1345
1775447692796,key-27,282
1775447692797,key-8,747
1775447692799,key-18,1917
1775447692802,key-44,620
1775447692804,key-9,505
1775447692807,key-38,488
1775447692809,key-4,1982
1775447692816,key-24,259
1775447692817,key-4,1990
1775447692817,key-16,528
1775447692817,key-46,2158
1775447692817,key-15,980
1775447692817,key-43,1374
1775447692818,key-38,499
1775447692818,key-44,636
1775447692818,key-43,1375
1775447692819,key-2,2532
1775447692819,key-41,370
1775447692819,key-46,2160
1775447692820,key-4,1993
1775447692820,key-26,253
1775447692820,key-40,1347
1775447692820,key-1,739
1775447692821,key-46,2162
1775447692827,key-18,1945
1775447692836,key-2,2549
1775447692840,key-38,521
1775447692842,key-12,562
1775447692847,key-30,1226
1775447692848,key-30,1227
1775447692850,key-30,1229
1775447692850,key-31,2269
1775447692850,key-36,3728
1775447692851,key-40,1378
1775447692853,key-25,854
1775447692856,key-39,1282
1775447692863,key-21,248
1775447692867,key-48,1233
1775447692868,key-6,442
1775447692869,key-40,1396
1775447692869,key-5,539
1775447692872,key-13,513
1775447692876,key-5,546
1775447692877,key-13,518
1775447692878,key-30,1257
1775447692878,key-25,879
1775447692880,key-35,268
1775447692896,key-25,897
1775447692897,key-15,1060
1775447692897,key-30,1276
1775447692897,key-36,3775
1775447692898,key-15,1061
1775447692907,key-12,627
1775447692908,key-4,2081
1775447692908,key-34,1717
1775447692909,key-30,1288
1775447692909,key-45,3739
1775447692909,key-5,579
1775447692911,key-40,1438
1775447692912,key-12,632
1775447692919,key-41,470
1775447692919,key-23,1021
1775447692919,key-36,3797
1775447692919,key-14,1273
1775447692920,key-32,201
1775447692920,key-7,2239
1775447692923,key-38,604
1775447692923,key-16,634
1775447692923,key-12,643
1775447692928,key-43,1485
1775447692928,key-35,316
1775447692934,key-30,1313
1775447692934,key-28,157
1775447692937,key-18,156
1775447692945,key-19,182
1775447692945,key-43,1502
1775447692950,key-38,631
1775447692950,key-43,1507
1775447692950,key-50,405
1775447692951,key-40,1478
1775447692951,key-40,1478
1775447692952,key-23,1054
1775447692952,key-4,2125
1775447692960,key-31,2379
1775447692964,key-44,782
1775447692964,key-9,665
1775447692965,key-29,235
1775447692965,key-7,2284
1775447692972,key-47,1026
1775447692974,key-46,2315
1775447692974,key-11,2168
1775447692975,key-44,793
1775447692975,key-43,170
1775447692976,key-46,2317
1775447692976,key-22,167
1775447692981,key-24,424
1775447692984,key-18,203
1775447692984,key-41,535
1775447692986,key-44,804
1775447692989,key-40,168
1775447692989,key-24,432
1775447692989,key-11,2183
1775447692990,key-40,169
1775447692993,key-1,912
1775447692996,key-46,160
1775447692996,key-38,677
1775447693001,key-15,1164
1775447693005,key-44,823
1775447693006,key-40,185
1775447693009,key-38,690
1775447693009,key-11,2203
1775447693010,key-33,1769
1775447693011,key-31,2430
1775447693011,key-46,175
1775447693017,key-12,737
1775447693017,key-30,1396
1775447693017,key-40,196
1775447693017,key-39,1443
1775447693017,key-40,196
1775447693022,key-35,410
1775447693029,key-40,208
1775447693032,key-13,673
1775447693032,key-31,2451
1775447693044,key-40,223
1775447693044,key-18,263
1775447693053,key-5,723
1775447693054,key-40,233
1775447693054,key-5,724
1775447693055,key-40,234
1775447693055,key-35,443
1775447693056,key-49,473
1775447693057,key-5,727
1775447693057,key-11,2251
1775447693057,key-39,1483
1775447693058,key-31,2477
1775447693060,key-40,239
1775447693064,key-30,1443
1775447693070,key-1,989
1775447693077,key-11,2271
1775447693078,key-20,1135
1775447693079,key-4,2252
1775447693083,key-2,184
1775447693084,key-11,158
1775447693084,key-4,2257
1775447693084,key-7,183
1775447693089,key-30,1468
1775447693090,key-12,810
1775447693092,key-45,3922
1775447693093,key-50,548
1775447693099,key-18,318
1775447693103,key-18,322
1775447693103,key-46,267
1775447693103,key-39,1529
1775447693105,key-38,786
1775447693105,key-14,1459
1775447693111,key-18,156
1775447693113,key-48,1479
1775447693114,key-30,1493
1775447693115,key-30,1494
1775447693115,key-15,1278
1775447693115,key-40,294
1775447693122,key-16,833
1775447693129,key-40,308
1775447693130,key-50,585
1775447693130,key-12,850
1775447693132,key-43,327
1775447693133,key-11,207
1775447693133,key-36,4011
1775447693135,key-9,356
1775447693135,key-15,1298
1775447693140,key-4,2313
1775447693140,key-45,3970
1775447693142,key-44,960
1775447693142,key-44,960
1775447693146,key-24,589
1775447693147,key-11,221
1775447693148,key-32,429
1775447693148,key-10,592
1775447693149,key-44,967
1775447693151,key-25,1152
1775447693151,key-41,702
1775447693154,key-12,874
1775447693156,key-4,2329
1775447693159,key-5,829
1775447693159,key-40,338
1775447693161,key-47,1215
1775447693164,key-42,766
1775447693165,key-49,582
1775447693165,key-2,266
1775447693165,key-38,846
1775447693167,key-7,266
1775447693173,key-34,169
1775447693177,key-33,1936
1775447693177,key-46,341
1775447693179,key-40,358
1775447693181,key-18,226
1775447693181,key-33,1940
1775447693181,key-37,378
1775447693181,key-40,360
1775447693182,key-37,379
1775447693184,key-5,854
1775447693185,key-12,905
1775447693187,key-20,1244
1775447693187,key-38,868
1775447693192,key-30,1571
1775447693192,key-14,1546
1775447693192,key-38,873
1775447693193,key-13,834
1775447693197,key-36,4075
1775447693198,key-5,868
1775447693200,key-4,196
1775447693207,key-18,252
1775447693213,key-8,1163
1775447693214,key-44,1032
1775447693214,key-40,393
1775447693217,key-42,156
1775447693218,key-19,455
1775447693222,key-49,639
1775447693225,key-13,866
1775447693230,key-17,158
1775447693233,key-18,278
1775447693236,key-5,906
1775447693236,key-7,335
1775447693237,key-12,957
1775447693238,key-5,908
1775447693244,key-35,632
1775447693245,key-1,1164
1775447693245,key-2,346
1775447693248,key-11,225
1775447693250,key-5,920
1775447693254,key-44,1072
1775447693254,key-30,1633
1775447693254,key-17,182
1775447693256,key-43,451
1775447693260,key-7,359
1775447693262,key-4,258
1775447693268,key-1,1187
1775447693269,key-38,950
1775447693270,key-18,315
1775447693276,key-50,731
1775447693277,key-11,254
1775447693277,key-7,376
1775447693281,key-28,504
1775447693285,key-46,449
1775447693289,key-46,453
1775447693289,key-11,266
1775447693289,key-31,2708
1775447693289,key-33,2048
1775447693291,key-50,746
1775447693291,key-4,287
1775447693295,key-48,1661
1775447693299,key-40,478
1775447693299,key-14,1653
1775447693299,key-4,295
1775447693300,key-15,1463
1775447693301,key-40,480
1775447693302,key-30,1681
1775447693304,key-15,1467
1775447693304,key-31,2723
1775447693305,key-3,6165
1775447693307,key-44,1125
1775447693307,key-39,1733
1775447693307,key-25,1308
1775447693316,key-32,597
1775447693319,key-49,736
1775447693320,key-41,871
1775447693323,key-16,1034
1775447693326,key-44,1144
1775447693327,key-24,770
1775447693327,key-30,1706
1775447693331,key-41,882
1775447693331,key-24,774
1775447693332,key-19,569
1775447693333,key-17,261
1775447693342,key-5,1012
1775447693342,key-5,1012
1775447693342,key-27,828
1775447693343,key-9,564
1775447693344,key-40,523
1775447693348,key-7,447
1775447693348,key-14,1702
1775447693348,key-20,1405
1775447693350,key-12,1070
1775447693354,key-12,1074
1775447693364,key-33,2123
1775447693370,key-33,2129
1775447693370,key-7,469
1775447693372,key-40,551
1775447693374,key-30,1753
1775447693374,key-20,1431
1775447693376,key-44,1194
1775447693377,key-22,568
1775447693380,key-18,425
1775447693380,key-35,768
1775447693383,key-38,1064
1775447693385,key-30,1764
1775447693387,key-42,326
1775447693388,key-8,1338
1775447693388,key-18,157
1775447693388,key-41,184
1775447693393,key-32,674
1775447693394,key-49,811
1775447693394,key-4,390
1775447693399,key-8,189
1775447693401,key-19,638
1775447693401,key-12,1121
1775447693402,key-4,398
1775447693405,key-43,600
1775447693407,key-13,233
1775447693410,key-14,1764
1775447693410,key-10,854
1775447693414,key-8,1364
1775447693415,key-19,652
1775447693416,key-18,185
1775447693422,key-5,1092
1775447693422,key-12,1142
1775447693422,key-37,619
1775447693423,key-44,1241
1775447693426,key-13,252
1775447693427,key-35,815
1775447693427,key-30,1806
1775447693429,key-5,1099
1775447693432,key-35,820
1775447693434,key-7,533
1775447693435,key-12,1155
1775447693436,key-49,853
1775447693436,key-36,4314
1775447693438,key-43,633
1775447693448,key-50,903
1775447693448,key-9,669
1775447693452,key-4,448
1775447693453,key-46,617
1775447693456,key-29,627
1775447693456,key-46,620
1775447693457,key-14,1811
1775447693458,key-14,1812
1775447693470,key-3,6330
1775447693470,key-19,707
1775447693470,key-49,887
1775447693471,key-31,2890
1775447693472,key-29,643
1775447693473,key-31,2892
1775447693474,key-10,918
1775447693478,key-15,1641
1775447693481,key-31,2900
1775447693481,key-44,1299
1775447693482,key-1,1401
1775447693486,key-35,874
1775447693487,key-11,464
1775447693487,key-1,1406
1775447693487,key-7,586
1775447693489,key-48,1855
1775447693491,key-31,2910
1775447693492,key-6,1066
1775447693493,key-2,594
1775447693498,key-49,915
1775447693498,key-17,426
1775447693500,key-8,290
1775447693504,key-32,785
1775447693504,key-17,432
1775447693504,key-39,1930
1775447693505,key-26,938
1775447693507,key-30,1886
1775447693509,key-41,305
1775447693516,key-40,695
1775447693516,key-9,737
1775447693518,key-20,1575
1775447693518,key-34,165
1775447693519,key-14,1873
1775447693520,key-12,1240
1775447693520,key-22,711
1775447693525,key-33,2284
1775447693527,key-33,2286
1775447693528,key-17,456
1775447693529,key-5,186
1775447693537,key-35,925
1775447693538,key-40,717
1775447693540,key-19,224
1775447693544,key-30,1923
1775447693545,key-41,341
1775447693545,key-33,2304
1775447693545,key-7,644
1775447693550,key-13,376
1775447693551,key-5,208
1775447693551,key-4,547
1775447693557,key-16,367
1775447693559,key-12,1279
1775447693571,key-50,160
1775447693573,key-42,512
1775447693574,key-28,797
1775447693580,key-12,1300
1775447693592,key-5,249
1775447693592,key-12,164
1775447693593,key-41,389
1775447693593,key-16,403
1775447693594,key-43,789
1775447693595,key-19,279
1775447693601,key-43,796
1775447693602,key-5,259
1775447693602,key-8,392
1775447693603,key-5,260
1775447693603,key-33,2362
1775447693604,key-50,193
1775447693604,key-42,543
1775447693607,key-35,995
1775447693610,key-19,294
1775447693610,key-18,379
1775447693610,key-43,805
1775447693611,key-46,775
1775447693611,key-44,1429
1775447693611,key-13,193
1775447693613,key-21,998
1775447693616,key-22,807
1775447693620,key-12,192
1775447693624,key-21,1009
1775447693626,key-14,1980
1775447693626,key-49,1043
1775447693626,key-20,245
1775447693631,key-21,1016
1775447693631,key-31,3050
1775447693631,key-15,1794
1775447693633,key-29,804
1775447693633,key-43,828
1775447693635,key-19,186
1775447693639,key-43,834
1775447693645,key-7,744
1775447693646,key-19,197
1775447693646,key-1,1565
1775447693647,key-35,1035
1775447693647,key-15,1810
1775447693653,key-12,225
1775447693653,key-35,1041
1775447693655,key-10,182
1775447693656,key-7,755
1775447693656,key-5,313
1775447693658,key-27,1144
1775447693658,key-15,1821
1775447693661,key-37,858
1775447693662,key-27,1148
1775447693662,key-33,2421
1775447693662,key-6,1236
1775447693666,key-30,2045
1775447693668,key-49,1085
1775447693669,key-1,1588
1775447693675,key-6,1249
1775447693676,key-5,333
1775447693677,key-30,2056
1775447693682,key-39,220
1775447693682,key-10,209
1775447693683,key-24,162
1775447693683,key-41,479
1775447693685,key-9,906
1775447693686,key-31,3105
1775447693694,key-30,2073
1775447693695,key-22,886
1775447693696,key-26,268
1775447693699,key-31,206
1775447693706,key-21,1091
1775447693708,key-17,636
1775447693709,key-5,366
1775447693713,key-33,2472
1775447693726,key-13,308
1775447693729,key-17,657
1775447693730,key-19,281
1775447693731,key-4,727
1775447693732,key-30,2111
1775447693733,key-40,912
1775447693734,key-44,180
1775447693734,key-35,1122
1775447693735,key-47,1789
1775447693735,key-24,214
1775447693735,key-30,2114
1775447693737,key-30,2116
1775447693740,key-50,329
1775447693740,key-33,2499
1775447693740,key-29,911
1775447693741,key-20,360
1775447693741,key-8,531
1775447693746,key-12,318
1775447693746,key-33,2505
1775447693747,key-41,543
1775447693748,key-41,544
1775447693749,key-4,745
1775447693752,key-40,931
1775447693755,key-16,249
1775447693761,key-38,1442
1775447693764,key-33,2523
1775447693775,key-22,966
1775447693776,key-33,2535
1775447693776,key-46,940
1775447693777,key-40,956
1775447693779,key-33,2538
1775447693780,key-4,776
1775447693781,key-50,370
1775447693782,key-7,881
1775447693786,key-21,1171
1775447693787,key-50,376
1775447693788,key-21,1173
1775447693791,key-32,167
1775447693791,key-16,285
1775447693798,key-14,2152
1775447693799,key-22,990
1775447693799,key-15,246
1775447693800,key-10,327
1775447693800,key-21,1185
1775447693808,key-43,1003
1775447693809,key-35,176
1775447693811,key-7,910
1775447693811,key-49,1228
1775447693812,key-12,237
1775447693817,key-35,184
1775447693817,key-43,1012
1775447693817,key-7,916
1775447693817,key-17,745
1775447693820,key-15,267
1775447693820,key-27,1306
1775447693825,key-29,996
1775447693826,key-23,1928
1775447693827,key-16,156
1775447693831,key-12,256
1775447693833,key-25,228
1775447693834,key-5,491
1775447693834,key-48,2200
1775447693834,key-27,1320
1775447693836,key-6,1410
1775447693836,key-30,2215
1775447693842,key-47,1896
1775447693842,key-37,1039
1775447693842,key-18,611
1775447693843,key-39,381
1775447693843,key-12,268
1775447693849,key-39,387
1775447693849,key-20,468
1775447693859,key-10,386
1775447693860,key-31,367
1775447693860,key-39,398
1775447693860,key-9,1081
1775447693873,key-9,1094
1775447693875,key-37,1072
1775447693876,key-33,2635
1775447693877,key-31,384
1775447693877,key-30,2256
1775447693881,key-14,2235
1775447693885,key-3,6745
1775447693887,key-45,4717
1775447693887,key-17,203
1775447693889,key-31,396
1775447693889,key-34,191
1775447693893,key-27,1379
1775447693894,key-41,690
1775447693897,key-22,1088
1775447693901,key-24,380
1775447693901,key-47,1955
1775447693901,key-6,1475
1775447693902,key-15,349
1775447693902,key-13,484
1775447693902,key-29,1073
1775447693903,key-9,1124
1775447693910,key-47,1964
1775447693915,key-41,711
1775447693918,key-35,285
1775447693918,key-17,234
1775447693923,key-50,511
1775447693926,key-17,242
1775447693928,key-1,1847
1775447693929,key-41,725
1775447693929,key-35,296
1775447693929,key-34,164
1775447693932,key-46,1096
1775447693935,key-33,2694
1775447693937,key-29,1108
1775447693941,key-41,737
1775447693948,key-33,2707
1775447693953,key-8,743
1775447693954,key-17,270
1775447693954,key-33,2713
1775447693954,key-50,543
1775447693957,key-30,2336
1775447693958,key-41,754
1775447693958,key-12,383
1775447693960,key-32,336
1775447693961,key-16,290
1775447693961,key-22,1152
1775447693962,key-31,469
1775447693963,key-3,168
1775447693966,key-34,268
1775447693968,key-3,173
1775447693970,key-12,395
1775447693970,key-49,1387
1775447693976,key-10,503
1775447693976,key-43,1171
1775447693976,key-35,343
1775447693976,key-41,772
1775447693977,key-3,182
1775447693977,key-7,1076
1775447693985,key-8,775
1775447693988,key-43,1183
1775447693988,key-45,4818
1775447693988,key-12,413
1775447693988,key-29,1159
1775447693991,key-20,610
1775447693992,key-23,259
1775447693997,key-17,313
1775447693997,key-29,1168
1775447693997,key-12,422
1775447693999,key-12,424
1775447694003,key-21,169
1775447694003,key-5,660
1775447694004,key-39,542
1775447694006,key-25,171
1775447694007,key-12,432
1775447694007,key-33,2766
1775447694008,key-6,1582
1775447694013,key-43,1208
1775447694013,key-20,632
1775447694015,key-21,1400
1775447694015,key-12,440
1775447694021,key-9,1242
1775447694022,key-35,389
1775447694027,key-49,1444
1775447694027,key-9,1248
1775447694028,key-12,453
1775447694030,key-25,195
1775447694030,key-34,265
1775447694034,key-12,459
1775447694036,key-39,574
1775447694036,key-35,403
1775447694041,key-39,579
1775447694043,key-10,570
1775447694043,key-9,1264
1775447694043,key-17,359
1775447694047,key-31,554
1775447694047,key-33,2806
1775447694054,key-31,561
1775447694055,key-26,175
1775447694055,key-10,582
1775447694055,key-31,562
1775447694055,key-23,322
1775447694057,key-31,564
1775447694057,key-25,222
1775447694065,key-45,4895
1775447694071,key-24,550
1775447694072,key-27,1558
1775447694074,key-5,731
1775447694074,key-3,279
1775447694074,key-15,521
1775447694075,key-10,602
1775447694080,key-25,177
1775447694083,key-50,672
1775447694083,key-48,2449
1775447694086,key-25,183
1775447694089,key-1,2008
1775447694095,key-35,462
1775447694095,key-50,684
1775447694097,key-13,679
1775447694097,key-7,1196
1775447694097,key-30,2476
1775447694102,key-6,1676
1775447694105,key-35,472
1775447694106,key-5,763
1775447694106,key-17,422
1775447694108,key-17,424
1775447694113,key-34,348
1775447694117,key-37,1314
1775447694117,key-23,384
1775447694120,key-16,449
1775447694121,key-39,659
1775447694126,key-33,2885
1775447694126,key-17,442
1775447694127,key-1,166
1775447694134,key-17,450
1775447694138,key-41,934
1775447694140,key-12,565
1775447694142,key-1,181
1775447694146,key-45,4976
1775447694147,key-29,1318
1775447694147,key-45,4977
1775447694148,key-29,1319
1775447694149,key-31,656
1775447694151,key-28,1374
1775447694157,key-29,1328
1775447694157,key-17,473
1775447694159,key-24,638
1775447694159,key-38,1840
1775447694162,key-12,587
1775447694170,key-38,1851
1775447694171,key-23,438
1775447694171,key-27,1657
1775447694171,key-2,396
1775447694179,key-37,1376
1775447694180,key-41,976
1775447694182,key-14,166
1775447694182,key-12,607
1775447694188,key-7,1287
1775447694189,key-35,556
1775447694189,key-31,696
1775447694190,key-10,717
1775447694190,key-25,287
1775447694190,key-12,615
1775447694190,key-12,615
1775447694191,key-49,1608
1775447694194,key-12,619
1775447694196,key-35,563
1775447694197,key-32,573
1775447694198,key-12,623
1775447694199,key-22,250
1775447694202,key-9,1423
1775447694208,key-23,475
1775447694208,key-34,443
1775447694209,key-20,828
1775447694210,key-9,1431
1775447694210,key-26,226
1775447694210,key-9,1431
1775447694214,key-26,230
1775447694214,key-7,1313
1775447694221,key-26,237
1775447694228,key-45,5058
1775447694229,key-27,1715
1775447694231,key-29,1402
1775447694232,key-31,739
1775447694232,key-24,711
1775447694232,key-24,711
1775447694233,key-43,160
1775447694233,key-31,740
1775447694234,key-33,2993
1775447694234,key-31,741
1775447694238,key-42,1177
1775447694239,key-12,664
1775447694241,key-25,338
1775447694242,key-26,258
1775447694244,key-41,1040
1775447694245,key-5,902
1775447694250,key-50,839
1775447694251,key-26,267
1775447694251,key-15,698
1775447694253,key-10,780
1775447694255,key-8,1045
1775447694257,key-39,795
1775447694257,key-46,161
1775447694258,key-25,355
1775447694267,key-7,1366
1775447694268,key-30,2647
1775447694270,key-18,465
1775447694273,key-34,508
1775447694274,key-10,801
1775447694275,key-6,1849
1775447694277,key-1,316
1775447694283,key-47,218
1775447694284,key-35,651
1775447694285,key-47,220
1775447694290,key-31,797
1775447694291,key-39,171
1775447694294,key-3,499
1775447694294,key-34,529
1775447694296,key-10,823
1775447694304,key-27,1790
1775447694305,key-37,1502
1775447694305,key-39,185
1775447694305,key-37,1502
1775447694306,key-37,1503
1775447694306,key-7,180
1775447694308,key-45,5138
1775447694309,key-27,184
1775447694310,key-39,190
1775447694314,key-17,630
1775447694317,key-30,2696
1775447694325,key-43,212
1775447694325,key-23,592
1775447694329,key-29,1500
1775447694333,key-29,1504
1775447694334,key-17,650
1775447694335,key-25,432
1775447694344,key-33,3103
1775447694344,key-50,933
1775447694344,key-23,611
1775447694345,key-11,173
1775447694345,key-20,964
1775447694356,key-29,1527
1775447694359,key-45,5189
1775447694360,key-49,162
1775447694361,key-27,236
1775447694362,key-33,166
1775447694364,key-12,789
1775447694370,key-37,1567
1775447694373,key-4,1369
1775447694373,key-6,1947
1775447694378,key-26,394
1775447694379,key-22,430
1775447694379,key-9,1600
1775447694380,key-12,805
1775447694385,key-22,436
1775447694385,key-7,259
1775447694385,key-24,864
1775447694386,key-34,167
1775447694386,key-20,1005
1775447694387,key-34,168
1775447694389,key-45,5219
1775447694389,key-29,1560
1775447694391,key-15,838
1775447694393,key-9,1614
1775447694394,key-45,5224
1775447694396,key-42,1335
1775447694398,key-29,1569
1775447694398,key-24,877
1775447694401,key-14,385
1775447694404,key-27,279
1775447694405,key-43,292
1775447694406,key-12,831
1775447694407,key-34,226
1775447694408,key-34,189
1775447694408,key-27,283
1775447694409,key-7,283
1775447694410,key-15,857
1775447694413,key-26,429
1775447694413,key-41,1209
1775447694416,key-24,895
1775447694416,key-18,611
1775447694418,key-31,925
1775447694421,key-41,1217
1775447694422,key-10,949
1775447694423,key-39,174
1775447694424,key-20,1043
1775447694431,key-50,237
1775447694438,key-44,219
1775447694438,key-38,289
1775447694438,key-46,342
1775447694439,key-2,230
1775447694439,key-17,755
1775447694440,key-46,344
1775447694443,key-47,378
1775447694444,key-19,176
1775447694445,key-8,1235
1775447694449,key-15,896
1775447694453,key-26,469
1775447694458,key-12,883
1775447694459,key-15,906
1775447694460,key-19,192
1775447694460,key-3,184
1775447694460,key-37,1657
1775447694461,key-26,477
1775447694464,key-10,991
1775447694464,key-26,480
1775447694468,key-47,403
1775447694471,key-34,252
1775447694472,key-31,165
1775447694478,key-37,1675
1775447694479,key-37,1676
1775447694480,key-37,1677
1775447694480,key-7,354
1775447694490,key-34,271
1775447694490,key-34,271
1775447694491,key-37,1688
1775447694495,key-47,430
1775447694497,key-50,303
1775447694506,key-36,5384
1775447694506,key-23,773
1775447694507,key-10,1034
1775447694508,key-23,775
1775447694512,key-42,186
1775447694512,key-42,186
1775447694514,key-45,5344
1775447694514,key-11,342
1775447694520,key-20,1139
1775447694525,key-29,1696
1775447694526,key-12,951
1775447694526,key-23,793
1775447694530,key-37,1727
1775447694533,key-23,800
1775447694533,key-27,408
1775447694537,key-45,5367
1775447694537,key-27,412
1775447694539,key-43,426
1775447694541,key-30,2920
1775447694542,key-4,1538
1775447694548,key-21,714
1775447694549,key-41,1345
1775447694551,key-6,2125
1775447694551,key-45,5381
1775447694551,key-38,212
1775447694554,key-29,1725
1775447694556,key-29,1727
1775447694557,key-9,1778
1775447694559,key-45,5389
1775447694560,key-42,234
1775447694562,key-27,437
1775447694566,key-34,347
1775447694566,key-6,166
1775447694566,key-6,166
1775447694570,key-20,1189
1775447694570,key-27,445
1775447694571,key-9,1792
1775447694571,key-34,352
1775447694581,key-27,456
1775447694584,key-27,459
1775447694585,key-34,366
1775447694588,key-27,463
1775447694588,key-15,1035
1775447694591,key-27,466
1775447694594,key-31,287
1775447694594,key-34,375
1775447694598,key-31,291
1775447694599,key-12,1024
1775447694600,key-15,1047
1775447694601,key-18,796
1775447694602,key-9,1823
1775447694603,key-12,1028
1775447694604,key-33,159
1775447694605,key-31,298
1775447694605,key-5,1262
1775447694612,key-17,928
1775447694612,key-38,273
1775447694613,key-47,548
1775447694618,key-6,218
1775447694618,key-37,1815
1775447694619,key-15,1066
1775447694619,key-12,1044
1775447694621,key-10,1148
1775447694621,key-26,637
1775447694622,key-47,557
1775447694623,key-10,1150
1775447694623,key-15,1070
1775447694624,key-24,1103
1775447694626,key-37,1823
1775447694626,key-31,319
1775447694628,key-29,1799
1775447694628,key-33,183
1775447694634,key-47,569
1775447694635,key-13,178
1775447694635,key-39,386
1775447694640,key-41,1436
1775447694641,key-25,738
1775447694641,key-36,201
1775447694646,key-34,427
1775447694646,key-25,743
1775447694646,key-15,1093
1775447694652,key-48,3018
1775447694656,key-25,753
1775447694661,key-50,467
1775447694662,key-50,468
1775447694664,key-36,224
1775447694669,key-37,1866
1775447694669,key-46,245
1775447694670,key-31,363
1775447694676,key-7,550
1775447694680,key-31,373
1775447694681,key-31,374
1775447694682,key-37,1879
1775447694682,key-21,848
1775447694685,key-37,1882
1775447694688,key-20,1307
1775447694689,key-19,421
1775447694691,key-47,164
1775447694691,key-34,472
1775447694691,key-47,164
1775447694699,key-34,480
1775447694701,key-45,5531
1775447694704,key-43,591
1775447694704,key-30,235
1775447694704,key-37,1901
1775447694707,key-23,974
1775447694707,key-26,723
1775447694707,key-3,431
1775447694712,key-45,5542
1775447694713,key-41,1509
1775447694713,key-37,1910
1775447694715,key-41,1511
1775447694715,key-11,543
1775447694721,key-41,1517
1775447694726,key-43,613
1775447694728,key-18,923
1775447694731,key-6,331
1775447694731,key-27,606
1775447694731,key-49,180
1775447694733,key-35,1100
1775447694736,key-9,1957
1775447694737,key-5,234
1775447694738,key-4,165
1775447694740,key-5,158
1775447694740,key-29,1911
1775447694749,key-15,1196
1775447694752,key-27,627
1775447694754,key-27,629
1775447694756,key-31,449
1775447694760,key-15,1207
1775447694761,key-7,635
1775447694763,key-5,181
1775447694766,key-19,498
1775447694766,key-9,1987
1775447694768,key-27,643
1775447694768,key-12,1193
1775447694768,key-50,574
1775447694770,key-15,1217
1775447694777,key-42,451
1775447694782,key-39,533
1775447694782,key-31,475
1775447694782,key-22,833
1775447694782,key-29,1953
1775447694786,key-6,386
1775447694788,key-37,1985
1775447694789,key-6,175
1775447694790,key-15,1237
1775447694791,key-26,807
1775447694792,key-13,301
1775447694792,key-6,178
1775447694794,key-43,681
1775447694797,key-7,671
1775447694802,key-33,357
1775447694807,key-40,280
1775447694808,key-15,1255
1775447694809,key-18,1004
1775447694810,key-28,2033
1775447694810,key-47,283
1775447694810,key-25,907
1775447694813,key-25,910
1775447694817,key-25,914
1775447694817,key-37,2014
1775447694818,key-28,2041
1775447694818,key-38,479
1775447694821,key-36,381
1775447694821,key-29,1992
1775447694821,key-34,602
1775447694821,key-34,602
1775447694826,key-34,607
1775447694826,key-23,1093
1775447694826,key-13,335
1775447694836,key-37,2033
1775447694837,key-48,3203
1775447694837,key-9,214
1775447694838,key-46,414
1775447694843,key-50,649
1775447694845,key-10,1372
1775447694847,key-16,585
1775447694847,key-38,508
1775447694854,key-15,1301
1775447694855,key-45,5685
1775447694859,key-37,2056
1775447694862,key-29,2033
1775447694868,key-16,606
1775447694869,key-26,885
1775447694870,key-20,1489
1775447694871,key-26,887
1775447694871,key-34,652
1775447694872,key-13,381
1775447694872,key-34,653
1775447694874,key-50,680
1775447694876,key-20,1495
1775447694876,key-11,704
1775447694877,key-37,2074
1775447694880,key-17,1196
1775447694882,key-43,769
1775447694882,key-45,5712
1775447694883,key-41,1679
1775447694888,key-27,763
1775447694893,key-3,288
1775447694893,key-30,424
1775447694896,key-24,1375
1775447694898,key-25,995
1775447694901,key-10,173
1775447694902,key-9,279
1775447694905,key-29,2076
1775447694905,key-37,2102
1775447694905,key-37,2102
1775447694907,key-5,325
1775447694907,key-33,462
1775447694910,key-8,226
1775447694913,key-11,741
1775447694917,key-17,188
1775447694919,key-27,794
1775447694919,key-43,806
1775447694919,key-25,1016
1775447694919,key-45,5749
1775447694923,key-5,341
1775447694924,key-23,1191
1775447694928,key-27,803
1775447694929,key-39,680
1775447694933,key-26,949
1775447694945,key-36,505
1775447694945,key-15,1392
1775447694945,key-5,175
1775447694949,key-41,1745
1775447694950,key-22,1001
1775447694950,key-37,181
1775447694953,key-11,781
1775447694957,key-36,517
1775447694958,key-17,229
1775447694958,key-24,187
1775447694964,key-26,980
1775447694965,key-31,658
1775447694968,key-15,1415
1775447694968,key-15,1415
1775447694971,key-18,1166
1775447694973,key-37,204
1775447694984,key-34,765
1775447694985,key-43,872
1775447694986,key-34,767
1775447694986,key-1,321
1775447694986,key-38,169
1775447694987,key-15,1434
1775447694988,key-29,2159
1775447694989,key-36,549
1775447694990,key-13,499
1775447694993,key-48,3359
1775447694993,key-26,1009
1775447694993,key-36,553
1775447694994,key-25,1091
1775447694996,key-25,1093
1775447695004,key-48,162
1775447695005,key-9,382
1775447695006,key-34,787
1775447695009,key-48,167
1775447695009,key-1,344
1775447695011,key-34,792
1775447695013,key-44,794
1775447695013,key-5,191
1775447695015,key-6,401
1775447695015,key-9,392
1775447695017,key-2,193
1775447695022,key-25,1119
1775447695027,key-48,185
1775447695030,key-13,539
1775447695031,key-29,2202
1775447695032,key-21,1198
1775447695032,key-50,252
1775447695034,key-3,429
1775447695039,key-26,1055
1775447695044,key-16,782
1775447695045,key-29,2216
1775447695046,key-20,1665
1775447695046,key-29,2217
1775447695046,key-5,224
1775447695047,key-11,875
1775447695059,key-12,1484
1775447695060,key-17,331
1775447695060,key-37,291
1775447695061,key-9,438
1775447695063,key-3,458
1775447695069,key-2,245
1775447695069,key-45,5899
1775447695070,key-8,386
1775447695070,key-20,1689
1775447695070,key-29,2241
1775447695074,key-28,2297
1775447695075,key-24,304
1775447695077,key-37,308
1775447695077,key-16,815
1775447695080,key-13,589
1775447695080,key-27,228
1775447695080,key-35,1447
1775447695084,key-43,181
1775447695085,key-25,1182
1775447695089,key-45,5919
1775447695096,key-27,244
1775447695097,key-5,275
1775447695098,key-47,571
1775447695099,key-38,282
1775447695104,key-40,161
1775447695105,key-43,202
1775447695108,key-33,663
1775447695108,key-26,1124
1775447695111,key-49,560
1775447695111,key-24,340
1775447695112,key-13,621
1775447695114,key-41,1910
1775447695114,key-11,942
1775447695117,key-45,5947
1775447695118,key-39,869
1775447695120,key-25,1217
1775447695121,key-34,224
1775447695124,key-6,165
1775447695125,key-41,1921
1775447695133,key-24,362
1775447695135,key-17,406
1775447695135,key-27,283
1775447695136,key-25,1233
1775447695141,key-43,238
1775447695141,key-15,1588
1775447695141,key-34,244
1775447695150,key-33,180
1775447695151,key-34,254
1775447695152,key-15,1599
1775447695154,key-25,163
1775447695155,key-37,386
1775447695155,key-25,164
1775447695156,key-10,428
1775447695157,key-37,388
1775447695161,key-36,721
1775447695162,key-25,171
1775447695162,key-34,265
1775447695165,key-26,1181
1775447695165,key-35,1532
1775447695168,key-13,677
1775447695172,key-48,330
1775447695173,key-16,911
1775447695175,key-36,735
1775447695176,key-35,1543
1775447695176,key-35,1543
1775447695186,key-13,695
1775447695186,key-9,563
1775447695186,key-11,169
1775447695190,key-25,199
1775447695192,key-6,233
1775447695192,key-5,370
1775447695192,key-50,412
1775447695194,key-5,372
1775447695198,key-15,1645
1775447695200,key-26,1216
1775447695205,key-13,714
1775447695207,key-29,237
1775447695209,key-30,352
1775447695209,key-2,385
1775447695211,key-25,220
1775447695211,key-11,194
1775447695212,key-25,221
1775447695214,key-42,888
1775447695215,key-48,373
1775447695215,key-42,889
1775447695217,key-50,437
1775447695217,key-21,1383
1775447695219,key-10,491
1775447695220,key-3,615
1775447695229,key-41,2025
1775447695230,key-50,450
1775447695230,key-28,2453
1775447695232,key-23,1499
1775447695234,key-34,337
1775447695236,key-17,507
1775447695237,key-11,220
1775447695237,key-22,1288
1775447695239,key-11,222
1775447695243,key-2,419
1775447695246,key-31,939
1775447695252,key-20,1871
1775447695253,key-13,762
1775447695260,key-27,408
1775447695263,key-28,2486
1775447695263,key-9,640
1775447695263,key-5,441
1775447695263,key-35,1630
1775447695264,key-27,412
1775447695264,key-40,321
1775447695264,key-28,2487
1775447695267,key-43,364
1775447695273,key-27,421
1775447695275,key-5,453
1775447695278,key-40,335
1775447695281,key-40,338
1775447695281,key-5,459
1775447695281,key-40,338
1775447695284,key-17,555
1775447695284,key-14,1268
1775447695285,key-11,268
1775447695288,key-39,1039
1775447695288,key-24,517
1775447695289,key-49,738
1775447695297,key-11,280
1775447695298,key-25,307
1775447695299,key-48,457
1775447695304,key-24,533
1775447695309,key-24,538
1775447695310,key-33,340
1775447695311,key-41,2107
1775447695311,key-25,320
1775447695311,key-17,582
1775447695311,key-7,1185
1775447695314,key-43,411
1775447695319,key-40,376
1775447695324,key-25,333
1775447695324,key-12,1749
1775447695330,key-39,1081
1775447695332,key-27,169
1775447695332,key-48,490
1775447695337,key-47,810
1775447695339,key-13,848
1775447695339,key-25,348
1775447695340,key-24,569
1775447695340,key-5,518
1775447695340,key-34,443
1775447695341,key-9,718
1775447695341,key-26,230
1775447695347,key-36,162
1775447695349,key-25,358
1775447695349,key-9,726
1775447695351,key-35,1718
1775447695352,key-27,189
1775447695352,key-13,861
1775447695356,key-29,386
1775447695356,key-25,365
1775447695357,key-36,172
1775447695362,key-16,1100
1775447695362,key-35,1729
1775447695366,key-11,349
1775447695371,key-9,748
1775447695371,key-25,380
1775447695372,key-8,688
1775447695372,key-29,402
1775447695375,key-10,647
1775447695375,key-42,1049
1775447695379,key-6,420
1775447695381,key-10,653
1775447695384,key-2,560
1775447695387,key-37,618
1775447695387,key-25,396
1775447695389,key-20,2008
1775447695392,key-42,1066
1775447695393,key-23,1660
1775447695395,key-36,210
1775447695398,key-21,1564
1775447695402,key-36,217
1775447695406,key-11,389
1775447695407,key-39,1158
1775447695407,key-42,1081
1775447695407,key-42,1081
1775447695409,key-11,392
1775447695409,key-14,1393
1775447695412,key-13,921
1775447695415,key-50,635
1775447695422,key-27,259
1775447695424,key-6,465
1775447695426,key-17,697
1775447695426,key-44,1207
1775447695427,key-2,603
1775447695427,key-31,1120
1775447695432,key-37,663
1775447695435,key-13,944
1775447695435,key-31,1128
1775447695438,key-20,2057
1775447695438,key-29,468
1775447695451,key-9,828
1775447695453,key-40,277
1775447695453,key-49,902
1775447695453,key-2,629
1775447695454,key-17,725
1775447695454,key-40,278
1775447695454,key-18,1649
1775447695454,key-5,632
1775447695458,key-28,2681
1775447695458,key-40,282
1775447695458,key-25,467
1775447695460,key-39,1211
1775447695460,key-21,1626
1775447695460,key-17,731
1775447695461,key-28,2684
1775447695464,key-25,473
1775447695464,key-13,973
1775447695465,key-11,448
1775447695467,key-48,625
1775447695470,key-7,1344
1775447695473,key-17,744
1775447695484,key-24,296
1775447695486,key-8,228
1775447695487,key-6,528
1775447695494,key-25,503
1775447695494,key-43,184
1775447695494,key-49,943
1775447695494,key-47,967
1775447695500,key-47,973
1775447695505,key-25,514
1775447695512,key-47,985
1775447695512,key-5,690
1775447695514,key-12,1939
1775447695518,key-17,789
1775447695520,key-43,210
1775447695520,key-16,1258
1775447695524,key-39,1275
1775447695529,key-9,906
1775447695529,key-25,538
1775447695531,key-25,540
1775447695532,key-11,515
1775447695535,key-24,347
1775447695537,key-16,1275
1775447695539,key-22,163
1775447695544,key-22,168
1775447695545,key-12,1970
1775447695546,key-16,1284
1775447695546,key-10,818
1775447695546,key-2,722
1775447695546,key-25,555
1775447695548,key-2,724
1775447695550,key-25,559
1775447695550,key-36,210
1775447695551,key-43,241
1775447695551,key-37,782
1775447695551,key-25,560
1775447695551,key-29,581
1775447695556,key-42,1230
1775447695558,key-37,789
1775447695558,key-25,567
1775447695559,key-27,396
1775447695562,key-25,571
1775447695563,key-35,1930
1775447695564,key-36,224
1775447695565,key-29,595
1775447695567,key-11,550
1775447695567,key-33,398
1775447695568,key-48,726
1775447695572,key-23,1839
1775447695572,key-13,214
1775447695574,key-50,191
1775447695581,key-41,2377
1775447695581,key-23,1848
1775447695581,key-14,1565
1775447695582,key-28,2805
1775447695582,key-17,853
1775447695583,key-46,720
1775447695583,key-6,624
1775447695583,key-14,1567
1775447695583,key-28,2806
1775447695586,key-21,1752
1775447695588,key-6,629
1775447695589,key-17,157
1775447695590,key-2,766
1775447695592,key-32,1968
1775447695595,key-42,1269
1775447695597,key-44,1378
1775447695601,key-20,218
1775447695601,key-42,1275
1775447695603,key-8,345
1775447695604,key-11,587
1775447695604,key-29,634
1775447695609,key-5,787
1775447695609,key-13,251
1775447695610,key-9,987
1775447695618,key-42,1292
1775447695622,key-25,631
1775447695625,key-28,2848
1775447695626,key-17,194
1775447695633,key-47,165
1775447695635,key-13,277
1775447695637,key-40,266
1775447695643,key-25,652
1775447695644,key-3,158
1775447695644,key-13,286
1775447695655,key-24,467
1775447695656,key-28,2879
1775447695656,key-20,179
1775447695656,key-47,188
1775447695657,key-11,640
1775447695657,key-41,2453
1775447695658,key-5,836
1775447695660,key-49,1109
1775447695661,key-34,190
1775447695668,key-25,677
1775447695672,key-47,204
1775447695678,key-11,661
1775447695680,key-43,370
1775447695681,key-47,213
1775447695686,key-5,864
1775447695686,key-16,1424
1775447695690,key-39,1441
1775447695694,key-33,525
1775447695694,key-17,262
1775447695694,key-25,703
1775447695698,key-19,945
1775447695700,key-13,342
1775447695704,key-16,1442
1775447695710,key-25,719
1775447695713,key-37,944
1775447695717,key-27,554
1775447695720,key-21,1886
1775447695720,key-25,729
1775447695723,key-2,899
1775447695723,key-29,753
1775447695725,key-25,734
1775447695726,key-11,164
1775447695728,key-36,388
1775447695729,key-26,261
1775447695732,key-16,164
1775447695733,key-11,171
1775447695733,key-46,160
1775447695733,key-27,570
1775447695733,key-36,393
1775447695736,key-25,745
1775447695737,key-29,767
1775447695740,key-24,552
1775447695742,key-23,2009
1775447695742,key-46,169
1775447695742,key-9,1119
1775447695746,key-11,184
1775447695748,key-11,186
1775447695748,key-14,1732
1775447695749,key-24,561
1775447695751,key-7,224
1775447695754,key-47,222
1775447695754,key-47,222
1775447695757,key-14,1741
1775447695757,key-38,940
1775447695760,key-50,377
1775447695761,key-46,188
1775447695761,key-29,791
1775447695764,key-16,1502
1775447695764,key-27,601
1775447695764,key-2,940
1775447695764,key-42,1438
1775447695768,key-34,297
1775447695768,key-2,944
1775447695768,key-33,599
1775447695771,key-2,947
1775447695771,key-17,339
1775447695771,key-6,812
1775447695771,key-15,2218
1775447695773,key-44,158
1775447695774,key-11,212
1775447695778,key-9,1155
1775447695778,key-32,253
1775447695779,key-17,347
1775447695781,key-32,256
1775447695783,key-27,620
1775447695788,key-1,1123
1775447695788,key-39,181
1775447695793,key-42,1467
1775447695799,key-11,237
1775447695801,key-40,430
1775447695808,key-40,437
1775447695808,key-36,468
1775447695811,key-25,820
1775447695812,key-33,178
1775447695812,key-6,853
1775447695812,key-3,326
1775447695818,key-13,460
1775447695821,key-28,3044
1775447695821,key-28,3044
1775447695823,key-17,391
1775447695824,key-25,833
1775447695826,key-43,168
1775447695830,key-10,1102
1775447695831,key-7,304
1775447695831,key-24,643
1775447695831,key-3,345
1775447695833,key-9,1210
1775447695833,key-13,475
1775447695834,key-25,843
1775447695837,key-11,275
1775447695839,key-41,297
1775447695841,key-1,1176
1775447695844,key-5,1022
1775447695847,key-25,856
1775447695848,key-27,685
1775447695850,key-13,492
1775447695852,key-43,194
1775447695856,key-43,198
1775447695856,key-14,1840
1775447695856,key-17,424
1775447695859,key-13,501
1775447695867,key-28,3090
1775447695869,key-49,1318
1775447695876,key-25,885
1775447695877,key-25,886
1775447695879,key-50,496
1775447695881,key-27,718
1775447695889,key-25,898
1775447695890,key-27,727
1775447695896,key-27,156
1775447695900,key-9,1277
1775447695901,key-46,328
1775447695901,key-25,910
1775447695904,key-44,289
1775447695907,key-25,916
1775447695910,key-13,552
1775447695911,key-16,343
1775447695911,key-3,425
1775447695912,key-37,1143
1775447695915,key-27,175
1775447695915,key-12,2340
1775447695915,key-38,1098
1775447695917,key-38,1100
1775447695920,key-11,358
1775447695923,key-30,619
1775447695926,key-15,2373
1775447695926,key-34,455
1775447695928,key-26,460
1775447695929,key-26,461
1775447695929,key-19,1176
1775447695936,key-18,2131
1775447695936,key-46,363
1775447695936,key-13,578
1775447695940,key-6,981
1775447695943,key-16,375
1775447695943,key-34,472
1775447695943,key-5,1121
1775447695943,key-6,984
1775447695946,key-2,1122
1775447695951,key-32,426
1775447695952,key-32,427
1775447695952,key-32,427
1775447695952,key-44,337
1775447695953,key-16,385
1775447695953,key-36,613
1775447695954,key-1,1289
1775447695954,key-19,1201
1775447695954,key-44,339
1775447695955,key-6,996
1775447695958,key-32,433
1775447695959,key-35,2326
1775447695960,key-44,345
1775447695962,key-42,1636
1775447695965,key-10,1237
1775447695966,key-10,173
1775447695968,key-32,443
1775447695968,key-42,1642
1775447695968,key-39,361
1775447695968,key-36,628
1775447695970,key-42,1644
1775447695974,key-6,1015
1775447695978,key-3,492
1775447695978,key-5,1156
1775447695980,key-47,448
1775447695980,key-33,346
1775447695981,key-50,598
1775447695983,key-36,643
1775447695983,key-12,2408
1775447695983,key-24,202
1775447695986,key-25,995
1775447695987,key-25,996
1775447695993,key-27,253
1775447695994,key-45,713
1775447696001,key-27,261
1775447696002,key-2,1178
1775447696003,key-41,461
1775447696004,key-11,442
1775447696004,key-24,223
1775447696005,key-50,622
1775447696005,key-9,1382
1775447696007,key-43,349
1775447696021,key-28,3244
1775447696023,key-25,1032
1775447696025,key-5,1203
1775447696025,key-9,1402
1775447696029,key-43,371
1775447696030,key-5,1208
1775447696031,key-44,194
1775447696032,key-5,1210
1775447696032,key-1,1367
1775447696034,key-23,331
1775447696034,key-13,676
1775447696041,key-26,573
1775447696055,key-17,623
1775447696056,key-49,1505
1775447696057,key-25,1066
1775447696057,key-49,1506
1775447696063,key-10,270
1775447696067,key-27,327
1775447696074,key-44,237
1775447696075,key-44,238
1775447696076,key-5,1254
1775447696077,key-27,337
1775447696077,key-24,296
1775447696077,key-25,1086
1775447696078,key-25,1087
1775447696078,key-13,720
1775447696080,key-25,1089
1775447696081,key-44,244
1775447696082,key-27,342
1775447696085,key-16,517
1775447696090,key-37,1321
1775447696090,key-26,622
1775447696090,key-13,732
1775447696092,key-11,201
1775447696092,key-43,434
1775447696104,key-15,166
1775447696106,key-6,1147
1775447696107,key-9,1484
1775447696108,key-2,1284
1775447696108,key-38,1291
1775447696109,key-18,2304
1775447696109,key-32,584
1775447696109,key-32,584
1775447696111,key-36,771
1775447696115,key-44,278
1775447696116,key-6,1157
1775447696119,key-25,1128
1775447696123,key-9,163
1775447696123,key-44,286
1775447696123,key-36,783
1775447696124,key-16,556
1775447696131,key-5,175
1775447696133,key-48,348
1775447696134,key-42,1808
1775447696135,key-3,155
1775447696136,key-9,176
1775447696139,key-24,358
1775447696142,key-34,671
1775447696142,key-36,802
1775447696144,key-36,804
1775447696145,key-5,189
1775447696146,key-6,1187
1775447696154,key-22,242
1775447696155,key-39,548
1775447696155,key-24,374
1775447696157,key-25,1166
1775447696157,key-14,2141
1775447696160,key-25,1169
1775447696161,key-6,1202
1775447696161,key-12,2586
1775447696162,key-3,182
1775447696162,key-24,381
1775447696163,key-43,505
1775447696163,key-36,823
1775447696170,key-32,645
1775447696178,key-42,1852
1775447696179,key-25,1188
1775447696179,key-24,398
1775447696180,key-5,224
1775447696182,key-43,524
1775447696182,key-20,705
1775447696182,key-25,1191
1775447696184,key-42,1858
1775447696185,key-10,392
1775447696185,key-2,220
1775447696185,key-32,209
1775447696186,key-25,1195
1775447696186,key-30,882
1775447696186,key-11,295
1775447696188,key-22,276
1775447696190,key-30,886
1775447696190,key-7,663
1775447696196,key-5,240
1775447696196,key-43,538
1775447696197,key-17,334
1775447696200,key-24,419
1775447696205,key-50,822
1775447696210,key-5,254
1775447696211,key-2,246
1775447696213,key-9,253
1775447696219,key-24,438
1775447696222,key-25,1231
1775447696230,key-43,572
1775447696231,key-47,699
1775447696232,key-2,267
1775447696233,key-5,277
1775447696234,key-29,1264
1775447696235,key-5,279
1775447696248,key-24,467
1775447696249,key-16,161
1775447696250,key-35,171
1775447696251,key-11,360
1775447696251,key-31,314
1775447696256,key-24,475
1775447696258,key-1,1593
1775447696260,key-41,718
1775447696263,key-25,1272
1775447696265,key-23,562
1775447696266,key-25,1275
1775447696274,key-2,309
1775447696275,key-48,490
1775447696276,key-8,1018
1775447696277,key-19,1524
1775447696277,key-6,1318
1775447696284,key-16,196
1775447696285,key-42,164
1775447696289,key-32,313
1775447696293,key-16,205
1775447696297,key-48,512
1775447696298,key-24,517
1775447696299,key-44,462
1775447696300,key-38,1483
1775447696300,key-40,172
1775447696300,key-13,942
1775447696301,key-48,516
1775447696302,key-14,2286
1775447696302,key-36,962
1775447696302,key-8,1044
1775447696306,key-19,185
1775447696307,key-1,1642
1775447696307,key-3,327
1775447696312,key-25,1321
1775447696312,key-5,157
1775447696313,key-25,1322
1775447696315,key-16,227
1775447696317,key-6,1358
1775447696317,key-23,614
1775447696317,key-34,846
1775447696317,key-29,237
1775447696320,key-18,2515
1775447696320,key-3,340
1775447696322,key-12,2747
1775447696325,key-35,246
1775447696328,key-39,203
1775447696340,key-14,2324
1775447696340,key-16,176
1775447696340,key-41,798
1775447696341,key-37,1572
1775447696344,key-16,256
1775447696344,key-44,507
1775447696346,key-5,191
1775447696346,key-36,1006
1775447696346,key-7,819
1775447696349,key-32,373
1775447696349,key-32,373
1775447696350,key-47,162
1775447696353,key-32,377
1775447696353,key-2,204
1775447696353,key-25,229
1775447696354,key-42,233
1775447696354,key-25,230
1775447696355,key-42,234
1775447696357,key-32,381
1775447696357,key-10,564
1775447696368,key-41,826
1775447696368,key-17,505
1775447696371,key-5,176
1775447696372,key-5,177
1775447696374,key-5,179
1775447696375,key-43,717
1775447696378,key-25,254
1775447696378,key-50,995
1775447696379,key-17,516
1775447696386,key-11,495
1775447696390,key-24,609
1775447696390,key-25,266
1775447696390,key-2,241
1775447696391,key-43,733
1775447696391,key-43,733
1775447696391,key-24,610
1775447696392,key-5,237
1775447696397,key-25,273
1775447696400,key-20,923
1775447696410,key-42,289
1775447696413,key-19,208
1775447696414,key-29,334
1775447696417,key-30,1113
1775447696418,key-22,506
1775447696419,key-5,224
1775447696419,key-10,626
1775447696431,key-11,540
1775447696432,key-39,307
1775447696436,key-34,965
1775447696441,key-1,1776
1775447696447,key-1,1782
1775447696448,key-16,284
1775447696449,key-25,325
1775447696450,key-5,255
1775447696450,key-31,513
1775447696452,key-17,589
1775447696453,key-6,1494
1775447696454,key-43,796
1775447696456,key-16,292
1775447696458,key-43,800
1775447696458,key-5,263
1775447696459,key-25,335
1775447696462,key-35,383
1775447696468,key-14,2452
1775447696469,key-48,684
1775447696472,key-48,687
1775447696473,key-25,349
1775447696477,key-27,737
1775447696480,key-12,2905
1775447696482,key-5,287
1775447696482,key-6,1523
1775447696482,key-25,358
1775447696488,key-16,324
1775447696488,key-3,508
1775447696489,key-30,1185
1775447696489,key-39,175
1775447696492,key-3,512
1775447696494,key-1,1829
1775447696494,key-29,414
1775447696494,key-19,289
1775447696495,key-8,1237
1775447696495,key-25,371
1775447696495,key-18,2690
1775447696496,key-3,516
1775447696497,key-33,863
1775447696498,key-18,2693
1775447696504,key-39,190
1775447696506,key-35,169
1775447696508,key-47,320
1775447696508,key-35,171
1775447696509,key-37,1740
1775447696511,key-16,347
1775447696513,key-36,1173
1775447696513,key-44,676
1775447696517,key-16,353
1775447696517,key-32,541
1775447696518,key-47,330
1775447696518,key-37,1749
1775447696521,key-36,1181
1775447696522,key-25,398
1775447696524,key-44,687
1775447696524,key-25,400
1775447696528,key-42,407
1775447696529,key-25,405
1775447696529,key-48,744
1775447696530,key-32,554
1775447696532,key-5,337
1775447696542,key-43,210
1775447696543,key-36,1203
1775447696544,key-32,568
1775447696549,key-16,385
1775447696554,key-44,717
1775447696555,key-25,431
1775447696557,key-50,1174
1775447696562,key-20,221
1775447696563,key-17,700
1775447696568,key-11,165
1775447696569,key-18,2764
1775447696570,key-5,375
1775447696571,key-42,450
1775447696571,key-43,239
1775447696571,key-32,595
1775447696571,key-17,708
1775447696571,key-50,1188
1775447696572,key-31,202
1775447696574,key-25,450
1775447696577,key-43,245
1775447696582,key-32,606
1775447696582,key-29,502
1775447696584,key-5,389
1775447696587,key-19,382
1775447696588,key-18,2783
1775447696590,key-2,344
1775447696593,key-32,617
1775447696595,key-25,471
1775447696599,key-25,475
1775447696601,key-23,898
1775447696602,key-34,1131
1775447696607,key-43,275
1775447696607,key-6,1648
1775447696608,key-31,238
1775447696617,key-11,214
1775447696618,key-25,494
1775447696626,key-24,845
1775447696626,key-17,763
1775447696626,key-28,593
1775447696627,key-10,345
1775447696628,key-34,1157
1775447696629,key-3,649
1775447696629,key-1,1964
1775447696637,key-36,1297
1775447696638,key-42,517
1775447696640,key-27,900
1775447696641,key-27,901
1775447696645,key-27,905
1775447696647,key-12,3072
1775447696648,key-25,524
1775447696649,key-43,317
1775447696650,key-3,670
1775447696658,key-19,453
1775447696661,key-3,681
1775447696662,key-18,2857
1775447696663,key-33,1029
1775447696663,key-25,539
1775447696663,key-29,583
1775447696664,key-3,684
1775447696666,key-3,686
1775447696670,key-35,333
1775447696671,key-16,507
1775447696673,key-45,1392
1775447696680,key-37,1911
1775447696682,key-47,494
1775447696683,key-25,559
1775447696684,key-48,899
1775447696684,key-4,175
1775447696684,key-32,708
1775447696686,key-44,198
1775447696686,key-32,710
1775447696689,key-44,201
1775447696690,key-25,566
1775447696691,key-26,754
1775447696691,key-44,203
1775447696692,key-6,1733
1775447696692,key-32,716
1775447696699,key-36,1359
1775447696700,key-32,724
1775447696701,key-47,513
1775447696701,key-42,580
1775447696705,key-49,2154
1775447696706,key-48,921
1775447696710,key-30,1406
1775447696710,key-32,734
1775447696712,key-31,342
1775447696715,key-3,735
1775447696716,key-40,588
1775447696719,key-48,934
1775447696719,key-28,686
1775447696720,key-25,596
1775447696720,key-44,232
1775447696725,key-16,561
1775447696726,key-14,2710
1775447696726,key-11,323
1775447696727,key-17,864
1775447696728,key-5,533
1775447696728,key-11,325
1775447696735,key-48,950
1775447696736,key-5,541
1775447696737,key-44,249
1775447696742,key-48,957
1775447696743,key-16,579
1775447696743,key-17,880
1775447696744,key-21,442
1775447696753,key-43,421
1775447696753,key-45,1472
1775447696754,key-28,721
1775447696754,key-32,188
1775447696755,key-5,560
1775447696757,key-32,191
1775447696760,key-17,897
1775447696760,key-19,555
1775447696762,key-43,430
1775447696773,key-18,173
1775447696775,key-18,175
1775447696776,key-32,210
1775447696784,key-1,2119
1775447696787,key-25,663
1775447696791,key-14,2775
1775447696792,key-45,1511
1775447696794,key-36,1454
1775447696795,key-25,671
1775447696795,key-42,674
1775447696800,key-13,1442
1775447696805,key-21,503
1775447696807,key-10,525
1775447696807,key-19,602
1775447696807,key-36,1467
1775447696807,key-42,686
1775447696808,key-42,687
1775447696819,key-10,537
1775447696820,key-27,1080
1775447696821,key-24,1040
1775447696822,key-36,1482
1775447696824,key-36,1484
1775447696827,key-18,227
1775447696827,key-3,847
1775447696827,key-25,703
1775447696827,key-27,1087
1775447696834,key-25,710
1775447696835,key-25,166
1775447696837,key-8,156
1775447696840,key-3,860
1775447696842,key-32,276
1775447696843,key-1,190
1775447696845,key-45,1564
1775447696845,key-31,475
1775447696847,key-6,1888
1775447696851,key-7,1324
1775447696851,key-32,285
1775447696852,key-42,731
1775447696858,key-16,694
1775447696859,key-48,1074
1775447696859,key-47,671
1775447696859,key-36,1519
1775447696859,key-8,178
1775447696861,key-7,157
1775447696861,key-25,192
1775447696870,key-11,467
1775447696872,key-28,168
1775447696872,key-29,792
1775447696875,key-42,754
1775447696875,key-25,751
1775447696875,key-43,543
1775447696875,key-48,1090
1775447696882,key-5,687
1775447696883,key-3,162
1775447696884,key-25,215
1775447696885,key-7,181
1775447696888,key-32,322
1775447696889,key-28,185
1775447696890,key-48,1105
1775447696892,key-32,326
1775447696898,key-48,1113
1775447696898,key-45,159
1775447696900,key-41,1358
1775447696901,key-13,1543
1775447696902,key-48,1117
1775447696902,key-48,1117
1775447696904,key-25,235
1775447696908,key-45,169
1775447696908,key-3,187
1775447696910,key-9,950
1775447696910,key-48,1125
1775447696912,key-44,424
1775447696914,key-32,348
1775447696914,key-3,193
1775447696921,key-32,355
1775447696922,key-44,434
1775447696922,key-45,156
1775447696922,key-48,1137
1775447696922,key-32,356
1775447696923,key-5,728
1775447696930,key-42,177
1775447696931,key-18,331
1775447696931,key-7,186
1775447696932,key-32,366
1775447696934,key-45,168
1775447696935,key-25,266
1775447696936,key-17,1073
1775447696941,key-16,777
1775447696942,key-31,572
1775447696943,key-18,343
1775447696945,key-19,740
1775447696947,key-33,1313
1775447696950,key-43,618
1775447696954,key-1,301
1775447696961,key-32,395
1775447696961,key-37,164
1775447696963,key-12,3388
1775447696968,key-32,402
1775447696970,key-36,1630
1775447696971,key-5,776
1775447696974,key-48,1189
1775447696980,key-10,698
1775447696981,key-27,1241
1775447696985,key-42,232
1775447696990,key-19,785
1775447696990,key-32,424
1775447696990,key-25,321
1775447696991,key-11,168
1775447696991,key-36,1651
1775447696994,key-36,1654
1775447696997,key-36,1657
1775447697000,key-38,2183
1775447697000,key-14,320
1775447697001,key-45,235
1775447697006,key-24,1225
1775447697008,key-8,327
1775447697009,key-25,340
1775447697013,key-35,676
1775447697014,key-45,248
1775447697017,key-46,158
1775447697017,key-32,451
1775447697018,key-47,830
1775447697018,key-38,2201
1775447697018,key-42,265
1775447697025,key-11,622
1775447697029,key-36,1689
1775447697030,key-48,1245
1775447697030,key-6,2071
1775447697031,key-17,1168
1775447697039,key-46,180
1775447697043,key-47,855
1775447697043,key-26,1106
1775447697043,key-5,848
1775447697044,key-28,340
1775447697044,key-47,856
1775447697045,key-8,364
1775447697050,key-42,297
1775447697052,key-48,1267
1775447697058,key-36,1718
1775447697058,key-24,1277
1775447697062,key-25,160
1775447697064,key-32,498
1775447697064,key-39,346
1775447697064,key-48,1279
1775447697064,key-32,498
1775447697067,key-48,1282
1775447697073,key-48,1288
1775447697074,key-48,1289
1775447697075,key-48,1290
1775447697076,key-13,1718
1775447697078,key-7,333
1775447697079,key-44,591
1775447697080,key-48,1295
1775447697080,key-32,514
1775447697080,key-32,514
1775447697080,key-3,315
1775447697081,key-7,336
1775447697081,key-46,222
1775447697092,key-22,415
1775447697095,key-46,236
1775447697095,key-32,529
1775447697098,key-48,1313
1775447697098,key-3,333
1775447697100,key-32,534
1775447697102,key-48,1317
1775447697102,key-7,357
1775447697102,key-5,907
1775447697102,key-18,502
1775447697103,key-39,385
1775447697103,key-42,350
1775447697103,key-28,399
1775447697103,key-25,202
1775447697105,key-32,539
1775447697107,key-31,201
1775447697110,key-33,1476
1775447697115,key-32,549
1775447697118,key-45,352
1775447697119,key-15,1181
1775447697124,key-43,792
1775447697126,key-19,921
1775447697133,key-25,232
1775447697134,key-8,453
1775447697135,key-17,1272
1775447697135,key-31,229
1775447697135,key-37,338
1775447697140,key-45,374
1775447697141,key-45,375
1775447697141,key-31,235
1775447697144,key-40,1016
1775447697145,key-32,579
1775447697145,key-32,579
1775447697147,key-2,901
1775447697151,key-26,1214
1775447697152,key-36,1812
1775447697154,key-32,588
1775447697156,key-18,556
1775447697158,key-42,405
1775447697164,key-25,263
1775447697170,key-24,1389
1775447697171,key-5,183
1775447697176,key-32,610
1775447697182,key-32,616
1775447697183,key-14,503
1775447697183,key-24,1402
1775447697183,key-45,417
1775447697186,key-26,1249
1775447697186,key-36,1846
1775447697186,key-46,327
1775447697191,key-36,1851
1775447697192,key-12,3617
1775447697193,key-37,396
1775447697198,key-24,1417
1775447697204,key-47,1016
1775447697214,key-47,1026
1775447697214,key-46,355
1775447697214,key-48,1429
1775447697216,key-27,1476
1775447697216,key-25,315
1775447697219,key-48,1434
1775447697221,key-8,540
1775447697221,key-6,2262
1775447697232,key-26,1295
1775447697237,key-47,1049
1775447697240,key-32,674
1775447697241,key-39,231
1775447697242,key-43,910
1775447697243,key-17,1380
1775447697246,key-46,387
1775447697248,key-17,1385
1775447697250,key-18,650
1775447697251,key-2,176
1775447697252,key-48,1467
1775447697252,key-41,1710
1775447697253,key-2,178
1775447697255,key-48,1470
1775447697256,key-22,579
1775447697258,key-17,1395
1775447697258,key-21,403
1775447697260,key-18,660
1775447697260,key-50,1877
1775447697260,key-32,694
1775447697261,key-20,920
1775447697265,key-31,276
1775447697265,key-42,512
1775447697268,key-13,1910
1775447697270,key-18,162
1775447697270,key-39,260
1775447697271,key-48,1486
1775447697272,key-32,706
1775447697272,key-5,284
1775447697274,key-18,166
1775447697274,key-39,264
1775447697274,key-16,1110
1775447697275,key-3,178
1775447697278,key-33,1644
1775447697280,key-45,513
1775447697287,key-25,386
1775447697287,key-42,534
1775447697290,key-19,1085
1775447697294,key-31,305
1775447697297,key-41,168
1775447697302,key-11,479
1775447697302,key-32,736
1775447697303,key-31,314
1775447697303,key-33,1669
1775447697303,key-29,1223
1775447697303,key-7,558
1775447697303,key-32,737
1775447697304,key-40,1176
1775447697304,key-4,240
1775447697304,key-1,651
1775447697304,key-32,738
1775447697304,key-44,816
1775447697312,key-35,975
1775447697312,key-18,204
1775447697316,key-27,1576
1775447697317,key-26,1380
1775447697319,key-2,244
1775447697321,key-12,185
1775447697321,key-26,1384
1775447697329,key-9,1369
1775447697329,key-47,1141
1775447697332,key-41,203
1775447697335,key-32,769
1775447697337,key-22,191
1775447697337,key-32,771
1775447697338,key-7,593
1775447697338,key-24,1557
1775447697341,key-24,1560
1775447697345,key-25,444
1775447697347,key-11,524
1775447697347,key-14,667
1775447697348,key-8,667
1775447697348,key-26,1411
1775447697352,key-43,1020
1775447697352,key-15,1414
1775447697358,key-5,370
1775447697359,key-18,251
1775447697361,key-42,608
1775447697365,key-32,799
1775447697367,key-38,2550
1775447697372,key-7,627
1775447697372,key-44,884
1775447697372,key-37,575
1775447697373,key-47,1185
1775447697391,key-33,1757
1775447697391,key-36,310
1775447697393,key-47,1205
1775447697393,key-12,257
1775447697397,key-30,747
1775447697400,key-37,603
1775447697402,key-26,1465
1775447697405,key-47,1217
1775447697409,key-30,759
1775447697409,key-8,728
1775447697411,key-8,730
1775447697412,key-48,1627
1775447697414,key-18,306
1775447697415,key-17,1552
1775447697416,key-31,427
1775447697417,key-48,1632
1775447697423,key-2,348
1775447697424,key-32,858
1775447697425,key-18,317
1775447697427,key-39,158
1775447697429,key-13,2071
1775447697430,key-37,633
1775447697433,key-18,325
1775447697433,key-32,867
1775447697434,key-49,2883
1775447697437,key-20,1096
1775447697441,key-50,2058
1775447697441,key-50,2058
1775447697442,key-46,583
1775447697443,key-16,1279
1775447697443,key-33,1809
1775447697444,key-11,621
1775447697454,key-33,1820
1775447697456,key-39,187
1775447697459,key-33,1825
1775447697461,key-32,895
1775447697464,key-13,2106
1775447697464,key-11,641
1775447697465,key-32,899
1775447697466,key-20,1125
1775447697466,key-39,456
1775447697468,key-31,479
1775447697470,key-31,481
1775447697470,key-48,1685
1775447697470,key-44,982
1775447697474,key-29,1394
1775447697475,key-45,709
1775447697477,key-1,824
1775447697478,key-31,489
1775447697478,key-47,1290
1775447697480,key-39,211
1775447697482,key-41,353
1775447697482,key-29,1402
1775447697484,key-5,496
1775447697488,key-2,413
1775447697488,key-35,1151
1775447697489,key-35,1152
1775447697490,key-27,1750
1775447697490,key-32,924
1775447697491,key-2,416
1775447697491,key-11,668
1775447697497,key-7,752
1775447697500,key-18,194
1775447697501,key-25,600
1775447697502,key-2,427
1775447697503,key-18,197
1775447697504,key-41,199
1775447697505,key-7,760
1775447697506,key-25,605
1775447697507,key-11,684
1775447697513,key-49,2962
1775447697521,key-36,440
1775447697525,key-7,780
1775447697525,key-40,1397
1775447697525,key-43,1193
1775447697526,key-41,221
1775447697529,key-19,1324
1775447697536,key-29,1456
1775447697536,key-7,791
1775447697536,key-7,791
1775447697538,key-42,785
1775447697538,key-24,1757
1775447697539,key-7,794
1775447697539,key-47,1351
1775447697542,key-47,1354
1775447697543,key-32,977
1775447697545,key-47,1357
1775447697545,key-18,239
1775447697546,key-27,1806
1775447697550,key-47,1362
1775447697551,key-18,245
1775447697555,key-33,1921
1775447697557,key-41,252
1775447697558,key-6,204
1775447697558,key-47,1370
1775447697560,key-36,479
1775447697561,key-43,1229
1775447697567,key-6,213
1775447697568,key-30,918
1775447697573,key-36,492
1775447697584,key-25,683
1775447697587,key-24,1806
1775447697587,key-27,1847
1775447697588,key-37,304
1775447697588,key-50,2205
1775447697590,key-48,1805
1775447697592,key-39,323
1775447697593,key-32,1027
1775447697596,key-49,3045
1775447697598,key-22,190
1775447697603,key-31,614
1775447697609,key-2,534
1775447697610,key-32,1044
1775447697611,key-2,536
1775447697611,key-16,1447
1775447697611,key-33,1977
1775447697613,key-18,307
1775447697614,key-39,345
1775447697616,key-2,541
1775447697618,key-20,1277
1775447697624,key-32,1058
1775447697625,key-37,341
1775447697626,key-11,803
1775447697629,key-33,1995
1775447697632,key-29,1552
1775447697638,key-1,985
1775447697638,key-7,893
1775447697638,key-31,649
1775447697638,key-44,1150
1775447697642,key-16,173
1775447697644,key-35,1307
1775447697645,key-30,995
1775447697645,key-2,570
1775447697649,key-31,660
1775447697653,key-35,1316
1775447697663,key-50,2280
1775447697663,key-28,959
1775447697668,key-34,2197
1775447697670,key-29,1590
1775447697672,key-25,771
1775447697674,key-28,970
1775447697679,key-11,856
1775447697680,key-11,857
1775447697680,key-2,605
1775447697680,key-30,1030
1775447697680,key-41,375
1775447697683,key-5,695
1775447697684,key-2,609
1775447697686,key-11,863
1775447697687,key-30,1037
1775447697690,key-25,789
1775447697690,key-40,1562
1775447697690,key-7,945
1775447697690,key-7,945
1775447697692,key-7,947
1775447697698,key-2,623
1775447697699,key-47,1511
1775447697699,key-7,954
1775447697699,key-29,1619
1775447697705,key-44,1217
1775447697708,key-40,1580
1775447697708,key-17,1845
1775447697708,key-2,633
1775447697709,key-24,182
1775447697711,key-47,1523
1775447697711,key-3,614
1775447697711,key-41,406
1775447697712,key-18,406
1775447697715,key-13,2357
1775447697717,key-27,179
1775447697718,key-18,412
1775447697719,key-36,638
1775447697720,key-27,182
1775447697723,key-38,180
1775447697724,key-21,869
1775447697728,key-2,653
1775447697730,key-32,1164
1775447697730,key-28,162
1775447697732,key-13,2374
1775447697734,key-36,653
1775447697736,key-6,382
1775447697737,key-38,194
1775447697737,key-28,169
1775447697739,key-47,1551
1775447697739,key-18,433
1775447697743,key-42,990
1775447697745,key-50,2362
1775447697748,key-49,3197
1775447697755,key-22,347
1775447697755,key-36,674
1775447697755,key-48,283
1775447697755,key-32,1189
1775447697755,key-29,1675
1775447697760,key-38,217
1775447697762,key-28,194
1775447697763,key-49,3212
1775447697763,key-48,291
1775447697765,key-47,1577
1775447697768,key-42,179
1775447697771,key-10,1489
1775447697775,key-26,1838
1775447697780,key-31,791
1775447697782,key-43,1450
1775447697783,key-31,794
1775447697784,key-10,1502
1775447697785,key-4,171
1775447697786,key-16,317
1775447697790,key-36,709
1775447697791,key-11,219
1775447697794,key-31,805
1775447697795,key-33,280
1775447697799,key-2,724
1775447697799,key-20,1458
1775447697813,key-2,738
1775447697814,key-1,1161
1775447697815,key-35,194
1775447697819,key-40,1691
1775447697821,key-50,2438
1775447697822,key-1,1169
1775447697824,key-16,355
1775447697829,key-42,240
1775447697832,key-39,563
1775447697833,key-32,1267
1775447697835,key-2,168
1775447697838,key-2,763
1775447697840,key-50,2457
1775447697842,key-26,175
1775447697845,key-41,540
1775447697850,key-43,1518
1775447697851,key-41,546
1775447697852,key-34,2381
1775447697853,key-8,1172
1775447697854,key-30,1204
1775447697854,key-40,1726
1775447697855,key-7,1110
1775447697859,key-41,554
1775447697863,key-2,196
1775447697866,key-7,1121
1775447697871,key-47,1683
1775447697874,key-29,1794
1775447697875,key-2,208
1775447697875,key-25,974
1775447697875,key-17,2012
1775447697876,key-2,209
1775447697877,key-7,1132
1775447697877,key-41,572
1775447697895,key-2,228
1775447697896,key-21,1041
1775447697896,key-38,250
1775447697896,key-14,196
1775447697896,key-44,1408
1775447697897,key-6,543
1775447697897,key-26,230
1775447697897,key-7,1152
1775447697897,key-36,816
1775447697897,key-36,816
1775447697898,key-28,230
1775447697898,key-27,360
1775447697899,key-36,818
1775447697899,key-9,1939
1775447697899,key-47,1711
1775447697899,key-27,361
1775447697900,key-3,803
1775447697900,key-2,233
1775447697900,key-38,254
1775447697900,key-19,1695
1775447697902,key-36,821
1775447697902,key-28,234
1775447697904,key-18,598
1775447697907,key-50,2524
1775447697907,key-45,233
1775447697909,key-36,828
1775447697909,key-22,169
1775447697910,key-31,921
1775447697914,key-2,247
1775447697926,key-48,454
1775447697927,key-47,1739
1775447697927,key-36,846
1775447697927,key-22,187
1775447697929,key-30,1279
1775447697935,key-22,195
1775447697935,key-3,838
1775447697937,key-22,197
1775447697943,key-16,238
1775447697943,key-4,329
1775447697943,key-31,954
1775447697944,key-10,156
1775447697944,key-48,472
1775447697949,key-28,281
1775447697949,key-10,161
1775447697953,key-31,964
1775447697954,key-31,965
1775447697955,key-43,1623
1775447697959,key-10,171
1775447697961,key-47,1773
1775447697961,key-38,315
1775447697963,key-12,437
1775447697969,key-49,3418
1775447697969,key-26,302
1775447697969,key-20,1628
1775447697980,key-32,1414
1775447697980,key-35,359
1775447697983,key-19,1778
1775447697985,key-10,197
1775447697987,key-15,2049
1775447697994,key-2,327
1775447697994,key-1,1341
1775447697997,key-20,167
1775447697997,key-4,383
1775447697997,key-36,916
1775447697997,key-31,1008
1775447697999,key-28,331
1775447698000,key-16,295
1775447698000,key-19,1795
1775447698009,key-50,2626
1775447698014,key-45,340
1775447698017,key-41,712
1775447698027,key-34,240
1775447698027,key-2,360
1775447698027,key-30,1377
1775447698030,key-2,363
1775447698033,key-44,192
1775447698034,key-47,1846
1775447698034,key-26,367
1775447698055,key-17,315
1775447698055,key-2,388
1775447698055,key-37,771
1775447698056,key-7,1311
1775447698056,key-25,1155
1775447698056,key-26,389
1775447698058,key-43,157
1775447698059,key-44,218
1775447698059,key-32,1493
1775447698068,key-2,401
1775447698068,key-15,2130
1775447698069,key-28,401
1775447698069,key-36,988
1775447698072,key-43,171
1775447698074,key-9,2114
1775447698075,key-45,401
1775447698078,key-44,176
1775447698079,key-3,982
1775447698079,key-30,1429
1775447698080,key-37,796
1775447698085,key-18,318
1775447698085,key-45,411
1775447698085,key-36,1004
1775447698091,key-28,423
1775447698091,key-30,1441
1775447698092,key-16,387
1775447698092,key-22,187
1775447698093,key-26,426
1775447698095,key-46,165
1775447698096,key-22,191
1775447698096,key-48,624
1775447698096,key-17,356
1775447698098,key-3,1001
1775447698101,key-27,337
1775447698102,key-3,1005
1775447698104,key-4,490
1775447698106,key-33,180
1775447698106,key-9,2146
1775447698106,key-38,460
1775447698107,key-41,802
1775447698110,key-42,521
1775447698110,key-48,638
1775447698115,key-22,210
1775447698117,key-47,1929
1775447698118,key-47,1930
1775447698120,key-22,215
1775447698121,key-45,447
1775447698124,key-9,2164
1775447698124,key-31,1135
1775447698125,key-2,458
1775447698130,key-36,1049
1775447698132,key-31,1143
1775447698133,key-20,156
1775447698136,key-30,1486
1775447698137,key-38,491
1775447698137,key-35,516
1775447698142,key-12,287
1775447698142,key-36,1061
1775447698145,key-15,169
1775447698145,key-27,381
1775447698145,key-11,573
1775447698145,key-39,230
1775447698151,key-36,1070
1775447698151,key-39,236
1775447698151,key-22,246
1775447698159,key-36,1078
1775447698160,key-1,1507
1775447698160,key-16,198
1775447698161,key-36,1080
1775447698161,key-1,1508
1775447698161,key-19,174
1775447698161,key-1,1508
1775447698166,key-2,499
1775447698166,key-40,454
1775447698169,key-16,207
1775447698169,key-5,1181
1775447698169,key-16,464
1775447698171,key-19,184
1775447698173,key-43,272
1775447698187,key-1,1534
1775447698188,key-50,2805
1775447698193,key-40,481
1775447698194,key-31,1205
1775447698196,key-41,891
1775447698196,key-15,220
1775447698196,key-35,575
1775447698197,key-34,410
1775447698197,key-47,2009
1775447698205,key-3,1108
1775447698207,key-19,220
1775447698208,key-9,2248
1775447698208,key-29,330
1775447698212,key-25,208
1775447698219,key-34,432
1775447698222,key-1,1569
1775447698225,key-46,295
1775447698231,key-40,519
1775447698235,key-43,334
1775447698236,key-26,569
1775447698237,key-44,212
1775447698244,key-36,1163
1775447698246,key-45,172
1775447698247,key-30,306
1775447698248,key-44,223
1775447698249,key-2,582
1775447698251,key-15,275
1775447698259,key-28,591
1775447698265,key-48,793
1775447698268,key-25,264
1775447698268,key-34,481
1775447698269,key-3,1172
1775447698270,key-17,249
1775447698271,key-41,966
1775447698271,key-21,1416
1775447698273,key-22,166
1775447698274,key-12,419
1775447698275,key-48,156
1775447698275,key-48,156
1775447698275,key-26,608
1775447698279,key-9,2319
1775447698280,key-22,173
1775447698281,key-31,1292
1775447698283,key-45,209
1775447698285,key-22,178
1775447698288,key-46,358
1775447698289,key-19,302
1775447698291,key-29,164
1775447698291,key-31,1302
1775447698297,key-41,173
1775447698297,key-3,1200
1775447698298,key-48,179
1775447698298,key-34,511
1775447698304,key-6,950
1775447698304,key-17,283
1775447698307,key-18,540
1775447698307,key-27,543
1775447698309,key-31,1320
1775447698309,key-23,719
1775447698309,key-1,1656
1775447698316,key-36,1235
1775447698316,key-30,375
1775447698317,key-1,1664
1775447698318,key-1,1665
1775447698321,key-1,1668
1775447698321,key-1,1668
1775447698321,key-12,187
1775447698325,key-36,1244
1775447698330,key-16,368
1775447698330,key-16,368
1775447698330,key-2,168
1775447698331,key-10,160
1775447698331,key-5,231
1775447698333,key-40,621
1775447698339,key-36,1258
1775447698339,key-22,232
1775447698339,key-40,627
1775447698339,key-36,1258
1775447698341,key-26,674
1775447698341,key-39,167
1775447698341,key-16,379
1775447698343,key-36,1262
1775447698348,key-16,386
1775447698348,key-4,734
1775447698348,key-19,361
1775447698349,key-19,362
1775447698350,key-2,188
1775447698350,key-1,1697
1775447698356,key-4,742
1775447698360,key-47,2172
1775447698362,key-31,1373
1775447698365,key-22,258
1775447698368,key-22,261
1775447698369,key-19,382
1775447698370,key-41,246
1775447698372,key-25,368
1775447698372,key-39,198
1775447698376,key-34,589
1775447698378,key-29,251
1775447698381,key-34,594
1775447698382,key-47,2194
1775447698387,key-3,1290
1775447698389,key-2,227
1775447698391,key-42,222
1775447698393,key-30,452
1775447698398,key-43,497
1775447698411,key-31,1422
1775447698412,key-25,408
1775447698413,key-24,191
1775447698413,key-19,426
1775447698414,key-34,627
1775447698414,key-11,204
1775447698414,key-15,438
1775447698420,key-41,296
1775447698423,key-34,636
1775447698429,key-19,442
1775447698432,key-12,298
1775447698433,key-9,2473
1775447698434,key-3,1337
1775447698435,key-15,459
1775447698436,key-31,1447
1775447698437,key-48,221
1775447698443,key-12,309
1775447698444,key-46,514
1775447698446,key-8,1765
1775447698446,key-41,322
1775447698446,key-48,230
1775447698447,key-9,187
1775447698450,key-38,283
1775447698450,key-29,323
1775447698450,key-5,350
1775447698458,key-31,1469
1775447698461,key-1,1808
1775447698461,key-37,1177
1775447698462,key-29,335
1775447698464,key-27,700
1775447698465,key-17,444
1775447698467,key-14,767
1775447698472,key-21,174
1775447698473,key-34,686
1775447698475,key-43,155
1775447698478,key-1,1825
1775447698478,key-1,1825
1775447698480,key-1,1827
1775447698485,key-36,1404
1775447698485,key-27,721
1775447698486,key-25,482
1775447698486,key-31,1497
1775447698486,key-15,510
1775447698487,key-26,820
1775447698488,key-37,1204
1775447698492,key-1,1838
1775447698501,key-2,339
1775447698503,key-26,836
1775447698503,key-30,562
1775447698504,key-16,542
1775447698504,key-19,517
1775447698508,key-16,546
1775447698512,key-3,1415
1775447698515,key-45,441
1775447698515,key-2,353
1775447698515,key-16,553
1775447698516,key-40,804
1775447698517,key-8,1836
1775447698519,key-40,807
1775447698523,key-41,399
1775447698529,key-34,742
1775447698531,key-4,917
1775447698531,key-39,357
1775447698531,key-4,917
1775447698534,key-27,179
1775447698539,key-27,184
1775447698540,key-41,416
1775447698542,key-31,1553
1775447698542,key-19,555
1775447698543,key-19,556
1775447698546,key-1,1893
1775447698546,key-36,191
1775447698546,key-31,1557
1775447698547,key-19,560
1775447698547,key-19,560
1775447698547,key-8,1866
1775447698547,key-14,847
1775447698548,key-23,958
1775447698554,key-5,454
1775447698555,key-31,1566
1775447698555,key-18,159
1775447698557,key-43,237
1775447698558,key-29,431
1775447698568,key-9,158
1775447698572,key-1,1919
1775447698573,key-42,404
1775447698574,key-31,1585
1775447698575,key-18,179
1775447698580,key-30,639
1775447698581,key-12,447
1775447698582,key-20,186
1775447698582,key-20,186
1775447698583,key-41,459
1775447698583,key-19,596
1775447698583,key-36,228
1775447698588,key-40,174
1775447698591,key-33,665
1775447698593,key-40,179
1775447698600,key-47,2412
1775447698601,key-34,814
1775447698602,key-40,188
1775447698610,key-48,233
1775447698610,key-44,585
1775447698611,key-38,444
1775447698611,key-7,1866
1775447698614,key-5,514
1775447698619,key-43,299
1775447698619,key-11,409
1775447698621,key-48,244
1775447698623,key-27,182
1775447698629,key-8,1948
1775447698633,key-17,264
1775447698638,key-34,851
1775447698641,key-15,665
1775447698642,key-29,515
1775447698643,key-14,943
1775447698644,key-27,203
1775447698651,key-22,544
1775447698652,key-14,952
1775447698652,key-15,676
1775447698652,key-29,525
1775447698653,key-43,333
1775447698653,key-11,443
1775447698659,key-15,683
1775447698661,key-39,174
1775447698661,key-36,306
1775447698661,key-26,185
1775447698666,key-1,2013
1775447698667,key-26,191
1775447698667,key-25,663
1775447698667,key-25,663
1775447698667,key-28,163
1775447698668,key-27,227
1775447698678,key-16,716
1775447698685,key-1,2032
1775447698685,key-39,198
1775447698686,key-16,724
1775447698686,key-29,559
1775447698686,key-17,317
1775447698686,key-26,210
1775447698686,key-45,612
1775447698686,key-29,559
1775447698687,key-37,1403
1775447698687,key-45,613
1775447698689,key-16,727
1775447698693,key-41,569
1775447698693,key-5,593
1775447698694,key-5,594
1775447698697,key-8,2016
1775447698697,key-23,282
1775447698698,key-26,222
1775447698699,key-41,575
1775447698700,key-45,626
1775447698704,key-41,580
1775447698708,key-23,293
1775447698711,key-21,413
1775447698711,key-9,301
1775447698719,key-10,548
1775447698721,key-18,161
1775447698721,key-25,717
1775447698723,key-1,2070
1775447698727,key-1,2074
1775447698727,key-27,286
1775447698727,key-42,331
1775447698728,key-26,252
1775447698734,key-26,258
1775447698735,key-29,608
1775447698736,key-14,1036
1775447698736,key-49,185
1775447698737,key-23,322
1775447698739,key-2,577
1775447698739,key-50,3356
1775447698739,key-31,1750
1775447698739,key-43,419
1775447698745,key-20,349
1775447698745,key-49,194
1775447698745,key-41,621
1775447698745,key-5,645
1775447698747,key-41,623
1775447698748,key-33,822
1775447698755,key-43,435
1775447698757,key-40,343
1775447698759,key-42,363
1775447698760,key-27,319
1775447698762,key-9,352
1775447698768,key-7,2023
1775447698771,key-43,451
1775447698779,key-18,219
1775447698780,key-5,680
1775447698789,key-40,375
1775447698790,key-38,623
1775447698790,key-40,376
1775447698791,key-5,691
1775447698791,key-8,2110
1775447698791,key-23,376
1775447698791,key-15,815
1775447698799,key-32,282
1775447698800,key-29,673
1775447698802,key-17,433
1775447698806,key-34,1019
1775447698806,key-20,410
1775447698806,key-31,1817
1775447698806,key-22,699
1775447698807,key-15,831
1775447698807,key-12,192
1775447698815,key-41,691
1775447698817,key-47,2629
1775447698818,key-12,203
1775447698818,key-4,408
1775447698820,key-8,2139
1775447698821,key-35,1200
1775447698822,key-40,188
1775447698824,key-40,410
1775447698837,key-41,713
1775447698838,key-17,469
1775447698840,key-36,485
1775447698841,key-45,767
1775447698841,key-15,865
1775447698841,key-2,679
1775447698841,key-48,464
1775447698841,key-26,365
1775447698843,key-30,902
1775447698843,key-26,367
1775447698843,key-50,155
1775447698851,key-25,847
1775447698851,key-17,482
1775447698859,key-11,649
1775447698860,key-26,384
1775447698862,key-23,447
1775447698862,key-8,2181
1775447698864,key-26,388
1775447698869,key-15,893
1775447698871,key-50,183
1775447698871,key-6,1517
1775447698871,key-45,797
1775447698872,key-16,910
1775447698872,key-23,457
1775447698874,key-27,433
1775447698875,key-41,751
1775447698876,key-21,578
1775447698880,key-23,465
1775447698880,key-41,756
1775447698886,key-41,762
1775447698892,key-10,721
1775447698892,key-43,572
1775447698892,key-27,451
1775447698892,key-42,496
1775447698892,key-24,670
1775447698894,key-43,574
1775447698901,key-24,679
1775447698901,key-44,876
1775447698901,key-43,581
1775447698902,key-1,2249
1775447698911,key-18,205
1775447698913,key-23,498
1775447698913,key-5,813
1775447698913,key-36,558
1775447698913,key-49,362
1775447698915,key-31,1926
1775447698915,key-41,791
1775447698916,key-49,365
1775447698916,key-20,520
1775447698916,key-49,365
1775447698923,key-8,2242
1775447698924,key-7,2179
1775447698927,key-7,156
1775447698927,key-16,965
1775447698927,key-7,156
1775447698931,key-4,521
1775447698932,key-13,3574
1775447698943,key-26,467
1775447698945,key-41,821
1775447698946,key-41,822
1775447698947,key-40,313
1775447698952,key-2,790
1775447698955,key-16,993
1775447698957,key-9,547
1775447698957,key-3,1860
1775447698966,key-8,2285
1775447698974,key-32,286
1775447698975,key-47,2787
1775447698976,key-32,288
1775447698977,key-7,2232
1775447698978,key-17,609
1775447698979,key-15,1003
1775447698979,key-7,176
1775447698982,key-11,772
1775447698982,key-13,3624
1775447698982,key-29,206
1775447698988,key-47,2800
1775447698989,key-35,1368
1775447698990,key-6,247
1775447698993,key-7,190
1775447698995,key-41,871
1775447698997,key-41,873
1775447698997,key-15,1021
1775447698997,key-41,873
1775447699001,key-29,225
1775447699002,key-47,2814
1775447699003,key-5,903
1775447699003,key-7,232
1775447699006,key-2,844
1775447699006,key-17,637
1775447699009,key-8,2328
1775447699009,key-26,533
1775447699015,key-31,192
1775447699017,key-40,383
1775447699019,key-26,543
1775447699020,key-8,2339
1775447699024,key-38,857
1775447699025,key-2,863
1775447699025,key-30,1084
1775447699026,key-15,171
1775447699026,key-45,952
1775447699026,key-16,1064
1775447699027,key-28,179
1775447699034,key-34,266
1775447699035,key-15,180
1775447699036,key-40,402
1775447699036,key-8,2355
1775447699036,key-8,2355
1775447699044,key-15,189
1775447699047,key-1,2394
1775447699047,key-15,192
1775447699047,key-41,923
1775447699047,key-31,224
1775447699050,key-12,435
1775447699051,key-23,636
1775447699052,key-42,656
1775447699058,key-24,836
1775447699066,key-10,895
1775447699067,key-30,1126
1775447699071,key-27,630
1775447699074,key-41,950
1775447699076,key-16,1114
1775447699076,key-18,370
1775447699076,key-31,253
1775447699077,key-24,855
1775447699080,key-44,1055
1775447699080,key-43,760
1775447699080,key-48,703
1775447699088,key-27,647
1775447699089,key-1,2436
1775447699089,key-3,1992
1775447699090,key-17,721
1775447699091,key-5,154
1775447699092,key-7,289
1775447699094,key-29,318
1775447699094,key-8,2413
1775447699095,key-18,389
1775447699095,key-31,272
1775447699098,key-17,729
1775447699102,key-23,687
1775447699102,key-26,626
1775447699102,key-40,468
1775447699104,key-31,281
1775447699112,key-3,2015
1775447699113,key-7,310
1775447699113,key-29,337
1775447699116,key-7,313
1775447699116,key-49,565
1775447699120,key-44,1095
1775447699121,key-43,801
1775447699127,key-37,1843
1775447699136,key-32,448
1775447699139,key-13,222
1775447699140,key-39,653
1775447699140,key-41,1016
1775447699145,key-3,2048
1775447699149,key-13,232
1775447699149,key-7,346
1775447699153,key-7,350
1775447699154,key-47,2966
1775447699154,key-47,2966
1775447699155,key-47,2967
1775447699155,key-8,2474
1775447699156,key-32,468
1775447699156,key-49,605
1775447699156,key-41,1032
1775447699156,key-47,2968
1775447699162,key-7,359
1775447699168,key-41,1044
1775447699168,key-7,365
1775447699177,key-2,267
1775447699179,key-41,1055
1775447699180,key-47,2992
1775447699184,key-47,2996
1775447699189,key-40,555
1775447699190,key-30,1249
1775447699191,key-26,715
1775447699192,key-47,3004
1775447699192,key-5,255
1775447699192,key-31,369
1775447699192,key-15,337
1775447699193,key-8,2512
1775447699196,key-34,428
1775447699196,key-30,1255
1775447699200,key-26,724
1775447699201,key-25,428
1775447699202,key-28,354
1775447699203,key-17,834
1775447699204,key-26,728
1775447699204,key-27,763
1775447699206,key-35,184
1775447699208,key-15,353
1775447699209,key-5,272
1775447699212,key-15,357
1775447699212,key-31,389
1775447699216,key-8,2535
1775447699227,key-45,1153
1775447699229,key-23,813
1775447699231,key-5,178
1775447699233,key-16,1271
1775447699233,key-26,757
1775447699235,key-43,915
1775447699235,key-6,492
1775447699237,key-10,1066
1775447699239,key-40,605
1775447699243,key-31,420
1775447699243,key-44,1218
1775447699243,key-5,190
1775447699247,key-31,424
1775447699249,key-29,473
1775447699249,key-27,808
1775447699250,key-26,774
1775447699251,key-16,1289
1775447699255,key-31,432
1775447699257,key-28,409
1775447699257,key-31,434
1775447699261,key-31,438
1775447699266,key-17,175
1775447699268,key-48,891
1775447699268,key-1,2615
1775447699268,key-48,891
1775447699270,key-36,915
1775447699270,key-5,217
1775447699270,key-24,1048
1775447699270,key-5,217
1775447699271,key-18,565
1775447699272,key-3,2175
1775447699275,key-49,724
1775447699280,key-3,2183
1775447699282,key-31,459
1775447699283,key-23,868
1775447699283,key-31,460
1775447699285,key-14,1585
1775447699288,key-29,512
1775447699288,key-41,1164
1775447699296,key-12,681
1775447699297,key-43,977
1775447699297,key-31,474
1775447699297,key-17,206
1775447699298,key-31,475
1775447699298,key-30,1357
1775447699307,key-7,504
1775447699310,key-7,507
1775447699311,key-3,2214
1775447699312,key-18,606
1775447699313,key-41,1189
1775447699314,key-32,626
1775447699316,key-13,234
1775447699322,key-13,240
1775447699323,key-37,2039
1775447699328,key-3,2231
1775447699328,key-47,3140
1775447699333,key-33,1407
1775447699335,key-13,253
1775447699336,key-47,3148
1775447699346,key-19,1359
1775447699349,key-47,3161
1775447699349,key-26,873
1775447699349,key-10,192
1775447699360,key-10,161
1775447699363,key-8,236
1775447699366,key-24,1144
1775447699366,key-30,1425
1775447699368,key-15,513
1775447699370,key-30,1429
1775447699370,key-10,171
1775447699372,key-31,549
1775447699372,key-31,549
1775447699372,key-28,524
1775447699374,key-41,1250
1775447699374,key-8,247
1775447699375,key-28,527
1775447699375,key-13,293
1775447699375,key-41,1251
1775447699380,key-32,692
1775447699380,key-8,253
1775447699383,key-10,184
1775447699384,key-10,185
1775447699384,key-35,362
1775447699384,key-45,281
1775447699384,key-10,185
1775447699391,key-32,703
1775447699392,key-16,1430
1775447699395,key-35,373
1775447699399,key-40,765
1775447699401,key-41,1277
1775447699402,key-47,3214
1775447699404,key-44,1379
1775447699408,key-34,193
1775447699409,key-8,282
1775447699414,key-16,1452
1775447699416,key-10,217
1775447699418,key-29,642
1775447699418,key-44,1393
1775447699423,key-45,173
1775447699424,key-10,225
1775447699425,key-31,602
1775447699425,key-10,226
1775447699425,key-45,175
1775447699431,key-30,1490
1775447699435,key-8,308
1775447699436,key-48,1059
1775447699437,key-49,886
1775447699442,key-35,420
1775447699444,key-48,1067
1775447699448,key-25,675
1775447699449,key-27,164
1775447699452,key-38,1285
1775447699453,key-29,677
1775447699453,key-29,677
1775447699453,key-23,1038
1775447699454,key-29,678
1775447699454,key-23,1039
1775447699454,key-23,1039
1775447699455,key-3,2358
1775447699459,key-29,683
1775447699462,key-43,1142
1775447699464,key-25,188
1775447699464,key-14,1764
1775447699466,key-31,643
1775447699468,key-9,170
1775447699468,key-30,1527
1775447699469,key-18,763
1775447699476,key-31,653
1775447699477,key-17,164
1775447699478,key-24,1256
1775447699478,key-23,1063
1775447699480,key-31,657
1775447699481,key-25,205
1775447699484,key-12,300
1775447699488,key-9,190
1775447699488,key-47,3300
1775447699489,key-38,1322
1775447699499,key-18,793
1775447699501,key-18,795
1775447699501,key-33,1575
1775447699504,key-45,254
1775447699504,key-14,176
1775447699506,key-29,187
1775447699509,key-37,2225
1775447699518,key-47,3330
1775447699519,key-31,696
1775447699520,key-47,3332
1775447699520,key-47,3332
1775447699522,key-29,203
1775447699531,key-19,1544
1775447699534,key-31,711
1775447699536,key-32,848
1775447699537,key-10,338
1775447699539,key-33,1613
1775447699540,key-30,1599
1775447699543,key-38,1376
1775447699545,key-41,1421
1775447699547,key-10,348
1775447699548,key-25,171
1775447699550,key-37,2266
1775447699550,key-48,1173
1775447699552,key-32,864
1775447699552,key-10,353
1775447699552,key-32,864
1775447699556,key-32,868
1775447699557,key-18,851
1775447699560,key-10,361
1775447699561,key-13,479
1775447699561,key-34,346
1775447699565,key-20,1169
1775447699566,key-13,484
1775447699571,key-48,1194
1775447699575,key-16,1613
1775447699576,key-41,1452
1775447699576,key-10,377
1775447699576,key-8,449
1775447699579,key-8,452
1775447699579,key-32,891
1775447699581,key-34,366
1775447699581,key-10,382
1775447699581,key-8,454
1775447699582,key-22,1475
1775447699583,key-31,760
1775447699587,key-40,953
1775447699588,key-31,765
1775447699595,key-29,276
1775447699595,key-14,267
1775447699595,key-45,345
1775447699597,key-28,749
1775447699599,key-31,156
1775447699601,key-31,778
1775447699605,key-45,355
1775447699605,key-48,1228
1775447699605,key-8,478
1775447699609,key-8,482
1775447699609,key-29,290
1775447699613,key-44,208
1775447699617,key-10,418
1775447699622,key-49,270
1775447699622,key-4,659
1775447699622,key-39,568
1775447699628,key-34,413
1775447699634,key-25,257
1775447699635,key-23,1220
1775447699635,key-29,316
1775447699635,key-29,316
1775447699636,key-11,1426
1775447699636,key-29,317
1775447699636,key-24,1414
1775447699638,key-3,2541
1775447699639,key-29,320
1775447699639,key-31,196
1775447699642,key-18,936
1775447699643,key-9,345
1775447699643,key-30,1702
1775447699646,key-19,1659
1775447699647,key-30,1706
1775447699648,key-38,1481
1775447699649,key-9,351
1775447699649,key-29,330
1775447699650,key-25,273
1775447699656,key-43,1336
1775447699659,key-35,637
1775447699662,key-23,1247
1775447699664,key-1,234
1775447699665,key-27,380
1775447699666,key-31,223
1775447699668,key-20,217
1775447699685,key-25,308
1775447699690,key-47,3502
1775447699697,key-45,447
1775447699697,key-27,412
1775447699698,key-3,2601
1775447699698,key-14,370
1775447699698,key-26,183
1775447699701,key-33,156
1775447699702,key-31,259
1775447699705,key-29,386
1775447699712,key-33,167
1775447699713,key-41,1589
1775447699713,key-10,514
1775447699713,key-11,1503
1775447699715,key-25,338
1775447699716,key-10,517
1775447699716,key-32,1028
1775447699718,key-18,1012
1775447699718,key-36,1363
1775447699732,key-32,1044
1775447699733,key-3,2636
1775447699734,key-34,519
1775447699735,key-10,536
1775447699737,key-11,1527
1775447699737,key-1,307
1775447699737,key-10,538
1775447699738,key-48,1361
1775447699741,key-43,1421
1775447699743,key-16,1781
1775447699745,key-37,2461
1775447699745,key-13,663
1775447699746,key-16,1784
1775447699749,key-34,534
1775447699761,key-8,634
1775447699761,key-34,546
1775447699761,key-41,1637
1775447699761,key-31,318
1775447699762,key-49,410
1775447699762,key-8,635
1775447699763,key-31,320
1775447699763,key-42,165
1775447699763,key-18,1057
1775447699764,key-45,514
1775447699764,key-31,321
1775447699766,key-45,516
1775447699767,key-17,264
1775447699769,key-18,187
1775447699769,key-20,318
1775447699775,key-29,456
1775447699780,key-18,1074
1775447699782,key-31,339
1775447699782,key-29,463
1775447699782,key-45,532
1775447699782,key-31,339
1775447699783,key-31,340
1775447699783,key-28,935
1775447699785,key-29,466
1775447699785,key-8,658
1775447699790,key-42,192
1775447699791,key-23,1376
1775447699792,key-39,738
1775447699802,key-23,1387
1775447699807,key-38,1640
1775447699815,key-12,631
1775447699815,key-23,1400
1775447699817,key-5,764
1775447699817,key-27,274
1775447699820,key-10,229
1775447699820,key-31,377
1775447699820,key-35,798
1775447699820,key-38,1653
1775447699821,key-38,1654
1775447699827,key-37,2543
1775447699829,key-49,477
1775447699830,key-29,511
1775447699833,key-30,1892
1775447699833,key-31,390
1775447699834,key-16,196
1775447699834,key-27,291
1775447699834,key-30,1893
1775447699836,key-33,206
1775447699837,key-23,1422
1775447699838,key-27,295
1775447699838,key-49,486
1775447699838,key-3,2741
1775447699839,key-1,409
1775447699844,key-20,393
1775447699846,key-9,328
1775447699846,key-29,527
1775447699851,key-47,3663
1775447699853,key-43,169
1775447699862,key-10,271
1775447699864,key-18,282
1775447699866,key-25,489
1775447699870,key-23,1455
1775447699871,key-22,1764
1775447699871,key-2,667
1775447699872,key-31,429
1775447699897,key-33,183
1775447699897,key-35,875
1775447699897,key-33,183
1775447699898,key-32,1210
1775447699898,key-41,1774
1775447699898,key-4,935
1775447699898,key-31,455
1775447699899,key-6,1156
1775447699901,key-48,1524
1775447699902,key-47,3714
1775447699902,key-10,311
1775447699902,key-32,1214
1775447699910,key-6,1167
1775447699915,key-16,277
1775447699916,key-32,1228
1775447699916,key-21,588
1775447699916,key-43,232
1775447699918,key-12,734
1775447699918,key-32,1230
1775447699919,key-34,704
1775447699920,key-8,793
1775447699925,key-41,1801
1775447699929,key-20,478
1775447699931,key-8,804
1775447699931,key-31,488
1775447699932,key-36,1577
1775447699932,key-25,555
1775447699944,key-40,1310
1775447699945,key-29,181
1775447699945,key-2,741
1775447699946,key-39,892
1775447699946,key-23,1531
1775447699949,key-38,1782
1775447699950,key-17,447
1775447699950,key-20,499
1775447699951,key-10,360
1775447699955,key-29,191
1775447699955,key-31,512
1775447699961,key-20,510
1775447699962,key-31,519
1775447699962,key-32,1274
1775447699964,key-48,1587
1775447699965,key-29,201
1775447699968,key-12,784
1775447699969,key-16,331
1775447699969,key-29,205
1775447699970,key-46,686
1775447699971,key-39,917
1775447699978,key-38,1811
1775447699980,key-14,652
1775447699995,key-30,2054
1775447699996,key-42,398
1775447699997,key-27,454
1775447699999,key-5,222
1775447700000,key-28,191
1775447700000,key-35,978
1775447700001,key-8,874
1775447700001,key-29,237
1775447700003,key-1,573
1775447700003,key-20,552
1775447700003,key-29,239
1775447700003,key-30,2062
1775447700003,key-49,239
1775447700006,key-8,879
1775447700008,key-30,2067
1775447700008,key-38,1841
1775447700016,key-24,1794
1775447700031,key-10,440
1775447700032,key-6,232
1775447700033,key-31,590
1775447700033,key-2,829
1775447700034,key-26,519
1775447700034,key-50,415
1775447700034,key-25,657
1775447700035,key-27,492
1775447700035,key-25,658
1775447700035,key-29,271
1775447700048,key-35,1026
1775447700048,key-39,994
1775447700048,key-25,169
1775447700049,key-3,2952
1775447700052,key-10,461
1775447700052,key-36,1697
1775447700053,key-38,1886
1775447700054,key-18,472
1775447700054,key-34,176
1775447700056,key-6,256
1775447700056,key-10,465
1775447700059,key-49,295
1775447700072,key-43,388
1775447700073,key-25,194
1775447700074,key-32,1386
1775447700077,key-35,1055
1775447700080,key-6,280
1775447700085,key-23,1670
1775447700085,key-23,1670
1775447700086,key-9,568
1775447700086,key-49,322
1775447700086,key-27,543
1775447700086,key-1,656
1775447700086,key-10,495
1775447700086,key-8,959
1775447700087,key-28,278
1775447700092,key-27,549
1775447700094,key-4,1131
1775447700094,key-6,294
1775447700095,key-43,411
1775447700095,key-25,216
1775447700099,key-21,771
1775447700101,key-25,222
1775447700101,key-25,222
1775447700101,key-13,1019
1775447700103,key-12,919
1775447700105,key-32,1417
1775447700107,key-48,1730
1775447700107,key-23,1692
1775447700107,key-12,923
1775447700113,key-29,349
1775447700116,key-8,989
1775447700117,key-8,990
1775447700118,key-31,675
1775447700119,key-31,676
1775447700124,key-20,673
1775447700128,key-29,364
1775447700128,key-6,328
1775447700135,key-20,684
1775447700139,key-31,696
1775447700140,key-23,1725
1775447700140,key-44,735
1775447700144,key-20,693
1775447700145,key-48,1768
1775447700145,key-48,1768
1775447700158,key-31,715
1775447700158,key-31,715
1775447700158,key-42,560
1775447700158,key-27,615
1775447700159,key-48,1782
1775447700168,key-49,195
1775447700170,key-46,354
1775447700174,key-29,410
1775447700175,key-5,398
1775447700176,key-23,1761
1775447700177,key-3,3080
1775447700177,key-16,539
1775447700178,key-27,635
1775447700179,key-22,175
1775447700181,key-39,1127
1775447700183,key-12,168
1775447700186,key-42,588
1775447700186,key-29,422
1775447700189,key-26,674
1775447700191,key-2,987
1775447700192,key-32,1504
1775447700193,key-31,750
1775447700194,key-15,1339
1775447700196,key-39,1142
1775447700196,key-20,745
1775447700200,key-50,581
1775447700200,key-10,609
1775447700205,key-6,405
1775447700206,key-10,615
1775447700206,key-49,233
1775447700206,key-8,1079
1775447700206,key-29,442
1775447700207,key-2,1003
1775447700224,key-9,706
1775447700224,key-25,345
1775447700225,key-50,606
1775447700225,key-30,2284
1775447700225,key-44,820
1775447700232,key-32,1544
1775447700235,key-49,262
1775447700238,key-43,163
1775447700240,key-40,1606
1775447700240,key-30,2299
1775447700240,key-8,1113
1775447700240,key-10,649
1775447700243,key-34,365
1775447700244,key-25,365
1775447700245,key-24,2023
1775447700246,key-32,1558
1775447700248,key-47,4060
1775447700251,key-11,2041
1775447700253,key-12,238
1775447700254,key-43,179
1775447700254,key-4,1291
1775447700258,key-27,715
1775447700260,key-10,669
1775447700263,key-8,1136
1775447700264,key-48,1887
1775447700274,key-31,831
1775447700275,key-31,832
1775447700276,key-28,167
1775447700277,key-27,734
1775447700277,key-12,262
1775447700278,key-43,203
1775447700278,key-49,305
1775447700278,key-38,2111
1775447700279,key-39,1225
1775447700279,key-31,836
1775447700279,key-4,1316
1775447700279,key-17,776
1775447700280,key-23,1865
1775447700280,key-25,401
1775447700281,key-12,266
1775447700286,key-8,1159
1775447700291,key-26,213
1775447700294,key-29,530
1775447700297,key-13,1215
1775447700298,key-44,893
1775447700298,key-20,847
1775447700300,key-48,1923
1775447700302,key-45,1052
1775447700304,key-6,504
1775447700307,key-43,232
1775447700315,key-31,872
1775447700324,key-20,873
1775447700324,key-31,881
1775447700325,key-39,1271
1775447700328,key-29,564
1775447700329,key-20,878
1775447700330,key-25,451
1775447700331,key-48,1954
1775447700332,key-42,734
1775447700333,key-20,882
1775447700337,key-48,1960
1775447700339,key-31,896
1775447700340,key-13,1258
1775447700340,key-6,540
1775447700340,key-20,889
1775447700341,key-12,326
1775447700344,key-41,2220
1775447700347,key-40,1713
1775447700348,key-31,905
1775447700349,key-29,585
1775447700362,key-29,598
1775447700363,key-8,1236
1775447700364,key-39,1310
1775447700365,key-10,774
1775447700365,key-10,774
1775447700377,key-45,199
1775447700377,key-2,1173
1775447700378,key-24,2156
1775447700379,key-19,875
1775447700381,key-9,863
1775447700383,key-2,1179
1775447700383,key-20,932
1775447700384,key-33,158
1775447700384,key-29,620
1775447700384,key-6,584
1775447700386,key-48,2009
1775447700396,key-49,170
1775447700400,key-47,4212
1775447700402,key-32,1714
1775447700404,key-34,526
1775447700410,key-49,184
1775447700411,key-13,1329
1775447700412,key-39,1358
1775447700413,key-37,604
1775447700415,key-7,787
1775447700418,key-47,221
1775447700418,key-4,1455
1775447700424,key-8,1297
1775447700427,key-9,909
1775447700432,key-15,1577
1775447700433,key-11,2223
1775447700433,key-32,1745
1775447700433,key-38,2266
1775447700433,key-11,2223
1775447700434,key-43,359
1775447700434,key-31,991
1775447700434,key-48,2057
1775447700434,key-4,1471
1775447700434,key-47,237
1775447700435,key-10,844
1775447700436,key-39,1382
1775447700438,key-44,1033
1775447700438,key-23,2023
1775447700438,key-27,895
1775447700440,key-36,2085
1775447700441,key-10,850
1775447700446,key-48,2069
1775447700446,key-28,337
1775447700446,key-49,220
1775447700446,key-32,1758
1775447700447,key-17,944
1775447700452,key-29,688
1775447700457,key-27,914
1775447700462,key-45,284
1775447700464,key-43,389
1775447700465,key-48,2088
1775447700467,key-4,1504
1775447700467,key-25,588
1775447700468,key-4,1505
1775447700470,key-23,2055
1775447700479,key-31,1036
1775447700479,key-31,1036
1775447700479,key-25,600
1775447700480,key-26,188
1775447700480,key-41,2356
1775447700480,key-17,977
1775447700483,key-6,683
1775447700485,key-8,1358
1775447700485,key-8,1358
1775447700485,key-12,470
1775447700492,key-32,1804
1775447700494,key-6,694
1775447700495,key-32,1807
1775447700495,key-3,194
1775447700495,key-20,1044
1775447700497,key-31,1054
1775447700497,key-20,1046
1775447700497,key-39,1443
1775447700503,key-23,2088
1775447700515,key-48,2138
1775447700520,key-12,505
1775447700521,key-23,2106
1775447700521,key-40,1887
1775447700521,key-20,1070
1775447700531,key-4,1568
1775447700532,key-10,941
1775447700533,key-41,2409
1775447700533,key-41,2409
1775447700533,key-6,733
1775447700534,key-42,936
1775447700534,key-13,1452
1775447700534,key-31,1091
1775447700535,key-32,1847
1775447700535,key-29,771
1775447700536,key-13,1454
1775447700538,key-33,312
1775447700540,key-2,1336
1775447700541,key-45,363
1775447700549,key-19,322
1775447700551,key-10,960
1775447700551,key-20,1100
1775447700551,key-43,476
1775447700553,key-2,1349
1775447700560,key-24,2338
1775447700560,key-15,1705
1775447700560,key-45,382
1775447700571,key-2,1367
1775447700571,key-48,2194
1775447700574,key-1,1144
1775447700576,key-19,349
1775447700582,key-20,1131
1775447700583,key-9,1065
1775447700584,key-20,1133
1775447700584,key-48,2207
1775447700587,key-29,823
1775447700587,key-48,2210
1775447700589,key-16,951
1775447700592,key-11,2382
1775447700596,key-39,1542
1775447700601,key-39,1547
1775447700603,key-31,1160
1775447700604,key-39,1550
1775447700606,key-26,186
1775447700608,key-32,1920
1775447700608,key-43,533
1775447700608,key-41,2484
1775447700609,key-38,2442
1775447700609,key-48,2232
1775447700616,key-28,507
1775447700617,key-29,853
1775447700617,key-27,1074
1775447700617,key-32,1929
1775447700617,key-27,1074
1775447700619,key-47,422
1775447700622,key-27,1079
1775447700623,key-39,1569
1775447700630,key-45,452
1775447700631,key-48,2254
1775447700631,key-10,1040
1775447700635,key-4,1672
1775447700635,key-28,526
1775447700635,key-27,1092
1775447700638,key-8,1511
1775447700639,key-8,1512
1775447700640,key-45,462
1775447700641,key-27,1098
1775447700642,key-8,1515
1775447700645,key-32,1957
1775447700647,key-49,182
1775447700654,key-9,1136
1775447700656,key-44,1251
1775447700659,key-32,1971
1775447700659,key-22,655
1775447700662,key-41,2538
1775447700663,key-20,1212
1775447700663,key-20,1212
1775447700667,key-17,1164
1775447700667,key-32,1979
1775447700667,key-28,558
1775447700668,key-47,471
1775447700668,key-27,1125
1775447700674,key-50,1055
1775447700676,key-37,867
1775447700677,key-23,2262
1775447700678,key-4,156
1775447700679,key-43,604
1775447700681,key-17,159
1775447700682,key-22,678
1775447700683,key-26,263
1775447700689,key-10,1098
1775447700692,key-41,2568
1775447700696,key-41,2572
1775447700696,key-31,1253
1775447700700,key-17,178
1775447700703,key-2,1499
1775447700706,key-1,1275
1775447700706,key-33,480
1775447700706,key-4,184
1775447700713,key-43,638
1775447700714,key-5,937
1775447700717,key-21,1389
1775447700717,key-3,416
1775447700718,key-29,954
1775447700718,key-10,1127
1775447700722,key-2,1518
1775447700722,key-26,302
1775447700722,key-19,495
1775447700723,key-20,1272
1775447700726,key-45,548
1775447700728,key-19,501
1775447700729,key-20,1278
1775447700730,key-43,655
1775447700735,key-15,1880
1775447700736,key-15,1881
1775447700736,key-19,509
1775447700741,key-10,1150
1775447700743,key-24,2521
1775447700744,key-40,2110
1775447700747,key-48,2370
1775447700751,key-20,1300
1775447700754,key-4,232
1775447700765,key-49,300
1775447700765,key-29,1001
1775447700772,key-16,282
1775447700772,key-31,1329
1775447700772,key-33,546
1775447700774,key-29,1010
1775447700774,key-43,699
1775447700775,key-45,597
1775447700776,key-32,2088
1775447700781,key-13,1699
1775447700784,key-31,1341
1775447700785,key-40,229
1775447700785,key-41,2661
1775447700787,key-32,163
1775447700789,key-4,267
1775447700792,key-27,246
1775447700792,key-27,246
1775447700794,key-8,161
1775447700796,key-2,1592
1775447700799,key-41,2675
1775447700801,key-8,168
1775447700806,key-39,1752
1775447700808,key-48,2431
1775447700809,key-27,263
1775447700815,key-45,637
1775447700815,key-5,213
1775447700820,key-27,274
1775447700825,key-32,157
1775447700829,key-27,283
1775447700830,key-45,652
1775447700831,key-27,285
1775447700832,key-45,654
1775447700834,key-48,2457
1775447700834,key-25,482
1775447700834,key-23,2419
1775447700835,key-33,609
1775447700836,key-32,168
1775447700836,key-49,371
1775447700839,key-22,835
1775447700839,key-7,1211
1775447700839,key-21,1511
1775447700841,key-50,1222
1775447700841,key-48,2464
1775447700842,key-17,320
1775447700845,key-19,618
1775447700845,key-17,323
1775447700845,key-47,309
1775447700847,key-10,1256
1775447700852,key-47,316
1775447700853,key-32,229
1775447700854,key-34,166
1775447700854,key-23,2439
1775447700857,key-32,189
1775447700858,key-41,2734
1775447700858,key-27,312
1775447700862,key-28,753
1775447700862,key-33,636
1775447700867,key-39,1813
1775447700868,key-39,1814
1775447700868,key-41,2744
1775447700870,key-23,2455
1775447700871,key-49,406
1775447700883,key-37,1074
1775447700885,key-33,659
1775447700885,key-43,810
1775447700887,key-20,1436
1775447700890,key-34,1012
1775447700891,key-21,1563
1775447700892,key-12,877
1775447700894,key-31,1451
1775447700899,key-34,211
1775447700899,key-21,1571
1775447700899,key-39,1845
1775447700899,key-2,1695
1775447700899,key-41,181
1775447700902,key-31,1459
1775447700904,key-10,1313
1775447700905,key-37,1096
1775447700908,key-46,1092
1775447700909,key-1,184
1775447700910,key-43,835
1775447700912,key-15,2057
1775447700913,key-24,185
1775447700913,key-20,1462
1775447700920,key-1,195
1775447700922,key-24,194
1775447700923,key-16,198
1775447700924,key-21,1596
1775447700925,key-29,1161
1775447700929,key-10,1338
1775447700930,key-38,338
1775447700931,key-17,409
1775447700940,key-24,212
1775447700941,key-33,715
1775447700941,key-4,419
1775447700944,key-31,1501
1775447700951,key-2,1747
1775447700951,key-19,724
1775447700951,key-43,876
1775447700952,key-31,1509
1775447700954,key-46,1138
1775447700955,key-1,230
1775447700955,key-41,237
1775447700956,key-16,231
1775447700958,key-46,1142
1775447700959,key-8,326
1775447700960,key-16,235
1775447700960,key-32,292
1775447700960,key-34,272
1775447700966,key-30,3025
1775447700967,key-8,334
1775447700972,key-41,254
1775447700977,key-5,306
1775447700977,key-8,344
1775447700988,key-45,810
1775447700989,key-38,397
1775447700989,key-27,443
1775447700989,key-15,2134
1775447700989,key-27,443
1775447700989,key-8,356
1775447700990,key-48,2613
1775447700996,key-49,531
1775447700998,key-32,330
1775447701000,key-19,164
1775447701007,key-14,1679
1775447701008,key-33,782
1775447701010,key-35,1988
1775447701011,key-32,343
1775447701011,key-34,323
1775447701011,key-12,996
1775447701012,key-36,2657
1775447701017,key-10,1426
1775447701019,key-21,1691
1775447701026,key-17,504
1775447701027,key-33,165
1775447701031,key-17,509
1775447701031,key-3,730
1775447701037,key-38,445
1775447701037,key-42,1439
1775447701038,key-41,320
1775447701038,key-34,350
1775447701042,key-11,470
1775447701042,key-27,496
1775447701042,key-3,741
1775447701050,key-20,1599
1775447701050,key-28,941
1775447701055,key-49,590
1775447701055,key-10,159
1775447701055,key-46,1239
1775447701055,key-49,590
1775447701055,key-34,367
1775447701058,key-31,1615
1775447701061,key-21,1733
1775447701062,key-34,374
1775447701063,key-12,1048
1775447701063,key-21,1735
1775447701067,key-46,1251
1775447701067,key-21,1739
1775447701068,key-21,1740
1775447701068,key-10,172
1775447701071,key-42,1473
1775447701072,key-2,1868
1775447701079,key-16,354
1775447701080,key-2,1876
1775447701082,key-34,394
1775447701086,key-27,540
1775447701088,key-12,1073
1775447701088,key-20,1637
1775447701089,key-24,361
1775447701089,key-46,1273
1775447701089,key-1,364
1775447701090,key-34,402
1775447701096,key-43,1021
1775447701098,key-15,240
1775447701102,key-24,374
1775447701103,key-26,683
1775447701103,key-39,2049
1775447701105,key-20,171
1775447701106,key-24,378
1775447701107,key-18,364
1775447701110,key-33,248
1775447701111,key-26,691
1775447701113,key-39,2059
1775447701114,key-4,592
1775447701118,key-23,2703
1775447701122,key-31,204
1775447701127,key-33,265
1775447701128,key-2,1924
1775447701129,key-2,1925
1775447701130,key-21,1802
1775447701131,key-16,406
1775447701133,key-41,415
1775447701137,key-46,1321
1775447701137,key-46,1321
1775447701137,key-34,449
1775447701138,key-48,2761
1775447701141,key-31,223
1775447701141,key-45,963
1775447701141,key-46,1325
1775447701141,key-16,416
1775447701142,key-8,509
1775447701144,key-46,1328
1775447701145,key-5,474
1775447701147,key-46,1331
1775447701149,key-33,287
1775447701149,key-47,613
1775447701152,key-17,155
1775447701157,key-5,486
1775447701157,key-3,269
1775447701163,key-29,1399
1775447701165,key-17,168
1775447701172,key-18,429
1775447701173,key-4,651
1775447701183,key-20,249
1775447701185,key-15,327
1775447701185,key-40,159
1775447701189,key-10,293
1775447701191,key-36,2836
1775447701192,key-26,772
1775447701202,key-33,340
1775447701203,key-40,177
1775447701204,key-42,263
1775447701205,key-17,208
1775447701207,key-21,1879
1775447701207,key-3,319
1775447701207,key-17,210
1775447701209,key-30,355
1775447701212,key-48,2835
1775447701212,key-42,271
1775447701217,key-2,2013
1775447701220,key-31,302
1775447701223,key-27,677
1775447701223,key-20,289
1775447701225,key-34,537
1775447701225,key-46,1409
1775447701225,key-3,337
1775447701229,key-8,596
1775447701229,key-21,1901
1775447701230,key-49,765
1775447701235,key-17,238
1775447701235,key-21,1907
1775447701240,key-47,704
1775447701245,key-27,699
1775447701245,key-19,409
1775447701245,key-2,2041
1775447701245,key-11,673
1775447701247,key-5,576
1775447701255,key-48,2878
1775447701255,key-34,567
1775447701257,key-21,1929
1775447701258,key-12,1243
1775447701258,key-34,570
1775447701259,key-49,794
1775447701260,key-11,688
1775447701262,key-16,537
1775447701263,key-3,375
1775447701264,key-20,330
1775447701264,key-36,173
1775447701267,key-11,695
1775447701270,key-34,582
1775447701272,key-24,544
1775447701273,key-21,1945
1775447701274,key-26,854
1775447701275,key-49,810
1775447701276,key-4,754
1775447701287,key-2,2083
1775447701288,key-23,2873
1775447701289,key-24,561
1775447701290,key-22,1286
1775447701291,key-18,548
1775447701295,key-13,2213
1775447701296,key-44,1891
1775447701297,key-39,221
1775447701298,key-30,444
1775447701304,key-21,1976
1775447701305,key-11,733
1775447701306,key-14,1978
1775447701307,key-35,2285
1775447701308,key-3,420
1775447701309,key-46,1493
1775447701309,key-46,1493
1775447701309,key-21,1981
1775447701310,key-46,1494
1775447701317,key-20,383
1775447701321,key-46,1505
1775447701321,key-29,1557
1775447701321,key-46,1505
1775447701322,key-16,597
1775447701327,key-24,599
1775447701331,key-47,795
1775447701331,key-29,163
1775447701331,key-46,1515
1775447701332,key-45,1154
1775447701333,key-1,608
1775447701333,key-48,2956
1775447701337,key-26,917
1775447701338,key-23,2923
1775447701338,key-39,262
1775447701338,key-34,650
1775447701340,key-5,669
1775447701342,key-15,484
1775447701342,key-8,709
1775447701346,key-46,1530
1775447701346,key-16,621
1775447701347,key-4,825
1775447701354,key-47,818
1775447701356,key-25,1004
1775447701361,key-40,335
1775447701371,key-48,2994
1775447701372,key-16,647
1775447701374,key-12,1359
1775447701377,key-29,209
1775447701377,key-30,523
1775447701379,key-42,273
1775447701383,key-17,386
1775447701383,key-42,277
1775447701386,key-44,1981
1775447701389,key-17,392
1775447701389,key-5,718
1775447701391,key-27,845
1775447701392,key-8,759
1775447701392,key-17,395
1775447701393,key-47,857
1775447701397,key-47,861
1775447701399,key-30,545
1775447701400,key-19,564
1775447701401,key-10,505
1775447701408,key-34,720
1775447701409,key-13,183
1775447701410,key-20,476
1775447701410,key-21,2082
1775447701411,key-3,523
1775447701411,key-43,1336
1775447701415,key-21,2087
1775447701416,key-8,783
1775447701418,key-37,165
1775447701419,key-49,954
1775447701419,key-12,1404
1775447701421,key-22,1417
1775447701421,key-9,704
1775447701427,key-12,1412
1775447701428,key-21,2100
1775447701428,key-22,161
1775447701430,key-36,339
1775447701433,key-49,968
1775447701444,key-23,3029
1775447701445,key-26,1025
1775447701447,key-11,875
1775447701450,key-26,1030
1775447701450,key-23,3035
1775447701452,key-3,564
1775447701453,key-23,3038
1775447701456,key-21,2128
1775447701460,key-31,542
1775447701462,key-22,195
1775447701465,key-29,297
1775447701467,key-12,1452
1775447701473,key-39,397
1775447701474,key-46,1658
1775447701475,key-45,1297
1775447701476,key-45,1298
1775447701477,key-5,806
1775447701478,key-12,1463
1775447701481,key-6,254
1775447701485,key-21,2157
1775447701486,key-35,163
1775447701487,key-35,164
1775447701488,key-46,1672
1775447701488,key-9,174
1775447701488,key-46,1672
1775447701490,key-42,384
1775447701491,key-46,1675
1775447701497,key-21,2169
1775447701499,key-36,408
1775447701499,key-20,565
1775447701501,key-29,333
1775447701501,key-46,1685
1775447701504,key-3,616
1775447701508,key-49,1043
1775447701509,key-45,1331
1775447701510,key-4,988
1775447701511,key-40,485
1775447701516,key-8,883
1775447701517,key-1,161
1775447701517,key-47,981
1775447701518,key-35,2496
1775447701519,key-40,493
1775447701519,key-8,886
1775447701523,key-39,447
1775447701525,key-31,607
1775447701526,key-4,1004
1775447701526,key-21,2198
1775447701528,key-45,1350
1775447701528,key-34,840
1775447701528,key-4,1006
1775447701529,key-21,2201
1775447701529,key-26,234
1775447701537,key-34,849
1775447701540,key-16,815
1775447701542,key-47,1006
1775447701543,key-35,220
1775447701549,key-4,1027
1775447701550,key-17,553
1775447701553,key-40,527
1775447701557,key-29,389
1775447701557,key-16,832
1775447701564,key-8,931
1775447701566,key-29,398
1775447701567,key-40,541
1775447701568,key-11,996
1775447701568,key-13,263
1775447701569,key-19,733
1775447701570,key-8,937
1775447701575,key-3,687
1775447701576,key-4,1054
1775447701577,key-20,643
1775447701578,key-9,264
1775447701578,key-21,2250
1775447701580,key-20,646
1775447701583,key-19,747
1775447701583,key-20,649
1775447701590,key-24,862
1775447701591,key-43,1516
1775447701591,key-10,695
1775447701592,key-46,1776
1775447701593,key-45,1415
1775447701597,key-50,1978
1775447701597,key-34,909
1775447701598,key-41,880
1775447701599,key-23,157
1775447701600,key-3,216
1775447701602,key-36,511
1775447701603,key-21,2275
1775447701604,key-44,2199
1775447701609,key-12,1594
1775447701621,key-4,175
1775447701621,key-21,2293
1775447701621,key-22,354
1775447701621,key-23,179
1775447701623,key-21,2295
1775447701626,key-10,730
1775447701626,key-22,359
1775447701630,key-26,335
1775447701633,key-21,2305
1775447701634,key-26,339
1775447701634,key-29,466
1775447701640,key-10,744
1775447701641,key-35,318
1775447701643,key-29,475
1775447701651,key-35,328
1775447701652,key-45,1474
1775447701654,key-5,983
1775447701654,key-23,212
1775447701654,key-46,1838
1775447701655,key-35,332
1775447701656,key-46,1840
1775447701662,key-26,367
1775447701662,key-9,348
1775447701663,key-9,349
1775447701664,key-46,1848
1775447701667,key-29,499
1775447701667,key-26,372
1775447701668,key-46,1852
1775447701683,key-30,829
1775447701684,key-49,165
1775447701690,key-41,972
1775447701690,key-34,1002
1775447701691,key-47,1155
1775447701691,key-47,1155
1775447701691,key-21,2363
1775447701691,key-8,1058
1775447701692,key-21,2364
1775447701692,key-34,1004
1775447701693,key-4,247
1775447701693,key-8,1060
1775447701695,key-49,176
1775447701702,key-5,1031
1775447701703,key-5,171
1775447701703,key-21,2375
1775447701705,key-45,1527
1775447701705,key-18,452
1775447701709,key-35,386
1775447701709,key-39,633
1775447701709,key-19,873
1775447701709,key-35,386
1775447701719,key-22,452
1775447701719,key-35,396
1775447701723,key-36,632
1775447701723,key-36,193
1775447701724,key-8,1091
1775447701724,key-47,1188
1775447701725,key-29,557
1775447701729,key-8,1096
1775447701731,key-16,1006
1775447701732,key-8,1099
1775447701732,key-40,706
1775447701735,key-19,899
1775447701736,key-11,1164
1775447701742,key-27,1196
1775447701745,key-8,1112
1775447701747,key-5,215
1775447701754,key-4,184
1775447701755,key-37,502
1775447701756,key-18,503
1775447701759,key-18,506
1775447701763,key-46,1947
1775447701766,key-46,1950
1775447701767,key-17,173
1775447701768,key-20,286
1775447701768,key-19,932
1775447701770,key-11,1198
1775447701773,key-21,2445
1775447701773,key-43,269
1775447701774,key-2,2570
1775447701774,key-41,220
1775447701774,key-24,1046
1775447701775,key-50,163
1775447701778,key-10,882
1775447701781,key-21,2453
1775447701787,key-13,482
1775447701789,key-22,522
1775447701791,key-43,287
1775447701791,key-2,2587
1775447701792,key-28,1683
1775447701792,key-20,310
1775447701794,key-22,527
1775447701795,key-46,1979
1775447701796,key-10,900
1775447701799,key-4,185
1775447701806,key-21,2478
1775447701806,key-21,2478
1775447701807,key-21,2479
1775447701807,key-41,253
1775447701818,key-29,650
1775447701818,key-45,1640
1775447701819,key-29,651
1775447701820,key-44,2415
1775447701820,key-23,378
1775447701821,key-45,1643
1775447701825,key-8,1192
1775447701825,key-31,907
1775447701825,key-40,189
1775447701829,key-29,661
1775447701836,key-29,668
1775447701837,key-29,669
1775447701837,key-46,2021
1775447701848,key-41,294
1775447701848,key-5,316
1775447701848,key-49,329
1775447701848,key-26,553
1775447701849,key-46,2033
1775447701849,key-46,2033
1775447701850,key-30,996
1775447701850,key-30,996
1775447701859,key-42,305
1775447701861,key-21,2533
1775447701861,key-32,566
1775447701862,key-32,567
1775447701862,key-35,539
1775447701862,key-35,539
1775447701865,key-8,1232
1775447701865,key-43,361
1775447701869,key-18,616
1775447701870,key-5,338
1775447701880,key-35,557
1775447701882,key-4,268
1775447701885,key-17,291
1775447701885,key-49,366
1775447701885,key-40,249
1775447701886,key-21,2558
1775447701890,key-35,567
1775447701891,key-45,1713
1775447701892,key-19,1056
1775447701892,key-29,724
1775447701894,key-13,589
1775447701899,key-35,576
1775447701900,key-46,2084
1775447701901,key-35,578
1775447701909,key-14,2581
1775447701910,key-11,1338
1775447701911,key-19,1075
1775447701911,key-4,297
1775447701911,key-7,958
1775447701912,key-8,1279
1775447701917,key-16,1192
1775447701919,key-47,1383
1775447701920,key-5,388
1775447701921,key-37,668
1775447701921,key-15,1063
1775447701923,key-29,755
1775447701937,key-18,684
1775447701938,key-17,344
1775447701939,key-5,204
1775447701939,key-8,1306
1775447701939,key-17,345
1775447701940,key-2,2736
1775447701943,key-10,1047
1775447701944,key-46,2128
1775447701949,key-28,1840
1775447701949,key-47,1413
1775447701953,key-35,630
1775447701954,key-10,1058
1775447701954,key-21,2626
1775447701954,key-24,1226
1775447701961,key-10,1065
1775447701963,key-21,2635
1775447701964,key-46,2148
1775447701969,key-22,192
1775447701971,key-20,489
1775447701972,key-39,896
1775447701974,key-34,1286
1775447701976,key-36,446
1775447701977,key-10,1081
1775447701977,key-13,672
1775447701977,key-10,1081
1775447701977,key-40,341
1775447701978,key-41,424
1775447701978,key-16,184
1775447701978,key-16,184
1775447701979,key-29,811
1775447701984,key-8,1351
1775447701987,key-21,2659
1775447701987,key-18,734
1775447701990,key-23,548
1775447701996,key-29,828
1775447701996,key-40,360
1775447702000,key-21,2672
1775447702000,key-43,496
1775447702007,key-29,839
1775447702008,key-43,504
1775447702008,key-44,2603
1775447702019,key-26,724
1775447702019,key-29,851
1775447702020,key-9,706
1775447702020,key-5,285
1775447702026,key-11,1454
1775447702026,key-20,544
1775447702026,key-23,584
1775447702027,key-18,190
1775447702031,key-46,2215
1775447702034,key-5,299
1775447702035,key-8,1402
1775447702035,key-24,1307
1775447702035,key-31,1117
1775447702039,key-43,535
1775447702042,key-38,522
1775447702046,key-50,180
1775447702049,key-40,413
1775447702051,key-35,728
1775447702052,key-50,186
1775447702055,key-26,760
1775447702057,key-33,473
1775447702057,key-19,1221
1775447702057,key-46,2241
1775447702064,key-40,428
1775447702065,key-27,1519
1775447702067,key-39,991
1775447702067,key-19,1231
1775447702071,key-30,346
1775447702071,key-32,776
1775447702075,key-2,184
1775447702076,key-46,2260
1775447702078,key-35,755
1775447702078,key-19,1242
1775447702079,key-13,774
1775447702082,key-3,698
1775447702084,key-3,700
1775447702088,key-42,534
1775447702089,key-8,185
1775447702089,key-19,1253
1775447702089,key-13,784
1775447702090,key-31,160
1775447702093,key-8,189
1775447702093,key-17,499
1775447702094,key-17,500
1775447702100,key-8,196
1775447702102,key-49,583
1775447702102,key-19,1266
1775447702105,key-18,268
1775447702107,key-11,1535
1775447702108,key-4,351
1775447702108,key-4,351
1775447702108,key-31,178
1775447702115,key-17,521
1775447702116,key-37,863
1775447702118,key-2,227
1775447702122,key-19,1286
1775447702124,key-35,801
1775447702125,key-23,683
1775447702126,key-39,1050
1775447702129,key-15,1271
1775447702130,key-27,1584
1775447702132,key-10,1236
1775447702133,key-48,3756
1775447702140,key-29,972
1775447702141,key-13,836
1775447702142,key-46,2326
1775447702143,key-45,1965
1775447702144,key-34,1456
1775447702154,key-18,167
1775447702154,key-16,360
1775447702154,key-20,672
1775447702154,key-23,712
1775447702155,key-29,987
1775447702155,key-23,713
1775447702156,key-47,1620
1775447702164,key-44,2759
1775447702165,key-44,2760
1775447702167,key-41,613
1775447702168,key-21,2840
1775447702170,key-10,1274
1775447702171,key-10,1275
1775447702171,key-35,848
1775447702171,key-23,729
1775447702171,key-36,186
1775447702172,key-16,378
1775447702173,key-10,1277
1775447702174,key-10,1278
1775447702179,key-25,1827
1775447702180,key-49,661
1775447702182,key-18,195
1775447702188,key-9,874
1775447702188,key-40,552
1775447702190,key-10,1294
1775447702191,key-13,886
1775447702196,key-8,292
1775447702198,key-8,294
1775447702204,key-26,909
1775447702205,key-37,952
1775447702207,key-8,303
1775447702211,key-46,2395
1775447702217,key-5,165
1775447702219,key-23,777
1775447702219,key-7,1266
1775447702221,key-21,2893
1775447702228,key-43,724
1775447702229,key-21,2901
1775447702231,key-30,506
1775447702231,key-32,936
1775447702235,key-36,249
1775447702236,key-26,941
1775447702236,key-43,732
1775447702236,key-30,511
1775447702237,key-28,2128
1775447702244,key-8,340
1775447702248,key-36,263
1775447702248,key-29,1080
1775447702249,key-46,2433
1775447702250,key-8,346
1775447702250,key-3,866
1775447702251,key-1,895
1775447702252,key-48,235
1775447702253,key-32,958
1775447702254,key-42,700
1775447702257,key-47,167
1775447702257,key-21,165
1775447702258,key-48,241
1775447702258,key-21,166
1775447702263,key-13,958
1775447702264,key-39,1188
1775447702267,key-4,510
1775447702267,key-4,510
1775447702268,key-24,1540
1775447702268,key-44,2863
1775447702270,key-42,716
1775447702274,key-32,979
1775447702276,key-21,184
1775447702282,key-21,190
1775447702285,key-36,300
1775447702285,key-23,843
1775447702285,key-17,691
1775447702288,key-23,846
1775447702292,key-10,1396
1775447702293,key-25,228
1775447702294,key-19,1458
1775447702296,key-17,702
1775447702296,key-35,973
1775447702296,key-13,991
1775447702298,key-34,1610
1775447702299,key-27,1753
1775447702300,key-30,575
1775447702301,key-43,797
1775447702308,key-48,291
1775447702309,key-8,405
1775447702311,key-44,163
1775447702313,key-23,871
1775447702314,key-47,224
1775447702320,key-44,2915
1775447702321,key-48,304
1775447702323,key-11,1751
1775447702324,key-46,2508
1775447702329,key-44,181
1775447702334,key-29,1166
1775447702336,key-22,328
1775447702336,key-25,271
1775447702337,key-44,189
1775447702337,key-31,407
1775447702337,key-23,895
1775447702337,key-23,895
1775447702337,key-44,189
1775447702343,key-10,1447
1775447702344,key-23,902
1775447702345,key-30,620
1775447702352,key-23,910
1775447702353,key-10,164
1775447702354,key-10,165
1775447702356,key-25,291
1775447702359,key-9,217
1775447702365,key-12,157
1775447702365,key-16,571
1775447702367,key-10,178
1775447702371,key-18,384
1775447702372,key-49,853
1775447702372,key-37,1119
1775447702373,key-12,165
1775447702373,key-40,737
1775447702373,key-10,184
1775447702377,key-10,188
1775447702384,key-37,1131
1775447702387,key-38,266
1775447702388,key-23,946
1775447702395,key-9,253
1775447702399,key-18,412
1775447702403,key-3,230
1775447702404,key-4,647
1775447702405,key-36,205
1775447702406,key-8,502
1775447702410,key-8,506
1775447702411,key-8,507
1775447702417,key-16,623
1775447702423,key-46,2607
1775447702424,key-46,2608
1775447702425,key-39,1349
1775447702425,key-5,373
1775447702427,key-13,1122
1775447702430,key-21,338
1775447702430,key-8,526
1775447702430,key-21,338
1775447702430,key-42,876
1775447702431,key-32,1136
1775447702431,key-24,172
1775447702434,key-14,3106
1775447702434,key-33,850
1775447702439,key-21,347
1775447702439,key-3,266
1775447702445,key-10,256
1775447702450,key-21,358
1775447702451,key-21,359
1775447702452,key-13,1147
1775447702453,key-23,1011
1775447702453,key-12,178
1775447702454,key-17,860
1775447702457,key-36,257
1775447702458,key-23,1016
1775447702459,key-36,259
1775447702465,key-19,1629
1775447702465,key-17,871
1775447702465,key-27,1919
1775447702470,key-26,180
1775447702472,key-23,1030
1775447702473,key-21,381
1775447702474,key-48,457
1775447702476,key-44,328
1775447702477,key-10,288
1775447702477,key-7,387
1775447702477,key-1,206
1775447702480,key-30,755
1775447702481,key-8,180
1775447702482,key-13,1177
1775447702482,key-46,2666
1775447702483,key-1,212
1775447702483,key-17,889
1775447702487,key-32,1192
1775447702488,key-43,984
1775447702489,key-33,191
1775447702495,key-25,430
1775447702496,key-50,630
1775447702496,key-23,1054
1775447702497,key-44,349
1775447702501,key-4,744
1775447702506,key-19,1670
1775447702506,key-46,2690
1775447702507,key-47,417
1775447702507,key-10,318
1775447702507,key-13,1202
1775447702507,key-22,499
1775447702507,key-23,1065
1775447702511,key-23,1069
1775447702513,key-30,788
1775447702513,key-18,526
1775447702517,key-10,328
1775447702518,key-15,498
1775447702520,key-44,372
1775447702526,key-19,1690
1775447702526,key-9,384
1775447702527,key-23,1085
1775447702536,key-10,347
1775447702537,key-23,1095
1775447702540,key-34,1852
1775447702541,key-30,816
1775447702543,key-47,453
1775447702543,key-4,786
1775447702543,key-14,3215
1775447702548,key-18,561
1775447702552,key-10,363
1775447702554,key-21,462
1775447702554,key-34,1866
1775447702555,key-10,366
1775447702556,key-14,3228
1775447702557,key-35,1234
1775447702558,key-12,283
1775447702564,key-18,577
1775447702564,key-10,375
1775447702565,key-4,808
1775447702582,key-18,162
1775447702583,key-8,282
1775447702587,key-21,495
1775447702588,key-10,399
1775447702591,key-5,266
1775447702595,key-12,320
1775447702595,key-10,406
1775447702595,key-41,527
1775447702597,key-22,168
1775447702599,key-36,399
1775447702600,key-1,329
1775447702601,key-21,509
1775447702604,key-16,810
1775447702620,key-3,447
1775447702621,key-23,1179
1775447702621,key-3,448
1775447702621,key-40,985
1775447702626,key-48,609
1775447702628,key-36,428
1775447702628,key-48,611
1775447702628,key-36,428
1775447702639,key-26,349
1775447702640,key-30,915
1775447702641,key-19,1805
1775447702642,key-46,177
1775447702642,key-13,1337
1775447702645,key-21,553
1775447702645,key-33,159
1775447702646,key-26,356
1775447702646,key-32,1351
1775447702668,key-8,367
1775447702668,key-46,203
1775447702669,key-47,579
1775447702669,key-36,469
1775447702669,key-31,404
1775447702669,key-34,1981
1775447702670,key-37,1417
1775447702670,key-32,1375
1775447702670,key-50,208
1775447702671,key-45,174
1775447702671,key-28,175
1775447702673,key-19,1837
1775447702673,key-17,1079
1775447702674,key-47,584
1775447702675,key-48,157
1775447702681,key-50,219
1775447702681,key-10,492
1775447702681,key-36,481
1775447702682,key-23,217
1775447702683,key-13,1378
1775447702686,key-4,929
1775447702686,key-48,168
1775447702687,key-46,222
1775447702688,key-46,223
1775447702690,key-44,542
1775447702690,key-11,2118
1775447702690,key-13,1385
1775447702696,key-22,267
1775447702696,key-1,425
1775447702698,key-33,212
1775447702698,key-2,807
1775447702699,key-23,234
1775447702699,key-24,387
1775447702699,key-9,557
1775447702701,key-36,501
1775447702707,key-31,442
1775447702712,key-21,620
1775447702712,key-44,564
1775447702713,key-40,1077
1775447702713,key-25,378
1775447702713,key-38,592
1775447702721,key-22,292
1775447702721,key-10,532
1775447702723,key-35,1400
1775447702723,key-25,388
1775447702723,key-13,158
1775447702723,key-18,303
1775447702724,key-18,304
1775447702728,key-50,266
1775447702732,key-30,1007
1775447702733,key-18,313
1775447702734,key-13,169
1775447702734,key-13,169
1775447702735,key-24,423
1775447702735,key-13,170
1775447702738,key-10,549
1775447702738,key-5,413
1775447702738,key-8,437
1775447702740,key-18,320
1775447702748,key-35,1425
1775447702749,key-18,329
1775447702749,key-20,1267
1775447702752,key-14,3424
1775447702753,key-10,564
1775447702767,key-8,466
1775447702768,key-12,493
1775447702768,key-8,467
1775447702775,key-21,683
1775447702776,key-30,1051
1775447702776,key-34,2088
1775447702776,key-21,684
1775447702776,key-12,501
1775447702783,key-45,286
1775447702785,key-38,664
1775447702785,key-36,585
1775447702794,key-10,605
1775447702801,key-36,601
1775447702809,key-41,741
1775447702809,key-30,1084
1775447702811,key-23,346
1775447702827,key-19,1991
1775447702827,key-21,735
1775447702831,key-40,1195
1775447702831,key-23,366
1775447702832,key-13,267
1775447702832,key-48,314
1775447702833,key-10,644
1775447702835,key-23,370
1775447702837,key-17,257
1775447702838,key-26,548
1775447702840,key-36,640
1775447702840,key-39,163
1775447702841,key-45,201
1775447702842,key-13,277
1775447702842,key-31,577
1775447702848,key-10,659
1775447702849,key-8,160
1775447702849,key-10,660
1775447702852,key-11,249
1775447702853,key-10,664
1775447702855,key-24,543
1775447702855,key-44,707
1775447702857,key-15,168
1775447702857,key-43,1353
1775447702858,key-46,393
1775447702860,key-2,169
1775447702862,key-11,259
1775447702866,key-11,263
1775447702866,key-2,175
1775447702871,key-2,180
1775447702872,key-36,157
1775447702873,key-13,308
1775447702874,key-36,159
1775447702875,key-33,389
1775447702875,key-2,184
1775447702875,key-10,686
1775447702876,key-40,1240
1775447702877,key-8,188
1775447702877,key-3,704
1775447702878,key-36,678
1775447702878,key-32,1583
1775447702878,key-36,163
1775447702879,key-13,314
1775447702882,key-28,386
1775447702886,key-36,171
1775447702886,key-20,1404
1775447702886,key-31,621
1775447702891,key-31,626
1775447702891,key-10,159
1775447702891,key-8,202
1775447702898,key-18,222
1775447702902,key-25,372
1775447702903,key-20,1421
1775447702904,key-8,215
1775447702907,key-3,734
1775447702909,key-13,170
1775447702910,key-15,221
1775447702920,key-22,491
1775447702922,key-10,190
1775447702923,key-25,173
1775447702923,key-14,3595
1775447702923,key-10,191
1775447702924,key-24,612
1775447702925,key-13,186
1775447702925,key-13,186
1775447702926,key-18,250
1775447702929,key-49,1410
1775447702934,key-25,404
1775447702937,key-33,451
1775447702939,key-42,1385
1775447702940,key-50,318
1775447702940,key-8,251
1775447702940,key-23,475
1775447702942,key-50,320
1775447702943,key-20,1461
1775447702943,key-38,321
1775447702943,key-20,1461
1775447702944,key-13,379
1775447702948,key-12,673
1775447702949,key-12,674
1775447702951,key-8,262
1775447702952,key-46,201
1775447702955,key-13,216
1775447702958,key-12,683
1775447702961,key-12,686
1775447702961,key-10,229
1775447702961,key-45,321
1775447702962,key-34,183
1775447702970,key-34,191
1775447702972,key-34,193
1775447702974,key-4,204
1775447702977,key-46,226
1775447702998,key-8,309
1775447703002,key-39,325
1775447703004,key-21,912
1775447703005,key-39,328
1775447703008,key-42,1454
1775447703008,key-34,229
1775447703017,key-10,285
1775447703021,key-11,418
1775447703021,key-2,330
1775447703023,key-43,171
1775447703026,key-46,275
1775447703028,key-11,425
1775447703031,key-11,428
1775447703032,key-38,210
1775447703033,key-39,356
1775447703033,key-21,941
1775447703033,key-44,885
1775447703033,key-13,294
1775447703036,key-3,195
1775447703036,key-32,1741
1775447703038,key-3,197
1775447703039,key-10,307
1775447703049,key-14,173
1775447703050,key-5,725
1775447703050,key-10,318
1775447703051,key-36,336
1775447703051,key-26,761
1775447703051,key-11,448
1775447703052,key-36,337
1775447703053,key-33,567
1775447703053,key-10,321
1775447703054,key-14,178
1775447703055,key-3,214
1775447703056,key-22,627
1775447703058,key-36,343
1775447703058,key-34,279
1775447703058,key-13,182
1775447703058,key-36,343
1775447703063,key-10,331
1775447703065,key-46,314
1775447703069,key-28,573
1775447703069,key-3,228
1775447703069,key-43,217
1775447703071,key-28,575
1775447703072,key-26,782
1775447703074,key-28,578
1775447703075,key-3,234
1775447703075,key-20,1593
1775447703076,key-47,986
1775447703077,key-15,388
1775447703078,key-13,202
1775447703079,key-22,650
1775447703079,key-25,329
1775447703086,key-38,264
1775447703091,key-24,779
1775447703092,key-13,216
1775447703095,key-10,363
1775447703096,key-31,173
1775447703096,key-13,220
1775447703096,key-3,255
1775447703100,key-25,350
1775447703100,key-18,424
1775447703105,key-16,181
1775447703105,key-13,229
1775447703105,key-13,229
1775447703111,key-14,235
1775447703113,key-12,838
1775447703118,key-28,622
1775447703118,key-25,368
1775447703120,key-12,845
1775447703120,key-7,591
1775447703121,key-24,809
1775447703122,key-38,300
1775447703122,key-20,1640
1775447703128,key-12,853
1775447703129,key-21,1037
1775447703129,key-34,350
1775447703130,key-12,855
1775447703131,key-22,702
1775447703132,key-4,362
1775447703133,key-13,257
1775447703133,key-10,401
1775447703139,key-10,407
1775447703145,key-13,269
1775447703145,key-47,1055
1775447703146,key-18,470
1775447703146,key-12,871
1775447703147,key-45,507
1775447703148,key-13,272
1775447703148,key-20,1666
1775447703149,key-46,398
1775447703149,key-43,297
1775447703151,key-38,329
1775447703160,key-43,308
1775447703160,key-31,237
1775447703164,key-8,475
1775447703165,key-17,585
1775447703176,key-46,425
1775447703177,key-42,1623
1775447703179,key-34,400
1775447703192,key-39,515
1775447703200,key-10,468
1775447703202,key-31,279
1775447703206,key-1,935
1775447703207,key-32,1912
1775447703207,key-32,1912
1775447703208,key-11,605
1775447703209,key-10,477
1775447703209,key-21,1117
1775447703209,key-13,333
1775447703212,key-5,887
1775447703215,key-34,436
1775447703216,key-10,484
1775447703220,key-5,895
1775447703227,key-40,1591
1775447703228,key-34,449
1775447703228,key-36,513
1775447703228,key-32,1933
1775447703229,key-31,306
1775447703229,key-43,377
1775447703233,key-28,737
1775447703234,key-28,738
1775447703234,key-22,805
1775447703239,key-26,949
1775447703241,key-39,564
1775447703249,key-24,165
1775447703250,key-38,428
1775447703252,key-43,400
1775447703255,key-22,826
1775447703256,key-4,486
1775447703257,key-13,381
1775447703257,key-33,771
1775447703259,key-3,418
1775447703259,key-3,418
1775447703259,key-4,489
1775447703259,key-3,418
1775447703260,key-14,384
1775447703261,key-13,385
1775447703261,key-38,439
1775447703266,key-31,343
1775447703267,key-45,178
1775447703268,key-18,176
1775447703268,key-37,2015
1775447703268,key-46,517
1775447703271,key-14,395
1775447703274,key-7,745
1775447703275,key-22,846
1775447703279,key-14,403
1775447703281,key-10,549
1775447703282,key-24,198
1775447703284,key-18,192
1775447703293,key-21,1201
1775447703298,key-45,209
1775447703298,key-45,209
1775447703300,key-13,424
1775447703302,key-13,426
1775447703302,key-17,722
1775447703302,key-23,180
1775447703302,key-10,570
1775447703309,key-4,539
1775447703310,key-9,353
1775447703316,key-34,537
1775447703317,key-24,233
1775447703317,key-10,585
1775447703319,key-16,218
1775447703319,key-17,739
1775447703319,key-43,467
1775447703319,key-36,604
1775447703319,key-13,443
1775447703320,key-45,231
1775447703320,key-34,541
1775447703321,key-12,1046
1775447703323,key-45,234
1775447703328,key-13,452
1775447703328,key-9,371
1775447703330,key-10,598
1775447703331,key-12,1056
1775447703333,key-31,410
1775447703334,key-13,458
1775447703338,key-14,462
1775447703338,key-12,1063
1775447703338,key-38,516
1775447703345,key-45,256
1775447703346,key-12,1071
1775447703349,key-19,2513
1775447703351,key-23,229
1775447703353,key-5,187
1775447703353,key-14,477
1775447703357,key-37,2104
1775447703360,key-43,508
1775447703369,key-46,618
1775447703369,key-24,285
1775447703370,key-31,447
1775447703372,key-10,640
1775447703373,key-21,1281
1775447703373,key-10,641
1775447703378,key-30,1653
1775447703379,key-37,2126
1775447703380,key-10,648
1775447703380,key-2,210
1775447703382,key-43,171
1775447703384,key-42,1830
1775447703389,key-34,610
1775447703389,key-43,178
1775447703395,key-28,899
1775447703395,key-5,229
1775447703398,key-42,1844
1775447703400,key-34,621
1775447703401,key-23,279
1775447703404,key-12,1129
1775447703408,key-5,242
1775447703408,key-19,2572
1775447703409,key-38,587
1775447703415,key-3,574
1775447703419,key-43,208
1775447703423,key-4,653
1775447703423,key-3,582
1775447703424,key-24,340
1775447703424,key-24,340
1775447703424,key-45,335
1775447703427,key-28,931
1775447703433,key-4,663
1775447703433,key-7,904
1775447703437,key-4,667
1775447703442,key-31,519
1775447703443,key-10,711
1775447703443,key-14,567
1775447703447,key-45,358
1775447703451,key-13,575
1775447703451,key-7,922
1775447703452,key-14,576
1775447703453,key-37,2200
1775447703453,key-24,369
1775447703455,key-13,579
1775447703458,key-31,535
1775447703461,key-39,784
1775447703461,key-5,295
1775447703463,key-46,712
1775447703464,key-23,342
1775447703468,key-18,376
1775447703470,key-13,594
1775447703476,key-13,600
1775447703476,key-43,265
1775447703476,key-13,600
1775447703477,key-13,601
1775447703477,key-2,307
1775447703477,key-46,726
1775447703477,key-18,385
1775447703477,key-7,948
1775447703479,key-10,747
1775447703482,key-40,1846
1775447703482,key-24,398
1775447703484,key-39,807
1775447703490,key-12,1215
1775447703492,key-46,741
1775447703492,key-13,616
1775447703493,key-24,409
1775447703493,key-9,536
1775447703500,key-14,624
1775447703501,key-24,417
1775447703502,key-39,825
1775447703508,key-10,776
1775447703515,key-12,1240
1775447703515,key-23,393
1775447703516,key-10,784
1775447703516,key-13,640
1775447703516,key-13,640
1775447703517,key-11,438
1775447703518,key-11,439
1775447703520,key-22,1091
1775447703521,key-37,2268
1775447703521,key-45,432
1775447703522,key-34,743
1775447703525,key-45,436
1775447703527,key-21,1435
1775447703527,key-14,651
1775447703528,key-14,652
1775447703529,key-32,2234
1775447703532,key-14,656
1775447703535,key-10,803
1775447703540,key-34,761
1775447703568,key-16,467
1775447703570,key-23,448
1775447703576,key-9,619
1775447703578,key-30,1853
1775447703579,key-3,738
1775447703587,key-19,2751
1775447703588,key-2,418
1775447703588,key-10,856
1775447703588,key-14,712
1775447703588,key-2,418
1775447703588,key-10,856
1775447703589,key-23,467
1775447703589,key-49,181
1775447703590,key-49,182
1775447703590,key-28,1094
1775447703591,key-49,183
1775447703592,key-3,751
1775447703592,key-12,1317
1775447703593,key-28,1097
1775447703593,key-17,1013
1775447703598,key-46,847
1775447703600,key-39,194
1775447703601,key-39,924
1775447703601,key-7,1072
1775447703604,key-45,515
1775447703606,key-34,827
1775447703606,key-3,765
1775447703607,key-31,684
1775447703609,key-43,398
1775447703611,key-24,527
1775447703612,key-7,1083
1775447703614,key-24,530
1775447703630,key-23,508
1775447703630,key-37,2377
1775447703630,key-23,508
1775447703632,key-48,159
1775447703632,key-15,943
1775447703633,key-5,467
1775447703633,key-34,854
1775447703634,key-12,1359
1775447703635,key-13,759
1775447703636,key-5,470
1775447703638,key-47,1548
1775447703638,key-27,1192
1775447703638,key-29,195
1775447703647,key-7,1118
1775447703648,key-46,897
1775447703649,key-18,236
1775447703650,key-46,899
1775447703651,key-46,900
1775447703651,key-15,962
1775447703652,key-17,1072
1775447703655,key-19,2819
1775447703655,key-10,923
1775447703657,key-3,816
1775447703658,key-4,888
1775447703662,key-12,1387
1775447703663,key-10,931
1775447703663,key-12,1388
1775447703667,key-12,1392
1775447703667,key-32,2372
1775447703667,key-39,261
1775447703681,key-41,1613
1775447703682,key-13,806
1775447703682,key-12,1407
1775447703683,key-7,160
1775447703683,key-24,599
1775447703683,key-7,1154
1775447703685,key-12,1410
1775447703685,key-37,173
1775447703685,key-13,809
1775447703699,key-26,1409
1775447703700,key-45,611
1775447703725,key-8,223
1775447703726,key-10,994
1775447703743,key-43,532
1775447703745,key-45,656
1775447703745,key-32,2450
1775447703746,key-2,576
1775447703748,key-32,2453
1775447703750,key-11,671
1775447703753,key-23,631
1775447703754,key-10,1022
1775447703754,key-23,632
1775447703754,key-22,1325
1775447703754,key-19,305
1775447703755,key-14,879
1775447703755,key-45,666
1775447703755,key-34,976
1775447703755,key-14,879
1775447703755,key-23,633
1775447703755,key-39,349
1775447703759,key-30,274
1775447703765,key-23,643
1775447703768,key-39,362
1775447703768,key-39,362
1775447703768,key-39,362
1775447703771,key-39,365
1775447703773,key-24,689
1775447703774,key-21,161
1775447703774,key-24,690
1775447703778,key-26,1488
1775447703783,key-1,184
1775447703783,key-31,860
1775447703784,key-17,1204
1775447703785,key-17,1205
1775447703785,key-3,944
1775447703790,key-23,668
1775447703790,key-34,1011
1775447703794,key-24,710
1775447703795,key-34,1016
1775447703795,key-39,168
1775447703795,key-13,919
1775447703795,key-7,272
1775447703798,key-22,1369
1775447703799,key-11,720
1775447703799,key-13,923
1775447703803,key-14,927
1775447703804,key-13,928
1775447703804,key-17,1224
1775447703805,key-27,1359
1775447703805,key-15,1116
1775447703806,key-3,965
1775447703810,key-30,325
1775447703811,key-39,184
1775447703811,key-5,645
1775447703813,key-4,1043
1775447703824,key-28,1328
1775447703825,key-38,228
1775447703825,key-19,376
1775447703825,key-17,1245
1775447703825,key-29,312
1775447703829,key-7,306
1775447703830,key-10,1098
1775447703835,key-39,208
1775447703835,key-40,187
1775447703835,key-21,222
1775447703836,key-24,752
1775447703836,key-23,714
1775447703839,key-18,426
1775447703839,key-3,998
1775447703840,key-12,1565
1775447703841,key-19,392
1775447703841,key-13,965
1775447703845,key-39,218
1775447703849,key-20,2367
1775447703852,key-7,329
1775447703852,key-21,239
1775447703853,key-3,1012
1775447703853,key-13,977
1775447703853,key-41,1785
1775447703853,key-7,330
1775447703855,key-13,979
1775447703856,key-40,208
1775447703856,key-32,2561
1775447703857,key-13,981
1775447703858,key-22,1429
1775447703868,key-26,217
1775447703869,key-45,780
1775447703874,key-12,1599
1775447703875,key-17,1295
1775447703875,key-3,1034
1775447703878,key-13,1002
1775447703892,key-3,165
1775447703893,key-41,1825
1775447703906,key-22,1477
1775447703907,key-30,226
1775447703912,key-32,2617
1775447703915,key-32,2620
1775447703919,key-17,1339
1775447703929,key-14,1053
1775447703929,key-39,302
1775447703932,key-29,226
1775447703933,key-50,205
1775447703937,key-45,848
1775447703937,key-30,256
1775447703939,key-39,312
1775447703940,key-12,1665
1775447703945,key-33,1459
1775447703945,key-39,318
1775447703950,key-29,244
1775447703951,key-39,324
1775447703954,key-22,237
1775447703957,key-48,484
1775447703958,key-17,1378
1775447703959,key-20,173
1775447703959,key-22,242
1775447703959,key-45,870
1775447703959,key-7,436
1775447703961,key-34,1182
1775447703961,key-23,198
1775447703961,key-21,348
1775447703961,key-17,1381
1775447703962,key-20,176
1775447703962,key-32,2667
1775447703963,key-3,236
1775447703966,key-39,339
1775447703968,key-30,287
1775447703968,key-25,176
1775447703968,key-39,341
1775447703971,key-14,1095
1775447703974,key-17,1394
1775447703975,key-3,248
1775447703978,key-17,1398
1775447703980,key-38,383
1775447703980,key-34,1201
1775447703980,key-36,1265
1775447703980,key-50,252
1775447703984,key-29,278
1775447703984,key-5,818
1775447703990,key-17,1410
1775447703991,key-8,300
1775447703996,key-8,305
1775447703996,key-26,345
1775447703997,key-18,584
1775447704004,key-24,920
1775447704011,key-21,398
1775447704012,key-25,220
1775447704014,key-12,1739
1775447704018,key-13,226
1775447704018,key-18,605
1775447704018,key-13,226
1775447704019,key-41,1951
1775447704025,key-13,233
1775447704025,key-36,1310
1775447704025,key-3,298
1775447704026,key-23,263
1775447704029,key-13,237
1775447704030,key-15,1341
1775447704032,key-13,240
1775447704032,key-13,240
1775447704033,key-45,944
1775447704033,key-17,1453
1775447704034,key-5,868
1775447704034,key-32,2739
1775447704035,key-6,2808
1775447704036,key-17,1456
1775447704036,key-30,355
1775447704036,key-7,513
1775447704036,key-13,244
1775447704040,key-31,156
1775447704041,key-32,2746
1775447704043,key-13,251
1775447704044,key-8,353
1775447704046,key-19,597
1775447704047,key-17,1467
1775447704047,key-25,255
1775447704047,key-21,434
1775447704050,key-10,222
1775447704052,key-13,260
1775447704055,key-46,191
1775447704057,key-24,973
1775447704057,key-3,330
1775447704057,key-14,1181
1775447704057,key-41,1989
1775447704064,key-18,651
1775447704068,key-21,168
1775447704069,key-10,241
1775447704076,key-13,284
1775447704084,key-3,357
1775447704084,key-41,2016
1775447704084,key-31,200
1775447704087,key-30,406
1775447704093,key-13,301
1775447704098,key-3,371
1775447704102,key-46,238
1775447704107,key-50,172
1775447704109,key-14,1233
1775447704110,key-50,175
1775447704113,key-38,516
1775447704116,key-17,1536
1775447704120,key-29,414
1775447704130,key-39,503
1775447704137,key-17,1557
1775447704137,key-7,614
1775447704138,key-33,1652
1775447704139,key-3,412
1775447704139,key-39,512
1775447704139,key-9,1182
1775447704140,key-22,423
1775447704145,key-23,382
1775447704146,key-17,1566
1775447704146,key-14,1270
1775447704147,key-45,1058
1775447704147,key-1,548
1775447704149,key-45,183
1775447704149,key-8,458
1775447704150,key-34,1371
1775447704152,key-25,360
1775447704155,key-45,1066
1775447704155,key-50,220
1775447704160,key-24,1076
1775447704161,key-14,1285
1775447704162,key-27,344
1775447704162,key-7,639
1775447704163,key-25,371
1775447704163,key-17,1583
1775447704163,key-18,750
1775447704165,key-25,373
1775447704172,key-24,1088
1775447704178,key-48,321
1775447704180,key-3,453
1775447704185,key-5,1019
1775447704187,key-22,470
1775447704187,key-21,287
1775447704187,key-2,1017
1775447704191,key-30,510
1775447704197,key-7,674
1775447704198,key-33,163
1775447704201,key-30,520
1775447704201,key-32,2906
1775447704201,key-17,1621
1775447704201,key-13,409
1775447704202,key-17,1622
1775447704203,key-3,476
1775447704205,key-33,170
1775447704206,key-13,414
1775447704206,key-3,479
1775447704207,key-5,1041
1775447704207,key-13,415
1775447704208,key-17,1628
1775447704211,key-12,205
1775447704212,key-32,2917
1775447704215,key-17,1635
1775447704219,key-38,622
1775447704220,key-31,336
1775447704222,key-21,322
1775447704223,key-26,572
1775447704223,key-17,1643
1775447704228,key-7,705
1775447704228,key-20,442
1775447704230,key-35,171
1775447704230,key-25,438
1775447704232,key-46,368
1775447704232,key-35,173
1775447704233,key-44,1168
1775447704233,key-11,1154
1775447704236,key-38,178
1775447704237,key-32,2942
1775447704237,key-10,409
1775447704241,key-6,177
1775447704241,key-31,357
1775447704242,key-21,342
1775447704251,key-7,728
1775447704251,key-21,351
1775447704259,key-13,467
1775447704263,key-10,181
1775447704271,key-13,479
1775447704272,key-35,213
1775447704273,key-21,373
1775447704279,key-17,1699
1775447704281,key-10,453
1775447704282,key-21,382
1775447704289,key-18,876
1775447704290,key-19,841
1775447704291,key-5,209
1775447704292,key-50,357
1775447704298,key-46,434
1775447704298,key-12,292
1775447704299,key-31,185
1775447704300,key-22,583
1775447704301,key-14,1425
1775447704302,key-46,438
1775447704302,key-34,1523
1775447704303,key-23,540
1775447704303,key-22,586
1775447704310,key-24,1226
1775447704311,key-33,276
1775447704313,key-44,1248
1775447704314,key-13,522
1775447704319,key-11,1240
1775447704322,key-25,530
1775447704326,key-1,727
1775447704326,key-18,913
1775447704327,key-34,1548
1775447704328,key-15,1639
1775447704330,key-34,1551
1775447704331,key-45,165
1775447704333,key-24,1249
1775447704333,key-2,1163
1775447704334,key-8,643
1775447704335,key-28,1839
1775447704337,key-25,545
1775447704337,key-17,1757
1775447704347,key-41,158
1775447704348,key-11,1269
1775447704348,key-27,530
1775447704348,key-14,1472
1775447704348,key-50,182
1775447704349,key-3,622
1775447704350,key-24,1266
1775447704351,key-27,533
1775447704354,key-22,637
1775447704354,key-6,290
1775447704356,key-2,1186
1775447704359,key-45,193
1775447704360,key-22,643
1775447704363,key-13,571
1775447704364,key-30,683
1775447704379,key-17,1799
1775447704380,key-1,781
1775447704386,key-33,351
1775447704386,key-3,659
1775447704387,key-17,1807
1775447704387,key-17,1807
1775447704388,key-28,1892
1775447704389,key-13,597
1775447704394,key-25,602
1775447704394,key-10,312
1775447704396,key-7,873
1775447704398,key-28,1902
1775447704398,key-38,340
1775447704398,key-38,340
1775447704405,key-1,806
1775447704406,key-7,883
1775447704406,key-9,1449
1775447704406,key-10,324
1775447704407,key-21,507
1775447704408,key-25,616
1775447704411,key-18,167
1775447704411,key-33,376
1775447704412,key-42,168
1775447704414,key-2,1244
1775447704414,key-35,355
1775447704414,key-44,1349
1775447704417,key-7,894
1775447704417,key-31,303
1775447704417,key-10,335
1775447704418,key-6,354
1775447704422,key-42,178
1775447704424,key-7,901
1775447704429,key-21,529
1775447704431,key-17,1851
1775447704431,key-35,372
1775447704435,key-31,321
1775447704443,key-32,3148
1775447704449,key-35,390
1775447704451,key-7,928
1775447704455,key-11,1376
1775447704456,key-13,664
1775447704456,key-23,693
1775447704457,key-5,154
1775447704461,key-7,938
1775447704465,key-40,222
1775447704469,key-14,1593
1775447704469,key-5,166
1775447704470,key-19,1021
1775447704472,key-12,260
1775447704472,key-13,680
1775447704472,key-18,228
1775447704479,key-23,716
1775447704480,key-21,580
1775447704488,key-14,1612
1775447704489,key-1,890
1775447704490,key-50,324
1775447704491,key-37,163
1775447704493,key-34,1714
1775447704501,key-44,1436
1775447704504,key-21,604
1775447704504,key-25,712
1775447704506,key-34,1727
1775447704506,key-1,907
1775447704506,key-17,1926
1775447704506,key-47,2416
1775447704506,key-18,262
1775447704507,key-8,816
1775447704507,key-15,1818
1775447704507,key-3,780
1775447704507,key-14,1631
1775447704508,key-22,791
1775447704518,key-25,726
1775447704519,key-27,701
1775447704520,key-16,264
1775447704521,key-5,218
1775447704521,key-37,193
1775447704522,key-22,805
1775447704526,key-22,809
1775447704527,key-28,2031
1775447704530,key-25,738
1775447704530,key-19,1081
1775447704531,key-7,1008
1775447704533,key-8,182
1775447704536,key-8,185
1775447704537,key-33,502
1775447704537,key-17,1957
1775447704541,key-48,190
1775447704542,key-14,1666
1775447704544,key-27,726
1775447704545,key-2,1375
1775447704552,key-33,517
1775447704560,key-15,1871
1775447704560,key-13,768
1775447704560,key-50,394
1775447704567,key-4,1797
1775447704568,key-47,2478
1775447704568,key-37,240
1775447704569,key-21,669
1775447704569,key-50,403
1775447704570,key-7,1047
1775447704571,key-32,3276
1775447704573,key-14,1697
1775447704574,key-7,1051
1775447704574,key-2,1404
1775447704577,key-21,156
1775447704577,key-25,785
1775447704580,key-7,1057
1775447704582,key-40,339
1775447704585,key-6,521
1775447704587,key-22,870
1775447704588,key-3,861
1775447704589,key-10,507
1775447704590,key-45,424
1775447704590,key-21,169
1775447704597,key-35,538
1775447704598,key-43,895
1775447704598,key-42,354
1775447704600,key-31,486
1775447704600,key-42,356
1775447704601,key-4,1831
1775447704608,key-34,185
1775447704610,key-21,189
1775447704612,key-3,885
1775447704612,key-13,820
1775447704622,key-7,1099
1775447704623,key-5,320
1775447704623,key-11,1544
1775447704624,key-23,861
1775447704628,key-12,416
1775447704630,key-18,296
1775447704638,key-11,1559
1775447704640,key-5,337
1775447704647,key-13,855
1775447704648,key-13,856
1775447704648,key-42,404
1775447704649,key-48,298
1775447704651,key-31,537
1775447704652,key-19,1203
1775447704656,key-10,574
1775447704657,key-20,198
1775447704662,key-48,311
1775447704663,key-21,242
1775447704663,key-50,497
1775447704670,key-14,1794
1775447704671,key-3,944
1775447704672,key-7,1149
1775447704674,key-22,957
1775447704674,key-37,346
1775447704678,key-7,1155
1775447704679,key-40,436
1775447704680,key-20,221
1775447704681,key-42,437
1775447704683,key-35,624
1775447704685,key-3,958
1775447704686,key-47,2596
1775447704687,key-3,960
1775447704688,key-3,961
1775447704688,key-33,159
1775447704689,key-22,972
1775447704698,key-22,981
1775447704699,key-16,241
1775447704699,key-37,371
1775447704702,key-14,1826
1775447704708,key-33,179
1775447704709,key-5,406
1775447704710,key-35,651
1775447704711,key-8,247
1775447704711,key-33,182
1775447704712,key-34,252
1775447704712,key-48,361
1775447704713,key-19,1264
1775447704713,key-33,184
1775447704720,key-14,1844
1775447704722,key-14,1846
1775447704724,key-13,932
1775447704725,key-8,261
1775447704725,key-27,907
1775447704733,key-32,3438
1775447704734,key-22,1017
1775447704734,key-8,270
1775447704735,key-2,1565
1775447704736,key-21,315
1775447704739,key-5,436
1775447704745,key-6,681
1775447704746,key-4,202
1775447704746,key-43,1043
1775447704747,key-40,178
1775447704747,key-21,326
1775447704747,key-7,1224
1775447704748,key-7,1225
1775447704748,key-10,225
1775447704748,key-22,1031
1775447704748,key-44,1683
1775447704753,key-26,183
1775447704758,key-5,455
1775447704762,key-43,1059
1775447704763,key-23,1000
1775447704763,key-2,1593
1775447704765,key-29,1059
1775447704767,key-43,1064
1775447704767,key-43,155
1775447704772,key-15,2083
1775447704777,key-3,1050
1775447704777,key-2,1607
1775447704778,key-13,986
1775447704779,key-3,1052
1775447704780,key-3,1053
1775447704782,key-11,1703
1775447704783,key-35,724
1775447704785,key-5,482
1775447704785,key-43,173
1775447704786,key-1,1187
1775447704790,key-34,330
1775447704795,key-35,736
1775447704796,key-2,1626
1775447704797,key-7,1274
1775447704805,key-7,1282
1775447704807,key-27,989
1775447704807,key-13,1015
1775447704808,key-5,505
1775447704809,key-10,286
1775447704817,key-13,1025
1775447704817,key-21,396
1775447704818,key-4,274
1775447704818,key-10,295
1775447704825,key-22,1108
1775447704829,key-38,771
1775447704830,key-1,1231
1775447704830,key-40,160
1775447704831,key-31,717
1775447704832,key-43,220
1775447704833,key-6,769
1775447704833,key-20,374
1775447704835,key-42,591
1775447704836,key-3,1109
1775447704838,key-19,1389
1775447704849,key-50,683
1775447704849,key-3,1122
1775447704850,key-22,226
1775447704852,key-24,212
1775447704852,key-7,1329
1775447704858,key-40,188
1775447704858,key-25,1066
1775447704866,key-5,563
1775447704867,key-3,1140
1775447704869,key-14,1993
1775447704869,key-3,1142
1775447704869,key-5,566
1775447704869,key-25,1077
1775447704870,key-28,2374
1775447704870,key-48,519
1775447704874,key-33,345
1775447704879,key-25,1087
1775447704880,key-8,416
1775447704883,key-19,1434
1775447704888,key-14,2012
1775447704890,key-6,826
1775447704890,key-14,2014
1775447704890,key-48,539
1775447704890,key-28,2394
1775447704890,key-8,426
1775447704892,key-5,589
1775447704894,key-21,473
1775447704903,key-48,552
1775447704903,key-37,575
1775447704903,key-48,552
1775447704903,key-22,279
1775447704907,key-19,1458
1775447704909,key-44,1844
1775447704911,key-8,447
1775447704911,key-8,447
1775447704917,key-8,453
1775447704919,key-22,295
1775447704920,key-21,499
1775447704920,key-26,350
1775447704920,key-21,499
1775447704920,key-35,861
1775447704921,key-5,618
1775447704926,key-33,397
1775447704926,key-22,302
1775447704926,key-43,314
1775447704928,key-43,316
1775447704928,key-44,1863
1775447704929,key-5,626
1775447704937,key-15,2248
1775447704938,key-39,485
1775447704941,key-2,1771
1775447704941,key-45,775
1775447704942,key-8,478
1775447704943,key-3,222
1775447704943,key-43,331
1775447704952,key-8,488
1775447704953,key-5,650
1775447704954,key-48,603
1775447704954,key-49,381
1775447704962,key-39,509
1775447704963,key-3,242
1775447704963,key-2,1793
1775447704964,key-45,798
1775447704964,key-39,511
1775447704964,key-32,3669
1775447704965,key-3,244
1775447704966,key-34,506
1775447704966,key-11,1887
1775447704967,key-2,1797
1775447704969,key-43,357
1775447704970,key-22,346
1775447704971,key-28,2475
1775447704973,key-10,450
1775447704974,key-34,514
1775447704975,key-13,178
1775447704989,key-27,1171
1775447704990,key-7,1467
1775447704991,key-20,532
1775447704995,key-13,198
1775447704996,key-45,830
1775447704996,key-21,575
1775447704998,key-47,2908
1775447705004,key-10,481
1775447705004,key-6,940
1775447705004,key-27,1186
1775447705007,key-28,2511
1775447705008,key-22,384
1775447705010,key-27,1192
1775447705013,key-13,216
1775447705015,key-42,771
1775447705019,key-24,379
1775447705024,key-44,1959
1775447705024,key-37,696
1775447705031,key-10,508
1775447705031,key-6,185
1775447705035,key-3,314
1775447705036,key-1,1437
1775447705038,key-8,574
1775447705042,key-40,372
1775447705042,key-14,2166
1775447705042,key-24,402
1775447705043,key-25,1251
1775447705043,key-48,692
1775447705052,key-42,172
1775447705054,key-25,1262
1775447705054,key-14,2178
1775447705054,key-16,596
1775447705055,key-5,752
1775447705055,key-7,1532
1775447705059,key-49,486
1775447705059,key-48,708
1775447705059,key-5,756
1775447705061,key-14,2185
1775447705063,key-28,2567
1775447705065,key-14,2189
1775447705072,key-6,185
1775447705073,key-14,2197
1775447705073,key-14,2197
1775447705073,key-15,2384
1775447705073,key-46,1209
1775447705073,key-8,609
1775447705077,key-5,774
1775447705080,key-48,729
1775447705094,key-42,214
1775447705095,key-42,215
1775447705098,key-43,486
1775447705106,key-43,494
1775447705110,key-5,807
1775447705111,key-26,541
1775447705116,key-43,504
1775447705117,key-6,230
1775447705117,key-1,1518
1775447705120,key-43,508
1775447705120,key-38,181
1775447705120,key-3,174
1775447705121,key-32,251
1775447705122,key-32,252
1775447705126,key-11,2047
1775447705128,key-15,163
1775447705132,key-11,188
1775447705133,key-11,189
1775447705133,key-44,165
1775447705133,key-8,669
1775447705134,key-48,783
1775447705134,key-12,922
1775447705138,key-2,1968
1775447705138,key-13,341
1775447705138,key-28,2642
1775447705140,key-40,470
1775447705141,key-10,618
1775447705145,key-31,1031
1775447705151,key-2,1981
1775447705152,key-26,177
1775447705152,key-44,184
1775447705152,key-24,186
1775447705152,key-5,849
1775447705153,key-13,356
1775447705153,key-39,700
1775447705153,key-43,541
1775447705155,key-42,275
1775447705157,key-34,697
1775447705158,key-44,190
1775447705158,key-34,698
1775447705164,key-43,552
1775447705165,key-7,1642
1775447705165,key-27,1347
1775447705165,key-21,744
1775447705168,key-34,708
1775447705168,key-47,3078
1775447705168,key-3,222
1775447705170,key-43,558
1775447705171,key-41,533
1775447705174,key-46,1310
1775447705177,key-5,155
1775447705177,key-24,166
1775447705177,key-47,3087
1775447705178,key-5,156
1775447705185,key-3,239
1775447705185,key-6,298
1775447705190,key-27,1372
1775447705196,key-13,399
1775447705200,key-8,736
1775447705200,key-44,232
1775447705203,key-1,1604
1775447705206,key-13,409
1775447705207,key-39,754
1775447705209,key-24,198
1775447705209,key-1,1610
1775447705209,key-6,322
1775447705209,key-33,680
1775447705222,key-23,1459
1775447705229,key-16,771
1775447705229,key-14,2353
1775447705230,key-39,777
1775447705230,key-11,286
1775447705230,key-5,208
1775447705230,key-48,879
1775447705230,key-21,167
1775447705230,key-42,350
1775447705233,key-14,2357
1775447705235,key-16,777
1775447705236,key-29,578
1775447705236,key-14,2360
1775447705242,key-7,1719
1775447705242,key-49,669
1775447705242,key-14,2366
1775447705243,key-21,180
1775447705246,key-10,723
1775447705248,key-16,790
1775447705251,key-15,286
1775447705259,key-49,686
1775447705260,key-30,216
1775447705261,key-28,2765
1775447705261,key-21,198
1775447705273,key-27,1455
1775447705289,key-15,324
1775447705296,key-35,1237
1775447705296,key-14,2420
1775447705297,key-40,209
1775447705297,key-15,332
1775447705298,key-30,180
1775447705299,key-43,687
1775447705299,key-32,429
1775447705306,key-13,509
1775447705309,key-11,185
1775447705310,key-10,265
1775447705313,key-44,345
1775447705316,key-43,704
1775447705317,key-13,520
1775447705318,key-43,706
1775447705319,key-5,297
1775447705320,key-31,1206
1775447705325,key-14,2449
1775447705326,key-42,446
1775447705327,key-44,359
1775447705328,key-31,1214
1775447705328,key-5,306
1775447705329,key-34,869
1775447705332,key-34,872
1775447705332,key-43,720
1775447705333,key-34,873
1775447705333,key-41,164
1775447705333,key-34,873
1775447705338,key-27,1520
1775447705338,key-37,173
1775447705339,key-43,727
1775447705340,key-43,728
1775447705340,key-47,3250
1775447705340,key-44,170
1775447705343,key-7,1820
1775447705344,key-18,1010
1775447705344,key-7,1821
1775447705345,key-45,298
1775447705347,key-43,735
1775447705348,key-1,1749
1775447705349,key-6,173
1775447705351,key-22,727
1775447705351,key-43,739
1775447705351,key-14,2475
1775447705354,key-3,408
1775447705363,key-32,493
1775447705364,key-5,342
1775447705367,key-40,279
1775447705367,key-13,570
1775447705367,key-17,2787
1775447705370,key-28,2874
1775447705380,key-6,204
1775447705386,key-11,262
1775447705386,key-37,175
1775447705388,key-3,442
1775447705389,key-34,929
1775447705389,key-14,2513
1775447705393,key-39,940
1775447705395,key-48,1044
1775447705397,key-13,600
1775447705398,key-24,387
1775447705398,key-21,335
1775447705400,key-16,942
1775447705400,key-6,224
1775447705401,key-48,1050
1775447705402,key-23,1639
1775447705402,key-25,1610
1775447705402,key-48,1051
1775447705403,key-14,2527
1775447705409,key-16,951
1775447705410,key-2,175
1775447705410,key-39,957
1775447705412,key-48,1061
1775447705412,key-46,1548
1775447705415,key-41,246
1775447705415,key-21,352
1775447705424,key-29,766
1775447705427,key-16,969
1775447705429,key-35,1370
1775447705429,key-21,366
1775447705430,key-14,2554
1775447705434,key-49,861
1775447705434,key-15,247
1775447705434,key-5,412
1775447705440,key-42,560
1775447705440,key-24,225
1775447705440,key-8,976
1775447705441,key-37,230
1775447705446,key-18,232
1775447705446,key-2,211
1775447705446,key-29,788
1775447705447,key-7,1924
1775447705447,key-11,323
1775447705453,key-4,909
1775447705454,key-24,173
1775447705454,key-24,173
1775447705455,key-28,2959
1775447705471,key-27,1653
1775447705481,key-21,418
1775447705481,key-25,1689
1775447705483,key-36,2768
1775447705483,key-43,268
1775447705483,key-44,313
1775447705484,key-24,203
1775447705488,key-5,466
1775447705491,key-43,276
1775447705494,key-34,1034
1775447705497,key-41,328
1775447705497,key-15,310
1775447705499,key-34,1039
1775447705502,key-43,287
1775447705506,key-7,1983
1775447705507,key-44,337
1775447705510,key-6,334
1775447705511,key-43,296
1775447705511,key-27,1693
1775447705514,key-43,299
1775447705517,key-1,1918
1775447705518,key-3,572
1775447705518,key-3,572
1775447705519,key-43,304
1775447705522,key-6,346
1775447705522,key-24,173
1775447705522,key-43,307
1775447705523,key-24,174
1775447705525,key-26,550
1775447705528,key-40,440
1775447705533,key-7,2010
1775447705536,key-18,322
1775447705538,key-24,189
1775447705568,key-26,196
1775447705575,key-22,951
1775447705582,key-26,210
1775447705597,key-17,238
1775447705598,key-7,2075
1775447705598,key-3,652
1775447705598,key-9,2641
1775447705598,key-43,383
1775447705598,key-46,239
1775447705599,key-14,2723
1775447705599,key-41,430
1775447705600,key-24,251
1775447705600,key-31,1486
1775447705600,key-25,1808
1775447705600,key-31,1486
1775447705600,key-1,2001
1775447705600,key-6,424
1775447705601,key-16,1143
1775447705601,key-17,242
1775447705601,key-32,731
1775447705601,key-46,242
1775447705601,key-3,655
1775447705601,key-14,2725
1775447705601,key-46,242
1775447705602,key-13,805
1775447705602,key-46,243
1775447705602,key-24,253
1775447705602,key-42,722
1775447705602,key-16,1144
1775447705634,key-16,1176
1775447705636,key-29,978
1775447705638,key-24,289
1775447705638,key-17,279
1775447705638,key-3,692
1775447705639,key-29,981
1775447705640,key-16,1182
1775447705642,key-24,293
1775447705644,key-8,1180
1775447705644,key-48,1293
1775447705644,key-24,295
1775447705645,key-29,987
1775447705645,key-10,199
1775447705646,key-49,1073
1775447705646,key-3,700
1775447705648,key-11,524
1775447705649,key-9,180
1775447705649,key-40,561
1775447705649,key-30,531
1775447705649,key-49,1076
1775447705650,key-27,1832
1775447705650,key-34,1190
1775447705650,key-15,463
1775447705652,key-22,1028
1775447705652,key-27,1834
1775447705652,key-39,1199
1775447705652,key-4,206
1775447705652,key-14,2776
1775447705686,key-34,1226
1775447705687,key-30,569
1775447705689,key-45,642
1775447705691,key-32,821
1775447705691,key-24,209
1775447705691,key-9,222
1775447705693,key-37,482
1775447705694,key-5,672
1775447705695,key-41,238
1775447705697,key-17,338
1775447705697,key-41,528
1775447705697,key-8,1233
1775447705699,key-3,753
1775447705699,key-6,523
1775447705699,key-49,1126
1775447705700,key-8,1236
1775447705721,key-36,3006
1775447705744,key-27,1926
1775447705744,key-4,298
1775447705745,key-23,1982
1775447705750,key-6,574
1775447705752,key-6,576
1775447705757,key-43,542
1775447705759,key-49,1186
1775447705760,key-8,1296
1775447705760,key-43,545
1775447705761,key-40,673
1775447705761,key-6,585
1775447705762,key-6,586
1775447705762,key-43,547
1775447705763,key-25,1971
1775447705763,key-6,587
1775447705763,key-26,391
1775447705763,key-1,2164
1775447705763,key-7,2240
1775447705764,key-40,676
1775447705773,key-27,1955
1775447705777,key-16,1319
1775447705787,key-6,611
1775447705790,key-46,431
1775447705790,key-6,614
1775447705790,key-24,308
1775447705790,key-31,1676
1775447705791,key-35,1732
1775447705794,key-13,997
1775447705796,key-3,850
1775447705796,key-39,1343
1775447705796,key-46,437
1775447705803,key-4,357
1775447705804,key-18,171
1775447705805,key-14,2929
1775447705808,key-50,622
1775447705808,key-17,311
1775447705809,key-28,3313
1775447705809,key-48,168
1775447705809,key-40,721
1775447705809,key-25,205
1775447705811,key-22,157
1775447705811,key-40,723
1775447705811,key-7,2288
1775447705811,key-43,596
1775447705812,key-22,158
1775447705813,key-9,344
1775447705813,key-16,1355
1775447705813,key-46,454
1775447705814,key-7,2291
1775447705816,key-14,2940
1775447705816,key-6,640
1775447705820,key-15,633
1775447705821,key-39,1368
1775447705822,key-9,353
1775447705823,key-30,328
1775447705823,key-39,1370
1775447705829,key-13,1032
1775447705831,key-22,177
1775447705831,key-11,707
1775447705832,key-22,178
1775447705835,key-13,1038
1775447705835,key-10,389
1775447705835,key-14,2959
1775447705836,key-36,3121
1775447705836,key-43,220
1775447705836,key-49,1263
1775447705836,key-27,2018
1775447705840,key-42,960
1775447705840,key-22,1216
1775447705851,key-30,356
1775447705852,key-34,1392
1775447705852,key-41,164
1775447705862,key-41,161
1775447705862,key-41,161
1775447705864,key-33,1335
1775447705867,key-45,820
1775447705876,key-37,665
1775447705877,key-8,1413
1775447705878,key-39,1425
1775447705878,key-37,667
1775447705882,key-27,2064
1775447705884,key-40,796
1775447705885,key-5,863
1775447705885,key-9,416
1775447705886,key-30,391
1775447705886,key-6,710
1775447705887,key-40,799
1775447705894,key-3,948
1775447705894,key-14,3018
1775447705898,key-5,876
1775447705898,key-6,722
1775447705900,key-8,1436
1775447705901,key-37,690
1775447705903,key-32,220
1775447705913,key-35,1854
1775447705918,key-28,3422
1775447705921,key-43,305
1775447705924,key-37,713
1775447705930,key-49,1357
1775447705930,key-25,326
1775447705931,key-41,230
1775447705933,key-43,317
1775447705933,key-25,329
1775447705935,key-43,319
1775447705937,key-47,312
1775447705937,key-1,2338
1775447705937,key-41,236
1775447705937,key-43,321
1775447705944,key-6,768
1775447705949,key-27,2131
1775447705949,key-6,773
1775447705953,key-32,270
1775447705953,key-25,349
1775447705955,key-1,2356
1775447705958,key-40,870
1775447705960,key-4,514
1775447705963,key-37,752
1775447705969,key-6,793
1775447705969,key-14,3093
1775447705969,key-26,597
1775447705972,key-22,318
1775447705975,key-22,321
1775447705978,key-30,166
1775447705981,key-15,794
1775447705981,key-46,622
1775447705985,key-33,1456
1775447705986,key-11,862
1775447705988,key-6,812
1775447705988,key-30,176
1775447705988,key-39,1535
1775447705989,key-30,177
1775447705989,key-16,1531
1775447705990,key-6,814
1775447705991,key-13,1194
1775447705995,key-39,1542
1775447705997,key-22,343
1775447705997,key-8,1533
1775447705997,key-10,287
1775447705997,key-15,160
1775447705998,key-39,1545
1775447706001,key-43,385
1775447706001,key-39,1548
1775447706001,key-16,1543
1775447706001,key-30,189
1775447706002,key-22,348
1775447706004,key-13,1207
1775447706005,key-14,3129
1775447706005,key-23,331
1775447706009,key-36,208
1775447706009,key-13,1212
1775447706010,key-43,394
1775447706021,key-15,184
1775447706023,key-7,2500
1775447706023,key-7,2500
1775447706024,key-34,1564
1775447706025,key-44,173
1775447706025,key-22,371
1775447706039,key-30,227
1775447706039,key-37,171
1775447706040,key-20,1581
1775447706041,key-37,173
1775447706046,key-30,234
1775447706047,key-23,373
1775447706052,key-14,3176
1775447706052,key-3,1106
1775447706052,key-40,964
1775447706053,key-40,965
1775447706057,key-39,1604
1775447706057,key-2,822
1775447706061,key-12,955
1775447706061,key-5,1039
1775447706064,key-40,976
1775447706064,key-30,252
1775447706067,key-41,213
1775447706075,key-36,274
1775447706075,key-28,3579
1775447706075,key-40,987
1775447706083,key-44,231
1775447706084,key-30,272
1775447706091,key-30,279
1775447706091,key-16,1633
1775447706091,key-49,1518
1775447706092,key-49,1519
1775447706094,key-25,490
1775447706100,key-35,2041
1775447706103,key-3,1157
1775447706104,key-32,421
1775447706104,key-25,500
1775447706109,key-35,2050
1775447706113,key-12,179
1775447706119,key-28,3623
1775447706120,key-30,308
1775447706129,key-6,953
1775447706130,key-14,258
1775447706131,key-25,527
1775447706131,key-6,955
1775447706133,key-43,517
1775447706133,key-8,1669
1775447706134,key-8,1670
1775447706135,key-40,1047
1775447706136,key-11,1012
1775447706137,key-27,2319
1775447706139,key-45,1092
1775447706146,key-32,463
1775447706148,key-49,1575
1775447706149,key-22,495
1775447706149,key-27,2331
1775447706149,key-32,466
1775447706149,key-3,1203
1775447706154,key-2,919
1775447706159,key-7,2636
1775447706163,key-40,1075
1775447706163,key-6,987
1775447706169,key-13,1372
1775447706169,key-13,1372
1775447706170,key-22,516
1775447706170,key-41,316
1775447706171,key-42,1291
1775447706171,key-43,555
1775447706171,key-48,180
1775447706171,key-32,488
1775447706174,key-37,306
1775447706177,key-11,1053
1775447706177,key-39,1724
1775447706177,key-21,509
1775447706180,key-7,2657
1775447706180,key-7,2657
1775447706180,key-40,1092
1775447706181,key-12,247
1775447706181,key-7,2658
1775447706181,key-8,1717
1775447706184,key-23,510
1775447706184,key-23,510
1775447706186,key-13,1389
1775447706188,key-14,316
1775447706188,key-7,2665
1775447706188,key-23,514
1775447706192,key-34,1732
1775447706194,key-34,1734
1775447706196,key-13,1399
1775447706199,key-9,730
1775447706199,key-14,327
1775447706201,key-30,389
1775447706202,key-11,1078
1775447706202,key-50,1016
1775447706204,key-22,550
1775447706207,key-15,370
1775447706207,key-37,339
1775447706218,key-30,406
1775447706219,key-37,351
1775447706220,key-39,1767
1775447706221,key-34,1761
1775447706222,key-39,1769
1775447706222,key-40,1134
1775447706223,key-39,1770
1775447706223,key-49,1650
1775447706235,key-43,619
1775447706235,key-20,319
1775447706238,key-4,792
1775447706238,key-37,370
1775447706243,key-13,1446
1775447706243,key-30,431
1775447706245,key-2,1010
1775447706257,key-12,323
1775447706259,key-37,391
1775447706259,key-28,3763
1775447706259,key-30,447
1775447706260,key-40,1172
1775447706261,key-22,607
1775447706261,key-40,1173
1775447706261,key-7,2738
1775447706273,key-19,339
1775447706274,key-29,585
1775447706281,key-30,469
1775447706284,key-32,601
1775447706286,key-28,3790
1775447706287,key-12,173
1775447706288,key-30,163
1775447706289,key-25,685
1775447706293,key-14,421
1775447706294,key-32,611
1775447706296,key-45,1249
1775447706304,key-14,432
1775447706304,key-36,503
1775447706304,key-47,679
1775447706306,key-30,181
1775447706306,key-22,652
1775447706308,key-32,625
1775447706309,key-32,626
1775447706310,key-13,217
1775447706310,key-25,706
1775447706313,key-27,2495
1775447706321,key-8,1857
1775447706323,key-12,209
1775447706324,key-47,699
1775447706324,key-43,708
1775447706324,key-41,470
1775447706324,key-22,670
1775447706329,key-32,646
1775447706329,key-38,1390
1775447706337,key-43,721
1775447706339,key-37,471
1775447706343,key-14,471
1775447706344,key-23,670
1775447706344,key-21,676
1775447706347,key-17,850
1775447706351,key-7,2828
1775447706355,key-29,666
1775447706356,key-8,1892
1775447706356,key-42,334
1775447706356,key-41,167
1775447706358,key-7,2835
1775447706358,key-13,265
1775447706358,key-2,1123
1775447706358,key-50,1172
1775447706358,key-6,1182
1775447706360,key-30,235
1775447706363,key-23,689
1775447706364,key-14,492
1775447706365,key-38,1426
1775447706366,key-23,692
1775447706367,key-34,1907
1775447706367,key-7,2844
1775447706369,key-2,1134
1775447706369,key-23,695
1775447706371,key-41,182
1775447706372,key-17,875
1775447706374,key-7,2851
1775447706374,key-41,185
1775447706377,key-44,277
1775447706377,key-30,252
1775447706378,key-30,253
1775447706378,key-11,1254
1775447706378,key-39,1925
1775447706380,key-40,256
1775447706384,key-13,291
1775447706387,key-37,519
1775447706387,key-8,1923
1775447706388,key-39,1935
1775447706388,key-11,1264
1775447706389,key-39,1936
1775447706390,key-39,1937
1775447706390,key-15,553
1775447706394,key-5,1372
1775447706396,key-38,1457
1775447706396,key-11,1272
1775447706397,key-32,714
1775447706414,key-1,2815
1775447706414,key-37,176
1775447706414,key-38,1475
1775447706416,key-34,1956
1775447706423,key-30,298
1775447706425,key-15,588
1775447706433,key-20,517
1775447706434,key-9,280
1775447706435,key-31,2321
1775447706437,key-22,783
1775447706440,key-29,751
1775447706440,key-11,174
1775447706440,key-37,202
1775447706440,key-42,418
1775447706443,key-15,606
1775447706444,key-12,330
1775447706448,key-32,765
1775447706457,key-28,3961
1775447706460,key-40,336
1775447706467,key-39,2014
1775447706468,key-37,230
1775447706469,key-41,177
1775447706478,key-22,824
1775447706479,key-30,354
1775447706479,key-14,607
1775447706480,key-26,1108
1775447706481,key-13,388
1775447706483,key-22,829
1775447706483,key-43,283
1775447706484,key-8,256
1775447706484,key-41,192
1775447706491,key-25,887
1775447706491,key-23,817
1775447706492,key-32,809
1775447706493,key-25,889
1775447706494,key-25,890
1775447706494,key-22,167
1775447706497,key-11,192
1775447706506,key-43,306
1775447706507,key-38,1568
1775447706509,key-17,1012
1775447706509,key-41,217
1775447706510,key-38,1571
1775447706510,key-47,885
1775447706511,key-38,1572
1775447706511,key-12,397
1775447706512,key-28,4016
1775447706519,key-41,227
1775447706522,key-12,408
1775447706522,key-32,839
1775447706528,key-42,506
1775447706529,key-8,301
1775447706529,key-50,1343
1775447706532,key-23,858
1775447706532,key-32,849
1775447706533,key-41,241
1775447706533,key-17,1036
1775447706533,key-5,1511
1775447706534,key-39,2081
1775447706539,key-41,247
1775447706539,key-21,871
1775447706542,key-2,1307
1775447706547,key-10,837
1775447706548,key-37,310
1775447706549,key-13,456
1775447706549,key-26,1177
1775447706552,key-39,2099
1775447706554,key-5,1532
1775447706556,key-17,1059
1775447706557,key-39,2104
1775447706557,key-37,319
1775447706558,key-11,253
1775447706558,key-39,2105
1775447706559,key-46,163
1775447706559,key-39,2106
1775447706559,key-37,321
1775447706562,key-5,1540
1775447706563,key-6,204
1775447706564,key-10,854
1775447706564,key-30,439
1775447706568,key-3,196
1775447706571,key-38,1632
1775447706580,key-38,1641
1775447706583,key-17,1086
1775447706583,key-1,2984
1775447706584,key-3,173
1775447706586,key-2,1351
1775447706590,key-13,497
1775447706590,key-36,168
1775447706592,key-3,181
1775447706596,key-7,3073
1775447706603,key-49,188
1775447706603,key-9,216
1775447706608,key-31,2494
1775447706608,key-49,193
1775447706608,key-13,515
1775447706609,key-15,772
1775447706611,key-23,937
1775447706612,key-30,487
1775447706613,key-28,177
1775447706614,key-36,192
1775447706615,key-14,743
1775447706619,key-39,2166
1775447706626,key-3,215
1775447706634,key-12,212
1775447706634,key-11,329
1775447706637,key-29,948
1775447706638,key-28,202
1775447706638,key-22,311
1775447706638,key-18,654
1775447706641,key-20,725
1775447706642,key-30,517
1775447706643,key-15,806
1775447706644,key-40,520
1775447706644,key-30,519
1775447706644,key-30,519
1775447706648,key-28,212
1775447706650,key-14,778
1775447706651,key-38,1712
1775447706651,key-12,229
1775447706652,key-8,424
1775447706652,key-11,347
1775447706664,key-9,277
1775447706666,key-25,1062
1775447706666,key-28,230
1775447706667,key-47,1042
1775447706669,key-49,254
1775447706675,key-32,992
1775447706679,key-26,1307
1775447706682,key-12,260
1775447706683,key-25,1079
1775447706686,key-43,486
1775447706689,key-12,267
1775447706690,key-5,1668
1775447706691,key-32,1008
1775447706694,key-38,1755
1775447706694,key-17,1197
1775447706694,key-50,1508
1775447706695,key-12,273
1775447706696,key-26,1324
1775447706700,key-25,1096
1775447706702,key-50,1516
1775447706703,key-41,411
1775447706706,key-50,1520
1775447706706,key-41,414
1775447706706,key-37,468
1775447706710,key-10,1000
1775447706710,key-2,273
1775447706711,key-12,289
1775447706712,key-17,1215
1775447706713,key-21,1045
1775447706713,key-39,2260
1775447706717,key-32,1034
1775447706718,key-10,1008
1775447706724,key-25,1120
1775447706725,key-10,1015
1775447706728,key-17,1231
1775447706729,key-39,2276
1775447706729,key-39,2276
1775447706735,key-39,2282
1775447706735,key-36,313
1775447706735,key-41,443
1775447706735,key-46,339
1775447706736,key-37,498
1775447706740,key-38,1801
1775447706746,key-3,173
1775447706751,key-25,1147
1775447706752,key-30,219
1775447706760,key-6,401
1775447706760,key-36,338
1775447706761,key-3,188
1775447706761,key-38,1822
1775447706761,key-28,325
1775447706761,key-36,339
1775447706778,key-27,2960
1775447706780,key-35,519
1775447706780,key-14,908
1775447706781,key-39,2328
1775447706782,key-37,195
1775447706782,key-39,2329
1775447706783,key-7,377
1775447706787,key-44,687
1775447706787,key-3,214
1775447706787,key-39,2334
1775447706788,key-31,212
1775447706788,key-4,1342
1775447706791,key-5,1769
1775447706793,key-17,1296
1775447706794,key-14,922
1775447706797,key-7,391
1775447706801,key-1,3202
1775447706807,key-15,208
1775447706808,key-12,386
1775447706808,key-29,1119
1775447706812,key-12,390
1775447706812,key-38,1873
1775447706816,key-12,394
1775447706817,key-22,490
1775447706817,key-3,244
1775447706818,key-3,245
1775447706820,key-47,1195
1775447706821,key-18,324
1775447706822,key-30,289
1775447706823,key-14,951
1775447706823,key-25,1219
1775447706823,key-36,401
1775447706828,key-14,956
1775447706831,key-36,409
1775447706831,key-14,959
1775447706832,key-7,426
1775447706837,key-46,441
1775447706851,key-32,1168
1775447706852,key-33,2323
1775447706852,key-28,416
1775447706852,key-30,319
1775447706852,key-18,355
1775447706852,key-26,1480
1775447706852,key-32,1169
1775447706853,key-29,1164
1775447706853,key-36,431
1775447706854,key-12,432
1775447706855,key-49,440
1775447706855,key-6,496
1775447706855,key-10,1145
1775447706864,key-32,1181
1775447706866,key-22,539
1775447706867,key-13,315
1775447706867,key-41,575
1775447706867,key-41,575
1775447706869,key-12,447
1775447706870,key-4,1424
1775447706875,key-22,548
1775447706876,key-17,1379
1775447706879,key-15,280
1775447706883,key-25,1279
1775447706884,key-39,2431
1775447706885,key-10,1175
1775447706892,key-46,496
1775447706893,key-21,1225
1775447706893,key-22,566
1775447706897,key-49,482
1775447706897,key-10,1187
1775447706898,key-37,311
1775447706902,key-17,1405
1775447706904,key-16,2446
1775447706908,key-32,1225
1775447706908,key-25,1304
1775447706908,key-10,1198
1775447706915,key-3,342
1775447706918,key-13,366
1775447706922,key-6,563
1775447706925,key-3,352
1775447706928,key-50,1742
1775447706931,key-43,731
1775447706934,key-3,361
1775447706934,key-3,361
1775447706934,key-38,1995
1775447706936,key-25,1332
1775447706937,key-50,1751
1775447706937,key-36,515
1775447706943,key-35,288
1775447706944,key-33,2415
1775447706945,key-6,586
1775447706955,key-28,232
1775447706955,key-12,533
1775447706955,key-14,1083
1775447706956,key-37,369
1775447706957,key-3,384
1775447706959,key-39,2506
1775447706960,key-3,387
1775447706961,key-4,1515
1775447706961,key-39,2508
1775447706962,key-31,386
1775447706969,key-41,677
1775447706969,key-29,1280
1775447706973,key-41,681
1775447706976,key-7,570
1775447706984,key-24,1502
1775447706990,key-30,457
1775447706990,key-14,183
1775447706991,key-41,699
1775447706991,key-3,418
1775447706991,key-45,1944
1775447706992,key-7,586
1775447706996,key-7,590
1775447706999,key-45,1952
1775447707002,key-42,980
1775447707012,key-14,205
1775447707015,key-31,160
1775447707017,key-7,611
1775447707018,key-36,596
1775447707018,key-36,596
1775447707018,key-12,596
1775447707028,key-9,641
1775447707028,key-14,221
1775447707033,key-31,178
1775447707033,key-30,500
1775447707035,key-14,228
1775447707035,key-41,181
1775447707035,key-49,169
1775447707036,key-39,181
1775447707036,key-15,437
1775447707040,key-49,174
1775447707044,key-45,1997
1775447707044,key-26,1672
1775447707045,key-49,179
1775447707049,key-15,450
1775447707049,key-18,552
1775447707054,key-4,1608
1775447707057,key-41,203
1775447707061,key-24,1579
1775447707068,key-22,741
1775447707069,key-44,969
1775447707069,key-46,673
1775447707069,key-33,2540
1775447707069,key-22,742
1775447707070,key-41,216
1775447707070,key-48,215
1775447707071,key-26,1699
1775447707071,key-44,971
1775447707071,key-1,3472
1775447707071,key-10,1361
1775447707072,key-18,575
1775447707072,key-33,2543
1775447707072,key-48,248
1775447707074,key-11,769
1775447707075,key-21,1407
1775447707076,key-22,749
1775447707076,key-15,477
1775447707078,key-17,1581
1775447707088,key-17,1591
1775447707091,key-15,492
1775447707091,key-10,1381
1775447707092,key-17,1595
1775447707092,key-12,670
1775447707096,key-10,1386
1775447707106,key-49,240
1775447707106,key-25,1502
1775447707106,key-48,251
1775447707111,key-10,1401
1775447707125,key-45,2078
1775447707125,key-23,1451
1775447707125,key-21,1457
1775447707125,key-10,1415
1775447707126,key-35,471
1775447707126,key-35,471
1775447707126,key-32,1443
1775447707126,key-45,2079
1775447707127,key-1,3528
1775447707127,key-6,768
1775447707129,key-9,742
1775447707129,key-3,556
1775447707129,key-39,274
1775447707139,key-31,284
1775447707139,key-42,1117
1775447707139,key-3,566
1775447707142,key-39,287
1775447707142,key-14,335
1775447707149,key-33,2620
1775447707150,key-14,343
1775447707151,key-3,578
1775447707152,key-41,298
1775447707152,key-46,756
1775447707155,key-12,733
1775447707156,key-7,750
1775447707156,key-36,734
1775447707173,key-4,1727
1775447707174,key-6,189
1775447707174,key-24,1692
1775447707175,key-31,320
1775447707175,key-14,368
1775447707175,key-29,1486
1775447707177,key-3,604
1775447707177,key-45,2130
1775447707178,key-3,605
1775447707178,key-13,626
1775447707180,key-14,373
1775447707180,key-7,774
1775447707182,key-7,776
1775447707186,key-18,689
1775447707190,key-36,768
1775447707191,key-39,336
1775447707191,key-24,1709
1775447707193,key-42,1171
1775447707193,key-14,386
1775447707196,key-36,774
1775447707205,key-41,351
1775447707208,key-45,2161
1775447707220,key-4,1774
1775447707221,key-45,2174
1775447707221,key-31,366
1775447707228,key-15,629
1775447707229,key-49,363
1775447707229,key-15,630
1775447707232,key-15,633
1775447707233,key-18,736
1775447707234,key-14,427
1775447707235,key-34,2775
1775447707238,key-24,1756
1775447707240,key-18,743
1775447707241,key-2,804
1775447707242,key-14,435
1775447707243,key-18,746
1775447707244,key-37,657
1775447707250,key-12,828
1775447707255,key-9,868
1775447707255,key-22,928
1775447707255,key-2,818
1775447707256,key-20,704
1775447707258,key-33,2729
1775447707260,key-10,1550
1775447707260,key-18,763
1775447707261,key-49,395
1775447707261,key-49,395
1775447707263,key-11,958
1775447707264,key-44,1164
1775447707267,key-29,1578
1775447707269,key-26,1897
1775447707272,key-25,1668
1775447707277,key-49,411
1775447707279,key-10,1569
1775447707280,key-18,783
1775447707281,key-10,1571
1775447707281,key-36,859
1775447707282,key-15,683
1775447707282,key-10,1572
1775447707283,key-49,417
1775447707283,key-11,978
1775447707284,key-25,1680
1775447707286,key-1,222
1775447707292,key-32,1609
1775447707292,key-10,1582
1775447707293,key-10,1583
1775447707305,key-17,1808
1775447707306,key-22,979
1775447707306,key-45,2259
1775447707306,key-45,2259
1775447707306,key-45,2259
1775447707307,key-21,1639
1775447707308,key-27,3490
1775447707308,key-3,735
1775447707310,key-6,325
1775447707311,key-39,456
1775447707312,key-44,1212
1775447707314,key-3,741
1775447707314,key-7,908
1775447707314,key-31,459
1775447707319,key-33,2790
1775447707323,key-7,917
1775447707324,key-26,1952
1775447707325,key-10,1615
1775447707325,key-12,903
1775447707327,key-22,1000
1775447707331,key-10,1621
1775447707331,key-8,1103
1775447707335,key-33,170
1775447707339,key-22,1012
1775447707340,key-14,533
1775447707340,key-36,918
1775447707343,key-47,162
1775447707343,key-29,1654
1775447707345,key-24,1863
1775447707352,key-26,1980
1775447707355,key-45,2308
1775447707356,key-10,1646
1775447707357,key-17,176
1775447707358,key-24,1876
1775447707362,key-13,810
1775447707362,key-41,508
1775447707365,key-17,184
1775447707371,key-16,168
1775447707375,key-16,172
1775447707376,key-17,195
1775447707384,key-17,203
1775447707390,key-36,968
1775447707394,key-4,1948
1775447707397,key-20,845
1775447707399,key-36,977
1775447707403,key-2,966
1775447707407,key-36,985
1775447707409,key-24,1927
1775447707409,key-37,822
1775447707409,key-3,836
1775447707409,key-18,912
1775447707410,key-2,973
1775447707412,key-12,990
1775447707415,key-16,212
1775447707415,key-29,1726
1775447707416,key-36,994
1775447707417,key-18,920
1775447707418,key-29,1729
1775447707426,key-10,216
1775447707427,key-2,990
1775447707429,key-12,1007
1775447707433,key-47,252
1775447707436,key-34,2976
1775447707441,key-10,231
1775447707447,key-45,2400
1775447707447,key-10,237
1775447707447,key-49,181
1775447707448,key-43,433
1775447707450,key-26,2078
1775447707450,key-16,247
1775447707450,key-4,2004
1775447707454,key-25,1850
1775447707454,key-18,957
1775447707454,key-32,182
1775447707454,key-19,1520
1775447707456,key-26,2084
1775447707457,key-24,1975
1775447707459,key-32,187
1775447707460,key-26,2088
1775447707461,key-10,251
1775447707461,key-10,251
1775447707463,key-25,1859
1775447707465,key-1,401
1775447707471,key-44,1371
1775447707472,key-32,200
1775447707472,key-18,975
1775447707473,key-31,618
1775447707473,key-44,1373
1775447707473,key-22,1146
1775447707473,key-32,201
1775447707481,key-10,271
1775447707483,key-39,227
1775447707485,key-36,1063
1775447707487,key-23,1813
1775447707489,key-10,279
1775447707490,key-26,2118
1775447707491,key-33,326
1775447707492,key-12,1070
1775447707494,key-7,179
1775447707496,key-33,331
1775447707497,key-8,1269
1775447707502,key-47,321
1775447707505,key-7,190
1775447707505,key-50,211
1775447707506,key-47,325
1775447707506,key-46,165
1775447707507,key-3,934
1775447707509,key-14,702
1775447707513,key-42,1491
1775447707513,key-32,241
1775447707519,key-38,498
1775447707521,key-29,1832
1775447707522,key-39,266
1775447707522,key-35,239
1775447707523,key-26,2151
1775447707524,key-34,3064
1775447707524,key-17,343
1775447707524,key-28,801
1775447707526,key-6,541
1775447707529,key-33,364
1775447707530,key-26,2158
1775447707531,key-24,2049
1775447707531,key-17,350
1775447707532,key-39,276
1775447707534,key-17,353
1775447707538,key-39,282
1775447707540,key-1,476
1775447707541,key-3,968
1775447707542,key-22,1215
1775447707548,key-37,961
1775447707552,key-16,349
1775447707552,key-34,165
1775447707557,key-36,1135
1775447707559,key-4,2113
1775447707564,key-26,2192
1775447707570,key-10,360
1775447707572,key-16,369
1775447707572,key-36,198
1775447707581,key-29,1892
1775447707582,key-18,1085
1775447707587,key-36,213
1775447707589,key-2,1152
1775447707590,key-10,380
1775447707590,key-41,161
1775447707594,key-1,530
1775447707599,key-29,1910
1775447707599,key-48,161
1775447707600,key-28,877
1775447707600,key-48,162
1775447707602,key-45,2555
1775447707603,key-2,1166
1775447707603,key-17,157
1775447707604,key-34,217
1775447707605,key-41,176
1775447707608,key-4,2162
1775447707608,key-17,427
1775447707615,key-17,169
1775447707620,key-25,2016
1775447707620,key-34,233
1775447707620,key-9,1233
1775447707623,key-17,177
1775447707625,key-24,2143
1775447707626,key-1,562
1775447707626,key-15,1027
1775447707628,key-38,607
1775447707633,key-35,207
1775447707639,key-22,1312
1775447707639,key-14,832
1775447707640,key-39,384
1775447707640,key-39,384
1775447707640,key-26,2268
1775447707640,key-14,833
1775447707641,key-1,577
1775447707641,key-22,1314
1775447707645,key-27,360
1775447707646,key-26,2274
1775447707647,key-31,792
1775447707648,key-25,2044
1775447707649,key-47,468
1775447707652,key-21,1984
1775447707652,key-20,1100
1775447707659,key-44,1559
1775447707663,key-46,322
1775447707663,key-7,348
1775447707665,key-32,393
1775447707669,key-19,1735
1775447707670,key-23,1996
1775447707671,key-33,506
1775447707673,key-10,463
1775447707676,key-15,1077
1775447707679,key-39,423
1775447707681,key-49,415
1775447707691,key-49,425
1775447707692,key-38,671
1775447707692,key-38,671
1775447707694,key-21,2026
1775447707694,key-42,1672
1775447707694,key-6,160
1775447707694,key-12,1272
1775447707695,key-6,161
1775447707696,key-26,2324
1775447707697,key-26,2325
1775447707700,key-49,434
1775447707702,key-6,168
1775447707705,key-31,850
1775447707708,key-34,321
1775447707709,key-13,161
1775447707741,key-3,1168
1775447707742,key-13,194
1775447707742,key-33,577
1775447707742,key-32,470
1775447707742,key-28,1019
1775447707743,key-17,229
1775447707743,key-7,428
1775447707743,key-13,195
1775447707743,key-39,487
1775447707743,key-14,936
1775447707743,key-35,317
1775447707744,key-14,937
1775447707744,key-39,488
1775447707744,key-26,2372
1775447707745,key-4,2299
1775447707745,key-39,489
1775447707746,key-29,2057
1775447707746,key-26,2374
1775447707747,key-6,213
1775447707747,key-3,170
1775447707747,key-22,1420
1775447707747,key-45,164
1775447707749,key-16,546
1775447707753,key-6,219
1775447707755,key-8,1527
1775447707755,key-18,1258
1775447707756,key-17,242
1775447707759,key-28,1036
1775447707762,key-18,1265
1775447707769,key-48,331
1775447707774,key-34,387
1775447707775,key-29,2086
1775447707779,key-16,576
1775447707780,key-12,1358
1775447707786,key-41,357
1775447707789,key-4,2343
1775447707792,key-28,1069
1775447707793,key-43,778
1775447707793,key-11,1488
1775447707793,key-42,1771
1775447707795,key-34,408
1775447707798,key-17,284
1775447707800,key-1,736
1775447707801,key-26,2429
1775447707805,key-26,2433
1775447707806,key-39,550
1775447707806,key-38,785
1775447707806,key-41,377
1775447707811,key-20,1259
1775447707813,key-22,184
1775447707814,key-14,1007
1775447707818,key-1,754
1775447707818,key-20,1266
1775447707820,key-31,219
1775447707820,key-27,535
1775447707820,key-22,191
1775447707820,key-22,191
1775447707823,key-19,1889
1775447707824,key-39,568
1775447707826,key-38,805
1775447707829,key-39,573
1775447707829,key-35,403
1775447707830,key-27,545
1775447707836,key-39,580
1775447707838,key-31,237
1775447707841,key-46,500
1775447707841,key-44,1741
1775447707844,key-44,1744
1775447707844,key-26,2472
1775447707849,key-35,423
1775447707852,key-49,586
1775447707852,key-38,831
1775447707853,key-7,538
1775447707853,key-7,538
1775447707853,key-12,158
1775447707856,key-13,244
1775447707856,key-31,255
1775447707860,key-40,1736
1775447707860,key-23,270
1775447707863,key-26,2491
1775447707870,key-21,2202
1775447707898,key-6,364
1775447707900,key-33,735
1775447707900,key-40,1776
1775447707902,key-41,473
1775447707902,key-49,636
1775447707902,key-12,207
1775447707903,key-46,562
1775447707903,key-44,1803
1775447707904,key-7,589
1775447707904,key-38,883
1775447707907,key-17,393
1775447707907,key-29,2218
1775447707914,key-49,648
1775447707914,key-28,1191
1775447707915,key-50,160
1775447707919,key-6,385
1775447707919,key-50,164
1775447707921,key-22,292
1775447707924,key-50,169
1775447707925,key-29,175
1775447707925,key-17,411
1775447707925,key-26,2553
1775447707929,key-29,179
1775447707929,key-6,395
1775447707932,key-50,177
1775447707932,key-18,183
1775447707933,key-18,184
1775447707934,key-50,179
1775447707934,key-18,185
1775447707935,key-44,1835
1775447707938,key-50,183
1775447707941,key-16,738
1775447707942,key-28,1219
1775447707945,key-12,250
1775447707946,key-7,631
1775447707951,key-18,202
1775447707951,key-37,1364
1775447707953,key-11,1648
1775447707953,key-18,1456
1775447707953,key-19,2019
1775447707954,key-12,259
1775447707955,key-8,1727
1775447707955,key-22,326
1775447707960,key-14,1153
1775447707963,key-26,2591
1775447707964,key-23,176
1775447707965,key-30,1432
1775447707967,key-19,164
1775447707967,key-44,1867
1775447707967,key-45,384
1775447707974,key-11,1669
1775447707975,key-26,2603
1775447707976,key-1,912
1775447707976,key-27,204
1775447707979,key-26,2607
1775447707980,key-19,2046
1775447707981,key-27,209
1775447707983,key-13,371
1775447707985,key-22,356
1775447707986,key-35,560
1775447707987,key-41,558
1775447707998,key-26,2626
1775447707998,key-22,369
1775447707999,key-35,573
1775447707999,key-39,743
1775447707999,key-44,1899
1775447708001,key-29,251
1775447708004,key-30,1471
1775447708006,key-43,991
1775447708006,key-39,750
1775447708007,key-22,378
1775447708008,key-44,1908
1775447708008,key-19,205
1775447708008,key-19,205
1775447708013,key-39,757
1775447708016,key-49,750
1775447708018,key-23,230
1775447708021,key-23,233
1775447708022,key-27,250
1775447708023,key-3,446
1775447708024,key-49,758
1775447708025,key-41,596
1775447708027,key-7,712
1775447708037,key-49,771
1775447708037,key-12,342
1775447708038,key-7,723
1775447708039,key-46,698
1775447708039,key-21,2371
1775447708039,key-40,1915
1775447708040,key-14,1233
1775447708046,key-49,780
1775447708047,key-46,706
1775447708048,key-24,2566
1775447708049,key-31,448
1775447708049,key-19,246
1775447708050,key-38,204
1775447708053,key-27,281
1775447708053,key-46,712
1775447708054,key-43,1039
1775447708057,key-38,211
1775447708071,key-29,321
1775447708072,key-21,2404
1775447708074,key-17,560
1775447708077,key-17,563
1775447708086,key-49,820
1775447708091,key-49,825
1775447708094,key-18,345
1775447708102,key-1,1038
1775447708103,key-50,348
1775447708112,key-18,363
1775447708114,key-28,1391
1775447708118,key-1,1054
1775447708121,key-30,1588
1775447708122,key-16,919
1775447708123,key-26,2751
1775447708123,key-37,1536
1775447708124,key-28,1401
1775447708125,key-40,2001
1775447708126,key-1,1062
1775447708129,key-6,595
1775447708130,key-37,1543
1775447708131,key-41,702
1775447708131,key-1,1067
1775447708132,key-12,437
1775447708133,key-11,1828
1775447708134,key-44,2034
1775447708136,key-29,386
1775447708139,key-26,2767
1775447708140,key-23,352
1775447708141,key-12,446
1775447708142,key-19,339
1775447708146,key-26,2774
1775447708147,key-34,760
1775447708148,key-14,1341
1775447708150,key-32,351
1775447708151,key-6,617
1775447708154,key-26,2782
1775447708154,key-19,351
1775447708155,key-11,1850
1775447708155,key-50,400
1775447708155,key-50,400
1775447708156,key-40,2032
1775447708159,key-18,410
1775447708161,key-49,895
1775447708165,key-19,165
1775447708169,key-50,414
1775447708169,key-23,381
1775447708170,key-50,415
1775447708171,key-26,2799
1775447708172,key-39,916
1775447708175,key-19,175
1775447708178,key-49,912
1775447708179,key-12,484
1775447708179,key-33,1014
1775447708179,key-49,913
1775447708179,key-44,2079
1775447708180,key-32,381
1775447708181,key-22,552
1775447708181,key-11,1876
1775447708185,key-7,266
1775447708187,key-26,2815
1775447708192,key-14,1385
1775447708192,key-45,609
1775447708193,key-1,1129
1775447708193,key-3,616
1775447708196,key-33,1031
1775447708198,key-23,410
1775447708199,key-5,1246
1775447708199,key-27,167
1775447708204,key-46,863
1775447708204,key-38,358
1775447708206,key-27,174
1775447708207,key-1,1143
1775447708207,key-38,361
1775447708214,key-12,519
1775447708214,key-44,2114
1775447708218,key-39,164
1775447708221,key-37,1634
1775447708222,key-46,881
1775447708226,key-12,531
1775447708226,key-22,597
1775447708229,key-46,888
1775447708232,key-37,1645
1775447708232,key-47,211
1775447708235,key-46,894
1775447708240,key-44,179
1775447708241,key-46,900
1775447708242,key-15,156
1775447708243,key-28,1520
1775447708249,key-19,249
1775447708254,key-14,1447
1775447708258,key-27,226
1775447708259,key-27,227
1775447708260,key-46,919
1775447708269,key-26,2897
1775447708270,key-38,424
1775447708271,key-36,897
1775447708271,key-27,239
1775447708272,key-46,931
1775447708280,key-17,766
1775447708282,key-23,494
1775447708287,key-50,532
1775447708287,key-6,753
1775447708287,key-43,176
1775447708288,key-8,178
1775447708292,key-39,238
1775447708293,key-46,952
1775447708294,key-20,1742
1775447708295,key-17,781
1775447708305,key-19,305
1775447708306,key-38,460
1775447708307,key-28,1584
1775447708309,key-23,521
1775447708310,key-6,776
1775447708313,key-29,563
1775447708313,key-40,2189
1775447708313,key-11,2008
1775447708316,key-15,230
1775447708318,key-29,568
1775447708324,key-49,1058
1775447708326,key-18,577
1775447708327,key-26,2955
1775447708330,key-50,575
1775447708331,key-49,1065
1775447708332,key-39,278
1775447708332,key-23,544
1775447708333,key-18,584
1775447708333,key-49,1067
1775447708334,key-50,579
1775447708334,key-19,334
1775447708334,key-50,579
1775447708337,key-13,725
1775447708338,key-18,589
1775447708339,key-12,644
1775447708339,key-19,339
1775447708345,key-33,157
1775447708350,key-32,551
1775447708351,key-49,1085
1775447708352,key-12,657
1775447708352,key-10,340
1775447708354,key-49,1088
1775447708354,key-27,322
1775447708354,key-43,180
1775447708355,key-28,1632
1775447708356,key-15,270
1775447708356,key-27,324
1775447708360,key-9,162
1775447708366,key-27,334
1775447708369,key-27,337
1775447708369,key-23,581
1775447708369,key-1,1305
1775447708370,key-38,524
1775447708370,key-33,182
1775447708370,key-50,615
1775447708372,key-39,318
1775447708375,key-44,314
1775447708384,key-12,689
1775447708386,key-38,540
1775447708387,key-46,1046
1775447708389,key-18,178
1775447708391,key-39,337
1775447708391,key-46,1050
1775447708391,key-47,370
1775447708393,key-46,1052
1775447708393,key-12,698
1775447708395,key-47,374
1775447708400,key-12,705
1775447708402,key-44,341
1775447708403,key-46,1062
1775447708404,key-28,1681
1775447708407,key-37,1820
1775447708408,key-29,200
1775447708412,key-12,717
1775447708415,key-39,361
1775447708415,key-30,1882
1775447708418,key-22,789
1775447708421,key-14,256
1775447708421,key-7,502
1775447708422,key-46,1081
1775447708423,key-9,172
1775447708423,key-44,362
1775447708424,key-12,729
1775447708444,key-36,1070
1775447708444,key-27,412
1775447708445,key-9,194
1775447708445,key-46,1104
1775447708445,key-50,690
1775447708446,key-26,3074
1775447708446,key-49,1180
1775447708446,key-27,414
1775447708449,key-46,193
1775447708452,key-8,342
1775447708455,key-39,401
1775447708462,key-19,462
1775447708469,key-44,408
1775447708470,key-17,956
1775447708471,key-34,1084
1775447708472,key-17,958
1775447708473,key-2,2036
1775447708476,key-6,942
1775447708479,key-33,291
1775447708482,key-29,274
1775447708484,key-17,970
1775447708489,key-46,233
1775447708490,key-29,282
1775447708490,key-11,2185
1775447708491,key-8,381
1775447708492,key-45,909
1775447708496,key-50,741
1775447708496,key-14,331
1775447708503,key-33,315
1775447708506,key-40,2382
1775447708508,key-19,508
1775447708508,key-18,297
1775447708508,key-32,709
1775447708511,key-34,1124
1775447708512,key-15,426
1775447708513,key-10,501
1775447708517,key-19,517
1775447708522,key-28,1799
1775447708523,key-36,1149
1775447708523,key-12,828
1775447708523,key-8,413
1775447708525,key-9,274
1775447708526,key-27,494
1775447708526,key-15,440
1775447708528,key-6,994
1775447708531,key-50,776
1775447708535,key-15,449
1775447708536,key-39,482
1775447708539,key-28,1816
1775447708540,key-33,352
1775447708540,key-38,694
1775447708540,key-28,1817
1775447708540,key-50,785
1775447708544,key-1,1480
1775447708544,key-50,789
1775447708549,key-34,161
1775447708550,key-49,1284
1775447708550,key-46,294
1775447708553,key-38,707
1775447708555,key-47,233
1775447708559,key-38,157
1775447708564,key-12,869
1775447708564,key-47,242
1775447708564,key-47,242
1775447708566,key-16,209
1775447708567,key-13,955
1775447708568,key-27,536
1775447708572,key-39,518
1775447708575,key-12,880
1775447708577,key-30,2044
1775447708578,key-12,883
1775447708579,key-39,525
1775447708580,key-30,2047
1775447708582,key-12,887
1775447708582,key-42,2560
1775447708590,key-16,233
1775447708594,key-33,406
1775447708597,key-12,902
1775447708599,key-38,197
1775447708599,key-14,226
1775447708599,key-7,680
1775447708600,key-38,198
1775447708600,key-45,1017
1775447708600,key-9,349
1775447708600,key-39,546
1775447708601,key-22,972
1775447708604,key-3,157
1775447708604,key-50,157
1775447708605,key-38,759
1775447708609,key-3,162
1775447708609,key-50,854
1775447708614,key-48,666
1775447708614,key-18,403
1775447708616,key-7,697
1775447708625,key-27,593
1775447708635,key-16,278
1775447708639,key-1,1575
1775447708643,key-49,1377
1775447708643,key-34,255
1775447708646,key-39,592
1775447708646,key-11,2341
1775447708647,key-33,459
1775447708648,key-17,1134
1775447708649,key-8,539
1775447708649,key-29,441
1775447708650,key-44,589
1775447708650,key-20,177
1775447708656,key-16,299
1775447708661,key-34,273
1775447708663,key-33,475
1775447708663,key-11,2358
1775447708665,key-12,970
1775447708666,key-44,605
1775447708672,key-15,586
1775447708675,key-17,1161
1775447708676,key-14,303
1775447708677,key-8,567
1775447708681,key-12,986
1775447708681,key-28,1958
1775447708684,key-19,207
1775447708685,key-19,208
1775447708692,key-2,2255
1775447708693,key-32,307
1775447708694,key-50,247
1775447708696,key-28,1973
1775447708696,key-28,1973
1775447708699,key-50,252
1775447708704,key-38,173
1775447708705,key-11,2400
1775447708710,key-50,263
1775447708714,key-38,183
1775447708718,key-47,396
1775447708719,key-18,508
1775447708719,key-33,531
1775447708720,key-8,610
1775447708720,key-45,1137
1775447708720,key-36,274
1775447708720,key-50,273
1775447708721,key-34,333
1775447708722,key-35,676
1775447708727,key-47,405
1775447708728,key-19,251
1775447708731,key-18,520
1775447708731,key-22,1102
1775447708731,key-46,475
1775447708732,key-43,237
1775447708735,key-6,1201
1775447708737,key-20,264
1775447708742,key-47,420
1775447708742,key-27,710
1775447708748,key-6,1214
1775447708751,key-13,1139
1775447708751,key-30,2218
1775447708751,key-30,2218
1775447708753,key-12,1058
1775447708755,key-22,1125
1775447708759,key-38,228
1775447708759,key-13,1147
1775447708761,key-38,230
1775447708762,key-38,231
1775447708762,key-38,231
1775447708763,key-33,575
1775447708763,key-22,1134
1775447708764,key-39,710
1775447708765,key-7,846
1775447708767,key-9,179
1775447708770,key-21,233
1775447708771,key-50,324
1775447708774,key-33,586
1775447708778,key-36,332
1775447708778,key-1,1714
1775447708783,key-44,191
1775447708784,key-18,573
1775447708788,key-30,2255
1775447708789,key-7,870
1775447708795,key-9,207
1775447708798,key-18,587
1775447708798,key-9,210
1775447708799,key-50,352
1775447708799,key-39,745
1775447708799,key-45,1216
1775447708801,key-7,882
1775447708801,key-24,483
1775447708801,key-7,882
1775447708802,key-37,218
1775447708805,key-42,2783
1775447708813,key-33,625
1775447708814,key-27,782
1775447708814,key-34,426
1775447708816,key-3,369
1775447708817,key-29,609
1775447708824,key-29,616
1775447708825,key-11,243
1775447708828,key-3,381
1775447708829,key-22,1200
1775447708829,key-42,2807
1775447708831,key-32,445
1775447708833,key-13,1221
1775447708833,key-20,360
1775447708834,key-33,646
1775447708836,key-39,782
1775447708840,key-11,258
1775447708840,key-12,1145
1775447708840,key-11,258
1775447708841,key-19,364
1775447708845,key-20,372
1775447708846,key-35,800
1775447708848,key-17,1334
1775447708854,key-33,666
1775447708854,key-11,272
1775447708854,key-33,666
1775447708868,key-17,1354
1775447708869,key-19,392
1775447708870,key-12,1175
1775447708870,key-11,288
1775447708871,key-46,615
1775447708873,key-44,281
1775447708874,key-28,2151
1775447708875,key-38,344
1775447708876,key-42,2854
1775447708877,key-18,666
1775447708882,key-8,772
1775447708888,key-11,306
1775447708892,key-1,1828
1775447708892,key-22,1263
1775447708892,key-34,504
1775447708892,key-50,445
1775447708893,key-38,362
1775447708896,key-29,688
1775447708900,key-32,514
1775447708903,key-8,793
1775447708903,key-32,517
1775447708905,key-47,583
1775447708906,key-22,1277
1775447708912,key-32,526
1775447708919,key-14,546
1775447708919,key-27,887
1775447708920,key-39,866
1775447708920,key-27,888
1775447708921,key-27,889
1775447708923,key-13,1311
1775447708925,key-13,1313
1775447708925,key-30,153
1775447708925,key-3,275
1775447708927,key-50,480
1775447708934,key-37,350
1775447708937,key-24,619
1775447708938,key-21,401
1775447708939,key-39,885
1775447708939,key-18,728
1775447708943,key-39,889
1775447708944,key-8,834
1775447708944,key-22,1315
1775447708948,key-11,366
1775447708953,key-35,907
1775447708954,key-38,423
1775447708954,key-33,766
1775447708954,key-33,766
1775447708954,key-33,766
1775447708955,key-50,508
1775447708956,key-38,425
1775447708956,key-22,1327
1775447708956,key-48,1008
1775447708956,key-33,768
1775447708956,key-33,768
1775447708957,key-47,635
1775447708957,key-45,1374
1775447708957,key-46,701
1775447708958,key-36,512
1775447708961,key-32,575
1775447708962,key-12,1267
1775447708964,key-1,1900
1775447708971,key-30,199
1775447708971,key-41,473
1775447708980,key-42,2958
1775447708980,key-42,2958
1775447708986,key-43,421
1775447708989,key-35,943
1775447708990,key-22,162
1775447708990,key-7,1071
1775447709003,key-11,421
1775447709003,key-44,167
1775447709004,key-11,422
1775447709004,key-42,2982
1775447709007,key-39,953
1775447709009,key-36,563
1775447709011,key-41,513
1775447709013,key-13,1401
1775447709020,key-27,988
1775447709027,key-48,1079
1775447709027,key-7,1108
1775447709028,key-33,840
1775447709028,key-36,582
1775447709028,key-12,1333
1775447709029,key-6,1495
1775447709032,key-19,555
1775447709036,key-12,1341
1775447709036,key-35,990
1775447709039,key-11,457
1775447709044,key-9,456
1775447709044,key-18,162
1775447709047,key-29,839
1775447709048,key-42,3026
1775447709057,key-11,475
1775447709058,key-18,176
1775447709059,key-38,528
1775447709060,key-38,529
1775447709060,key-39,1006
1775447709060,key-18,178
1775447709060,key-1,1996
1775447709061,key-8,951
1775447709061,key-20,588
1775447709061,key-8,951
1775447709068,key-33,880
1775447709069,key-33,881
1775447709070,key-32,684
1775447709072,key-1,2008
1775447709072,key-13,1460
1775447709073,key-8,963
1775447709073,key-28,201
1775447709075,key-44,239
1775447709078,key-35,1032
1775447709079,key-29,871
1775447709086,key-29,878
1775447709088,key-32,702
1775447709088,key-48,228
1775447709088,key-3,438
1775447709091,key-32,705
1775447709092,key-6,1558
1775447709093,key-45,1510
1775447709098,key-28,226
1775447709100,key-26,3728
1775447709100,key-27,1068
1775447709105,key-17,1591
1775447709107,key-13,1495
1775447709111,key-13,1499
1775447709111,key-3,461
1775447709111,key-49,175
1775447709112,key-36,666
1775447709112,key-11,206
1775447709112,key-24,794
1775447709115,key-33,927
1775447709118,key-40,574
1775447709124,key-28,252
1775447709124,key-22,296
1775447709125,key-14,752
1775447709126,key-33,938
1775447709126,key-1,2062
1775447709126,key-46,285
1775447709131,key-48,271
1775447709132,key-32,157
1775447709133,key-12,1438
1775447709133,key-19,172
1775447709142,key-16,270
1775447709145,key-30,373
1775447709147,key-35,1101
1775447709148,key-37,564
1775447709148,key-42,3126
1775447709150,key-41,652
1775447709150,key-8,1040
1775447709151,key-43,586
1775447709156,key-7,1237
1775447709158,key-41,660
1775447709158,key-28,286
1775447709162,key-24,844
1775447709162,key-42,3140
1775447709162,key-50,715
1775447709166,key-39,1112
1775447709172,key-33,984
1775447709175,key-32,200
1775447709176,key-26,3804
1775447709177,key-15,1091
1775447709181,key-5,188
1775447709184,key-47,862
1775447709189,key-7,1270
1775447709193,key-47,871
1775447709198,key-28,326
1775447709198,key-48,338
1775447709198,key-27,1166
1775447709201,key-12,1506
1775447709205,key-33,1017
1775447709207,key-26,3835
1775447709208,key-1,2144
1775447709209,key-19,248
1775447709209,key-41,711
1775447709213,key-42,3191
1775447709213,key-11,307
1775447709217,key-40,673
1775447709226,key-10,1214
1775447709226,key-48,366
1775447709232,key-18,350
1775447709233,key-37,173
1775447709233,key-8,1123
1775447709233,key-41,735
1775447709233,key-33,1045
1775447709234,key-17,1720
1775447709240,key-29,1032
1775447709240,key-33,1052
1775447709240,key-18,358
1775447709242,key-8,1132
1775447709243,key-32,268
1775447709244,key-19,164
1775447709244,key-33,1056
1775447709251,key-12,1556
1775447709254,key-8,1144
1775447709257,key-6,1723
1775447709257,key-12,1562
1775447709258,key-19,178
1775447709259,key-8,1149
1775447709259,key-27,1227
1775447709262,key-13,1650
1775447709262,key-14,889
1775447709263,key-39,1209
1775447709263,key-9,675
1775447709264,key-20,791
1775447709265,key-11,359
1775447709266,key-48,406
1775447709267,key-6,1733
1775447709267,key-49,331
1775447709268,key-28,396
1775447709271,key-49,335
1775447709272,key-31,1671
1775447709273,key-20,800
1775447709274,key-33,1086
1775447709275,key-32,300
1775447709276,key-20,803
1775447709279,key-14,906
1775447709279,key-44,443
1775447709284,key-11,378
1775447709284,key-13,1672
1775447709288,key-28,416
1775447709293,key-3,643
1775447709294,key-19,214
1775447709294,key-32,319
1775447709294,key-2,2857
1775447709297,key-49,361
1775447709303,key-4,3857
1775447709303,key-33,1115
1775447709304,key-32,329
1775447709305,key-33,1117
1775447709307,key-28,435
1775447709309,key-19,229
1775447709309,key-37,249
1775447709313,key-18,431
1775447709316,key-33,1128
1775447709316,key-41,185
1775447709321,key-16,246
1775447709323,key-39,1269
1775447709323,key-26,3951
1775447709323,key-38,792
1775447709323,key-39,1269
1775447709324,key-37,264
1775447709326,key-22,498
1775447709329,key-18,447
1775447709331,key-8,1221
1775447709332,key-42,3310
1775447709334,key-41,203
1775447709340,key-5,226
1775447709342,key-43,296
1775447709343,key-42,3321
1775447709346,key-26,3974
1775447709349,key-15,1263
1775447709350,key-24,1032
1775447709350,key-8,1240
1775447709354,key-5,240
1775447709356,key-27,205
1775447709360,key-47,1038
1775447709361,key-29,1153
1775447709367,key-20,894
1775447709367,key-45,1784
1775447709376,key-27,225
1775447709380,key-40,836
1775447709380,key-25,856
1775447709380,key-26,4008
1775447709383,key-7,310
1775447709385,key-37,325
1775447709395,key-33,1207
1775447709398,key-34,479
1775447709398,key-11,492
1775447709399,key-33,1211
1775447709399,key-39,1345
1775447709401,key-40,857
1775447709405,key-40,861
1775447709406,key-19,326
1775447709407,key-33,1219
1775447709408,key-33,1220
1775447709410,key-30,638
1775447709411,key-7,338
1775447709412,key-48,552
1775447709422,key-8,1312
1775447709424,key-39,1370
1775447709503,key-28,631
1775447709505,key-9,917
1775447709506,key-9,918
1775447709507,key-6,1973
1775447709507,key-26,4135
1775447709508,key-48,648
1775447709511,key-6,1977
1775447709514,key-19,434
1775447709516,key-40,972
1775447709518,key-37,458
1775447709518,key-7,445
1775447709519,key-6,1985
1775447709526,key-13,1914
1775447709532,key-19,226
1775447709535,key-41,404
1775447709538,key-19,232
1775447709539,key-43,493
1775447709541,key-19,461
1775447709541,key-35,470
1775447709542,key-39,1488
1775447709542,key-26,4170
1775447709544,key-33,1356
1775447709545,key-33,1357
1775447709546,key-19,240
1775447709547,key-11,641
1775447709547,key-41,416
1775447709548,key-11,642
1775447709549,key-31,281
1775447709550,key-50,240
1775447709551,key-24,267
1775447709552,key-21,345
1775447709552,key-32,279
1775447709552,key-36,1106
1775447709553,key-32,280
1775447709554,key-19,248
1775447709554,key-8,1444
1775447709555,key-19,475
1775447709556,key-44,720
1775447709556,key-44,720
1775447709572,key-3,922
1775447709572,key-38,1041
1775447709572,key-26,4200
1775447709572,key-28,700
1775447709573,key-33,1385
1775447709573,key-30,801
1775447709573,key-17,2059
1775447709573,key-32,300
1775447709574,key-19,268
1775447709574,key-49,638
1775447709574,key-41,443
1775447709574,key-47,1252
1775447709574,key-49,638
1775447709575,key-26,4203
1775447709578,key-27,427
1775447709579,key-37,519
1775447709581,key-25,211
1775447709590,key-37,530
1775447709591,key-41,460
1775447709598,key-43,552
1775447709602,key-27,451
1775447709603,key-8,1493
1775447709603,key-47,1281
1775447709603,key-44,767
1775447709604,key-30,287
1775447709604,key-12,230
1775447709604,key-33,266
1775447709605,key-29,1397
1775447709605,key-42,3583
1775447709610,key-32,221
1775447709611,key-14,1238
1775447709625,key-19,319
1775447709627,key-20,1154
1775447709628,key-33,290
1775447709650,key-26,4278
1775447709651,key-33,313
1775447709652,key-22,824
1775447709652,key-33,314
1775447709652,key-40,1108
1775447709652,key-26,4280
1775447709653,key-8,1543
1775447709654,key-39,1600
1775447709655,key-5,541
1775447709655,key-37,254
1775447709657,key-6,2123
1775447709661,key-25,291
1775447709662,key-33,324
1775447709679,key-32,290
1775447709691,key-7,618
1775447709701,key-40,1157
1775447709702,key-10,1690
1775447709706,key-33,368
1775447709706,key-33,368
1775447709715,key-2,3278
1775447709716,key-36,1270
1775447709727,key-33,389
1775447709730,key-6,2196
1775447709733,key-44,897
1775447709738,key-26,4366
1775447709739,key-19,433
1775447709739,key-44,903
1775447709740,key-24,456
1775447709740,key-22,912
1775447709740,key-50,430
1775447709740,key-32,351
1775447709741,key-26,4369
1775447709745,key-26,4373
1775447709747,key-19,441
1775447709748,key-45,2165
1775447709749,key-11,843
1775447709751,key-31,483
1775447709752,key-37,351
1775447709752,key-41,621
1775447709752,key-6,2218
1775447709757,key-41,626
1775447709757,key-41,626
1775447709758,key-19,452
1775447709758,key-50,448
1775447709758,key-44,922
1775447709758,key-32,369
1775447709759,key-47,1437
1775447709760,key-12,386
1775447709760,key-17,356
1775447709760,key-49,824
1775447709760,key-28,888
1775447709760,key-32,371
1775447709761,key-48,176
1775447709761,key-23,180
1775447709761,key-27,610
1775447709765,key-27,614
1775447709765,key-19,459
1775447709765,key-25,173
1775447709766,key-31,164
1775447709766,key-25,174
1775447709767,key-3,173
1775447709767,key-49,831
1775447709780,key-29,1572
1775447709780,key-33,186
1775447709781,key-10,1769
1775447709783,key-41,177
1775447709783,key-39,1729
1775447709785,key-34,231
1775447709786,key-34,867
1775447709787,key-21,580
1775447709791,key-7,718
1775447709791,key-30,474
1775447709792,key-33,198
1775447709794,key-1,2730
1775447709794,key-41,188
1775447709795,key-50,485
1775447709795,key-30,478
1775447709797,key-32,408
1775447709797,key-33,203
1775447709798,key-13,2186
1775447709799,key-32,410
1775447709803,key-45,2220
1775447709805,key-47,1483
1775447709806,key-32,417
1775447709808,key-34,181
1775447709809,key-12,435
1775447709812,key-49,876
1775447709815,key-31,213
1775447709816,key-5,702
1775447709816,key-26,237
1775447709816,key-13,2204
1775447709817,key-41,686
1775447709817,key-44,981
1775447709817,key-30,500
1775447709826,key-4,497
1775447709840,key-40,1296
1775447709841,key-38,1310
1775447709841,key-41,235
1775447709843,key-11,937
1775447709845,key-26,266
1775447709849,key-5,735
1775447709850,key-38,1319
1775447709855,key-32,466
1775447709860,key-16,460
1775447709862,key-44,1026
1775447709862,key-27,237
1775447709866,key-37,465
1775447709866,key-14,1493
1775447709866,key-26,287
1775447709869,key-8,1759
1775447709869,key-27,244
1775447709874,key-19,568
1775447709879,key-36,1433
1775447709889,key-6,2355
1775447709894,key-32,505
1775447709899,key-10,1887
1775447709901,key-26,322
1775447709911,key-26,332
1775447709913,key-43,867
1775447709923,key-5,809
1775447709925,key-3,331
1775447709927,key-11,1021
1775447709928,key-3,334
1775447709930,key-32,541
1775447709933,key-46,557
1775447709943,key-39,1889
1775447709943,key-28,1071
1775447709949,key-31,347
1775447709951,key-32,562
1775447709954,key-49,1018
1775447709957,key-49,1021
1775447709958,key-39,1904
1775447709962,key-2,3525
1775447709966,key-49,1030
1775447709970,key-8,1860
1775447709982,key-19,676
1775447709986,key-39,1932
1775447709995,key-29,1787
1775447709996,key-10,1984
1775447709996,key-41,198
1775447710002,key-4,673
1775447710002,key-32,613
1775447710003,key-38,1472
1775447710003,key-47,1681
1775447710022,key-19,716
1775447710024,key-8,1914
1775447710025,key-47,1703
1775447710026,key-1,262
1775447710028,key-10,2016
1775447710028,key-30,711
1775447710028,key-24,231
1775447710028,key-32,639
1775447710028,key-34,401
1775447710029,key-14,1656
1775447710029,key-45,2446
1775447710029,key-46,653
1775447710029,key-46,653
1775447710030,key-13,2418
1775447710043,key-31,441
1775447710047,key-29,1839
1775447710060,key-19,754
1775447710061,key-13,2449
1775447710065,key-12,691
1775447710068,key-13,2456
1775447710072,key-30,755
1775447710073,key-31,471
1775447710073,key-31,471
1775447710073,key-5,959
1775447710074,key-13,2462
1775447710074,key-14,1701
1775447710074,key-27,449
1775447710075,key-25,483
1775447710077,key-31,475
1775447710081,key-11,1175
1775447710086,key-10,2074
1775447710086,key-29,1878
1775447710087,key-33,493
1775447710091,key-19,785
1775447710091,key-22,1263
1775447710095,key-31,493
1775447710111,key-37,710
1775447710111,key-44,1275
1775447710119,key-50,809
1775447710121,key-38,1590
1775447710122,key-16,212
1775447710124,key-50,814
1775447710124,key-16,214
1775447710125,key-32,736
1775447710125,key-49,263
1775447710125,key-12,751
1775447710126,key-1,362
1775447710126,key-30,809
1775447710126,key-21,919
1775447710126,key-16,216
1775447710126,key-43,329
1775447710127,key-41,329
1775447710127,key-8,2017
1775447710128,key-13,2516
1775447710128,key-32,739
1775447710129,key-14,1756
1775447710132,key-36,1686
1775447710133,key-49,1197
1775447710135,key-20,1662
1775447710144,key-26,565
1775447710153,key-26,574
1775447710155,key-2,3718
1775447710161,key-16,251
1775447710172,key-39,2118
1775447710177,key-4,848
1775447710177,key-48,592
1775447710177,key-32,788
1775447710177,key-21,258
1775447710178,key-47,317
1775447710179,key-44,1343
1775447710182,key-49,1246
1775447710183,key-12,809
1775447710183,key-5,1069
1775447710184,key-44,1348
1775447710184,key-19,878
1775447710198,key-10,2186
1775447710198,key-40,571
1775447710224,key-34,597
1775447710225,key-1,461
1775447710225,key-21,306
1775447710226,key-34,599
1775447710228,key-26,649
1775447710228,key-6,2694
1775447710228,key-2,3791
1775447710232,key-29,2024
1775447710233,key-32,844
1775447710237,key-32,848
1775447710237,key-43,440
1775447710242,key-15,2156
1775447710242,key-15,2156
1775447710242,key-31,640
1775447710243,key-39,2189
1775447710245,key-16,335
1775447710245,key-29,2037
1775447710250,key-49,388
1775447710254,key-12,880
1775447710259,key-19,953
1775447710259,key-1,495
1775447710268,key-35,664
1775447710268,key-34,641
1775447710273,key-13,2661
1775447710279,key-14,1906
1775447710281,key-27,656
1775447710282,key-11,1376
1775447710282,key-14,1909
1775447710283,key-12,909
1775447710283,key-46,907
1775447710283,key-11,1377
1775447710284,key-14,1911
1775447710286,key-41,488
1775447710290,key-24,203
1775447710293,key-46,917
1775447710293,key-21,374
1775447710293,key-5,1179
1775447710295,key-13,2683
1775447710295,key-19,989
1775447710295,key-49,433
1775447710297,key-13,2685
1775447710297,key-13,2685
1775447710298,key-16,388
1775447710298,key-33,704
1775447710298,key-29,218
1775447710298,key-29,2090
1775447710311,key-24,224
1775447710311,key-30,442
1775447710313,key-46,937
1775447710315,key-32,926
1775447710316,key-32,927
1775447710319,key-21,400
1775447710319,key-49,457
1775447710319,key-21,400
1775447710320,key-8,186
1775447710322,key-14,1949
1775447710323,key-20,1850
1775447710329,key-16,419
1775447710329,key-26,750
1775447710336,key-5,1222
1775447710336,key-26,757
1775447710337,key-12,963
1775447710337,key-14,1964
1775447710337,key-30,468
1775447710337,key-14,1964
1775447710337,key-32,948
1775447710338,key-30,469
1775447710338,key-36,1892
1775447710342,key-46,966
1775447710344,key-43,547
1775447710344,key-31,742
1775447710345,key-14,1972
1775447710348,key-4,164
1775447710349,key-25,757
1775447710349,key-30,480
1775447710350,key-14,1977
1775447710350,key-19,1044
1775447710350,key-4,166
1775447710354,key-23,503
1775447710357,key-1,593
1775447710359,key-27,734
1775447710365,key-26,786
1775447710366,key-39,2312
1775447710366,key-33,772
1775447710366,key-21,155
1775447710369,key-44,408
1775447710371,key-26,792
1775447710372,key-21,161
1775447710374,key-16,209
1775447710383,key-21,172
1775447710383,key-16,218
1775447710384,key-41,586
1775447710384,key-6,2850
1775447710387,key-26,808
1775447710396,key-17,992
1775447710396,key-5,183
1775447710401,key-8,267
1775447710404,key-38,280
1775447710408,key-5,1294
1775447710416,key-29,336
1775447710421,key-15,2335
1775447710421,key-34,794
1775447710421,key-12,1047
1775447710422,key-17,1018
1775447710423,key-1,659
1775447710424,key-38,300
1775447710428,key-12,1054
1775447710436,key-35,832
1775447710436,key-34,809
1775447710440,key-4,256
1775447710445,key-10,527
1775447710447,key-41,649
1775447710449,key-34,822
1775447710452,key-13,2840
1775447710454,key-2,4017
1775447710454,key-14,271
1775447710455,key-18,1091
1775447710459,key-21,248
1775447710460,key-37,1059
1775447710460,key-2,4023
1775447710463,key-13,2851
1775447710464,key-40,164
1775447710467,key-12,1093
1775447710467,key-14,284
1775447710469,key-12,1095
1775447710473,key-18,1109
1775447710474,key-30,605
1775447710479,key-13,2867
1775447710479,key-36,2033
1775447710484,key-39,2430
1775447710484,key-12,1110
1775447710484,key-33,890
1775447710485,key-17,1081
1775447710485,key-25,893
1775447710488,key-40,188
1775447710488,key-31,886
1775447710488,key-30,619
1775447710489,key-16,324
1775447710491,key-21,280
1775447710492,key-8,358
1775447710493,key-8,359
1775447710493,key-24,406
1775447710498,key-32,1109
1775447710499,key-21,288
1775447710501,key-32,1112
1775447710506,key-33,912
1775447710509,key-41,711
1775447710510,key-32,1121
1775447710511,key-30,642
1775447710511,key-14,328
1775447710511,key-4,327
1775447710517,key-29,177
1775447710519,key-23,668
1775447710520,key-8,386
1775447710520,key-5,307
1775447710523,key-39,162
1775447710524,key-4,340
1775447710524,key-21,313
1775447710527,key-1,763
1775447710528,key-24,441
1775447710528,key-4,344
1775447710534,key-49,672
1775447710535,key-49,673
1775447710538,key-3,944
1775447710539,key-19,1233
1775447710539,key-1,775
1775447710543,key-12,1169
1775447710544,key-39,183
1775447710548,key-16,383
1775447710549,key-44,588
1775447710549,key-6,3015
1775447710549,key-41,751
1775447710550,key-44,589
1775447710550,key-21,339
1775447710551,key-26,972
1775447710551,key-23,700
1775447710552,key-5,339
1775447710553,key-26,974
1775447710556,key-29,216
1775447710559,key-39,198
1775447710561,key-14,378
1775447710562,key-21,351
1775447710566,key-30,697
1775447710571,key-42,195
1775447710571,key-23,720
1775447710579,key-5,366
1775447710582,key-17,159
1775447710582,key-26,1003
1775447710583,key-44,622
1775447710583,key-48,179
1775447710583,key-34,956
1775447710584,key-48,180
1775447710587,key-38,203
1775447710588,key-17,165
1775447710595,key-48,191
1775447710600,key-1,836
1775447710600,key-12,1226
1775447710605,key-10,687
1775447710605,key-14,422
1775447710605,key-50,182
1775447710606,key-10,688
1775447710607,key-16,442
1775447710609,key-12,1235
1775447710610,key-5,397
1775447710612,key-26,1033
1775447710617,key-37,304
1775447710618,key-31,1016
1775447710619,key-6,3085
1775447710627,key-13,3015
1775447710629,key-30,760
1775447710630,key-18,1266
1775447710636,key-9,1011
1775447710637,key-13,3025
1775447710659,key-32,1270
1775447710660,key-47,799
1775447710664,key-24,577
1775447710664,key-16,499
1775447710669,key-12,1295
1775447710671,key-30,802
1775447710672,key-30,803
1775447710672,key-29,332
1775447710681,key-39,320
1775447710687,key-30,818
1775447710687,key-8,553
1775447710688,key-16,523
1775447710701,key-21,490
1775447710719,key-32,1330
1775447710740,key-7,1667
1775447710741,key-44,780
1775447710741,key-17,237
1775447710741,key-21,530
1775447710743,key-21,532
1775447710743,key-49,881
1775447710743,key-24,656
1775447710744,key-42,368
1775447710744,key-1,980
1775447710744,key-35,1140
1775447710744,key-4,560
1775447710744,key-39,383
1775447710744,key-12,1370
1775447710745,key-21,534
1775447710745,key-24,658
1775447710745,key-10,193
1775447710745,key-14,562
1775447710745,key-19,1439
1775447710745,key-10,193
1775447710746,key-32,1357
1775447710746,key-44,785
1775447710746,key-44,785
1775447710746,key-18,1382
1775447710746,key-2,4309
1775447710746,key-23,217
1775447710746,key-19,1440
1775447710747,key-29,407
1775447710747,key-19,1441
1775447710747,key-38,363
1775447710747,key-11,236
1775447710747,key-1,983
1775447710747,key-24,660
1775447710748,key-33,1154
1775447710753,key-26,1174
1775447710753,key-26,1174
1775447710773,key-11,262
1775447710779,key-48,375
1775447710779,key-38,395
1775447710780,key-41,982
1775447710780,key-42,404
1775447710785,key-1,226
1775447710785,key-21,574
1775447710785,key-17,281
1775447710787,key-50,364
1775447710787,key-5,574
1775447710792,key-34,1165
1775447710792,key-42,416
1775447710793,key-48,389
1775447710793,key-30,924
1775447710793,key-16,628
1775447710793,key-9,1168
1775447710794,key-38,410
1775447710794,key-26,204
1775447710794,key-27,1169
1775447710795,key-26,1216
1775447710796,key-29,456
1775447710796,key-39,435
1775447710796,key-1,1032
1775447710797,key-30,928
1775447710797,key-44,836
1775447710798,key-28,202
1775447710798,key-14,615
1775447710816,key-14,633
1775447710828,key-50,405
1775447710831,key-10,279
1775447710836,key-13,3224
1775447710837,key-1,278
1775447710839,key-31,234
1775447710839,key-12,1465
1775447710839,key-19,214
1775447710840,key-17,336
1775447710844,key-4,660
1775447710846,key-4,662
1775447710850,key-26,260
1775447710889,key-34,1262
1775447710890,key-31,285
1775447710890,key-14,707
1775447710890,key-9,1265
1775447710892,key-18,1528
1775447710893,key-31,288
1775447710896,key-24,809
1775447710897,key-24,810
1775447710897,key-12,1523
1775447710901,key-18,1537
1775447710901,key-16,736
1775447710902,key-16,737
1775447710903,key-30,1034
1775447710903,key-18,1539
1775447710903,key-13,3291
1775447710906,key-18,1542
1775447710906,key-18,1542
1775447710906,key-10,354
1775447710906,key-36,2460
1775447710906,key-39,545
1775447710906,key-44,945
1775447710907,key-30,1038
1775447710915,key-19,290
1775447710916,key-33,1322
1775447710917,key-14,169
1775447710917,key-2,4480
1775447710917,key-7,1844
1775447710917,key-30,1048
1775447710921,key-44,960
1775447710927,key-24,840
1775447710929,key-24,842
1775447710930,key-32,1541
1775447710930,key-44,969
1775447710930,key-26,340
1775447710932,key-17,158
1775447710932,key-1,373
1775447710933,key-26,343
1775447710933,key-23,404
1775447710938,key-41,177
1775447710938,key-26,348
1775447710939,key-38,555
1775447710940,key-50,517
1775447710940,key-10,388
1775447710940,key-48,536
1775447710944,key-48,540
1775447710944,key-19,319
1775447710947,key-47,1086
1775447710951,key-16,786
1775447710953,key-1,394
1775447710954,key-16,789
1775447710954,key-15,2868
1775447710956,key-1,397
1775447710957,key-47,170
1775447710960,key-14,212
1775447710964,key-47,177
1775447710965,key-25,1373
1775447710967,key-43,683
1775447710972,key-29,371
1775447710972,key-13,3360
1775447710972,key-1,413
1775447710977,key-42,601
1775447710982,key-28,386
1775447710983,key-1,424
1775447710983,key-42,607
1775447710984,key-14,236
1775447710984,key-29,383
1775447710984,key-1,425
1775447710985,key-13,3373
1775447710988,key-40,688
1775447710988,key-14,240
1775447710988,key-50,565
1775447710991,key-31,386
1775447710991,key-30,1122
1775447710991,key-11,480
1775447710992,key-14,244
1775447710995,key-17,221
1775447710998,key-10,446
1775447710999,key-1,440
1775447711001,key-14,253
1775447711002,key-17,228
1775447711008,key-13,3396
1775447711011,key-4,827
1775447711012,key-10,460
1775447711017,key-1,458
1775447711022,key-39,223
1775447711022,key-3,1428
1775447711030,key-40,730
1775447711032,key-39,233
1775447711034,key-12,1660
1775447711035,key-26,445
1775447711035,key-31,430
1775447711035,key-28,439
1775447711041,key-27,449
1775447711044,key-46,1668
1775447711054,key-14,306
1775447711056,key-44,1095
1775447711057,key-27,465
1775447711060,key-14,312
1775447711061,key-13,3449
1775447711061,key-18,1697
1775447711062,key-18,1698
1775447711063,key-16,898
1775447711071,key-44,1110
1775447711074,key-30,1205
1775447711083,key-13,3471
1775447711084,key-27,492
1775447711085,key-30,1216
1775447711085,key-37,772
1775447711087,key-33,1493
1775447711087,key-47,300
1775447711089,key-17,156
1775447711089,key-4,905
1775447711092,key-34,1465
1775447711093,key-24,1006
1775447711094,key-38,710
1775447711099,key-25,242
1775447711099,key-23,570
1775447711100,key-44,1139
1775447711105,key-6,160
1775447711105,key-26,515
1775447711110,key-46,1734
1775447711114,key-30,1245
1775447711117,key-1,558
1775447711118,key-19,278
1775447711119,key-48,715
1775447711124,key-1,565
1775447711125,key-18,1761
1775447711126,key-19,286
1775447711126,key-41,365
1775447711126,key-25,269
1775447711127,key-38,743
1775447711131,key-1,572
1775447711132,key-13,3520
1775447711139,key-39,166
1775447711140,key-18,1776
1775447711140,key-43,856
1775447711140,key-1,581
1775447711143,key-1,584
1775447711143,key-41,382
1775447711144,key-40,844
1775447711144,key-42,768
1775447711144,key-39,171
1775447711145,key-40,845
1775447711149,key-17,216
1775447711149,key-1,590
1775447711151,key-35,1547
1775447711153,key-14,405
1775447711155,key-20,175
1775447711156,key-10,604
1775447711156,key-42,780
1775447711156,key-40,856
1775447711156,key-1,597
1775447711156,key-40,856
1775447711161,key-50,738
1775447711161,key-1,602
1775447711163,key-20,183
1775447711166,key-42,790
1775447711170,key-13,3558
1775447711170,key-5,957
1775447711170,key-11,659
1775447711172,key-24,1085
1775447711173,key-14,425
1775447711174,key-10,622
1775447711176,key-43,892
1775447711183,key-4,999
1775447711186,key-49,1324
1775447711186,key-39,213
1775447711186,key-1,627
1775447711186,key-16,1021
1775447711190,key-47,403
1775447711191,key-45,3608
1775447711192,key-1,633
1775447711193,key-37,880
1775447711195,key-4,1011
1775447711196,key-3,1602
1775447711196,key-4,1012
1775447711196,key-22,377
1775447711201,key-1,642
1775447711203,key-27,611
1775447711211,key-49,1349
1775447711211,key-39,238
1775447711213,key-39,240
1775447711221,key-31,616
1775447711225,key-16,1060
1775447711229,key-12,1855
1775447711229,key-2,4792
1775447711231,key-28,635
1775447711238,key-16,1073
1775447711240,key-14,492
1775447711241,key-44,1280
1775447711241,key-16,1076
1775447711243,key-22,424
1775447711245,key-41,232
1775447711246,key-14,498
1775447711247,key-39,274
1775447711250,key-1,691
1775447711250,key-47,463
1775447711250,key-4,1066
1775447711251,key-33,1657
1775447711251,key-13,3639
1775447711251,key-13,3639
1775447711254,key-23,725
1775447711262,key-37,949
1775447711266,key-37,953
1775447711268,key-21,1057
1775447711271,key-46,1895
1775447711272,key-4,1088
1775447711274,key-38,890
1775447711276,key-19,436
1775447711279,key-42,167
1775447711279,key-36,2833
1775447711286,key-1,727
1775447711287,key-3,1693
1775447711287,key-8,1153
1775447711287,key-39,160
1775447711288,key-30,175
1775447711292,key-30,179
1775447711294,key-13,3682
1775447711298,key-47,511
1775447711301,key-39,174
1775447711305,key-41,199
1775447711306,key-1,747
1775447711306,key-43,1022
1775447711307,key-39,180
1775447711308,key-26,718
1775447711312,key-25,455
1775447711312,key-43,1028
1775447711313,key-43,1029
1775447711313,key-18,1949
1775447711319,key-15,3233
1775447711319,key-6,205
1775447711321,key-42,209
1775447711321,key-21,1110
1775447711330,key-14,582
1775447711332,key-13,3720
1775447711332,key-42,220
1775447711333,key-16,1168
1775447711333,key-46,181
1775447711339,key-11,318
1775447711339,key-20,359
1775447711339,key-20,359
1775447711339,key-50,916
1775447711339,key-43,1055
1775447711340,key-42,228
1775447711341,key-11,320
1775447711344,key-33,1750
1775447711348,key-43,1064
1775447711349,key-5,1136
1775447711349,key-28,174
1775447711351,key-37,1038
1775447711352,key-3,155
1775447711352,key-16,1187
1775447711354,key-46,202
1775447711357,key-43,1073
1775447711362,key-13,3750
1775447711370,key-25,513
1775447711371,key-49,1509
1775447711371,key-1,812
1775447711372,key-28,197
1775447711372,key-1,813
1775447711372,key-16,1207
1775447711373,key-46,221
1775447711375,key-25,518
1775447711376,key-3,179
1775447711376,key-39,249
1775447711377,key-49,1515
1775447711383,key-45,191
1775447711385,key-27,793
1775447711393,key-22,574
1775447711400,key-3,203
1775447711400,key-4,1216
1775447711400,key-14,652
1775447711400,key-2,4963
1775447711401,key-1,842
1775447711401,key-17,468
1775447711402,key-22,583
1775447711406,key-14,658
1775447711407,key-39,154
1775447711413,key-39,160
1775447711414,key-14,666
1775447711415,key-47,628
1775447711416,key-47,629
1775447711417,key-39,290
1775447711418,key-1,859
1775447711419,key-1,860
1775447711419,key-24,166
1775447711420,key-41,314
1775447711420,key-41,314
1775447711421,key-23,892
1775447711422,key-27,830
1775447711423,key-48,1019
1775447711424,key-45,232
1775447711433,key-4,1249
1775447711433,key-13,3821
1775447711433,key-13,3821
1775447711434,key-47,647
1775447711434,key-36,2988
1775447711440,key-36,2994
1775447711443,key-36,2997
1775447711445,key-8,1311
1775447711450,key-36,3004
1775447711454,key-47,667
1775447711455,key-3,258
1775447711460,key-36,3014
1775447711460,key-38,1076
1775447711462,key-38,1078
1775447711466,key-34,1839
1775447711469,key-29,288
1775447711471,key-41,187
1775447711471,key-26,881
1775447711474,key-13,3862
1775447711476,key-10,924
1775447711477,key-43,158
1775447711480,key-13,3868
1775447711485,key-46,333
1775447711487,key-32,2098
1775447711488,key-42,376
1775447711490,key-5,1277
1775447711491,key-1,932
1775447711493,key-37,1180
1775447711496,key-34,1869
1775447711499,key-46,347
1775447711503,key-5,1290
1775447711504,key-5,1291
1775447711504,key-46,352
1775447711505,key-16,1340
1775447711505,key-16,1340
1775447711505,key-50,1082
1775447711510,key-8,1376
1775447711511,key-22,692
1775447711511,key-50,1088
1775447711511,key-20,531
1775447711512,key-43,193
1775447711519,key-20,539
1775447711522,key-25,665
1775447711525,key-11,504
1775447711526,key-25,669
1775447711526,key-46,374
1775447711527,key-8,1393
1775447711528,key-25,671
1775447711533,key-20,553
1775447711538,key-46,386
1775447711539,key-49,280
1775447711540,key-16,1375
1775447711540,key-41,256
1775447711541,key-43,222
1775447711542,key-25,685
1775447711544,key-8,1410
1775447711547,key-25,690
1775447711557,key-14,809
1775447711558,key-39,305
1775447711562,key-27,176
1775447711566,key-31,961
1775447711566,key-17,633
1775447711568,key-11,547
1775447711570,key-49,311
1775447711571,key-47,784
1775447711571,key-39,318
1775447711572,key-42,460
1775447711572,key-16,157
1775447711573,key-5,1360
1775447711575,key-39,322
1775447711579,key-32,2190
1775447711579,key-37,1266
1775447711579,key-47,792
1775447711579,key-48,162
1775447711584,key-45,392
1775447711586,key-39,333
1775447711588,key-47,801
1775447711588,key-2,180
1775447711593,key-41,309
1775447711597,key-34,230
1775447711597,key-37,1284
1775447711600,key-47,813
1775447711600,key-20,620
1775447711601,key-47,814
1775447711601,key-48,184
1775447711603,key-4,208
1775447711607,key-41,323
1775447711608,key-41,324
1775447711608,key-12,516
1775447711613,key-22,217
1775447711616,key-35,2012
1775447711618,key-22,222
1775447711624,key-36,3178
1775447711624,key-13,4012
1775447711624,key-1,1065
1775447711627,key-36,3181
1775447711630,key-47,843
1775447711635,key-28,460
1775447711635,key-8,1501
1775447711640,key-43,321
1775447711640,key-29,459
1775447711640,key-26,1050
1775447711642,key-36,3196
1775447711643,key-5,1430
1775447711643,key-23,310
1775447711645,key-12,189
1775447711647,key-47,860
1775447711647,key-6,533
1775447711648,key-1,1089
1775447711653,key-26,1063
1775447711653,key-41,369
1775447711662,key-23,329
1775447711662,key-17,729
1775447711668,key-8,1534
1775447711669,key-28,494
1775447711672,key-4,277
1775447711672,key-38,1288
1775447711672,key-43,353
1775447711673,key-32,2284
1775447711673,key-11,652
1775447711673,key-30,560
1775447711673,key-1,1114
1775447711680,key-5,174
1775447711682,key-49,423
1775447711683,key-2,275
1775447711683,key-23,350
1775447711683,key-36,3237
1775447711683,key-3,486
1775447711696,key-46,544
1775447711696,key-5,190
1775447711697,key-8,1563
1775447711697,key-8,1563
1775447711698,key-36,3252
1775447711698,key-25,841
1775447711699,key-48,282
1775447711705,key-1,156
1775447711713,key-8,1579
1775447711714,key-8,1580
1775447711715,key-11,694
1775447711722,key-25,865
1775447711723,key-43,404
1775447711727,key-27,341
1775447711727,key-49,468
1775447711728,key-11,707
1775447711733,key-31,286
1775447711734,key-50,1311
1775447711735,key-27,349
1775447711735,key-43,416
1775447711736,key-1,187
1775447711737,key-21,1526
1775447711737,key-1,188
1775447711739,key-32,2350
1775447711742,key-5,174
1775447711743,key-16,328
1775447711745,key-9,294
1775447711747,key-48,330
1775447711752,key-49,493
1775447711756,key-11,735
1775447711758,key-34,391
1775447711758,key-20,778
1775447711761,key-20,781
1775447711764,key-37,1451
1775447711765,key-43,446
1775447711765,key-41,481
1775447711765,key-41,481
1775447711765,key-25,908
1775447711766,key-47,979
1775447711769,key-2,361
1775447711770,key-48,353
1775447711771,key-47,984
1775447711776,key-12,320
1775447711777,key-5,209
1775447711777,key-16,362
1775447711782,key-41,498
1775447711782,key-1,233
1775447711784,key-3,177
1775447711788,key-1,239
1775447711788,key-48,371
1775447711789,key-48,372
1775447711789,key-39,323
1775447711794,key-43,175
1775447711798,key-42,686
1775447711799,key-28,624
1775447711801,key-36,3355
1775447711802,key-1,253
1775447711807,key-36,3361
1775447711808,key-11,787
1775447711808,key-39,342
1775447711815,key-1,266
1775447711816,key-23,483
1775447711817,key-6,703
1775447711821,key-37,1508
1775447711822,key-32,2433
1775447711828,key-17,895
1775447711829,key-41,545
1775447711829,key-2,421
1775447711830,key-26,1240
1775447711831,key-8,1697
1775447711832,key-4,437
1775447711836,key-17,903
1775447711836,key-22,156
1775447711838,key-11,817
1775447711842,key-22,446
1775447711843,key-50,1420
1775447711843,key-23,510
1775447711853,key-23,520
1775447711853,key-45,310
1775447711853,key-13,4241
1775447711853,key-50,1430
1775447711853,key-33,198
1775447711854,key-32,2465
1775447711854,key-30,741
1775447711854,key-2,446
1775447711862,key-1,313
1775447711862,key-13,4250
1775447711863,key-3,219
1775447711868,key-46,716
1775447711870,key-15,3784
1775447711870,key-22,190
1775447711870,key-48,453
1775447711874,key-23,541
1775447711875,key-8,1741
1775447711875,key-24,622
1775447711876,key-30,763
1775447711876,key-36,3430
1775447711876,key-8,1742
1775447711882,key-14,1134
1775447711883,key-30,770
1775447711887,key-38,1503
1775447711888,key-43,269
1775447711895,key-22,215
1775447711904,key-25,1047
1775447711910,key-1,361
1775447711915,key-15,173
1775447711915,key-22,172
1775447711915,key-32,2526
1775447711915,key-50,1492
1775447711916,key-23,583
1775447711916,key-28,741
1775447711921,key-16,506
1775447711921,key-20,941
1775447711925,key-25,155
1775447711925,key-11,904
1775447711929,key-42,817
1775447711930,key-48,513
1775447711931,key-25,161
1775447711937,key-47,1150
1775447711940,key-38,1556
1775447711943,key-15,182
1775447711947,key-8,1813
1775447711947,key-44,204
1775447711947,key-20,967
1775447711948,key-9,497
1775447711949,key-49,690
1775447711950,key-20,970
1775447711954,key-26,158
1775447711955,key-48,538
1775447711956,key-41,672
1775447711962,key-11,941
1775447711963,key-16,548
1775447711963,key-49,704
1775447711964,key-29,163
1775447711965,key-48,548
1775447711968,key-29,167
1775447711972,key-48,555
1775447711973,key-48,556
1775447711973,key-36,3527
1775447711974,key-36,3528
1775447711975,key-39,509
1775447711975,key-34,608
1775447711976,key-25,206
1775447711988,key-11,967
1775447711989,key-25,177
1775447711989,key-25,177
1775447711989,key-12,533
1775447711990,key-43,371
1775447711990,key-17,1057
1775447711995,key-39,529
1775447711997,key-12,541
1775447712001,key-47,1214
1775447712006,key-39,540
1775447712007,key-6,893
1775447712010,key-36,3564
1775447712020,key-2,612
1775447712022,key-12,174
1775447712023,key-50,1600
1775447712024,key-29,223
1775447712024,key-32,2635
1775447712025,key-23,692
1775447712029,key-1,480
1775447712030,key-46,878
1775447712031,key-39,565
1775447712031,key-3,387
1775447712031,key-3,387
1775447712035,key-39,569
1775447712036,key-1,487
1775447712037,key-31,590
1775447712037,key-14,1289
1775447712041,key-1,492
1775447712042,key-4,647
1775447712042,key-32,2653
1775447712043,key-37,1730
1775447712044,key-41,760
1775447712045,key-3,401
1775447712053,key-43,434
1775447712053,key-22,310
1775447712054,key-17,1121
1775447712054,key-25,242
1775447712055,key-15,294
1775447712056,key-11,1035
1775447712057,key-5,195
1775447712057,key-50,1634
1775447712059,key-3,415
1775447712065,key-22,322
1775447712066,key-48,649
1775447712072,key-15,311
1775447712076,key-38,1692
1775447712082,key-25,270
1775447712083,key-23,750
1775447712087,key-23,754
1775447712087,key-24,834
1775447712088,key-33,433
1775447712094,key-25,282
1775447712094,key-25,282
1775447712095,key-20,1115
1775447712096,key-28,201
1775447712098,key-41,814
1775447712102,key-47,1315
1775447712102,key-28,207
1775447712102,key-14,1354
1775447712103,key-9,214
1775447712103,key-8,1969
1775447712104,key-47,1317
1775447712104,key-25,292
1775447712104,key-20,1124
1775447712107,key-28,212
1775447712111,key-11,1090
1775447712114,key-35,183
1775447712114,key-24,861
1775447712120,key-40,215
1775447712121,key-25,309
1775447712121,key-43,502
1775447712122,key-28,227
1775447712125,key-48,708
1775447712125,key-1,576
1775447712130,key-15,369
1775447712132,key-36,3686
1775447712133,key-48,716
1775447712139,key-36,3693
1775447712140,key-26,344
1775447712140,key-26,344
1775447712150,key-38,1766
1775447712151,key-48,734
1775447712152,key-16,737
1775447712153,key-11,1132
1775447712153,key-11,1132
1775447712154,key-50,1731
1775447712158,key-1,167
1775447712159,key-31,712
1775447712160,key-11,1139
1775447712163,key-48,746
1775447712164,key-16,749
1775447712165,key-36,3719
1775447712171,key-11,1150
1775447712172,key-8,2038
1775447712180,key-12,332
1775447712181,key-36,3735
1775447712194,key-6,1080
1775447712199,key-1,208
1775447712201,key-41,917
1775447712201,key-27,284
1775447712203,key-17,1270
1775447712208,key-49,949
1775447712209,key-49,950
1775447712210,key-43,591
1775447712210,key-43,184
1775447712211,key-3,567
1775447712212,key-14,1464
1775447712219,key-31,772
1775447712220,key-9,331
1775447712221,key-46,1069
1775447712221,key-5,359
1775447712221,key-32,2832
1775447712222,key-3,578
1775447712222,key-41,166
1775447712223,key-50,1800
1775447712225,key-41,941
1775447712228,key-31,781
1775447712229,key-37,1916
1775447712229,key-41,173
1775447712229,key-35,298
1775447712229,key-14,1481
1775447712229,key-22,486
1775447712230,key-37,1917
1775447712231,key-43,205
1775447712231,key-3,587
1775447712236,key-25,424
1775447712245,key-18,745
1775447712246,key-3,602
1775447712246,key-41,190
1775447712246,key-15,485
1775447712247,key-17,1314
1775447712247,key-22,504
1775447712252,key-39,786
1775447712258,key-33,603
1775447712271,key-20,1291
1775447712272,key-24,196
1775447712272,key-24,168
1775447712272,key-25,460
1775447712273,key-31,826
1775447712276,key-3,632
1775447712276,key-28,381
1775447712279,key-47,1492
1775447712279,key-11,1258
1775447712279,key-28,384
1775447712281,key-17,1348
1775447712285,key-47,1498
1775447712297,key-5,435
1775447712297,key-29,496
1775447712297,key-23,964
1775447712299,key-29,498
1775447712301,key-33,646
1775447712302,key-33,647
1775447712303,key-20,1323
1775447712303,key-8,2169
1775447712303,key-44,560
1775447712305,key-20,1325
1775447712308,key-28,413
1775447712309,key-6,1195
1775447712310,key-48,303
1775447712314,key-12,466
1775447712320,key-25,508
1775447712321,key-28,426
1775447712323,key-11,1302
1775447712323,key-16,238
1775447712324,key-31,877
1775447712324,key-7,175
1775447712324,key-16,239
1775447712325,key-26,529
1775447712325,key-36,3879
1775447712327,key-42,1215
1775447712328,key-11,1307
1775447712328,key-24,224
1775447712330,key-24,176
1775447712339,key-8,2205
1775447712340,key-11,1319
1775447712344,key-12,496
1775447712352,key-31,905
1775447712352,key-24,248
1775447712353,key-14,1605
1775447712354,key-50,1931
1775447712358,key-36,3912
1775447712358,key-11,1337
1775447712360,key-36,3914
1775447712361,key-48,207
1775447712363,key-25,551
1775447712364,key-48,210
1775447712371,key-31,924
1775447712372,key-27,455
1775447712373,key-11,1352
1775447712373,key-22,205
1775447712375,key-35,444
1775447712377,key-49,1118
1775447712378,key-48,224
1775447712382,key-49,1123
1775447712383,key-10,1831
1775447712385,key-37,2072
1775447712387,key-9,498
1775447712388,key-16,303
1775447712390,key-16,305
1775447712392,key-25,580
1775447712393,key-50,1970
1775447712395,key-8,2261
1775447712397,key-35,466
1775447712398,key-14,1650
1775447712398,key-21,159
1775447712399,key-41,343
1775447712406,key-41,350
1775447712407,key-37,2094
1775447712409,key-37,2096
1775447712409,key-19,589
1775447712411,key-45,868
1775447712416,key-35,485
1775447712416,key-33,761
1775447712416,key-43,390
1775447712417,key-32,3028
1775447712417,key-21,178
1775447712418,key-22,250
1775447712419,key-41,363
1775447712419,key-39,953
1775447712423,key-46,1271
1775447712425,key-38,172
1775447712433,key-48,163
1775447712437,key-43,411
1775447712438,key-10,1886
1775447712441,key-47,1654
1775447712446,key-30,1333
1775447712448,key-21,209
1775447712449,key-47,1662
1775447712452,key-3,353
1775447712453,key-34,247
1775447712454,key-18,954
1775447712457,key-37,2144
1775447712461,key-45,918
1775447712470,key-17,1537
1775447712474,key-28,579
1775447712476,key-29,675
1775447712477,key-28,582
1775447712477,key-20,1497
1775447712478,key-28,583
1775447712480,key-14,1732
1775447712481,key-33,826
1775447712481,key-45,938
1775447712485,key-36,229
1775447712486,key-11,1465
1775447712490,key-11,1469
1775447712496,key-30,1383
1775447712496,key-8,2362
1775447712496,key-46,1344
1775447712497,key-25,685
1775447712497,key-3,176
1775447712497,key-11,1476
1775447712502,key-24,348
1775447712502,key-4,1107
1775447712504,key-20,1524
1775447712504,key-42,1392
1775447712508,key-21,269
1775447712508,key-12,660
1775447712509,key-8,2375
1775447712511,key-42,1399
1775447712513,key-31,1066
1775447712513,key-8,2379
1775447712515,key-24,361
1775447712515,key-1,524
1775447712521,key-11,1500
1775447712522,key-29,721
1775447712522,key-42,1410
1775447712529,key-24,375
1775447712531,key-48,261
1775447712532,key-15,771
1775447712533,key-10,168
1775447712537,key-50,2114
1775447712542,key-25,730
1775447712543,key-24,389
1775447712543,key-14,257
1775447712548,key-10,183
1775447712554,key-35,286
1775447712554,key-49,1295
1775447712554,key-20,1574
1775447712554,key-26,165
1775447712556,key-14,270
1775447712556,key-41,500
1775447712560,key-26,292
1775447712562,key-11,1541
1775447712563,key-35,295
1775447712564,key-26,296
1775447712564,key-37,2251
1775447712564,key-41,508
1775447712567,key-25,755
1775447712567,key-16,482
1775447712571,key-37,2258
1775447712571,key-41,515
1775447712572,key-37,2259
1775447712573,key-6,1459
1775447712576,key-11,1555
1775447712577,key-32,3188
1775447712577,key-21,338
1775447712580,key-34,374
1775447712581,key-19,761
1775447712587,key-41,531
1775447712587,key-37,2274
1775447712587,key-14,301
1775447712592,key-41,536
1775447712593,key-37,2280
1775447712597,key-45,1054
1775447712599,key-38,346
1775447712601,key-26,212
1775447712603,key-46,1451
1775447712606,key-12,758
1775447712608,key-32,3219
1775447712610,key-33,955
1775447712612,key-47,1825
1775447712612,key-41,556
1775447712615,key-39,1149
1775447712620,key-38,367
1775447712620,key-43,594
1775447712622,key-43,596
1775447712623,key-43,597
1775447712623,key-34,417
1775447712629,key-12,781
1775447712631,key-20,1651
1775447712631,key-41,575
1775447712633,key-37,2320
1775447712637,key-43,611
1775447712639,key-45,1096
1775447712639,key-21,400
1775447712641,key-36,165
1775447712644,key-3,323
1775447712646,key-19,826
1775447712648,key-20,1668
1775447712650,key-17,1717
1775447712657,key-24,503
1775447712658,key-14,372
1775447712663,key-29,862
1775447712664,key-4,1269
1775447712664,key-17,1731
1775447712665,key-28,770
1775447712666,key-9,777
1775447712666,key-24,512
1775447712667,key-25,855
1775447712675,key-3,354
1775447712675,key-18,1175
1775447712675,key-41,619
1775447712676,key-12,828
1775447712676,key-24,522
1775447712676,key-8,2542
1775447712679,key-30,1566
1775447712685,key-24,531
1775447712685,key-22,517
1775447712685,key-4,1290
1775447712687,key-21,448
1775447712687,key-29,886
1775447712687,key-12,839
1775447712694,key-47,1907
1775447712695,key-32,3306
1775447712696,key-15,935
1775447712698,key-14,412
1775447712699,key-14,413
1775447712699,key-42,1587
1775447712700,key-24,546
1775447712701,key-4,1306
1775447712708,key-10,343
1775447712718,key-24,564
1775447712718,key-14,165
1775447712724,key-25,912
1775447712725,key-37,2412
1775447712726,key-14,173
1775447712731,key-25,919
1775447712738,key-6,1624
1775447712739,key-38,486
1775447712739,key-41,683
1775447712740,key-43,714
1775447712741,key-26,352
1775447712741,key-45,1198
1775447712742,key-14,189
1775447712742,key-25,930
1775447712743,key-19,923
1775447712744,key-37,2431
1775447712744,key-11,1723
1775447712745,key-29,944
1775447712747,key-7,538
1775447712751,key-11,1730
1775447712751,key-25,939
1775447712751,key-32,3362
1775447712751,key-16,666
1775447712752,key-26,363
1775447712752,key-26,363
1775447712752,key-31,1305
1775447712754,key-11,1733
1775447712755,key-20,1775
1775447712761,key-41,705
1775447712763,key-17,1830
1775447712768,key-35,500
1775447712775,key-21,536
1775447712776,key-27,434
1775447712777,key-33,1122
1775447712778,key-41,722
1775447712778,key-4,1383
1775447712785,key-3,464
1775447712786,key-26,397
1775447712790,key-21,551
1775447712796,key-41,740
1775447712818,key-38,565
1775447712819,key-47,2032
1775447712819,key-19,999
1775447712819,key-37,2506
1775447712820,key-14,267
1775447712820,key-38,567
1775447712820,key-19,1000
1775447712820,key-12,972
1775447712820,key-37,2507
1775447712820,key-7,611
1775447712821,key-28,926
1775447712821,key-11,1800
1775447712821,key-24,667
1775447712821,key-45,1278
1775447712821,key-3,500
1775447712822,key-11,1801
1775447712823,key-44,1080
1775447712823,key-19,1003
1775447712826,key-20,1846
1775447712827,key-15,1066
1775447712831,key-41,775
1775447712835,key-13,5223
1775447712837,key-3,516
1775447712837,key-12,989
1775447712839,key-24,685
1775447712840,key-46,1688
1775447712845,key-24,691
1775447712846,key-26,457
1775447712847,key-8,323
1775447712851,key-4,1456
1775447712853,key-5,991
1775447712853,key-4,1458
1775447712855,key-24,701
1775447712858,key-29,1057
1775447712866,key-23,1533
1775447712870,key-41,814
1775447712870,key-32,3481
1775447712871,key-43,168
1775447712871,key-5,1009
1775447712872,key-14,319
1775447712872,key-30,1759
1775447712872,key-14,319
1775447712874,key-18,1374
1775447712884,key-14,331
1775447712885,key-42,1773
1775447712885,key-42,1773
1775447712894,key-25,1082
1775447712894,key-4,1499
1775447712895,key-45,1352
1775447712896,key-43,193
1775447712897,key-24,743
1775447712897,key-26,188
1775447712898,key-14,345
1775447712907,key-38,654
1775447712908,key-14,355
1775447712909,key-26,200
1775447712915,key-30,1802
1775447712917,key-37,2604
1775447712918,key-9,1029
1775447712919,key-14,366
1775447712919,key-11,1898
1775447712921,key-29,1120
1775447712923,key-2,1515
1775447712924,key-25,1112
1775447712924,key-26,215
1775447712928,key-12,1080
1775447712930,key-49,1671
1775447712932,key-37,2619
1775447712936,key-37,2623
1775447712936,key-34,730
1775447712936,key-24,782
1775447712937,key-7,728
1775447712940,key-33,1285
1775447712940,key-3,161
1775447712944,key-16,859
1775447712946,key-25,1134
1775447712950,key-20,1970
1775447712951,key-17,2018
1775447712951,key-37,2638
1775447712952,key-20,1972
1775447712953,key-5,1091
1775447712954,key-11,1933
1775447712960,key-41,904
1775447712963,key-11,1942
1775447712966,key-11,1945
1775447712971,key-25,1159
1775447712974,key-36,195
1775447712974,key-3,195
1775447712975,key-31,1528
1775447712976,key-27,634
1775447712976,key-3,197
1775447712979,key-12,1131
1775447712980,key-38,157
1775447712983,key-29,1182
1775447712983,key-23,1650
1775447712987,key-4,1592
1775447712987,key-27,645
1775447712988,key-19,278
1775447712990,key-32,3601
1775447712994,key-33,1339
1775447712995,key-41,939
1775447712995,key-20,2015
1775447712995,key-1,1004
1775447712998,key-15,1237
1775447712998,key-41,942
1775447712998,key-3,219
1775447713001,key-13,5389
1775447713003,key-15,1242
1775447713008,key-47,2221
1775447713013,key-20,2033
1775447713021,key-28,243
1775447713024,key-13,5412
1775447713026,key-46,203
1775447713026,key-19,316
1775447713031,key-5,1169
1775447713032,key-8,508
1775447713038,key-43,335
1775447713038,key-5,1176
1775447713040,key-18,1540
1775447713041,key-7,832
1775447713042,key-48,634
1775447713042,key-21,170
1775447713043,key-4,1648
1775447713049,key-5,1187
1775447713049,key-24,895
1775447713049,key-41,993
1775447713050,key-42,1938
1775447713051,key-19,341
1775447713053,key-38,163
1775447713054,key-25,1242
1775447713056,key-38,166
1775447713062,key-14,275
1775447713062,key-14,275
1775447713063,key-19,353
1775447713063,key-45,1520
1775447713063,key-44,1320
1775447713064,key-14,277
1775447713067,key-14,280
1775447713068,key-42,1956
1775447713069,key-26,360
1775447713074,key-17,2141
1775447713075,key-38,159
1775447713078,key-8,554
1775447713080,key-46,257
1775447713085,key-30,1972
1775447713086,key-37,2773
1775447713091,key-14,304
1775447713095,key-37,2782
1775447713099,key-3,162
1775447713106,key-21,234
1775447713107,key-33,187
1775447713107,key-37,2794
1775447713107,key-25,1295
1775447713107,key-49,1848
1775447713109,key-5,1247
1775447713109,key-37,2796
1775447713110,key-43,407
1775447713111,key-21,155
1775447713113,key-37,2800
1775447713115,key-37,2802
1775447713118,key-24,964
1775447713120,key-1,1129
1775447713122,key-37,2809
1775447713123,key-11,2102
1775447713123,key-20,2143
1775447713124,key-6,2010
1775447713124,key-41,1068
1775447713126,key-20,2146
1775447713130,key-32,3741
1775447713130,key-11,2109
1775447713130,key-21,174
1775447713130,key-24,976
1775447713131,key-17,2198
1775447713135,key-35,219
1775447713140,key-33,220
1775447713142,key-7,933
1775447713145,key-11,2124
1775447713146,key-38,230
1775447713147,key-29,1346
1775447713147,key-7,938
1775447713153,key-27,811
1775447713154,key-19,216
1775447713155,key-32,3766
1775447713157,key-42,2045
1775447713158,key-19,220
1775447713160,key-19,222
1775447713163,key-3,226
1775447713163,key-10,155
1775447713165,key-13,5553
1775447713166,key-40,1261
1775447713166,key-17,2233
1775447713173,key-15,1412
1775447713174,key-29,1373
1775447713176,key-19,238
1775447713181,key-15,1420
1775447713183,key-5,1321
1775447713186,key-28,408
1775447713186,key-20,2206
1775447713186,key-43,483
1775447713187,key-28,409
1775447713193,key-50,2770
1775447713201,key-29,1400
1775447713205,key-42,2093
1775447713208,key-41,1152
1775447713209,key-40,1304
1775447713210,key-42,2098
1775447713218,key-38,302
1775447713218,key-25,1406
1775447713218,key-41,1162
1775447713224,key-36,235
1775447713224,key-15,1463
1775447713225,key-44,1482
1775447713225,key-21,269
1775447713227,key-32,195
1775447713228,key-42,2116
1775447713229,key-29,1428
1775447713229,key-47,172
1775447713230,key-45,1687
1775447713233,key-25,1421
1775447713234,key-14,273
1775447713237,key-38,321
1775447713237,key-38,321
1775447713240,key-25,161
1775447713241,key-38,325
1775447713241,key-7,1032
1775447713242,key-45,1699
1775447713247,key-6,2133
1775447713249,key-19,311
1775447713249,key-14,288
1775447713253,key-14,292
1775447713253,key-38,337
1775447713253,key-31,1806
1775447713255,key-17,2322
1775447713256,key-14,295
1775447713258,key-15,1497
1775447713259,key-14,298
1775447713260,key-8,736
1775447713264,key-21,308
1775447713264,key-37,2951
1775447713264,key-49,2005
1775447713265,key-6,2151
1775447713269,key-35,230
1775447713270,key-38,354
1775447713273,key-37,2960
1775447713281,key-4,1886
1775447713283,key-34,200
1775447713286,key-3,349
1775447713291,key-20,2311
1775447713291,key-20,2311
1775447713292,key-20,2312
1775447713300,key-8,167
1775447713300,key-17,2367
1775447713303,key-38,387
1775447713306,key-32,274
1775447713307,key-33,387
1775447713307,key-32,275
1775447713310,key-41,1254
1775447713317,key-32,285
1775447713319,key-7,175
1775447713320,key-5,1458
1775447713320,key-9,1431
1775447713323,key-5,1461
1775447713325,key-42,171
1775447713329,key-25,250
1775447713329,key-27,987
1775447713330,key-7,186
1775447713335,key-9,1446
1775447713337,key-7,193
1775447713337,key-14,376
1775447713337,key-40,1432
1775447713337,key-17,170
1775447713337,key-42,183
1775447713337,key-48,184
1775447713339,key-17,172
1775447713340,key-40,1435
1775447713340,key-17,173
1775447713340,key-37,3027
1775447713343,key-29,1542
1775447713345,key-3,178
1775447713351,key-20,2371
1775447713353,key-43,650
1775447713353,key-29,1552
1775447713356,key-29,1555
1775447713357,key-15,1596
1775447713358,key-37,3045
1775447713359,key-27,1017
1775447713360,key-5,1498
1775447713361,key-31,1914
1775447713362,key-11,2341
1775447713372,key-50,2949
1775447713373,key-50,2950
1775447713377,key-3,210
1775447713379,key-27,173
1775447713380,key-19,442
1775447713380,key-27,174
1775447713380,key-42,226
1775447713381,key-39,1915
1775447713381,key-25,302
1775447713387,key-27,181
1775447713388,key-25,309
1775447713391,key-8,189
1775447713394,key-32,362
1775447713395,key-21,439
1775447713395,key-34,312
1775447713395,key-42,241
1775447713397,key-38,481
1775447713400,key-41,1344
1775447713403,key-50,2980
1775447713404,key-6,2290
1775447713410,key-43,707
1775447713412,key-25,333
1775447713418,key-15,1657
1775447713418,key-45,1875
1775447713425,key-17,258
1775447713425,key-38,509
1775447713430,key-35,391
1775447713431,key-28,653
1775447713431,key-21,475
1775447713432,key-38,516
1775447713434,key-14,473
1775447713435,key-44,1692
1775447713437,key-49,2178
1775447713445,key-34,362
1775447713450,key-5,1588
1775447713452,key-6,2338
1775447713452,key-38,536
1775447713453,key-20,2473
1775447713455,key-37,3142
1775447713456,key-4,164
1775447713457,key-27,251
1775447713459,key-38,543
1775447713460,key-20,2480
1775447713461,key-4,169
1775447713461,key-16,196
1775447713461,key-1,178
1775447713463,key-29,1662
1775447713464,key-18,160
1775447713465,key-38,549
1775447713470,key-25,391
1775447713471,key-32,439
1775447713472,key-38,556
1775447713473,key-25,394
1775447713474,key-16,209
1775447713474,key-20,2494
1775447713474,key-32,442
1775447713478,key-34,395
1775447713478,key-21,522
1775447713495,key-38,579
1775447713496,key-2,179
1775447713497,key-7,353
1775447713497,key-40,1592
1775447713502,key-25,423
1775447713504,key-40,1599
1775447713506,key-17,339
1775447713506,key-25,427
1775447713506,key-3,339
1775447713506,key-26,797
1775447713510,key-7,366
1775447713510,key-40,1605
1775447713510,key-48,357
1775447713510,key-3,343
1775447713510,key-13,5898
1775447713511,key-25,432
1775447713518,key-35,479
1775447713522,key-17,355
1775447713525,key-29,1724
1775447713529,key-5,1667
1775447713534,key-37,3221
1775447713535,key-7,391
1775447713536,key-29,1735
1775447713540,key-29,1739
1775447713541,key-2,224
1775447713541,key-19,603
1775447713541,key-25,462
1775447713543,key-48,390
1775447713543,key-31,2096
1775447713543,key-47,486
1775447713547,key-47,490
1775447713549,key-27,163
1775447713549,key-47,492
1775447713552,key-42,398
1775447713553,key-50,3130
1775447713555,key-25,476
1775447713557,key-17,390
1775447713557,key-3,390
1775447713559,key-40,1654
1775447713561,key-27,175
1775447713562,key-41,1506
1775447713562,key-42,408
1775447713564,key-26,172
1775447713564,key-47,507
1775447713566,key-3,399
1775447713567,key-25,488
1775447713576,key-8,374
1775447713577,key-11,2556
1775447713580,key-26,188
1775447713584,key-34,501
1775447713585,key-34,502
1775447713589,key-43,886
1775447713592,key-38,676
1775447713596,key-28,818
1775447713598,key-43,895
1775447713600,key-28,822
1775447713602,key-49,2343
1775447713604,key-35,565
1775447713604,key-5,1742
1775447713605,key-39,2139
1775447713606,key-30,2493
1775447713607,key-14,646
1775447713608,key-41,1552
1775447713608,key-6,2494
1775447713609,key-44,1866
1775447713609,key-17,442
1775447713609,key-26,156
1775447713620,key-1,182
1775447713621,key-29,1820
1775447713626,key-26,173
1775447713627,key-37,3314
1775447713627,key-1,189
1775447713631,key-18,327
1775447713632,key-37,3319
1775447713635,key-20,2655
1775447713642,key-38,726
1775447713642,key-9,215
1775447713643,key-34,560
1775447713652,key-18,348
1775447713654,key-35,615
1775447713654,key-2,337
1775447713654,key-21,698
1775447713657,key-29,1856
1775447713657,key-24,250
1775447713658,key-43,955
1775447713658,key-38,742
1775447713660,key-47,603
1775447713664,key-16,399
1775447713665,key-18,361
1775447713668,key-38,752
1775447713669,key-26,216
1775447713672,key-13,6060
1775447713679,key-25,600
1775447713679,key-40,246
1775447713679,key-38,763
1775447713683,key-17,516
1775447713683,key-25,604
1775447713686,key-20,2706
1775447713686,key-1,211
1775447713687,key-38,771
1775447713691,key-40,258
1775447713692,key-12,317
1775447713693,key-34,610
1775447713693,key-3,206
1775447713695,key-9,268
1775447713703,key-2,386
1775447713703,key-29,1902
1775447713703,key-13,6091
1775447713707,key-17,540
1775447713708,key-47,154
1775447713709,key-19,771
1775447713710,key-3,223
1775447713712,key-37,3399
1775447713712,key-38,796
1775447713712,key-2,395
1775447713719,key-40,286
1775447713721,key-27,335
1775447713722,key-39,2256
1775447713724,key-50,159
1775447713725,key-10,498
1775447713728,key-3,241
1775447713730,key-26,277
1775447713730,key-22,380
1775447713731,key-27,345
1775447713732,key-38,816
1775447713732,key-21,776
1775447713734,key-46,178
1775447713734,key-40,301
1775447713734,key-11,2713
1775447713735,key-26,282
1775447713741,key-30,159
1775447713743,key-23,2410
1775447713743,key-26,290
1775447713749,key-41,1693
1775447713750,key-8,548
1775447713752,key-26,299
1775447713755,key-4,463
1775447713760,key-38,844
1775447713761,key-10,534
1775447713761,key-2,444
1775447713762,key-34,679
1775447713770,key-19,832
1775447713770,key-39,2304
1775447713772,key-17,605
1775447713774,key-43,1071
1775447713775,key-35,736
1775447713776,key-17,609
1775447713781,key-46,225
1775447713783,key-5,1921
1775447713785,key-14,824
1775447713785,key-36,796
1775447713786,key-1,311
1775447713788,key-26,335
1775447713791,key-20,2811
1775447713792,key-5,1930
1775447713793,key-38,877
1775447713796,key-43,1093
1775447713797,key-3,310
1775447713797,key-30,215
1775447713797,key-33,232
1775447713797,key-17,630
1775447713798,key-44,280
1775447713806,key-26,353
1775447713806,key-24,230
1775447713808,key-11,2787
1775447713819,key-29,2018
1775447713819,key-1,344
1775447713820,key-38,904
1775447713821,key-38,905
1775447713825,key-35,786
1775447713830,key-23,2497
1775447713835,key-38,919
1775447713836,key-40,403
1775447713837,key-17,670
1775447713842,key-25,763
1775447713843,key-29,2042
1775447713844,key-20,2864
1775447713845,key-38,929
1775447713848,key-18,544
1775447713848,key-25,769
1775447713850,key-38,934
1775447713851,key-12,175
1775447713851,key-19,913
1775447713856,key-20,2876
1775447713857,key-10,630
1775447713859,key-25,155
1775447713862,key-3,375
1775447713867,key-29,2066
1775447713868,key-12,192
1775447713869,key-9,442
1775447713872,key-15,2111
1775447713886,key-17,719
1775447713889,key-27,503
1775447713890,key-24,314
1775447713890,key-40,457
1775447713892,key-35,853
1775447713892,key-19,954
1775447713892,key-26,439
1775447713892,key-30,310
1775447713892,key-8,172
1775447713892,key-38,976
1775447713893,key-4,217
1775447713894,key-9,467
1775447713897,key-26,444
1775447713900,key-30,318
1775447713901,key-14,173
1775447713902,key-42,748
1775447713903,key-38,987
1775447713904,key-28,163
1775447713909,key-29,2108
1775447713910,key-14,182
1775447713911,key-38,995
1775447713912,key-4,236
1775447713914,key-46,358
1775447713914,key-47,360
1775447713917,key-30,335
1775447713917,key-21,961
1775447713918,key-38,1002
1775447713919,key-34,836
1775447713919,key-2,602
1775447713919,key-3,432
1775447713920,key-46,364
1775447713920,key-2,603
1775447713921,key-34,838
1775447713930,key-11,287
1775447713930,key-39,2464
1775447713931,key-41,1875
1775447713938,key-22,588
1775447713938,key-11,295
1775447713939,key-43,1236
1775447713941,key-1,466
1775447713949,key-36,960
1775447713949,key-3,462
1775447713952,key-34,168
1775447713952,key-27,227
1775447713958,key-5,2096
1775447713959,key-36,970
1775447713959,key-44,264
1775447713962,key-46,160
1775447713973,key-38,1057
1775447713974,key-42,820
1775447713974,key-1,499
1775447713976,key-26,523
1775447713980,key-26,527
1775447713981,key-38,1065
1775447713991,key-36,1002
1775447713993,key-10,766
1775447713994,key-38,1078
1775447713995,key-1,520
1775447713996,key-37,3683
1775447713997,key-16,418
1775447713997,key-44,302
1775447713997,key-11,354
1775447713997,key-24,421
1775447713999,key-17,832
1775447713999,key-14,271
1775447714002,key-42,848
1775447714003,key-29,2202
1775447714007,key-3,520
1775447714008,key-1,533
1775447714008,key-38,1092
1775447714010,key-3,523
1775447714016,key-38,1100
1775447714029,key-12,227
1775447714030,key-38,1114
1775447714031,key-17,864
1775447714032,key-6,2918
1775447714032,key-14,304
1775447714032,key-33,193
1775447714034,key-46,232
1775447714042,key-5,2180
1775447714044,key-38,1128
1775447714045,key-26,171
1775447714045,key-13,172
1775447714045,key-13,172
1775447714049,key-15,338
1775447714049,key-9,242
1775447714049,key-40,616
1775447714049,key-27,324
1775447714050,key-23,2717
1775447714050,key-25,346
1775447714050,key-17,883
1775447714050,key-21,1094
1775447714052,key-3,565
1775447714056,key-25,352
1775447714058,key-4,382
1775447714059,key-29,2258
1775447714060,key-4,384
1775447714060,key-43,1357
1775447714063,key-30,481
1775447714065,key-33,226
1775447714066,key-23,2733
1775447714070,key-8,350
1775447714071,key-47,517
1775447714071,key-14,343
1775447714071,key-9,264
1775447714075,key-8,355
1775447714076,key-14,348
1775447714077,key-38,1161
1775447714078,key-45,2535
1775447714078,key-38,1162
1775447714085,key-50,520
1775447714086,key-26,212
1775447714088,key-3,601
1775447714089,key-21,1133
1775447714093,key-16,514
1775447714093,key-15,382
1775447714093,key-36,1104
1775447714093,key-2,776
1775447714096,key-30,514
1775447714097,key-38,1181
1775447714098,key-38,1182
1775447714109,key-34,325
1775447714109,key-12,307
1775447714111,key-21,1155
1775447714114,key-1,639
1775447714116,key-34,332
1775447714116,key-36,1127
1775447714123,key-27,398
1775447714123,key-11,480
1775447714128,key-14,400
1775447714128,key-29,2327
1775447714133,key-1,658
1775447714134,key-50,569
1775447714135,key-34,351
1775447714136,key-14,408
1775447714140,key-34,356
1775447714146,key-13,273
1775447714153,key-45,177
1775447714153,key-6,3039
1775447714154,key-38,1238
1775447714154,key-38,1238
1775447714159,key-39,2693
1775447714166,key-37,166
1775447714167,key-41,2111
1775447714167,key-3,680
1775447714168,key-37,168
1775447714170,key-38,1254
1775447714170,key-44,475
1775447714173,key-10,946
1775447714174,key-44,479
1775447714174,key-37,174
1775447714176,key-3,689
1775447714187,key-14,459
1775447714190,key-38,1274
1775447714192,key-33,353
1775447714193,key-17,1026
1775447714193,key-22,843
1775447714194,key-17,1027
1775447714194,key-29,2393
1775447714199,key-37,199
1775447714199,key-12,166
1775447714201,key-29,2400
1775447714205,key-17,1038
1775447714206,key-16,243
1775447714207,key-14,479
1775447714208,key-5,2346
1775447714209,key-46,407
1775447714210,key-10,983
1775447714213,key-5,2351
1775447714217,key-43,1514
1775447714219,key-5,2357
1775447714219,key-13,346
1775447714220,key-29,2419
1775447714226,key-13,353
1775447714226,key-38,1310
1775447714227,key-40,794
1775447714227,key-10,1000
1775447714227,key-11,156
1775447714230,key-32,1198
1775447714230,key-43,1527
1775447714236,key-43,1533
1775447714238,key-14,510
1775447714238,key-49,2979
1775447714239,key-29,2438
1775447714240,key-38,1324
1775447714240,key-21,1284
1775447714244,key-3,757
1775447714245,key-50,680
1775447714245,key-38,1329
1775447714245,key-8,525
1775447714250,key-37,250
1775447714251,key-21,164
1775447714252,key-49,2993
1775447714254,key-3,767
1775447714257,key-17,1090
1775447714258,key-26,384
1775447714260,key-41,2204
1775447714265,key-21,178
1775447714273,key-33,434
1775447714274,key-2,163
1775447714274,key-36,1285
1775447714276,key-21,189
1775447714277,key-5,2415
1775447714277,key-15,566
1775447714279,key-36,1290
1775447714279,key-30,697
1775447714280,key-35,1241
1775447714281,key-33,442
1775447714284,key-36,1295
1775447714284,key-21,197
1775447714284,key-47,730
1775447714287,key-32,1255
1775447714287,key-25,583
1775447714287,key-36,1298
1775447714291,key-1,816
1775447714291,key-33,452
1775447714292,key-34,508
1775447714293,key-18,989
1775447714294,key-2,977
1775447714294,key-29,2493
1775447714298,key-14,570
1775447714303,key-21,216
1775447714305,key-34,521
1775447714305,key-36,1316
1775447714313,key-1,838
1775447714315,key-36,1326
1775447714322,key-34,538
1775447714325,key-3,838
1775447714325,key-25,621
1775447714325,key-38,1409
1775447714327,key-47,216
1775447714330,key-2,219
1775447714332,key-36,1343
1775447714341,key-21,254
1775447714343,key-10,1116
1775447714344,key-16,333
1775447714349,key-33,510
1775447714349,key-38,1433
1775447714355,key-22,1005
1775447714356,key-41,2300
1775447714357,key-17,1190
1775447714358,key-38,1442
1775447714359,key-11,288
1775447714360,key-29,2559
1775447714360,key-42,1206
1775447714365,key-29,2564
1775447714365,key-37,365
1775447714365,key-11,294
1775447714379,key-5,2517
1775447714380,key-42,168
1775447714380,key-12,347
1775447714384,key-18,1080
1775447714389,key-26,515
1775447714393,key-21,306
1775447714394,key-5,2532
1775447714399,key-11,162
1775447714399,key-18,1095
1775447714401,key-10,1174
1775447714401,key-15,690
1775447714401,key-44,706
1775447714401,key-38,1485
1775447714403,key-37,403
1775447714403,key-3,916
1775447714405,key-44,710
1775447714406,key-21,319
1775447714408,key-50,843
1775447714409,key-10,1182
1775447714412,key-11,175
1775447714413,key-26,539
1775447714413,key-17,1246
1775447714416,key-44,721
1775447714418,key-14,690
1775447714419,key-5,2557
1775447714419,key-26,545
1775447714421,key-21,334
1775447714423,key-11,186
1775447714426,key-42,214
1775447714426,key-30,844
1775447714435,key-32,1403
1775447714441,key-29,226
1775447714444,key-23,3111
1775447714444,key-41,2388
1775447714445,key-8,335
1775447714447,key-33,608
1775447714448,key-32,1416
1775447714448,key-26,574
1775447714452,key-21,365
1775447714453,key-10,1226
1775447714454,key-36,1465
1775447714456,key-26,582
1775447714457,key-25,753
1775447714457,key-32,1425
1775447714458,key-36,1469
1775447714459,key-46,657
1775447714459,key-2,348
1775447714460,key-36,1471
1775447714460,key-7,157
1775447714461,key-47,350
1775447714466,key-26,592
1775447714468,key-41,2412
1775447714469,key-33,630
1775447714479,key-18,1175
1775447714479,key-4,370
1775447714480,key-18,1176
1775447714481,key-11,244
1775447714481,key-34,697
1775447714482,key-18,1178
1775447714482,key-32,1450
1775447714483,key-21,396
1775447714484,key-50,919
1775447714490,key-38,1574
1775447714498,key-34,714
1775447714498,key-21,411
1775447714499,key-21,412
1775447714505,key-32,1473
1775447714505,key-21,418
1775447714506,key-2,395
1775447714506,key-5,2644
1775447714507,key-21,420
1775447714507,key-11,270
1775447714507,key-17,1340
1775447714512,key-47,401
1775447714512,key-17,1345
1775447714513,key-1,1038
1775447714513,key-7,210
1775447714514,key-15,803
1775447714514,key-2,403
1775447714519,key-16,508
1775447714520,key-49,264
1775447714520,key-33,681
1775447714531,key-25,827
1775447714535,key-36,1546
1775447714535,key-31,424
1775447714536,key-33,697
1775447714536,key-42,324
1775447714536,key-10,1309
1775447714537,key-41,2481
1775447714538,key-29,323
1775447714541,key-6,3427
1775447714542,key-36,1553
1775447714542,key-41,2486
1775447714548,key-38,1632
1775447714549,key-10,1322
1775447714549,key-17,1382
1775447714551,key-22,1201
1775447714558,key-36,1569
1775447714559,key-15,848
1775447714563,key-33,724
1775447714566,key-12,533
1775447714567,key-10,1340
1775447714569,key-50,156
1775447714570,key-3,296
1775447714575,key-13,245
1775447714576,key-14,848
1775447714582,key-21,495
1775447714583,key-19,732
1775447714585,key-49,329
1775447714586,key-27,861
1775447714586,key-39,363
1775447714592,key-26,718
1775447714594,key-42,382
1775447714594,key-21,507
1775447714594,key-37,594
1775447714598,key-37,598
1775447714598,key-13,268
1775447714602,key-11,365
1775447714606,key-26,732
1775447714615,key-30,1033
1775447714616,key-22,1266
1775447714618,key-16,607
1775447714620,key-47,509
1775447714621,key-19,770
1775447714623,key-36,162
1775447714629,key-33,790
1775447714634,key-46,832
1775447714635,key-1,1160
1775447714635,key-32,1603
1775447714636,key-4,527
1775447714636,key-41,2580
1775447714636,key-30,1054
1775447714636,key-21,549
1775447714637,key-46,835
1775447714638,key-36,177
1775447714638,key-14,910
1775447714642,key-26,768
1775447714643,key-42,431
1775447714644,key-7,341
1775447714645,key-26,771
1775447714653,key-25,949
1775447714655,key-44,960
1775447714658,key-38,1742
1775447714660,key-43,164
1775447714662,key-44,967
1775447714662,key-37,190
1775447714663,key-21,576
1775447714663,key-33,824
1775447714665,key-43,169
1775447714666,key-2,555
1775447714666,key-12,633
1775447714666,key-49,410
1775447714669,key-20,3689
1775447714669,key-32,1637
1775447714671,key-17,1504
1775447714671,key-35,1632
1775447714671,key-17,1504
1775447714672,key-50,259
1775447714678,key-32,1646
1775447714684,key-21,597
1775447714688,key-6,3574
1775447714688,key-8,578
1775447714688,key-2,577
1775447714689,key-3,415
1775447714689,key-5,2827
1775447714689,key-47,578
1775447714690,key-7,387
1775447714690,key-49,434
1775447714695,key-29,480
1775447714697,key-42,485
1775447714700,key-16,689
1775447714708,key-11,471
1775447714708,key-10,1481
1775447714709,key-41,2653
1775447714710,key-36,249
1775447714712,key-10,1485
1775447714715,key-2,604
1775447714720,key-32,1688
1775447714722,key-31,611
1775447714725,key-46,923
1775447714725,key-38,1809
1775447714726,key-17,1559
1775447714726,key-15,1015
1775447714730,key-31,619
1775447714730,key-10,1503
1775447714730,key-13,400
1775447714732,key-33,893
1775447714738,key-1,1263
1775447714739,key-16,192
1775447714739,key-17,1572
1775447714739,key-1,1264
1775447714741,key-21,654
1775447714747,key-3,473
1775447714749,key-26,875
1775447714751,key-42,539
1775447714752,key-15,1041
1775447714752,key-2,641
1775447714754,key-44,1059
1775447714757,key-25,1053
1775447714760,key-37,288
1775447714761,key-50,348
1775447714764,key-39,541
1775447714768,key-13,438
1775447714771,key-27,1046
1775447714772,key-21,685
1775447714774,key-13,444
1775447714775,key-15,1064
1775447714775,key-44,1080
1775447714777,key-7,474
1775447714778,key-12,745
1775447714781,key-26,907
1775447714782,key-19,931
1775447714783,key-2,672
1775447714783,key-21,696
1775447714784,key-21,697
1775447714790,key-4,681
1775447714792,key-23,431
1775447714797,key-19,946
1775447714798,key-36,337
1775447714801,key-34,1017
1775447714806,key-42,594
1775447714807,key-26,933
1775447714812,key-21,725
1775447714812,key-3,538
1775447714817,key-41,2761
1775447714817,key-21,730
1775447714819,key-37,347
1775447714819,key-44,1124
1775447714824,key-50,411
1775447714826,key-43,330
1775447714827,key-13,497
1775447714828,key-44,157
1775447714830,key-21,743
1775447714831,key-44,160
1775447714836,key-4,727
1775447714837,key-49,170
1775447714837,key-50,424
1775447714843,key-3,569
1775447714846,key-5,2984
1775447714847,key-20,3867
1775447714848,key-32,1816
1775447714858,key-35,276
1775447714859,key-13,187
1775447714859,key-42,647
1775447714859,key-8,749
1775447714862,key-21,775
1775447714863,key-36,162
1775447714864,key-11,627
1775447714866,key-41,2810
1775447714867,key-37,395
1775447714868,key-30,1286
1775447714868,key-26,994
1775447714868,key-47,757
1775447714870,key-20,3890
1775447714872,key-49,168
1775447714880,key-49,176
1775447714880,key-36,179
1775447714881,key-7,578
1775447714882,key-16,335
1775447714887,key-28,232
1775447714888,key-2,777
1775447714888,key-46,1086
1775447714888,key-35,306
1775447714891,key-35,309
1775447714893,key-50,480
1775447714897,key-23,536
1775447714904,key-38,1988
1775447714904,key-31,173
1775447714904,key-21,817
1775447714905,key-3,631
1775447714905,key-16,358
1775447714908,key-17,206
1775447714908,key-1,1433
1775447714909,key-42,697
1775447714911,key-25,1207
1775447714912,key-44,241
1775447714913,key-33,1074
1775447714913,key-14,1185
1775447714915,key-13,242
1775447714916,key-24,1340
1775447714918,key-44,247
1775447714919,key-36,218
1775447714919,key-11,682
1775447714923,key-33,1084
1775447714924,key-43,428
1775447714924,key-36,223
1775447714929,key-39,706
1775447714929,key-2,818
1775447714929,key-50,516
1775447714931,key-27,1206
1775447714935,key-2,824
1775447714936,key-20,3956
1775447714937,key-44,266
1775447714945,key-13,163
1775447714956,key-21,186
1775447714957,key-10,1730
1775447714958,key-4,849
1775447714959,key-27,1234
1775447714960,key-13,178
1775447714963,key-42,751
1775447714966,key-8,856
1775447714967,key-4,858
1775447714968,key-34,1184
1775447714971,key-23,610
1775447714972,key-12,939
1775447714972,key-10,1745
1775447714975,key-42,763
1775447714978,key-50,565
1775447714981,key-44,310
1775447714991,key-13,209
1775447714992,key-27,162
1775447714995,key-44,324
1775447714997,key-15,199
1775447714999,key-21,229
1775447714999,key-41,272
1775447714999,key-44,328
1775447715007,key-22,524
1775447715007,key-12,974
1775447715012,key-37,540
1775447715014,key-50,601
1775447715014,key-44,343
1775447715015,key-50,602
1775447715015,key-35,433
1775447715015,key-12,982
1775447715016,key-37,544
1775447715018,key-20,4038
1775447715019,key-12,986
1775447715024,key-12,991
1775447715029,key-21,259
1775447715031,key-5,3169
1775447715031,key-47,920
1775447715031,key-19,376
1775447715037,key-20,4057
1775447715040,key-43,544
1775447715042,key-36,341
1775447715042,key-16,495
1775447715043,key-44,372
1775447715044,key-46,1242
1775447715049,key-47,938
1775447715049,key-18,488
1775447715049,key-21,279
1775447715049,key-21,279
1775447715055,key-41,328
1775447715060,key-12,1027
1775447715060,key-7,291
1775447715060,key-26,1186
1775447715061,key-26,1187
1775447715061,key-19,406
1775447715061,key-11,824
1775447715062,key-17,360
1775447715064,key-12,1031
1775447715065,key-10,186
1775447715065,key-38,247
1775447715070,key-38,252
1775447715072,key-22,589
1775447715073,key-35,491
1775447715081,key-48,367
1775447715084,key-1,1609
1775447715084,key-42,872
1775447715084,key-47,973
1775447715084,key-3,810
1775447715085,key-1,1610
1775447715089,key-39,291
1775447715090,key-11,853
1775447715090,key-2,979
1775447715090,key-44,419
1775447715091,key-5,3229
1775447715092,key-50,679
1775447715094,key-18,533
1775447715095,key-50,682
1775447715099,key-2,988
1775447715099,key-44,428
1775447715099,key-13,317
1775447715099,key-14,1371
1775447715100,key-26,1226
1775447715102,key-38,284
1775447715119,key-33,1280
1775447715122,key-50,709
1775447715122,key-27,292
1775447715122,key-46,1320
1775447715123,key-1,1648
1775447715124,key-21,354
1775447715128,key-37,162
1775447715129,key-44,458
1775447715130,key-36,429
1775447715130,key-13,348
1775447715133,key-2,1022
1775447715135,key-2,1024
1775447715135,key-33,1296
1775447715141,key-10,262
1775447715142,key-21,372
1775447715146,key-4,1037
1775447715150,key-38,332
1775447715151,key-33,1312
1775447715152,key-30,1570
1775447715153,key-12,1120
1775447715157,key-23,796
1775447715162,key-10,283
1775447715163,key-44,492
1775447715166,key-2,1055
1775447715170,key-22,687
1775447715173,key-20,4193
1775447715173,key-28,238
1775447715179,key-10,300
1775447715180,key-37,214
1775447715181,key-37,215
1775447715181,key-37,215
1775447715188,key-48,474
1775447715188,key-37,222
1775447715194,key-21,424
1775447715195,key-37,229
1775447715201,key-13,419
1775447715202,key-46,1400
1775447715203,key-37,237
1775447715203,key-44,532
1775447715208,key-27,378
1775447715208,key-24,1632
1775447715209,key-44,538
1775447715209,key-16,662
1775447715209,key-47,1098
1775447715209,key-12,1176
1775447715213,key-20,4233
1775447715213,key-28,278
1775447715217,key-43,721
1775447715217,key-31,486
1775447715219,key-24,1643
1775447715222,key-37,256
1775447715225,key-26,168
1775447715230,key-10,351
1775447715241,key-33,1402
1775447715242,key-38,424
1775447715243,key-22,760
1775447715243,key-11,218
1775447715244,key-17,542
1775447715244,key-35,270
1775447715244,key-41,517
1775447715244,key-21,474
1775447715245,key-11,220
1775447715245,key-26,188
1775447715245,key-38,427
1775447715245,key-12,1212
1775447715246,key-12,1213
1775447715246,key-35,272
1775447715246,key-5,3384
1775447715249,key-44,578
1775447715250,key-10,371
1775447715250,key-11,225
1775447715254,key-50,841
1775447715254,key-1,1779
1775447715255,key-50,842
1775447715256,key-42,1044
1775447715256,key-39,458
1775447715266,key-50,853
1775447715266,key-11,241
1775447715266,key-20,4286
1775447715267,key-47,1156
1775447715267,key-13,485
1775447715268,key-13,486
1775447715269,key-2,1158
1775447715270,key-23,909
1775447715272,key-47,1161
1775447715274,key-14,183
1775447715285,key-5,162
1775447715288,key-28,353
1775447715289,key-27,459
1775447715289,key-50,876
1775447715289,key-27,459
1775447715290,key-13,508
1775447715293,key-29,1078
1775447715296,key-44,625
1775447715299,key-5,176
1775447715301,key-33,1462
1775447715304,key-23,943
1775447715304,key-44,633
1775447715305,key-38,487
1775447715306,key-16,759
1775447715307,key-32,2275
1775447715309,key-33,1470
1775447715311,key-10,432
1775447715311,key-30,1729
1775447715311,key-33,1472
1775447715319,key-44,648
1775447715319,key-21,549
1775447715320,key-44,649
1775447715330,key-4,1221
1775447715332,key-12,1299
1775447715332,key-11,307
1775447715339,key-29,1124
1775447715339,key-30,1757
1775447715340,key-44,669
1775447715340,key-30,1758
1775447715342,key-28,407
1775447715345,key-22,862
1775447715350,key-35,185
1775447715356,key-1,1881
1775447715357,key-37,166
1775447715358,key-2,1247
1775447715358,key-6,4244
1775447715362,key-28,427
1775447715362,key-2,1251
1775447715366,key-37,175
1775447715366,key-37,175
1775447715375,key-32,2343
1775447715381,key-36,680
1775447715386,key-39,588
1775447715394,key-41,667
1775447715399,key-33,1560
1775447715400,key-10,521
1775447715400,key-37,209
1775447715400,key-46,1598
1775447715400,key-30,1818
1775447715401,key-13,262
1775447715401,key-37,210
1775447715401,key-10,522
1775447715402,key-33,1563
1775447715402,key-38,584
1775447715402,key-37,211
1775447715402,key-37,211
1775447715403,key-18,842
1775447715403,key-43,907
1775447715403,key-27,573
1775447715403,key-10,524
1775447715403,key-33,1564
1775447715406,key-11,381
1775447715408,key-50,995
1775447715412,key-37,221
1775447715416,key-35,251
1775447715417,key-38,599
1775447715420,key-12,1387
1775447715425,key-13,286
1775447715427,key-47,1316
1775447715427,key-34,1643
1775447715427,key-24,1851
1775447715427,key-14,336
1775447715431,key-37,240
1775447715431,key-1,1956
1775447715431,key-2,1320
1775447715433,key-13,294
1775447715434,key-5,267
1775447715434,key-31,703
1775447715435,key-10,556
1775447715441,key-40,2008
1775447715441,key-11,416
1775447715442,key-10,563
1775447715444,key-24,1868
1775447715444,key-46,1642
1775447715448,key-11,423
1775447715449,key-13,310
1775447715451,key-1,1976
1775447715452,key-24,1876
1775447715453,key-50,1040
1775447715457,key-11,432
1775447715457,key-47,1346
1775447715458,key-47,1347
1775447715459,key-2,1348
1775447715465,key-44,794
1775447715472,key-7,703
1775447715474,key-16,927
1775447715478,key-28,543
1775447715479,key-50,1066
1775447715481,key-38,663
1775447715482,key-44,811
1775447715482,key-20,4502
1775447715482,key-41,159
1775447715482,key-11,457
1775447715486,key-41,163
1775447715487,key-33,1648
1775447715487,key-26,430
1775447715489,key-33,1650
1775447715493,key-32,2461
1775447715495,key-33,1656
1775447715496,key-33,1657
1775447715499,key-28,564
1775447715499,key-21,729
1775447715501,key-11,476
1775447715503,key-30,1921
1775447715509,key-4,1400
1775447715510,key-30,1928
1775447715513,key-30,1931
1775447715513,key-44,842
1775447715515,key-27,685
1775447715516,key-2,1405
1775447715522,key-5,355
1775447715522,key-22,1039
1775447715522,key-34,1738
1775447715522,key-43,1026
1775447715523,key-32,2491
1775447715523,key-11,498
1775447715524,key-19,869
1775447715524,key-16,977
1775447715529,key-4,1420
1775447715529,key-2,1418
1775447715534,key-30,1952
1775447715537,key-44,866
1775447715551,key-2,1440
1775447715557,key-22,1074
1775447715560,key-33,217
1775447715569,key-30,1987
1775447715575,key-38,757
1775447715577,key-23,238
1775447715577,key-37,191
1775447715602,key-12,1569
1775447715616,key-47,1505
1775447715616,key-38,798
1775447715617,key-13,478
1775447715617,key-41,294
1775447715617,key-24,2041
1775447715617,key-41,294
1775447715618,key-42,1406
1775447715618,key-2,1507
1775447715621,key-35,456
1775447715621,key-28,686
1775447715622,key-9,485
1775447715623,key-6,4509
1775447715623,key-40,2190
1775447715624,key-13,485
1775447715624,key-24,2048
1775447715624,key-44,953
1775447715625,key-9,488
1775447715625,key-42,189
1775447715625,key-10,746
1775447715626,key-40,2193
1775447715628,key-24,2052
1775447715629,key-40,2196
1775447715635,key-18,207
1775447715636,key-11,184
1775447715636,key-18,208
1775447715641,key-1,2166
1775447715642,key-47,1531
1775447715643,key-45,316
1775447715644,key-11,192
1775447715699,key-14,608
1775447715699,key-11,247
1775447715699,key-25,249
1775447715701,key-1,2226
1775447715701,key-21,931
1775447715701,key-24,2125
1775447715701,key-10,822
1775447715701,key-44,1030
1775447715702,key-11,250
1775447715702,key-11,677
1775447715702,key-10,823
1775447715702,key-40,2269
1775447715709,key-15,911
1775447715709,key-50,1296
1775447715710,key-4,1601
1775447715710,key-4,1601
1775447715711,key-9,574
1775447715711,key-11,259
1775447715711,key-35,546
1775447715711,key-44,1040
1775447715714,key-28,779
1775447715718,key-45,391
1775447715718,key-50,1305
1775447715718,key-47,1607
1775447715718,key-10,839
1775447715718,key-33,375
1775447715730,key-35,565
1775447715730,key-45,403
1775447715730,key-24,2154
1775447715735,key-11,710
1775447715765,key-43,1269
1775447715771,key-43,1275
1775447715772,key-30,326
1775447715774,key-46,1972
1775447715776,key-8,241
1775447715780,key-1,2305
1775447715780,key-50,1367
1775447715781,key-30,335
1775447715797,key-16,1250
1775447715798,key-14,281
1775447715826,key-16,1279
1775447715827,key-16,1280
1775447715828,key-37,442
1775447715829,key-30,383
1775447715829,key-24,2253
1775447715829,key-50,283
1775447715829,key-22,1346
1775447715834,key-16,1287
1775447715835,key-45,508
1775447715835,key-47,1724
1775447715835,key-44,1164
1775447715835,key-2,1724
1775447715835,key-27,1005
1775447715836,key-2,1725
1775447715836,key-20,4856
1775447715836,key-34,2052
1775447715836,key-32,2804
1775447715838,key-2,1727
1775447715842,key-44,1171
1775447715842,key-30,396
1775447715843,key-41,520
1775447715843,key-30,397
1775447715892,key-11,440
1775447715892,key-45,565
1775447715893,key-44,1222
1775447715893,key-4,1784
1775447715893,key-42,457
1775447715894,key-6,4780
1775447715894,key-44,1223
1775447715895,key-16,1348
1775447715895,key-8,360
1775447715895,key-40,2462
1775447715896,key-30,450
1775447715896,key-10,1017
1775447715896,key-30,450
1775447715896,key-35,731
1775447715897,key-11,445
1775447715897,key-40,2464
1775447715898,key-1,405
1775447715965,key-35,800
1775447715966,key-39,1168
1775447715966,key-25,324
1775447715966,key-40,2533
1775447715966,key-37,580
1775447715967,key-42,531
1775447715967,key-45,640
1775447715967,key-42,531
1775447715967,key-10,1088
1775447715968,key-50,422
1775447715968,key-4,1859
1775447715968,key-6,4854
1775447715969,key-11,517
1775447715969,key-47,1858
1775447715969,key-45,642
1775447715969,key-28,1034
1775447715970,key-10,1091
1775447715970,key-27,1140
1775447715970,key-4,1861
1775447715970,key-7,1201
1775447715970,key-11,518
1775447715971,key-1,478
1775447715971,key-4,1862
1775447715971,key-40,2538
1775447715981,key-39,1183
1775447715981,key-4,1872
1775447715981,key-40,2548
1775447715982,key-33,639
1775447715982,key-24,2406
1775447715982,key-13,843
1775447715982,key-31,1251
1775447715984,key-15,407
1775447715984,key-4,1875
1775447715985,key-45,268
1775447715985,key-18,557
1775447715985,key-10,1106
1775447715986,key-15,409
1775447715986,key-15,409
1775447715986,key-24,2410
1775447715986,key-45,269
1775447716013,key-22,1530
1775447716015,key-47,1904
1775447716020,key-44,1349
1775447716020,key-11,568
1775447716021,key-38,1203
1775447716021,key-43,1525
1775447716032,key-45,315
1775447716032,key-46,2230
1775447716033,key-50,487
1775447716035,key-18,607
1775447716036,key-35,871
1775447716036,key-43,1540
1775447716036,key-36,1335
1775447716037,key-14,520
1775447716037,key-45,320
1775447716038,key-50,492
1775447716065,key-31,1334
1775447716066,key-24,231
1775447716066,key-30,188
1775447716069,key-45,352
1775447716070,key-23,731
1775447716088,key-15,511
1775447716089,key-2,1978
1775447716089,key-30,211
1775447716089,key-20,5109
1775447716089,key-44,1418
1775447716089,key-39,1291
1775447716089,key-15,512
1775447716090,key-27,1260
1775447716090,key-11,254
1775447716090,key-24,2514
1775447716090,key-5,923
1775447716090,key-27,1260
1775447716090,key-20,5110
1775447716090,key-36,253
1775447716090,key-47,1979
1775447716091,key-34,2307
1775447716091,key-9,954
1775447716091,key-44,1420
1775447716116,key-25,474
1775447716119,key-40,2686
1775447716121,key-4,355
1775447716122,key-44,1451
1775447716134,key-47,2023
1775447716134,key-43,247
1775447716134,key-47,2023
1775447716139,key-41,816
1775447716139,key-28,1204
1775447716139,key-42,703
1775447716140,key-22,1657
1775447716141,key-13,1002
1775447716144,key-45,427
1775447716150,key-24,315
1775447716150,key-45,433
1775447716150,key-45,433
1775447716151,key-39,183
1775447716151,key-45,434
1775447716152,key-4,386
1775447716152,key-45,435
1775447716152,key-4,386
1775447716155,key-40,2722
1775447716156,key-10,1277
1775447716156,key-15,579
1775447716156,key-40,2723
1775447716161,key-13,1022
1775447716161,key-31,1430
1775447716161,key-8,626
1775447716161,key-13,1022
1775447716164,key-4,398
1775447716167,key-23,828
1775447716167,key-45,450
1775447716168,key-47,181
1775447716168,key-46,168
1775447716168,key-33,400
1775447716169,key-33,401
1775447716169,key-15,592
1775447716171,key-30,293
1775447716171,key-26,1114
1775447716174,key-30,296
1775447716175,key-47,188
1775447716175,key-22,1692
1775447716175,key-46,175
1775447716175,key-30,297
1775447716176,key-27,1346
1775447716176,key-31,1445
1775447716176,key-31,1445
1775447716179,key-8,644
1775447716179,key-46,179
1775447716179,key-9,167
1775447716179,key-15,602
1775447716183,key-18,755
1775447716190,key-28,1255
1775447716194,key-44,213
1775447716194,key-24,359
1775447716200,key-18,772
1775447716200,key-14,189
1775447716202,key-44,221
1775447716204,key-38,1386
1775447716205,key-2,205
1775447716205,key-47,218
1775447716206,key-14,195
1775447716208,key-50,662
1775447716217,key-23,878
1775447716218,key-44,237
1775447716226,key-11,390
1775447716227,key-45,510
1775447716233,key-23,179
1775447716234,key-36,397
1775447716235,key-10,1356
1775447716245,key-7,185
1775447716246,key-45,529
1775447716251,key-44,270
1775447716256,key-27,1426
1775447716256,key-20,288
1775447716259,key-39,190
1775447716259,key-9,247
1775447716259,key-20,291
1775447716259,key-7,199
1775447716265,key-20,297
1775447716265,key-23,211
1775447716265,key-30,387
1775447716266,key-24,431
1775447716269,key-22,1786
1775447716270,key-29,2055
1775447716277,key-18,849
1775447716277,key-1,166
1775447716282,key-1,171
1775447716287,key-23,184
1775447716292,key-13,1153
1775447716293,key-34,2509
1775447716295,key-36,458
1775447716297,key-19,162
1775447716298,key-41,206
1775447716303,key-45,586
1775447716303,key-47,316
1775447716307,key-43,420
1775447716309,key-25,667
1775447716310,key-24,475
1775447716311,key-34,2527
1775447716315,key-15,738
1775447716320,key-45,603
1775447716321,key-27,1491
1775447716322,key-23,219
1775447716323,key-11,487
1775447716323,key-15,746
1775447716324,key-15,747
1775447716326,key-23,223
1775447716327,key-8,792
1775447716328,key-40,2895
1775447716329,key-36,492
1775447716330,key-45,613
1775447716332,key-15,755
1775447716334,key-30,456
1775447716336,key-30,458
1775447716339,key-46,339
1775447716339,key-31,1608
1775447716339,key-9,327
1775447716343,key-9,331
1775447716343,key-30,465
1775447716343,key-19,208
1775447716344,key-26,375
1775447716344,key-30,466
1775447716346,key-9,334
1775447716348,key-33,580
1775447716349,key-44,368
1775447716349,key-26,380
1775447716349,key-44,368
1775447716349,key-35,1184
1775447716349,key-22,1866
1775447716350,key-47,363
1775447716353,key-31,1622
1775447716353,key-25,711
1775447716354,key-49,160
1775447716356,key-31,1625
1775447716358,key-30,480
1775447716364,key-47,377
1775447716364,key-8,829
1775447716364,key-46,364
1775447716365,key-42,176
1775447716367,key-4,601
1775447716368,key-32,3336
1775447716368,key-46,368
1775447716369,key-24,534
1775447716375,key-5,1208
1775447716377,key-24,542
1775447716381,key-23,278
1775447716381,key-21,1611
1775447716381,key-15,804
1775447716386,key-15,809
1775447716389,key-25,747
1775447716390,key-28,174
1775447716392,key-36,555
1775447716394,key-46,394
1775447716395,key-45,678
1775447716397,key-33,629
1775447716398,key-9,386
1775447716399,key-34,2615
1775447716399,key-14,388
1775447716404,key-44,423
1775447716405,key-14,394
1775447716405,key-45,688
1775447716415,key-20,447
1775447716422,key-39,353
1775447716423,key-12,987
1775447716435,key-20,467
1775447716436,key-27,1606
1775447716436,key-1,325
1775447716437,key-14,426
1775447716438,key-7,378
1775447716440,key-28,224
1775447716441,key-7,381
1775447716445,key-18,1017
1775447716445,key-2,387
1775447716446,key-31,1715
1775447716448,key-42,259
1775447716450,key-32,3418
1775447716451,key-23,348
1775447716455,key-2,397
1775447716457,key-32,3425
1775447716462,key-13,1323
1775447716477,key-39,408
1775447716478,key-36,641
1775447716479,key-15,902
1775447716485,key-45,768
1775447716488,key-3,251
1775447716489,key-8,305
1775447716490,key-7,430
1775447716492,key-9,480
1775447716493,key-2,435
1775447716493,key-30,615
1775447716498,key-9,486
1775447716499,key-28,283
1775447716500,key-18,1072
1775447716500,key-30,622
1775447716501,key-48,925
1775447716502,key-45,785
1775447716507,key-33,739
1775447716508,key-19,373
1775447716509,key-34,185
1775447716515,key-44,534
1775447716516,key-49,322
1775447716516,key-44,535
1775447716517,key-44,536
1775447716519,key-26,550
1775447716521,key-26,552
1775447716522,key-49,328
1775447716524,key-25,882
1775447716525,key-42,336
1775447716526,key-24,212
1775447716528,key-31,1797
1775447716529,key-44,548
1775447716531,key-24,217
1775447716532,key-22,2049
1775447716536,key-29,2321
1775447716537,key-46,537
1775447716537,key-20,569
1775447716539,key-33,162
1775447716541,key-39,472
1775447716541,key-24,227
1775447716544,key-4,167
1775447716547,key-32,3515
1775447716547,key-15,178
1775447716548,key-15,179
1775447716549,key-4,172
1775447716550,key-15,181
1775447716552,key-4,175
1775447716553,key-5,1386
1775447716559,key-33,182
1775447716560,key-18,1132
1775447716560,key-46,560
1775447716562,key-5,1395
1775447716565,key-31,1834
1775447716566,key-25,924
1775447716570,key-8,386
1775447716573,key-30,695
1775447716573,key-47,586
1775447716573,key-32,3541
1775447716574,key-34,250
1775447716574,key-33,197
1775447716575,key-47,588
1775447716576,key-45,859
1775447716578,key-24,264
1775447716582,key-33,205
1775447716583,key-2,525
1775447716584,key-45,867
1775447716584,key-47,597
1775447716587,key-25,945
1775447716587,key-45,870
1775447716597,key-45,880
1775447716598,key-42,409
1775447716600,key-14,589
1775447716601,key-27,1771
1775447716614,key-29,2399
1775447716614,key-14,603
1775447716614,key-20,646
1775447716615,key-9,603
1775447716615,key-24,301
1775447716617,key-18,1189
1775447716618,key-33,241
1775447716618,key-33,241
1775447716621,key-41,529
1775447716622,key-33,245
1775447716622,key-32,3590
1775447716627,key-1,190
1775447716629,key-33,252
1775447716632,key-7,572
1775447716633,key-36,796
1775447716633,key-39,564
1775447716633,key-31,1902
1775447716640,key-18,1212
1775447716640,key-32,3608
1775447716644,key-39,575
1775447716645,key-18,1217
1775447716646,key-37,1260
1775447716651,key-15,282
1775447716652,key-18,1224
1775447716654,key-48,1078
1775447716666,key-2,608
1775447716672,key-7,612
1775447716673,key-17,1198
1775447716674,key-3,207
1775447716674,key-2,616
1775447716678,key-32,3646
1775447716680,key-44,170
1775447716683,key-19,302
1775447716686,key-44,176
1775447716686,key-47,699
1775447716689,key-49,495
1775447716692,key-15,323
1775447716694,key-49,500
1775447716695,key-44,185
1775447716696,key-30,818
1775447716696,key-31,1965
1775447716696,key-39,627
1775447716698,key-33,321
1775447716698,key-25,1056
1775447716703,key-9,691
1775447716706,key-4,329
1775447716706,key-16,2159
1775447716710,key-15,170
1775447716710,key-15,170
1775447716710,key-24,396
1775447716715,key-33,338
1775447716719,key-46,719
1775447716720,key-33,343
1775447716721,key-24,407
1775447716721,key-46,721
1775447716723,key-5,1556
1775447716724,key-30,846
1775447716724,key-1,287
1775447716725,key-3,258
1775447716725,key-10,1846
1775447716726,key-15,186
1775447716729,key-10,1850
1775447716730,key-32,3698
1775447716730,key-21,1960
1775447716731,key-18,1303
1775447716731,key-8,547
1775447716736,key-1,299
1775447716739,key-24,425
1775447716739,key-2,681
1775447716739,key-31,2008
1775447716739,key-25,1097
1775447716740,key-4,363
1775447716740,key-30,862
1775447716742,key-8,558
1775447716747,key-7,687
1775447716748,key-46,748
1775447716750,key-6,711
1775447716750,key-47,165
1775447716750,key-34,426
1775447716757,key-8,573
1775447716757,key-24,443
1775447716770,key-3,303
1775447716771,key-24,457
1775447716771,key-47,186
1775447716771,key-32,3739
1775447716771,key-8,587
1775447716774,key-24,460
1775447716775,key-36,938
1775447716777,key-32,3745
1775447716778,key-33,401
1775447716780,key-27,1950
1775447716782,key-33,405
1775447716783,key-5,1616
1775447716788,key-26,819
1775447716789,key-14,778
1775447716790,key-1,353
1775447716790,key-8,606
1775447716790,key-32,3758
1775447716790,key-20,822
1775447716790,key-33,413
1775447716793,key-20,825
1775447716810,key-1,373
1775447716817,key-18,1389
1775447716820,key-19,439
1775447716820,key-36,983
1775447716824,key-48,1248
1775447716825,key-41,733
1775447716825,key-10,1946
1775447716825,key-9,813
1775447716826,key-47,241
1775447716827,key-14,816
1775447716827,key-48,1251
1775447716832,key-47,247
1775447716833,key-36,168
1775447716834,key-3,367
1775447716837,key-32,3805
1775447716842,key-36,1005
1775447716843,key-32,3811
1775447716845,key-26,876
1775447716846,key-44,336
1775447716847,key-2,789
1775447716847,key-32,3815
1775447716852,key-33,475
1775447716853,key-44,343
1775447716860,key-2,802
1775447716860,key-2,802
1775447716860,key-2,802
1775447716861,key-30,983
1775447716861,key-44,351
1775447716861,key-50,198
1775447716864,key-49,670
1775447716864,key-16,2317
1775447716864,key-17,1389
1775447716871,key-15,331
1775447716873,key-18,1445
1775447716874,key-30,996
1775447716879,key-46,879
1775447716879,key-24,565
1775447716881,key-3,414
1775447716885,key-39,816
1775447716886,key-17,1411
1775447716886,key-15,346
1775447716887,key-24,573
1775447716890,key-26,921
1775447716897,key-38,169
1775447716904,key-24,590
1775447716907,key-4,158
1775447716911,key-7,851
1775447716912,key-24,598
1775447716913,key-7,853
1775447716914,key-32,3882
1775447716915,key-47,330
1775447716915,key-4,166
1775447716915,key-24,601
1775447716917,key-4,168
1775447716920,key-24,606
1775447716921,key-47,336
1775447716922,key-4,173
1775447716922,key-36,172
1775447716923,key-24,609
1775447716924,key-24,610
1775447716924,key-31,2193
1775447716925,key-49,731
1775447716925,key-8,741
1775447716925,key-24,611
1775447716925,key-1,488
1775447716925,key-5,162
1775447716929,key-4,180
1775447716929,key-16,2382
1775447716935,key-8,751
1775447716935,key-34,611
1775447716938,key-47,353
1775447716940,key-36,190
1775447716941,key-5,178
1775447716941,key-47,356
1775447716941,key-20,973
1775447716947,key-24,633
1775447716947,key-15,407
1775447716948,key-20,980
1775447716948,key-45,1231
1775447716951,key-36,201
1775447716955,key-1,518
1775447716960,key-6,921
1775447716963,key-24,649
1775447716964,key-24,650
1775447716966,key-5,203
1775447716973,key-35,1808
1775447716976,key-32,3944
1775447716980,key-48,1404
1775447716992,key-7,932
1775447716993,key-17,1518
1775447716993,key-47,408
1775447716994,key-49,800
1775447716995,key-24,681
1775447716995,key-8,811
1775447717002,key-3,158
1775447717005,key-2,946
1775447717046,key-19,665
1775447717046,key-3,202
1775447717046,key-14,1035
1775447717046,key-5,283
1775447717046,key-35,1881
1775447717047,key-3,203
1775447717047,key-33,670
1775447717047,key-23,944
1775447717047,key-34,723
1775447717047,key-47,462
1775447717048,key-49,854
1775447717048,key-22,2565
1775447717048,key-3,204
1775447717048,key-3,204
1775447717049,key-39,980
1775447717049,key-20,1081
1775447717049,key-44,539
1775447717049,key-49,855
1775447717049,key-44,539
1775447717050,key-18,1622
1775447717050,key-3,206
1775447717050,key-2,992
