timestamp_ms,key,delta_ms
1775447731203,key-14,210
1775447731203,key-47,209
1775447731254,key-14,261
1775447731255,key-27,261
1775447731309,key-14,316
1775447731342,key-47,347
1775447731351,key-33,357
1775447731405,key-14,412
1775447731445,key-3,199
1775447731445,key-47,451
1775447731600,key-9,208
1775447731627,key-43,206
1775447731632,key-9,240
1775447731646,key-14,206
1775447731653,key-9,261
1775447731720,key-33,726
1775447731757,key-47,763
1775447731811,key-29,364
1775447731815,key-9,423
1775447731829,key-27,835
1775447731853,key-9,461
1775447731933,key-47,939
1775447731933,key-47,939
1775447731965,key-14,525
1775447731990,key-37,324
1775447732037,key-11,179
1775447732067,key-9,675
1775447732068,key-33,1074
1775447732094,key-36,401
1775447732100,key-9,708
1775447732145,key-31,458
1775447732146,key-47,1152
1775447732146,key-47,1152
1775447732147,key-40,680
1775447732152,key-9,760
1775447732166,key-47,1172
1775447732167,key-42,173
1775447732195,key-29,748
1775447732197,key-27,1203
1775447732198,key-50,178
1775447732245,key-11,206
1775447732260,key-50,240
1775447732275,key-9,883
1775447732276,key-11,237
1775447732308,key-7,217
1775447732318,key-9,926
1775447732336,key-31,649
1775447732339,key-9,947
1775447732339,key-48,218
1775447732387,key-23,193
1775447732394,key-47,1400
1775447732395,key-8,304
1775447732404,key-39,411
1775447732425,key-30,238
1775447732445,key-24,268
1775447732470,key-2,723
1775447732484,key-36,170
1775447732518,key-10,446
1775447732519,key-8,428
1775447732519,key-20,1112
1775447732523,key-46,1109
1775447732534,key-29,238
1775447732544,key-29,248
1775447732555,key-9,1163
1775447732557,key-31,870
1775447732580,key-48,459
1775447732607,key-7,516
1775447732608,key-9,182
1775447732624,key-3,327
1775447732630,key-43,222
1775447732673,key-7,201
1775447732675,key-14,249
1775447732679,key-35,301
1775447732683,key-47,1689
1775447732723,key-14,297
1775447732724,key-50,704
1775447732751,key-24,180
1775447732773,key-18,166
1775447732776,key-46,183
1775447732803,key-49,176
1775447732853,key-47,1859
1775447732861,key-46,268
1775447732864,key-20,267
1775447732870,key-20,213
1775447732879,key-3,582
1775447732885,key-43,256
1775447732890,key-10,214
1775447732891,key-30,234
1775447732897,key-7,425
1775447732917,key-38,202
1775447732936,key-42,279
1775447732946,key-41,214
1775447732959,key-35,312
1775447733001,key-41,269
1775447733002,key-7,530
1775447733046,key-48,925
1775447733046,key-48,925
1775447733072,key-32,1881
1775447733079,key-42,422
1775447733088,key-39,269
1775447733097,key-43,168
1775447733097,key-43,168
1775447733098,key-30,259
1775447733104,key-13,984
1775447733106,key-34,176
1775447733135,key-22,243
1775447733137,key-20,480
1775447733141,key-19,158
1775447733153,key-12,196
1775447733166,key-35,519
1775447733186,key-35,539
1775447733191,key-41,459
1775447733194,key-42,213
1775447733194,key-7,722
1775447733195,key-48,1074
1775447733199,key-19,216
1775447733206,key-42,225
1775447733208,key-41,225
1775447733218,key-29,922
1775447733263,key-18,656
1775447733270,key-48,1149
1775447733271,key-42,290
1775447733278,key-42,297
1775447733307,key-19,324
1775447733307,key-43,378
1775447733318,key-35,235
1775447733330,key-30,491
1775447733370,key-2,175
1775447733371,key-21,271
1775447733372,key-48,1251
1775447733374,key-2,240
1775447733375,key-1,222
1775447733376,key-9,950
1775447733420,key-48,1299
1775447733424,key-12,467
1775447733428,key-41,278
1775447733428,key-7,956
1775447733429,key-7,957
1775447733430,key-2,235
1775447733433,key-9,1007
1775447733435,key-35,352
1775447733435,key-42,283
1775447733435,key-41,285
1775447733440,key-41,178
1775447733470,key-43,253
1775447733481,key-19,295
1775447733517,key-29,303
1775447733519,key-44,324
1775447733519,key-24,200
1775447733521,key-46,212
1775447733521,key-40,608
1775447733521,key-46,212
1775447733567,key-23,170
1775447733569,key-49,182
1775447733571,key-23,174
1775447733584,key-46,275
1775447733588,key-7,315
1775447733620,key-9,313
1775447733622,key-41,245
1775447733623,key-9,316
1775447733624,key-45,500
1775447733626,key-24,229
1775447733630,key-24,233
1775447733635,key-47,164
1775447733644,key-24,247
1775447733645,key-20,210
1775447733656,key-29,159
1775447733661,key-47,190
1775447733678,key-6,970
1775447733696,key-33,206
1775447733697,key-24,300
1775447733708,key-49,173
1775447733714,key-46,196
1775447733721,key-13,216
1775447733740,key-45,208
1775447733742,key-23,211
1775447733743,key-46,225
1775447733751,key-11,266
1775447733758,key-5,165
1775447733769,key-23,238
1775447733780,key-46,262
1775447733794,key-23,263
1775447733808,key-27,167
1775447733821,key-41,195
1775447733822,key-24,220
1775447733822,key-11,172
1775447733825,key-24,223
1775447733831,key-14,663
1775447733833,key-47,362
1775447733833,key-43,220
1775447733834,key-37,195
1775447733852,key-47,381
1775447733854,key-47,383
1775447733872,key-37,233
1775447733873,key-38,380
1775447733873,key-45,224
1775447733874,key-41,248
1775447733899,key-12,391
1775447733900,key-27,259
1775447733910,key-37,271
1775447733924,key-24,322
1775447733924,key-7,454
1775447733937,key-15,802
1775447733938,key-46,420
1775447733955,key-44,760
1775447733965,key-36,955
1775447733977,key-24,375
1775447733997,key-47,526
1775447733997,key-46,479
1775447734003,key-25,180
1775447734006,key-24,404
1775447734007,key-23,476
1775447734008,key-37,369
1775447734016,key-37,377
1775447734018,key-26,171
1775447734027,key-41,401
1775447734036,key-46,518
1775447734037,key-2,160
1775447734051,key-35,968
1775447734053,key-16,754
1775447734054,key-37,415
1775447734065,key-13,560
1775447734079,key-41,453
1775447734088,key-45,249
1775447734102,key-37,463
1775447734133,key-47,662
1775447734137,key-17,196
1775447734138,key-36,1128
1775447734138,key-37,168
1775447734139,key-50,216
1775447734139,key-44,215
1775447734154,key-37,162
1775447734155,key-2,174
1775447734156,key-11,187
1775447734159,key-18,176
1775447734159,key-25,243
1775447734166,key-37,174
1775447734167,key-1,184
1775447734169,key-43,556
1775447734178,key-31,195
1775447734180,key-23,649
1775447734184,key-21,196
1775447734184,key-17,243
1775447734193,key-27,185
1775447734193,key-25,179
1775447734202,key-48,668
1775447734206,key-38,167
1775447734211,key-37,219
1775447734218,key-24,616
1775447734235,key-15,170
1775447734237,key-37,245
1775447734242,key-37,162
1775447734243,key-49,708
1775447734253,key-41,627
1775447734256,key-29,286
1775447734257,key-41,631
1775447734264,key-37,166
1775447734269,key-2,288
1775447734280,key-10,1220
1775447734280,key-42,625
1775447734311,key-37,213
1775447734312,key-32,272
1775447734314,key-7,276
1775447734315,key-45,284
1775447734323,key-13,301
1775447734325,key-22,265
1775447734339,key-25,259
1775447734349,key-34,175
1775447734352,key-19,171
1775447734357,key-25,277
1775447734369,key-37,271
1775447734370,key-36,191
1775447734375,key-45,344
1775447734376,key-17,435
1775447734388,key-36,209
1775447734391,key-38,235
1775447734406,key-36,169
1775447734406,key-36,227
1775447734421,key-41,250
1775447734425,key-49,890
1775447734426,key-26,172
1775447734426,key-27,418
1775447734428,key-49,893
1775447734429,key-29,459
1775447734435,key-33,181
1775447734451,key-41,280
1775447734451,key-42,170
1775447734452,key-33,198
1775447734468,key-29,498
1775447734469,key-19,176
1775447734476,key-37,378
1775447734477,key-29,507
1775447734482,key-32,225
1775447734483,key-25,168
1775447734483,key-31,190
1775447734483,key-12,263
1775447734498,key-25,183
1775447734505,key-4,1153
1775447734519,key-25,204
1775447734525,key-34,351
1775447734537,key-23,1006
1775447734538,key-17,597
1775447734538,key-46,212
1775447734544,key-25,229
1775447734545,key-5,186
1775447734554,key-31,261
1775447734562,key-19,222
1775447734572,key-25,257
1775447734572,key-35,180
1775447734579,key-19,239
1775447734581,key-45,328
1775447734581,key-7,194
1775447734585,key-21,329
1775447734589,key-35,197
1775447734615,key-47,173
1775447734632,key-8,180
1775447734633,key-29,663
1775447734641,key-28,362
1775447734647,key-37,549
1775447734648,key-31,159
1775447734655,key-33,328
1775447734657,key-29,687
1775447734672,key-29,702
1775447734674,key-29,704
1775447734677,key-35,205
1775447734678,key-2,208
1775447734678,key-26,301
1775447734679,key-35,207
1775447734690,key-36,248
1775447734691,key-12,267
1775447734701,key-41,530
1775447734706,key-4,1354
1775447734707,key-14,273
1775447734707,key-19,204
1775447734708,key-46,382
1775447734724,key-20,729
1775447734725,key-39,385
1775447734726,key-25,255
1775447734727,key-28,219
1775447734727,key-11,372
1775447734741,key-32,177
1775447734742,key-23,263
1775447734743,key-31,254
1775447734746,key-21,211
1775447734759,key-31,270
1775447734760,key-36,218
1775447734760,key-39,187
1775447734761,key-3,156
1775447734765,key-13,183
1775447734775,key-13,193
1775447734784,key-32,220
1775447734799,key-22,739
1775447734800,key-47,286
1775447734802,key-36,260
1775447734810,key-6,2102
1775447734826,key-31,337
1775447734831,key-29,861
1775447734850,key-30,220
1775447734861,key-37,763
1775447734864,key-19,361
1775447734870,key-36,195
1775447734873,key-13,291
1775447734880,key-29,910
1775447734884,key-6,182
1775447734885,key-26,508
1775447734900,key-38,312
1775447734903,key-47,175
1775447734903,key-46,577
1775447734903,key-4,175
1775447734904,key-36,229
1775447734905,key-11,550
1775447734906,key-22,170
1775447734916,key-13,334
1775447734917,key-19,414
1775447734917,key-38,202
1775447734920,key-46,158
1775447734928,key-13,346
1775447734931,key-3,326
1775447734932,key-19,159
1775447734932,key-49,203
1775447734942,key-19,162
1775447734957,key-13,375
1775447734968,key-30,226
1775447734976,key-35,187
1775447734982,key-32,418
1775447734985,key-33,173
1775447735007,key-37,909
1775447735021,key-37,923
1775447735025,key-17,217
1775447735026,key-47,298
1775447735026,key-40,189
1775447735029,key-21,175
1775447735037,key-41,205
1775447735039,key-33,163
1775447735048,key-23,182
1775447735058,key-40,221
1775447735060,key-47,332
1775447735068,key-26,691
1775447735074,key-18,155
1775447735077,key-19,266
1775447735087,key-31,182
1775447735088,key-34,169
1775447735095,key-5,736
1775447735101,key-13,519
1775447735103,key-13,521
1775447735104,key-43,1491
1775447735104,key-2,184
1775447735109,key-17,301
1775447735109,key-15,268
1775447735116,key-29,191
1775447735118,key-2,198
1775447735123,key-3,518
1775447735123,key-18,204
1775447735124,key-16,323
1775447735124,key-32,191
1775447735135,key-19,324
1775447735135,key-13,553
1775447735137,key-32,157
1775447735149,key-38,434
1775447735155,key-33,279
1775447735155,key-9,187
1775447735159,key-35,370
1775447735160,key-11,805
1775447735161,key-32,181
1775447735170,key-31,187
1775447735172,key-35,383
1775447735172,key-13,186
1775447735181,key-45,199
1775447735186,key-40,223
1775447735196,key-17,180
1775447735203,key-31,220
1775447735210,key-28,184
1775447735213,key-30,471
1775447735213,key-16,220
1775447735220,key-46,237
1775447735221,key-23,355
1775447735233,key-30,165
1775447735234,key-23,368
1775447735236,key-28,210
1775447735242,key-34,323
1775447735242,key-17,226
1775447735253,key-15,195
1775447735258,key-40,160
1775447735259,key-5,166
1775447735264,key-31,281
1775447735272,key-5,179
1775447735284,key-17,169
1775447735294,key-32,168
1775447735302,key-15,244
1775447735303,key-19,177
1775447735303,key-26,926
1775447735303,key-19,177
1775447735313,key-3,708
1775447735315,key-15,257
1775447735334,key-21,174
1775447735337,key-45,355
1775447735341,key-33,465
1775447735346,key-21,186
1775447735352,key-17,237
1775447735354,key-24,174
1775447735354,key-16,234
1775447735357,key-6,170
1775447735367,key-38,241
1775447735368,key-6,181
1775447735369,key-41,166
1775447735369,key-6,182
1775447735369,key-28,187
1775447735370,key-10,189
1775447735374,key-17,259
1775447735379,key-9,411
1775447735380,key-11,161
1775447735385,key-6,198
1775447735388,key-44,188
1775447735389,key-6,202
1775447735394,key-28,159
1775447735400,key-34,220
1775447735400,key-13,252
1775447735401,key-10,220
1775447735409,key-41,206
1775447735411,key-28,176
1775447735412,key-34,232
1775447735425,key-37,205
1775447735429,key-7,156
1775447735440,key-28,205
1775447735442,key-5,349
1775447735453,key-5,360
1775447735455,key-5,362
1775447735459,key-23,593
1775447735460,key-19,174
1775447735463,key-26,284
1775447735472,key-26,293
1775447735473,key-17,358
1775447735475,key-49,208
1775447735475,key-28,173
1775447735484,key-26,305
1775447735485,key-28,183
1775447735487,key-32,361
1775447735487,key-18,338
1775447735496,key-19,210
1775447735499,key-12,195
1775447735502,key-33,626
1775447735525,key-19,239
1775447735545,key-35,756
1775447735549,key-21,185
1775447735550,key-11,160
1775447735555,key-28,253
1775447735557,key-23,157
1775447735559,key-17,444
1775447735565,key-29,587
1775447735567,key-11,165
1775447735572,key-31,373
1775447735581,key-18,193
1775447735585,key-33,709
1775447735586,key-41,176
1775447735592,key-34,412
1775447735609,key-19,181
1775447735609,key-42,177
1775447735609,key-18,221
1775447735610,key-11,208
1775447735610,key-28,308
1775447735610,key-19,182
1775447735611,key-41,201
1775447735618,key-11,216
1775447735619,key-44,173
1775447735621,key-32,173
1775447735635,key-6,221
1775447735641,key-44,195
1775447735642,key-15,584
1775447735642,key-7,172
1775447735650,key-18,262
1775447735650,key-45,668
1775447735652,key-7,182
1775447735654,key-7,184
1775447735656,key-36,296
1775447735658,key-30,590
1775447735661,key-41,251
1775447735666,key-6,252
1775447735674,key-23,274
1775447735691,key-4,191
1775447735706,key-13,191
1775447735733,key-42,225
1775447735756,key-24,210
1775447735795,key-41,250
1775447735796,key-34,616
1775447735796,key-12,257
1775447735798,key-19,370
1775447735802,key-45,820
1775447735804,key-47,281
1775447735808,key-13,293
1775447735814,key-48,679
1775447735814,key-22,293
1775447735817,key-18,429
1775447735818,key-25,205
1775447735853,key-32,405
1775447735853,key-33,333
1775447735856,key-24,310
1775447735856,key-17,202
1775447735857,key-10,198
1775447735857,key-10,198
1775447735857,key-11,455
1775447735857,key-32,204
1775447735858,key-42,350
1775447735871,key-25,213
1775447735904,key-49,247
1775447735904,key-7,434
1775447735905,key-33,385
1775447735908,key-6,254
1775447735909,key-17,255
1775447735915,key-4,272
1775447735916,key-23,427
1775447735917,key-42,409
1775447735918,key-21,419
1775447735918,key-17,350
1775447735965,key-17,273
1775447735966,key-3,1361
1775447735967,key-42,276
1775447735967,key-30,899
1775447735969,key-6,315
1775447735970,key-39,312
1775447735971,key-10,312
1775447735978,key-12,439
1775447735983,key-25,168
1775447735988,key-35,167
1775447735992,key-22,471
1775447735993,key-25,178
1775447735995,key-25,180
1775447735998,key-48,863
1775447736001,key-50,1365
1775447736005,key-22,484
1775447736006,key-24,192
1775447736013,key-49,356
1775447736018,key-44,480
1775447736018,key-15,960
1775447736028,key-10,185
1775447736034,key-42,343
1775447736034,key-24,220
1775447736044,key-35,223
1775447736046,key-34,355
1775447736051,key-24,156
1775447736055,key-22,534
1775447736065,key-17,373
1775447736066,key-31,211
1775447736067,key-31,178
1775447736074,key-27,193
1775447736075,key-7,605
1775447736076,key-7,606
1775447736095,key-33,575
1775447736103,key-42,412
1775447736107,key-46,170
1775447736108,key-8,244
1775447736108,key-41,452
1775447736110,key-3,179
1775447736121,key-4,180
1775447736122,key-23,633
1775447736137,key-2,207
1775447736138,key-8,274
1775447736139,key-9,289
1775447736139,key-4,198
1775447736140,key-50,240
1775447736140,key-3,209
1775447736140,key-3,209
1775447736145,key-17,185
1775447736147,key-21,235
1775447736153,key-42,167
1775447736155,key-25,170
1775447736158,key-22,190
1775447736159,key-23,670
1775447736159,key-25,174
1775447736162,key-22,194
1775447736171,key-49,253
1775447736172,key-45,187
1775447736176,key-36,177
1775447736184,key-22,216
1775447736184,key-24,289
1775447736185,key-9,166
1775447736188,key-36,286
1775447736190,key-5,245
1775447736191,key-25,376
1775447736192,key-2,262
1775447736198,key-4,257
1775447736199,key-25,214
1775447736204,key-24,309
1775447736216,key-6,197
1775447736217,key-28,168
1775447736217,key-35,168
1775447736219,key-39,289
1775447736224,key-2,294
1775447736230,key-49,312
1775447736236,key-19,808
1775447736241,key-41,192
1775447736244,key-13,209
1775447736251,key-31,362
1775447736251,key-48,165
1775447736253,key-4,312
1775447736259,key-4,318
1775447736276,key-23,787
1775447736276,key-33,199
1775447736281,key-17,206
1775447736292,key-43,225
1775447736297,key-15,178
1775447736309,key-45,190
1775447736309,key-3,241
1775447736312,key-21,400
1775447736321,key-35,161
1775447736326,key-25,341
1775447736327,key-32,206
1775447736327,key-49,409
1775447736332,key-40,245
1775447736335,key-42,195
1775447736336,key-36,337
1775447736338,key-37,1118
1775447736340,key-35,180
1775447736342,key-24,447
1775447736349,key-11,167
1775447736353,key-36,354
1775447736359,key-46,367
1775447736360,key-24,465
1775447736363,key-4,422
1775447736363,key-17,288
1775447736369,key-1,1264
1775447736370,key-33,243
1775447736383,key-2,178
1775447736384,key-1,1279
1775447736389,key-49,198
1775447736391,key-6,157
1775447736392,key-37,171
1775447736392,key-38,370
1775447736393,key-48,270
1775447736401,key-36,402
1775447736403,key-41,354
1775447736404,key-45,285
1775447736404,key-28,355
1775447736409,key-40,322
1775447736410,key-13,198
1775447736416,key-31,287
1775447736425,key-48,302
1775447736426,key-31,297
1775447736427,key-34,189
1775447736427,key-35,177
1775447736430,key-15,192
1775447736431,key-7,200
1775447736431,key-40,177
1775447736432,key-31,303
1775447736435,key-5,162
1775447736436,key-18,185
1775447736448,key-17,373
1775447736454,key-40,200
1775447736461,key-24,222
1775447736461,key-41,412
1775447736468,key-38,446
1775447736482,key-7,251
1775447736482,key-7,251
1775447736484,key-5,186
1775447736492,key-40,238
1775447736498,key-35,225
1775447736504,key-28,455
1775447736506,key-37,285
1775447736507,key-48,384
1775447736509,key-37,288
1775447736512,key-25,177
1775447736517,key-11,305
1775447736530,key-17,455
1775447736539,key-33,243
1775447736540,key-39,169
1775447736540,key-37,319
1775447736540,key-19,370
1775447736545,key-42,179
1775447736547,key-49,175
1775447736554,key-19,384
1775447736555,key-1,1450
1775447736562,key-3,159
1775447736562,key-36,563
1775447736568,key-22,165
1775447736578,key-41,529
1775447736579,key-49,165
1775447736590,key-29,383
1775447736590,key-10,370
1775447736590,key-19,185
1775447736590,key-1,177
1775447736591,key-39,220
1775447736604,key-28,169
1775447736605,key-3,202
1775447736606,key-5,308
1775447736614,key-4,179
1775447736615,key-41,566
1775447736616,key-1,160
1775447736616,key-22,213
1775447736617,key-34,171
1775447736619,key-44,187
1775447736619,key-25,160
1775447736622,key-1,166
1775447736623,key-5,325
1775447736630,key-17,555
1775447736640,key-6,190
1775447736643,key-22,240
1775447736644,key-33,265
1775447736657,key-18,155
1775447736662,key-5,364
1775447736664,key-9,177
1775447736665,key-12,217
1775447736665,key-4,166
1775447736665,key-4,166
1775447736677,key-42,311
1775447736698,key-11,263
1775447736709,key-29,217
1775447736710,key-31,224
1775447736711,key-43,351
1775447736717,key-7,486
1775447736718,key-39,347
1775447736718,key-19,313
1775447736719,key-49,305
1775447736720,key-42,354
1775447736721,key-13,509
1775447736726,key-31,240
1775447736734,key-25,193
1775447736735,key-19,330
1775447736735,key-49,321
1775447736744,key-5,223
1775447736746,key-3,240
1775447736750,key-19,345
1775447736753,key-36,754
1775447736759,key-50,591
1775447736760,key-5,239
1775447736763,key-1,307
1775447736773,key-13,182
1775447736774,key-13,562
1775447736778,key-22,232
1775447736778,key-17,703
1775447736779,key-30,1711
1775447736781,key-22,235
1775447736781,key-36,171
1775447736786,key-7,212
1775447736788,key-9,301
1775447736797,key-39,426
1775447736798,key-31,312
1775447736798,key-15,374
1775447736798,key-23,383
1775447736798,key-6,348
1775447736800,key-7,166
1775447736805,key-5,195
1775447736805,key-22,259
1775447736817,key-35,349
1775447736832,key-6,382
1775447736835,key-33,456
1775447736835,key-5,225
1775447736838,key-12,231
1775447736843,key-33,464
1775447736843,key-34,213
1775447736844,key-14,186
1775447736844,key-14,186
1775447736853,key-49,439
1775447736854,key-26,199
1775447736870,key-27,194
1775447736873,key-12,266
1775447736878,key-43,518
1775447736879,key-50,180
1775447736882,key-22,175
1775447736883,key-5,273
1775447736893,key-7,259
1775447736895,key-47,353
1775447736900,key-49,187
1775447736909,key-41,407
1775447736918,key-13,162
1775447736940,key-17,865
1775447736940,key-3,357
1775447736940,key-28,257
1775447736940,key-49,227
1775447736940,key-49,227
1775447736941,key-22,178
1775447736941,key-13,185
1775447736942,key-22,179
1775447736943,key-30,167
1775447736943,key-22,180
1775447736944,key-30,168
1775447736946,key-13,190
1775447736961,key-17,886
1775447736961,key-30,185
1775447736964,key-49,251
1775447736973,key-48,174
1775447736973,key-6,523
1775447736974,key-28,185
1775447736978,key-23,563
1775447736979,key-36,369
1775447736984,key-35,516
1775447736984,key-46,160
1775447736987,key-6,537
1775447736995,key-35,527
1775447736995,key-50,296
1775447737003,key-30,227
1775447737005,key-32,831
1775447737007,key-50,308
1775447737012,key-6,562
1775447737017,key-8,301
1775447737017,key-6,567
1775447737038,key-12,431
1775447737040,key-22,173
1775447737041,key-14,222
1775447737042,key-46,218
1775447737045,key-29,504
1775447737049,key-4,202
1775447737053,key-5,442
1775447737056,key-16,521
1775447737057,key-22,190
1775447737057,key-22,190
1775447737073,key-49,360
1775447737074,key-18,310
1775447737075,key-13,234
1775447737076,key-37,221
1775447737077,key-6,627
1775447737097,key-22,230
1775447737097,key-6,201
1775447737098,key-41,596
1775447737101,key-12,494
1775447737115,key-17,1040
1775447737116,key-15,172
1775447737116,key-8,254
1775447737124,key-49,411
1775447737125,key-38,658
1775447737134,key-12,527
1775447737137,key-30,318
1775447737137,key-28,348
1775447737138,key-47,596
1775447737139,key-15,195
1775447737145,key-8,160
1775447737148,key-39,166
1775447737149,key-49,436
1775447737151,key-36,241
1775447737151,key-33,772
1775447737151,key-26,286
1775447737152,key-13,278
1775447737162,key-6,266
1775447737162,key-13,288
1775447737168,key-36,258
1775447737174,key-27,164
1775447737178,key-22,311
1775447737185,key-3,177
1775447737187,key-20,161
1775447737188,key-6,292
1775447737189,key-37,334
1775447737191,key-27,181
1775447737203,key-2,753
1775447737203,key-42,220
1775447737203,key-47,160
1775447737204,key-42,183
1775447737205,key-45,169
1775447737205,key-4,358
1775447737205,key-10,160
1775447737208,key-8,223
1775447737210,key-47,167
1775447737218,key-28,429
1775447737219,key-41,166
1775447737219,key-22,212
1775447737219,key-16,240
1775447737221,key-39,209
1775447737223,key-47,156
1775447737228,key-42,207
1775447737233,key-5,288
1775447737247,key-6,161
1775447737259,key-12,652
1775447737266,key-9,187
1775447737273,key-8,288
1775447737277,key-41,200
1775447737286,key-4,439
1775447737287,key-2,175
1775447737290,key-49,577
1775447737291,key-2,179
1775447737292,key-16,312
1775447737292,key-3,284
1775447737292,key-23,290
1775447737304,key-40,227
1775447737304,key-29,164
1775447737304,key-15,193
1775447737317,key-30,198
1775447737320,key-28,218
1775447737321,key-28,219
1775447737322,key-39,310
1775447737325,key-4,180
1775447737325,key-44,162
1775447737329,key-47,166
1775447737330,key-22,313
1775447737331,key-36,241
1775447737340,key-50,164
1775447737342,key-10,172
1775447737351,key-50,175
1775447737351,key-37,161
1775447737352,key-50,176
1775447737354,key-19,216
1775447737360,key-29,190
1775447737360,key-7,155
1775447737366,key-29,226
1775447737370,key-3,166
1775447737376,key-42,355
1775447737377,key-4,160
1775447737377,key-18,211
1775447737377,key-4,160
1775447737379,key-34,738
1775447737380,key-49,667
1775447737383,key-16,404
1775447737387,key-10,217
1775447737388,key-41,201
1775447737388,key-47,225
1775447737393,key-33,227
1775447737394,key-46,171
1775447737400,key-23,398
1775447737403,key-47,240
1775447737407,key-5,228
1775447737408,key-15,181
1775447737410,key-22,393
1775447737411,key-20,230
1775447737412,key-16,433
1775447737418,key-4,273
1775447737419,key-33,253
1775447737420,key-42,399
1775447737421,key-6,254
1775447737421,key-12,252
1775447737431,key-20,166
1775447737436,key-12,267
1775447737439,key-47,276
1775447737444,key-47,281
1775447737446,key-2,240
1775447737447,key-36,357
1775447737449,key-28,278
1775447737450,key-27,185
1775447737458,key-1,402
1775447737460,key-41,273
1775447737461,key-4,193
1775447737478,key-6,311
1775447737488,key-42,467
1775447737489,key-14,591
1775447737494,key-4,226
1775447737500,key-47,337
1775447737502,key-28,169
1775447737502,key-4,234
1775447737503,key-22,165
1775447737507,key-40,196
1775447737508,key-21,264
1775447737509,key-10,339
1775447737516,key-44,165
1775447737519,key-41,332
1775447737522,key-19,384
1775447737525,key-37,172
1775447737526,key-45,319
1775447737527,key-50,351
1775447737529,key-14,193
1775447737534,key-24,306
1775447737540,key-16,186
1775447737547,key-18,164
1775447737547,key-3,343
1775447737551,key-25,412
1775447737551,key-32,333
1775447737551,key-18,161
1775447737554,key-16,200
1775447737569,key-41,180
1775447737571,key-20,306
1775447737571,key-22,169
1775447737571,key-41,182
1775447737572,key-33,236
1775447737577,key-45,370
1775447737579,key-21,165
1775447737580,key-14,167
1775447737581,key-42,560
1775447737582,key-22,180
1775447737583,key-29,377
1775447737590,key-20,325
1775447737591,key-29,385
1775447737591,key-37,238
1775447737591,key-16,161
1775447737593,key-14,180
1775447737597,key-37,203
1775447737597,key-47,434
1775447737602,key-12,433
1775447737625,key-16,169
1775447737627,key-4,359
1775447737633,key-20,368
1775447737635,key-37,183
1775447737636,key-7,184
1775447737646,key-24,418
1775447737647,key-9,323
1775447737648,key-49,191
1775447737652,key-49,195
1775447737653,key-1,204
1775447737657,key-41,170
1775447737658,key-41,171
1775447737660,key-41,173
1775447737673,key-49,216
1775447737674,key-17,344
1775447737676,key-7,187
1775447737684,key-35,239
1775447737685,key-8,181
1775447737690,key-37,238
1775447737690,key-40,245
1775447737707,key-8,252
1775447737714,key-18,277
1775447737718,key-41,329
1775447737745,key-25,203
1775447737749,key-48,415
1775447737750,key-39,218
1775447737750,key-31,197
1775447737751,key-40,199
1775447737752,key-33,197
1775447737752,key-12,192
1775447737753,key-42,270
1775447737753,key-36,182
1775447737756,key-45,173
1775447737776,key-44,363
1775447737785,key-45,202
1775447737787,key-12,227
1775447737793,key-22,391
1775447737795,key-49,196
1775447737799,key-15,264
1775447737804,key-20,333
1775447737805,key-16,349
1775447737806,key-45,324
1775447737807,key-8,303
1775447737807,key-41,320
1775447737808,key-19,216
1775447737808,key-28,195
1775447737808,key-49,209
1775447737809,key-29,220
1775447737811,key-35,366
1775447737815,key-43,547
1775447737821,key-34,217
1775447737821,key-45,238
1775447737827,key-8,323
1775447737828,key-33,273
1775447737834,key-38,245
1775447737836,key-50,213
1775447737837,key-30,211
1775447737849,key-7,279
1775447737854,key-34,250
1775447737856,key-22,454
1775447737861,key-38,272
1775447737862,key-24,292
1775447737862,key-45,279
1775447737862,key-34,258
1775447737871,key-31,212
1775447737875,key-42,276
1775447737882,key-37,430
1775447737897,key-7,327
1775447737897,key-44,264
1775447737898,key-33,343
1775447737898,key-45,315
1775447737898,key-6,328
1775447737906,key-21,321
1775447737906,key-31,247
1775447737908,key-29,227
1775447737915,key-47,272
1775447737938,key-32,222
1775447737938,key-42,339
1775447737943,key-8,224
1775447737948,key-44,315
1775447737956,key-36,322
1775447737957,key-48,623
1775447737958,key-38,226
1775447737958,key-2,375
1775447737958,key-18,408
1775447737966,key-26,416
1775447737966,key-1,456
1775447737966,key-38,234
1775447737968,key-48,634
1775447737978,key-19,386
1775447737979,key-16,523
1775447737979,key-21,243
1775447737997,key-15,210
1775447737998,key-45,415
1775447738001,key-23,195
1775447738001,key-29,320
1775447738004,key-25,210
1775447738007,key-41,520
1775447738008,key-34,184
1775447738009,key-7,221
1775447738009,key-35,277
1775447738013,key-29,332
1775447738014,key-2,166
1775447738014,key-9,690
1775447738017,key-21,178
1775447738027,key-23,221
1775447738027,key-43,177
1775447738040,key-41,553
1775447738040,key-2,177
1775447738050,key-24,179
1775447738050,key-34,226
1775447738050,key-8,331
1775447738052,key-19,460
1775447738052,key-34,228
1775447738055,key-41,568
1775447738056,key-50,190
1775447738059,key-34,235
1775447738060,key-45,477
1775447738060,key-34,236
1775447738060,key-37,608
1775447738067,key-41,580
1775447738072,key-28,419
1775447738072,key-21,233
1775447738072,key-38,340
1775447738073,key-32,177
1775447738085,key-26,156
1775447738089,key-26,160
1775447738090,key-15,190
1775447738093,key-8,374
1775447738096,key-35,157
1775447738102,key-21,263
1775447738103,key-26,174
1775447738106,key-37,654
1775447738113,key-38,381
1775447738120,key-13,180
1775447738137,key-42,538
1775447738137,key-12,236
1775447738138,key-18,238
1775447738138,key-24,238
1775447738138,key-13,198
1775447738138,key-11,194
1775447738139,key-13,199
1775447738139,key-38,407
1775447738140,key-13,200
1775447738141,key-8,422
1775447738141,key-43,291
1775447738141,key-21,302
1775447738142,key-4,203
1775447738142,key-24,242
1775447738142,key-30,240
1775447738148,key-34,253
1775447738152,key-38,420
1775447738154,key-13,214
1775447738155,key-26,189
1775447738163,key-11,178
1775447738165,key-20,160
1775447738168,key-9,159
1775447738172,key-45,589
1775447738181,key-20,176
1775447738181,key-2,286
1775447738181,key-36,547
1775447738183,key-7,277
1775447738187,key-48,350
1775447738193,key-18,293
1775447738193,key-13,253
1775447738195,key-49,180
1775447738202,key-45,619
1775447738203,key-24,189
1775447738203,key-1,185
1775447738204,key-32,308
1775447738205,key-47,156
1775447738214,key-29,533
1775447738215,key-34,225
1775447738216,key-35,236
1775447738219,key-15,232
1775447738220,key-11,177
1775447738226,key-19,198
1775447738229,key-23,423
1775447738231,key-37,181
1775447738232,key-30,330
1775447738246,key-6,256
1775447738247,key-1,229
1775447738247,key-17,185
1775447738251,key-10,162
1775447738255,key-43,239
1775447738256,key-15,174
1775447738256,key-35,170
1775447738256,key-43,240
1775447738260,key-26,294
1775447738263,key-8,544
1775447738265,key-37,215
1775447738267,key-27,310
1775447738267,key-32,181
1775447738271,key-35,185
1775447738277,key-24,263
1775447738282,key-21,443
1775447738286,key-34,296
1775447738291,key-17,229
1775447738294,key-12,181
1775447738294,key-23,488
1775447738294,key-13,245
1775447738297,key-13,248
1775447738306,key-29,625
1775447738316,key-26,350
1775447738317,key-9,308
1775447738318,key-14,174
1775447738325,key-4,184
1775447738327,key-44,178
1775447738330,key-40,396
1775447738333,key-20,162
1775447738337,key-9,328
1775447738338,key-25,161
1775447738339,key-20,168
1775447738344,key-36,204
1775447738345,key-14,201
1775447738348,key-44,715
1775447738349,key-23,165
1775447738355,key-8,215
1775447738358,key-17,159
1775447738359,key-49,344
1775447738362,key-35,178
1775447738364,key-17,165
1775447738365,key-38,313
1775447738370,key-1,352
1775447738371,key-43,184
1775447738373,key-13,324
1775447738378,key-35,194
1775447738381,key-26,184
1775447738384,key-25,207
1775447738389,key-40,161
1775447738390,key-47,341
1775447738393,key-30,228
1775447738396,key-23,212
1775447738396,key-11,353
1775447738396,key-50,157
1775447738399,key-19,156
1775447738403,key-44,254
1775447738406,key-4,229
1775447738406,key-32,182
1775447738406,key-24,266
1775447738410,key-18,425
1775447738411,key-13,362
1775447738411,key-42,812
1775447738413,key-34,319
1775447738417,key-44,268
1775447738419,key-42,163
1775447738422,key-28,229
1775447738429,key-23,154
1775447738429,key-26,232
1775447738430,key-45,847
1775447738435,key-9,165
1775447738436,key-23,161
1775447738437,key-2,176
1775447738439,key-42,840
1775447738441,key-12,328
1775447738446,key-34,171
1775447738447,key-34,172
1775447738454,key-26,257
1775447738454,key-32,230
1775447738459,key-24,319
1775447738461,key-34,167
1775447738463,key-38,215
1775447738464,key-29,158
1775447738466,key-16,595
1775447738469,key-34,175
1775447738477,key-47,428
1775447738477,key-23,166
1775447738479,key-19,186
1775447738483,key-47,434
1775447738485,key-31,394
1775447738492,key-8,352
1775447738492,key-21,282
1775447738497,key-43,310
1775447738503,key-5,1324
1775447738505,key-44,166
1775447738506,key-20,335
1775447738507,key-14,363
1775447738511,key-4,272
1775447738512,key-44,173
1775447738513,key-18,528
1775447738526,key-44,159
1775447738531,key-44,164
1775447738533,key-40,182
1775447738536,key-37,205
1775447738542,key-38,207
1775447738548,key-7,161
1775447738550,key-11,270
1775447738559,key-40,208
1775447738560,key-47,511
1775447738560,key-40,209
1775447738561,key-16,221
1775447738569,key-10,474
1775447738569,key-33,213
1775447738569,key-13,297
1775447738576,key-24,158
1775447738577,key-1,333
1775447738580,key-33,206
1775447738580,key-10,485
1775447738581,key-42,157
1775447738584,key-4,345
1775447738586,key-17,168
1775447738586,key-32,362
1775447738591,key-41,551
1775447738591,key-49,576
1775447738592,key-42,160
1775447738593,key-17,175
1775447738593,key-31,201
1775447738594,key-8,454
1775447738594,key-45,1011
1775447738594,key-42,162
1775447738603,key-13,166
1775447738607,key-23,296
1775447738609,key-42,177
1775447738610,key-26,222
1775447738612,key-13,175
1775447738614,key-26,226
1775447738615,key-42,183
1775447738615,key-21,215
1775447738622,key-22,347
1775447738622,key-13,350
1775447738632,key-29,156
1775447738634,key-32,410
1775447738636,key-45,1053
1775447738638,key-43,230
1775447738639,key-44,272
1775447738646,key-29,170
1775447738647,key-39,1023
1775447738658,key-23,347
1775447738669,key-14,161
1775447738670,key-33,164
1775447738670,key-30,215
1775447738674,key-20,503
1775447738674,key-26,286
1775447738679,key-4,186
1775447738679,key-3,217
1775447738679,key-43,195
1775447738679,key-29,177
1775447738695,key-14,187
1775447738695,key-25,231
1775447738697,key-7,310
1775447738700,key-22,425
1775447738704,key-17,164
1775447738716,key-47,239
1775447738718,key-42,180
1775447738718,key-26,180
1775447738719,key-17,179
1775447738721,key-17,181
1775447738727,key-8,168
1775447738731,key-28,224
1775447738731,key-28,224
1775447738736,key-11,456
1775447738737,key-38,167
1775447738747,key-41,176
1775447738747,key-36,161
1775447738748,key-42,210
1775447738749,key-4,256
1775447738751,key-10,179
1775447738753,key-15,167
1775447738753,key-8,194
1775447738755,key-39,247
1775447738760,key-13,232
1775447738761,key-21,361
1775447738761,key-4,268
1775447738761,key-41,190
1775447738767,key-31,181
1775447738768,key-19,171
1775447738768,key-10,196
1775447738769,key-32,174
1775447738773,key-12,252
1775447738773,key-16,157
1775447738778,key-36,192
1775447738779,key-42,241
1775447738780,key-19,183
1775447738781,key-13,253
1775447738783,key-10,211
1775447738787,key-28,173
1775447738788,key-9,206
1775447738790,key-29,261
1775447738791,key-13,263
1775447738792,key-31,206
1775447738794,key-28,180
1775447738798,key-24,164
1775447738799,key-21,226
1775447738814,key-29,285
1775447738822,key-4,329
1775447738823,key-29,294
1775447738824,key-1,180
1775447738824,key-35,182
1775447738828,key-39,320
1775447738828,key-14,201
1775447738828,key-20,231
1775447738829,key-50,218
1775447738832,key-28,218
1775447738839,key-14,212
1775447738844,key-15,216
1775447738850,key-36,173
1775447738854,key-13,326
1775447738857,key-8,298
1775447738858,key-25,394
1775447738861,key-18,314
1775447738864,key-26,167
1775447738864,key-25,191
1775447738873,key-4,167
1775447738875,key-25,202
1775447738876,key-19,175
1775447738884,key-22,254
1775447738889,key-47,218
1775447738895,key-38,325
1775447738895,key-39,170
1775447738900,key-25,180
1775447738901,key-47,164
1775447738902,key-10,330
1775447738905,key-38,335
1775447738909,key-14,162
1775447738913,key-42,287
1775447738915,key-8,356
1775447738916,key-23,157
1775447738923,key-17,327
1775447738923,key-25,203
1775447738938,key-45,411
1775447738938,key-42,171
1775447738938,key-38,368
1775447738938,key-17,342
1775447738939,key-42,172
1775447738944,key-41,160
1775447738945,key-41,161
1775447738945,key-12,424
1775447738945,key-26,248
1775447738946,key-9,236
1775447738949,key-13,253
1775447738951,key-21,198
1775447738951,key-30,156
1775447738955,key-30,160
1775447738956,key-41,385
1775447738956,key-18,173
1775447738964,key-22,334
1775447738966,key-7,169
1775447738967,key-6,166
1775447738968,key-45,441
1775447738968,key-47,166
1775447738969,key-6,168
1775447738970,key-28,330
1775447738974,key-24,340
1775447738980,key-20,165
1775447738980,key-47,178
1775447738981,key-47,179
1775447738987,key-31,215
1775447738989,key-31,217
1775447738991,key-46,224
1775447738996,key-10,424
1775447738999,key-14,252
1775447739000,key-28,360
1775447739000,key-16,300
1775447739001,key-8,442
1775447739001,key-3,154
1775447739007,key-16,307
1775447739011,key-13,315
1775447739011,key-18,228
1775447739011,key-6,182
1775447739012,key-10,440
1775447739018,key-25,298
1775447739024,key-11,156
1775447739029,key-41,180
1775447739029,key-31,257
1775447739031,key-10,156
1775447739038,key-4,184
1775447739040,key-10,165
1775447739042,key-19,341
1775447739049,key-25,329
1775447739052,key-39,327
1775447739055,key-38,156
1775447739066,key-8,507
1775447739069,key-27,192
1775447739070,key-8,194
1775447739079,key-25,359
1775447739080,key-42,160
1775447739081,key-3,234
1775447739086,key-26,239
1775447739093,key-27,166
1775447739100,key-7,160
1775447739102,key-16,178
1775447739109,key-9,399
1775447739114,key-21,361
1775447739115,key-26,175
1775447739117,key-28,477
1775447739118,key-42,162
1775447739121,key-41,272
1775447739122,key-3,157
1775447739127,key-25,407
1775447739127,key-45,187
1775447739127,key-41,278
1775447739127,key-18,276
1775447739131,key-42,211
1775447739138,key-17,542
1775447739139,key-25,182
1775447739139,key-19,438
1775447739139,key-7,173
1775447739142,key-2,170
1775447739143,key-33,156
1775447739143,key-40,211
1775447739143,key-39,418
1775447739143,key-3,178
1775447739144,key-44,478
1775447739153,key-26,213
1775447739154,key-10,161
1775447739160,key-7,158
1775447739167,key-7,165
1775447739168,key-1,162
1775447739170,key-2,198
1775447739171,key-6,254
1775447739173,key-8,171
1775447739173,key-13,187
1775447739173,key-6,256
1775447739177,key-38,278
1775447739180,key-8,178
1775447739180,key-26,240
1775447739181,key-16,195
1775447739183,key-33,196
1775447739188,key-9,229
1775447739190,key-21,175
1775447739190,key-48,168
1775447739193,key-8,158
1775447739197,key-34,589
1775447739197,key-10,189
1775447739197,key-27,171
1775447739197,key-39,161
1775447739200,key-41,177
1775447739207,key-39,171
1775447739212,key-10,204
1775447739213,key-4,359
1775447739215,key-1,163
1775447739216,key-16,230
1775447739220,key-39,184
1775447739221,key-4,367
1775447739222,key-9,188
1775447739223,key-10,215
1775447739224,key-10,216
1775447739225,key-9,191
1775447739228,key-46,461
1775447739234,key-10,226
1775447739235,key-10,161
1775447739235,key-42,279
1775447739238,key-19,170
1775447739241,key-41,218
1775447739249,key-4,395
1775447739250,key-7,214
1775447739255,key-27,229
1775447739256,key-4,402
1775447739256,key-7,220
1775447739256,key-4,402
1775447739263,key-42,307
1775447739264,key-1,212
1775447739266,key-3,171
1775447739270,key-16,167
1775447739271,key-41,179
1775447739271,key-21,256
1775447739275,key-1,223
1775447739275,key-9,241
1775447739285,key-9,156
1775447739289,key-21,274
1775447739289,key-25,332
1775447739294,key-17,698
1775447739300,key-39,264
1775447739300,key-46,253
1775447739302,key-39,266
1775447739303,key-1,251
1775447739306,key-25,163
1775447739308,key-46,261
1775447739308,key-12,162
1775447739316,key-44,157
1775447739321,key-39,285
1775447739330,key-1,168
1775447739332,key-5,173
1775447739334,key-10,260
1775447739334,key-29,174
1775447739335,key-27,234
1775447739335,key-41,187
1775447739342,key-15,166
1775447739345,key-16,242
1775447739346,key-36,360
1775447739346,key-44,187
1775447739350,key-6,433
1775447739354,key-25,211
1775447739356,key-45,165
1775447739359,key-8,301
1775447739359,key-28,161
1775447739360,key-35,156
1775447739363,key-33,295
1775447739366,key-10,292
1775447739369,key-44,163
1775447739376,key-28,178
1775447739376,key-39,340
1775447739378,key-50,176
1775447739378,key-7,247
1775447739383,key-29,169
1775447739383,key-20,170
1775447739387,key-31,204
1775447739387,key-8,164
1775447739390,key-11,403
1775447739394,key-23,157
1775447739394,key-8,171
1775447739395,key-6,478
1775447739396,key-44,237
1775447739410,key-23,173
1775447739411,key-29,174
1775447739411,key-10,337
1775447739414,key-50,212
1775447739414,key-25,271
1775447739415,key-43,197
1775447739418,key-46,371
1775447739430,key-16,204
1775447739431,key-3,336
1775447739433,key-1,168
1775447739433,key-31,161
1775447739435,key-13,169
1775447739437,key-3,342
1775447739439,key-25,296
1775447739449,key-8,168
1775447739451,key-20,155
1775447739451,key-28,155
1775447739452,key-34,157
1775447739457,key-39,421
1775447739459,key-6,218
1775447739465,key-21,170
1775447739465,key-50,164
1775447739467,key-46,188
1775447739468,key-9,190
1775447739468,key-1,227
1775447739471,key-37,378
1775447739474,key-34,179
1775447739478,key-39,442
1775447739479,key-7,219
1775447739484,key-44,255
1775447739488,key-47,177
1775447739490,key-12,154
1775447739494,key-16,268
1775447739495,key-8,214
1775447739497,key-46,218
1775447739501,key-1,236
1775447739501,key-40,158
1775447739503,key-44,274
1775447739504,key-40,161
1775447739505,key-32,235
1775447739510,key-8,229
1775447739510,key-4,163
1775447739511,key-40,168
1775447739511,key-26,290
1775447739516,key-6,207
1775447739516,key-36,183
1775447739518,key-25,375
1775447739522,key-33,162
1775447739530,key-4,183
1775447739531,key-50,230
1775447739534,key-36,201
1775447739541,key-25,219
1775447739541,key-20,160
1775447739543,key-49,158
1775447739546,key-25,160
1775447739547,key-49,335
1775447739548,key-29,311
1775447739548,key-27,447
1775447739550,key-25,164
1775447739557,key-39,521
1775447739561,key-10,162
1775447739562,key-31,279
1775447739562,key-27,154
1775447739562,key-8,281
1775447739566,key-41,418
1775447739567,key-27,159
1775447739570,key-23,200
1775447739575,key-29,338
1775447739576,key-15,253
1775447739577,key-44,177
1775447739578,key-34,170
1775447739578,key-6,269
1775447739580,key-32,156
1775447739581,key-44,181
1775447739588,key-34,293
1775447739588,key-28,164
1775447739591,key-30,589
1775447739599,key-26,215
1775447739606,key-1,193
1775447739607,key-31,324
1775447739607,key-25,221
1775447739608,key-27,159
1775447739609,key-3,165
1775447739617,key-49,174
1775447739617,key-28,193
1775447739621,key-30,619
1775447739621,key-37,528
1775447739623,key-3,179
1775447739624,key-34,161
1775447739627,key-34,164
1775447739637,key-9,258
1775447739638,key-23,208
1775447739639,key-35,156
1775447739646,key-27,158
1775447739649,key-1,166
1775447739657,key-24,196
1775447739658,key-16,326
1775447739659,key-3,179
1775447739660,key-40,317
1775447739665,key-7,225
1775447739666,key-46,188
1775447739667,key-8,386
1775447739671,key-32,247
1775447739671,key-49,165
1775447739672,key-6,180
1775447739672,key-50,212
1775447739676,key-8,163
1775447739679,key-18,219
1775447739680,key-44,280
1775447739684,key-17,182
1775447739686,key-44,286
1775447739686,key-8,173
1775447739687,key-38,304
1775447739689,key-39,653
1775447739690,key-40,347
1775447739690,key-34,227
1775447739693,key-22,406
1775447739696,key-31,217
1775447739699,key-44,299
1775447739699,key-7,259
1775447739700,key-20,159
1775447739700,key-25,314
1775447739710,key-11,723
1775447739711,key-45,393
1775447739716,key-40,373
1775447739719,key-49,193
1775447739720,key-25,334
1775447739720,key-26,306
1775447739730,key-29,207
1775447739730,key-21,297
1775447739731,key-27,169
1775447739734,key-6,242
1775447739735,key-27,173
1775447739740,key-31,164
1775447739742,key-1,180
1775447739742,key-38,206
1775447739745,key-28,276
1775447739747,key-35,177
1775447739749,key-41,601
1775447739753,key-50,293
1775447739756,key-28,287
1775447739758,key-47,168
1775447739760,key-42,169
1775447739762,key-4,228
1775447739762,key-4,228
1775447739763,key-34,300
1775447739767,key-39,731
1775447739776,key-1,214
1775447739777,key-30,308
1775447739780,key-5,166
1775447739780,key-10,230
1775447739785,key-31,209
1775447739793,key-26,379
1775447739793,key-37,214
1775447739797,key-14,161
1775447739799,key-30,172
1775447739805,key-37,226
1775447739805,key-37,226
1775447739806,key-25,420
1775447739807,key-37,228
1775447739814,key-3,153
1775447739814,key-15,491
1775447739815,key-23,268
1775447739819,key-44,216
1775447739825,key-18,216
1775447739827,key-14,214
1775447739827,key-29,164
1775447739834,key-10,171
1775447739836,key-50,169
1775447739840,key-50,173
1775447739840,key-17,202
1775447739847,key-15,524
1775447739855,key-40,512
1775447739856,key-12,267
1775447739858,key-46,163
1775447739861,key-31,168
1775447739861,key-13,205
1775447739864,key-2,174
1775447739864,key-5,250
1775447739868,key-46,173
1775447739874,key-5,157
1775447739876,key-20,174
1775447739877,key-22,214
1775447739878,key-20,176
1775447739878,key-6,386
1775447739878,key-20,176
1775447739878,key-7,438
1775447739878,key-30,178
1775447739880,key-50,213
1775447739881,key-39,845
1775447739887,key-38,214
1775447739888,key-40,545
1775447739890,key-46,195
1775447739891,key-49,155
1775447739891,key-21,458
1775447739894,key-21,461
1775447739898,key-27,243
1775447739903,key-18,218
1775447739904,key-35,305
1775447739904,key-37,180
1775447739905,key-42,314
1775447739908,key-26,285
1775447739908,key-19,483
1775447739913,key-28,161
1775447739914,key-1,352
1775447739915,key-35,316
1775447739917,key-15,594
1775447739924,key-7,167
1775447739927,key-49,226
1775447739928,key-28,176
1775447739931,key-5,214
1775447739932,key-11,215
1775447739935,key-6,214
1775447739936,key-7,179
1775447739936,key-8,283
1775447739941,key-11,174
1775447739942,key-30,242
1775447739946,key-9,567
1775447739948,key-12,159
1775447739950,key-13,172
1775447739953,key-28,484
1775447739955,key-32,270
1775447739956,key-5,239
1775447739958,key-36,155
1775447739960,key-37,236
1775447739970,key-19,158
1775447739973,key-31,164
1775447739973,key-30,167
1775447739980,key-37,256
1775447739980,key-11,173
1775447739982,key-23,435
1775447739983,key-18,157
1775447739990,key-26,212
1775447739997,key-29,169
1775447739999,key-18,173
1775447740000,key-50,333
1775447740004,key-8,351
1775447740005,key-50,338
1775447740005,key-2,164
1775447740006,key-15,181
1775447740012,key-12,160
1775447740019,key-50,352
1775447740019,key-16,463
1775447740021,key-5,304
1775447740026,key-2,185
1775447740031,key-40,688
1775447740031,key-17,158
1775447740035,key-20,166
1775447740038,key-15,213
1775447740041,key-20,172
1775447740044,key-21,185
1775447740047,key-39,304
1775447740050,key-10,209
1775447740051,key-34,164
1775447740061,key-45,371
1775447740065,key-6,159
1775447740065,key-23,518
1775447740066,key-7,161
1775447740067,key-41,160
1775447740069,key-36,206
1775447740070,key-37,245
1775447740071,key-6,165
1775447740074,key-26,296
1775447740075,key-11,268
1775447740076,key-17,172
1775447740077,key-17,173
1775447740080,key-28,222
1775447740082,key-7,177
1775447740085,key-46,390
1775447740086,key-47,156
1775447740087,key-42,158
1775447740088,key-1,181
1775447740088,key-5,156
1775447740090,key-11,283
1775447740092,key-15,267
1775447740095,key-7,190
1775447740096,key-11,289
1775447740102,key-46,171
1775447740106,key-28,172
1775447740109,key-31,194
1775447740109,key-34,197
1775447740109,key-13,331
1775447740110,key-5,178
1775447740112,key-11,305
1775447740117,key-26,339
1775447740118,key-4,459
1775447740121,key-36,163
1775447740121,key-22,164
1775447740122,key-32,215
1775447740122,key-40,193
1775447740123,key-20,155
1775447740127,key-4,468
1775447740127,key-29,158
1775447740128,key-22,171
1775447740133,key-2,166
1775447740137,key-37,208
1775447740138,key-20,170
1775447740139,key-47,163
1775447740139,key-3,212
1775447740140,key-29,171
1775447740144,key-28,210
1775447740147,key-25,162
1775447740147,key-11,340
1775447740147,key-16,178
1775447740151,key-15,166
1775447740153,key-47,177
1775447740155,key-18,169
1775447740157,key-23,610
1775447740159,key-32,252
1775447740160,key-13,382
1775447740163,key-25,178
1775447740166,key-11,359
1775447740168,key-20,200
1775447740168,key-43,632
1775447740170,key-16,201
1775447740172,key-50,505
1775447740175,key-26,397
1775447740175,key-23,154
1775447740176,key-5,202
1775447740177,key-6,171
1775447740184,key-5,210
1775447740187,key-10,262
1775447740189,key-50,522
1775447740190,key-37,261
1775447740191,key-17,265
1775447740197,key-5,223
1775447740198,key-15,170
1775447740205,key-40,276
1775447740205,key-32,160
1775447740206,key-30,165
1775447740206,key-39,463
1775447740207,key-20,191
1775447740209,key-18,176
1775447740212,key-32,167
1775447740212,key-21,160
1775447740218,key-20,202
1775447740219,key-6,168
1775447740220,key-20,204
1775447740224,key-23,203
1775447740232,key-50,162
1775447740234,key-34,248
1775447740235,key-17,309
1775447740239,key-13,182
1775447740239,key-30,198
1775447740241,key-27,299
1775447740241,key-17,315
1775447740244,key-39,160
1775447740246,key-6,195
1775447740249,key-11,442
1775447740250,key-15,161
1775447740250,key-23,229
1775447740256,key-16,158
1775447740257,key-38,288
1775447740258,key-46,267
1775447740262,key-50,177
1775447740263,key-11,456
1775447740264,key-15,175
1775447740271,key-22,314
1775447740275,key-34,289
1775447740277,key-1,158
1775447740279,key-1,160
1775447740283,key-5,309
1775447740285,key-7,380
1775447740287,key-46,174
1775447740287,key-26,509
1775447740290,key-22,333
1775447740293,key-20,195
1775447740296,key-46,183
1775447740300,key-32,158
1775447740309,key-28,176
1775447740311,key-28,178
1775447740316,key-38,160
1775447740316,key-15,162
1775447740317,key-47,341
1775447740323,key-43,168
1775447740323,key-8,209
1775447740323,key-43,168
1775447740339,key-22,382
1775447740339,key-37,166
1775447740348,key-5,155
1775447740350,key-47,374
1775447740351,key-37,163
1775447740354,key-5,161
1775447740360,key-40,212
1775447740360,key-14,679
1775447740360,key-37,172
1775447740361,key-37,173
1775447740363,key-36,217
1775447740364,key-5,171
1775447740367,key-9,156
1775447740368,key-10,160
1775447740368,key-22,167
1775447740369,key-49,331
1775447740373,key-32,155
1775447740374,key-43,219
1775447740378,key-27,171
1775447740385,key-43,230
1775447740385,key-20,287
1775447740389,key-48,203
1775447740393,key-14,169
1775447740394,key-11,172
1775447740395,key-13,198
1775447740397,key-43,170
1775447740398,key-11,176
1775447740399,key-29,430
1775447740404,key-10,229
1775447740405,key-25,166
1775447740405,key-50,165
1775447740406,key-14,154
1775447740411,key-11,189
1775447740412,key-16,307
1775447740412,key-32,166
1775447740412,key-43,185
1775447740416,key-31,157
1775447740417,key-19,281
1775447740417,key-31,158
1775447740418,key-15,166
1775447740418,key-22,217
1775447740418,key-11,196
1775447740420,key-28,173
1775447740425,key-28,178
1775447740426,key-11,204
1775447740429,key-23,211
1775447740430,key-11,208
1775447740431,key-37,159
1775447740433,key-31,174
1775447740438,key-1,319
1775447740439,key-30,209
1775447740440,key-1,321
1775447740442,key-34,456
1775447740443,key-11,167
1775447740444,key-46,162
1775447740445,key-31,167
1775447740446,key-46,164
1775447740447,key-39,161
1775447740447,key-38,161
1775447740449,key-30,219
1775447740450,key-28,203
1775447740454,key-43,168
1775447740461,key-41,159
1775447740462,key-35,217
1775447740463,key-24,362
1775447740465,key-7,202
1775447740469,key-15,179
1775447740469,key-46,187
1775447740470,key-15,218
1775447740471,key-20,243
1775447740471,key-20,243
1775447740472,key-38,186
1775447740485,key-34,160
1775447740488,key-45,180
1775447740488,key-43,202
1775447740489,key-1,370
1775447740493,key-8,284
1775447740494,key-43,208
1775447740495,key-8,286
1775447740514,key-19,191
1775447740515,key-46,233
1775447740520,key-5,327
1775447740520,key-5,327
1775447740520,key-33,165
1775447740521,key-36,180
1775447740522,key-15,232
1775447740526,key-20,298
1775447740527,key-44,166
1775447740527,key-11,166
1775447740528,key-5,335
1775447740533,key-22,317
1775447740542,key-8,162
1775447740544,key-43,258
1775447740544,key-37,272
1775447740546,key-30,316
1775447740547,key-19,224
1775447740547,key-8,167
1775447740548,key-43,262
1775447740549,key-5,356
1775447740552,key-27,166
1775447740557,key-8,348
1775447740559,key-37,287
1775447740569,key-11,175
1775447740571,key-12,279
1775447740571,key-47,359
1775447740572,key-13,259
1775447740573,key-10,177
1775447740573,key-43,287
1775447740573,key-15,283
1775447740574,key-29,605
1775447740575,key-9,229
1775447740581,key-36,240
1775447740582,key-24,481
1775447740586,key-23,310
1775447740587,key-11,193
1775447740589,key-3,167
1775447740592,key-1,473
1775447740593,key-44,232
1775447740593,key-44,232
1775447740594,key-37,181
1775447740595,key-11,201
1775447740599,key-11,205
1775447740600,key-18,171
1775447740606,key-30,376
1775447740607,key-45,299
1775447740607,key-43,321
1775447740615,key-19,292
1775447740615,key-31,298
1775447740618,key-39,185
1775447740619,key-2,171
1775447740623,key-28,257
1775447740624,key-35,196
1775447740624,key-13,311
1775447740635,key-3,213
1775447740635,key-7,198
1775447740635,key-15,345
1775447740637,key-4,179
1775447740637,key-2,166
1775447740640,key-39,207
1775447740641,key-3,157
1775447740641,key-35,165
1775447740643,key-35,167
1775447740645,key-49,205
1775447740651,key-43,365
1775447740654,key-9,164
1775447740659,key-33,212
1775447740660,key-8,175
1775447740660,key-17,165
1775447740667,key-45,359
1775447740667,key-34,342
1775447740669,key-38,160
1775447740669,key-18,208
1775447740669,key-20,219
1775447740673,key-33,226
1775447740674,key-30,162
1775447740677,key-32,331
1775447740681,key-19,170
1775447740687,key-11,293
1775447740688,key-5,204
1775447740697,key-46,163
1775447740699,key-8,214
1775447740699,key-3,215
1775447740704,key-17,209
1775447740711,key-8,226
1775447740719,key-19,208
1775447740725,key-21,288
1775447740730,key-2,170
1775447740731,key-37,318
1775447740731,key-25,492
1775447740734,key-33,183
1775447740737,key-11,343
1775447740737,key-36,171
1775447740738,key-36,172
1775447740738,key-11,344
1775447740741,key-5,158
1775447740742,key-13,429
1775447740744,key-26,159
1775447740745,key-5,210
1775447740745,key-39,312
1775447740745,key-11,351
1775447740753,key-31,217
1775447740759,key-1,158
1775447740760,key-46,226
1775447740762,key-27,376
1775447740764,key-11,370
1775447740772,key-2,212
1775447740772,key-31,177
1775447740777,key-32,431
1775447740778,key-46,159
1775447740781,key-42,159
1775447740781,key-12,173
1775447740781,key-39,184
1775447740783,key-6,172
1775447740783,key-2,223
1775447740787,key-4,181
1775447740787,key-13,474
1775447740788,key-22,154
1775447740794,key-44,191
1775447740795,key-5,212
1775447740796,key-1,195
1775447740796,key-11,402
1775447740802,key-31,172
1775447740803,key-39,160
1775447740803,key-1,211
1775447740805,key-36,166
1775447740805,key-3,195
1775447740807,key-42,213
1775447740810,key-10,178
1775447740810,key-13,170
1775447740810,key-15,156
1775447740811,key-12,261
1775447740819,key-33,237
1775447740822,key-18,325
1775447740823,key-34,196
1775447740824,key-46,171
1775447740824,key-18,327
1775447740828,key-18,331
1775447740834,key-35,166
1775447740835,key-37,422
1775447740835,key-14,399
1775447740838,key-31,159
1775447740840,key-39,243
1775447740845,key-20,166
1775447740845,key-32,166
1775447740845,key-5,164
1775447740848,key-32,169
1775447740851,key-5,156
1775447740852,key-36,213
1775447740852,key-35,213
1775447740854,key-5,159
1775447740854,key-3,203
1775447740861,key-15,207
1775447740864,key-9,374
1775447740865,key-40,173
1775447740866,key-2,171
1775447740872,key-2,177
1775447740872,key-42,222
1775447740873,key-46,175
1775447740873,key-22,159
1775447740873,key-20,194
1775447740878,key-35,168
1775447740880,key-3,166
1775447740885,key-33,303
1775447740887,key-28,521
1775447740887,key-19,376
1775447740887,key-22,173
1775447740889,key-8,169
1775447740891,key-6,181
1775447740893,key-10,176
1775447740894,key-37,230
1775447740897,key-10,180
1775447740905,key-33,213
1775447740905,key-13,265
1775447740908,key-39,167
1775447740908,key-26,225
1775447740909,key-48,160
1775447740909,key-26,226
1775447740922,key-26,239
1775447740922,key-4,172
1775447740924,key-5,229
1775447740926,key-11,244
1775447740930,key-49,231
1775447740931,key-11,249
1775447740933,key-31,254
1775447740939,key-37,275
1775447740942,key-36,229
1775447740947,key-31,268
1775447740950,key-13,190
1775447740951,key-12,267
1775447740951,key-1,273
1775447740951,key-8,176
1775447740960,key-25,171
1775447740961,key-22,247
1775447740965,key-11,283
1775447740965,key-29,159
1775447740967,key-4,217
1775447740968,key-1,156
1775447740971,key-3,239
1775447740971,key-11,289
1775447740977,key-26,166
1775447740978,key-22,264
1775447740981,key-4,159
1775447740981,key-28,159
1775447740983,key-38,167
1775447740984,key-18,205
1775447740985,key-4,235
1775447740987,key-10,234
1775447740987,key-26,162
1775447740990,key-14,357
1775447740992,key-12,161
1775447740995,key-39,158
1775447741000,key-31,321
1775447741003,key-3,157
1775447741003,key-40,162
1775447741004,key-7,384
1775447741005,key-35,295
1775447741006,key-20,159
1775447741007,key-28,170
1775447741013,key-31,159
1775447741015,key-12,331
1775447741017,key-11,335
1775447741018,key-23,156
1775447741019,key-5,177
1775447741022,key-17,200
1775447741023,key-5,181
1775447741025,key-9,155
1775447741025,key-23,160
1775447741029,key-33,337
1775447741036,key-18,257
1775447741039,key-9,169
1775447741040,key-47,160
1775447741040,key-16,217
1775447741043,key-2,348
1775447741045,key-31,191
1775447741049,key-22,335
1775447741053,key-49,205
1775447741054,key-10,169
1775447741056,key-19,545
1775447741056,key-34,168
1775447741059,key-28,185
1775447741059,key-10,159
1775447741064,key-6,354
1775447741072,key-5,230
1775447741072,key-25,166
1775447741072,key-4,213
1775447741073,key-31,182
1775447741073,key-39,157
1775447741094,key-13,334
1775447741095,key-3,249
1775447741097,key-16,226
1775447741097,key-11,415
1775447741098,key-28,171
1775447741098,key-8,323
1775447741098,key-37,281
1775447741098,key-37,281
1775447741100,key-26,182
1775447741102,key-13,342
1775447741104,key-35,394
1775447741106,key-3,260
1775447741107,key-7,238
1775447741112,key-8,178
1775447741112,key-1,169
1775447741113,key-22,399
1775447741116,key-15,462
1775447741116,key-39,210
1775447741123,key-22,167
1775447741124,key-16,164
1775447741128,key-7,259
1775447741145,key-11,463
1775447741146,key-25,240
1775447741146,key-1,203
1775447741146,key-16,275
1775447741147,key-27,179
1775447741147,key-29,215
1775447741147,key-13,195
1775447741151,key-18,238
1775447741152,key-40,223
1775447741153,key-49,166
1775447741153,key-4,167
1775447741154,key-33,462
1775447741154,key-41,175
1775447741155,key-39,239
1775447741160,key-35,450
1775447741160,key-36,203
1775447741161,key-18,248
1775447741162,key-39,246
1775447741162,key-26,244
1775447741162,key-4,176
1775447741163,key-7,294
1775447741167,key-26,249
1775447741170,key-1,227
1775447741171,key-9,301
1775447741172,key-26,254
1775447741174,key-11,169
1775447741196,key-7,166
1775447741198,key-7,168
1775447741198,key-7,168
1775447741198,key-19,177
1775447741198,key-18,285
1775447741201,key-50,338
1775447741202,key-7,186
1775447741203,key-5,155
1775447741208,key-6,174
1775447741210,key-19,189
1775447741214,key-10,173
1775447741214,key-6,180
1775447741220,key-7,161
1775447741226,key-46,257
1775447741231,key-9,361
1775447741231,key-22,275
1775447741247,key-43,314
1775447741248,key-4,262
1775447741248,key-37,216
1775447741248,key-39,198
1775447741248,key-22,292
1775447741249,key-48,229
1775447741249,key-19,228
1775447741251,key-25,193
1775447741251,key-19,230
1775447741253,key-16,179
1775447741254,key-5,206
1775447741254,key-34,247
1775447741254,key-10,190
1775447741254,key-25,196
1775447741256,key-10,192
1775447741256,key-46,157
1775447741266,key-13,165
1775447741267,key-38,451
1775447741268,key-24,208
1775447741271,key-4,161
1775447741274,key-6,240
1775447741275,key-13,174
1775447741278,key-35,216
1775447741280,key-12,178
1775447741283,key-1,280
1775447741283,key-12,181
1775447741288,key-8,354
1775447741289,key-21,434
1775447741291,key-22,161
1775447741292,key-15,167
1775447741292,key-48,272
1775447741297,key-1,163
1775447741303,key-45,202
1775447741303,key-20,456
1775447741304,key-16,230
1775447741304,key-12,167
1775447741306,key-28,204
1775447741310,key-19,289
1775447741328,key-21,473
1775447741329,key-20,482
1775447741329,key-45,228
1775447741330,key-45,229
1775447741330,key-4,220
1775447741334,key-28,232
1775447741335,key-9,465
1775447741335,key-1,201
1775447741336,key-10,166
1775447741338,key-15,213
1775447741339,key-29,207
1775447741342,key-29,210
1775447741343,key-43,161
1775447741345,key-15,195
1775447741345,key-43,157
1775447741347,key-21,492
1775447741351,key-7,292
1775447741354,key-7,295
1775447741355,key-9,165
1775447741356,key-7,297
1775447741368,key-4,258
1775447741368,key-31,215
1775447741369,key-35,167
1775447741375,key-10,173
1775447741382,key-21,182
1775447741385,key-36,173
1775447741385,key-30,210
1775447741385,key-11,280
1775447741387,key-11,282
1775447741392,key-32,159
1775447741397,key-12,156
1775447741397,key-45,184
1775447741400,key-12,159
1775447741402,key-19,381
1775447741403,key-5,215
1775447741408,key-39,206
1775447741408,key-19,387
1775447741408,key-19,387
1775447741415,key-7,356
1775447741421,key-50,219
1775447741421,key-25,180
1775447741422,key-20,250
1775447741422,key-34,201
1775447741422,key-25,181
1775447741425,key-27,324
1775447741426,key-46,266
1775447741426,key-50,224
1775447741430,key-38,197
1775447741431,key-6,397
1775447741433,key-48,164
1775447741436,key-13,226
1775447741436,key-48,167
1775447741436,key-18,335
1775447741438,key-26,176
1775447741438,key-35,236
1775447741441,key-39,239
1775447741444,key-6,410
1775447741449,key-21,159
1775447741449,key-32,172
1775447741449,key-36,237
1775447741449,key-42,159
1775447741450,key-30,183
1775447741453,key-12,191
1775447741456,key-38,223
1775447741456,key-8,158
1775447741458,key-42,168
1775447741459,key-12,197
1775447741461,key-48,441
1775447741468,key-48,163
1775447741470,key-12,208
1775447741472,key-30,205
1775447741487,key-43,233
1775447741487,key-41,476
1775447741488,key-26,226
1775447741488,key-32,176
1775447741489,key-23,289
1775447741489,key-19,468
1775447741489,key-20,317
1775447741489,key-12,227
1775447741499,key-39,166
1775447741499,key-48,218
1775447741501,key-4,248
1775447741502,key-11,397
1775447741502,key-7,443
1775447741507,key-21,170
1775447741511,key-21,174
1775447741513,key-49,166
1775447741517,key-49,170
1775447741519,key-31,161
1775447741522,key-25,169
1775447741523,key-14,154
1775447741525,key-13,158
1775447741526,key-28,170
1775447741528,key-31,170
1775447741529,key-7,470
1775447741534,key-23,172
1775447741534,key-22,162
1775447741535,key-22,163
1775447741538,key-4,285
1775447741542,key-31,184
1775447741544,key-5,308
1775447741546,key-35,344
1775447741547,key-10,198
1775447741548,key-35,346
1775447741552,key-30,213
1775447741553,key-45,340
1775447741554,key-23,173
1775447741557,key-13,161
1775447741561,key-38,328
1775447741563,key-47,179
1775447741564,key-30,225
1775447741574,key-14,205
1775447741576,key-44,612
1775447741577,key-2,161
1775447741582,key-50,247
1775447741585,key-12,186
1775447741591,key-7,532
1775447741592,key-10,243
1775447741593,key-40,412
1775447741595,key-48,168
1775447741597,key-27,223
1775447741599,key-27,225
1775447741600,key-4,347
1775447741602,key-37,156
1775447741603,key-1,270
1775447741606,key-17,396
1775447741612,key-9,159
1775447741612,key-35,410
1775447741612,key-42,154
1775447741619,key-30,280
1775447741620,key-48,193
1775447741623,key-12,166
1775447741623,key-38,390
1775447741625,key-47,171
1775447741626,key-12,169
1775447741626,key-38,393
1775447741626,key-45,158
1775447741628,key-42,170
1775447741629,key-49,282
1775447741632,key-47,178
1775447741633,key-12,176
1775447741635,key-22,237
1775447741636,key-19,177
1775447741640,key-33,614
1775447741642,key-43,188
1775447741649,key-10,163
1775447741650,key-34,160
1775447741650,key-26,170
1775447741653,key-34,163
1775447741654,key-18,174
1775447741655,key-35,453
1775447741655,key-4,402
1775447741656,key-37,167
1775447741657,key-28,301
1775447741660,key-42,202
1775447741660,key-25,212
1775447741665,key-39,155
1775447741669,key-46,164
1775447741669,key-49,322
1775447741670,key-36,369
1775447741670,key-7,611
1775447741674,key-46,169
1775447741675,key-21,185
1775447741675,key-49,328
1775447741684,key-12,227
1775447741687,key-24,166
1775447741693,key-24,172
1775447741695,key-28,339
1775447741698,key-34,160
1775447741705,key-19,246
1775447741706,key-42,248
1775447741707,key-10,221
1775447741707,key-34,169
1775447741713,key-1,159
1775447741716,key-36,158
1775447741717,key-45,249
1775447741717,key-45,249
1775447741717,key-11,212
1775447741718,key-16,186
1775447741720,key-7,167
1775447741725,key-48,223
1775447741728,key-13,332
1775447741732,key-41,721
1775447741733,key-2,317
1775447741733,key-23,201
1775447741735,key-10,167
1775447741742,key-30,403
1775447741743,key-13,165
1775447741747,key-48,164
1775447741748,key-30,157
1775447741751,key-48,168
1775447741751,key-28,395
1775447741751,key-44,171
1775447741753,key-26,170
1775447741759,key-36,201
1775447741764,key-49,417
1775447741766,key-4,513
1775447741767,key-45,163
1775447741767,key-25,168
1775447741768,key-27,394
1775447741769,key-42,162
1775447741772,key-38,168
1775447741777,key-23,245
1775447741780,key-7,174
1775447741783,key-15,224
1775447741784,key-2,158
1775447741785,key-2,159
1775447741788,key-10,220
1775447741790,key-45,172
1775447741792,key-29,269
1775447741794,key-36,157
1775447741794,key-43,182
1775447741795,key-2,169
1775447741795,key-42,188
1775447741796,key-12,339
1775447741806,key-27,162
1775447741808,key-43,196
1775447741808,key-5,229
1775447741809,key-1,210
1775447741810,key-9,297
1775447741817,key-20,158
1775447741818,key-34,219
1775447741818,key-35,357
1775447741821,key-30,155
1775447741822,key-36,185
1775447741824,key-49,181
1775447741834,key-28,153
1775447741836,key-42,169
1775447741840,key-23,168
1775447741841,key-42,174
1775447741841,key-4,227
1775447741841,key-49,494
1775447741847,key-32,307
1775447741848,key-21,157
1775447741848,key-46,343
1775447741848,key-4,234
1775447741852,key-3,159
1775447741853,key-12,396
1775447741853,key-44,175
1775447741853,key-12,396
1775447741856,key-21,165
1775447741860,key-24,339
1775447741861,key-26,278
1775447741867,key-26,168
1775447741868,key-18,209
1775447741868,key-21,177
1775447741869,key-43,178
1775447741876,key-23,204
1775447741876,key-34,277
1775447741876,key-9,188
1775447741880,key-36,178
1775447741883,key-42,216
1775447741883,key-48,161
1775447741886,key-16,215
1775447741886,key-1,287
1775447741891,key-28,210
1775447741891,key-20,232
1775447741892,key-28,211
1775447741895,key-36,166
1775447741895,key-30,229
1775447741895,key-45,155
1775447741899,key-13,200
1775447741906,key-50,160
1775447741909,key-15,169
1775447741912,key-48,190
1775447741912,key-15,156
1775447741914,key-6,196
1775447741922,key-12,169
1775447741930,key-45,158
1775447741935,key-33,411
1775447741936,key-27,154
1775447741936,key-32,166
1775447741941,key-23,269
1775447741943,key-32,173
1775447741943,key-7,273
1775447741946,key-39,224
1775447741952,key-8,219
1775447741952,key-48,230
1775447741954,key-29,307
1775447741957,key-15,168
1775447741958,key-2,312
1775447741960,key-15,171
1775447741963,key-10,395
1775447741964,key-42,297
1775447741967,key-49,191
1775447741968,key-24,154
1775447741969,key-2,163
1775447741972,key-47,158
1775447741973,key-48,251
1775447741974,key-20,173
1775447741979,key-8,158
1775447741982,key-20,161
1775447741985,key-38,171
1775447741990,key-45,218
1775447741995,key-49,219
1775447742005,key-49,229
1775447742007,key-20,206
1775447742009,key-24,195
1775447742011,key-44,202
1775447742012,key-50,219
1775447742012,key-36,283
1775447742012,key-43,188
1775447742015,key-13,171
1775447742021,key-24,207
1775447742021,key-21,330
1775447742021,key-3,155
1775447742028,key-43,204
1775447742028,key-26,174
1775447742037,key-37,167
1775447742037,key-8,216
1775447742040,key-1,266
1775447742041,key-10,473
1775447742041,key-35,278
1775447742044,key-16,373
1775447742047,key-31,165
1775447742048,key-23,186
1775447742051,key-38,202
1775447742054,key-20,222
1775447742055,key-34,240
1775447742055,key-28,159
1775447742056,key-13,212
1775447742056,key-31,174
1775447742056,key-11,226
1775447742056,key-21,157
1775447742060,key-50,165
1775447742060,key-20,228
1775447742060,key-25,222
1775447742061,key-38,212
1775447742062,key-4,448
1775447742062,key-21,163
1775447742064,key-8,243
1775447742065,key-45,222
1775447742068,key-12,315
1775447742068,key-36,339
1775447742068,key-10,157
1775447742069,key-28,173
1775447742070,key-36,341
1775447742071,key-42,160
1775447742076,key-15,287
1775447742077,key-13,233
1775447742077,key-48,262
1775447742084,key-29,254
1775447742084,key-9,174
1775447742084,key-43,260
1775447742087,key-45,244
1775447742090,key-21,191
1775447742090,key-50,195
1775447742091,key-6,164
1775447742092,key-25,254
1775447742094,key-6,167
1775447742106,key-30,213
1775447742107,key-36,378
1775447742108,key-1,334
1775447742109,key-36,380
1775447742111,key-19,155
1775447742112,key-50,217
1775447742113,key-49,337
1775447742113,key-8,158
1775447742116,key-15,327
1775447742118,key-13,274
1775447742120,key-38,162
1775447742123,key-8,168
1775447742124,key-47,248
1775447742125,key-15,336
1775447742128,key-2,259
1775447742131,key-13,287
1775447742134,key-7,464
1775447742135,key-24,271
1775447742141,key-33,167
1775447742142,key-45,168
1775447742144,key-28,162
1775447742145,key-45,171
1775447742147,key-50,252
1775447742156,key-21,257
1775447742159,key-49,383
1775447742161,key-49,385
1775447742162,key-20,330
1775447742163,key-19,161
1775447742168,key-49,392
1775447742170,key-10,254
1775447742170,key-15,381
1775447742175,key-16,205
1775447742182,key-4,237
1775447742188,key-29,165
1775447742192,key-36,183
1775447742193,key-33,166
1775447742196,key-29,173
1775447742198,key-30,184
1775447742198,key-11,212
1775447742202,key-49,426
1775447742203,key-48,156
1775447742203,key-46,157
1775447742206,key-31,324
1775447742209,key-15,420
1775447742210,key-46,164
1775447742211,key-33,184
1775447742215,key-39,493
1775447742216,key-21,176
1775447742216,key-44,351
1775447742218,key-23,356
1775447742219,key-31,337
1775447742224,key-24,227
1775447742233,key-50,338
1775447742236,key-46,156
1775447742238,key-39,158
1775447742238,key-30,224
1775447742239,key-39,159
1775447742239,key-38,281
1775447742240,key-40,209
1775447742241,key-36,232
1775447742243,key-16,273
1775447742243,key-10,327
1775447742244,key-21,160
1775447742245,key-21,161
1775447742247,key-36,238
1775447742252,key-50,357
1775447742253,key-21,169
1775447742257,key-14,286
1775447742257,key-43,161
1775447742260,key-48,213
1775447742261,key-25,247
1775447742261,key-6,334
1775447742262,key-37,392
1775447742263,key-38,172
1775447742265,key-23,155
1775447742266,key-31,166
1775447742269,key-8,220
1775447742271,key-30,257
1775447742276,key-15,487
1775447742277,key-22,172
1775447742278,key-18,192
1775447742279,key-38,188
1775447742282,key-38,324
1775447742284,key-30,156
1775447742285,key-46,205
1775447742285,key-19,283
1775447742287,key-36,278
1775447742292,key-34,477
1775447742292,key-30,164
1775447742293,key-13,259
1775447742295,key-13,261
1775447742296,key-17,304
1775447742296,key-24,299
1775447742302,key-1,208
1775447742302,key-30,174
1775447742307,key-12,425
1775447742308,key-1,214
1775447742308,key-4,155
1775447742311,key-39,168
1775447742313,key-25,177
1775447742314,key-25,178
1775447742316,key-16,216
1775447742319,key-45,345
1775447742326,key-48,279
1775447742326,key-25,190
1775447742326,key-21,242
1775447742328,key-49,178
1775447742330,key-50,160
1775447742330,key-21,246
1775447742332,key-7,168
1775447742335,key-50,165
1775447742336,key-43,182
1775447742340,key-21,256
1775447742341,key-38,250
1775447742356,key-2,162
1775447742358,key-11,234
1775447742365,key-31,265
1775447742365,key-49,215
1775447742366,key-30,238
1775447742371,key-15,169
1775447742374,key-21,290
1775447742374,key-48,327
1775447742376,key-16,159
1775447742378,key-39,235
1775447742380,key-44,279
1775447742384,key-47,183
1775447742391,key-9,180
1775447742393,key-17,240
1775447742394,key-15,192
1775447742395,key-32,223
1775447742396,key-39,165
1775447742397,key-23,287
1775447742398,key-14,427
1775447742403,key-4,250
1775447742405,key-30,277
1775447742407,key-39,154
1775447742409,key-36,400
1775447742410,key-35,647
1775447742413,key-16,196
1775447742414,key-5,165
1775447742416,key-41,499
1775447742416,key-48,369
1775447742421,key-6,226
1775447742425,key-6,230
1775447742428,key-7,264
1775447742429,key-15,170
1775447742429,key-23,319
1775447742431,key-23,321
1775447742434,key-38,343
1775447742435,key-15,176
1775447742439,key-39,208
1775447742440,key-1,346
1775447742442,key-50,200
1775447742442,key-29,419
1775447742443,key-31,343
1775447742445,key-32,254
1775447742445,key-19,184
1775447742445,key-40,335
1775447742445,key-11,228
1775447742447,key-36,192
1775447742451,key-30,323
1775447742458,key-39,165
1775447742462,key-47,165
1775447742462,key-11,187
1775447742469,key-19,159
1775447742470,key-16,156
1775447742470,key-47,173
1775447742470,key-48,165
1775447742475,key-4,227
1775447742477,key-19,167
1775447742478,key-37,154
1775447742478,key-1,167
1775447742479,key-25,343
1775447742481,key-39,170
1775447742482,key-6,287
1775447742484,key-45,510
1775447742484,key-45,510
1775447742486,key-27,218
1775447742488,key-49,236
1775447742489,key-48,184
1775447742498,key-46,418
1775447742499,key-6,170
1775447742501,key-36,246
1775447742504,key-28,155
1775447742506,key-39,213
1775447742512,key-13,293
1775447742512,key-34,248
1775447742512,key-50,270
1775447742513,key-24,169
1775447742513,key-3,254
1775447742522,key-8,165
1775447742528,key-31,158
1775447742532,key-37,167
1775447742533,key-21,449
1775447742536,key-50,294
1775447742539,key-33,299
1775447742540,key-40,179
1775447742541,key-23,431
1775447742543,key-40,182
1775447742547,key-21,463
1775447742550,key-22,294
1775447742551,key-15,269
1775447742551,key-31,226
1775447742554,key-17,231
1775447742555,key-44,158
1775447742557,key-9,277
1775447742558,key-42,165
1775447742565,key-10,160
1775447742568,key-17,167
1775447742578,key-8,191
1775447742587,key-40,172
1775447742622,key-8,193
1775447742674,key-39,363
1775447742681,key-6,352
1775447742689,key-3,239
1775447742690,key-3,316
1775447742690,key-50,246
1775447742691,key-17,290
1775447742692,key-8,305
1775447742692,key-40,248
1775447742692,key-11,272
1775447742693,key-31,323
1775447742694,key-18,334
1775447742694,key-3,254
1775447742695,key-8,266
1775447742695,key-30,236
1775447742695,key-15,413
1775447742695,key-7,531
1775447742695,key-30,236
1775447742699,key-50,255
1775447742701,key-21,201
1775447742701,key-3,227
1775447742703,key-32,267
1775447742704,key-23,266
1775447742706,key-42,215
1775447742707,key-1,396
1775447742707,key-32,258
1775447742708,key-37,343
1775447742708,key-21,208
1775447742709,key-46,629
1775447742726,key-8,297
1775447742728,key-3,278
1775447742730,key-35,278
1775447742731,key-27,272
1775447742734,key-29,284
1775447742735,key-34,268
1775447742740,key-48,382
1775447742741,key-50,297
1775447742741,key-42,250
1775447742750,key-39,250
1775447742751,key-46,671
1775447742751,key-4,286
1775447742753,key-48,246
1775447742756,key-42,363
1775447742757,key-4,292
1775447742758,key-27,299
1775447742759,key-35,307
1775447742759,key-33,519
1775447742760,key-6,269
1775447742760,key-2,260
1775447742763,key-31,248
1775447742780,key-1,469
1775447742780,key-19,470
1775447742787,key-25,651
1775447742793,key-34,326
1775447742794,key-37,429
1775447742794,key-36,539
1775447742800,key-9,259
1775447742801,key-31,286
1775447742804,key-30,290
1775447742809,key-2,309
1775447742810,key-1,499
1775447742810,key-22,290
1775447742811,key-10,294
1775447742812,key-16,286
1775447742814,key-25,323
1775447742814,key-17,413
1775447742814,key-17,413
1775447742815,key-7,300
1775447742815,key-33,575
1775447742815,key-25,324
1775447742815,key-19,505
1775447742836,key-40,392
1775447742851,key-15,569
1775447742852,key-9,311
1775447742860,key-8,431
1775447742863,key-3,389
1775447742863,key-30,288
1775447742863,key-39,363
1775447742864,key-24,162
1775447742864,key-40,420
1775447742864,key-4,157
1775447742865,key-42,374
1775447742865,key-39,365
1775447742867,key-40,423
1775447742868,key-41,317
1775447742868,key-22,348
1775447742868,key-10,351
1775447742868,key-13,649
1775447742868,key-39,368
1775447742869,key-14,457
1775447742869,key-4,162
1775447742869,key-41,318
1775447742870,key-37,161
1775447742871,key-30,177
1775447742872,key-46,320
1775447742889,key-21,194
1775447742895,key-35,189
1775447742900,key-2,400
1775447742904,key-3,202
1775447742905,key-16,379
1775447742906,key-8,477
1775447742906,key-37,197
1775447742906,key-45,380
1775447742908,key-17,192
1775447742913,key-4,206
1775447742913,key-21,218
1775447742914,key-35,208
1775447742918,key-29,468
1775447742920,key-3,218
1775447742921,key-19,358
1775447742921,key-24,462
1775447742923,key-39,166
1775447742927,key-42,234
1775447742927,key-36,391
1775447742928,key-42,160
1775447742931,key-7,200
1775447742934,key-26,527
1775447742935,key-33,695
1775447742936,key-14,524
1775447742938,key-27,479
1775447742940,key-24,172
1775447742940,key-24,172
1775447742941,key-10,424
1775447742949,key-13,177
1775447742950,key-45,424
1775447742950,key-7,162
1775447742953,key-24,185
1775447742958,key-25,184
1775447742959,key-7,171
1775447742960,key-32,511
1775447742961,key-4,254
1775447742961,key-12,555
1775447742962,key-34,231
1775447742962,key-34,231
1775447742962,key-50,518
1775447742965,key-5,170
1775447742973,key-5,178
1775447743042,key-35,336
1775447743043,key-34,252
1775447743054,key-17,246
1775447743057,key-15,311
1775447743057,key-19,253
1775447743058,key-19,254
1775447743066,key-32,244
1775447743070,key-19,266
1775447743073,key-17,265
1775447743073,key-44,342
1775447743077,key-21,255
1775447743078,key-1,512
1775447743079,key-15,333
1775447743092,key-31,577
1775447743104,key-4,313
1775447743110,key-18,262
1775447743111,key-2,283
1775447743121,key-35,415
1775447743129,key-40,262
1775447743130,key-6,303
1775447743132,key-34,292
1775447743134,key-25,360
1775447743135,key-13,363
1775447743135,key-21,313
1775447743138,key-10,268
1775447743138,key-41,306
1775447743138,key-2,310
1775447743142,key-14,730
1775447743143,key-37,434
1775447743143,key-46,294
1775447743144,key-21,322
1775447743160,key-35,454
1775447743161,key-27,260
1775447743161,key-4,370
1775447743161,key-2,333
1775447743161,key-30,467
1775447743162,key-14,229
1775447743172,key-36,244
1775447743172,key-34,332
1775447743176,key-24,262
1775447743177,key-1,611
1775447743178,key-7,390
1775447743178,key-17,240
1775447743178,key-32,260
1775447743178,key-24,264
1775447743179,key-38,378
1775447743179,key-7,264
1775447743179,key-11,291
1775447743179,key-27,278
1775447743179,key-24,265
1775447743180,key-14,768
1775447743188,key-27,729
1775447743189,key-10,319
1775447743195,key-36,267
1775447743195,key-38,394
1775447743197,key-48,308
1775447743197,key-30,503
1775447743198,key-9,342
1775447743198,key-23,274
1775447743198,key-29,298
1775447743215,key-7,300
1775447743217,key-7,302
1775447743224,key-34,384
1775447743228,key-5,433
1775447743233,key-46,282
1775447743234,key-42,466
1775447743234,key-36,306
1775447743234,key-11,263
1775447743235,key-13,302
1775447743237,key-1,671
1775447743238,key-3,279
1775447743239,key-32,321
1775447743240,key-42,472
1775447743240,key-20,428
1775447743241,key-45,715
1775447743242,key-46,271
1775447743243,key-32,325
1775447743243,key-3,284
1775447743255,key-26,292
1775447743255,key-11,284
1775447743257,key-45,185
1775447743257,key-46,207
1775447743257,key-25,483
1775447743257,key-42,174
1775447743258,key-31,475
1775447743258,key-39,411
1775447743258,key-6,307
1775447743258,key-30,564
1775447743259,key-42,176
1775447743259,key-19,358
1775447743259,key-28,207
1775447743260,key-3,301
1775447743263,key-11,292
1775447743263,key-45,191
1775447743264,key-44,200
1775447743270,key-15,335
1775447743271,key-15,336
1775447743271,key-43,483
1775447743276,key-7,225
1775447743277,key-49,225
1775447743288,key-42,166
1775447743293,key-40,405
1775447743293,key-38,165
1775447743305,key-9,176
1775447743306,key-13,159
1775447743306,key-21,191
1775447743306,key-38,178
1775447743306,key-13,159
1775447743306,key-46,256
1775447743317,key-16,160
1775447743318,key-37,376
1775447743326,key-26,363
1775447743334,key-43,167
1775447743338,key-31,165
1775447743344,key-6,214
1775447743346,key-5,173
1775447743347,key-33,1107
1775447743347,key-35,224
1775447743349,key-10,411
1775447743351,key-32,299
1775447743352,key-9,174
1775447743356,key-39,509
1775447743356,key-36,428
1775447743363,key-24,166
1775447743363,key-27,173
1775447743367,key-19,183
1775447743368,key-38,162
1775447743369,key-23,279
1775447743374,key-40,167
1775447743375,key-39,528
1775447743379,key-21,264
1775447743389,key-38,183
1775447743390,key-34,296
1775447743392,key-4,278
1775447743393,key-27,492
1775447743396,key-14,171
1775447743397,key-42,275
1775447743398,key-27,208
1775447743398,key-45,182
1775447743398,key-3,245
1775447743399,key-11,348
1775447743406,key-12,164
1775447743406,key-3,170
1775447743407,key-29,168
1775447743407,key-7,164
1775447743414,key-4,197
1775447743415,key-42,293
1775447743415,key-44,266
1775447743419,key-25,181
1775447743431,key-37,489
1775447743431,key-11,380
1775447743431,key-9,253
1775447743432,key-37,490
1775447743432,key-3,196
1775447743433,key-7,382
1775447743436,key-7,193
1775447743437,key-27,169
1775447743440,key-14,215
1775447743440,key-28,388
1775447743440,key-10,502
1775447743440,key-38,214
1775447743444,key-45,228
1775447743447,key-7,169
1775447743448,key-16,171
1775447743449,key-49,234
1775447743450,key-44,301
1775447743451,key-16,224
1775447743451,key-3,215
1775447743452,key-45,236
1775447743452,key-38,226
1775447743454,key-7,176
1775447743458,key-42,165
1775447743458,key-48,221
1775447743460,key-26,182
1775447743468,key-34,374
1775447743471,key-47,169
1775447743478,key-41,191
1775447743478,key-19,294
1775447743481,key-19,297
1775447743482,key-44,333
1775447743484,key-44,207
1775447743486,key-15,155
1775447743489,key-3,253
1775447743491,key-11,440
1775447743491,key-8,160
1775447743491,key-16,192
1775447743491,key-45,275
1775447743498,key-43,213
1775447743501,key-48,181
1775447743504,key-7,226
1775447743505,key-24,308
1775447743507,key-39,170
1775447743508,key-10,570
1775447743510,key-31,337
1775447743511,key-17,289
1775447743515,key-8,225
1775447743517,key-35,232
1775447743520,key-15,168
1775447743522,key-18,169
1775447743522,key-26,171
1775447743523,key-42,230
1775447743523,key-9,345
1775447743525,key-32,207
1775447743525,key-38,186
1775447743528,key-19,158
1775447743532,key-27,264
1775447743535,key-2,327
1775447743538,key-27,270
1775447743542,key-36,164
1775447743546,key-36,156
1775447743547,key-37,605
1775447743548,key-16,249
1775447743548,key-50,220
1775447743548,key-39,182
1775447743551,key-20,474
1775447743551,key-21,234
1775447743559,key-37,617
1775447743562,key-36,172
1775447743566,key-42,273
1775447743568,key-36,178
1775447743569,key-39,162
1775447743570,key-3,334
1775447743573,key-5,178
1775447743580,key-45,164
1775447743581,key-36,230
1775447743581,key-36,230
1775447743584,key-39,218
1775447743585,key-2,377
1775447743586,key-18,214
1775447743590,key-50,173
1775447743599,key-38,161
1775447743603,key-38,264
1775447743604,key-7,326
1775447743605,key-26,254
1775447743616,key-44,339
1775447743617,key-45,201
1775447743619,key-26,268
1775447743626,key-22,194
1775447743629,key-36,171
1775447743633,key-12,171
1775447743636,key-44,359
1775447743637,key-47,184
1775447743638,key-11,165
1775447743638,key-27,171
1775447743640,key-23,167
1775447743644,key-19,212
1775447743655,key-19,223
1775447743656,key-7,165
1775447743657,key-3,421
1775447743659,key-24,174
1775447743660,key-7,382
1775447743660,key-48,216
1775447743661,key-16,194
1775447743662,key-1,160
1775447743662,key-45,168
1775447743665,key-12,160
1775447743666,key-7,175
1775447743668,key-38,205
1775447743668,key-7,390
1775447743668,key-45,174
1775447743673,key-12,160
1775447743673,key-7,155
1775447743674,key-10,736
1775447743675,key-34,164
1775447743679,key-16,212
1775447743683,key-26,332
1775447743684,key-9,233
1775447743688,key-9,237
1775447743691,key-3,168
1775447743691,key-24,206
1775447743693,key-1,158
1775447743707,key-44,172
1775447743707,key-40,162
1775447743708,key-10,161
1775447743708,key-31,225
1775447743710,key-39,176
1775447743713,key-39,179
1775447743713,key-36,201
1775447743714,key-10,167
1775447743714,key-36,202
1775447743716,key-16,249
1775447743718,key-40,173
1775447743722,key-41,162
1775447743724,key-41,164
1775447743724,key-4,292
1775447743727,key-35,247
1775447743740,key-15,210
1775447743742,key-36,174
1775447743744,key-35,264
1775447743744,key-38,216
1775447743746,key-45,204
1775447743747,key-50,169
1775447743749,key-36,181
1775447743749,key-50,171
1775447743752,key-1,179
1775447743757,key-32,202
1775447743757,key-39,223
1775447743757,key-30,189
1775447743758,key-47,156
1775447743758,key-8,323
1775447743761,key-47,156
1775447743764,key-28,181
1775447743765,key-33,166
1775447743768,key-40,223
1775447743768,key-9,165
1775447743770,key-7,168
1775447743771,key-20,223
1775447743772,key-19,159
1775447743776,key-34,209
1775447743778,key-32,223
1775447743779,key-42,207
1775447743779,key-10,170
1775447743779,key-5,240
1775447743781,key-14,405
1775447743781,key-1,163
1775447743782,key-46,168
1775447743786,key-42,214
1775447743790,key-5,251
1775447743793,key-12,280
1775447743794,key-16,216
1775447743803,key-39,165
1775447743804,key-46,225
1775447743810,key-46,231
1775447743810,key-25,451
1775447743810,key-4,246
1775447743812,key-47,207
1775447743816,key-25,457
1775447743823,key-26,261
1775447743824,key-38,230
1775447743826,key-12,313
1775447743829,key-16,251
1775447743833,key-16,255
1775447743833,key-10,173
1775447743835,key-39,197
1775447743840,key-34,273
1775447743841,key-48,191
1775447743841,key-36,236
1775447743844,key-13,165
1775447743852,key-35,162
1775447743855,key-50,179
1775447743855,key-11,230
1775447743855,key-49,167
1775447743857,key-39,156
1775447743858,key-29,173
1775447743858,key-25,499
1775447743859,key-34,292
1775447743860,key-49,171
1775447743860,key-30,292
1775447743863,key-49,175
1775447743867,key-19,254
1775447743867,key-16,289
1775447743871,key-19,258
1775447743873,key-24,388
1775447743874,key-44,198
1775447743875,key-3,352
1775447743875,key-14,223
1775447743879,key-7,159
1775447743880,key-12,164
1775447743882,key-40,337
1775447743890,key-8,455
1775447743896,key-45,354
1775447743898,key-44,170
1775447743899,key-2,169
1775447743900,key-3,175
1775447743901,key-3,176
1775447743905,key-38,156
1775447743909,key-29,224
1775447743911,key-38,162
1775447743912,key-24,171
1775447743912,key-46,181
1775447743915,key-10,255
1775447743915,key-39,214
1775447743919,key-38,170
1775447743922,key-28,293
1775447743922,key-28,293
1775447743926,key-7,206
1775447743928,key-8,168
1775447743934,key-45,392
1775447743936,key-39,235
1775447743937,key-29,252
1775447743937,key-3,212
1775447743938,key-32,158
1775447743941,key-32,161
1775447743943,key-10,156
1775447743944,key-45,402
1775447743944,key-10,157
1775447743945,key-47,195
1775447743948,key-14,296
1775447743951,key-10,164
1775447743952,key-42,254
1775447743956,key-21,158
1775447743957,key-6,206
1775447743963,key-36,156
1775447743964,key-50,162
1775447743965,key-25,206
1775447743966,key-49,278
1775447743970,key-25,211
1775447743972,key-3,247
1775447743980,key-1,293
1775447743981,key-50,179
1775447743983,key-50,155
1775447743985,key-46,254
1775447743992,key-27,179
1775447743994,key-39,193
1775447743999,key-50,171
1775447744000,key-10,213
1775447744000,key-16,422
1775447744004,key-31,171
1775447744005,key-49,159
1775447744006,key-49,160
1775447744007,key-42,309
1775447744014,key-36,207
1775447744014,key-23,172
1775447744015,key-6,166
1775447744016,key-16,438
1775447744019,key-34,452
1775447744022,key-11,171
1775447744024,key-8,208
1775447744024,key-25,265
1775447744024,key-50,196
1775447744029,key-19,195
1775447744032,key-33,190
1775447744039,key-14,170
1775447744039,key-7,168
1775447744042,key-24,301
1775447744044,key-25,285
1775447744044,key-7,173
1775447744050,key-7,179
1775447744051,key-18,165
1775447744056,key-36,170
1775447744058,key-48,159
1775447744060,key-45,518
1775447744061,key-31,227
1775447744061,key-36,175
1775447744063,key-3,197
1775447744064,key-10,164
1775447744067,key-3,201
1775447744070,key-39,156
1775447744072,key-39,158
1775447744074,key-12,211
1775447744075,key-46,344
1775447744075,key-15,293
1775447744077,key-49,231
1775447744078,key-20,155
1775447744082,key-29,397
1775447744084,key-30,160
1775447744088,key-19,175
1775447744089,key-50,261
1775447744090,key-10,178
1775447744092,key-28,463
1775447744092,key-47,296
1775447744093,key-27,221
1775447744095,key-10,183
1775447744095,key-3,229
1775447744102,key-44,217
1775447744102,key-1,415
1775447744103,key-30,179
1775447744103,key-45,561
1775447744106,key-27,172
1775447744106,key-45,564
1775447744111,key-47,315
1775447744115,key-36,229
1775447744120,key-30,196
1775447744120,key-27,165
1775447744123,key-47,327
1775447744125,key-29,440
1775447744126,key-21,174
1775447744129,key-30,223
1775447744134,key-4,444
1775447744135,key-7,264
1775447744138,key-4,165
1775447744140,key-39,215
1775447744141,key-50,313
1775447744141,key-22,157
1775447744143,key-46,412
1775447744146,key-22,162
1775447744151,key-42,160
1775447744152,key-14,216
1775447744153,key-2,404
1775447744153,key-3,198
1775447744154,key-46,423
1775447744161,key-50,333
1775447744166,key-12,169
1775447744170,key-14,234
1775447744173,key-35,483
1775447744181,key-29,496
1775447744181,key-38,227
1775447744181,key-25,290
1775447744181,key-41,468
1775447744183,key-42,164
1775447744184,key-8,297
1775447744184,key-25,293
1775447744186,key-25,295
1775447744190,key-13,155
1775447744194,key-19,212
1775447744194,key-33,171
1775447744196,key-24,172
1775447744203,key-34,209
1775447744205,key-8,156
1775447744207,key-5,172
1775447744209,key-46,160
1775447744210,key-46,161
1775447744210,key-5,175
1775447744210,key-44,167
1775447744212,key-26,174
1775447744216,key-48,171
1775447744223,key-14,174
1775447744226,key-22,242
1775447744229,key-39,271
1775447744235,key-33,212
1775447744235,key-25,170
1775447744239,key-13,162
1775447744242,key-22,156
1775447744242,key-26,156
1775447744243,key-39,285
1775447744248,key-26,160
1775447744251,key-44,208
1775447744251,key-26,154
1775447744256,key-18,160
1775447744257,key-19,275
1775447744257,key-10,345
1775447744258,key-26,161
1775447744260,key-10,348
1775447744263,key-37,207
1775447744267,key-26,170
1775447744268,key-45,726
1775447744270,key-7,225
1775447744270,key-47,474
1775447744275,key-4,302
1775447744276,key-29,164
1775447744278,key-8,157
1775447744278,key-46,208
1775447744279,key-8,158
1775447744280,key-19,298
1775447744281,key-45,164
1775447744281,key-27,185
1775447744285,key-27,189
1775447744286,key-30,362
1775447744286,key-27,190
1775447744288,key-21,336
1775447744294,key-46,159
1775447744295,key-41,156
1775447744298,key-41,159
1775447744299,key-46,164
1775447744307,key-49,192
1775447744308,key-36,422
1775447744309,key-12,312
1775447744312,key-42,195
1775447744316,key-3,173
1775447744316,key-3,173
1775447744330,key-37,274
1775447744330,key-34,171
1775447744330,key-17,162
1775447744336,key-22,250
1775447744338,key-25,273
1775447744338,key-12,341
1775447744350,key-23,158
1775447744351,key-47,183
1775447744353,key-39,243
1775447744355,key-42,168
1775447744360,key-19,378
1775447744360,key-28,218
1775447744362,key-3,158
1775447744363,key-22,177
1775447744366,key-46,153
1775447744367,key-46,189
1775447744367,key-14,318
1775447744367,key-33,190
1775447744369,key-3,226
1775447744370,key-21,418
1775447744372,key-44,252
1775447744377,key-19,395
1775447744381,key-23,189
1775447744381,key-46,168
1775447744382,key-14,333
1775447744383,key-5,348
1775447744388,key-20,190
1775447744389,key-19,159
1775447744389,key-39,279
1775447744391,key-33,214
1775447744393,key-22,207
1775447744394,key-7,176
1775447744397,key-25,167
1775447744402,key-13,213
1775447744403,key-39,293
1775447744405,key-22,219
1775447744407,key-6,168
1775447744411,key-17,226
1775447744411,key-30,229
1775447744412,key-33,176
1775447744414,key-25,184
1775447744415,key-18,255
1775447744417,key-22,231
1775447744420,key-12,423
1775447744421,key-4,162
1775447744421,key-37,365
1775447744421,key-23,229
1775447744423,key-26,230
1775447744428,key-33,251
1775447744428,key-7,210
1775447744431,key-7,213
1775447744440,key-45,323
1775447744441,key-14,392
1775447744443,key-48,224
1775447744445,key-7,227
1775447744448,key-43,301
1775447744451,key-46,202
1775447744454,key-7,236
1775447744456,key-27,360
1775447744458,key-27,362
1775447744458,key-34,153
1775447744459,key-29,264
1775447744466,key-46,217
1775447744466,key-1,193
1775447744469,key-25,239
1775447744469,key-36,173
1775447744471,key-3,267
1775447744471,key-26,278
1775447744473,key-38,171
1775447744483,key-34,156
1775447744484,key-14,163
1775447744484,key-33,248
1775447744484,key-50,177
1775447744493,key-38,220
1775447744494,key-43,181
1775447744494,key-12,497
1775447744494,key-27,398
1775447744494,key-21,159
1775447744501,key-42,154
1775447744505,key-27,409
1775447744505,key-45,388
1775447744508,key-8,348
1775447744508,key-36,172
1775447744510,key-50,181
1775447744511,key-47,215
1775447744519,key-42,172
1775447744520,key-25,290
1775447744522,key-46,273
1775447744528,key-33,292
1775447744535,key-41,266
1775447744536,key-44,416
1775447744537,key-44,417
1775447744538,key-34,211
1775447744539,key-37,175
1775447744540,key-40,158
1775447744543,key-19,313
1775447744544,key-13,157
1775447744546,key-39,265
1775447744551,key-31,167
1775447744552,key-23,360
1775447744552,key-25,322
1775447744555,key-6,163
1775447744556,key-37,218
1775447744561,key-6,169
1775447744561,key-45,207
1775447744563,key-22,275
1775447744569,key-17,187
1775447744582,key-30,400
1775447744583,key-26,167
1775447744586,key-19,356
1775447744588,key-37,224
1775447744590,key-26,174
1775447744590,key-33,161
1775447744590,key-33,161
1775447744595,key-33,166
1775447744595,key-6,171
1775447744600,key-4,164
1775447744602,key-22,314
1775447744603,key-39,322
1775447744603,key-48,276
1775447744608,key-33,179
1775447744613,key-33,159
1775447744616,key-43,303
1775447744617,key-48,290
1775447744617,key-3,162
1775447744619,key-33,165
1775447744620,key-17,238
1775447744620,key-47,161
1775447744623,key-3,168
1775447744624,key-3,169
1775447744626,key-25,396
1775447744628,key-6,204
1775447744628,key-30,199
1775447744631,key-27,535
1775447744637,key-1,168
1775447744638,key-16,158
1775447744641,key-37,204
1775447744642,key-23,450
1775447744642,key-46,298
1775447744646,key-3,167
1775447744647,key-32,211
1775447744649,key-8,217
1775447744650,key-25,184
1775447744651,key-21,171
1775447744653,key-12,656
1775447744654,key-16,174
1775447744655,key-49,175
1775447744655,key-6,231
1775447744655,key-39,169
1775447744658,key-27,562
1775447744658,key-33,182
1775447744659,key-3,180
1775447744662,key-38,303
1775447744666,key-20,166
1775447744669,key-39,183
1775447744671,key-27,575
1775447744674,key-19,266
1775447744674,key-27,578
1775447744674,key-50,251
1775447744675,key-37,212
1775447744679,key-1,210
1775447744682,key-29,312
1775447744682,key-9,174
1775447744682,key-38,173
1775447744689,key-33,213
1775447744690,key-10,240
1775447744692,key-1,172
1775447744693,key-29,164
1775447744693,key-46,160
1775447744696,key-9,162
1775447744697,key-42,350
1775447744731,key-27,187
1775447744731,key-34,247
1775447744731,key-15,269
1775447744732,key-35,247
1775447744732,key-8,184
1775447744732,key-23,188
1775447744732,key-27,636
1775447744732,key-39,246
1775447744733,key-4,183
1775447744733,key-25,267
1775447744734,key-1,214
1775447744734,key-44,181
1775447744736,key-25,270
1775447744737,key-29,208
1775447744737,key-37,274
1775447744741,key-37,157
1775447744744,key-6,191
1775447744751,key-26,335
1775447744762,key-6,168
1775447744767,key-6,173
1775447744772,key-33,163
1775447744783,key-39,297
1775447744784,key-23,164
1775447744786,key-28,344
1775447744799,key-8,174
1775447744799,key-14,164
1775447744800,key-2,178
1775447744800,key-42,164
1775447744804,key-26,388
1775447744807,key-3,172
1775447744820,key-42,184
1775447744828,key-16,174
1775447744828,key-27,284
1775447744829,key-33,353
1775447744832,key-1,312
1775447744842,key-16,188
1775447744843,key-35,178
1775447744844,key-49,186
1775447744845,key-14,246
1775447744845,key-3,366
1775447744847,key-4,297
1775447744848,key-22,422
1775447744848,key-33,255
1775447744851,key-9,199
1775447744851,key-3,179
1775447744854,key-20,182
1775447744854,key-35,189
1775447744854,key-8,229
1775447744855,key-24,418
1775447744855,key-12,858
1775447744857,key-3,185
1775447744857,key-50,182
1775447744857,key-50,182
1775447744858,key-40,202
1775447744862,key-27,172
1775447744862,key-20,190
1775447744862,key-4,184
1775447744863,key-36,183
1775447744869,key-8,244
1775447744870,key-46,186
1775447744871,key-46,187
1775447744894,key-33,262
1775447744900,key-42,207
1775447744901,key-46,217
1775447744901,key-46,217
1775447744903,key-9,251
1775447744904,key-17,206
1775447744904,key-50,229
1775447744904,key-9,252
1775447744904,key-17,206
1775447744905,key-10,313
1775447744905,key-33,273
1775447744905,key-31,253
1775447744905,key-3,270
1775447744905,key-37,321
1775447744905,key-6,232
1775447744905,key-16,251
1775447744912,key-9,260
1775447744913,key-49,214
1775447744914,key-24,266
1775447744915,key-8,221
1775447744920,key-30,293
1775447744920,key-44,181
1775447744920,key-19,303
1775447744931,key-2,271
1775447744932,key-8,238
1775447744950,key-31,259
1775447744950,key-37,189
1775447744951,key-15,271
1775447744951,key-37,190
1775447744952,key-9,214
1775447744953,key-25,253
1775447744954,key-37,193
1775447744954,key-25,254
1775447744955,key-42,262
1775447744955,key-46,271
1775447744955,key-28,216
1775447744955,key-1,435
1775447744964,key-10,177
1775447744971,key-14,336
1775447744971,key-18,173
1775447744983,key-18,185
1775447744983,key-16,185
1775447744988,key-19,176
1775447744996,key-19,184
1775447744999,key-25,299
1775447745000,key-38,239
1775447745000,key-16,202
1775447745001,key-44,262
1775447745001,key-42,215
1775447745001,key-19,189
1775447745002,key-46,318
1775447745002,key-6,329
1775447745002,key-30,375
1775447745002,key-28,175
1775447745002,key-32,182
1775447745014,key-36,334
1775447745016,key-34,197
1775447745016,key-4,157
1775447745016,key-42,171
1775447745021,key-33,389
1775447745024,key-35,359
1775447745024,key-10,237
1775447745025,key-35,360
1775447745026,key-25,244
1775447745027,key-12,200
1775447745027,key-24,379
1775447745029,key-9,291
1775447745033,key-27,343
1775447745039,key-30,159
1775447745042,key-37,168
1775447745044,key-34,171
1775447745044,key-33,179
1775447745045,key-32,159
1775447745046,key-26,171
1775447745046,key-26,171
1775447745047,key-31,173
1775447745048,key-37,174
1775447745050,key-3,174
1775447745053,key-3,177
1775447745058,key-29,278
1775447745067,key-17,196
1775447745067,key-20,395
1775447745072,key-4,155
1775447745075,key-46,168
1775447745075,key-3,338
1775447745076,key-4,159
1775447745076,key-36,169
1775447745079,key-9,168
1775447745080,key-8,163
1775447745083,key-9,172
1775447745086,key-9,175
1775447745087,key-17,164
1775447745088,key-17,165
1775447745096,key-2,236
1775447745098,key-39,359
1775447745100,key-3,224
1775447745100,key-25,173
1775447745101,key-29,162
1775447745101,key-18,155
1775447745103,key-43,170
1775447745105,key-15,261
1775447745106,key-18,159
1775447745108,key-18,161
1775447745112,key-1,592
1775447745112,key-10,233
1775447745113,key-18,166
1775447745118,key-16,162
1775447745121,key-37,247
1775447745123,key-43,190
1775447745127,key-32,154
1775447745128,key-16,172
1775447745128,key-42,283
1775447745129,key-28,302
1775447745129,key-19,317
1775447745130,key-19,318
1775447745133,key-39,225
1775447745134,key-25,207
1775447745136,key-14,501
1775447745138,key-18,191
1775447745139,key-5,193
1775447745144,key-1,624
1775447745144,key-49,228
1775447745146,key-17,223
1775447745151,key-45,218
1775447745154,key-16,198
1775447745157,key-46,250
1775447745160,key-28,333
1775447745161,key-34,161
1775447745169,key-43,166
1775447745169,key-19,357
1775447745175,key-43,242
1775447745182,key-19,370
1775447745184,key-4,267
1775447745191,key-10,168
1775447745192,key-9,281
1775447745193,key-33,170
1775447745194,key-37,320
1775447745200,key-12,373
1775447745200,key-43,177
1775447745205,key-49,157
1775447745207,key-30,211
1775447745210,key-6,156
1775447745212,key-45,279
1775447745213,key-7,173
1775447745213,key-32,228
1775447745223,key-41,191
1775447745224,key-14,166
1775447745228,key-34,179
1775447745230,key-14,172
1775447745230,key-47,289
1775447745233,key-25,218
1775447745234,key-22,612
1775447745238,key-42,169
1775447745242,key-2,168
1775447745242,key-36,227
1775447745243,key-12,416
1775447745244,key-9,166
1775447745246,key-46,237
1775447745247,key-3,371
1775447745252,key-21,161
1775447745252,key-9,174
1775447745252,key-8,335
1775447745255,key-29,243
1775447745256,key-24,161
1775447745259,key-9,181
1775447745261,key-3,385
1775447745261,key-48,207
1775447745264,key-14,170
1775447745264,key-21,162
1775447745268,key-18,321
1775447745269,key-3,393
1775447745270,key-30,274
1775447745271,key-3,169
1775447745271,key-7,231
1775447745274,key-10,251
1775447745281,key-43,215
1775447745281,key-14,223
1775447745282,key-43,216
1775447745282,key-10,259
1775447745294,key-30,221
1775447745294,key-16,338
1775447745295,key-31,421
1775447745298,key-27,608
1775447745301,key-39,393
1775447745302,key-43,165
1775447745303,key-1,783
1775447745306,key-26,322
1775447745307,key-20,167
1775447745308,key-43,171
1775447745312,key-45,181
1775447745313,key-3,168
1775447745314,key-26,166
1775447745319,key-49,172
1775447745319,key-10,160
1775447745322,key-24,174
1775447745322,key-28,181
1775447745324,key-34,275
1775447745325,key-5,160
1775447745325,key-46,316
1775447745330,key-2,218
1775447745334,key-43,224
1775447745334,key-37,215
1775447745337,key-19,200
1775447745339,key-40,171
1775447745343,key-34,294
1775447745345,key-43,208
1775447745345,key-5,180
1775447745350,key-4,433
1775447745352,key-14,258
1775447745354,key-44,279
1775447745354,key-26,160
1775447745358,key-10,199
1775447745360,key-37,215
1775447745360,key-43,223
1775447745362,key-23,337
1775447745365,key-4,448
1775447745372,key-2,260
1775447745376,key-26,228
1775447745377,key-24,229
1775447745382,key-32,252
1775447745388,key-34,339
1775447745388,key-14,170
1775447745388,key-32,258
1775447745390,key-35,322
1775447745393,key-35,158
1775447745397,key-18,214
1775447745398,key-44,155
1775447745399,key-2,157
1775447745403,key-7,164
1775447745405,key-10,167
1775447745405,key-42,336
1775447745408,key-9,254
1775447745409,key-15,164
1775447745409,key-12,247
1775447745409,key-2,209
1775447745413,key-3,268
1775447745417,key-9,263
1775447745417,key-3,272
1775447745418,key-44,175
1775447745423,key-29,196
1775447745424,key-24,161
1775447745427,key-21,227
1775447745427,key-42,358
1775447745430,key-8,513
1775447745434,key-6,181
1775447745435,key-23,245
1775447745445,key-14,227
1775447745447,key-20,169
1775447745449,key-10,184
1775447745452,key-49,160
1775447745453,key-36,167
1775447745455,key-28,161
1775447745459,key-12,163
1775447745460,key-26,221
1775447745460,key-9,306
1775447745464,key-16,508
1775447745465,key-15,220
1775447745470,key-4,553
1775447745470,key-19,333
1775447745474,key-11,156
1775447745477,key-50,302
1775447745478,key-41,164
1775447745478,key-17,303
1775447745483,key-34,434
1775447745485,key-16,529
1775447745485,key-20,175
1775447745487,key-45,356
1775447745488,key-10,172
1775447745490,key-5,221
1775447745490,key-17,315
1775447745492,key-34,155
1775447745494,key-50,159
1775447745495,key-19,358
1775447745495,key-25,480
1775447745503,key-26,264
1775447745504,key-5,235
1775447745508,key-46,499
1775447745511,key-50,176
1775447745511,key-15,160
1775447745511,key-34,174
1775447745511,key-21,218
1775447745516,key-37,173
1775447745522,key-32,392
1775447745525,key-11,170
1775447745527,key-41,169
1775447745528,key-43,391
1775447745528,key-25,513
1775447745528,key-12,208
1775447745530,key-20,220
1775447745530,key-38,159
1775447745536,key-5,267
1775447745536,key-29,170
1775447745536,key-39,177
1775447745540,key-38,169
1775447745544,key-43,407
1775447745545,key-28,251
1775447745554,key-47,368
1775447745557,key-28,178
1775447745558,key-43,421
1775447745559,key-15,208
1775447745561,key-14,343
1775447745562,key-30,157
1775447745571,key-12,251
1775447745571,key-12,251
1775447745573,key-14,355
1775447745573,key-22,165
1775447745576,key-2,334
1775447745576,key-2,334
1775447745579,key-28,285
1775447745579,key-31,163
1775447745579,key-21,286
1775447745581,key-15,230
1775447745583,key-22,175
1775447745583,key-31,158
1775447745584,key-22,176
1775447745587,key-5,165
1775447745588,key-2,346
1775447745589,key-21,296
1775447745590,key-26,351
1775447745590,key-14,158
1775447745590,key-31,165
1775447745592,key-31,167
1775447745594,key-42,154
1775447745602,key-9,213
1775447745605,key-35,275
1775447745605,key-8,210
1775447745612,key-10,296
1775447745615,key-32,218
1775447745617,key-27,927
1775447745617,key-43,157
1775447745623,key-19,486
1775447745624,key-32,164
1775447745624,key-10,308
1775447745625,key-9,236
1775447745625,key-28,246
1775447745627,key-28,203
1775447745634,key-16,678
1775447745635,key-49,246
1775447745636,key-11,215
1775447745636,key-11,215
1775447745638,key-16,682
1775447745640,key-42,571
1775447745642,key-34,305
1775447745644,key-11,223
1775447745647,key-30,211
1775447745647,key-45,516
1775447745650,key-17,475
1775447745653,key-34,316
1775447745657,key-48,160
1775447745659,key-34,322
1775447745665,key-28,241
1775447745666,key-8,271
1775447745670,key-16,168
1775447745674,key-27,205
1775447745681,key-11,156
1775447745686,key-4,769
1775447745687,key-20,182
1775447745688,key-10,372
1775447745689,key-25,674
1775447745692,key-17,158
1775447745693,key-11,168
1775447745693,key-48,196
1775447745693,key-17,159
1775447745695,key-48,198
1775447745696,key-11,171
1775447745697,key-10,381
1775447745701,key-38,307
1775447745701,key-39,316
1775447745702,key-49,313
1775447745704,key-43,188
1775447745706,key-16,750
1775447745710,key-34,168
1775447745711,key-5,214
1775447745717,key-10,401
1775447745717,key-45,586
1775447745717,key-2,167
1775447745722,key-17,188
1775447745722,key-34,385
1775447745724,key-23,170
1775447745725,key-27,211
1775447745725,key-23,535
1775447745727,key-42,287
1775447745727,key-49,338
1775447745731,key-2,181
1775447745738,key-28,314
1775447745743,key-22,279
1775447745744,key-31,319
1775447745746,key-21,453
1775447745747,key-28,162
1775447745753,key-32,167
1775447745755,key-19,618
1775447745757,key-12,160
1775447745757,key-2,207
1775447745759,key-26,169
1775447745764,key-43,162
1775447745773,key-9,191
1775447745773,key-2,223
1775447745778,key-26,172
1775447745780,key-32,194
1775447745780,key-13,159
1775447745786,key-27,191
1775447745786,key-27,191
1775447745786,key-28,201
1775447745786,key-43,184
1775447745788,key-27,154
1775447745788,key-28,364
1775447745790,key-19,653
1775447745790,key-32,204
1775447745791,key-7,161
1775447745791,key-16,289
1775447745794,key-11,169
1775447745794,key-39,409
1775447745802,key-12,168
1775447745803,key-42,156
1775447745803,key-28,218
1775447745807,key-16,305
1775447745808,key-30,195
1775447745808,key-11,183
1775447745818,key-35,329
1775447745821,key-49,165
1775447745821,key-8,426
1775447745823,key-43,221
1775447745825,key-16,161
1775447745826,key-27,167
1775447745829,key-7,199
1775447745830,key-3,211
1775447745836,key-34,156
1775447745842,key-23,236
1775447745843,key-9,181
1775447745844,key-33,503
1775447745847,key-32,261
1775447745848,key-29,288
1775447745850,key-38,456
1775447745854,key-28,269
1775447745855,key-39,168
1775447745856,key-4,939
1775447745859,key-37,161
1775447745862,key-48,316
1775447745862,key-23,161
1775447745862,key-10,546
1775447745864,key-42,217
1775447745871,key-17,199
1775447745872,key-10,556
1775447745874,key-8,479
1775447745877,key-14,305
1775447745881,key-26,275
1775447745882,key-17,157
1775447745884,key-28,216
1775447745885,key-17,160
1775447745885,key-16,221
1775447745885,key-10,569
1775447745887,key-9,225
1775447745887,key-10,571
1775447745888,key-42,155
1775447745899,key-1,155
1775447745900,key-26,154
1775447745904,key-5,238
1775447745911,key-7,162
1775447745913,key-1,169
1775447745913,key-28,245
1775447745914,key-25,233
1775447745914,key-29,354
1775447745917,key-7,168
1775447745923,key-18,163
1775447745926,key-50,348
1775447745926,key-10,610
1775447745928,key-1,157
1775447745935,key-2,164
1775447745936,key-37,156
1775447745937,key-25,215
1775447745938,key-27,236
1775447745942,key-1,171
1775447745944,key-38,169
1775447745944,key-28,276
1775447745944,key-2,173
1775447745949,key-26,203
1775447745950,key-7,201
1775447745959,key-39,171
1775447745964,key-16,300
1775447745966,key-7,217
1775447745969,key-22,165
1775447745969,key-20,158
1775447745970,key-21,677
1775447745977,key-8,582
1775447745977,key-42,155
1775447745981,key-4,170
1775447745984,key-27,282
1775447745985,key-41,178
1775447745985,key-24,225
1775447745986,key-19,240
1775447745986,key-38,211
1775447745988,key-25,166
1775447745993,key-3,374
1775447745994,key-49,338
1775447745995,key-36,263
1775447745995,key-17,197
1775447745997,key-28,329
1775447745999,key-13,378
1775447746002,key-8,158
1775447746006,key-1,235
1775447746009,key-16,345
1775447746009,key-19,168
1775447746011,key-39,223
1775447746012,key-22,208
1775447746015,key-11,253
1775447746016,key-30,158
1775447746020,key-6,205
1775447746023,key-31,154
1775447746026,key-47,331
1775447746027,key-39,239
1775447746027,key-8,183
1775447746032,key-20,221
1775447746039,key-40,156
1775447746041,key-10,725
1775447746045,key-49,389
1775447746045,key-37,166
1775447746047,key-23,154
1775447746050,key-13,166
1775447746051,key-17,208
1775447746052,key-17,209
1775447746052,key-9,390
1775447746052,key-5,386
1775447746053,key-31,169
1775447746054,key-25,210
1775447746059,key-45,254
1775447746062,key-39,161
1775447746065,key-2,294
1775447746068,key-28,167
1775447746071,key-1,300
1775447746073,key-7,166
1775447746075,key-39,174
1775447746075,key-1,304
1775447746076,key-24,206
1775447746081,key-5,415
1775447746083,key-25,159
1775447746087,key-36,355
1775447746087,key-28,186
1775447746095,key-10,206
1775447746096,key-4,237
1775447746096,key-10,207
1775447746099,key-37,220
1775447746100,key-16,163
1775447746105,key-15,379
1775447746105,key-20,232
1775447746105,key-2,334
1775447746107,key-10,218
1775447746107,key-49,200
1775447746107,key-26,247
1775447746109,key-19,268
1775447746110,key-25,186
1775447746113,key-2,342
1775447746124,key-16,176
1775447746125,key-14,175
1775447746125,key-49,218
1775447746128,key-13,227
1775447746129,key-3,162
1775447746129,key-7,222
1775447746131,key-31,247
1775447746132,key-38,357
1775447746133,key-7,202
1775447746134,key-30,246
1775447746134,key-42,307
1775447746134,key-16,186
1775447746135,key-1,364
1775447746142,key-21,849
1775447746144,key-27,442
1775447746151,key-23,258
1775447746153,key-28,193
1775447746155,key-17,203
1775447746156,key-19,225
1775447746156,key-24,286
1775447746161,key-48,211
1775447746161,key-29,223
1775447746162,key-41,155
1775447746164,key-30,174
1775447746165,key-8,188
1775447746171,key-31,228
1775447746179,key-36,157
1775447746179,key-19,248
1775447746180,key-49,157
1775447746183,key-3,155
1775447746184,key-6,162
1775447746184,key-31,241
1775447746188,key-16,240
1775447746190,key-33,169
1775447746192,key-22,291
1775447746195,key-48,245
1775447746195,key-7,161
1775447746195,key-8,161
1775447746207,key-8,173
1775447746207,key-49,184
1775447746209,key-31,266
1775447746212,key-43,215
1775447746212,key-8,178
1775447746214,key-17,262
1775447746221,key-37,342
1775447746221,key-7,187
1775447746222,key-18,175
1775447746224,key-36,202
1775447746226,key-25,302
1775447746227,key-49,204
1775447746227,key-1,456
1775447746228,key-45,267
1775447746229,key-46,308
1775447746229,key-2,242
1775447746234,key-1,463
1775447746235,key-9,195
1775447746238,key-31,295
1775447746238,key-17,157
1775447746243,key-24,179
1775447746252,key-38,163
1775447746252,key-42,425
1775447746252,key-36,230
1775447746255,key-28,164
1775447746257,key-7,168
1775447746260,key-37,165
1775447746267,key-42,440
1775447746268,key-26,408
1775447746268,key-16,170
1775447746269,key-17,317
1775447746272,key-48,322
1775447746282,key-34,173
1775447746283,key-49,260
1775447746284,key-2,297
1775447746286,key-25,161
1775447746288,key-6,234
1775447746289,key-24,225
1775447746289,key-15,153
1775447746289,key-3,261
1775447746297,key-13,396
1775447746300,key-7,211
1775447746304,key-28,178
1775447746307,key-8,162
1775447746310,key-9,168
1775447746311,key-49,288
1775447746314,key-8,169
1775447746328,key-30,196
1775447746330,key-42,168
1775447746335,key-1,185
1775447746336,key-31,194
1775447746336,key-31,194
1775447746336,key-7,214
1775447746336,key-44,179
1775447746337,key-19,406
1775447746337,key-29,206
1775447746337,key-32,351
1775447746342,key-30,210
1775447746344,key-40,353
1775447746347,key-14,212
1775447746347,key-34,238
1775447746348,key-10,198
1775447746354,key-16,256
1775447746355,key-3,327
1775447746361,key-29,163
1775447746361,key-42,155
1775447746362,key-9,220
1775447746366,key-12,160
1775447746366,key-21,214
1775447746370,key-24,306
1775447746375,key-36,162
1775447746380,key-25,155
1775447746388,key-24,324
1775447746389,key-22,170
1775447746391,key-2,404
1775447746391,key-12,158
1775447746392,key-1,183
1775447746392,key-12,159
1775447746396,key-14,212
1775447746396,key-25,163
1775447746397,key-42,164
1775447746400,key-33,229
1775447746401,key-44,214
1775447746401,key-4,168
1775447746406,key-29,208
1775447746406,key-17,325
1775447746409,key-38,155
1775447746410,key-36,197
1775447746411,key-39,160
1775447746413,key-38,159
1775447746419,key-42,186
1775447746422,key-7,300
1775447746424,key-47,555
1775447746424,key-26,199
1775447746426,key-5,760
1775447746432,key-28,172
1775447746434,key-44,208
1775447746434,key-30,164
1775447746434,key-5,158
1775447746435,key-37,208
1775447746435,key-30,165
1775447746439,key-17,171
1775447746439,key-41,164
1775447746443,key-15,165
1775447746449,key-15,171
1775447746450,key-35,689
1775447746452,key-5,172
1775447746452,key-47,583
1775447746453,key-28,169
1775447746456,key-15,178
1775447746456,key-28,224
1775447746457,key-25,176
1775447746457,key-38,155
1775447746460,key-38,206
1775447746461,key-48,331
1775447746467,key-17,156
1775447746468,key-6,179
1775447746469,key-2,200
1775447746470,key-38,168
1775447746470,key-38,168
1775447746471,key-46,550
1775447746472,key-28,167
1775447746475,key-49,452
1775447746480,key-28,175
1775447746482,key-8,166
1775447746482,key-9,289
1775447746484,key-9,291
1775447746484,key-34,291
1775447746487,key-41,212
1775447746491,key-9,298
1775447746493,key-41,168
1775447746493,key-48,363
1775447746494,key-31,352
1775447746497,key-2,165
1775447746498,key-18,451
1775447746501,key-50,238
1775447746502,key-25,164
1775447746505,key-44,169
1775447746520,key-12,287
1775447746523,key-49,500
1775447746524,key-21,207
1775447746534,key-43,281
1775447746537,key-45,169
1775447746537,key-36,162
1775447746538,key-44,157
1775447746538,key-44,157
1775447746539,key-21,222
1775447746545,key-22,326
1775447746545,key-12,312
1775447746548,key-30,278
1775447746552,key-24,166
1775447746554,key-4,181
1775447746555,key-19,296
1775447746559,key-31,417
1775447746559,key-14,170
1775447746569,key-14,229
1775447746575,key-33,404
1775447746576,key-28,271
1775447746584,key-23,228
1775447746585,key-27,163
1775447746586,key-23,230
1775447746586,key-27,164
1775447746586,key-48,158
1775447746588,key-30,318
1775447746588,key-9,157
1775447746589,key-5,280
1775447746597,key-28,167
1775447746599,key-36,224
1775447746600,key-48,470
1775447746600,key-30,330
1775447746606,key-41,162
1775447746609,key-33,438
1775447746610,key-23,164
1775447746610,key-28,180
1775447746611,key-7,165
1775447746612,key-15,294
1775447746615,key-12,382
1775447746620,key-27,174
1775447746620,key-5,311
1775447746625,key-4,252
1775447746626,key-16,164
1775447746626,key-39,191
1775447746627,key-1,184
1775447746627,key-42,394
1775447746632,key-25,165
1775447746636,key-48,208
1775447746638,key-41,185
1775447746639,key-25,172
1775447746639,key-40,186
1775447746639,key-2,155
1775447746639,key-35,153
1775447746643,key-46,722
1775447746649,key-7,203
1775447746654,key-31,512
1775447746661,key-18,614
1775447746662,key-14,273
1775447746662,key-10,159
1775447746662,key-2,178
1775447746663,key-12,430
1775447746668,key-10,165
1775447746671,key-25,173
1775447746671,key-32,167
1775447746672,key-2,188
1775447746673,key-32,155
1775447746674,key-13,175
1775447746676,key-38,249
1775447746677,key-48,249
1775447746683,key-42,161
1775447746684,key-23,220
1775447746686,key-44,162
1775447746687,key-43,211
1775447746690,key-12,162
1775447746691,key-9,159
1775447746691,key-34,498
1775447746702,key-19,312
1775447746702,key-2,218
1775447746703,key-38,276
1775447746704,key-34,173
1775447746706,key-45,224
1775447746709,key-50,342
1775447746709,key-21,392
1775447746711,key-34,180
1775447746713,key-44,189
1775447746716,key-19,326
1775447746718,key-4,236
1775447746724,key-15,173
1775447746728,key-7,163
1775447746728,key-37,285
1775447746729,key-5,420
1775447746730,key-19,340
1775447746733,key-19,343
1775447746734,key-47,181
1775447746739,key-22,165
1775447746740,key-10,237
1775447746741,key-33,570
1775447746742,key-27,296
1775447746745,key-33,574
1775447746746,key-44,157
1775447746749,key-44,225
1775447746753,key-43,277
1775447746757,key-49,156
1775447746757,key-48,329
1775447746757,key-36,382
1775447746758,key-36,383
1775447746759,key-40,171
1775447746765,key-7,162
1775447746773,key-39,166
1775447746775,key-10,156
1775447746781,key-11,229
1775447746782,key-16,173
1775447746782,key-3,168
1775447746783,key-1,340
1775447746786,key-17,159
1775447746787,key-10,168
1775447746788,key-19,398
1775447746788,key-7,185
1775447746788,key-18,233
1775447746791,key-22,217
1775447746792,key-39,157
1775447746793,key-44,204
1775447746798,key-8,163
1775447746805,key-7,202
1775447746805,key-18,157
1775447746807,key-48,379
1775447746812,key-31,670
1775447746813,key-15,158
1775447746813,key-25,177
1775447746813,key-2,159
1775447746819,key-20,160
1775447746820,key-7,217
1775447746820,key-15,165
1775447746823,key-12,295
1775447746825,key-43,349
1775447746826,key-7,223
1775447746826,key-16,217
1775447746829,key-47,160
1775447746829,key-3,215
1775447746832,key-11,160
1775447746833,key-10,214
1775447746838,key-47,169
1775447746842,key-35,254
1775447746843,key-23,156
1775447746845,key-38,192
1775447746855,key-39,220
1775447746858,key-46,178
1775447746858,key-38,205
1775447746864,key-40,166
1775447746864,key-40,166
1775447746866,key-44,277
1775447746870,key-12,342
1775447746871,key-34,319
1775447746871,key-21,175
1775447746876,key-40,178
1775447746877,key-44,288
1775447746878,key-12,350
1775447746883,key-50,207
1775447746884,key-23,197
1775447746884,key-25,208
1775447746892,key-28,258
1775447746894,key-44,305
1775447746896,key-40,308
1775447746906,key-20,165
1775447746910,key-33,739
1775447746911,key-47,242
1775447746913,key-32,190
1775447746914,key-22,167
1775447746914,key-2,260
1775447746914,key-3,156
1775447746919,key-33,748
1775447746921,key-9,286
1775447746922,key-25,246
1775447746922,key-23,154
1775447746923,key-44,163
1775447746924,key-44,164
1775447746927,key-47,258
1775447746927,key-23,240
1775447746929,key-22,182
1775447746933,key-46,253
1775447746938,key-45,161
1775447746938,key-16,176
1775447746943,key-30,333
1775447746943,key-4,166
1775447746947,key-24,157
1775447746947,key-17,320
1775447746947,key-19,314
1775447746953,key-5,155
1775447746954,key-17,327
1775447746954,key-16,192
1775447746954,key-18,183
1775447746956,key-3,176
1775447746957,key-17,330
1775447746957,key-5,159
1775447746958,key-44,198
1775447746962,key-39,218
1775447746963,key-7,217
1775447746963,key-7,217
1775447746965,key-45,188
1775447746969,key-1,169
1775447746970,key-2,166
1775447746970,key-18,199
1775447746974,key-25,298
1775447746975,key-31,201
1775447746980,key-18,209
1775447746980,key-8,236
1775447746981,key-18,210
1775447746984,key-32,261
1775447746986,key-16,158
1775447746986,key-21,165
1775447746989,key-20,156
1775447746989,key-15,205
1775447746993,key-7,247
1775447746993,key-3,213
1775447746997,key-43,259
1775447747000,key-23,178
1775447747004,key-21,221
1775447747005,key-32,167
1775447747008,key-20,175
1775447747009,key-20,176
1775447747010,key-39,168
1775447747014,key-29,231
1775447747016,key-8,167
1775447747026,key-34,168
1775447747029,key-26,180
1775447747031,key-29,248
1775447747033,key-35,445
1775447747034,key-34,176
1775447747045,key-38,392
1775447747048,key-46,176
1775447747048,key-27,167
1775447747048,key-44,176
1775447747050,key-24,225
1775447747050,key-13,166
1775447747056,key-16,161
1775447747057,key-20,224
1775447747060,key-16,159
1775447747061,key-18,158
1775447747061,key-45,207
1775447747065,key-13,181
1775447747067,key-18,164
1775447747068,key-14,262
1775447747068,key-13,184
1775447747069,key-47,328
1775447747078,key-28,444
1775447747079,key-23,231
1775447747083,key-47,342
1775447747084,key-9,157
1775447747091,key-25,415
1775447747092,key-20,173
1775447747092,key-3,312
1775447747096,key-5,153
1775447747101,key-40,403
1775447747103,key-28,161
1775447747105,key-44,233
1775447747109,key-30,499
1775447747109,key-24,284
1775447747111,key-30,501
1775447747112,key-16,211
1775447747113,key-7,165
1775447747114,key-2,310
1775447747116,key-24,291
1775447747119,key-14,164
1775447747119,key-44,247
1775447747123,key-7,175
1775447747123,key-45,269
1775447747126,key-48,159
1775447747132,key-1,254
1775447747135,key-31,217
1775447747135,key-46,164
1775447747135,key-6,157
1775447747139,key-28,197
1775447747140,key-6,156
1775447747142,key-35,554
1775447747143,key-6,159
1775447747143,key-6,159
1775447747149,key-4,156
1775447747151,key-10,156
1775447747155,key-17,528
1775447747155,key-15,171
1775447747162,key-48,157
1775447747170,key-10,175
1775447747173,key-22,217
1775447747173,key-26,324
1775447747174,key-4,181
1775447747174,key-42,169
1775447747174,key-21,211
1775447747175,key-23,327
1775447747176,key-19,167
1775447747176,key-19,167
1775447747177,key-43,439
1775447747178,key-27,212
1775447747178,key-26,329
1775447747180,key-35,592
1775447747181,key-8,204
1775447747182,key-20,263
1775447747183,key-32,167
1775447747186,key-32,170
1775447747186,key-48,181
1775447747187,key-48,182
1775447747187,key-42,182
1775447747190,key-34,332
1775447747198,key-3,155
1775447747202,key-14,180
1775447747205,key-4,212
1775447747208,key-9,281
1775447747208,key-12,171
1775447747225,key-44,252
1775447747226,key-44,253
1775447747226,key-13,342
1775447747229,key-45,375
1775447747234,key-14,212
1775447747235,key-39,393
1775447747239,key-5,230
1775447747241,key-26,161
1775447747250,key-11,170
1775447747252,key-17,625
1775447747253,key-6,269
1775447747253,key-9,326
1775447747256,key-46,249
1775447747258,key-18,232
1775447747259,key-47,224
1775447747259,key-18,157
1775447747259,key-3,160
1775447747259,key-40,264
1775447747261,key-26,173
1775447747266,key-28,265
1775447747275,key-3,155
1775447747277,key-3,157
1775447747277,key-3,178
1775447747278,key-29,166
1775447747278,key-15,172
1775447747283,key-7,217
1775447747284,key-45,164
1775447747287,key-42,169
1775447747288,key-29,176
1775447747288,key-48,197
1775447747291,key-7,225
1775447747299,key-25,329
1775447747299,key-40,304
1775447747300,key-34,442
1775447747304,key-7,238
1775447747305,key-7,239
1775447747314,key-6,330
1775447747314,key-2,165
1775447747318,key-15,212
1775447747319,key-25,349
1775447747319,key-6,335
1775447747326,key-28,325
1775447747328,key-44,254
1775447747332,key-14,177
1775447747333,key-17,153
1775447747334,key-2,185
1775447747334,key-1,157
1775447747335,key-21,245
1775447747337,key-7,271
1775447747337,key-23,161
1775447747342,key-17,162
1775447747343,key-49,209
1775447747343,key-48,165
1775447747345,key-24,156
1775447747346,key-2,197
1775447747346,key-5,243
1775447747349,key-32,333
1775447747349,key-49,215
1775447747350,key-35,205
1775447747352,key-32,336
1775447747355,key-11,220
1775447747355,key-34,161
1775447747356,key-24,167
1775447747362,key-45,170
1775447747363,key-32,347
1775447747365,key-16,382
1775447747365,key-22,177
1775447747365,key-30,273
1775447747366,key-3,177
1775447747370,key-21,167
1775447747372,key-26,233
1775447747372,key-24,168
1775447747374,key-17,194
1775447747378,key-9,451
1775447747380,key-14,225
1775447747380,key-42,262
1775447747389,key-47,170
1775447747389,key-11,184
1775447747389,key-47,170
1775447747390,key-3,201
1775447747391,key-4,294
1775447747392,key-3,203
1775447747399,key-5,296
1775447747403,key-23,179
1775447747407,key-8,228
1775447747409,key-39,567
1775447747413,key-14,258
1775447747414,key-26,275
1775447747418,key-31,164
1775447747418,key-10,179
1775447747421,key-17,241
1775447747425,key-24,221
1775447747428,key-11,223
1775447747430,key-48,185
1775447747432,key-4,335
1775447747432,key-18,202
1775447747433,key-44,178
1775447747440,key-3,203
1775447747440,key-36,699
1775447747442,key-29,330
1775447747443,key-40,228
1775447747447,key-9,520
1775447747452,key-15,204
1775447747454,key-29,342
1775447747458,key-40,243
1775447747462,key-47,156
1775447747464,key-37,287
1775447747465,key-42,347
1775447747466,key-41,178
1775447747467,key-18,166
1775447747469,key-29,357
1775447747469,key-34,207
1775447747475,key-32,158
1775447747476,key-43,184
1775447747481,key-40,266
1775447747481,key-34,219
1775447747496,key-17,316
1775447747496,key-31,220
1775447747498,key-17,318
1775447747498,key-49,164
1775447747501,key-21,174
1775447747504,key-48,259
1775447747504,key-19,325
1775447747504,key-36,763
1775447747505,key-43,160
1775447747505,key-7,439
1775447747505,key-3,186
1775447747505,key-49,171
1775447747510,key-31,162
1775447747516,key-25,183
1775447747517,key-23,181
1775447747519,key-11,156
1775447747521,key-22,169
1775447747522,key-24,318
1775447747522,key-22,170
1775447747522,key-34,260
1775447747522,key-22,170
1775447747528,key-7,462
1775447747528,key-3,209
1775447747532,key-11,169
1775447747532,key-26,189
1775447747533,key-26,190
1775447747537,key-2,267
1775447747538,key-21,211
1775447747540,key-24,336
1775447747542,key-24,338
1775447747545,key-10,306
1775447747546,key-49,154
1775447747553,key-50,153
1775447747554,key-12,173
1775447747556,key-26,213
1775447747556,key-5,453
1775447747557,key-47,251
1775447747557,key-3,238
1775447747557,key-11,194
1775447747558,key-36,171
1775447747561,key-23,225
1775447747569,key-13,167
1775447747569,key-25,236
1775447747571,key-44,250
1775447747573,key-9,646
1775447747577,key-50,177
1775447747579,key-17,221
1775447747580,key-16,175
1775447747581,key-39,200
1775447747583,key-16,178
1775447747583,key-22,231
1775447747587,key-29,475
1775447747591,key-33,171
1775447747593,key-29,158
1775447747594,key-39,213
1775447747595,key-26,252
1775447747597,key-4,160
1775447747604,key-24,400
1775447747607,key-3,288
1775447747609,key-15,241
1775447747609,key-36,205
1775447747615,key-13,213
1775447747619,key-38,328
1775447747620,key-29,156
1775447747621,key-21,225
1775447747623,key-15,255
1775447747624,key-37,447
1775447747631,key-5,160
1775447747638,key-20,181
1775447747639,key-48,172
1775447747641,key-43,296
1775447747641,key-11,278
1775447747644,key-4,207
1775447747645,key-21,159
1775447747646,key-48,401
1775447747648,key-43,303
1775447747651,key-48,184
1775447747653,key-10,156
1775447747655,key-3,166
1775447747658,key-33,213
1775447747661,key-29,197
1775447747665,key-7,284
1775447747675,key-8,163
1775447747676,key-29,212
1775447747676,key-14,165
1775447747676,key-14,165
1775447747679,key-14,168
1775447747680,key-28,331
1775447747682,key-34,420
1775447747685,key-37,173
1775447747685,key-41,292
1775447747689,key-22,222
1775447747694,key-7,179
1775447747698,key-30,419
1775447747700,key-10,161
1775447747705,key-5,165
1775447747707,key-38,176
1775447747710,key-24,212
1775447747716,key-5,176
1775447747716,key-45,170
1775447747717,key-46,279
1775447747718,key-21,232
1775447747718,key-7,337
1775447747724,key-34,462
1775447747725,key-26,166
1775447747730,key-3,189
1775447747731,key-47,158
1775447747733,key-33,154
1775447747735,key-1,290
1775447747740,key-50,340
1775447747740,key-22,273
1775447747744,key-30,163
1775447747748,key-50,348
1775447747750,key-13,166
1775447747751,key-15,178
1775447747751,key-30,210
1775447747755,key-30,214
1775447747756,key-2,157
1775447747756,key-50,165
1775447747757,key-50,166
1775447747760,key-29,206
1775447747761,key-30,220
1775447747761,key-11,183
1775447747762,key-24,160
1775447747766,key-15,193
1775447747766,key-41,169
1775447747776,key-10,159
1775447747776,key-4,339
1775447747777,key-27,178
1775447747780,key-3,239
1775447747786,key-29,232
1775447747786,key-40,157
1775447747788,key-24,186
1775447747794,key-3,253
1775447747795,key-40,160
1775447747795,key-14,178
1775447747798,key-10,156
1775447747801,key-13,217
1775447747801,key-10,159
1775447747802,key-31,224
1775447747803,key-38,175
1775447747804,key-38,156
1775447747815,key-33,157
1775447747816,key-18,160
1775447747816,key-20,159
1775447747817,key-13,206
1775447747823,key-7,160
1775447747823,key-10,206
1775447747823,key-22,174
1775447747824,key-43,479
1775447747830,key-48,213
1775447747831,key-26,251
1775447747832,key-8,320
1775447747834,key-3,188
1775447747837,key-12,157
1775447747840,key-16,435
1775447747841,key-5,168
1775447747842,key-18,154
1775447747842,key-14,225
1775447747843,key-28,354
1775447747845,key-32,229
1775447747845,key-45,158
1775447747853,key-7,190
1775447747856,key-6,186
1775447747858,key-48,241
1775447747868,key-38,174
1775447747872,key-8,162
1775447747875,key-28,167
1775447747881,key-24,183
1775447747886,key-26,306
1775447747887,key-14,270
1775447747890,key-4,156
1775447747893,key-26,313
1775447747908,key-46,378
1775447747909,key-28,201
1775447747909,key-13,173
1775447747909,key-4,175
1775447747909,key-14,172
1775447747910,key-31,206
1775447747910,key-27,167
1775447747916,key-14,159
1775447747916,key-44,197
1775447747918,key-24,220
1775447747919,key-14,162
1775447747919,key-39,201
1775447747920,key-41,224
1775447747920,key-13,184
1775447747921,key-32,305
1775447747921,key-29,171
1775447747924,key-2,325
1775447747926,key-17,306
1775447747934,key-15,257
1775447747936,key-7,273
1775447747936,key-24,238
1775447747937,key-31,233
1775447747937,key-46,160
1775447747938,key-30,230
1775447747943,key-33,285
1775447747943,key-32,327
1775447747949,key-31,168
1775447747950,key-29,200
1775447747952,key-3,190
1775447747952,key-42,329
1775447747952,key-29,202
1775447747954,key-31,173
1775447747956,key-30,248
1775447747958,key-38,169
1775447747960,key-50,267
1775447747962,key-23,468
1775447747965,key-6,177
1775447747966,key-9,304
1775447747966,key-17,214
1775447747967,key-32,161
1775447747968,key-42,155
1775447747972,key-14,215
1775447747973,key-28,209
1775447747977,key-47,174
1775447747978,key-13,242
1775447747979,key-19,208
1775447747985,key-25,163
1775447747986,key-7,181
1775447747988,key-4,226
1775447747988,key-11,311
1775447747989,key-47,186
1775447747989,key-25,167
1775447747989,key-18,301
1775447747990,key-10,348
1775447747990,key-5,265
1775447747990,key-26,410
1775447747992,key-41,296
1775447747993,key-42,180
1775447747994,key-10,352
1775447748002,key-29,252
1775447748007,key-7,202
1775447748007,key-21,232
1775447748012,key-13,276
1775447748013,key-25,191
1775447748016,key-6,184
1775447748018,key-12,250
1775447748019,key-45,160
1775447748023,key-20,211
1775447748024,key-38,235
1775447748028,key-2,172
1775447748029,key-38,240
1775447748032,key-6,166
1775447748042,key-45,183
1775447748044,key-42,179
1775447748046,key-20,234
1775447748049,key-45,190
1775447748050,key-43,363
1775447748064,key-48,363
1775447748065,key-4,303
1775447748065,key-14,308
1775447748069,key-16,296
1775447748073,key-40,156
1775447748074,key-21,299
1775447748076,key-14,319
1775447748077,key-6,211
1775447748087,key-50,394
1775447748087,key-28,323
1775447748088,key-30,168
1775447748091,key-41,295
1775447748092,key-2,236
1775447748092,key-44,275
1775447748096,key-50,155
1775447748097,key-7,292
1775447748104,key-12,336
1775447748107,key-33,196
1775447748108,key-34,197
1775447748109,key-3,347
1775447748110,key-26,166
1775447748111,key-43,168
1775447748113,key-16,340
1775447748116,key-21,341
1775447748117,key-33,206
1775447748117,key-29,367
1775447748121,key-13,166
1775447748123,key-7,172
1775447748123,key-47,160
1775447748124,key-35,461
1775447748124,key-50,183
1775447748131,key-50,190
1775447748141,key-19,219
1775447748142,key-47,179
1775447748145,key-39,427
1775447748146,key-13,236
1775447748146,key-38,175
1775447748147,key-31,366
1775447748147,key-36,178
1775447748147,key-30,154
1775447748148,key-18,276
1775447748148,key-42,197
1775447748154,key-32,160
1775447748156,key-26,212
1775447748162,key-29,170
1775447748163,key-31,382
1775447748163,key-24,171
1775447748163,key-32,169
1775447748168,key-4,162
1775447748173,key-40,237
1775447748176,key-4,163
1775447748180,key-49,443
1775447748181,key-37,160
1775447748181,key-36,212
1775447748182,key-8,166
1775447748182,key-26,167
1775447748182,key-21,168
1775447748187,key-39,469
1775447748188,key-47,225
1775447748194,key-26,179
1775447748195,key-46,418
1775447748196,key-44,232
1775447748198,key-17,446
1775447748198,key-42,247
1775447748199,key-29,207
1775447748200,key-41,404
1775447748201,key-42,250
1775447748205,key-50,155
1775447748207,key-50,157
1775447748212,key-36,212
1775447748213,key-9,187
1775447748214,key-8,172
1775447748215,key-28,155
1775447748216,key-35,157
1775447748220,key-43,226
1775447748221,key-31,215
1775447748226,key-47,263
1775447748228,key-20,270
1775447748228,key-45,369
1775447748234,key-44,176
1775447748236,key-22,506
1775447748240,key-35,168
1775447748241,key-14,484
1775447748243,key-2,387
1775447748244,key-15,176
1775447748245,key-28,164
1775447748247,key-38,276
1775447748249,key-9,223
1775447748257,key-27,215
1775447748259,key-4,246
1775447748267,key-45,408
1775447748274,key-41,208
1775447748275,key-29,237
1775447748275,key-35,216
1775447748279,key-5,554
1775447748281,key-22,551
1775447748288,key-47,214
1775447748290,key-26,183
1775447748295,key-25,165
1775447748295,key-2,208
1775447748298,key-43,169
1775447748299,key-13,197
1775447748303,key-29,265
1775447748307,key-9,281
1775447748308,key-8,169
1775447748308,key-50,228
1775447748310,key-13,208
1775447748311,key-19,157
1775447748311,key-2,170
1775447748314,key-31,308
1775447748315,key-18,215
1775447748316,key-50,236
1775447748319,key-13,161
1775447748321,key-29,283
1775447748323,key-8,217
1775447748329,key-50,169
1775447748330,key-43,207
1775447748332,key-22,184
1775447748333,key-3,159
1775447748339,key-50,259
1775447748340,key-44,216
1775447748340,key-31,334
1775447748340,key-26,233
1775447748341,key-2,175
1775447748343,key-25,213
1775447748346,key-50,266
1775447748348,key-10,161
1775447748351,key-41,159
1775447748353,key-44,229
1775447748354,key-4,341
1775447748358,key-46,261
1775447748361,key-49,155
1775447748362,key-21,156
1775447748367,key-17,174
1775447748367,key-36,250
1775447748367,key-48,376
1775447748375,key-31,369
1775447748376,key-39,325
1775447748377,key-28,296
1775447748378,key-13,155
1775447748379,key-39,328
1775447748379,key-1,162
1775447748383,key-13,160
1775447748383,key-26,163
1775447748384,key-43,255
1775447748387,key-40,169
1775447748388,key-11,174
1775447748390,key-44,155
1775447748391,key-20,433
1775447748391,key-4,378
1775447748392,key-35,250
1775447748394,key-38,268
1775447748395,key-5,670
1775447748399,key-46,302
1775447748400,key-25,162
1775447748401,key-15,208
1775447748403,key-45,158
1775447748404,key-35,262
1775447748405,key-45,160
1775447748411,key-27,369
1775447748412,key-28,174
1775447748419,key-14,177
1775447748420,key-23,161
1775447748420,key-9,159
1775447748422,key-10,165
1775447748422,key-4,409
1775447748426,key-47,262
1775447748427,key-14,185
1775447748429,key-49,170
1775447748431,key-43,161
1775447748432,key-45,187
1775447748435,key-32,244
1775447748444,key-24,170
1775447748445,key-43,175
1775447748445,key-48,454
1775447748445,key-29,407
1775447748449,key-19,295
1775447748455,key-11,241
1775447748456,key-41,181
1775447748456,key-5,204
1775447748456,key-3,168
1775447748459,key-5,207
1775447748463,key-6,154
1775447748468,key-10,166
1775447748469,key-9,208
1775447748473,key-23,214
1775447748473,key-27,431
1775447748477,key-29,439
1775447748478,key-13,186
1775447748484,key-2,253
1775447748490,key-24,173
1775447748491,key-50,331
1775447748496,key-29,458
1775447748497,key-44,239
1775447748500,key-41,225
1775447748501,key-12,341
1775447748502,key-50,342
1775447748505,key-2,274
1775447748506,key-50,346
1775447748510,key-44,252
1775447748514,key-50,354
1775447748514,key-26,294
1775447748518,key-4,505
1775447748521,key-4,508
1775447748526,key-8,229
1775447748526,key-46,429
1775447748526,key-13,234
1775447748526,key-19,175
1775447748527,key-1,167
1775447748528,key-10,174
1775447748533,key-44,275
1775447748543,key-13,251
1775447748547,key-2,316
1775447748549,key-13,257
1775447748549,key-36,165
1775447748551,key-33,169
1775447748558,key-35,158
1775447748562,key-19,211
1775447748562,key-25,226
1775447748563,key-31,238
1775447748563,key-9,222
1775447748563,key-10,209
1775447748570,key-36,157
1775447748570,key-25,234
1775447748572,key-39,521
1775447748573,key-15,234
1775447748576,key-36,163
1775447748576,key-48,168
1775447748578,key-36,256
1775447748579,key-47,415
1775447748580,key-23,160
1775447748580,key-16,157
1775447748585,key-46,488
1775447748588,key-27,546
1775447748593,key-45,217
1775447748593,key-45,217
1775447748594,key-33,159
1775447748597,key-36,161
1775447748604,key-49,224
1775447748608,key-1,167
1775447748613,key-19,158
1775447748616,key-11,402
1775447748618,key-13,326
1775447748620,key-19,158
1775447748624,key-38,167
1775447748624,key-50,464
1775447748630,key-12,160
1775447748631,key-38,174
1775447748633,key-13,155
1775447748634,key-50,474
1775447748637,key-13,159
1775447748639,key-10,285
1775447748639,key-50,479
1775447748639,key-4,176
1775447748644,key-37,356
1775447748646,key-18,155
1775447748647,key-1,177
1775447748657,key-50,497
1775447748657,key-47,493
1775447748660,key-13,169
1775447748660,key-28,186
1775447748661,key-12,160
1775447748661,key-5,172
1775447748661,key-33,226
1775447748662,key-33,165
1775447748664,key-41,295
1775447748668,key-19,206
1775447748671,key-12,170
1775447748681,key-23,165
1775447748682,key-17,330
1775447748683,key-12,213
1775447748687,key-23,267
1775447748688,key-1,218
1775447748688,key-14,166
1775447748689,key-44,431
1775447748694,key-12,161
1775447748701,key-19,164
1775447748702,key-19,165
1775447748702,key-50,542
1775447748702,key-14,162
1775447748702,key-12,169
1775447748703,key-41,180
1775447748707,key-2,476
1775447748708,key-39,174
1775447748712,key-39,178
1775447748712,key-33,215
1775447748712,key-8,178
1775447748712,key-31,174
1775447748716,key-19,157
1775447748724,key-9,383
1775447748725,key-22,154
1775447748728,key-26,219
1775447748730,key-49,161
1775447748733,key-45,157
1775447748733,key-21,169
1775447748736,key-47,162
1775447748737,key-40,164
1775447748738,key-8,204
1775447748738,key-36,302
1775447748739,key-6,331
1775447748739,key-39,205
1775447748740,key-47,166
1775447748741,key-3,175
1775447748748,key-39,162
1775447748748,key-39,162
1775447748753,key-12,220
1775447748753,key-15,180
1775447748756,key-48,348
1775447748758,key-47,171
1775447748758,key-47,171
1775447748759,key-36,323
1775447748759,key-36,323
1775447748760,key-10,406
1775447748760,key-35,303
1775447748762,key-49,193
1775447748763,key-2,244
1775447748770,key-15,222
1775447748771,key-27,729
1775447748776,key-50,178
1775447748779,key-50,181
1775447748780,key-19,161
1775447748781,key-31,168
1775447748784,key-4,186
1775447748785,key-20,260
1775447748792,key-15,154
1775447748793,key-45,217
1775447748796,key-40,223
1775447748798,key-42,209
1775447748803,key-45,227
1775447748809,key-10,177
1775447748810,key-31,197
1775447748816,key-14,257
1775447748817,key-47,230
1775447748819,key-18,328
1775447748821,key-50,223
1775447748830,key-26,321
1775447748834,key-35,199
1775447748839,key-24,165
1775447748840,key-35,156
1775447748840,key-19,221
1775447748841,key-34,179
1775447748843,key-15,205
1775447748850,key-23,183
1775447748851,key-10,219
1775447748851,key-15,213
1775447748852,key-39,178
1775447748857,key-10,225
1775447748861,key-32,162
1775447748863,key-43,167
1775447748867,key-2,246
1775447748869,key-31,173
1775447748872,key-43,176
1775447748873,key-42,164
1775447748875,key-42,166
1775447748875,key-41,352
1775447748875,key-48,467
1775447748880,key-9,539
1775447748883,key-36,164
1775447748884,key-9,543
1775447748888,key-44,165
1775447748890,key-21,326
1775447748894,key-35,210
1775447748894,key-29,438
1775447748894,key-8,160
1775447748895,key-41,372
1775447748895,key-9,554
1775447748895,key-23,228
1775447748895,key-26,386
1775447748899,key-23,232
1775447748899,key-38,234
1775447748900,key-3,334
1775447748900,key-38,235
1775447748903,key-42,194
1775447748904,key-38,239
1775447748905,key-45,188
1775447748905,key-14,346
1775447748907,key-19,288
1775447748911,key-15,166
1775447748916,key-42,207
1775447748917,key-47,330
1775447748922,key-46,313
1775447748923,key-47,156
1775447748923,key-10,194
1775447748925,key-47,158
1775447748926,key-35,167
1775447748928,key-2,307
1775447748929,key-39,182
1775447748934,key-31,238
1775447748934,key-47,167
1775447748935,key-9,160
1775447748935,key-21,371
1775447748937,key-35,178
1775447748944,key-26,435
1775447748946,key-42,237
1775447748951,key-41,160
1775447748952,key-27,172
1775447748952,key-50,354
1775447748953,key-7,233
1775447748955,key-39,208
1775447748960,key-2,339
1775447748961,key-42,252
1775447748962,key-2,341
1775447748963,key-14,180
1775447748963,key-6,177
1775447748963,key-19,159
1775447748963,key-27,206
1775447748970,key-46,178
1775447748971,key-41,180
1775447748973,key-38,174
1775447748974,key-35,215
1775447748977,key-42,268
1775447748984,key-36,265
1775447748991,key-35,232
1775447748992,key-26,198
1775447748996,key-19,192
1775447748997,key-8,159
1775447749000,key-50,402
1775447749014,key-1,228
1775447749019,key-32,320
1775447749019,key-43,323
1775447749020,key-35,261
1775447749022,key-47,255
1775447749023,key-13,221
1775447749024,key-30,1017
1775447749024,key-34,290
1775447749025,key-23,358
1775447749028,key-32,329
1775447749039,key-9,204
1775447749041,key-4,170
1775447749050,key-15,153
1775447749053,key-10,324
1775447749055,key-38,256
1775447749061,key-15,164
1775447749062,key-26,191
1775447749066,key-38,267
1775447749067,key-9,166
1775447749068,key-35,163
1775447749069,key-10,340
1775447749069,key-23,402
1775447749072,key-36,353
1775447749072,key-39,165
1775447749073,key-19,184
1775447749074,key-45,246
1775447749075,key-15,178
1775447749075,key-14,160
1775447749077,key-7,158
1775447749078,key-3,267
1775447749079,key-39,172
1775447749082,key-14,225
1775447749083,key-23,169
1775447749083,key-10,354
1775447749084,key-31,228
1775447749085,key-14,170
1775447749088,key-7,169
1775447749090,key-10,361
1775447749090,key-4,219
1775447749091,key-30,207
1775447749091,key-8,200
1775447749092,key-40,172
1775447749093,key-9,192
1775447749094,key-40,174
1775447749094,key-47,268
1775447749100,key-41,309
1775447749100,key-2,221
1775447749101,key-34,367
1775447749103,key-35,344
1775447749106,key-21,159
1775447749107,key-47,281
1775447749113,key-5,196
1775447749118,key-17,328
1775447749129,key-39,222
1775447749134,key-11,158
1775447749135,key-35,165
1775447749137,key-10,408
1775447749141,key-41,350
1775447749142,key-48,172
1775447749142,key-2,214
1775447749144,key-41,353
1775447749146,key-46,284
1775447749146,key-23,157
1775447749150,key-41,159
1775447749151,key-25,250
1775447749156,key-7,157
1775447749161,key-47,335
1775447749161,key-23,166
1775447749161,key-1,163
1775447749164,key-18,167
1775447749164,key-35,259
1775447749168,key-31,312
1775447749171,key-1,173
1775447749172,key-16,157
1775447749178,key-43,237
1775447749178,key-37,177
1775447749180,key-4,309
1775447749180,key-25,177
1775447749182,key-23,187
1775447749186,key-19,297
1775447749188,key-38,172
1775447749190,key-23,195
1775447749192,key-11,216
1775447749192,key-33,161
1775447749198,key-43,257
1775447749203,key-36,168
1775447749204,key-30,320
1775447749207,key-34,473
1775447749210,key-32,309
1775447749211,key-13,255
1775447749212,key-33,181
1775447749212,key-9,231
1775447749219,key-25,216
1775447749222,key-31,168
1775447749224,key-15,185
1775447749224,key-33,193
1775447749229,key-31,175
1775447749229,key-32,159
1775447749230,key-23,235
1775447749230,key-15,191
1775447749233,key-16,218
1775447749239,key-24,157
1775447749239,key-27,166
1775447749242,key-6,209
1775447749258,key-6,225
1775447749260,key-35,234
1775447749262,key-42,155
1775447749264,key-15,163
1775447749265,key-47,439
1775447749267,key-21,320
1775447749268,key-8,198
1775447749270,key-12,181
1775447749271,key-27,158
1775447749271,key-21,324
1775447749272,key-4,164
1775447749273,key-33,169
1775447749276,key-29,174
1775447749277,key-2,273
1775447749278,key-27,162
1775447749281,key-13,174
1775447749287,key-39,380
1775447749290,key-5,179
1775447749291,key-35,265
1775447749293,key-2,157
1775447749295,key-23,300
1775447749295,key-17,505
1775447749297,key-13,161
1775447749297,key-11,321
1775447749301,key-11,325
1775447749301,key-7,214
1775447749304,key-15,159
1775447749305,key-43,163
1775447749309,key-39,402
1775447749309,key-41,254
1775447749310,key-30,426
1775447749313,key-43,171
1775447749313,key-19,228
1775447749314,key-2,178
1775447749315,key-4,207
1775447749320,key-29,218
1775447749320,key-25,201
1775447749323,key-35,297
1775447749324,key-41,162
1775447749419,key-11,443
1775447749420,key-25,254
1775447749420,key-40,296
1775447749421,key-27,252
1775447749422,key-5,230
1775447749422,key-15,236
1775447749422,key-19,271
1775447749422,key-10,350
1775447749423,key-9,442
1775447749423,key-4,315
1775447749423,key-34,299
1775447749423,key-23,260
1775447749423,key-17,232
1775447749424,key-4,316
1775447749424,key-26,215
1775447749424,key-43,244
1775447749425,key-17,234
1775447749425,key-18,296
1775447749425,key-8,246
1775447749425,key-29,228
1775447749426,key-43,246
1775447749443,key-3,178
1775447749443,key-32,250
1775447749444,key-7,204
1775447749444,key-50,208
1775447749444,key-27,275
1775447749453,key-33,349
1775447749471,key-9,490
1775447749471,key-2,235
1775447749471,key-27,215
1775447749472,key-19,321
1775447749472,key-21,267
1775447749473,key-33,369
1775447749473,key-5,281
1775447749474,key-50,238
1775447749474,key-7,234
1775447749474,key-6,303
1775447749476,key-20,501
1775447749476,key-46,292
1775447749476,key-11,500
1775447749498,key-41,215
1775447749498,key-10,193
1775447749498,key-33,240
1775447749500,key-27,244
1775447749500,key-2,232
1775447749501,key-7,261
1775447749501,key-43,204
1775447749526,key-34,225
1775447749544,key-9,319
1775447749545,key-33,287
1775447749545,key-30,661
1775447749545,key-13,409
1775447749545,key-43,248
1775447749546,key-41,263
1775447749546,key-17,275
1775447749546,key-42,348
1775447749546,key-35,520
1775447749547,key-24,465
1775447749547,key-4,439
1775447749547,key-2,279
1775447749547,key-4,439
1775447749547,key-32,354
1775447749547,key-2,279
1775447749572,key-21,367
1775447749573,key-38,430
1775447749578,key-39,257
1775447749593,key-25,271
1775447749594,key-29,397
1775447749595,key-39,274
1775447749595,key-2,327
1775447749595,key-39,274
1775447749595,key-25,273
1775447749596,key-39,275
1775447749596,key-25,274
1775447749596,key-39,275
1775447749596,key-8,317
1775447749600,key-39,163
1775447749602,key-5,330
1775447749604,key-26,304
1775447749605,key-42,168
1775447749625,key-43,190
1775447749627,key-36,187
1775447749628,key-13,492
1775447749628,key-21,327
1775447749629,key-32,436
1775447749630,key-23,171
1775447749630,key-41,183
1775447749642,key-33,384
1775447749644,key-23,183
1775447749644,key-45,187
1775447749645,key-21,344
1775447749645,key-40,341
1775447749645,key-31,182
1775447749647,key-6,187
1775447749648,key-14,210
1775447749651,key-20,195
1775447749651,key-7,411
1775447749652,key-50,218
1775447749652,key-50,218
1775447749654,key-50,220
1775447749657,key-42,220
1775447749673,key-45,216
1775447749679,key-6,243
1775447749680,key-44,957
1775447749686,key-9,252
1775447749693,key-42,256
1775447749698,key-6,220
1775447749699,key-7,459
1775447749699,key-28,203
1775447749699,key-2,431
1775447749700,key-29,181
1775447749700,key-43,198
1775447749700,key-17,251
1775447749700,key-40,204
1775447749700,key-33,442
1775447749701,key-40,205
1775447749702,key-24,223
1775447749702,key-29,183
1775447749703,key-9,181
1775447749704,key-24,225
1775447749714,key-11,415
1775447749719,key-38,159
1775447749720,key-3,171
1775447749725,key-15,175
1775447749726,key-21,425
1775447749728,key-38,168
1775447749732,key-8,182
1775447749732,key-40,173
1775447749732,key-34,162
1775447749733,key-20,164
1775447749742,key-34,172
1775447749743,key-12,193
1775447749743,key-38,155
1775447749748,key-28,162
1775447749750,key-49,168
1775447749750,key-39,201
1775447749752,key-16,273
1775447749752,key-42,175
1775447749752,key-18,254
1775447749753,key-39,204
1775447749753,key-34,321
1775447749753,key-29,234
1775447749755,key-25,319
1775447749760,key-21,459
1775447749762,key-39,213
1775447749766,key-2,157
1775447749769,key-12,157
1775447749771,key-20,202
1775447749774,key-39,225
1775447749775,key-29,256
1775447749776,key-1,673
1775447749784,key-25,185
1775447749784,key-10,185
1775447749788,key-36,348
1775447749788,key-48,309
1775447749788,key-16,309
1775447749789,key-20,220
1775447749790,key-43,288
1775447749792,key-23,243
1775447749793,key-11,494
1775447749793,key-9,231
1775447749794,key-45,172
1775447749802,key-40,220
1775447749802,key-39,253
1775447749803,key-36,363
1775447749804,key-29,285
1775447749805,key-4,697
1775447749807,key-37,309
1775447749813,key-45,191
1775447749815,key-20,246
1775447749817,key-49,158
1775447749822,key-50,209
1775447749827,key-42,250
1775447749828,key-45,156
1775447749831,key-14,186
1775447749832,key-34,262
1775447749840,key-45,218
1775447749840,key-40,227
1775447749843,key-45,171
1775447749844,key-13,708
1775447749845,key-20,276
1775447749846,key-40,233
1775447749847,key-41,155
1775447749854,key-13,718
1775447749855,key-40,242
1775447749856,key-41,164
1775447749857,key-2,185
1775447749857,key-24,215
1775447749864,key-33,223
1775447749868,key-30,171
1775447749875,key-28,289
1775447749875,key-39,326
1775447749882,key-9,222
1775447749893,key-18,218
1775447749897,key-34,327
1775447749897,key-39,348
1775447749897,key-20,201
1775447749898,key-15,170
1775447749899,key-35,271
1775447749900,key-43,162
1775447749901,key-18,226
1775447749902,key-38,169
1775447749902,key-20,206
1775447749907,key-43,169
1775447749908,key-33,246
1775447749908,key-39,359
1775447749918,key-42,341
1775447749918,key-40,305
1775447749919,key-20,159
1775447749925,key-48,164
1775447749927,key-24,208
1775447749932,key-30,189
1775447749933,key-18,206
1775447749938,key-25,156
1775447749940,key-25,158
1775447749940,key-28,161
1775447749943,key-25,161
1775447749949,key-23,158
1775447749951,key-7,171
1775447749952,key-23,161
1775447749954,key-17,165
1775447749955,key-13,160
1775447749958,key-34,388
1775447749959,key-48,198
1775447749960,key-37,462
1775447749967,key-4,160
1775447749972,key-48,162
1775447749972,key-12,268
1775447749972,key-49,225
1775447749972,key-26,164
1775447749973,key-48,163
1775447749977,key-8,161
1775447749977,key-29,458
1775447749980,key-35,175
1775447749983,key-15,161
1775447749983,key-48,173
1775447749984,key-12,170
1775447749984,key-42,165
1775447749986,key-25,204
1775447749986,key-44,209
1775447749987,key-15,165
1775447749989,key-50,171
1775447749989,key-12,156
1775447749989,key-1,157
1775447749994,key-6,155
1775447749994,key-22,160
1775447749997,key-48,236
1775447750004,key-14,165
1775447750006,key-31,408
1775447750006,key-27,156
1775447750007,key-46,217
1775447750007,key-34,437
1775447750010,key-1,178
1775447750012,key-21,293
1775447750012,key-44,235
1775447750017,key-6,166
1775447750017,key-41,325
1775447750019,key-13,224
1775447750019,key-50,213
1775447750019,key-45,269
1775447750022,key-27,172
1775447750022,key-35,217
1775447750024,key-6,173
1775447750025,key-12,167
1775447750028,key-46,238
1775447750028,key-12,170
1775447750029,key-30,286
1775447750034,key-20,157
1775447750034,key-8,182
1775447750035,key-16,370
1775447750051,key-39,169
1775447750055,key-20,178
1775447750056,key-37,175
1775447750061,key-20,301
1775447750068,key-29,165
1775447750068,key-15,234
1775447750069,key-35,264
1775447750069,key-20,192
1775447750071,key-25,289
1775447750071,key-43,301
1775447750075,key-40,301
1775447750079,key-12,167
1775447750079,key-26,271
1775447750082,key-31,484
1775447750086,key-48,276
1775447750086,key-12,228
1775447750087,key-13,292
1775447750087,key-24,348
1775447750087,key-15,158
1775447750094,key-39,212
1775447750102,key-28,258
1775447750102,key-3,178
1775447750103,key-30,178
1775447750103,key-36,266
1775447750114,key-4,307
1775447750114,key-23,190
1775447750121,key-29,218
1775447750126,key-17,337
1775447750130,key-48,320
1775447750132,key-48,322
1775447750133,key-12,181
1775447750133,key-27,160
1775447750137,key-17,348
1775447750138,key-24,158
1775447750138,key-46,264
1775447750139,key-47,177
1775447750139,key-42,320
1775447750144,key-44,224
1775447750146,key-44,226
1775447750151,key-19,888
1775447750153,key-25,371
1775447750153,key-17,364
1775447750154,key-48,344
1775447750155,key-46,281
1775447750156,key-48,346
1775447750156,key-35,351
1775447750156,key-50,226
1775447750161,key-14,322
1775447750164,key-12,157
1775447750165,key-48,355
1775447750166,key-37,285
1775447750166,key-14,156
1775447750170,key-40,160
1775447750172,key-50,242
1775447750173,key-1,181
1775447750173,key-34,254
1775447750173,key-42,180
1775447750175,key-5,386
1775447750177,key-28,333
1775447750183,key-39,161
1775447750184,key-41,236
1775447750186,key-27,213
1775447750190,key-47,228
1775447750190,key-6,296
1775447750190,key-34,271
1775447750192,key-32,367
1775447750197,key-27,224
1775447750198,key-31,167
1775447750200,key-12,248
1775447750201,key-12,194
1775447750201,key-17,163
1775447750201,key-6,307
1775447750201,key-35,396
1775447750204,key-32,379
1775447750205,key-50,275
1775447750206,key-31,175
1775447750207,key-16,542
1775447750215,key-20,292
1775447750217,key-8,365
1775447750217,key-49,182
1775447750217,key-40,161
1775447750222,key-47,260
1775447750224,key-41,276
1775447750224,key-7,160
1775447750224,key-29,204
1775447750232,key-29,212
1775447750238,key-33,256
1775447750241,key-26,155
1775447750248,key-7,170
1775447750251,key-24,157
1775447750252,key-9,461
1775447750256,key-38,209
1775447750263,key-35,160
1775447750265,key-36,428
1775447750270,key-23,346
1775447750271,key-24,177
1775447750273,key-24,179
1775447750273,key-15,174
1775447750274,key-29,177
1775447750276,key-1,201
1775447750279,key-25,497
1775447750280,key-21,171
1775447750282,key-27,309
1775447750284,key-15,323
1775447750285,key-9,167
1775447750286,key-23,362
1775447750289,key-9,171
1775447750290,key-19,167
1775447750292,key-17,217
1775447750292,key-22,285
1775447750293,key-19,170
1775447750294,key-42,176
1775447750294,key-40,178
1775447750302,key-39,156
1775447750302,key-24,181
1775447750303,key-17,228
1775447750303,key-48,259
1775447750305,key-19,182
1775447750306,key-39,160
1775447750307,key-37,207
1775447750308,key-41,360
1775447750317,key-44,283
1775447750325,key-41,377
1775447750325,key-35,217
1775447750328,key-47,162
1775447750336,key-24,164
1775447750338,key-13,445
1775447750338,key-12,253
1775447750338,key-48,294
1775447750344,key-41,396
1775447750348,key-1,273
1775447750349,key-27,158
1775447750349,key-1,274
1775447750356,key-6,462
1775447750357,key-3,172
1775447750360,key-27,387
1775447750362,key-35,155
1775447750368,key-12,283
1775447750373,key-27,211
1775447750373,key-11,219
1775447750376,key-8,524
1775447750377,key-43,607
1775447750377,key-15,167
1775447750378,key-17,164
1775447750381,key-50,317
1775447750381,key-45,631
1775447750383,key-26,259
1775447750383,key-25,162
1775447750386,key-7,308
1775447750389,key-27,198
1775447750390,key-4,157
1775447750398,key-45,158
1775447750401,key-19,168
1775447750402,key-39,217
1775447750402,key-20,212
1775447750405,key-13,512
1775447750405,key-18,475
1775447750405,key-1,330
1775447750406,key-36,569
1775447750406,key-11,161
1775447750407,key-32,251
1775447750408,key-27,164
1775447750409,key-46,376
1775447750410,key-18,158
1775447750412,key-45,172
1775447750413,key-46,380
1775447750413,key-34,161
1775447750419,key-6,525
1775447750419,key-19,168
1775447750423,key-14,167
1775447750426,key-23,187
1775447750426,key-26,302
1775447750427,key-47,207
1775447750428,key-18,176
1775447750434,key-12,168
1775447750436,key-38,198
1775447750439,key-24,220
1775447750440,key-1,365
1775447750441,key-15,231
1775447750445,key-15,235
1775447750452,key-23,213
1775447750456,key-29,198
1775447750456,key-19,192
1775447750463,key-22,164
1775447750466,key-32,169
1775447750467,key-14,156
1775447750469,key-28,625
1775447750479,key-17,163
1775447750479,key-17,163
1775447750480,key-40,168
1775447750480,key-27,167
1775447750482,key-23,243
1775447750490,key-40,178
1775447750492,key-24,273
1775447750492,key-11,247
1775447750493,key-17,177
1775447750496,key-39,176
1775447750497,key-50,164
1775447750504,key-12,238
1775447750504,key-13,611
1775447750507,key-25,167
1775447750507,key-27,208
1775447750508,key-1,433
1775447750511,key-45,271
1775447750515,key-46,226
1775447750530,key-27,171
1775447750530,key-28,686
1775447750535,key-48,491
1775447750537,key-45,176
1775447750538,key-27,179
1775447750539,key-35,296
1775447750542,key-14,231
1775447750542,key-32,245
1775447750548,key-11,163
1775447750548,key-7,218
1775447750548,key-16,334
1775447750548,key-43,233
1775447750549,key-8,183
1775447750552,key-41,279
1775447750553,key-18,160
1775447750554,key-7,224
1775447750554,key-19,228
1775447750557,key-29,299
1775447750562,key-30,354
1775447750562,key-12,296
1775447750567,key-50,207
1775447750567,key-18,157
1775447750577,key-34,325
1775447750577,key-46,288
1775447750578,key-34,326
1775447750579,key-18,169
1775447750580,key-39,170
1775447750583,key-3,164
1775447750585,key-23,161
1775447750586,key-45,207
1775447750589,key-47,157
1775447750591,key-46,302
1775447750593,key-10,181
1775447750593,key-46,304
1775447750598,key-27,177
1775447750603,key-1,164
1775447750603,key-47,171
1775447750604,key-29,197
1775447750605,key-47,173
1775447750607,key-9,297
1775447750608,key-7,168
1775447750611,key-27,252
1775447750614,key-27,255
1775447750629,key-47,162
1775447750632,key-47,165
1775447750632,key-36,175
1775447750638,key-33,159
1775447750639,key-24,227
1775447750641,key-24,174
1775447750642,key-34,390
1775447750646,key-50,286
1775447750647,key-6,160
1775447750647,key-8,214
1775447750651,key-48,165
1775447750656,key-15,347
1775447750657,key-5,176
1775447750657,key-31,165
1775447750657,key-49,177
1775447750658,key-39,189
1775447750660,key-1,221
1775447750661,key-44,217
1775447750662,key-50,302
1775447750663,key-31,171
1775447750663,key-39,194
1775447750665,key-31,173
1775447750668,key-18,159
1775447750672,key-37,218
1775447750677,key-19,174
1775447750685,key-4,242
1775447750685,key-45,306
1775447750688,key-48,202
1775447750692,key-48,206
1775447750693,key-20,191
1775447750693,key-46,404
1775447750693,key-27,272
1775447750697,key-15,191
1775447750697,key-33,159
1775447750697,key-45,318
1775447750697,key-17,381
1775447750699,key-27,278
1775447750699,key-13,806
1775447750700,key-42,272
1775447750700,key-48,214
1775447750709,key-19,206
1775447750713,key-2,170
1775447750716,key-15,172
1775447750719,key-43,221
1775447750723,key-8,170
1775447750731,key-50,371
1775447750734,key-44,263
1775447750735,key-23,311
1775447750736,key-32,157
1775447750736,key-14,425
1775447750739,key-34,487
1775447750741,key-32,162
1775447750741,key-23,317
1775447750742,key-41,174
1775447750743,key-4,162
1775447750743,key-31,229
1775447750744,key-15,238
1775447750749,key-19,246
1775447750750,key-40,401
1775447750750,key-46,461
1775447750750,key-23,326
1775447750751,key-18,161
1775447750751,key-32,172
1775447750758,key-1,291
1775447750760,key-46,471
1775447750760,key-30,158
1775447750765,key-29,358
1775447750766,key-46,477
1775447750766,key-30,209
1775447750769,key-12,390
1775447750770,key-30,168
1775447750771,key-47,191
1775447750776,key-41,208
1775447750784,key-27,159
1775447750784,key-7,174
1775447750786,key-5,166
1775447750786,key-30,229
1775447750787,key-29,380
1775447750791,key-1,163
1775447750793,key-27,168
1775447750799,key-32,158
1775447750802,key-10,168
1775447750807,key-47,227
1775447750822,key-18,232
1775447750822,key-18,232
1775447750823,key-18,233
1775447750825,key-39,183
1775447750827,key-5,207
1775447750828,key-15,210
1775447750829,key-31,315
1775447750830,key-50,155
1775447750831,key-20,189
1775447750834,key-1,208
1775447750839,key-2,222
1775447750841,key-5,166
1775447750842,key-43,344
1775447750842,key-44,164
1775447750842,key-31,328
1775447750842,key-39,200
1775447750844,key-26,156
1775447750847,key-45,468
1775447750848,key-4,189
1775447750850,key-46,561
1775447750855,key-19,352
1775447750858,key-15,210
1775447750859,key-39,217
1775447750861,key-45,482
1775447750865,key-39,223
1775447750868,key-48,167
1775447750873,key-17,158
1775447750875,key-14,187
1775447750878,key-29,155
1775447750878,key-50,518
1775447750882,key-2,265
1775447750887,key-12,160
1775447750892,key-8,226
1775447750893,key-33,168
1775447750896,key-10,176
1775447750903,key-14,215
1775447750907,key-20,167
1775447750908,key-46,174
1775447750909,key-40,201
1775447750912,key-4,253
1775447750912,key-28,153
1775447750915,key-28,156
1775447750916,key-39,208
1775447750918,key-33,165
1775447750920,key-7,167
1775447750921,key-5,166
1775447750924,key-14,156
1775447750924,key-46,190
1775447750924,key-24,426
1775447750925,key-39,217
1775447750925,key-1,297
1775447750926,key-15,278
1775447750930,key-41,325
1775447750930,key-47,350
1775447750931,key-12,173
1775447750933,key-7,180
1775447750933,key-21,239
1775447750934,key-7,158
1775447750936,key-30,196
1775447750937,key-10,217
1775447750937,key-47,357
1775447750939,key-43,180
1775447750948,key-29,204
1775447750950,key-34,165
1775447750952,key-18,159
1775447750953,key-29,209
1775447750954,key-25,168
1775447750954,key-1,326
1775447750955,key-1,327
1775447750960,key-7,184
1775447750960,key-1,332
1775447750960,key-30,220
1775447750963,key-30,223
1775447750964,key-18,171
1775447750972,key-48,164
1775447750973,key-36,416
1775447750973,key-18,211
1775447750977,key-32,204
1775447750978,key-34,168
1775447750978,key-49,186
1775447750983,key-18,190
1775447750983,key-16,167
1775447750983,key-16,167
1775447750983,key-34,156
1775447750984,key-34,224
1775447750985,key-19,482
1775447750986,key-18,193
1775447751001,key-33,195
1775447751082,key-32,231
1775447751083,key-38,224
1775447751083,key-26,283
1775447751083,key-16,267
1775447751084,key-31,255
1775447751084,key-11,699
1775447751084,key-31,255
1775447751085,key-45,706
1775447751085,key-5,330
1775447751085,key-3,340
1775447751086,key-1,279
1775447751086,key-4,225
1775447751086,key-2,469
1775447751087,key-15,223
1775447751087,key-29,343
1775447751087,key-46,353
1775447751088,key-35,234
1775447751088,key-29,229
1775447751098,key-1,224
1775447751122,key-8,228
1775447751124,key-8,230
1775447751125,key-5,231
1775447751125,key-20,349
1775447751125,key-4,264
1775447751126,key-26,326
1775447751130,key-49,338
1775447751131,key-19,229
1775447751131,key-2,238
1775447751133,key-7,260
1775447751146,key-45,249
1775447751147,key-44,287
1775447751147,key-15,283
1775447751147,key-41,542
1775447751149,key-12,234
1775447751149,key-42,219
1775447751153,key-7,212
1775447751179,key-24,252
1775447751180,key-33,374
1775447751180,key-46,446
1775447751181,key-9,249
1775447751181,key-47,263
1775447751182,key-1,212
1775447751182,key-3,231
1775447751182,key-43,423
1775447751183,key-16,245
1775447751184,key-9,252
1775447751184,key-10,464
1775447751184,key-25,259
1775447751186,key-7,313
1775447751186,key-22,229
1775447751187,key-23,260
1775447751187,key-37,226
1775447751187,key-32,249
1775447751187,key-48,300
1775447751187,key-2,294
1775447751187,key-41,582
1775447751189,key-15,325
1775447751193,key-47,275
1775447751194,key-30,287
1775447751194,key-30,287
1775447751239,key-35,290
1775447751240,key-6,530
1775447751243,key-34,256
1775447751255,key-33,286
1775447751256,key-15,282
1775447751256,key-3,305
1775447751256,key-15,282
1775447751257,key-36,488
1775447751257,key-36,488
1775447751257,key-33,288
1775447751257,key-21,282
1775447751258,key-18,465
1775447751258,key-18,465
1775447751258,key-49,466
1775447751258,key-7,264
1775447751259,key-29,400
1775447751259,key-36,490
1775447751263,key-26,463
1775447751265,key-50,164
1775447751273,key-32,171
1775447751274,key-24,169
1775447751274,key-3,171
1775447751274,key-1,172
1775447751276,key-5,174
1775447751276,key-29,171
1775447751277,key-10,168
1775447751277,key-40,168
1775447751277,key-24,172
1775447751284,key-40,175
1775447751284,key-26,484
1775447751287,key-8,393
1775447751287,key-15,182
1775447751287,key-11,184
1775447751288,key-33,158
1775447751307,key-8,156
1775447751307,key-36,538
1775447751308,key-32,370
1775447751308,key-20,206
1775447751308,key-6,178
1775447751308,key-20,206
1775447751308,key-10,199
1775447751308,key-45,352
1775447751309,key-15,204
1775447751309,key-34,322
1775447751309,key-19,340
1775447751310,key-49,518
1775447751310,key-33,180
1775447751311,key-41,209
1775447751317,key-35,166
1775447751322,key-30,415
1775447751323,key-29,218
1775447751323,key-45,367
1775447751324,key-22,170
1775447751329,key-9,178
1775447751333,key-1,231
1775447751334,key-14,359
1775447751335,key-22,181
1775447751336,key-12,163
1775447751337,key-20,235
1775447751346,key-3,176
1775447751352,key-41,250
1775447751354,key-8,169
1775447751357,key-22,205
1775447751359,key-14,384
1775447751360,key-30,453
1775447751365,key-28,169
1775447751371,key-14,396
1775447751373,key-28,158
1775447751378,key-47,158
1775447751378,key-16,159
1775447751378,key-15,180
1775447751380,key-9,229
1775447751382,key-15,184
1775447751385,key-22,156
1775447751387,key-8,176
1775447751387,key-13,182
1775447751388,key-47,168
1775447751388,key-49,175
1775447751399,key-34,296
1775447751405,key-26,171
1775447751410,key-48,307
1775447751412,key-20,310
1775447751413,key-2,174
1775447751414,key-15,216
1775447751416,key-2,221
1775447751417,key-18,264
1775447751421,key-24,172
1775447751422,key-15,224
1775447751423,key-33,185
1775447751424,key-8,213
1775447751426,key-20,324
1775447751428,key-44,261
1775447751429,key-38,202
1775447751430,key-24,181
1775447751433,key-3,187
1775447751437,key-47,189
1775447751440,key-37,162
1775447751441,key-50,340
1775447751443,key-10,334
1775447751444,key-15,246
1775447751450,key-24,162
1775447751451,key-10,342
1775447751451,key-3,156
1775447751453,key-11,166
1775447751453,key-25,352
1775447751454,key-29,210
1775447751454,key-33,171
1775447751455,key-14,170
1775447751455,key-39,486
1775447751456,key-15,258
1775447751456,key-49,173
1775447751459,key-47,211
1775447751460,key-24,171
1775447751464,key-20,362
1775447751465,key-10,356
1775447751466,key-41,232
1775447751473,key-18,320
1775447751475,key-19,215
1775447751475,key-10,366
1775447751476,key-20,374
1775447751476,key-31,175
1775447751479,key-41,245
1775447751481,key-7,330
1775447751485,key-46,163
1775447751485,key-45,231
1775447751491,key-12,318
1775447751492,key-49,209
1775447751493,key-3,247
1775447751496,key-22,267
1775447751496,key-22,267
1775447751498,key-35,177
1775447751500,key-49,217
1775447751506,key-29,173
1775447751507,key-41,273
1775447751507,key-29,174
1775447751512,key-40,403
1775447751513,key-7,174
1775447751515,key-7,176
1775447751518,key-8,160
1775447751520,key-7,181
1775447751524,key-2,165
1775447751524,key-30,166
1775447751528,key-48,188
1775447751529,key-30,171
1775447751529,key-30,622
1775447751531,key-6,331
1775447751532,key-12,359
1775447751536,key-49,253
1775447751536,key-8,178
1775447751544,key-3,249
1775447751546,key-28,331
1775447751553,key-47,305
1775447751558,key-6,169
1775447751564,key-49,281
1775447751565,key-9,195
1775447751565,key-4,289
1775447751566,key-17,594
1775447751566,key-24,184
1775447751568,key-42,179
1775447751576,key-47,328
1775447751579,key-26,161
1775447751580,key-6,176
1775447751580,key-26,162
1775447751583,key-2,185
1775447751583,key-15,219
1775447751587,key-44,183
1775447751596,key-40,162
1775447751600,key-36,166
1775447751604,key-26,186
1775447751608,key-4,167
1775447751609,key-24,175
1775447751609,key-49,326
1775447751609,key-15,245
1775447751616,key-15,252
1775447751621,key-2,223
1775447751622,key-33,339
1775447751622,key-18,193
1775447751627,key-20,525
1775447751627,key-45,154
1775447751630,key-8,236
1775447751631,key-18,202
1775447751638,key-42,161
1775447751639,key-18,210
1775447751639,key-26,221
1775447751641,key-7,302
1775447751643,key-18,214
1775447751645,key-10,224
1775447751645,key-41,179
1775447751650,key-37,372
1775447751651,key-46,170
1775447751653,key-46,172
1775447751657,key-17,191
1775447751659,key-9,157
1775447751660,key-49,377
1775447751660,key-9,158
1775447751660,key-2,160
1775447751665,key-39,305
1775447751668,key-24,159
1775447751668,key-44,264
1775447751672,key-2,204
1775447751673,key-24,159
1775447751673,key-7,334
1775447751675,key-26,159
1775447751678,key-13,213
1775447751682,key-33,162
1775447751692,key-46,211
1775447751699,key-28,197
1775447751700,key-46,168
1775447751702,key-11,169
1775447751702,key-12,169
1775447751703,key-44,165
1775447751704,key-28,202
1775447751705,key-38,208
1775447751705,key-35,161
1775447751705,key-30,158
1775447751708,key-34,174
1775447751710,key-33,190
1775447751711,key-23,218
1775447751712,key-45,239
1775447751714,key-13,178
1775447751717,key-35,165
1775447751718,key-6,314
1775447751718,key-41,157
1775447751720,key-8,162
1775447751722,key-40,288
1775447751725,key-7,386
1775447751725,key-5,164
1775447751726,key-14,159
1775447751730,key-14,163
1775447751731,key-8,173
1775447751736,key-30,164
1775447751740,key-6,336
1775447751748,key-6,344
1775447751750,key-25,158
1775447751750,key-50,162
1775447751755,key-44,217
1775447751757,key-5,196
1775447751758,key-2,258
1775447751758,key-6,354
1775447751758,key-19,225
1775447751759,key-8,216
1775447751759,key-6,355
1775447751764,key-29,238
1775447751765,key-43,324
1775447751770,key-36,225
1775447751775,key-18,160
1775447751776,key-15,247
1775447751777,key-18,162
1775447751778,key-26,262
1775447751781,key-5,220
1775447751785,key-9,283
1775447751785,key-24,158
1775447751790,key-24,163
1775447751791,key-38,166
1775447751795,key-20,693
1775447751795,key-7,456
1775447751797,key-34,214
1775447751798,key-18,183
1775447751801,key-18,186
1775447751808,key-1,165
1775447751809,key-38,184
1775447751812,key-41,251
1775447751814,key-32,173
1775447751824,key-34,241
1775447751826,key-22,254
1775447751829,key-2,224
1775447751829,key-2,224
1775447751836,key-27,226
1775447751837,key-28,202
1775447751837,key-5,276
1775447751837,key-8,249
1775447751838,key-24,211
1775447751838,key-27,228
1775447751839,key-1,157
1775447751840,key-26,324
1775447751841,key-48,349
1775447751842,key-30,211
1775447751845,key-22,273
1775447751848,key-8,157
1775447751848,key-11,315
1775447751852,key-33,166
1775447751859,key-12,182
1775447751859,key-37,266
1775447751864,key-36,162
1775447751866,key-36,164
1775447751870,key-28,235
1775447751873,key-46,341
1775447751880,key-22,157
1775447751882,key-40,169
1775447751886,key-2,161
1775447751887,key-40,174
1775447751887,key-22,164
1775447751889,key-8,198
1775447751890,key-46,158
1775447751891,key-12,214
1775447751892,key-22,169
1775447751897,key-46,165
1775447751898,key-8,207
1775447751900,key-33,214
1775447751900,key-14,179
1775447751902,key-19,178
1775447751905,key-6,171
1775447751905,key-7,566
1775447751905,key-37,213
1775447751913,key-5,174
1775447751915,key-46,383
1775447751915,key-6,181
1775447751917,key-23,158
1775447751918,key-6,184
1775447751918,key-9,416
1775447751918,key-12,241
1775447751919,key-49,354
1775447751922,key-6,188
1775447751926,key-38,161
1775447751928,key-38,163
1775447751929,key-47,197
1775447751929,key-40,169
1775447751933,key-7,166
1775447751934,key-7,167
1775447751940,key-35,170
1775447751942,key-14,189
1775447751943,key-41,172
1775447751947,key-9,445
1775447751949,key-8,258
1775447751949,key-32,166
1775447751953,key-36,251
1775447751956,key-20,172
1775447751962,key-50,163
1775447751964,key-5,225
1775447751969,key-41,198
1775447751970,key-25,167
1775447751973,key-50,174
1775447751975,key-40,215
1775447751979,key-38,214
1775447751984,key-33,159
1775447751989,key-45,335
1775447751993,key-20,174
1775447751994,key-30,363
1775447752025,key-17,186
1775447752025,key-48,533
1775447752026,key-2,231
1775447752026,key-27,177
1775447752026,key-2,231
1775447752026,key-17,187
1775447752026,key-23,177
1775447752026,key-33,201
1775447752027,key-33,202
1775447752027,key-12,247
1775447752027,key-20,208
1775447752027,key-23,178
