timestamp_ms,key,delta_ms
1775447859972,key-42,73
1775447859980,key-42,81
1775447859982,key-42,83
1775447859993,key-42,94
1775447859996,key-42,97
1775447860003,key-42,104
1775447860019,key-42,120
1775447860057,key-42,158
1775447860058,key-42,159
1775447860068,key-42,169
1775447860074,key-42,175
1775447860083,key-42,184
1775447860085,key-42,186
1775447860093,key-42,194
1775447860097,key-42,198
1775447860108,key-42,209
1775447860109,key-42,210
1775447860127,key-42,228
1775447860133,key-42,234
1775447860135,key-42,236
1775447860154,key-42,255
1775447860164,key-42,265
1775447860164,key-42,265
1775447860165,key-42,266
1775447860165,key-42,266
1775447860166,key-42,267
1775447860172,key-42,273
1775447860175,key-42,276
1775447860180,key-42,281
1775447860184,key-42,285
1775447860207,key-42,308
1775447860214,key-42,315
1775447860215,key-42,316
1775447860216,key-42,317
1775447860217,key-42,318
1775447860218,key-42,319
1775447860222,key-42,323
1775447860231,key-42,332
1775447860236,key-42,337
1775447860240,key-42,341
1775447860249,key-42,350
1775447860253,key-42,354
1775447860254,key-42,355
1775447860264,key-42,365
1775447860269,key-42,370
1775447860269,key-42,370
1775447860283,key-42,384
1775447860285,key-42,386
1775447860287,key-42,388
1775447860289,key-42,390
1775447860289,key-42,390
1775447860296,key-42,397
1775447860298,key-42,399
1775447860298,key-42,399
1775447860308,key-42,409
1775447860310,key-42,411
1775447860311,key-42,412
1775447860313,key-42,414
1775447860335,key-42,436
1775447860340,key-42,441
1775447860340,key-42,441
1775447860344,key-42,445
1775447860345,key-42,446
1775447860354,key-42,455
1775447860359,key-42,460
1775447860363,key-42,464
1775447860370,key-42,471
1775447860373,key-42,474
1775447860374,key-42,475
1775447860389,key-42,490
1775447860392,key-42,493
1775447860394,key-42,495
1775447860395,key-42,496
1775447860396,key-42,497
1775447860412,key-42,513
1775447860413,key-42,514
1775447860420,key-42,521
1775447860423,key-42,524
1775447860424,key-42,525
1775447860431,key-42,532
1775447860440,key-42,541
1775447860449,key-42,550
1775447860465,key-42,566
1775447860471,key-42,572
1775447860472,key-42,573
1775447860473,key-42,574
1775447860476,key-42,577
1775447860484,key-42,585
1775447860491,key-42,592
1775447860497,key-33,211
1775447860502,key-42,603
1775447860502,key-42,603
1775447860502,key-33,216
1775447860507,key-42,608
1775447860519,key-42,620
1775447860528,key-42,629
1775447860542,key-42,643
1775447860542,key-42,643
1775447860542,key-33,256
1775447860550,key-42,651
1775447860564,key-42,665
1775447860568,key-42,669
1775447860570,key-42,671
1775447860573,key-42,674
1775447860575,key-42,676
1775447860587,key-42,688
1775447860589,key-42,690
1775447860594,key-42,695
1775447860594,key-42,695
1775447860595,key-42,696
1775447860611,key-42,712
1775447860617,key-33,331
1775447860618,key-42,719
1775447860624,key-42,725
1775447860635,key-33,349
1775447860636,key-42,737
1775447860642,key-42,743
1775447860645,key-42,746
1775447860646,key-42,747
1775447860660,key-42,761
1775447860662,key-33,376
1775447860666,key-42,767
1775447860669,key-42,770
1775447860689,key-42,790
1775447860694,key-42,795
1775447860695,key-42,796
1775447860697,key-42,798
1775447860702,key-42,803
1775447860708,key-33,422
1775447860712,key-42,813
1775447860713,key-42,814
1775447860714,key-42,815
1775447860714,key-42,815
1775447860720,key-42,821
1775447860730,key-42,831
1775447860732,key-42,833
1775447860734,key-42,835
1775447860736,key-42,837
1775447860747,key-42,848
1775447860765,key-42,866
1775447860771,key-42,872
1775447860779,key-42,880
1775447860781,key-33,495
1775447860787,key-42,888
1775447860799,key-42,900
1775447860802,key-42,903
1775447860813,key-42,914
1775447860817,key-42,918
1775447860821,key-42,922
1775447860832,key-42,933
1775447860833,key-42,934
1775447860833,key-42,934
1775447860839,key-42,940
1775447860846,key-42,947
1775447860847,key-42,948
1775447860848,key-42,949
1775447860869,key-42,970
1775447860878,key-42,979
1775447860882,key-42,983
1775447860884,key-42,985
1775447860889,key-33,603
1775447860894,key-42,995
1775447860903,key-42,1004
1775447860914,key-42,1015
1775447860922,key-42,1023
1775447860925,key-42,1026
1775447860925,key-42,1026
1775447860925,key-42,1026
1775447860928,key-42,1029
1775447860933,key-42,1034
1775447860935,key-42,1036
1775447860954,key-42,1055
1775447860955,key-42,1056
1775447860956,key-42,1057
1775447860974,key-42,1075
1775447860978,key-33,692
1775447860984,key-42,1085
1775447860989,key-42,1090
1775447860993,key-42,1094
1775447860993,key-42,1094
1775447861001,key-42,1102
1775447861002,key-42,1103
1775447861009,key-42,1110
1775447861017,key-42,1118
1775447861020,key-33,734
1775447861021,key-42,1122
1775447861028,key-42,1129
1775447861053,key-33,767
1775447861059,key-42,1160
1775447861066,key-42,1167
1775447861072,key-42,1173
1775447861072,key-42,1173
1775447861078,key-42,1179
1775447861090,key-42,1191
1775447861092,key-42,1193
1775447861097,key-42,1198
1775447861099,key-42,1200
1775447861111,key-42,1212
1775447861112,key-42,1213
1775447861129,key-42,1230
1775447861133,key-42,1234
1775447861139,key-42,1240
1775447861144,key-42,1245
1775447861151,key-42,1252
1775447861159,key-42,1260
1775447861161,key-42,1262
1775447861161,key-42,1262
1775447861167,key-42,1268
1775447861179,key-33,893
1775447861179,key-42,1280
1775447861180,key-42,1281
1775447861180,key-33,894
1775447861196,key-42,1297
1775447861214,key-42,1315
1775447861214,key-42,1315
1775447861215,key-42,1316
1775447861215,key-42,1316
1775447861216,key-42,1317
1775447861223,key-42,1324
1775447861226,key-42,1327
1775447861232,key-42,1333
1775447861235,key-33,949
1775447861248,key-42,1349
1775447861249,key-33,963
1775447861261,key-42,1362
1775447861261,key-42,1362
1775447861262,key-42,1363
1775447861266,key-42,1367
1775447861280,key-42,1381
1775447861290,key-42,1391
1775447861295,key-33,1009
1775447861295,key-42,1396
1775447861296,key-42,1397
1775447861297,key-42,1398
1775447861299,key-42,1400
1775447861300,key-42,1401
1775447861304,key-42,1405
1775447861309,key-42,1410
1775447861311,key-42,1412
1775447861314,key-42,1415
1775447861315,key-42,1416
1775447861317,key-42,1418
1775447861326,key-42,1427
1775447861326,key-42,1427
1775447861332,key-42,1433
1775447861335,key-42,1436
1775447861346,key-42,1447
1775447861347,key-33,1061
1775447861347,key-42,1448
1775447861352,key-42,1453
1775447861354,key-49,139
1775447861356,key-42,1457
1775447861358,key-42,1459
1775447861361,key-42,1462
1775447861364,key-42,1465
1775447861371,key-42,1472
1775447861380,key-42,1481
1775447861383,key-42,1484
1775447861389,key-33,1103
1775447861394,key-49,179
1775447861399,key-42,1500
1775447861409,key-42,1510
1775447861413,key-42,1514
1775447861415,key-42,1516
1775447861423,key-33,1137
1775447861428,key-42,1529
1775447861431,key-42,1532
1775447861432,key-42,1533
1775447861436,key-42,1537
1775447861439,key-42,1540
1775447861445,key-14,105
1775447861447,key-42,1548
1775447861448,key-42,1549
1775447861453,key-42,1554
1775447861459,key-42,1560
1775447861463,key-42,1564
1775447861481,key-42,1582
1775447861491,key-49,276
1775447861492,key-49,277
1775447861497,key-42,1598
1775447861500,key-42,1601
1775447861502,key-42,1603
1775447861503,key-42,1604
1775447861506,key-42,1607
1775447861510,key-42,1611
1775447861510,key-42,1611
1775447861512,key-42,1613
1775447861518,key-42,1619
1775447861521,key-42,1622
1775447861530,key-14,190
1775447861532,key-42,1633
1775447861551,key-33,1265
1775447861552,key-42,1653
1775447861555,key-42,1656
1775447861559,key-42,1660
1775447861564,key-42,1665
1775447861572,key-33,1286
1775447861573,key-42,1674
1775447861574,key-42,1675
1775447861586,key-49,371
1775447861587,key-42,1688
1775447861591,key-42,1692
1775447861596,key-42,1697
1775447861596,key-42,1697
1775447861597,key-14,257
1775447861608,key-14,268
1775447861609,key-42,1710
1775447861611,key-42,1712
1775447861617,key-14,277
1775447861619,key-14,279
1775447861620,key-42,1721
1775447861632,key-42,1733
1775447861633,key-42,1734
1775447861643,key-42,1744
1775447861643,key-42,1744
1775447861646,key-42,1747
1775447861648,key-42,1749
1775447861649,key-33,1363
1775447861656,key-42,1757
1775447861656,key-42,1757
1775447861656,key-49,441
1775447861656,key-42,1757
1775447861657,key-42,1758
1775447861661,key-33,1375
1775447861674,key-42,1775
1775447861678,key-42,1779
1775447861681,key-49,466
1775447861689,key-14,349
1775447861698,key-42,1799
1775447861701,key-49,486
1775447861707,key-42,1808
1775447861709,key-42,1810
1775447861713,key-14,373
1775447861716,key-14,376
1775447861720,key-42,1821
1775447861721,key-49,506
1775447861725,key-42,1826
1775447861726,key-42,1827
1775447861732,key-42,1833
1775447861733,key-42,1834
1775447861734,key-49,519
1775447861739,key-42,1840
1775447861753,key-33,1467
1775447861753,key-42,1854
1775447861755,key-49,540
1775447861760,key-33,1474
1775447861761,key-42,1862
1775447861767,key-42,1868
1775447861771,key-42,1872
1775447861772,key-42,1873
1775447861782,key-42,1883
1775447861787,key-49,572
1775447861791,key-14,451
1775447861800,key-49,585
1775447861801,key-14,461
1775447861801,key-42,1902
1775447861806,key-42,1907
1775447861806,key-42,1907
1775447861812,key-49,597
1775447861814,key-42,1915
1775447861814,key-42,1915
1775447861816,key-42,1917
1775447861819,key-33,1533
1775447861822,key-42,1923
1775447861824,key-14,484
1775447861830,key-42,1931
1775447861832,key-14,492
1775447861833,key-42,1934
1775447861839,key-42,1940
1775447861839,key-14,499
1775447861843,key-49,628
1775447861855,key-49,640
1775447861856,key-49,641
1775447861857,key-49,642
1775447861857,key-42,1958
1775447861857,key-42,1958
1775447861859,key-49,644
1775447861860,key-14,520
1775447861866,key-42,1967
1775447861872,key-49,657
1775447861881,key-42,1982
1775447861886,key-42,1987
1775447861886,key-42,1987
1775447861896,key-42,1997
1775447861907,key-14,567
1775447861907,key-42,2008
1775447861910,key-42,2011
1775447861911,key-33,1625
1775447861922,key-49,707
1775447861923,key-14,583
1775447861923,key-42,2024
1775447861924,key-42,2025
1775447861925,key-42,2026
1775447861926,key-42,2027
1775447861929,key-49,714
1775447861929,key-14,589
1775447861936,key-42,2037
1775447861936,key-42,2037
1775447861936,key-33,1650
1775447861938,key-49,723
1775447861939,key-42,2040
1775447861950,key-14,610
1775447861952,key-14,612
1775447861957,key-42,2058
1775447861962,key-42,2063
1775447861962,key-42,2063
1775447861962,key-49,747
1775447861978,key-49,763
1775447861980,key-42,2081
1775447861985,key-42,2086
1775447862002,key-49,787
1775447862009,key-42,2110
1775447862016,key-14,676
1775447862021,key-49,806
1775447862025,key-14,685
1775447862025,key-42,2126
1775447862026,key-42,2127
1775447862030,key-42,2131
1775447862032,key-33,1746
1775447862034,key-49,819
1775447862041,key-42,2142
1775447862043,key-49,828
1775447862057,key-42,2158
1775447862059,key-42,2160
1775447862066,key-49,851
1775447862069,key-49,854
1775447862072,key-42,2173
1775447862073,key-14,733
1775447862085,key-49,870
1775447862096,key-14,756
1775447862102,key-42,2203
1775447862102,key-14,762
1775447862109,key-42,2210
1775447862110,key-42,2211
1775447862110,key-42,2211
1775447862112,key-42,2213
1775447862112,key-49,897
1775447862113,key-42,2214
1775447862126,key-42,2227
1775447862128,key-49,913
1775447862131,key-42,2232
1775447862141,key-33,1855
1775447862147,key-42,2248
1775447862155,key-14,815
1775447862155,key-14,815
1775447862158,key-42,2259
1775447862160,key-49,945
1775447862162,key-49,947
1775447862165,key-49,950
1775447862165,key-49,950
1775447862169,key-33,1883
1775447862171,key-14,831
1775447862176,key-42,2277
1775447862177,key-49,962
1775447862178,key-14,838
1775447862181,key-49,966
1775447862181,key-49,966
1775447862183,key-49,968
1775447862183,key-42,2284
1775447862184,key-49,969
1775447862193,key-49,978
1775447862203,key-14,863
1775447862211,key-14,871
1775447862213,key-14,873
1775447862215,key-14,875
1775447862215,key-33,1929
1775447862217,key-42,2318
1775447862218,key-49,1003
1775447862218,key-49,1003
1775447862218,key-42,2319
1775447862218,key-49,1003
1775447862219,key-49,1004
1775447862225,key-14,885
1775447862231,key-49,1016
1775447862245,key-42,2346
1775447862263,key-42,2364
1775447862266,key-49,1051
1775447862268,key-33,1982
1775447862268,key-42,2369
1775447862277,key-42,2378
1775447862288,key-14,948
1775447862288,key-49,1073
1775447862291,key-33,2005
1775447862300,key-49,1085
1775447862303,key-49,1088
1775447862304,key-42,2405
1775447862304,key-49,1089
1775447862304,key-42,2405
1775447862305,key-49,1090
1775447862312,key-14,972
1775447862315,key-42,2416
1775447862315,key-42,2416
1775447862317,key-49,1102
1775447862320,key-49,1105
1775447862320,key-42,2421
1775447862320,key-49,1105
1775447862322,key-14,982
1775447862328,key-14,988
1775447862335,key-49,1120
1775447862340,key-49,1125
1775447862343,key-42,2444
1775447862345,key-42,2446
1775447862345,key-33,2059
1775447862352,key-42,2453
1775447862357,key-49,1142
1775447862361,key-14,1021
1775447862362,key-42,2463
1775447862362,key-42,2463
1775447862363,key-42,2464
1775447862373,key-49,1158
1775447862377,key-42,2478
1775447862382,key-49,1167
1775447862390,key-33,2104
1775447862392,key-14,1052
1775447862405,key-42,2506
1775447862405,key-49,1190
1775447862409,key-49,1194
1775447862415,key-49,1200
1775447862415,key-49,1200
1775447862418,key-13,275
1775447862420,key-33,2134
1775447862422,key-42,2523
1775447862423,key-42,2524
1775447862424,key-49,1209
1775447862436,key-42,2537
1775447862442,key-14,1102
1775447862443,key-42,2544
1775447862444,key-14,1104
1775447862446,key-14,1106
1775447862447,key-49,1232
1775447862448,key-49,1233
1775447862451,key-33,2165
1775447862455,key-42,2556
1775447862459,key-33,2173
1775447862460,key-33,2174
1775447862460,key-14,1120
1775447862477,key-49,1262
1775447862481,key-42,2582
1775447862482,key-49,1267
1775447862483,key-42,2584
1775447862487,key-49,1272
1775447862488,key-42,2589
1775447862488,key-42,2589
1775447862489,key-33,2203
1775447862492,key-49,1277
1775447862494,key-49,1279
1775447862497,key-42,2598
1775447862497,key-14,1157
1775447862498,key-42,2599
1775447862508,key-42,2609
1775447862511,key-49,1296
1775447862513,key-14,1173
1775447862522,key-33,2236
1775447862526,key-42,2627
1775447862527,key-14,1187
1775447862527,key-49,1312
1775447862532,key-42,2633
1775447862538,key-33,2252
1775447862549,key-33,2263
1775447862556,key-49,1341
1775447862560,key-33,2274
1775447862567,key-49,1352
1775447862568,key-14,1228
1775447862568,key-42,2669
1775447862569,key-42,2670
1775447862573,key-33,2287
1775447862578,key-42,2679
1775447862578,key-49,1363
1775447862579,key-42,2680
1775447862583,key-42,2684
1775447862587,key-42,2688
1775447862588,key-42,2689
1775447862589,key-42,2690
1775447862590,key-33,2304
1775447862607,key-42,2708
1775447862615,key-42,2716
1775447862616,key-49,1401
1775447862619,key-42,2720
1775447862620,key-33,2334
1775447862630,key-49,1415
1775447862631,key-42,2732
1775447862633,key-33,2347
1775447862634,key-14,1294
1775447862634,key-42,2735
1775447862636,key-42,2737
1775447862640,key-42,2741
1775447862642,key-42,2743
1775447862642,key-42,2743
1775447862649,key-42,2750
1775447862651,key-33,2365
1775447862652,key-42,2753
1775447862682,key-49,1467
1775447862683,key-33,2397
1775447862684,key-42,2785
1775447862686,key-35,106
1775447862690,key-49,1475
1775447862693,key-35,113
1775447862694,key-35,114
1775447862696,key-42,2797
1775447862696,key-49,1481
1775447862699,key-35,119
1775447862706,key-49,1491
1775447862706,key-33,2420
1775447862710,key-49,1495
1775447862711,key-35,131
1775447862711,key-42,2812
1775447862713,key-33,2427
1775447862718,key-42,2819
1775447862718,key-42,2819
1775447862720,key-42,2821
1775447862720,key-42,2821
1775447862726,key-49,1511
1775447862728,key-14,1387
1775447862728,key-42,2829
1775447862733,key-33,2447
1775447862736,key-42,2837
1775447862741,key-42,2842
1775447862742,key-49,1527
1775447862748,key-42,2849
1775447862748,key-42,2849
1775447862755,key-42,2856
1775447862756,key-42,2857
1775447862759,key-42,2860
1775447862774,key-35,194
1775447862776,key-33,2490
1775447862778,key-40,148
1775447862778,key-33,2492
1775447862780,key-42,2881
1775447862781,key-42,2882
1775447862789,key-42,2890
1775447862789,key-42,2890
1775447862793,key-33,2507
1775447862794,key-42,2895
1775447862798,key-42,2899
1775447862801,key-42,2902
1775447862813,key-42,2914
1775447862816,key-42,2917
1775447862816,key-49,1601
1775447862820,key-33,2534
1775447862823,key-42,2924
1775447862823,key-42,2924
1775447862827,key-49,1612
1775447862830,key-42,2931
1775447862830,key-42,2931
1775447862832,key-42,2933
1775447862835,key-42,2936
1775447862838,key-14,1498
1775447862840,key-42,2941
1775447862841,key-42,2942
1775447862846,key-42,2947
1775447862850,key-14,1510
1775447862851,key-33,2565
1775447862852,key-42,2953
1775447862856,key-42,2957
1775447862856,key-14,1516
1775447862857,key-49,1642
1775447862858,key-49,1643
1775447862861,key-42,2962
1775447862862,key-42,2963
1775447862862,key-42,2963
1775447862864,key-35,284
1775447862871,key-13,728
1775447862875,key-42,2976
1775447862881,key-42,2982
1775447862885,key-49,1670
1775447862886,key-33,2600
1775447862888,key-49,1673
1775447862888,key-35,308
1775447862900,key-42,3001
1775447862908,key-35,328
1775447862909,key-42,3010
1775447862913,key-49,1698
1775447862918,key-49,1703
1775447862919,key-33,2633
1775447862926,key-42,3027
1775447862932,key-49,1717
1775447862934,key-14,1594
1775447862934,key-42,3035
1775447862938,key-42,3039
1775447862942,key-42,3043
1775447862943,key-42,3044
1775447862950,key-42,3051
1775447862951,key-35,371
1775447862953,key-42,3054
1775447862955,key-42,3056
1775447862957,key-42,3058
1775447862957,key-42,3058
1775447862961,key-33,2675
1775447862962,key-42,3063
1775447862962,key-14,1622
1775447862966,key-49,1751
1775447862969,key-14,1629
1775447862976,key-42,3077
1775447862977,key-14,1637
1775447862977,key-49,1762
1775447862987,key-49,1772
1775447862992,key-33,2706
1775447862993,key-49,1778
1775447862994,key-42,3095
1775447862995,key-33,2709
1775447863002,key-42,3103
1775447863003,key-42,3104
1775447863006,key-35,426
1775447863006,key-42,3107
1775447863008,key-49,1793
1775447863008,key-42,3109
1775447863009,key-13,866
1775447863011,key-42,3112
1775447863011,key-49,1796
1775447863018,key-42,3119
1775447863020,key-42,3121
1775447863023,key-42,3124
1775447863025,key-42,3126
1775447863030,key-49,1815
1775447863031,key-33,2745
1775447863031,key-49,1816
1775447863034,key-42,3135
1775447863036,key-49,1821
1775447863042,key-35,462
1775447863043,key-14,1703
1775447863044,key-42,3145
1775447863054,key-49,1839
1775447863055,key-49,1840
1775447863058,key-33,2772
1775447863059,key-49,1844
1775447863066,key-33,2780
1775447863069,key-13,926
1775447863070,key-42,3171
1775447863071,key-42,3172
1775447863079,key-49,1864
1775447863081,key-42,3182
1775447863081,key-49,1866
1775447863083,key-49,1868
1775447863085,key-14,1745
1775447863086,key-49,1871
1775447863088,key-42,3189
1775447863095,key-14,1755
1775447863103,key-42,3204
1775447863105,key-33,2819
1775447863109,key-42,3210
1775447863110,key-42,3211
1775447863112,key-49,1897
1775447863113,key-42,3214
1775447863113,key-14,1773
1775447863113,key-49,1898
1775447863117,key-49,1902
1775447863126,key-33,2840
1775447863132,key-49,1917
1775447863132,key-42,3233
1775447863144,key-42,3245
1775447863145,key-42,3246
1775447863145,key-49,1930
1775447863145,key-49,1930
1775447863146,key-42,3247
1775447863146,key-33,2860
1775447863150,key-42,3251
1775447863150,key-42,3251
1775447863157,key-14,1817
1775447863158,key-19,1129
1775447863164,key-42,3265
1775447863164,key-14,1824
1775447863164,key-14,1824
1775447863165,key-49,1950
1775447863165,key-49,1950
1775447863166,key-42,3267
1775447863167,key-33,2881
1775447863167,key-33,2881
1775447863173,key-33,2887
1775447863173,key-14,1833
1775447863177,key-42,3278
1775447863184,key-49,1969
1775447863185,key-35,605
1775447863185,key-49,1970
1775447863186,key-14,1846
1775447863191,key-49,1976
1775447863197,key-13,1054
1775447863198,key-42,3299
1775447863203,key-42,3304
1775447863203,key-49,1988
1775447863203,key-33,2917
1775447863206,key-14,1866
1775447863207,key-14,1867
1775447863207,key-42,3308
1775447863207,key-49,1992
1775447863215,key-49,2000
1775447863216,key-49,2001
1775447863216,key-49,2001
1775447863217,key-33,2931
1775447863227,key-42,3328
1775447863228,key-42,3329
1775447863229,key-42,3330
1775447863230,key-14,1890
1775447863233,key-42,3334
1775447863234,key-42,3335
1775447863235,key-49,2020
1775447863237,key-49,2022
1775447863253,key-33,2967
1775447863258,key-49,2043
1775447863261,key-42,3362
1775447863269,key-33,2983
1775447863270,key-49,2055
1775447863271,key-14,1931
1775447863278,key-42,3379
1775447863282,key-42,3383
1775447863283,key-40,653
1775447863283,key-33,2997
1775447863286,key-42,3387
1775447863288,key-42,3389
1775447863291,key-14,1951
1775447863293,key-14,1953
1775447863296,key-49,2081
1775447863298,key-33,3012
1775447863305,key-49,2090
1775447863306,key-42,3407
1775447863306,key-14,1966
1775447863312,key-33,3026
1775447863312,key-33,3026
1775447863313,key-35,733
1775447863314,key-35,734
1775447863314,key-14,1974
1775447863314,key-42,3415
1775447863315,key-49,2100
1775447863322,key-13,1179
1775447863322,key-14,1982
1775447863326,key-40,696
1775447863335,key-42,3436
1775447863338,key-49,2123
1775447863340,key-14,2000
1775447863341,key-49,2126
1775447863345,key-14,2005
1775447863351,key-49,2136
1775447863352,key-49,2137
1775447863353,key-14,2013
1775447863354,key-33,3068
1775447863356,key-42,3457
1775447863360,key-49,2145
1775447863363,key-42,3464
1775447863366,key-42,3467
1775447863374,key-14,2034
1775447863377,key-35,797
1775447863377,key-42,3478
1775447863377,key-42,3478
1775447863378,key-35,798
1775447863388,key-40,758
1775447863388,key-14,2048
1775447863397,key-33,3111
1775447863407,key-42,3508
1775447863408,key-42,3509
1775447863409,key-42,3510
1775447863411,key-42,3512
1775447863412,key-14,2072
1775447863415,key-49,2200
1775447863416,key-49,2201
1775447863418,key-14,2078
1775447863422,key-40,792
1775447863424,key-35,844
1775447863425,key-42,3526
1775447863430,key-13,1287
1775447863431,key-33,3145
1775447863436,key-14,2096
1775447863441,key-49,2226
1775447863475,key-42,3576
1775447863477,key-49,2262
1775447863484,key-49,2269
1775447863484,key-33,3198
1775447863485,key-33,3199
1775447863485,key-42,3586
1775447863485,key-49,2270
1775447863486,key-40,856
1775447863487,key-49,2272
1775447863498,key-42,3599
1775447863499,key-14,2159
1775447863502,key-49,2287
1775447863509,key-42,3610
1775447863509,key-33,3223
1775447863509,key-35,929
1775447863511,key-13,1368
1775447863514,key-13,1371
1775447863517,key-42,3618
1775447863518,key-14,2178
1775447863518,key-42,3619
1775447863533,key-49,2318
1775447863542,key-42,3643
1775447863543,key-33,3257
1775447863543,key-40,913
1775447863544,key-40,914
1775447863544,key-14,2204
1775447863544,key-42,3645
1775447863560,key-14,2220
1775447863562,key-42,3663
1775447863564,key-42,3665
1775447863564,key-33,3278
1775447863565,key-42,3666
1775447863566,key-49,2351
1775447863566,key-33,3280
1775447863567,key-49,2352
1775447863591,key-35,1011
1775447863605,key-13,1462
1775447863615,key-49,2400
1775447863616,key-49,2401
1775447863616,key-14,2276
1775447863616,key-40,986
1775447863616,key-14,2276
1775447863616,key-42,3717
1775447863617,key-14,2277
1775447863617,key-40,987
1775447863617,key-33,3331
1775447863617,key-35,1037
1775447863618,key-49,2403
1775447863618,key-49,2403
1775447863618,key-14,2278
1775447863620,key-49,2405
1775447863629,key-42,3730
1775447863630,key-33,3344
1775447863632,key-49,2417
1775447863632,key-14,2292
1775447863633,key-49,2418
1775447863642,key-42,3743
1775447863643,key-33,3357
1775447863643,key-42,3744
1775447863652,key-49,2437
1775447863663,key-14,2323
1775447863663,key-42,3764
1775447863668,key-43,125
1775447863668,key-14,2328
1775447863672,key-33,3386
1775447863677,key-42,3778
1775447863677,key-33,3391
1775447863681,key-42,3782
1775447863682,key-40,1052
1775447863687,key-49,2472
1775447863689,key-49,2474
1775447863695,key-33,3409
1775447863696,key-40,1066
1775447863705,key-49,2490
1775447863707,key-42,3808
1775447863708,key-33,3422
1775447863709,key-35,1129
1775447863709,key-42,3810
1775447863709,key-49,2494
1775447863715,key-35,1135
1775447863716,key-13,1573
1775447863717,key-35,1137
1775447863718,key-33,3432
1775447863724,key-42,3825
1775447863733,key-42,3834
1775447863736,key-49,2521
1775447863743,key-49,2528
1775447863744,key-49,2529
1775447863744,key-42,3845
1775447863746,key-49,2531
1775447863748,key-42,3849
1775447863748,key-49,2533
1775447863753,key-49,2538
1775447863755,key-14,2415
1775447863756,key-33,3470
1775447863759,key-33,3473
1775447863769,key-33,3483
1775447863770,key-42,3871
1775447863775,key-49,2560
1775447863779,key-42,3880
1775447863782,key-33,3496
1775447863786,key-33,3500
1775447863786,key-43,243
1775447863793,key-42,3894
1775447863809,key-42,3910
1775447863812,key-42,3913
1775447863813,key-42,3914
1775447863815,key-35,1235
1775447863822,key-49,2607
1775447863823,key-42,3924
1775447863823,key-40,1193
1775447863830,key-33,3544
1775447863833,key-40,1203
1775447863833,key-13,1690
1775447863835,key-42,3936
1775447863835,key-33,3549
1775447863838,key-14,2498
1775447863839,key-49,2624
1775447863843,key-35,1263
1775447863843,key-49,2628
1775447863845,key-33,3559
1775447863849,key-33,3563
1775447863857,key-33,3571
1775447863857,key-13,1714
1775447863860,key-35,1280
1775447863870,key-33,3584
1775447863874,key-42,3975
1775447863877,key-49,2662
1775447863879,key-49,2664
1775447863882,key-49,2667
1775447863882,key-49,2667
1775447863882,key-42,3983
1775447863883,key-49,2668
1775447863883,key-39,68
1775447863885,key-43,342
1775447863889,key-49,2674
1775447863890,key-33,3604
1775447863892,key-39,77
1775447863896,key-42,3997
1775447863897,key-42,3998
1775447863902,key-33,3616
1775447863909,key-43,366
1775447863911,key-42,4012
1775447863913,key-33,3627
1775447863914,key-39,99
1775447863915,key-13,1772
1775447863917,key-14,2577
1775447863919,key-42,4020
1775447863921,key-14,2581
1775447863923,key-33,3637
1775447863924,key-39,109
1775447863931,key-33,3645
1775447863933,key-39,118
1775447863933,key-43,390
1775447863934,key-33,3648
1775447863935,key-13,1792
1775447863935,key-39,120
1775447863936,key-33,3650
1775447863938,key-49,2723
1775447863943,key-39,128
1775447863944,key-49,2729
1775447863945,key-14,2605
1775447863945,key-13,1802
1775447863946,key-39,131
1775447863955,key-39,140
1775447863956,key-33,3670
1775447863977,key-35,1397
1775447863979,key-33,3693
1775447863979,key-35,1399
1775447863979,key-33,3693
1775447863980,key-14,2640
1775447863986,key-49,2771
1775447863988,key-14,2648
1775447863989,key-14,2649
1775447863989,key-49,2774
1775447863998,key-13,1855
1775447863999,key-42,4100
1775447864000,key-33,3714
1775447864006,key-49,2791
1775447864008,key-14,2668
1775447864012,key-13,1869
1775447864013,key-49,2798
1775447864015,key-49,2800
1775447864020,key-39,205
1775447864024,key-39,209
1775447864025,key-49,2810
1775447864026,key-39,211
1775447864027,key-13,1884
1775447864031,key-49,2816
1775447864031,key-13,1888
1775447864031,key-42,4132
1775447864036,key-33,3750
1775447864037,key-42,4138
1775447864037,key-39,222
1775447864040,key-14,2700
1775447864044,key-49,2829
1775447864046,key-47,71
1775447864046,key-27,70
1775447864049,key-13,1906
1775447864050,key-13,1907
1775447864050,key-39,235
1775447864052,key-39,237
1775447864057,key-49,2842
1775447864063,key-39,248
1775447864065,key-33,3779
1775447864066,key-39,251
1775447864071,key-47,96
1775447864072,key-47,97
1775447864076,key-43,533
1775447864084,key-33,3798
1775447864088,key-47,113
1775447864088,key-27,112
1775447864089,key-33,3803
1775447864090,key-33,3804
1775447864100,key-49,2885
1775447864111,key-35,1531
1775447864112,key-42,4213
1775447864113,key-49,2898
1775447864113,key-14,2773
1775447864114,key-14,2774
1775447864118,key-42,4219
1775447864125,key-39,310
1775447864128,key-33,3842
1775447864129,key-13,1986
1775447864135,key-13,1992
1775447864135,key-47,160
1775447864137,key-13,1994
1775447864138,key-49,2923
1775447864140,key-35,1560
1775447864141,key-13,1998
1775447864142,key-33,3856
1775447864150,key-47,175
1775447864153,key-49,2938
1775447864163,key-13,2020
1775447864167,key-49,2952
1775447864168,key-39,353
1775447864168,key-42,4269
1775447864169,key-39,354
1775447864169,key-49,2954
1775447864172,key-40,1542
1775447864173,key-33,3887
1775447864173,key-47,198
1775447864175,key-33,3889
1775447864175,key-49,2960
1775447864175,key-39,360
1775447864178,key-43,635
1775447864179,key-42,4280
1775447864179,key-39,364
1775447864180,key-39,365
1775447864181,key-33,3895
1775447864186,key-13,2043
1775447864188,key-49,2973
1775447864193,key-39,378
1775447864194,key-39,379
1775447864207,key-13,2064
1775447864208,key-49,2993
1775447864219,key-39,404
1775447864219,key-14,2879
1775447864220,key-13,2077
1775447864221,key-33,3935
1775447864222,key-49,3007
1775447864224,key-47,249
1775447864225,key-27,249
1775447864226,key-33,3940
1775447864227,key-27,251
1775447864227,key-49,3012
1775447864238,key-39,423
1775447864239,key-40,1609
1775447864241,key-49,3026
1775447864241,key-33,3955
1775447864243,key-33,3957
1775447864245,key-14,2905
1775447864245,key-49,3030
1775447864246,key-33,3960
1775447864250,key-33,3964
1775447864252,key-40,1622
1775447864257,key-39,442
1775447864260,key-43,717
1775447864264,key-13,2121
1775447864265,key-47,290
1775447864266,key-14,2926
1775447864268,key-13,2125
1775447864270,key-14,2930
1775447864270,key-40,1640
1775447864271,key-39,456
1775447864271,key-33,3985
1775447864271,key-47,296
1775447864271,key-39,456
1775447864278,key-49,3063
1775447864290,key-39,475
1775447864290,key-39,475
1775447864292,key-35,1712
1775447864294,key-27,318
1775447864297,key-39,482
1775447864298,key-49,3083
1775447864300,key-42,4401
1775447864301,key-39,486
1775447864303,key-49,3088
1775447864303,key-39,488
1775447864304,key-33,4018
1775447864304,key-47,329
1775447864308,key-40,1678
1775447864312,key-39,497
1775447864315,key-42,4416
1775447864316,key-13,2173
1775447864320,key-39,505
1775447864322,key-39,507
1775447864324,key-39,509
1775447864325,key-42,4426
1775447864325,key-39,510
1775447864329,key-47,354
1775447864330,key-33,4044
1775447864331,key-49,3116
1775447864331,key-14,2991
1775447864332,key-14,2992
1775447864337,key-49,3122
1775447864338,key-40,1708
1775447864344,key-39,529
1775447864344,key-49,3129
1775447864347,key-33,4061
1775447864351,key-43,808
1775447864353,key-39,538
1775447864354,key-39,539
1775447864354,key-49,3139
1775447864356,key-49,3141
1775447864358,key-47,383
1775447864366,key-33,4080
1775447864366,key-13,2223
1775447864367,key-39,552
1775447864371,key-39,556
1775447864373,key-49,3158
1775447864374,key-27,398
1775447864375,key-40,1745
1775447864376,key-33,4090
1775447864376,key-39,561
1775447864378,key-14,3038
1775447864382,key-33,4096
1775447864382,key-33,4096
1775447864383,key-39,568
1775447864386,key-14,3046
1775447864386,key-14,3046
1775447864386,key-42,4487
1775447864388,key-33,4102
1775447864389,key-13,2246
1775447864394,key-39,579
1775447864395,key-39,580
1775447864396,key-13,2253
1775447864397,key-49,3182
1775447864399,key-13,2256
1775447864402,key-14,3062
1775447864407,key-39,592
1775447864408,key-39,593
1775447864412,key-40,1782
1775447864418,key-33,4132
1775447864419,key-39,604
1775447864421,key-39,606
1775447864425,key-39,610
1775447864425,key-39,610
1775447864430,key-39,615
1775447864432,key-39,617
1775447864436,key-39,621
1775447864438,key-33,4152
1775447864439,key-14,3099
1775447864439,key-39,624
1775447864440,key-14,3100
1775447864440,key-33,4154
1775447864444,key-33,4158
1775447864449,key-14,3109
1775447864450,key-49,3235
1775447864452,key-39,637
1775447864453,key-33,4167
1775447864454,key-39,639
1775447864459,key-33,4173
1775447864460,key-39,645
1775447864468,key-47,493
1775447864469,key-35,1889
1775447864473,key-42,4574
1775447864474,key-49,3259
1775447864474,key-39,659
1775447864474,key-39,659
1775447864482,key-39,667
1775447864483,key-39,668
1775447864483,key-39,668
1775447864490,key-33,4204
1775447864493,key-49,3278
1775447864494,key-33,4208
1775447864495,key-13,2352
1775447864496,key-33,4210
1775447864496,key-40,1866
1775447864509,key-33,4223
1775447864512,key-39,697
1775447864512,key-33,4226
1775447864516,key-14,3176
1775447864519,key-49,3304
1775447864520,key-39,705
1775447864520,key-19,2491
1775447864523,key-13,2380
1775447864524,key-14,3184
1775447864525,key-40,1895
1775447864529,key-39,714
1775447864530,key-35,1950
1775447864535,key-14,3195
1775447864542,key-39,727
1775447864543,key-39,728
1775447864543,key-39,728
1775447864543,key-39,728
1775447864545,key-33,4259
1775447864547,key-33,4261
1775447864548,key-39,733
1775447864548,key-47,573
1775447864550,key-40,1920
1775447864552,key-40,1922
1775447864554,key-39,739
1775447864557,key-39,742
1775447864563,key-33,4277
1775447864564,key-33,4278
1775447864568,key-39,753
1775447864568,key-39,753
1775447864569,key-33,4283
1775447864570,key-33,4284
1775447864576,key-42,4677
1775447864578,key-40,1948
1775447864579,key-49,3364
1775447864580,key-49,3365
1775447864586,key-14,3246
1775447864587,key-14,3247
1775447864588,key-33,4302
1775447864589,key-40,1959
1775447864592,key-42,4693
1775447864593,key-49,3378
1775447864593,key-39,778
1775447864593,key-39,778
1775447864594,key-49,3379
1775447864600,key-39,785
1775447864602,key-49,3387
1775447864609,key-39,794
1775447864612,key-49,3397
1775447864612,key-39,797
1775447864615,key-39,800
1775447864615,key-14,3275
1775447864619,key-39,804
1775447864622,key-47,647
1775447864622,key-39,807
1775447864624,key-14,3284
1775447864625,key-47,650
1775447864625,key-33,4339
1775447864629,key-39,814
1775447864632,key-40,2002
1775447864632,key-49,3417
1775447864633,key-39,818
1775447864638,key-39,823
1775447864640,key-14,3300
1775447864644,key-49,3429
1775447864647,key-35,2067
1775447864647,key-40,2017
1775447864647,key-39,832
1775447864651,key-14,3311
1775447864658,key-39,843
1775447864663,key-39,848
1775447864668,key-39,853
1775447864669,key-42,4770
1775447864670,key-49,3455
1775447864672,key-33,4386
1775447864673,key-39,858
1775447864674,key-49,3459
1775447864679,key-14,3339
1775447864680,key-39,865
1775447864680,key-39,865
1775447864683,key-33,4397
1775447864683,key-40,2053
1775447864685,key-49,3470
1775447864694,key-39,879
1775447864697,key-40,2067
1775447864698,key-33,4412
1775447864700,key-49,3485
1775447864701,key-14,3361
1775447864704,key-39,889
1775447864704,key-39,889
1775447864705,key-14,3365
1775447864705,key-49,3490
1775447864709,key-47,734
1775447864711,key-35,2131
1775447864714,key-33,4428
1775447864716,key-39,901
1775447864721,key-42,4822
1775447864722,key-39,907
1775447864722,key-14,3382
1775447864725,key-39,910
1775447864731,key-14,3391
1775447864742,key-39,927
1775447864744,key-39,929
1775447864750,key-40,2120
1775447864751,key-39,936
1775447864753,key-40,2123
1775447864753,key-49,3538
1775447864758,key-33,4472
1775447864764,key-14,3424
1775447864766,key-14,3426
1775447864766,key-39,951
1775447864774,key-39,959
1775447864775,key-47,800
1775447864776,key-14,3436
1775447864778,key-39,963
1775447864783,key-39,968
1775447864784,key-39,969
1775447864786,key-39,971
1775447864787,key-49,3572
1775447864790,key-35,2210
1775447864791,key-33,4505
1775447864791,key-33,4505
1775447864793,key-33,4507
1775447864795,key-49,3580
1775447864798,key-33,4512
1775447864798,key-39,983
1775447864804,key-14,3464
1775447864805,key-49,3590
1775447864806,key-39,991
1775447864806,key-39,991
1775447864807,key-39,992
1775447864807,key-33,4521
1775447864814,key-47,839
1775447864817,key-33,4531
1775447864819,key-14,3479
1775447864820,key-14,3480
1775447864825,key-39,1010
1775447864826,key-47,851
1775447864827,key-14,3487
1775447864827,key-14,3487
1775447864827,key-35,2247
1775447864829,key-49,3614
1775447864830,key-39,1015
1775447864835,key-42,4936
1775447864838,key-14,3498
1775447864839,key-39,1024
1775447864843,key-49,3628
1775447864844,key-39,1029
1775447864846,key-39,1031
1775447864849,key-49,3634
1775447864850,key-14,3510
1775447864852,key-49,3637
1775447864852,key-33,4566
1775447864853,key-49,3638
1775447864861,key-33,4575
1775447864863,key-39,1048
1775447864865,key-39,1050
1775447864867,key-39,1052
1775447864868,key-40,2238
1775447864870,key-33,4584
1775447864871,key-39,1056
1775447864875,key-39,1060
1775447864880,key-47,905
1775447864881,key-39,1066
1775447864882,key-39,1067
1775447864883,key-39,1068
1775447864885,key-49,3670
1775447864886,key-14,3546
1775447864891,key-14,3551
1775447864891,key-39,1076
1775447864892,key-49,3677
1775447864899,key-47,924
1775447864902,key-33,4616
1775447864903,key-33,4617
1775447864906,key-33,4620
1775447864907,key-35,2327
1775447864909,key-33,4623
1775447864911,key-14,3571
1775447864913,key-39,1098
1775447864914,key-14,3574
1775447864915,key-14,3575
1775447864917,key-35,2337
1775447864923,key-39,1108
1775447864927,key-39,1112
1775447864928,key-33,4642
1775447864929,key-39,1114
1775447864930,key-33,4644
1775447864932,key-47,957
1775447864933,key-33,4647
1775447864941,key-14,3601
1775447864942,key-39,1127
1775447864943,key-49,3728
1775447864945,key-39,1130
1775447864946,key-40,2316
1775447864946,key-39,1131
1775447864947,key-33,4661
1775447864947,key-39,1132
1775447864954,key-14,3614
1775447864958,key-39,1143
1775447864959,key-27,983
1775447864960,key-35,2380
1775447864962,key-40,2332
1775447864965,key-49,3750
1775447864966,key-49,3751
1775447864969,key-47,994
1775447864969,key-33,4683
1775447864970,key-14,3630
1775447864973,key-33,4687
1775447864975,key-39,1160
1775447864983,key-39,1168
1775447864986,key-39,1171
1775447864987,key-39,1172
1775447864994,key-14,3654
1775447864997,key-33,4711
1775447864998,key-49,3783
1775447864998,key-35,2418
1775447865004,key-39,1189
1775447865005,key-39,1190
1775447865006,key-39,1191
1775447865007,key-39,1192
1775447865008,key-27,1032
1775447865009,key-14,3669
1775447865009,key-40,2379
1775447865011,key-14,3671
1775447865012,key-33,4726
1775447865023,key-19,76
1775447865024,key-33,4738
1775447865028,key-14,3688
1775447865029,key-14,3689
1775447865030,key-39,1215
1775447865036,key-14,3696
1775447865037,key-19,90
1775447865039,key-39,1224
1775447865041,key-47,1066
1775447865045,key-47,1070
1775447865047,key-49,3832
1775447865052,key-14,3712
1775447865052,key-33,4766
1775447865052,key-33,4766
1775447865060,key-39,1245
1775447865060,key-39,1245
1775447865063,key-39,1248
1775447865064,key-19,117
1775447865068,key-27,1092
1775447865070,key-27,1094
1775447865074,key-33,4788
1775447865076,key-19,129
1775447865077,key-19,130
1775447865079,key-14,3739
1775447865079,key-40,2449
1775447865080,key-14,3740
1775447865088,key-40,2458
1775447865091,key-39,1276
1775447865092,key-50,56
1775447865092,key-47,1117
1775447865095,key-14,3755
1775447865095,key-49,3880
1775447865096,key-47,1121
1775447865097,key-39,1282
1775447865098,key-19,110
1775447865098,key-39,1283
1775447865099,key-33,4813
1775447865101,key-14,3761
1775447865102,key-19,114
1775447865103,key-35,2523
1775447865111,key-39,1296
1775447865111,key-14,3771
1775447865116,key-33,4830
1775447865116,key-19,128
1775447865118,key-14,3778
1775447865120,key-33,4834
1775447865121,key-50,85
1775447865131,key-39,1316
1775447865132,key-39,1317
1775447865132,key-14,3792
1775447865133,key-33,4847
1775447865134,key-19,146
1775447865139,key-14,3799
1775447865143,key-33,4857
1775447865149,key-14,3809
1775447865150,key-33,4864
1775447865150,key-47,1175
1775447865155,key-39,1340
1775447865163,key-40,2533
1775447865164,key-40,2534
1775447865165,key-39,1350
1775447865165,key-39,1350
1775447865166,key-47,1191
1775447865166,key-40,2536
1775447865170,key-14,3830
1775447865170,key-14,3830
1775447865171,key-39,1356
1775447865171,key-39,1356
1775447865176,key-47,1201
1775447865183,key-49,3968
1775447865183,key-39,1368
1775447865186,key-27,1210
1775447865190,key-27,1214
1775447865190,key-33,4904
1775447865193,key-39,1378
1775447865193,key-14,3853
1775447865199,key-39,1384
1775447865202,key-47,1227
1775447865204,key-47,1229
1775447865207,key-19,219
1775447865207,key-19,219
1775447865210,key-19,222
1775447865211,key-33,4925
1775447865214,key-33,4928
1775447865215,key-39,1400
1775447865216,key-40,2586
1775447865216,key-47,1241
1775447865219,key-19,231
1775447865219,key-47,1244
1775447865219,key-39,1404
1775447865219,key-40,2589
1775447865220,key-19,232
1775447865221,key-19,233
1775447865221,key-50,185
1775447865221,key-14,3881
1775447865229,key-40,2599
1775447865233,key-14,3893
1775447865235,key-19,247
1775447865244,key-14,3904
1775447865245,key-19,257
1775447865245,key-47,1270
1775447865245,key-14,3905
1775447865245,key-19,257
1775447865247,key-40,2617
1775447865248,key-39,1433
1775447865248,key-39,1433
1775447865251,key-27,1275
1775447865255,key-40,2625
1775447865264,key-33,4978
1775447865265,key-33,4979
1775447865270,key-39,1455
1775447865270,key-47,1295
1775447865271,key-39,1456
1775447865271,key-50,235
1775447865274,key-27,1298
1775447865281,key-14,3941
1775447865287,key-47,1312
1775447865287,key-40,2657
1775447865306,key-40,2676
1775447865307,key-19,319
1775447865307,key-27,1331
1775447865307,key-43,1764
1775447865307,key-50,271
1775447865308,key-39,1493
1775447865308,key-14,3968
1775447865309,key-19,321
1775447865309,key-47,1334
1775447865311,key-47,1336
1775447865311,key-47,1336
1775447865312,key-39,1497
1775447865315,key-14,3975
1775447865318,key-39,1503
1775447865320,key-47,1345
1775447865321,key-39,1506
1775447865322,key-39,1507
1775447865322,key-40,2692
1775447865328,key-40,2698
1775447865331,key-43,1788
1775447865332,key-39,1517
1775447865340,key-14,4000
1775447865342,key-19,354
1775447865343,key-19,355
1775447865345,key-19,357
1775447865345,key-40,2715
1775447865345,key-47,1370
1775447865353,key-39,1538
1775447865358,key-39,1543
1775447865361,key-14,4021
1775447865363,key-42,5464
1775447865364,key-40,2734
1775447865364,key-47,1389
1775447865364,key-50,328
1775447865365,key-39,1550
1775447865366,key-50,330
1775447865367,key-14,4027
1775447865372,key-42,5473
1775447865373,key-27,1397
1775447865384,key-47,1409
1775447865388,key-14,4048
1775447865390,key-47,1415
1775447865390,key-19,402
1775447865391,key-39,1576
1775447865391,key-43,1848
1775447865396,key-39,1581
1775447865398,key-47,1423
1775447865399,key-40,2769
1775447865403,key-19,415
1775447865405,key-19,417
1775447865406,key-47,1431
1775447865407,key-40,2777
1775447865411,key-39,1596
1775447865413,key-14,4073
1775447865414,key-39,1599
1775447865414,key-14,4074
1775447865414,key-14,4074
1775447865415,key-33,5129
1775447865415,key-39,1600
1775447865416,key-39,1601
1775447865417,key-47,1442
1775447865418,key-19,430
1775447865418,key-39,1603
1775447865420,key-19,432
1775447865421,key-19,433
1775447865424,key-47,1449
1775447865425,key-39,1610
1775447865426,key-39,1611
1775447865428,key-19,440
1775447865428,key-42,5529
1775447865431,key-39,1616
1775447865436,key-47,1461
1775447865436,key-14,4096
1775447865436,key-27,1460
1775447865440,key-40,2810
1775447865441,key-39,1626
1775447865441,key-39,1626
1775447865443,key-39,1628
1775447865447,key-39,1632
1775447865448,key-39,1633
1775447865450,key-39,1635
1775447865455,key-39,1640
1775447865457,key-39,1642
1775447865460,key-39,1645
1775447865464,key-42,5565
1775447865465,key-35,2885
1775447865466,key-40,2836
1775447865468,key-39,1653
1775447865471,key-40,2841
1775447865472,key-47,1497
1775447865478,key-35,2898
1775447865479,key-19,491
1775447865479,key-32,141
1775447865479,key-14,4139
1775447865481,key-40,2851
1775447865482,key-40,2852
1775447865487,key-27,1511
1775447865488,key-50,452
1775447865488,key-42,5589
1775447865491,key-14,4151
1775447865494,key-19,506
1775447865499,key-43,1956
1775447865500,key-14,4160
1775447865500,key-27,1524
1775447865503,key-39,1688
1775447865504,key-50,468
1775447865508,key-39,1693
1775447865513,key-39,1698
1775447865515,key-19,527
1775447865519,key-19,531
1775447865523,key-42,5624
1775447865525,key-39,1710
1775447865525,key-39,1710
1775447865526,key-40,2896
1775447865527,key-39,1712
1775447865530,key-39,1715
1775447865531,key-39,1716
1775447865532,key-19,544
1775447865536,key-39,1721
1775447865538,key-39,1723
1775447865538,key-39,1723
1775447865539,key-19,551
1775447865544,key-14,4204
1775447865550,key-39,1735
1775447865550,key-14,4210
1775447865552,key-47,1577
1775447865553,key-19,565
1775447865556,key-19,568
1775447865557,key-14,4217
1775447865561,key-19,573
1775447865562,key-42,5663
1775447865566,key-14,4226
1775447865566,key-27,1590
1775447865568,key-19,580
1775447865570,key-19,582
1775447865570,key-39,1755
1775447865571,key-39,1756
1775447865572,key-39,1757
1775447865572,key-39,1757
1775447865575,key-42,5676
1775447865575,key-39,1760
1775447865576,key-27,1600
1775447865578,key-39,1763
1775447865581,key-39,1766
1775447865583,key-35,3003
1775447865584,key-43,2041
1775447865584,key-39,1769
1775447865588,key-39,1773
1775447865588,key-14,4248
1775447865588,key-39,1773
1775447865589,key-39,1774
1775447865590,key-39,1775
1775447865595,key-39,1780
1775447865600,key-39,1785
1775447865600,key-19,612
1775447865601,key-39,1786
1775447865603,key-50,567
1775447865605,key-39,1790
1775447865608,key-19,620
1775447865613,key-42,5714
1775447865615,key-19,627
1775447865616,key-19,628
1775447865620,key-19,632
1775447865621,key-19,633
1775447865621,key-50,585
1775447865622,key-47,1647
1775447865622,key-19,634
1775447865624,key-27,1648
1775447865630,key-33,5344
1775447865631,key-19,643
1775447865634,key-14,4294
1775447865635,key-39,1820
1775447865635,key-39,1820
1775447865636,key-14,4296
1775447865639,key-39,1824
1775447865645,key-19,657
1775447865652,key-39,1837
1775447865654,key-39,1839
1775447865657,key-39,1842
1775447865658,key-39,1843
1775447865658,key-35,3078
1775447865660,key-50,624
1775447865661,key-40,3031
1775447865662,key-39,1847
1775447865664,key-47,1689
1775447865665,key-39,1850
1775447865665,key-19,677
1775447865667,key-40,3037
1775447865669,key-39,1854
1775447865677,key-19,689
1775447865679,key-39,1864
1775447865680,key-39,1865
1775447865682,key-46,482
1775447865686,key-27,1710
1775447865686,key-47,1711
1775447865686,key-50,650
1775447865687,key-19,699
1775447865688,key-14,4348
1775447865691,key-39,1876
1775447865692,key-39,1877
1775447865694,key-27,1718
1775447865697,key-39,1882
1775447865697,key-42,5798
1775447865699,key-46,499
1775447865703,key-43,103
1775447865705,key-43,105
1775447865706,key-39,1891
1775447865708,key-39,1893
1775447865710,key-43,110
1775447865720,key-19,732
1775447865724,key-39,1909
1775447865724,key-19,736
1775447865727,key-39,1912
1775447865728,key-50,692
1775447865731,key-40,3101
1775447865732,key-42,5833
1775447865732,key-32,394
1775447865734,key-50,698
1775447865734,key-19,746
1775447865736,key-27,1760
1775447865739,key-19,751
1775447865739,key-49,4524
1775447865742,key-41,104
1775447865743,key-39,1928
1775447865745,key-19,757
1775447865745,key-50,709
1775447865746,key-50,710
1775447865748,key-42,5849
1775447865749,key-35,3169
1775447865749,key-39,1934
1775447865750,key-42,5851
1775447865753,key-42,5854
1775447865753,key-47,1778
1775447865755,key-14,4415
1775447865760,key-39,1945
1775447865761,key-43,161
1775447865762,key-43,162
1775447865763,key-33,5477
1775447865763,key-39,1948
1775447865765,key-19,777
1775447865766,key-27,1790
1775447865767,key-43,167
1775447865771,key-47,1796
1775447865772,key-14,4432
1775447865774,key-19,786
1775447865775,key-47,1800
1775447865779,key-43,179
1775447865794,key-39,1979
1775447865795,key-25,117
1775447865796,key-14,4456
1775447865796,key-27,1820
1775447865800,key-43,200
1775447865800,key-39,1985
1775447865804,key-39,1989
1775447865804,key-42,5905
1775447865805,key-35,3225
1775447865805,key-47,1830
1775447865806,key-39,1991
1775447865807,key-39,1992
1775447865809,key-46,609
1775447865811,key-40,3181
1775447865815,key-39,2000
1775447865816,key-42,5917
1775447865821,key-50,785
1775447865829,key-39,2014
1775447865830,key-39,2015
1775447865830,key-42,5931
1775447865831,key-19,843
1775447865833,key-19,845
1775447865833,key-19,845
1775447865833,key-43,233
1775447865837,key-43,237
1775447865838,key-39,2023
1775447865838,key-43,238
1775447865840,key-49,4625
1775447865840,key-39,2025
1775447865846,key-33,5560
1775447865847,key-19,859
1775447865853,key-50,817
1775447865854,key-13,3711
1775447865855,key-14,4515
1775447865855,key-50,819
1775447865855,key-50,819
1775447865859,key-39,2044
1775447865862,key-14,4522
1775447865867,key-14,4527
1775447865867,key-49,4652
1775447865867,key-25,189
1775447865868,key-33,5582
1775447865873,key-39,2058
1775447865880,key-50,844
1775447865880,key-14,4540
1775447865882,key-46,682
1775447865883,key-35,3303
1775447865884,key-42,5985
1775447865884,key-40,3254
1775447865887,key-14,4547
1775447865888,key-39,2073
1775447865888,key-47,1913
1775447865888,key-43,288
1775447865889,key-39,2074
1775447865892,key-43,292
1775447865899,key-19,911
1775447865904,key-39,2089
1775447865905,key-19,917
1775447865908,key-14,4568
1775447865911,key-13,3768
1775447865912,key-39,2097
1775447865912,key-39,2097
1775447865916,key-19,928
1775447865917,key-19,929
1775447865921,key-14,4581
1775447865926,key-39,2111
1775447865927,key-47,1952
1775447865927,key-39,2112
1775447865935,key-43,335
1775447865936,key-50,900
1775447865937,key-42,6038
1775447865937,key-25,259
1775447865937,key-39,2122
1775447865938,key-49,4723
1775447865938,key-50,902
1775447865940,key-39,2125
1775447865940,key-39,2125
1775447865944,key-39,2129
1775447865946,key-46,746
1775447865949,key-39,2134
1775447865949,key-42,6050
1775447865957,key-49,4742
1775447865957,key-40,3327
1775447865957,key-40,3327
1775447865957,key-50,921
1775447865962,key-50,926
1775447865962,key-50,926
1775447865962,key-39,2147
1775447865964,key-43,364
1775447865967,key-19,979
1775447865969,key-43,369
1775447865972,key-39,2157
1775447865973,key-39,2158
1775447865974,key-42,6075
1775447865980,key-39,2165
1775447865980,key-49,4765
1775447865983,key-47,2008
1775447865983,key-39,2168
1775447865984,key-50,948
1775447865985,key-13,3842
1775447865986,key-14,4646
1775447865988,key-19,1000
1775447865991,key-13,3848
1775447865992,key-14,4652
1775447866002,key-39,2187
1775447866003,key-14,4663
1775447866005,key-25,327
1775447866006,key-14,4666
1775447866006,key-14,4666
1775447866007,key-43,407
1775447866007,key-33,5721
1775447866007,key-14,4667
1775447866010,key-43,410
1775447866011,key-47,2036
1775447866011,key-39,2196
1775447866012,key-42,6113
1775447866021,key-39,2206
1775447866021,key-39,2206
1775447866022,key-39,2207
1775447866024,key-49,4809
1775447866025,key-39,2210
1775447866028,key-19,1040
1775447866034,key-13,3891
1775447866039,key-13,3896
1775447866042,key-49,4827
1775447866044,key-13,3901
1775447866044,key-19,1056
1775447866044,key-42,6145
1775447866057,key-39,2242
1775447866062,key-39,2247
1775447866062,key-33,5776
1775447866063,key-42,6164
1775447866064,key-39,2249
1775447866072,key-33,5786
1775447866073,key-39,2258
1775447866073,key-49,4858
1775447866073,key-40,3443
1775447866073,key-50,1037
1775447866075,key-43,475
1775447866075,key-39,2260
1775447866077,key-43,477
1775447866078,key-39,2263
1775447866078,key-19,1090
1775447866078,key-39,2263
1775447866079,key-43,479
1775447866081,key-39,2266
1775447866083,key-43,104
1775447866083,key-47,2108
1775447866083,key-14,4743
1775447866084,key-14,4744
1775447866090,key-14,4750
1775447866091,key-43,112
1775447866096,key-13,3953
1775447866098,key-14,4758
1775447866100,key-42,6201
1775447866104,key-39,2289
1775447866104,key-19,1116
1775447866106,key-14,4766
1775447866107,key-39,2292
1775447866110,key-33,5824
1775447866113,key-14,4773
1775447866114,key-47,2139
1775447866124,key-13,3981
1775447866124,key-35,3544
1775447866126,key-40,3496
1775447866126,key-7,115
1775447866128,key-39,2313
1775447866129,key-39,2314
1775447866130,key-14,4790
1775447866131,key-43,152
1775447866134,key-39,2319
1775447866138,key-14,4798
1775447866139,key-15,110
1775447866141,key-43,162
1775447866145,key-7,134
1775447866146,key-39,2331
1775447866149,key-35,3569
1775447866154,key-13,4011
1775447866156,key-14,4816
1775447866156,key-43,177
1775447866157,key-14,4817
1775447866159,key-43,180
1775447866160,key-13,4017
1775447866160,key-33,5874
1775447866160,key-39,2345
1775447866162,key-13,4019
1775447866164,key-46,964
1775447866167,key-42,6268
1775447866168,key-25,490
1775447866168,key-14,4828
1775447866168,key-19,1180
1775447866168,key-43,189
1775447866175,key-14,4835
1775447866176,key-15,147
1775447866177,key-13,4034
1775447866178,key-39,2363
1775447866179,key-42,6280
1775447866179,key-50,1143
1775447866180,key-14,4840
1775447866183,key-14,4843
1775447866185,key-39,2370
1775447866189,key-39,2374
1775447866190,key-39,2375
1775447866191,key-2,62
1775447866192,key-39,2377
1775447866194,key-39,2379
1775447866195,key-39,2380
1775447866198,key-7,187
1775447866199,key-14,4859
1775447866201,key-40,3571
1775447866208,key-14,4868
1775447866209,key-46,1009
1775447866213,key-39,2398
1775447866214,key-19,1226
1775447866214,key-39,2399
1775447866214,key-14,4874
1775447866215,key-42,6316
1775447866216,key-14,4876
1775447866217,key-43,238
1775447866217,key-39,2402
1775447866220,key-19,1232
1775447866220,key-39,2405
1775447866220,key-19,1232
1775447866221,key-43,242
1775447866221,key-14,4881
1775447866221,key-43,242
1775447866222,key-13,4079
1775447866223,key-7,212
1775447866224,key-46,1024
1775447866225,key-25,547
1775447866226,key-43,247
1775447866241,key-14,4901
1775447866242,key-15,213
1775447866245,key-14,4905
1775447866246,key-43,267
1775447866247,key-39,2432
1775447866251,key-14,4911
1775447866252,key-13,4109
1775447866254,key-40,3624
1775447866258,key-14,4918
1775447866261,key-7,250
1775447866262,key-39,2447
1775447866264,key-43,285
1775447866266,key-39,2451
1775447866267,key-39,2452
1775447866273,key-15,244
1775447866274,key-14,4934
1775447866275,key-39,2460
1775447866275,key-19,1287
1775447866276,key-7,265
1775447866277,key-43,298
1775447866279,key-39,2464
1775447866280,key-46,1080
1775447866281,key-14,4941
1775447866282,key-19,1294
1775447866285,key-13,4142
1775447866286,key-43,307
1775447866288,key-19,1300
1775447866288,key-14,4948
1775447866288,key-33,6002
1775447866289,key-39,2474
1775447866290,key-42,6391
1775447866290,key-13,4147
1775447866290,key-39,2475
1775447866294,key-43,315
1775447866295,key-42,6396
1775447866297,key-43,318
1775447866298,key-39,2483
1775447866298,key-25,620
1775447866307,key-19,1319
1775447866308,key-43,329
1775447866311,key-40,3681
1775447866312,key-40,3682
1775447866316,key-7,305
1775447866317,key-39,2502
1775447866317,key-39,2502
1775447866317,key-13,4174
1775447866318,key-43,339
1775447866318,key-50,1282
1775447866318,key-13,4175
1775447866319,key-43,340
1775447866323,key-39,2508
1775447866323,key-14,4983
1775447866323,key-39,2508
1775447866326,key-39,2511
1775447866329,key-39,2514
1775447866329,key-15,300
1775447866330,key-43,351
1775447866330,key-46,1130
1775447866333,key-43,354
1775447866341,key-39,2526
1775447866342,key-19,1354
1775447866345,key-43,366
1775447866348,key-14,5008
1775447866349,key-39,2534
1775447866353,key-14,5013
1775447866356,key-19,1368
1775447866356,key-39,2541
1775447866362,key-40,3732
1775447866362,key-48,119
1775447866363,key-43,384
1775447866365,key-39,2550
1775447866365,key-48,122
1775447866368,key-43,389
1775447866369,key-39,2554
1775447866369,key-48,126
1775447866372,key-43,393
1775447866373,key-43,394
1775447866373,key-13,4230
1775447866376,key-13,82
1775447866376,key-32,1038
1775447866377,key-39,2562
1775447866382,key-43,403
1775447866383,key-50,1347
1775447866384,key-14,5044
1775447866384,key-19,1396
1775447866392,key-39,2577
1775447866394,key-19,1406
1775447866396,key-19,1408
1775447866400,key-46,1200
1775447866401,key-13,107
1775447866402,key-43,423
1775447866402,key-41,764
1775447866404,key-43,425
1775447866406,key-13,112
1775447866409,key-39,2594
1775447866410,key-48,167
1775447866410,key-19,1422
1775447866412,key-15,383
1775447866415,key-43,436
1775447866416,key-40,3786
1775447866416,key-39,2601
1775447866418,key-14,110
1775447866419,key-42,6520
1775447866419,key-43,440
1775447866422,key-43,443
1775447866423,key-7,412
1775447866430,key-39,2615
1775447866432,key-14,124
1775447866434,key-40,3804
1775447866435,key-39,2620
1775447866435,key-32,1097
1775447866440,key-39,2625
1775447866442,key-39,2627
1775447866445,key-43,466
1775447866446,key-43,467
1775447866446,key-43,467
1775447866447,key-43,468
1775447866452,key-43,473
1775447866454,key-40,3824
1775447866458,key-43,479
1775447866460,key-43,481
1775447866461,key-15,432
1775447866461,key-19,1473
1775447866464,key-39,2649
1775447866464,key-43,485
1775447866465,key-19,1477
1775447866465,key-48,222
1775447866465,key-15,436
1775447866466,key-48,223
1775447866468,key-39,2653
1775447866471,key-19,1483
1775447866474,key-40,3844
1775447866475,key-39,2660
1775447866476,key-40,3846
1775447866476,key-39,2661
1775447866478,key-48,235
1775447866478,key-43,499
1775447866479,key-39,2664
1775447866479,key-19,1491
1775447866480,key-13,186
1775447866480,key-40,3850
1775447866482,key-46,1282
1775447866483,key-43,504
1775447866486,key-25,808
1775447866491,key-7,480
1775447866492,key-39,2677
1775447866492,key-19,1504
1775447866492,key-19,1504
1775447866492,key-19,1504
1775447866495,key-43,516
1775447866497,key-13,203
1775447866498,key-48,255
1775447866500,key-39,2685
1775447866501,key-14,193
1775447866504,key-14,196
1775447866505,key-48,262
1775447866506,key-32,1168
1775447866512,key-13,218
1775447866512,key-43,533
1775447866513,key-43,534
1775447866513,key-14,205
1775447866518,key-15,489
1775447866519,key-43,540
1775447866520,key-43,541
1775447866523,key-42,6624
1775447866529,key-27,2553
1775447866530,key-14,222
1775447866531,key-42,6632
1775447866541,key-14,233
1775447866541,key-46,1341
1775447866542,key-42,6643
1775447866542,key-19,1554
1775447866543,key-40,3913
1775447866543,key-7,532
1775447866543,key-40,3913
1775447866543,key-40,3913
1775447866544,key-19,1556
1775447866544,key-13,250
1775447866544,key-32,1206
1775447866545,key-13,251
1775447866546,key-42,6647
1775447866547,key-48,304
1775447866549,key-14,241
1775447866550,key-40,3920
1775447866551,key-43,572
1775447866558,key-49,5343
1775447866562,key-47,2587
1775447866565,key-39,2750
1775447866566,key-19,1578
1775447866569,key-48,326
1775447866569,key-43,590
1775447866569,key-50,1533
1775447866569,key-14,261
1775447866572,key-19,1584
1775447866572,key-50,1536
1775447866572,key-39,2757
1775447866574,key-43,595
1775447866577,key-19,1589
1775447866577,key-47,2602
1775447866577,key-13,283
1775447866582,key-15,553
1775447866583,key-39,2768
1775447866597,key-46,1397
1775447866597,key-19,1609
1775447866597,key-19,1609
1775447866597,key-40,3967
1775447866598,key-13,304
1775447866599,key-39,2784
1775447866600,key-40,3970
1775447866601,key-46,1401
1775447866603,key-39,2788
1775447866604,key-19,1616
1775447866610,key-13,316
1775447866610,key-13,316
1775447866611,key-13,317
1775447866612,key-7,601
1775447866616,key-39,2801
1775447866620,key-43,641
1775447866620,key-14,312
1775447866620,key-19,1632
1775447866621,key-48,378
1775447866621,key-43,642
1775447866621,key-32,1283
1775447866622,key-48,379
1775447866625,key-39,2810
1775447866627,key-14,319
1775447866629,key-14,321
1775447866630,key-13,336
1775447866634,key-32,1296
1775447866636,key-15,607
1775447866638,key-48,395
1775447866643,key-39,2828
1775447866644,key-42,6745
1775447866644,key-39,2829
1775447866647,key-43,668
1775447866647,key-32,1309
1775447866648,key-47,2673
1775447866650,key-19,1662
1775447866650,key-50,1614
1775447866651,key-15,622
1775447866651,key-15,622
1775447866651,key-46,1451
1775447866654,key-39,2839
1775447866656,key-27,2680
1775447866657,key-39,2842
1775447866657,key-7,646
1775447866661,key-13,367
1775447866662,key-39,2847
1775447866663,key-48,420
1775447866665,key-40,4035
1775447866667,key-46,1467
1775447866667,key-39,2852
1775447866672,key-48,429
1775447866674,key-49,5459
1775447866674,key-39,2859
1775447866683,key-47,2708
1775447866691,key-2,562
1775447866691,key-49,5476
1775447866692,key-14,384
1775447866694,key-42,6795
1775447866694,key-40,4064
1775447866695,key-19,1707
1775447866696,key-43,717
1775447866698,key-43,719
1775447866699,key-49,5484
1775447866699,key-41,1061
1775447866699,key-19,1711
1775447866700,key-48,457
1775447866702,key-19,1714
1775447866704,key-39,2889
1775447866707,key-39,2892
1775447866708,key-19,1720
1775447866711,key-14,403
1775447866712,key-39,2897
1775447866715,key-19,1727
1775447866716,key-39,2901
1775447866718,key-13,424
1775447866719,key-39,2904
1775447866722,key-13,428
1775447866727,key-39,2912
1775447866728,key-3,79
1775447866732,key-13,438
1775447866735,key-14,427
1775447866739,key-39,2924
1775447866742,key-39,2927
1775447866743,key-32,1405
1775447866743,key-7,732
1775447866743,key-30,149
1775447866744,key-46,1544
1775447866745,key-46,1545
1775447866749,key-49,5534
1775447866749,key-47,2774
1775447866750,key-32,1412
1775447866752,key-47,2777
1775447866753,key-40,4123
1775447866755,key-43,776
1775447866757,key-42,6858
1775447866757,key-39,2942
1775447866759,key-40,4129
1775447866759,key-42,6860
1775447866760,key-39,2945
1775447866762,key-41,1124
1775447866762,key-19,1774
1775447866763,key-14,455
1775447866763,key-32,1425
1775447866770,key-13,476
1775447866772,key-39,2957
1775447866772,key-39,2957
1775447866774,key-2,645
1775447866775,key-15,746
1775447866777,key-13,483
1775447866779,key-13,485
1775447866781,key-7,770
1775447866782,key-39,2967
1775447866783,key-3,134
1775447866783,key-48,540
1775447866783,key-50,1747
1775447866788,key-19,1800
1775447866791,key-39,2976
1775447866791,key-39,2976
1775447866791,key-40,4161
1775447866792,key-39,2977
1775447866793,key-50,1757
1775447866793,key-39,2978
1775447866794,key-39,2979
1775447866795,key-39,2980
1775447866795,key-39,2980
1775447866795,key-2,666
1775447866796,key-3,147
1775447866800,key-50,1764
1775447866802,key-40,4172
1775447866804,key-32,1466
1775447866805,key-46,1605
1775447866805,key-42,110
1775447866805,key-48,562
1775447866810,key-42,115
1775447866810,key-2,681
1775447866813,key-3,164
1775447866818,key-7,807
1775447866826,key-41,1188
1775447866827,key-13,533
1775447866827,key-47,2852
1775447866827,key-39,3012
1775447866827,key-48,584
1775447866828,key-19,1840
1775447866831,key-40,4201
1775447866831,key-13,537
1775447866832,key-49,5617
1775447866833,key-32,1495
1775447866837,key-19,1849
1775447866839,key-41,1201
1775447866841,key-39,3026
1775447866843,key-33,6557
1775447866843,key-13,549
1775447866844,key-39,3029
1775447866846,key-39,3031
1775447866846,key-14,538
1775447866849,key-30,255
1775447866851,key-39,3036
1775447866851,key-39,3036
1775447866854,key-7,843
1775447866855,key-7,844
1775447866855,key-49,5640
1775447866857,key-3,208
1775447866858,key-40,4228
1775447866860,key-32,1522
1775447866861,key-30,267
1775447866862,key-46,1662
1775447866864,key-39,3049
1775447866865,key-47,2890
1775447866866,key-42,171
1775447866866,key-25,1188
1775447866873,key-40,4243
1775447866875,key-42,180
1775447866877,key-39,3062
1775447866877,key-43,898
1775447866879,key-40,4249
1775447866880,key-3,231
1775447866882,key-32,1544
1775447866884,key-47,2909
1775447866885,key-2,756
1775447866887,key-42,192
1775447866889,key-32,1551
1775447866889,key-19,1901
1775447866892,key-13,598
1775447866893,key-32,1555
1775447866894,key-19,1906
1775447866895,key-3,246
1775447866895,key-39,3080
1775447866896,key-39,3081
1775447866898,key-39,3083
1775447866901,key-25,1223
1775447866902,key-49,5687
1775447866903,key-43,924
1775447866906,key-19,1918
1775447866906,key-19,1918
1775447866907,key-40,4277
1775447866908,key-39,3093
1775447866912,key-48,669
1775447866913,key-40,4283
1775447866913,key-40,4283
1775447866915,key-50,1879
1775447866916,key-13,622
1775447866917,key-48,674
1775447866917,key-46,1717
1775447866919,key-39,3104
1775447866922,key-47,2947
1775447866925,key-7,914
1775447866931,key-33,6645
1775447866935,key-7,924
1775447866939,key-39,3124
1775447866939,key-3,290
1775447866939,key-46,1739
1775447866940,key-40,4310
1775447866941,key-39,3126
1775447866945,key-50,1909
1775447866945,key-42,250
1775447866946,key-3,297
1775447866947,key-46,1747
1775447866947,key-19,1959
1775447866947,key-42,252
1775447866952,key-13,658
1775447866957,key-39,3142
1775447866961,key-47,2986
1775447866961,key-40,4331
1775447866962,key-36,60
1775447866963,key-33,6677
1775447866963,key-13,669
1775447866964,key-39,3149
1775447866966,key-46,1766
1775447866967,key-41,1329
1775447866971,key-13,677
1775447866971,key-39,3156
1775447866972,key-35,4392
1775447866973,key-14,665
1775447866973,key-48,730
1775447866973,key-25,1295
1775447866973,key-39,3158
1775447866975,key-25,1297
1775447866975,key-33,6689
1775447866976,key-40,4346
1775447866979,key-40,4349
1775447866982,key-39,3167
1775447866986,key-42,291
1775447866987,key-49,5772
1775447866988,key-39,3173
1775447866991,key-42,296
1775447866998,key-40,4368
1775447866998,key-49,5783
1775447867002,key-39,3187
1775447867003,key-24,89
1775447867003,key-40,4373
1775447867003,key-42,308
1775447867004,key-39,3189
1775447867004,key-19,2016
1775447867007,key-49,5792
1775447867007,key-3,358
1775447867008,key-39,3193
1775447867012,key-2,883
1775447867012,key-39,3197
1775447867014,key-39,3199
1775447867014,key-7,1003
1775447867016,key-19,2028
1775447867016,key-7,1005
1775447867017,key-46,1817
1775447867018,key-3,369
1775447867018,key-40,4388
1775447867018,key-39,3203
1775447867018,key-46,1818
1775447867018,key-39,3203
1775447867021,key-35,4441
1775447867026,key-24,112
1775447867026,key-49,5811
1775447867029,key-40,4399
1775447867031,key-33,6745
1775447867033,key-39,3218
1775447867033,key-36,131
1775447867035,key-36,133
1775447867043,key-25,1365
1775447867050,key-35,4470
1775447867052,key-27,3076
1775447867053,key-46,1853
1775447867054,key-24,140
1775447867055,key-47,3080
1775447867059,key-50,2023
1775447867059,key-2,930
1775447867060,key-39,3245
1775447867060,key-42,365
1775447867060,key-46,1860
1775447867061,key-42,366
1775447867061,key-49,5846
1775447867065,key-49,5850
1775447867066,key-15,1037
1775447867067,key-46,1867
1775447867067,key-46,1867
1775447867067,key-42,372
1775447867068,key-40,4438
1775447867068,key-39,3253
1775447867070,key-36,168
1775447867072,key-24,158
1775447867075,key-41,1437
1775447867077,key-33,6791
1775447867077,key-13,783
1775447867079,key-33,6793
1775447867082,key-39,3267
1775447867082,key-48,839
1775447867083,key-2,954
1775447867085,key-46,1885
1775447867085,key-39,3270
1775447867096,key-49,5881
1775447867097,key-48,854
1775447867097,key-49,5882
1775447867097,key-24,183
1775447867098,key-39,3283
1775447867098,key-49,5883
1775447867099,key-2,970
1775447867103,key-40,4473
1775447867104,key-30,510
1775447867105,key-13,811
1775447867107,key-39,3292
1775447867107,key-35,4527
1775447867114,key-40,4484
1775447867115,key-24,201
1775447867115,key-47,3140
1775447867115,key-35,4535
1775447867115,key-39,3300
1775447867116,key-42,421
1775447867118,key-39,3303
1775447867125,key-2,996
1775447867128,key-49,5913
1775447867129,key-42,434
1775447867129,key-3,480
1775447867130,key-19,2142
1775447867132,key-13,838
1775447867135,key-39,3320
1775447867135,key-33,6849
1775447867135,key-39,3320
1775447867137,key-46,1937
1775447867139,key-2,1010
1775447867145,key-40,4515
1775447867145,key-36,243
1775447867147,key-36,245
1775447867151,key-43,1172
1775447867151,key-40,4521
1775447867152,key-25,1474
1775447867153,key-42,458
1775447867153,key-36,251
1775447867156,key-46,1956
1775447867157,key-49,5942
1775447867157,key-39,3342
1775447867161,key-40,4531
1775447867163,key-39,3348
1775447867163,key-35,4583
1775447867166,key-47,3191
1775447867168,key-13,874
1775447867168,key-32,1830
1775447867171,key-42,476
1775447867171,key-49,5956
1775447867171,key-49,5956
1775447867172,key-13,878
1775447867172,key-49,5957
1775447867175,key-42,480
1775447867177,key-36,275
1775447867178,key-14,870
1775447867178,key-36,276
1775447867179,key-46,1979
1775447867186,key-46,1986
1775447867186,key-48,943
1775447867187,key-2,1058
1775447867188,key-33,6902
1775447867195,key-19,2207
1775447867196,key-39,3381
1775447867196,key-46,1996
1775447867199,key-49,5984
1775447867202,key-33,6916
1775447867202,key-46,2002
1775447867202,key-41,1564
1775447867204,key-43,1225
1775447867204,key-39,3389
1775447867206,key-2,1077
1775447867206,key-39,3391
1775447867207,key-33,6921
1775447867207,key-2,1078
1775447867211,key-3,562
1775447867211,key-49,5996
1775447867211,key-40,4581
1775447867212,key-46,2012
1775447867213,key-48,970
1775447867219,key-48,976
1775447867219,key-40,4589
1775447867220,key-46,2020
1775447867220,key-14,912
1775447867221,key-49,6006
1775447867223,key-40,4593
1775447867224,key-48,981
1775447867224,key-40,4594
1775447867224,key-24,310
1775447867227,key-35,4647
1775447867230,key-33,6944
1775447867230,key-32,1892
1775447867232,key-33,6946
1775447867234,key-2,1105
1775447867236,key-13,942
1775447867236,key-36,334
1775447867236,key-24,322
1775447867236,key-19,2248
1775447867238,key-3,589
1775447867238,key-47,3263
1775447867239,key-19,2251
1775447867239,key-47,3264
1775447867240,key-49,6025
1775447867242,key-40,4612
1775447867242,key-48,999
1775447867246,key-39,3431
1775447867246,key-42,551
1775447867246,key-36,344
1775447867248,key-36,346
1775447867253,key-2,1124
1775447867254,key-13,960
1775447867255,key-49,6040
1775447867255,key-24,341
1775447867257,key-40,4627
1775447867257,key-27,3281
1775447867262,key-39,3447
1775447867263,key-13,969
1775447867263,key-39,3448
1775447867263,key-41,1625
1775447867263,key-35,4683
1775447867266,key-46,2066
1775447867268,key-13,974
1775447867268,key-2,1139
1775447867270,key-46,2070
1775447867272,key-46,2072
1775447867274,key-42,579
1775447867274,key-43,1295
1775447867277,key-32,1939
1775447867279,key-25,1601
1775447867281,key-36,379
1775447867281,key-49,6066
1775447867284,key-46,2084
1775447867284,key-40,4654
1775447867284,key-7,1273
1775447867284,key-36,382
1775447867284,key-42,589
1775447867284,key-2,1155
1775447867285,key-3,636
1775447867285,key-40,4655
1775447867290,key-32,1952
1775447867290,key-47,3315
1775447867291,key-2,1162
1775447867292,key-2,1163
1775447867297,key-35,4717
1775447867305,key-36,403
1775447867307,key-46,2107
1775447867308,key-48,1065
1775447867309,key-19,2321
1775447867311,key-40,4681
1775447867313,key-36,411
1775447867314,key-2,1185
1775447867314,key-2,1185
1775447867322,key-43,1343
1775447867323,key-49,6108
1775447867323,key-33,7037
1775447867334,key-48,62
1775447867334,key-39,3519
1775447867335,key-14,1027
1775447867335,key-46,2135
1775447867335,key-46,2135
1775447867336,key-43,1357
1775447867336,key-49,6121
1775447867336,key-48,1093
1775447867336,key-46,2136
1775447867336,key-3,687
1775447867337,key-39,3522
1775447867337,key-40,4707
1775447867342,key-40,4712
1775447867345,key-49,6130
1775447867346,key-40,4716
1775447867346,key-3,697
1775447867346,key-46,2146
1775447867346,key-24,432
1775447867347,key-33,7061
1775447867348,key-3,699
1775447867348,key-49,6133
1775447867348,key-2,1219
1775447867355,key-33,7069
1775447867356,key-35,4776
1775447867357,key-35,4777
1775447867359,key-46,2159
1775447867359,key-47,3384
1775447867359,key-32,2021
1775447867359,key-24,445
1775447867359,key-36,457
1775447867359,key-33,7073
1775447867361,key-40,4731
1775447867361,key-35,4781
1775447867363,key-49,6148
1775447867365,key-2,1236
1775447867365,key-39,3550
1775447867367,key-2,1238
1775447867368,key-40,4738
1775447867372,key-40,4742
1775447867372,key-7,1361
1775447867373,key-14,1065
1775447867374,key-49,6159
1775447867377,key-21,175
1775447867382,key-46,2182
1775447867384,key-46,2184
1775447867385,key-24,471
1775447867385,key-46,2185
1775447867386,key-13,1092
1775447867386,key-48,114
1775447867386,key-42,691
1775447867386,key-39,3571
1775447867387,key-32,2049
1775447867387,key-36,485
1775447867389,key-43,65
1775447867394,key-46,2194
1775447867397,key-47,3422
1775447867397,key-7,1386
1775447867398,key-39,3583
1775447867399,key-29,86
1775447867400,key-14,1092
1775447867400,key-46,2200
1775447867402,key-49,6187
1775447867404,key-3,755
1775447867405,key-32,2067
1775447867405,key-42,710
1775447867406,key-7,1395
1775447867411,key-40,4781
1775447867412,key-32,2074
1775447867412,key-2,1283
1775447867412,key-35,4832
1775447867415,key-27,3439
1775447867415,key-36,513
1775447867416,key-46,2216
1775447867416,key-36,514
1775447867417,key-35,4837
1775447867418,key-49,6203
1775447867421,key-2,1292
1775447867422,key-36,520
1775447867423,key-7,1412
1775447867425,key-15,1396
1775447867426,key-35,4846
1775447867428,key-13,1134
1775447867431,key-2,1302
1775447867431,key-46,2231
1775447867432,key-40,4802
1775447867433,key-14,1125
1775447867434,key-40,4804
1775447867436,key-2,1307
1775447867437,key-47,71
1775447867438,key-19,2450
1775447867440,key-40,4810
1775447867441,key-49,6226
1775447867441,key-48,169
1775447867442,key-49,6227
1775447867442,key-46,2242
1775447867442,key-36,540
1775447867450,key-39,3635
1775447867451,key-7,1440
1775447867452,key-49,6237
1775447867452,key-27,3476
1775447867453,key-42,758
1775447867457,key-48,185
1775447867457,key-46,2257
1775447867462,key-35,4882
1775447867463,key-24,549
1775447867464,key-7,1453
1775447867467,key-32,2129
1775447867468,key-49,6253
1775447867470,key-33,7184
1775447867471,key-2,1342
1775447867475,key-42,780
1775447867476,key-41,1838
1775447867478,key-2,1349
1775447867479,key-48,207
1775447867482,key-49,6267
1775447867483,key-2,1354
1775447867484,key-32,2146
1775447867484,key-47,118
1775447867484,key-36,582
1775447867487,key-46,2287
1775447867488,key-13,1194
1775447867489,key-2,1360
1775447867489,key-2,1360
1775447867490,key-21,288
1775447867494,key-35,4914
1775447867497,key-7,1486
1775447867499,key-47,133
1775447867499,key-35,4919
1775447867501,key-24,587
1775447867501,key-49,6286
1775447867503,key-40,4873
1775447867504,key-46,2304
1775447867504,key-49,6289
1775447867504,key-36,602
1775447867504,key-47,138
1775447867505,key-49,6290
1775447867505,key-43,181
1775447867505,key-33,7219
1775447867506,key-27,3530
1775447867508,key-40,4878
1775447867509,key-49,6294
1775447867510,key-42,815
1775447867513,key-48,241
1775447867513,key-29,200
1775447867515,key-36,613
1775447867516,key-42,821
1775447867517,key-7,1506
1775447867520,key-32,2182
1775447867520,key-49,6305
1775447867521,key-39,3706
1775447867522,key-49,6307
1775447867522,key-49,6307
1775447867523,key-29,210
1775447867526,key-46,2326
1775447867527,key-46,2327
1775447867529,key-49,6314
1775447867529,key-36,627
1775447867530,key-15,1501
1775447867530,key-48,258
1775447867530,key-36,628
1775447867531,key-27,3555
1775447867533,key-2,1404
1775447867541,key-25,1863
1775447867541,key-49,6326
1775447867541,key-35,4961
1775447867543,key-2,1414
1775447867545,key-2,1416
1775447867545,key-2,1416
1775447867545,key-2,1416
1775447867548,key-35,4968
1775447867549,key-49,6334
1775447867550,key-36,648
1775447867554,key-36,652
1775447867557,key-36,655
1775447867558,key-40,4928
1775447867558,key-19,2570
1775447867560,key-43,236
1775447867569,key-33,7283
1775447867569,key-19,2581
1775447867569,key-46,2369
1775447867571,key-32,2233
1775447867572,key-40,4942
1775447867573,key-42,878
1775447867575,key-32,2237
1775447867577,key-7,1566
1775447867578,key-3,929
1775447867578,key-47,212
1775447867579,key-32,2241
1775447867580,key-33,7294
1775447867581,key-48,309
1775447867581,key-49,6366
1775447867584,key-36,682
1775447867584,key-41,1946
1775447867585,key-2,1456
1775447867586,key-24,672
1775447867587,key-42,892
1775447867592,key-32,2254
1775447867594,key-2,1465
1775447867597,key-36,695
1775447867599,key-50,2563
1775447867599,key-7,1588
1775447867600,key-2,1471
1775447867601,key-49,6386
1775447867602,key-48,330
1775447867605,key-3,956
1775447867607,key-41,1969
1775447867608,key-2,1479
1775447867611,key-40,4981
1775447867613,key-36,711
1775447867614,key-47,248
1775447867614,key-49,6399
1775447867618,key-43,294
1775447867619,key-27,3643
1775447867623,key-35,5043
1775447867625,key-27,3649
1775447867626,key-35,5046
1775447867626,key-46,2426
1775447867627,key-7,1616
1775447867627,key-29,314
1775447867628,key-49,6413
1775447867628,key-32,2290
1775447867630,key-2,1501
1775447867632,key-32,2294
1775447867632,key-40,5002
1775447867634,key-30,1040
1775447867636,key-19,2648
1775447867638,key-48,366
1775447867639,key-29,326
1775447867639,key-36,737
1775447867639,key-2,1510
1775447867639,key-33,7353
1775447867641,key-49,6426
1775447867643,key-15,1614
1775447867643,key-36,741
1775447867644,key-32,2306
1775447867645,key-46,2445
1775447867650,key-48,378
1775447867650,key-7,1639
1775447867651,key-49,6436
1775447867653,key-48,381
1775447867653,key-49,6438
1775447867653,key-48,381
1775447867654,key-15,1625
1775447867656,key-2,1527
1775447867656,key-2,1527
1775447867658,key-36,756
1775447867659,key-36,757
1775447867659,key-48,387
1775447867659,key-14,1351
1775447867660,key-50,2624
1775447867661,key-25,1983
1775447867662,key-14,1354
1775447867664,key-41,2026
1775447867665,key-36,763
1775447867665,key-7,1654
1775447867666,key-2,1537
1775447867667,key-2,1538
1775447867667,key-49,6452
1775447867668,key-2,1539
1775447867668,key-47,302
1775447867669,key-15,1640
1775447867672,key-2,1543
1775447867676,key-2,1547
1775447867679,key-24,765
1775447867679,key-42,984
1775447867680,key-49,6465
1775447867682,key-29,369
1775447867683,key-29,370
1775447867684,key-24,770
1775447867684,key-30,1090
1775447867691,key-3,1042
1775447867691,key-27,3715
1775447867696,key-43,372
1775447867696,key-32,2358
1775447867698,key-36,796
1775447867701,key-40,5071
1775447867702,key-36,800
1775447867702,key-32,2364
1775447867702,key-40,5072
1775447867709,key-3,1060
1775447867709,key-15,1680
1775447867712,key-32,2374
1775447867712,key-36,810
1775447867715,key-40,5085
1775447867715,key-49,6500
1775447867716,key-41,2078
1775447867718,key-36,816
1775447867718,key-24,804
1775447867719,key-41,2081
1775447867720,key-2,1591
1775447867720,key-48,448
1775447867721,key-36,819
1775447867724,key-7,1713
1775447867725,key-48,453
1775447867727,key-2,1598
1775447867728,key-48,456
1775447867729,key-49,6514
1775447867729,key-42,1034
1775447867731,key-2,1602
1775447867734,key-36,832
1775447867734,key-32,2396
1775447867736,key-2,1607
1775447867736,key-49,6521
1775447867742,key-15,1713
1775447867742,key-49,6527
1775447867746,key-36,844
1775447867747,key-49,6532
1775447867747,key-46,2547
1775447867748,key-49,6533
1775447867749,key-7,1738
1775447867751,key-32,2413
1775447867753,key-49,6538
1775447867754,key-2,1625
1775447867754,key-15,1725
1775447867756,key-13,1462
1775447867758,key-33,7472
1775447867758,key-36,856
1775447867759,key-49,6544
1775447867760,key-2,1631
1775447867760,key-2,1631
1775447867762,key-33,7476
1775447867762,key-36,860
1775447867763,key-49,6548
1775447867766,key-19,2778
1775447867767,key-40,5137
1775447867768,key-7,1757
1775447867769,key-33,7483
1775447867772,key-41,2134
1775447867775,key-7,1764
1775447867776,key-36,874
1775447867776,key-41,2138
1775447867779,key-36,877
1775447867780,key-48,508
1775447867780,key-41,2142
1775447867783,key-14,1475
1775447867784,key-36,882
1775447867784,key-48,512
1775447867784,key-32,2446
1775447867784,key-2,1655
1775447867784,key-41,2146
1775447867784,key-41,2146
1775447867785,key-2,1656
1775447867786,key-24,872
1775447867791,key-36,889
1775447867796,key-36,894
1775447867796,key-32,2458
1775447867796,key-3,1147
1775447867800,key-3,1151
1775447867801,key-7,1790
1775447867802,key-2,1673
1775447867805,key-49,6590
1775447867809,key-24,895
1775447867810,key-14,1502
1775447867811,key-49,6596
1775447867811,key-40,5181
1775447867813,key-36,911
1775447867817,key-32,2479
1775447867820,key-35,165
1775447867822,key-32,2484
1775447867825,key-7,1814
1775447867827,key-25,2149
1775447867827,key-29,514
1775447867831,key-2,1702
1775447867834,key-7,1823
1775447867835,key-36,933
1775447867836,key-24,922
1775447867836,key-36,934
1775447867837,key-33,7551
1775447867838,key-7,1827
1775447867839,key-24,925
1775447867843,key-41,2205
1775447867844,key-36,942
1775447867844,key-47,478
1775447867844,key-50,2808
1775447867845,key-36,943
1775447867848,key-39,4033
1775447867848,key-41,2210
1775447867848,key-48,576
1775447867848,key-42,1153
1775447867848,key-36,946
1775447867854,key-41,2216
1775447867854,key-33,7568
1775447867856,key-41,2218
1775447867857,key-2,1728
1775447867857,key-42,1162
1775447867857,key-24,943
1775447867857,key-13,1563
1775447867859,key-49,6644
1775447867860,key-49,6645
1775447867860,key-49,6645
1775447867861,key-15,1832
1775447867862,key-3,1213
1775447867868,key-32,2530
1775447867869,key-14,1561
1775447867870,key-41,2232
1775447867870,key-2,1741
1775447867872,key-48,600
1775447867874,key-36,972
1775447867874,key-15,1845
1775447867874,key-7,1863
1775447867880,key-2,1751
1775447867880,key-24,966
1775447867881,key-2,1752
1775447867882,key-19,2894
1775447867883,key-13,1589
1775447867888,key-36,986
1775447867889,key-41,2251
1775447867890,key-32,2552
1775447867890,key-41,2252
1775447867890,key-2,1761
1775447867892,key-7,1881
1775447867894,key-41,2256
1775447867895,key-30,1301
1775447867895,key-2,1766
1775447867896,key-14,1588
1775447867898,key-33,7612
1775447867899,key-14,1591
1775447867899,key-39,4084
1775447867899,key-41,2261
1775447867901,key-46,177
1775447867902,key-41,2264
1775447867904,key-41,2266
1775447867905,key-42,1210
1775447867905,key-48,633
1775447867907,key-2,1778
1775447867907,key-36,1005
1775447867907,key-48,635
1775447867908,key-32,2570
1775447867911,key-33,7625
1775447867912,key-3,1263
1775447867913,key-2,1784
1775447867914,key-14,1606
1775447867914,key-24,1000
1775447867916,key-41,2278
1775447867917,key-39,4102
1775447867920,key-24,1006
1775447867921,key-24,1007
1775447867922,key-32,2584
1775447867922,key-3,1273
1775447867924,key-48,652
1775447867924,key-36,1022
1775447867926,key-24,1012
1775447867927,key-2,1798
1775447867930,key-24,1016
1775447867932,key-36,1030
1775447867932,key-41,2294
1775447867935,key-32,2597
1775447867937,key-3,1288
1775447867938,key-40,5308
1775447867938,key-14,1630
1775447867938,key-36,1036
1775447867940,key-49,6725
1775447867940,key-19,2952
1775447867941,key-47,575
1775447867942,key-24,1028
1775447867947,key-24,1033
1775447867949,key-41,2311
1775447867953,key-30,1359
1775447867953,key-32,2615
1775447867953,key-19,2965
1775447867953,key-41,2315
1775447867954,key-39,4139
1775447867956,key-30,1362
1775447867957,key-24,1043
1775447867957,key-36,1055
1775447867957,key-36,1055
1775447867959,key-33,7673
1775447867962,key-32,2624
1775447867962,key-41,2324
1775447867963,key-39,4148
1775447867966,key-49,6751
1775447867967,key-2,1838
1775447867968,key-47,602
1775447867968,key-41,2330
1775447867969,key-32,2631
1775447867971,key-36,1069
1775447867971,key-43,647
1775447867972,key-14,1664
1775447867972,key-42,1277
1775447867978,key-42,1283
1775447867979,key-14,1671
1775447867979,key-21,777
1775447867980,key-41,2342
1775447867980,key-36,1078
1775447867982,key-32,2644
1775447867983,key-24,1069
1775447867983,key-14,1675
1775447867988,key-14,1680
1775447867988,key-3,1339
1775447867988,key-14,1680
1775447867989,key-24,1075
1775447867989,key-49,6774
1775447867990,key-15,1961
1775447867991,key-3,1342
1775447867992,key-14,1684
1775447867992,key-29,679
1775447867993,key-19,3005
1775447867995,key-14,1687
1775447867995,key-2,1866
1775447868002,key-24,1088
1775447868005,key-32,2667
1775447868007,key-32,2669
1775447868008,key-14,1700
1775447868008,key-41,2370
1775447868008,key-32,2670
1775447868010,key-41,2372
1775447868013,key-42,1318
1775447868014,key-46,290
1775447868016,key-30,1422
1775447868020,key-47,654
1775447868020,key-24,1106
1775447868021,key-33,7735
1775447868021,key-24,1107
1775447868021,key-32,2683
1775447868021,key-43,697
1775447868022,key-41,2384
1775447868023,key-48,751
1775447868024,key-25,2346
1775447868026,key-19,3038
1775447868027,key-32,2689
1775447868032,key-24,1118
1775447868032,key-43,708
1775447868033,key-39,4218
1775447868035,key-39,4220
1775447868036,key-39,4221
1775447868036,key-49,6821
1775447868036,key-41,2398
1775447868039,key-24,1125
1775447868040,key-24,1126
1775447868041,key-21,839
1775447868043,key-24,1129
1775447868044,key-40,5414
1775447868047,key-3,1398
1775447868048,key-36,1146
1775447868048,key-36,1146
1775447868050,key-24,1136
1775447868055,key-29,742
1775447868057,key-14,1749
1775447868059,key-14,1751
1775447868061,key-3,1412
1775447868061,key-24,1147
1775447868064,key-32,2726
1775447868065,key-24,1151
1775447868065,key-14,1757
1775447868066,key-14,1758
1775447868067,key-41,2429
1775447868071,key-36,1169
1775447868073,key-43,749
1775447868074,key-41,2436
1775447868074,key-24,1160
1775447868075,key-43,751
1775447868076,key-27,4100
1775447868076,key-40,5446
1775447868077,key-30,1483
1775447868083,key-24,1169
1775447868083,key-14,1775
1775447868084,key-32,2746
1775447868086,key-36,1184
1775447868090,key-14,1782
1775447868092,key-14,1784
1775447868092,key-46,368
1775447868092,key-24,1178
1775447868095,key-24,1181
1775447868095,key-42,1400
1775447868097,key-19,3109
1775447868098,key-32,2760
1775447868101,key-40,5471
1775447868107,key-49,6892
1775447868114,key-24,1200
1775447868114,key-13,1820
1775447868115,key-3,1466
1775447868115,key-24,1201
1775447868115,key-40,5485
1775447868115,key-14,1807
1775447868116,key-3,1467
1775447868116,key-3,1467
1775447868117,key-27,4141
1775447868117,key-32,2779
1775447868119,key-42,1424
1775447868120,key-24,1206
1775447868123,key-32,2785
1775447868124,key-14,1816
1775447868127,key-24,1213
1775447868133,key-32,2795
1775447868134,key-25,2456
1775447868137,key-24,1223
1775447868141,key-24,1227
1775447868141,key-39,4326
1775447868142,key-41,2504
1775447868142,key-24,1228
1775447868142,key-32,2804
1775447868143,key-41,2505
1775447868145,key-27,4169
1775447868145,key-42,1450
1775447868146,key-30,1552
1775447868148,key-24,1234
1775447868149,key-29,836
1775447868155,key-43,831
1775447868156,key-49,6941
1775447868160,key-3,1511
1775447868161,key-24,1247
1775447868161,key-41,2523
1775447868161,key-48,889
1775447868161,key-24,1247
1775447868162,key-49,6947
1775447868165,key-27,4189
1775447868166,key-50,3130
1775447868169,key-49,6954
1775447868169,key-3,1520
1775447868170,key-24,1256
1775447868171,key-24,1257
1775447868175,key-29,862
1775447868175,key-14,1867
1775447868176,key-32,2838
1775447868177,key-42,1482
1775447868177,key-32,2839
1775447868178,key-24,1264
1775447868179,key-13,1885
1775447868179,key-40,5549
1775447868183,key-24,1269
1775447868185,key-3,1536
1775447868185,key-40,5555
1775447868185,key-14,1877
1775447868185,key-13,1891
1775447868185,key-14,1877
1775447868186,key-14,1878
1775447868186,key-7,2175
1775447868186,key-40,5556
1775447868186,key-43,862
1775447868187,key-24,1273
1775447868188,key-43,864
1775447868188,key-32,2850
1775447868188,key-14,1880
1775447868190,key-36,1288
1775447868193,key-14,1885
1775447868193,key-43,869
1775447868194,key-24,1280
1775447868195,key-24,1281
1775447868196,key-46,472
1775447868196,key-24,1282
1775447868196,key-14,1888
1775447868199,key-46,475
1775447868199,key-14,1891
1775447868201,key-41,2563
1775447868202,key-42,1507
1775447868202,key-41,2564
1775447868203,key-19,3215
1775447868207,key-30,1613
1775447868209,key-41,2571
1775447868211,key-14,1903
1775447868221,key-3,1572
1775447868221,key-3,1572
1775447868222,key-42,1527
1775447868223,key-24,1309
1775447868227,key-49,7012
1775447868229,key-14,1921
1775447868229,key-49,7014
1775447868231,key-21,1029
1775447868233,key-14,1925
1775447868236,key-32,2898
1775447868238,key-3,1589
1775447868239,key-40,5609
1775447868240,key-42,1545
1775447868240,key-14,1932
1775447868242,key-13,1948
1775447868244,key-3,1595
1775447868247,key-14,1939
1775447868249,key-3,1600
1775447868250,key-14,1942
1775447868250,key-25,2572
1775447868250,key-24,1336
1775447868253,key-24,1339
1775447868253,key-24,1339
1775447868253,key-24,1339
1775447868254,key-21,1052
1775447868254,key-36,1352
1775447868254,key-40,5624
1775447868259,key-36,1357
1775447868260,key-25,2582
1775447868260,key-24,1346
1775447868261,key-46,63
1775447868263,key-24,1349
1775447868264,key-24,1350
1775447868265,key-32,2927
1775447868265,key-14,1957
1775447868265,key-43,941
1775447868267,key-14,1959
1775447868269,key-19,3281
1775447868271,key-24,1357
1775447868274,key-36,1372
1775447868274,key-14,1966
1775447868274,key-42,1579
1775447868276,key-49,7061
1775447868278,key-3,1629
1775447868278,key-3,1629
1775447868284,key-3,1635
1775447868284,key-49,7069
1775447868284,key-42,1589
1775447868285,key-40,5655
1775447868285,key-41,2647
1775447868285,key-49,7070
1775447868286,key-30,1692
1775447868287,key-27,4311
1775447868291,key-40,5661
1775447868291,key-36,1389
1775447868292,key-41,2654
1775447868292,key-24,1378
1775447868294,key-14,1986
1775447868294,key-13,2000
1775447868296,key-14,1988
1775447868300,key-24,1386
1775447868301,key-27,4325
1775447868301,key-40,5671
1775447868304,key-36,1402
1775447868305,key-46,107
1775447868307,key-40,5677
1775447868308,key-14,2000
1775447868310,key-36,1408
1775447868310,key-46,112
1775447868311,key-14,2003
1775447868312,key-24,1398
1775447868312,key-36,1410
1775447868313,key-40,5683
1775447868314,key-43,990
1775447868315,key-46,117
1775447868317,key-40,5687
1775447868318,key-33,8032
1775447868323,key-41,2685
1775447868324,key-24,1410
1775447868324,key-46,126
1775447868326,key-19,3338
1775447868326,key-40,5696
1775447868326,key-14,2018
1775447868328,key-43,1004
1775447868328,key-24,1414
1775447868332,key-30,1738
1775447868334,key-24,1420
1775447868335,key-46,137
1775447868335,key-42,1640
1775447868335,key-46,137
1775447868335,key-47,969
1775447868336,key-50,3300
1775447868339,key-14,2031
1775447868341,key-35,686
1775447868342,key-40,5712
1775447868343,key-24,1429
1775447868344,key-30,1750
1775447868344,key-46,146
1775447868346,key-14,2038
1775447868351,key-21,1149
1775447868351,key-14,2043
1775447868351,key-3,1702
1775447868351,key-29,1038
1775447868353,key-40,5723
1775447868356,key-42,1661
1775447868360,key-36,1458
1775447868361,key-40,5731
1775447868361,key-7,2350
1775447868364,key-25,2686
1775447868368,key-35,713
1775447868368,key-43,1044
1775447868369,key-49,7154
1775447868369,key-24,1455
1775447868370,key-24,1456
1775447868370,key-36,1468
1775447868372,key-24,1458
1775447868373,key-46,175
1775447868377,key-24,1463
1775447868378,key-36,1476
1775447868378,key-40,5748
1775447868383,key-13,2089
1775447868386,key-42,1691
1775447868389,key-41,2751
1775447868390,key-3,1741
1775447868397,key-27,4421
1775447868398,key-47,1032
1775447868402,key-35,747
1775447868403,key-30,1809
1775447868403,key-42,1708
1775447868411,key-46,213
1775447868412,key-7,2401
1775447868412,key-36,1510
1775447868413,key-35,758
1775447868413,key-14,2105
1775447868414,key-24,1500
1775447868414,key-29,1101
1775447868416,key-46,218
1775447868420,key-13,2126
1775447868422,key-41,2784
1775447868422,key-33,8136
1775447868426,key-40,5796
1775447868426,key-40,5796
1775447868427,key-27,4451
1775447868428,key-25,2750
1775447868430,key-36,1528
1775447868430,key-43,1106
1775447868431,key-24,1517
1775447868436,key-46,238
1775447868437,key-43,1113
1775447868439,key-24,1525
1775447868440,key-43,1116
1775447868440,key-43,1116
1775447868441,key-33,8155
1775447868444,key-24,1530
1775447868445,key-25,2767
1775447868450,key-2,2321
1775447868455,key-50,3419
1775447868455,key-27,4479
1775447868455,key-3,1806
1775447868456,key-24,1542
1775447868459,key-14,2151
1775447868461,key-48,1189
1775447868462,key-42,1767
1775447868464,key-41,2826
1775447868464,key-27,4488
1775447868464,key-14,2156
1775447868465,key-7,2454
1775447868466,key-3,1817
1775447868468,key-29,1155
1775447868471,key-7,2460
1775447868473,key-46,275
1775447868478,key-36,1576
1775447868478,key-42,1783
1775447868479,key-36,1577
1775447868479,key-24,1565
1775447868480,key-36,1578
1775447868481,key-7,2470
1775447868483,key-35,828
1775447868483,key-40,5853
1775447868483,key-24,1569
1775447868484,key-2,2355
1775447868486,key-35,831
1775447868487,key-24,1573
1775447868487,key-24,1573
1775447868489,key-24,1575
1775447868489,key-43,1165
1775447868492,key-43,1168
1775447868492,key-40,5862
1775447868492,key-36,1590
1775447868492,key-48,1220
1775447868492,key-40,5862
1775447868493,key-49,7278
1775447868493,key-49,7278
1775447868495,key-36,1593
1775447868497,key-13,2203
1775447868505,key-46,307
1775447868506,key-43,1182
1775447868507,key-33,8221
1775447868508,key-41,2870
1775447868508,key-43,1184
1775447868509,key-50,3473
1775447868512,key-46,314
1775447868514,key-24,1600
1775447868514,key-30,1920
1775447868517,key-14,2209
1775447868518,key-36,1616
1775447868519,key-25,2841
1775447868520,key-41,2882
1775447868525,key-25,2847
1775447868526,key-7,2515
1775447868530,key-42,1835
1775447868531,key-33,8245
1775447868531,key-27,4555
1775447868531,key-46,333
1775447868533,key-7,2522
1775447868535,key-14,2227
1775447868535,key-24,1621
1775447868535,key-43,1211
1775447868542,key-46,344
1775447868543,key-36,1641
1775447868543,key-13,2249
1775447868543,key-40,5913
1775447868544,key-27,4568
1775447868544,key-41,2906
1775447868544,key-39,4729
1775447868548,key-36,1646
1775447868551,key-24,1637
1775447868553,key-33,8267
1775447868554,key-25,2876
1775447868555,key-36,1653
1775447868556,key-36,1654
1775447868557,key-43,1233
1775447868557,key-25,2879
1775447868558,key-2,2429
1775447868558,key-2,2429
1775447868560,key-2,2431
1775447868560,key-29,1247
1775447868564,key-13,2270
1775447868567,key-14,2259
1775447868568,key-25,2890
1775447868570,key-7,2559
1775447868574,key-42,1879
1775447868576,key-50,3540
1775447868576,key-24,1662
1775447868577,key-41,2939
1775447868578,key-14,2270
1775447868581,key-21,1379
1775447868585,key-42,1890
1775447868586,key-36,1684
1775447868590,key-27,4614
1775447868590,key-35,935
1775447868591,key-29,1278
1775447868591,key-2,2462
1775447868592,key-25,2914
1775447868592,key-36,1690
1775447868598,key-24,1684
1775447868598,key-46,400
1775447868599,key-25,2921
1775447868600,key-39,4785
1775447868601,key-43,1277
1775447868602,key-24,1688
1775447868603,key-7,2592
1775447868606,key-43,1282
1775447868608,key-36,1706
1775447868612,key-49,7397
1775447868612,key-36,1710
1775447868614,key-31,109
1775447868621,key-25,2943
1775447868623,key-36,1721
1775447868626,key-3,1977
1775447868627,key-36,1725
1775447868627,key-41,2989
1775447868627,key-7,2616
1775447868628,key-7,2617
1775447868629,key-46,431
1775447868629,key-41,2991
1775447868631,key-41,2993
1775447868631,key-35,976
1775447868631,key-2,2502
1775447868633,key-36,1731
1775447868633,key-36,1731
1775447868634,key-24,1720
1775447868635,key-41,2997
1775447868635,key-14,2327
1775447868638,key-27,4662
1775447868639,key-42,1944
1775447868641,key-7,2630
1775447868641,key-24,1727
1775447868644,key-41,3006
1775447868647,key-36,1745
1775447868661,key-7,2650
1775447868662,key-24,1748
1775447868662,key-46,464
1775447868662,key-42,1967
1775447868662,key-24,1748
1775447868662,key-14,2354
1775447868662,key-40,6032
1775447868662,key-43,1338
1775447868663,key-46,465
1775447868663,key-2,2534
1775447868664,key-47,1298
1775447868666,key-40,6036
1775447868667,key-25,2989
1775447868668,key-13,2374
1775447868668,key-36,1766
1775447868671,key-46,473
1775447868672,key-36,1770
1775447868674,key-25,2996
1775447868677,key-25,2999
1775447868678,key-36,1776
1775447868679,key-14,2371
1775447868680,key-43,1356
1775447868680,key-24,1766
1775447868682,key-2,2553
1775447868685,key-14,2377
1775447868687,key-15,2658
1775447868689,key-50,3653
1775447868690,key-14,2382
1775447868690,key-31,185
1775447868690,key-2,2561
1775447868690,key-25,3012
1775447868692,key-36,1790
1775447868692,key-13,2398
1775447868692,key-31,187
1775447868692,key-41,3054
1775447868697,key-24,1783
1775447868699,key-44,111
1775447868700,key-35,1045
1775447868700,key-31,195
1775447868704,key-35,1049
1775447868705,key-35,1050
1775447868710,key-27,4734
1775447868714,key-43,1390
1775447868716,key-27,4740
1775447868716,key-27,4740
1775447868716,key-47,1350
1775447868717,key-7,2706
1775447868718,key-44,130
1775447868719,key-24,1805
1775447868728,key-7,2717
1775447868730,key-31,57
1775447868731,key-48,1459
1775447868731,key-7,2720
1775447868731,key-42,2036
1775447868731,key-36,1829
1775447868732,key-2,2603
1775447868733,key-24,1819
1775447868738,key-36,1836
1775447868739,key-39,4924
1775447868740,key-36,1838
1775447868740,key-7,2729
1775447868740,key-2,2611
1775447868743,key-36,1841
1775447868744,key-14,2436
1775447868745,key-32,3407
1775447868745,key-14,2437
1775447868745,key-27,4769
1775447868748,key-36,1846
1775447868750,key-41,3112
1775447868751,key-27,4775
1775447868751,key-44,163
1775447868751,key-27,4775
1775447868756,key-40,6126
1775447868763,key-14,2455
1775447868765,key-41,3127
1775447868767,key-36,1865
1775447868767,key-42,2072
1775447868767,key-7,2756
1775447868767,key-41,3129
1775447868768,key-14,2460
1775447868769,key-7,2758
1775447868769,key-14,2461
1775447868770,key-35,1115
1775447868771,key-46,573
1775447868773,key-46,575
1775447868773,key-27,4797
1775447868773,key-7,2762
1775447868774,key-35,1119
1775447868774,key-35,1119
1775447868777,key-36,1875
1775447868779,key-46,581
1775447868781,key-39,4966
1775447868782,key-24,1868
1775447868783,key-49,7568
1775447868783,key-27,4807
1775447868784,key-36,1882
1775447868784,key-2,2655
1775447868785,key-48,1513
1775447868785,key-2,2656
1775447868786,key-31,113
1775447868788,key-39,4973
1775447868791,key-36,1889
1775447868792,key-46,594
1775447868792,key-27,4816
1775447868794,key-14,2486
1775447868801,key-2,2672
1775447868802,key-36,1900
1775447868804,key-29,1491
1775447868805,key-41,3167
1775447868806,key-50,3770
1775447868807,key-14,2499
1775447868807,key-27,4831
1775447868807,key-2,2678
1775447868809,key-40,6179
1775447868810,key-36,1908
1775447868810,key-36,1908
1775447868810,key-14,2502
1775447868811,key-24,1897
1775447868814,key-24,1900
1775447868815,key-13,2521
1775447868816,key-30,2222
1775447868817,key-2,2688
1775447868818,key-27,4842
1775447868821,key-35,1166
1775447868821,key-13,2527
1775447868825,key-36,1923
1775447868828,key-44,240
1775447868830,key-14,2522
1775447868834,key-36,1932
1775447868836,key-7,2825
1775447868839,key-46,641
1775447868842,key-36,1940
1775447868846,key-36,1944
1775447868848,key-36,1946
1775447868849,key-36,1947
1775447868850,key-36,1948
1775447868850,key-2,2721
1775447868853,key-12,124
1775447868854,key-13,2560
1775447868856,key-19,3868
1775447868857,key-14,2549
1775447868857,key-27,4881
1775447868858,key-29,1545
1775447868861,key-36,1959
1775447868861,key-14,2553
1775447868865,key-3,2216
1775447868865,key-44,277
1775447868866,key-44,278
1775447868867,key-14,2559
1775447868868,key-7,2857
1775447868869,key-36,1967
1775447868869,key-36,1967
1775447868869,key-50,3833
1775447868871,key-27,4895
1775447868876,key-35,1221
1775447868877,key-25,3199
1775447868880,key-30,2286
1775447868881,key-7,2870
1775447868881,key-36,1979
1775447868881,key-46,683
1775447868887,key-27,4911
1775447868892,key-7,2881
1775447868895,key-48,1623
1775447868895,key-36,1993
1775447868896,key-46,698
1775447868898,key-14,2590
1775447868899,key-29,1586
1775447868900,key-36,1998
1775447868900,key-31,227
1775447868900,key-27,4924
1775447868901,key-49,7686
1775447868902,key-13,2608
1775447868903,key-36,2001
1775447868904,key-49,7689
1775447868907,key-36,2005
1775447868907,key-14,2599
1775447868909,key-36,2007
1775447868909,key-2,2780
1775447868910,key-41,3272
1775447868913,key-36,2011
1775447868913,key-36,2011
1775447868913,key-46,715
1775447868914,key-14,2606
1775447868914,key-7,2903
1775447868915,key-14,2607
1775447868918,key-24,2004
1775447868920,key-50,3884
1775447868921,key-36,2019
1775447868923,key-27,4947
1775447868924,key-27,4948
1775447868924,key-27,4948
1775447868925,key-41,3287
1775447868925,key-24,2011
1775447868925,key-36,2023
1775447868926,key-36,2024
1775447868927,key-24,2013
1775447868927,key-24,2013
1775447868931,key-2,2802
1775447868931,key-35,1276
1775447868933,key-3,2284
1775447868938,key-13,2644
1775447868941,key-14,2633
1775447868941,key-7,2930
1775447868944,key-7,2933
1775447868944,key-35,1289
1775447868945,key-36,2043
1775447868946,key-5,76
1775447868948,key-15,2919
1775447868949,key-7,2938
1775447868950,key-36,2048
1775447868951,key-12,222
1775447868951,key-2,2822
1775447868951,key-13,2657
1775447868951,key-36,2049
1775447868952,key-14,2644
1775447868952,key-36,2050
1775447868954,key-50,3918
1775447868954,key-46,756
1775447868955,key-27,4979
1775447868955,key-2,2826
1775447868958,key-36,2056
1775447868961,key-12,232
1775447868963,key-35,1308
1775447868964,key-36,2062
1775447868966,key-21,1764
1775447868969,key-30,2375
1775447868975,key-27,4999
1775447868976,key-14,2668
1775447868978,key-36,2076
1775447868979,key-50,3943
1775447868979,key-27,5003
1775447868982,key-13,2688
1775447868984,key-30,2390
1775447868987,key-5,117
1775447868989,key-29,1676
1775447868991,key-25,3313
1775447868992,key-41,3354
1775447868992,key-24,2078
1775447868997,key-13,2703
1775447868998,key-7,2987
1775447869000,key-50,3964
1775447869000,key-36,2098
1775447869002,key-36,2100
1775447869002,key-27,5026
1775447869002,key-27,5026
1775447869006,key-25,3328
1775447869006,key-7,2995
1775447869006,key-47,1640
1775447869009,key-14,2701
1775447869012,key-27,5036
1775447869014,key-31,341
1775447869015,key-14,2707
1775447869017,key-48,1745
1775447869017,key-50,3981
1775447869021,key-36,2119
1775447869022,key-36,2120
1775447869023,key-35,1368
1775447869023,key-47,1657
1775447869026,key-35,1371
1775447869027,key-36,2125
1775447869027,key-41,3389
1775447869028,key-2,2899
1775447869029,key-7,3018
1775447869029,key-46,831
1775447869030,key-31,357
1775447869031,key-7,3020
1775447869032,key-46,834
1775447869036,key-12,307
1775447869038,key-27,5062
1775447869039,key-36,2137
1775447869039,key-14,2731
1775447869039,key-27,5063
1775447869039,key-14,2731
1775447869040,key-12,311
1775447869040,key-14,2732
1775447869047,key-40,6417
1775447869048,key-49,7833
1775447869048,key-21,1846
1775447869049,key-28,106
1775447869051,key-7,3040
1775447869051,key-35,1396
1775447869053,key-27,5077
1775447869054,key-47,1688
1775447869060,key-36,2158
1775447869063,key-36,2161
1775447869065,key-5,195
1775447869066,key-49,7851
1775447869073,key-36,2171
1775447869073,key-24,2159
1775447869073,key-36,2171
1775447869073,key-2,2944
1775447869073,key-27,5097
1775447869075,key-50,4039
1775447869076,key-27,5100
1775447869076,key-36,2174
1775447869077,key-30,2483
1775447869077,key-2,2948
1775447869079,key-36,2177
1775447869080,key-36,2178
1775447869080,key-12,351
1775447869080,key-49,7865
1775447869082,key-36,2180
1775447869084,key-2,2955
1775447869085,key-35,1430
1775447869085,key-30,2491
1775447869087,key-35,1432
1775447869087,key-14,2779
1775447869089,key-36,2187
1775447869090,key-12,361
1775447869090,key-12,361
1775447869090,key-32,3752
1775447869091,key-27,5115
1775447869092,key-13,2798
1775447869093,key-46,895
1775447869095,key-46,897
1775447869096,key-36,2194
1775447869096,key-35,1441
1775447869106,key-5,236
1775447869107,key-30,2513
1775447869109,key-49,7894
1775447869110,key-47,1744
1775447869111,key-5,241
1775447869113,key-50,4077
1775447869114,key-25,3436
1775447869114,key-36,2212
1775447869114,key-12,385
1775447869116,key-47,1750
1775447869116,key-36,2214
1775447869117,key-40,6487
1775447869119,key-7,3108
1775447869120,key-25,3442
1775447869120,key-27,5144
1775447869121,key-50,4085
1775447869121,key-27,5145
1775447869124,key-40,6494
1775447869124,key-25,3446
1775447869126,key-14,78
1775447869130,key-2,3001
1775447869136,key-50,4100
1775447869136,key-36,2234
1775447869136,key-2,3007
1775447869138,key-27,5162
1775447869138,key-31,465
1775447869141,key-50,4105
1775447869141,key-36,2239
1775447869143,key-27,5167
1775447869143,key-12,414
1775447869147,key-39,5332
1775447869147,key-30,2553
1775447869148,key-35,1493
1775447869148,key-44,560
1775447869148,key-41,3510
1775447869150,key-35,1495
1775447869152,key-50,4116
1775447869153,key-49,7938
1775447869156,key-26,123
1775447869157,key-7,3146
1775447869157,key-14,109
1775447869158,key-14,110
1775447869162,key-28,219
1775447869162,key-30,2568
1775447869168,key-40,6538
1775447869169,key-5,299
1775447869169,key-14,121
1775447869171,key-12,442
1775447869172,key-36,2270
1775447869173,key-40,6543
1775447869174,key-27,5198
1775447869175,key-27,5199
1775447869175,key-49,7960
1775447869177,key-27,5201
1775447869178,key-40,6548
1775447869178,key-36,2276
1775447869178,key-35,1523
1775447869178,key-36,2276
1775447869179,key-27,5203
1775447869180,key-40,6550
1775447869180,key-49,7965
1775447869181,key-36,2279
1775447869185,key-27,5209
1775447869187,key-39,5372
1775447869189,key-31,516
1775447869190,key-12,461
1775447869190,key-27,5214
1775447869192,key-25,3514
1775447869192,key-50,4156
1775447869199,key-36,2297
1775447869200,key-36,2298
1775447869200,key-49,7985
1775447869201,key-13,2907
1775447869204,key-33,8918
1775447869205,key-30,2611
1775447869207,key-46,1009
1775447869210,key-39,5395
1775447869211,key-12,482
1775447869212,key-49,7997
1775447869213,key-36,2311
1775447869213,key-12,484
1775447869217,key-7,3206
1775447869219,key-47,1853
1775447869220,key-30,2626
1775447869223,key-14,175
1775447869223,key-12,494
1775447869223,key-24,2309
1775447869224,key-29,1911
1775447869225,key-36,2323
1775447869225,key-36,2323
1775447869227,key-3,2578
1775447869227,key-36,2325
1775447869231,key-50,4195
1775447869231,key-27,5255
1775447869232,key-5,362
1775447869232,key-35,1577
1775447869232,key-36,2330
1775447869232,key-50,4196
1775447869233,key-27,5257
1775447869233,key-43,1909
1775447869234,key-36,2332
1775447869234,key-25,3556
1775447869235,key-27,5259
1775447869236,key-40,6606
1775447869240,key-5,370
1775447869242,key-27,5266
1775447869242,key-47,1876
1775447869243,key-26,210
1775447869245,key-35,1590
1775447869248,key-36,2346
1775447869251,key-50,4215
1775447869252,key-27,5276
1775447869252,key-50,4216
1775447869254,key-43,1930
1775447869256,key-44,668
1775447869258,key-36,2356
1775447869261,key-50,4225
1775447869262,key-26,229
1775447869263,key-44,675
1775447869264,key-31,591
1775447869270,key-30,2676
1775447869273,key-49,8058
1775447869275,key-13,2981
1775447869276,key-30,2682
1775447869276,key-26,243
1775447869276,key-44,688
1775447869278,key-33,8992
1775447869279,key-24,2365
1775447869282,key-46,1084
1775447869284,key-27,5308
1775447869286,key-24,2372
1775447869287,key-50,4251
1775447869289,key-40,6659
1775447869291,key-43,1967
1775447869292,key-40,6662
1775447869295,key-40,6665
1775447869297,key-36,2395
1775447869302,key-25,3624
1775447869305,key-40,6675
1775447869305,key-12,576
1775447869307,key-25,3629
1775447869308,key-36,2406
1775447869309,key-36,2407
1775447869310,key-50,4274
1775447869312,key-36,2410
1775447869314,key-27,5338
1775447869315,key-50,4279
1775447869315,key-46,1117
1775447869315,key-47,1949
1775447869316,key-40,6686
1775447869316,key-27,5340
1775447869318,key-46,1120
1775447869320,key-40,6690
1775447869321,key-36,2419
1775447869321,key-12,592
1775447869322,key-12,593
1775447869322,key-19,4334
1775447869324,key-50,4288
1775447869326,key-50,4290
1775447869327,key-31,654
1775447869330,key-27,5354
1775447869334,key-7,64
1775447869334,key-30,2740
1775447869338,key-36,2436
1775447869338,key-30,2744
1775447869338,key-27,5362
1775447869340,key-32,4002
1775447869342,key-36,2440
1775447869342,key-40,6712
1775447869344,key-24,2430
1775447869349,key-40,6719
1775447869350,key-15,3321
1775447869350,key-7,80
1775447869350,key-50,4314
1775447869350,key-5,480
1775447869352,key-24,2438
1775447869353,key-36,2451
1775447869353,key-41,3715
1775447869353,key-36,2451
1775447869354,key-3,2705
1775447869355,key-46,1157
1775447869356,key-50,4320
1775447869357,key-26,324
1775447869358,key-27,5382
1775447869358,key-36,2456
1775447869358,key-28,415
1775447869361,key-40,6731
1775447869361,key-35,1706
1775447869361,key-40,6731
1775447869362,key-15,3333
1775447869362,key-43,2038
1775447869366,key-31,693
1775447869367,key-43,2043
1775447869371,key-24,2457
1775447869374,key-50,4338
1775447869375,key-44,787
1775447869375,key-50,4339
1775447869379,key-43,2055
1775447869380,key-27,5404
1775447869382,key-26,349
1775447869382,key-7,112
1775447869383,key-14,335
1775447869384,key-19,4396
1775447869385,key-29,2072
1775447869386,key-27,5410
1775447869390,key-40,6760
1775447869394,key-26,361
1775447869396,key-44,808
1775447869398,key-50,4362
1775447869400,key-24,2486
1775447869404,key-31,731
1775447869405,key-19,4417
1775447869406,key-2,3277
1775447869409,key-25,3731
1775447869409,key-30,2815
1775447869410,key-5,540
1775447869412,key-28,469
1775447869414,key-46,1216
1775447869415,key-24,2501
1775447869415,key-24,2501
1775447869415,key-43,2091
1775447869416,key-46,1218
1775447869420,key-46,1222
1775447869421,key-7,151
1775447869423,key-43,2099
1775447869425,key-28,482
1775447869427,key-50,4391
1775447869427,key-21,2225
1775447869429,key-19,4441
1775447869430,key-31,757
1775447869430,key-31,757
1775447869431,key-36,2529
1775447869431,key-26,398
1775447869432,key-50,4396
1775447869432,key-40,6802
1775447869432,key-43,2108
1775447869433,key-3,2784
1775447869436,key-3,2787
1775447869440,key-12,711
1775447869441,key-13,3147
1775447869442,key-47,2076
1775447869443,key-50,4407
1775447869444,key-40,6814
1775447869444,key-40,6814
1775447869445,key-32,4107
1775447869446,key-25,3768
1775447869450,key-25,3772
1775447869456,key-19,4468
1775447869460,key-36,2558
1775447869460,key-36,2558
1775447869461,key-42,2766
1775447869465,key-19,4477
1775447869465,key-42,2770
1775447869466,key-41,3828
1775447869466,key-50,4430
1775447869467,key-46,1269
1775447869467,key-30,2873
1775447869469,key-36,2567
1775447869471,key-30,2877
1775447869471,key-46,1273
1775447869481,key-30,2887
1775447869482,key-36,2580
1775447869482,key-36,2580
1775447869483,key-35,1828
1775447869483,key-50,4447
1775447869483,key-36,2581
1775447869483,key-50,4447
1775447869483,key-5,613
1775447869483,key-26,450
1775447869484,key-28,541
1775447869484,key-46,1286
1775447869484,key-35,1829
1775447869485,key-50,4449
1775447869485,key-36,2583
1775447869485,key-28,542
1775447869486,key-28,543
1775447869486,key-31,813
1775447869486,key-29,2173
1775447869487,key-46,1289
1775447869488,key-47,2122
1775447869489,key-43,2165
1775447869490,key-35,1835
1775447869490,key-28,547
1775447869490,key-50,4454
1775447869490,key-19,4502
1775447869491,key-47,2125
1775447869491,key-26,458
1775447869493,key-19,4505
1775447869496,key-30,2902
1775447869497,key-15,3468
1775447869498,key-27,5522
1775447869502,key-24,2588
1775447869502,key-38,59
1775447869503,key-3,2854
1775447869503,key-50,4467
1775447869504,key-25,3826
1775447869507,key-19,4519
1775447869512,key-25,3834
1775447869513,key-30,2919
1775447869513,key-44,925
1775447869522,key-32,4184
1775447869524,key-41,3886
1775447869526,key-46,1328
1775447869526,key-42,2831
1775447869533,key-28,590
1775447869534,key-43,2210
1775447869534,key-33,9248
1775447869535,key-24,2621
1775447869535,key-25,3857
1775447869535,key-30,2941
1775447869535,key-44,947
1775447869535,key-3,2886
1775447869540,key-26,507
1775447869541,key-50,4505
1775447869541,key-29,2228
1775447869541,key-26,508
1775447869548,key-28,605
1775447869549,key-26,516
1775447869549,key-12,820
1775447869551,key-24,2637
1775447869555,key-13,3261
1775447869558,key-14,510
1775447869559,key-13,3265
1775447869559,key-13,3265
1775447869563,key-15,3534
1775447869568,key-27,5592
1775447869568,key-36,2666
1775447869568,key-19,4580
1775447869569,key-3,2920
1775447869573,key-32,4235
1775447869573,key-44,985
1775447869576,key-25,3898
1775447869582,key-44,994
1775447869584,key-25,3906
1775447869584,key-36,2682
1775447869586,key-30,2992
1775447869586,key-42,2891
1775447869586,key-36,2684
1775447869587,key-38,144
1775447869587,key-46,1389
1775447869588,key-46,1390
1775447869590,key-50,4554
1775447869591,key-50,4555
1775447869591,key-44,1003
1775447869593,key-29,2280
1775447869594,key-46,1396
1775447869595,key-47,2229
1775447869598,key-35,1943
1775447869599,key-29,2286
1775447869600,key-47,2234
1775447869601,key-2,3472
1775447869604,key-28,661
1775447869605,key-44,1017
1775447869606,key-28,663
1775447869609,key-50,4573
1775447869610,key-14,562
1775447869610,key-19,4622
1775447869611,key-13,3317
1775447869611,key-27,5635
1775447869613,key-19,4625
1775447869613,key-25,3935
1775447869615,key-13,3321
1775447869615,key-25,3937
1775447869615,key-26,582
1775447869619,key-19,4631
1775447869620,key-35,1965
1775447869620,key-28,677
1775447869620,key-35,1965
1775447869621,key-27,5645
1775447869621,key-29,2308
1775447869622,key-13,3328
1775447869624,key-35,1969
1775447869625,key-27,5649
1775447869625,key-19,4637
1775447869625,key-25,3947
1775447869626,key-33,9340
1775447869627,key-24,2713
1775447869628,key-50,4592
1775447869628,key-25,3950
1775447869632,key-25,3954
1775447869634,key-32,4296
1775447869634,key-19,4646
1775447869635,key-38,192
1775447869635,key-26,602
1775447869635,key-14,587
1775447869635,key-50,4599
1775447869636,key-49,8421
1775447869636,key-44,1048
1775447869637,key-47,2271
1775447869637,key-44,1049
1775447869637,key-32,4299
1775447869637,key-33,9351
1775447869641,key-41,4003
1775447869645,key-8,60
1775447869645,key-25,3967
1775447869646,key-28,703
1775447869648,key-33,9362
1775447869650,key-3,3001
1775447869650,key-30,3056
1775447869656,key-24,2742
1775447869658,key-30,3064
1775447869659,key-44,1071
1775447869664,key-44,1076
1775447869664,key-26,631
1775447869666,key-3,3017
1775447869667,key-33,9381
1775447869671,key-44,1083
1775447869671,key-41,4033
1775447869673,key-3,3024
1775447869676,key-2,3547
1775447869677,key-13,3383
1775447869680,key-42,2985
1775447869684,key-28,741
1775447869684,key-29,2371
1775447869687,key-50,4651
1775447869689,key-31,1016
1775447869689,key-33,9403
1775447869689,key-44,1101
1775447869690,key-36,2788
1775447869690,key-19,4702
1775447869691,key-25,4013
1775447869692,key-31,1019
1775447869692,key-44,1104
1775447869696,key-2,3567
1775447869700,key-50,4664
1775447869700,key-36,2798
1775447869701,key-49,8486
1775447869703,key-30,3109
1775447869706,key-2,3577
1775447869706,key-3,3057
1775447869707,key-41,4069
1775447869707,key-46,1509
1775447869709,key-44,1121
1775447869710,key-29,2397
1775447869711,key-28,768
1775447869712,key-8,127
1775447869713,key-50,4677
1775447869716,key-29,2403
1775447869717,key-3,3068
1775447869718,key-28,775
1775447869720,key-44,1132
1775447869720,key-8,135
1775447869722,key-13,3428
1775447869726,key-19,4738
1775447869728,key-33,9442
1775447869729,key-44,1141
1775447869729,key-33,9443
1775447869731,key-19,4743
1775447869731,key-13,3437
1775447869731,key-48,2459
1775447869732,key-3,3083
1775447869735,key-46,1537
1775447869735,key-25,4057
1775447869736,key-27,5760
1775447869738,key-27,5762
1775447869738,key-28,795
1775447869739,key-30,3145
1775447869743,key-50,4707
1775447869745,key-14,697
1775447869748,key-32,4410
1775447869748,key-14,700
1775447869749,key-8,164
1775447869751,key-19,4763
1775447869751,key-28,808
1775447869754,key-24,2840
1775447869755,key-33,9469
1775447869756,key-8,171
1775447869757,key-26,724
1775447869758,key-44,1170
1775447869758,key-35,2103
1775447869759,key-36,2857
1775447869761,key-44,1173
1775447869761,key-49,8546
1775447869762,key-30,3168
1775447869762,key-3,3113
1775447869762,key-28,819
1775447869763,key-42,111
1775447869765,key-41,4127
1775447869767,key-44,1179
1775447869767,key-25,4089
1775447869767,key-33,9481
1775447869769,key-43,2445
1775447869770,key-44,1182
1775447869771,key-48,2499
1775447869771,key-33,9485
1775447869771,key-44,1183
1775447869773,key-30,3179
1775447869773,key-30,3179
1775447869773,key-3,3124
1775447869776,key-42,124
1775447869777,key-7,507
1775447869780,key-8,195
1775447869780,key-41,4142
1775447869781,key-8,196
1775447869783,key-33,9497
1775447869783,key-42,131
1775447869784,key-3,3135
1775447869786,key-29,2473
1775447869786,key-2,3657
1775447869790,key-3,3141
1775447869791,key-42,139
1775447869791,key-50,4755
1775447869796,key-19,4808
1775447869796,key-29,2483
1775447869799,key-2,3670
1775447869800,key-33,9514
1775447869803,key-50,4767
1775447869805,key-2,3676
1775447869805,key-2,3676
1775447869806,key-21,2604
1775447869807,key-31,1134
1775447869807,key-2,3678
1775447869812,key-14,764
1775447869819,key-30,3225
1775447869820,key-33,9534
1775447869820,key-3,3171
1775447869821,key-25,4143
1775447869821,key-41,4183
1775447869821,key-44,1233
1775447869825,key-36,2923
1775447869825,key-3,3176
1775447869826,key-28,883
1775447869826,key-31,1153
1775447869828,key-30,3234
1775447869830,key-6,440
1775447869831,key-19,4843
1775447869831,key-29,2518
1775447869832,key-42,180
1775447869834,key-8,249
1775447869835,key-25,4157
1775447869835,key-31,1162
1775447869842,key-42,190
1775447869843,key-8,258
1775447869843,key-33,9557
1775447869844,key-15,3815
1775447869844,key-46,1646
1775447869845,key-42,193
1775447869848,key-50,4812
1775447869851,key-39,6036
1775447869852,key-19,4864
1775447869856,key-33,9570
1775447869857,key-19,4869
1775447869858,key-13,3564
1775447869858,key-27,5882
1775447869859,key-50,4823
1775447869859,key-8,274
1775447869862,key-8,277
1775447869865,key-2,3736
1775447869866,key-47,2500
1775447869868,key-19,4880
1775447869870,key-7,600
1775447869870,key-26,837
1775447869871,key-44,1283
1775447869872,key-13,3578
1775447869872,key-44,1284
1775447869873,key-41,4235
1775447869877,key-19,4889
1775447869881,key-50,4845
1775447869881,key-44,1293
1775447869882,key-7,612
1775447869882,key-14,834
1775447869885,key-3,3236
1775447869886,key-8,301
1775447869889,key-30,3295
1775447869891,key-43,2567
1775447869892,key-33,9606
1775447869892,key-33,9606
1775447869894,key-8,309
1775447869896,key-8,311
1775447869896,key-36,97
1775447869896,key-31,1223
1775447869899,key-15,3870
1775447869900,key-3,3251
1775447869900,key-33,9614
1775447869900,key-47,2534
1775447869900,key-3,3251
1775447869902,key-8,317
1775447869902,key-33,9616
1775447869904,key-29,2591
1775447869905,key-31,61
1775447869909,key-50,4873
1775447869909,key-50,4873
1775447869910,key-8,325
1775447869910,key-33,9624
1775447869910,key-36,111
1775447869912,key-42,260
1775447869914,key-50,4878
1775447869916,key-19,4928
1775447869918,key-24,3004
1775447869923,key-31,79
1775447869923,key-33,9637
1775447869923,key-31,1250
1775447869924,key-42,272
1775447869924,key-42,272
1775447869925,key-31,81
1775447869926,key-44,1338
1775447869926,key-25,4248
1775447869926,key-19,4938
1775447869927,key-2,3798
1775447869928,key-24,3014
1775447869928,key-28,985
1775447869929,key-3,3280
1775447869929,key-33,9643
1775447869932,key-19,4944
1775447869932,key-19,4944
1775447869933,key-50,4897
1775447869934,key-25,4256
1775447869934,key-30,3340
1775447869935,key-19,4947
1775447869937,key-33,9651
1775447869941,key-50,4905
1775447869941,key-41,4303
1775447869943,key-2,3814
1775447869944,key-3,3295
1775447869944,key-33,9658
1775447869945,key-3,3296
1775447869949,key-8,364
1775447869949,key-3,3300
1775447869951,key-33,9665
1775447869952,key-27,5976
1775447869953,key-43,2629
1775447869956,key-33,9670
1775447869958,key-26,925
1775447869959,key-31,115
1775447869959,key-7,689
1775447869960,key-33,9674
1775447869960,key-33,9674
1775447869961,key-3,3312
1775447869962,key-3,3313
1775447869963,key-42,311
1775447869963,key-35,2308
1775447869963,key-19,4975
1775447869970,key-8,385
1775447869974,key-3,3325
1775447869976,key-50,4940
1775447869976,key-13,3682
1775447869978,key-36,179
1775447869980,key-42,328
1775447869981,key-36,182
1775447869981,key-33,9695
1775447869981,key-19,4993
1775447869985,key-24,3071
1775447869985,key-42,333
1775447869987,key-19,4999
1775447869988,key-44,1400
1775447869989,key-8,404
1775447869989,key-25,4311
1775447869989,key-19,5001
1775447869990,key-26,957
1775447869996,key-21,2794
1775447869997,key-41,4359
1775447869998,key-50,4962
1775447870002,key-8,417
1775447870007,key-7,737
1775447870007,key-28,1064
1775447870009,key-3,3360
1775447870009,key-29,2696
1775447870010,key-33,9724
1775447870010,key-3,3361
1775447870011,key-43,2687
1775447870012,key-15,3983
1775447870012,key-27,6036
1775447870015,key-50,4979
1775447870016,key-44,1428
1775447870016,key-25,4338
1775447870017,key-26,984
1775447870020,key-42,368
1775447870020,key-50,4984
1775447870023,key-31,179
1775447870025,key-8,440
1775447870025,key-8,440
1775447870027,key-50,4991
1775447870027,key-33,9741
1775447870028,key-8,443
1775447870028,key-21,2826
1775447870032,key-8,447
1775447870033,key-36,234
1775447870037,key-48,2765
1775447870039,key-50,5003
1775447870039,key-19,5051
1775447870040,key-5,1170
1775447870040,key-33,9754
1775447870040,key-31,196
1775447870042,key-19,5054
1775447870042,key-36,243
1775447870046,key-50,5010
1775447870046,key-42,394
1775447870048,key-30,3454
1775447870049,key-8,464
1775447870051,key-3,3402
1775447870052,key-47,2686
1775447870053,key-8,468
1775447870053,key-19,5065
1775447870054,key-8,469
1775447870054,key-30,3460
1775447870056,key-25,4378
1775447870056,key-23,705
1775447870058,key-23,707
1775447870058,key-33,9772
1775447870059,key-40,7429
1775447870059,key-7,789
1775447870061,key-43,2737
1775447870062,key-41,4424
1775447870062,key-27,6086
1775447870062,key-2,3933
1775447870064,key-26,1031
1775447870066,key-8,481
1775447870069,key-31,225
1775447870071,key-3,3422
1775447870071,key-3,3422
1775447870071,key-3,3422
1775447870076,key-31,232
1775447870078,key-44,1490
1775447870083,key-8,498
1775447870084,key-26,1051
1775447870086,key-25,4408
1775447870087,key-19,5099
1775447870131,key-3,3482
1775447870131,key-26,1098
1775447870132,key-47,2766
1775447870132,key-3,3483
1775447870132,key-44,1544
1775447870132,key-13,3838
1775447870133,key-25,4455
1775447870134,key-19,5146
1775447870136,key-19,5148
1775447870146,key-26,1113
1775447870148,key-48,181
1775447870149,key-33,9863
1775447870152,key-33,9866
1775447870153,key-42,501
1775447870154,key-21,2952
1775447870154,key-42,502
1775447870155,key-47,2789
1775447870158,key-36,359
1775447870159,key-8,574
1775447870159,key-26,1126
1775447870160,key-50,5124
1775447870160,key-7,890
1775447870160,key-36,361
1775447870161,key-23,810
1775447870165,key-50,5129
1775447870167,key-5,1297
1775447870167,key-26,1134
1775447870167,key-15,4138
1775447870168,key-30,3574
1775447870168,key-30,3574
1775447870168,key-40,7538
1775447870168,key-43,2844
1775447870168,key-50,5132
1775447870169,key-43,2845
1775447870169,key-29,2856
1775447870169,key-31,325
1775447870169,key-31,325
1775447870179,key-42,527
1775447870181,key-50,5145
1775447870182,key-42,530
1775447870182,key-50,5146
1775447870182,key-50,5146
1775447870183,key-31,339
1775447870190,key-31,346
1775447870190,key-33,9904
1775447870191,key-27,6215
1775447870191,key-32,4853
1775447870191,key-8,606
1775447870193,key-40,7563
1775447870193,key-36,394
1775447870194,key-13,3900
1775447870194,key-50,5158
1775447870194,key-40,7564
1775447870195,key-36,396
1775447870206,key-26,1173
1775447870207,key-43,2883
1775447870210,key-8,625
1775447870259,key-7,989
1775447870259,key-7,989
1775447870260,key-15,4231
1775447870260,key-29,2947
1775447870261,key-50,5225
1775447870261,key-26,1228
1775447870261,key-26,1228
1775447870261,key-40,7631
1775447870262,key-31,418
1775447870262,key-25,4584
1775447870262,key-23,911
1775447870263,key-50,5227
1775447870264,key-23,913
1775447870264,key-3,3615
1775447870264,key-30,3670
1775447870264,key-31,420
1775447870265,key-30,3671
1775447870265,key-31,421
1775447870265,key-40,7635
1775447870266,key-31,422
1775447870266,key-31,422
1775447870266,key-41,4628
1775447870266,key-30,3672
1775447870266,key-27,6290
1775447870267,key-8,682
1775447870268,key-33,9982
1775447870269,key-23,918
1775447870277,key-23,926
1775447870315,key-33,10029
1775447870316,key-27,6340
1775447870316,key-29,3003
1775447870317,key-30,3723
1775447870318,key-39,6503
1775447870321,key-27,6345
1775447870322,key-40,7692
1775447870322,key-26,1289
1775447870322,key-31,478
1775447870322,key-44,1734
1775447870322,key-21,3120
1775447870323,key-36,524
1775447870323,key-30,3729
1775447870323,key-12,1594
1775447870324,key-33,10038
1775447870324,key-9,239
1775447870324,key-36,525
1775447870325,key-9,240
1775447870325,key-19,5337
1775447870325,key-14,1277
1775447870325,key-3,3676
1775447870326,key-7,1056
1775447870326,key-8,741
1775447870326,key-8,741
1775447870326,key-32,4988
1775447870327,key-31,483
1775447870327,key-31,483
1775447870327,key-50,5291
1775447870329,key-28,1386
1775447870329,key-40,7699
1775447870329,key-40,7699
1775447870329,key-29,3016
1775447870330,key-40,7700
1775447870330,key-31,486
1775447870330,key-3,3681
1775447870330,key-24,3416
1775447870332,key-31,488
1775447870332,key-36,533
1775447870332,key-33,10046
1775447870332,key-26,1299
1775447870332,key-2,123
1775447870333,key-42,681
1775447870333,key-43,3009
1775447870333,key-2,124
1775447870333,key-3,3684
1775447870333,key-50,5297
1775447870336,key-6,946
1775447870350,key-30,3756
1775447870354,key-30,3760
1775447870355,key-30,3761
1775447870355,key-8,770
1775447870355,key-46,2157
1775447870356,key-23,1005
1775447870357,key-31,513
1775447870357,key-38,914
1775447870358,key-31,514
1775447870364,key-43,3040
1775447870365,key-42,713
1775447870366,key-50,5330
1775447870368,key-43,3044
1775447870374,key-40,7744
1775447870375,key-31,531
1775447870375,key-50,5339
1775447870376,key-40,7746
1775447870382,key-31,538
1775447870382,key-43,3058
1775447870383,key-2,174
1775447870383,key-50,5347
1775447870384,key-21,126
1775447870384,key-23,1033
1775447870387,key-30,3793
1775447870388,key-8,803
1775447870388,key-15,4359
1775447870388,key-38,945
1775447870389,key-42,737
1775447870393,key-47,3027
1775447870395,key-40,7765
1775447870395,key-3,3746
1775447870396,key-7,1126
1775447870399,key-40,7769
1775447870401,key-9,316
1775447870401,key-49,9186
1775447870402,key-32,5064
1775447870402,key-44,1814
1775447870403,key-23,1052
1775447870404,key-31,560
1775447870405,key-31,561
1775447870406,key-5,1536
1775447870407,key-41,4769
1775447870408,key-23,1057
1775447870408,key-31,564
1775447870409,key-30,3815
1775447870410,key-12,1681
1775447870411,key-3,3762
1775447870413,key-23,1062
1775447870415,key-21,157
1775447870417,key-46,2219
1775447870419,key-43,3095
1775447870420,key-33,10134
1775447870420,key-2,211
1775447870421,key-8,836
1775447870426,key-49,9211
1775447870427,key-25,4749
1775447870427,key-44,1839
1775447870428,key-33,104
1775447870429,key-19,5441
1775447870429,key-50,5393
1775447870434,key-30,3840
1775447870435,key-44,1847
1775447870436,key-9,66
1775447870439,key-31,595
1775447870439,key-9,69
1775447870441,key-33,117
1775447870445,key-42,793
1775447870445,key-21,187
1775447870446,key-31,602
1775447870448,key-50,5412
1775447870450,key-36,651
1775447870451,key-3,3802
1775447870451,key-28,1508
1775447870452,key-42,800
1775447870453,key-24,3539
1775447870455,key-2,246
1775447870457,key-30,3863
1775447870459,key-36,660
1775447870459,key-40,7829
1775447870460,key-40,7830
1775447870462,key-31,618
1775447870462,key-38,1019
1775447870462,key-30,3868
1775447870464,key-26,1431
1775447870464,key-2,255
1775447870465,key-31,621
1775447870469,key-41,4831
1775447870473,key-23,1122
1775447870474,key-31,630
1775447870476,key-30,3882
1775447870479,key-3,3830
1775447870479,key-23,1128
1775447870480,key-43,3156
1775447870481,key-5,1611
1775447870483,key-50,5447
1775447870484,key-30,3890
1775447870484,key-43,3160
1775447870484,key-43,3160
1775447870484,key-23,1133
1775447870484,key-9,114
1775447870486,key-50,5450
1775447870494,key-12,1765
1775447870496,key-21,238
1775447870496,key-2,287
1775447870499,key-19,5511
1775447870499,key-30,3905
1775447870499,key-31,655
1775447870499,key-38,1056
1775447870501,key-38,1058
1775447870502,key-50,5466
1775447870505,key-50,5469
1775447870505,key-33,181
1775447870507,key-50,5471
1775447870507,key-36,708
1775447870512,key-50,5476
1775447870516,key-7,1246
1775447870517,key-7,1247
1775447870517,key-40,7887
1775447870517,key-12,1788
1775447870519,key-3,3870
1775447870520,key-48,553
1775447870520,key-36,721
1775447870523,key-31,679
1775447870525,key-33,201
1775447870526,key-23,1175
1775447870526,key-49,9311
1775447870526,key-2,317
1775447870529,key-32,5191
1775447870529,key-31,685
1775447870529,key-21,271
1775447870536,key-5,1666
1775447870536,key-31,692
1775447870537,key-8,952
1775447870537,key-44,1949
1775447870538,key-30,3944
1775447870539,key-44,1951
1775447870540,key-43,3216
1775447870541,key-25,4863
1775447870541,key-5,1671
1775447870542,key-43,3218
1775447870544,key-44,1956
1775447870545,key-50,5509
1775447870545,key-14,1497
1775447870548,key-23,1197
1775447870550,key-2,341
1775447870550,key-30,3956
1775447870551,key-31,707
1775447870552,key-19,5564
1775447870553,key-2,344
1775447870556,key-31,712
1775447870558,key-50,5522
1775447870559,key-3,3910
1775447870559,key-50,5523
1775447870562,key-43,3238
1775447870563,key-36,764
1775447870564,key-47,3198
1775447870564,key-8,979
1775447870567,key-24,3653
1775447870567,key-38,1124
1775447870568,key-50,5532
1775447870571,key-12,1842
1775447870571,key-12,1842
1775447870571,key-3,3922
1775447870572,key-24,3658
1775447870573,key-3,3924
1775447870577,key-30,3983
1775447870580,key-2,371
1775447870583,key-46,2385
1775447870586,key-26,1553
1775447870589,key-2,380
1775447870589,key-9,219
1775447870590,key-50,5554
1775447870591,key-31,747
1775447870592,key-23,1241
1775447870596,key-26,1563
1775447870597,key-9,227
1775447870600,key-44,2012
1775447870600,key-3,3951
1775447870607,key-5,1737
1775447870607,key-50,5571
1775447870608,key-36,809
1775447870609,key-50,5573
1775447870611,key-43,3287
1775447870615,key-22,52
1775447870617,key-22,54
1775447870618,key-50,5582
1775447870618,key-3,3969
1775447870619,key-39,6804
1775447870620,key-19,5632
1775447870620,key-31,776
1775447870623,key-2,414
1775447870623,key-33,299
1775447870623,key-38,1180
1775447870627,key-50,5591
1775447870630,key-23,1279
1775447870631,key-31,787
1775447870634,key-50,5598
1775447870638,key-50,5602
1775447870639,key-49,9424
1775447870643,key-36,844
1775447870645,key-28,1702
1775447870646,key-5,1776
1775447870649,key-30,4055
1775447870650,key-50,5614
1775447870654,key-9,284
1775447870658,key-8,1073
1775447870658,key-26,1625
1775447870659,key-44,2071
1775447870661,key-23,1310
1775447870662,key-50,5626
1775447870662,key-44,2074
1775447870663,key-50,5627
1775447870664,key-13,4370
1775447870665,key-22,102
1775447870665,key-2,456
1775447870671,key-31,827
1775447870672,key-7,1402
1775447870674,key-50,5638
1775447870675,key-33,351
1775447870675,key-50,5639
1775447870677,key-3,4028
1775447870678,key-50,5642
1775447870678,key-48,711
1775447870678,key-3,4029
1775447870680,key-3,4031
1775447870681,key-3,4032
1775447870681,key-39,55
1775447870681,key-12,1952
1775447870681,key-2,472
1775447870682,key-43,3358
1775447870686,key-36,887
1775447870686,key-12,1957
1775447870686,key-21,428
1775447870687,key-50,5651
1775447870688,key-30,4094
1775447870689,key-12,1960
1775447870690,key-36,891
1775447870691,key-22,128
1775447870692,key-8,1107
1775447870693,key-12,1964
1775447870694,key-50,5658
1775447870694,key-30,4100
1775447870694,key-6,1304
1775447870694,key-12,1965
1775447870695,key-8,1110
1775447870702,key-30,4108
1775447870703,key-46,2505
1775447870704,key-22,141
1775447870705,key-2,496
1775447870706,key-22,143
1775447870706,key-30,4112
1775447870707,key-2,498
1775447870711,key-5,1841
1775447870712,key-22,149
1775447870713,key-44,2125
1775447870716,key-50,5680
1775447870716,key-26,1683
1775447870716,key-22,153
1775447870716,key-46,2518
1775447870717,key-31,873
1775447870718,key-6,1328
1775447870720,key-22,157
1775447870722,key-39,6907
1775447870723,key-22,160
1775447870723,key-23,1372
1775447870724,key-48,757
1775447870725,key-50,5689
1775447870727,key-2,518
1775447870730,key-33,406
1775447870732,key-6,1342
1775447870732,key-50,5696
1775447870737,key-22,174
1775447870738,key-48,771
1775447870738,key-42,1086
1775447870739,key-43,3415
1775447870740,key-13,4446
1775447870741,key-33,417
1775447870742,key-19,5754
1775447870742,key-50,5706
1775447870742,key-3,4093
1775447870744,key-21,486
1775447870746,key-12,2017
1775447870750,key-40,8120
1775447870754,key-15,118
1775447870755,key-22,192
1775447870756,key-21,498
1775447870757,key-30,4163
1775447870758,key-12,2029
1775447870758,key-9,388
1775447870759,key-50,5723
1775447870759,key-41,5121
1775447870761,key-50,5725
1775447870761,key-23,1410
1775447870762,key-44,2174
1775447870766,key-6,1376
1775447870768,key-33,444
1775447870769,key-49,9554
1775447870769,key-23,1418
1775447870769,key-15,133
1775447870770,key-21,512
1775447870770,key-12,2041
1775447870771,key-26,1738
1775447870775,key-30,4181
1775447870777,key-31,933
1775447870782,key-9,412
1775447870784,key-50,5748
1775447870788,key-33,464
1775447870789,key-12,2060
1775447870789,key-50,5753
1775447870790,key-31,946
1775447870792,key-2,583
1775447870792,key-14,1744
1775447870793,key-49,9578
1775447870795,key-36,996
1775447870798,key-39,172
1775447870798,key-12,2069
1775447870799,key-49,9584
1775447870801,key-50,5765
1775447870802,key-12,2073
1775447870802,key-6,1412
1775447870802,key-19,5814
1775447870804,key-50,5768
1775447870806,key-27,6830
1775447870807,key-12,2078
1775447870807,key-43,3483
1775447870809,key-30,4215
1775447870810,key-8,1225
1775447870811,key-8,1226
1775447870815,key-36,1016
1775447870815,key-30,4221
1775447870815,key-19,5827
1775447870816,key-12,2087
1775447870816,key-12,2087
1775447870817,key-22,254
1775447870817,key-3,4168
1775447870819,key-27,6843
1775447870820,key-21,562
1775447870821,key-8,1236
1775447870824,key-26,1791
1775447870826,key-30,4232
1775447870829,key-5,1959
1775447870829,key-2,620
1775447870831,key-7,1561
1775447870831,key-22,268
1775447870832,key-30,4238
1775447870834,key-39,208
1775447870835,key-50,5799
1775447870836,key-22,273
1775447870837,key-30,4243
1775447870839,key-15,203
1775447870840,key-2,631
1775447870841,key-46,2643
1775447870841,key-12,2112
1775447870842,key-22,279
1775447870842,key-6,1452
1775447870843,key-22,280
1775447870850,key-15,214
1775447870851,key-36,1052
1775447870854,key-12,2125
1775447870854,key-2,645
1775447870855,key-33,531
1775447870857,key-33,533
1775447870858,key-43,3534
1775447870860,key-48,893
1775447870860,key-13,4566
1775447870862,key-42,1210
1775447870865,key-23,1514
1775447870867,key-12,2138
1775447870870,key-50,5834
1775447870871,key-50,5835
1775447870872,key-48,905
1775447870872,key-40,8242
1775447870877,key-21,619
1775447870880,key-22,317
1775447870883,key-44,2295
1775447870885,key-28,1942
1775447870886,key-9,516
1775447870886,key-22,323
1775447870888,key-21,630
1775447870888,key-15,252
1775447870889,key-38,1446
1775447870889,key-44,2301
1775447870890,key-23,1539
1775447870891,key-50,5855
1775447870893,key-27,6917
1775447870893,key-26,1860
1775447870894,key-12,2165
1775447870897,key-44,2309
1775447870898,key-40,8268
1775447870902,key-12,2173
1775447870905,key-22,342
1775447870905,key-14,1857
1775447870907,key-36,1108
1775447870907,key-19,5919
1775447870908,key-33,584
1775447870908,key-36,1109
1775447870908,key-35,3253
1775447870909,key-14,1861
1775447870911,key-15,275
1775447870913,key-14,1865
1775447870914,key-30,4320
1775447870914,key-22,351
1775447870914,key-19,5926
1775447870915,key-30,4321
1775447870916,key-27,6940
1775447870916,key-47,3550
1775447870917,key-8,1332
1775447870919,key-22,356
1775447870921,key-49,9706
1775447870923,key-19,5935
1775447870924,key-43,3600
1775447870924,key-36,1125
1775447870924,key-33,600
1775447870925,key-36,1126
1775447870932,key-36,1133
1775447870934,key-33,610
1775447870937,key-48,970
1775447870937,key-48,970
1775447870938,key-12,2209
1775447870939,key-42,1287
1775447870940,key-50,5904
1775447870942,key-12,2213
1775447870944,key-13,129
1775447870946,key-23,1595
1775447870956,key-30,4362
1775447870957,key-22,394
1775447870958,key-22,395
1775447870958,key-15,322
1775447870958,key-39,332
1775447870960,key-39,334
1775447870961,key-49,9746
1775447870961,key-50,5925
1775447870961,key-6,1571
1775447870963,key-22,400
1775447870964,key-33,640
1775447870965,key-14,1917
1775447870965,key-39,339
1775447870966,key-2,757
1775447870967,key-49,9752
1775447870967,key-15,331
1775447870968,key-3,4319
1775447870968,key-33,644
1775447870969,key-14,1921
1775447870980,key-13,165
1775447870980,key-42,1328
1775447870981,key-22,418
1775447870981,key-35,3326
1775447870983,key-33,659
1775447870984,key-9,614
1775447870985,key-12,2256
1775447870986,key-33,662
1775447870987,key-50,5951
1775447870988,key-33,664
1775447870989,key-18,78
1775447870991,key-33,667
1775447870992,key-14,1944
1775447870994,key-22,431
1775447870995,key-27,7019
1775447870996,key-33,672
1775447870997,key-49,9782
1775447870997,key-35,3342
1775447870998,key-36,1199
1775447870998,key-30,4404
1775447871009,key-44,2421
1775447871010,key-33,686
1775447871012,key-12,2283
1775447871013,key-26,1980
1775447871014,key-27,7038
1775447871015,key-5,2145
1775447871017,key-48,1050
1775447871025,key-31,1181
1775447871025,key-13,210
1775447871028,key-35,3373
1775447871031,key-12,2302
1775447871034,key-27,7058
1775447871034,key-27,7058
1775447871034,key-21,776
1775447871035,key-18,124
1775447871035,key-6,1645
1775447871036,key-31,1192
1775447871037,key-25,5359
1775447871037,key-8,1452
1775447871039,key-6,1649
1775447871040,key-11,83
1775447871040,key-33,716
1775447871041,key-2,832
1775447871041,key-39,415
1775447871041,key-42,1389
1775447871041,key-47,3675
1775447871042,key-22,479
1775447871043,key-50,6007
1775447871044,key-26,2011
1775447871045,key-49,9830
1775447871047,key-24,4133
1775447871049,key-47,3683
1775447871049,key-22,486
1775447871053,key-42,1401
1775447871055,key-27,7079
1775447871057,key-50,6021
1775447871058,key-9,688
1775447871060,key-35,3405
1775447871060,key-48,1093
1775447871062,key-36,1263
1775447871063,key-49,9848
1775447871063,key-47,3697
1775447871065,key-33,741
1775447871065,key-27,7089
1775447871065,key-33,741
1775447871066,key-14,2018
1775447871066,key-48,1099
1775447871069,key-11,112
1775447871070,key-31,1226
1775447871077,key-30,4483
1775447871078,key-18,167
1775447871080,key-33,756
1775447871081,key-12,2352
1775447871081,key-12,2352
1775447871081,key-50,6045
1775447871083,key-33,759
1775447871084,key-12,2355
1775447871084,key-13,269
1775447871089,key-49,9874
1775447871090,key-22,527
1775447871092,key-33,768
1775447871092,key-2,883
1775447871093,key-35,3438
1775447871093,key-22,530
1775447871093,key-33,769
1775447871093,key-39,467
1775447871094,key-36,1295
1775447871095,key-13,280
1775447871097,key-11,140
1775447871098,key-15,462
1775447871098,key-14,2050
1775447871099,key-50,6063
1775447871101,key-22,538
1775447871102,key-33,778
1775447871104,key-42,1452
1775447871105,key-12,2376
1775447871106,key-31,1262
1775447871106,key-49,9891
1775447871108,key-6,1718
1775447871110,key-49,9895
1775447871111,key-33,787
1775447871116,key-22,553
1775447871117,key-9,747
1775447871117,key-49,9902
1775447871117,key-24,4203
1775447871117,key-42,1465
1775447871118,key-33,794
1775447871118,key-33,794
1775447871127,key-35,3472
1775447871127,key-33,803
1775447871130,key-22,567
1775447871131,key-30,4537
1775447871132,key-8,1547
1775447871132,key-38,1689
1775447871133,key-35,3478
1775447871133,key-46,2935
1775447871134,key-50,6098
1775447871135,key-30,4541
1775447871136,key-33,812
1775447871137,key-47,3771
1775447871141,key-25,5463
1775447871141,key-48,1174
1775447871143,key-13,328
1775447871148,key-49,9933
1775447871149,key-30,4555
1775447871149,key-22,586
1775447871150,key-22,587
1775447871152,key-27,7176
1775447871152,key-39,526
1775447871155,key-22,592
1775447871156,key-33,832
1775447871156,key-6,1766
1775447871156,key-42,1504
1775447871156,key-8,1571
1775447871157,key-2,948
1775447871162,key-9,792
1775447871162,key-47,3796
1775447871163,key-50,6127
1775447871165,key-14,2117
1775447871170,key-42,1518
1775447871170,key-22,607
1775447871173,key-35,3518
1775447871173,key-6,1783
1775447871173,key-22,610
1775447871174,key-33,850
1775447871174,key-46,2976
1775447871174,key-26,2141
1775447871177,key-49,9962
1775447871177,key-49,9962
1775447871179,key-50,6143
1775447871179,key-42,1527
1775447871179,key-50,6143
1775447871179,key-22,616
1775447871182,key-33,858
1775447871183,key-24,4269
1775447871184,key-33,860
1775447871185,key-35,3530
1775447871187,key-39,561
1775447871191,key-42,1539
1775447871193,key-40,8563
1775447871194,key-31,104
1775447871197,key-11,240
1775447871199,key-50,6163
1775447871200,key-33,876
1775447871201,key-48,1234
1775447871202,key-33,878
1775447871203,key-49,9988
1775447871207,key-27,7231
1775447871207,key-33,883
1775447871208,key-46,3010
1775447871208,key-50,6172
1775447871209,key-30,4615
1775447871210,key-2,1001
1775447871213,key-39,587
1775447871218,key-42,1566
1775447871221,key-15,585
1775447871222,key-25,124
1775447871223,key-22,660
1775447871224,key-8,1639
1775447871225,key-50,6189
1775447871227,key-39,601
1775447871228,key-15,592
1775447871234,key-47,3868
1775447871235,key-35,3580
1775447871236,key-8,1651
1775447871236,key-24,4322
1775447871239,key-35,3584
1775447871239,key-44,2651
1775447871239,key-24,4325
1775447871239,key-42,1587
1775447871240,key-8,1655
1775447871240,key-2,1031
1775447871241,key-44,2653
1775447871243,key-14,2195
1775447871243,key-42,1591
1775447871243,key-49,10028
1775447871245,key-35,3590
1775447871245,key-22,682
1775447871246,key-50,6210
1775447871246,key-42,1594
1775447871246,key-25,148
1775447871248,key-6,1858
1775447871249,key-46,3051
1775447871249,key-30,4655
1775447871249,key-24,4335
1775447871254,key-8,1669
1775447871254,key-35,3599
1775447871254,key-13,439
1775447871254,key-42,1602
1775447871254,key-46,3056
1775447871255,key-6,1865
1775447871255,key-33,931
1775447871255,key-33,931
1775447871256,key-42,1604
1775447871260,key-46,3062
1775447871261,key-44,2673
1775447871261,key-6,1871
1775447871261,key-48,1294
1775447871263,key-33,939
1775447871266,key-50,6230
1775447871268,key-33,944
1775447871270,key-22,707
1775447871272,key-3,4623
1775447871274,key-46,3076
1775447871274,key-49,10059
1775447871276,key-11,319
1775447871277,key-42,1625
1775447871277,key-26,2244
1775447871279,key-25,181
1775447871279,key-47,3913
1775447871280,key-22,717
1775447871280,key-30,4686
1775447871282,key-39,656
1775447871282,key-50,6246
1775447871283,key-39,657
1775447871286,key-9,125
1775447871289,key-35,3634
1775447871290,key-30,4696
1775447871291,key-39,665
1775447871295,key-50,6259
1775447871298,key-26,2265
1775447871300,key-31,210
1775447871305,key-42,1653
1775447871307,key-42,66
1775447871307,key-14,2259
1775447871307,key-14,2259
1775447871309,key-35,3654
1775447871311,key-50,6275
1775447871312,key-39,686
1775447871312,key-36,1513
1775447871313,key-19,6325
1775447871314,key-33,990
1775447871316,key-42,1664
1775447871316,key-8,1731
1775447871318,key-2,1109
1775447871319,key-6,1929
1775447871319,key-7,2049
1775447871320,key-30,4726
1775447871322,key-33,998
1775447871323,key-31,233
1775447871323,key-12,2594
1775447871327,key-44,2739
1775447871330,key-42,89
1775447871330,key-42,1678
1775447871331,key-49,10116
1775447871331,key-43,4007
1775447871331,key-47,3965
1775447871331,key-15,695
1775447871332,key-11,375
1775447871333,key-48,1366
1775447871336,key-3,4687
1775447871336,key-33,1012
1775447871337,key-39,711
1775447871337,key-6,1947
1775447871337,key-50,6301
1775447871339,key-49,10124
1775447871339,key-30,4745
1775447871340,key-32,6002
1775447871340,key-26,2307
1775447871345,key-25,247
1775447871345,key-22,782
1775447871348,key-29,4035
1775447871349,key-35,3694
1775447871349,key-42,108
1775447871349,key-2,1140
1775447871350,key-42,109
1775447871351,key-35,3696
1775447871352,key-42,111
1775447871355,key-46,3157
1775447871357,key-36,1558
1775447871363,key-48,1396
1775447871363,key-42,122
1775447871367,key-31,277
1775447871367,key-14,2319
1775447871367,key-33,1043
1775447871369,key-39,743
1775447871369,key-8,1784
1775447871369,key-19,6381
1775447871369,key-46,3171
1775447871370,key-31,280
1775447871370,key-46,3172
1775447871370,key-8,1785
1775447871370,key-38,1927
1775447871371,key-6,1981
1775447871371,key-6,1981
1775447871373,key-31,283
1775447871373,key-35,3718
1775447871374,key-30,4780
1775447871374,key-6,1984
1775447871377,key-50,6341
1775447871377,key-12,2648
1775447871380,key-38,1937
1775447871381,key-13,566
1775447871381,key-33,1057
1775447871381,key-46,3183
1775447871384,key-33,1060
1775447871384,key-47,4018
1775447871386,key-19,6398
1775447871386,key-12,2657
1775447871387,key-26,2354
1775447871389,key-33,1065
1775447871390,key-47,4024
1775447871390,key-50,6354
1775447871390,key-33,1066
1775447871395,key-48,1428
1775447871395,key-48,1428
1775447871395,key-49,10180
1775447871396,key-39,770
1775447871396,key-42,155
1775447871399,key-42,158
1775447871400,key-21,1142
1775447871401,key-49,10186
1775447871402,key-24,4488
1775447871402,key-36,1603
1775447871403,key-30,4809
1775447871403,key-26,2370
1775447871403,key-29,4090
1775447871406,key-30,4812
1775447871407,key-2,1198
1775447871408,key-46,3210
1775447871408,key-41,5770
1775447871411,key-30,4817
1775447871416,key-31,326
1775447871417,key-50,6381
1775447871417,key-25,319
1775447871418,key-42,177
1775447871421,key-39,795
1775447871422,key-35,3767
1775447871425,key-2,1216
1775447871426,key-46,3228
1775447871428,key-42,187
1775447871431,key-30,4837
1775447871435,key-33,1111
1775447871438,key-42,197
1775447871439,key-22,876
1775447871440,key-33,1116
1775447871440,key-42,199
1775447871441,key-8,1856
1775447871441,key-47,4075
1775447871447,key-8,1862
1775447871448,key-42,207
1775447871448,key-48,1481
1775447871448,key-18,537
1775447871448,key-6,2058
1775447871452,key-33,1128
1775447871455,key-48,1488
1775447871456,key-12,2727
1775447871460,key-19,6472
1775447871460,key-18,549
1775447871461,key-35,3806
1775447871461,key-24,4547
1775447871463,key-36,1664
1775447871463,key-39,837
1775447871463,key-42,222
1775447871463,key-46,3265
1775447871464,key-24,4550
1775447871466,key-49,10251
1775447871467,key-33,1143
1775447871467,key-42,226
1775447871468,key-38,112
1775447871468,key-43,4144
1775447871469,key-35,3814
1775447871470,key-46,3272
1775447871472,key-48,1505
1775447871472,key-2,1263
1775447871472,key-23,2121
1775447871473,key-2,1264
1775447871478,key-40,8848
1775447871478,key-31,388
1775447871478,key-31,388
1775447871479,key-49,10264
1775447871481,key-46,3283
1775447871483,key-46,3285
1775447871483,key-26,2450
1775447871483,key-27,7507
1775447871484,key-25,386
1775447871484,key-14,2436
1775447871485,key-21,1227
1775447871486,key-35,3831
1775447871487,key-49,10272
1775447871488,key-40,8858
1775447871489,key-47,4123
1775447871489,key-46,3291
1775447871491,key-35,3836
1775447871491,key-33,1167
1775447871492,key-30,4898
1775447871496,key-30,4902
1775447871497,key-30,4903
1775447871499,key-33,1175
1775447871500,key-46,3302
1775447871501,key-8,1916
1775447871503,key-9,342
1775447871503,key-18,592
1775447871503,key-46,3305
1775447871507,key-14,2459
1775447871507,key-33,1183
1775447871507,key-11,550
1775447871509,key-42,268
1775447871509,key-26,2476
1775447871510,key-21,1252
1775447871511,key-48,1544
1775447871514,key-36,1715
1775447871518,key-42,277
1775447871519,key-48,1552
1775447871520,key-33,1196
1775447871521,key-25,423
1775447871522,key-30,4928
1775447871522,key-49,10307
1775447871529,key-31,439
1775447871531,key-41,5893
1775447871531,key-21,1273
1775447871532,key-23,2181
1775447871535,key-30,4941
1775447871535,key-42,294
1775447871535,key-33,1211
1775447871536,key-35,3881
1775447871538,key-35,3883
1775447871539,key-21,1281
1775447871540,key-48,1573
1775447871542,key-42,301
1775447871543,key-40,8913
1775447871544,key-31,454
1775447871545,key-49,10330
1775447871548,key-46,3350
1775447871549,key-31,459
1775447871551,key-46,3353
1775447871551,key-30,4957
1775447871551,key-30,4957
1775447871552,key-25,454
1775447871553,key-42,312
1775447871553,key-42,312
1775447871553,key-33,1229
1775447871554,key-18,643
1775447871554,key-32,6216
1775447871555,key-33,1231
1775447871559,key-30,4965
1775447871561,key-30,4967
1775447871563,key-8,1978
1775447871566,key-33,1242
1775447871566,key-39,940
1775447871567,key-21,1309
1775447871568,key-46,3370
1775447871568,key-36,1769
1775447871569,key-15,933
1775447871570,key-42,329
1775447871572,key-33,1248
1775447871573,key-25,475
1775447871575,key-44,2987
1775447871575,key-33,1251
1775447871575,key-11,618
1775447871579,key-48,1612
1775447871580,key-18,669
1775447871580,key-48,1613
1775447871580,key-46,3382
1775447871580,key-36,1781
1775447871581,key-36,1782
1775447871585,key-40,8955
1775447871585,key-48,1618
1775447871586,key-47,4220
1775447871586,key-26,2553
1775447871586,key-23,2235
1775447871588,key-14,2540
1775447871588,key-46,3390
1775447871588,key-30,4994
1775447871591,key-31,501
1775447871593,key-47,4227
1775447871594,key-48,1627
1775447871594,key-36,1795
1775447871595,key-33,1271
1775447871598,key-21,1340
1775447871600,key-40,8970
1775447871604,key-21,1346
1775447871604,key-31,514
1775447871606,key-13,791
1775447871611,key-30,5017
1775447871611,key-46,3413
1775447871611,key-38,255
1775447871612,key-46,3414
1775447871614,key-33,1290
1775447871615,key-46,3417
1775447871615,key-14,2567
1775447871617,key-41,5979
1775447871617,key-8,2032
1775447871618,key-32,6280
1775447871619,key-8,2034
1775447871623,key-48,1656
1775447871623,key-39,997
1775447871623,key-30,5029
1775447871624,key-46,3426
1775447871624,key-24,4710
1775447871625,key-11,668
1775447871625,key-44,3037
1775447871626,key-30,5032
1775447871627,key-33,1303
1775447871628,key-2,1419
1775447871629,key-27,7653
1775447871630,key-33,1306
1775447871630,key-25,532
1775447871630,key-21,1372
1775447871632,key-2,1423
1775447871634,key-42,393
1775447871636,key-6,2246
1775447871638,key-30,5044
1775447871638,key-36,1839
1775447871639,key-38,283
1775447871640,key-33,1316
1775447871645,key-40,9015
1775447871647,key-41,6009
1775447871647,key-33,1323
1775447871649,key-21,1391
1775447871649,key-14,2601
1775447871650,key-23,2299
1775447871652,key-48,1685
1775447871653,key-32,6315
1775447871658,key-35,4003
1775447871659,key-40,9029
1775447871659,key-31,569
1775447871661,key-33,1337
1775447871663,key-48,1696
1775447871664,key-21,1406
1775447871666,key-23,2315
1775447871667,key-38,311
1775447871668,key-49,10453
1775447871670,key-46,3472
1775447871673,key-21,1415
1775447871674,key-30,5080
1775447871674,key-8,2089
1775447871674,key-32,6336
1775447871674,key-32,6336
1775447871675,key-6,2285
1775447871676,key-33,1352
1775447871676,key-36,1877
1775447871681,key-18,770
1775447871681,key-18,770
1775447871683,key-32,6345
1775447871683,key-21,1425
1775447871683,key-21,1425
1775447871683,key-11,726
1775447871690,key-18,779
1775447871690,key-48,1723
1775447871692,key-12,2963
1775447871693,key-42,452
1775447871693,key-44,3105
1775447871698,key-44,3110
1775447871702,key-36,1903
1775447871703,key-44,3115
1775447871703,key-47,4337
1775447871703,key-44,3115
1775447871705,key-38,349
1775447871705,key-40,9075
1775447871706,key-36,1907
1775447871706,key-48,1739
1775447871706,key-48,1739
1775447871706,key-48,1739
1775447871709,key-38,353
1775447871713,key-11,756
1775447871713,key-48,1746
1775447871714,key-23,2363
1775447871714,key-47,4348
1775447871715,key-31,625
1775447871715,key-47,4349
1775447871715,key-33,1391
1775447871717,key-31,627
1775447871719,key-3,5070
1775447871720,key-21,1462
1775447871720,key-47,4354
1775447871721,key-38,365
1775447871721,key-46,3523
1775447871721,key-30,5127
1775447871722,key-38,366
1775447871722,key-21,1464
1775447871724,key-47,4358
1775447871727,key-30,5133
1775447871728,key-19,6740
1775447871728,key-14,2680
1775447871729,key-44,3141
1775447871729,key-32,6391
1775447871731,key-46,3533
1775447871732,key-24,4818
1775447871732,key-44,3144
1775447871732,key-30,5138
1775447871732,key-21,1474
1775447871734,key-33,1410
1775447871736,key-33,1412
1775447871737,key-23,2386
1775447871740,key-33,1416
1775447871741,key-9,580
1775447871749,key-42,508
1775447871751,key-44,3163
1775447871751,key-32,6413
1775447871752,key-30,5158
1775447871754,key-32,6416
1775447871754,key-48,1787
1775447871755,key-42,514
1775447871755,key-50,6719
1775447871756,key-21,1498
1775447871757,key-44,3169
1775447871757,key-6,2367
1775447871765,key-42,524
1775447871767,key-2,1558
1775447871767,key-40,9137
1775447871768,key-3,5119
1775447871770,key-21,1512
1775447871770,key-33,1446
1775447871771,key-12,3042
1775447871771,key-48,1804
1775447871772,key-38,416
1775447871774,key-2,1565
1775447871775,key-36,1976
1775447871775,key-9,614
1775447871775,key-48,1808
1775447871778,key-21,1520
1775447871778,key-48,1811
1775447871778,key-48,1811
1775447871779,key-31,689
1775447871779,key-30,5185
1775447871784,key-40,9154
1775447871784,key-33,1460
1775447871789,key-30,5195
1775447871791,key-49,10576
1775447871791,key-21,1533
1775447871794,key-46,3596
1775447871796,key-18,885
1775447871802,key-42,561
1775447871802,key-11,845
1775447871805,key-21,1547
1775447871805,key-18,894
1775447871805,key-36,2006
1775447871805,key-32,6467
1775447871806,key-32,6468
1775447871806,key-44,3218
1775447871808,key-32,6470
1775447871811,key-6,2421
1775447871813,key-42,572
1775447871815,key-48,1848
1775447871817,key-44,3229
1775447871819,key-42,578
1775447871820,key-38,464
1775447871820,key-12,3091
1775447871823,key-48,1856
1775447871823,key-40,9193
1775447871823,key-48,1856
1775447871825,key-38,469
1775447871825,key-38,469
1775447871826,key-48,1859
1775447871826,key-44,3238
1775447871826,key-13,1011
1775447871827,key-38,471
1775447871828,key-21,1570
1775447871828,key-47,4462
1775447871829,key-6,2439
1775447871829,key-30,5235
1775447871829,key-8,2244
1775447871831,key-23,2480
1775447871835,key-21,1577
1775447871837,key-30,5243
1775447871837,key-47,4471
1775447871843,key-30,5249
1775447871844,key-35,4189
1775447871844,key-3,5195
1775447871846,key-21,1588
1775447871846,key-2,1637
1775447871847,key-49,10632
1775447871847,key-8,2262
1775447871848,key-19,6860
1775447871848,key-47,4482
1775447871850,key-38,494
1775447871852,key-28,2909
1775447871852,key-11,895
1775447871855,key-48,1888
1775447871856,key-24,4942
1775447871856,key-30,5262
1775447871856,key-19,6868
1775447871858,key-50,6822
1775447871859,key-44,3271
1775447871859,key-46,3661
1775447871860,key-32,6522
1775447871862,key-44,3274
1775447871866,key-32,6528
1775447871868,key-32,6530
1775447871868,key-30,5274
1775447871871,key-3,5222
1775447871872,key-44,3284
1775447871872,key-43,4548
1775447871872,key-44,3284
1775447871872,key-42,631
1775447871872,key-32,6534
1775447871873,key-44,3285
1775447871873,key-42,632
1775447871878,key-21,1620
1775447871879,key-42,638
1775447871879,key-21,1621
1775447871881,key-30,5287
1775447871885,key-24,4971
1775447871886,key-33,1562
1775447871891,key-42,650
1775447871892,key-47,4526
1775447871892,key-30,5298
1775447871892,key-50,6856
1775447871892,key-38,536
1775447871894,key-13,1079
1775447871896,key-40,9266
1775447871898,key-21,1640
1775447871900,key-30,5306
1775447871901,key-21,1643
1775447871902,key-21,1644
1775447871904,key-46,3706
1775447871904,key-2,1695
1775447871904,key-48,1937
1775447871906,key-36,2107
1775447871907,key-21,1649
1775447871907,key-38,551
1775447871907,key-30,5313
1775447871907,key-3,5258
1775447871907,key-29,4594
1775447871908,key-21,1650
1775447871908,key-21,1650
1775447871911,key-3,5262
1775447871913,key-46,3715
1775447871914,key-50,6878
1775447871916,key-44,3328
1775447871917,key-39,1291
1775447871918,key-42,677
1775447871920,key-18,1009
1775447871922,key-21,1664
1775447871924,key-31,834
1775447871926,key-19,6938
1775447871926,key-43,4602
1775447871927,key-26,2894
1775447871927,key-32,6589
1775447871927,key-7,2657
1775447871929,key-47,4563
1775447871932,key-40,9302
1775447871935,key-19,6947
1775447871936,key-32,6598
1775447871937,key-48,1970
1775447871938,key-32,6600
1775447871938,key-44,3350
1775447871940,key-30,5346
1775447871941,key-41,6303
1775447871942,key-47,4576
1775447871943,key-2,1734
1775447871943,key-21,1685
1775447871945,key-30,5351
1775447871945,key-30,5351
1775447871946,key-48,1979
1775447871946,key-38,590
1775447871946,key-30,5352
1775447871951,key-30,5357
1775447871954,key-3,5305
1775447871963,key-2,1754
1775447871965,key-50,6929
1775447871965,key-32,6627
1775447871966,key-18,1055
1775447871966,key-30,5372
1775447871966,key-35,4311
1775447871966,key-19,6978
1775447871967,key-21,1709
1775447871970,key-21,1712
1775447871970,key-30,5376
1775447871971,key-3,5322
1775447871971,key-24,5057
1775447871974,key-21,1716
1775447871976,key-8,2391
1775447871978,key-32,6640
1775447871979,key-21,1721
1775447871980,key-48,2013
1775447871981,key-44,3393
1775447871996,key-42,755
1775447871996,key-21,1738
1775447871997,key-44,3409
1775447871997,key-21,1739
1775447871997,key-44,3409
1775447871997,key-3,5348
1775447871997,key-44,3409
1775447871997,key-40,9367
1775447871998,key-43,4674
1775447871998,key-46,3800
1775447871998,key-29,4685
1775447871998,key-12,3269
1775447871998,key-30,5404
1775447871998,key-3,5349
1775447871999,key-46,3801
1775447871999,key-3,5350
1775447871999,key-30,5405
1775447872000,key-24,5086
1775447872000,key-48,2033
1775447872004,key-30,5410
1775447872005,key-24,5091
1775447872005,key-21,1747
1775447872006,key-22,1443
1775447872007,key-42,766
1775447872007,key-19,7019
1775447872007,key-30,5413
1775447872007,key-42,766
1775447872011,key-42,770
1775447872012,key-30,5418
1775447872013,key-38,657
1775447872014,key-2,1805
1775447872014,key-21,1756
1775447872014,key-21,1756
1775447872014,key-12,86
1775447872015,key-38,659
1775447872017,key-50,6981
1775447872018,key-2,1809
1775447872019,key-32,6681
1775447872019,key-2,1810
1775447872022,key-30,5428
1775447872022,key-21,1764
1775447872025,key-29,4712
1775447872028,key-38,672
1775447872030,key-21,1772
1775447872030,key-19,7042
1775447872032,key-21,1774
1775447872033,key-3,5384
1775447872033,key-21,1775
1775447872033,key-35,4378
1775447872033,key-30,5439
1775447872035,key-32,6697
1775447872039,key-42,798
1775447872039,key-47,4673
1775447872040,key-22,1477
1775447872041,key-2,1832
1775447872041,key-3,5392
1775447872043,key-18,1132
1775447872049,key-40,9419
1775447872052,key-12,124
1775447872053,key-2,1844
1775447872053,key-30,5459
1775447872053,key-42,812
1775447872053,key-49,10838
1775447872053,key-19,7065
1775447872054,key-30,5460
1775447872054,key-32,6716
1775447872054,key-21,1796
1775447872057,key-30,5463
1775447872060,key-22,1497
1775447872061,key-48,2094
1775447872062,key-47,4696
1775447872064,key-22,1501
1775447872066,key-21,1808
1775447872066,key-14,3018
1775447872067,key-50,7031
1775447872069,key-21,1811
1775447872069,key-8,2484
1775447872069,key-18,1158
1775447872071,key-24,5157
1775447872073,key-25,975
1775447872078,key-38,722
1775447872079,key-30,5485
1775447872079,key-38,723
1775447872081,key-8,2496
1775447872081,key-3,5432
1775447872083,key-19,7095
1775447872084,key-21,1826
1775447872084,key-32,6746
1775447872084,key-30,5490
1775447872089,key-50,7053
1775447872092,key-2,1883
1775447872097,key-2,1888
1775447872098,key-21,1840
1775447872098,key-21,1840
1775447872098,key-21,1840
1775447872100,key-32,6762
1775447872103,key-21,1845
1775447872104,key-30,5510
1775447872104,key-24,5190
1775447872105,key-22,1542
1775447872106,key-46,3908
1775447872107,key-43,4783
1775447872109,key-18,1198
1775447872109,key-30,5515
1775447872111,key-11,1154
1775447872111,key-2,1902
1775447872112,key-29,4799
1775447872114,key-30,5520
1775447872114,key-24,5200
1775447872119,key-21,1861
1775447872119,key-12,191
1775447872119,key-12,191
1775447872120,key-21,1862
1775447872122,key-2,1913
1775447872122,key-38,766
1775447872125,key-12,197
1775447872125,key-30,5531
1775447872125,key-21,1867
1775447872126,key-30,5532
1775447872129,key-2,1920
1775447872130,key-21,1872
1775447872130,key-38,774
1775447872131,key-19,7143
1775447872131,key-32,6793
1775447872132,key-5,3262
1775447872132,key-19,7144
1775447872132,key-21,1874
1775447872132,key-42,891
1775447872134,key-24,5220
1775447872136,key-30,5542
1775447872138,key-41,6500
1775447872143,key-7,2873
1775447872143,key-32,6805
1775447872145,key-36,2346
1775447872148,key-29,4835
1775447872149,key-30,5555
1775447872151,key-21,1893
1775447872151,key-3,5502
1775447872152,key-2,1943
1775447872152,key-21,1894
1775447872153,key-42,912
1775447872154,key-29,4841
1775447872159,key-42,918
1775447872159,key-35,4504
1775447872160,key-3,5511
1775447872160,key-21,1902
1775447872160,key-13,1345
1775447872161,key-42,920
1775447872161,key-47,4795
1775447872162,key-22,1599
1775447872165,key-50,7129
1775447872166,key-19,7178
1775447872166,key-22,1603
1775447872169,key-22,1606
1775447872170,key-41,6532
1775447872171,key-33,1847
1775447872172,key-21,1914
1775447872174,key-47,4808
1775447872177,key-47,4811
1775447872182,key-43,4858
1775447872182,key-47,4816
1775447872183,key-47,4817
1775447872186,key-30,5592
1775447872187,key-2,1978
1775447872188,key-12,260
1775447872189,key-21,1931
1775447872195,key-8,2610
1775447872196,key-32,6858
1775447872198,key-21,1940
1775447872200,key-25,1102
1775447872200,key-19,7212
1775447872201,key-21,1943
1775447872201,key-38,845
1775447872202,key-36,2403
1775447872203,key-24,5289
1775447872205,key-42,964
1775447872206,key-18,1295
1775447872207,key-2,1998
1775447872209,key-30,5615
1775447872209,key-14,3161
1775447872212,key-46,4014
1775447872213,key-41,6575
1775447872213,key-19,7225
1775447872216,key-26,3183
1775447872217,key-18,1306
1775447872220,key-43,4896
1775447872221,key-19,7233
1775447872222,key-50,7186
1775447872223,key-29,4910
1775447872225,key-21,1967
1775447872226,key-1,124
1775447872226,key-24,5312
1775447872226,key-21,1968
1775447872226,key-30,5632
1775447872228,key-9,1067
1775447872229,key-5,3359
1775447872230,key-21,1972
1775447872233,key-21,1975
1775447872234,key-30,5640
1775447872235,key-21,1977
1775447872237,key-30,5643
1775447872239,key-19,7251
1775447872239,key-47,4873
1775447872240,key-41,6602
1775447872241,key-38,885
1775447872241,key-11,1284
1775447872245,key-25,1147
1775447872248,key-27,8272
1775447872248,key-2,2039
1775447872248,key-2,2039
1775447872250,key-43,4926
1775447872251,key-38,895
1775447872253,key-30,5659
1775447872254,key-2,2045
1775447872254,key-5,3384
1775447872254,key-38,898
1775447872254,key-41,6616
1775447872255,key-12,327
1775447872258,key-21,2000
1775447872258,key-27,8282
1775447872258,key-47,4892
1775447872259,key-23,2908
1775447872259,key-30,5665
1775447872260,key-42,1019
1775447872261,key-21,2003
1775447872262,key-24,5348
1775447872262,key-5,3392
1775447872262,key-18,1351
1775447872263,key-44,3675
1775447872263,key-21,2005
1775447872265,key-41,6627
1775447872265,key-32,6927
1775447872266,key-35,4611
1775447872266,key-29,4953
1775447872269,key-21,2011
1775447872270,key-21,2012
1775447872272,key-3,5623
1775447872274,key-36,2475
1775447872277,key-42,1036
1775447872277,key-41,6639
1775447872279,key-3,5630
1775447872280,key-30,5686
1775447872280,key-2,2071
1775447872281,key-22,1718
1775447872282,key-21,2024
1775447872282,key-3,5633
1775447872282,key-19,7294
1775447872286,key-39,1660
1775447872286,key-43,4962
1775447872286,key-30,5692
1775447872286,key-29,4973
1775447872287,key-47,4921
1775447872290,key-47,4924
1775447872291,key-22,1728
1775447872295,key-33,1971
1775447872296,key-47,4930
1775447872296,key-21,2038
1775447872298,key-24,5384
1775447872298,key-30,5704
1775447872299,key-44,3711
1775447872303,key-21,2045
1775447872303,key-43,4979
1775447872306,key-41,6668
1775447872308,key-47,4942
1775447872310,key-2,2101
1775447872311,key-30,5717
1775447872312,key-2,2103
1775447872318,key-21,2060
1775447872320,key-27,8344
1775447872324,key-33,2000
1775447872324,key-21,2066
1775447872328,key-41,6690
1775447872330,key-19,7342
1775447872332,key-19,7344
1775447872333,key-21,2075
1775447872333,key-21,2075
1775447872336,key-29,5023
1775447872338,key-46,4140
1775447872341,key-44,3753
1775447872342,key-24,5428
1775447872342,key-43,5018
1775447872344,key-18,1433
1775447872344,key-1,242
1775447872349,key-47,4983
1775447872350,key-3,5701
1775447872351,key-21,2093
1775447872353,key-21,2095
1775447872354,key-41,6716
1775447872354,key-30,5760
1775447872354,key-39,1728
1775447872355,key-43,5031
1775447872357,key-22,1794
1775447872358,key-47,4992
1775447872359,key-43,5035
1775447872359,key-30,5765
1775447872362,key-43,5038
1775447872363,key-41,6725
1775447872366,key-30,5772
1775447872367,key-38,1011
1775447872369,key-36,2570
1775447872370,key-21,2112
1775447872371,key-50,7335
1775447872371,key-38,1015
1775447872371,key-30,5777
1775447872372,key-21,2114
1775447872372,key-3,5723
1775447872374,key-18,1463
1775447872375,key-21,2117
1775447872376,key-21,2118
1775447872378,key-28,3435
1775447872379,key-2,2170
1775447872380,key-15,108
1775447872380,key-5,3510
1775447872380,key-29,5067
1775447872384,key-30,5790
1775447872384,key-42,1143
1775447872385,key-3,5736
1775447872388,key-3,5739
1775447872390,key-43,5066
1775447872390,key-3,5741
1775447872392,key-7,3122
1775447872392,key-43,5068
1775447872393,key-2,2184
1775447872393,key-15,121
1775447872393,key-19,7405
1775447872394,key-47,5028
1775447872394,key-21,2136
1775447872394,key-2,2185
1775447872396,key-21,2138
1775447872397,key-30,5803
1775447872398,key-32,7060
1775447872401,key-19,7413
1775447872402,key-48,2435
1775447872402,key-30,5808
1775447872402,key-15,130
1775447872404,key-47,5038
1775447872406,key-47,5040
1775447872406,key-43,5082
1775447872408,key-19,7420
1775447872408,key-6,3018
1775447872413,key-43,5089
1775447872414,key-30,5820
1775447872415,key-47,5049
1775447872415,key-39,1789
1775447872417,key-41,6779
1775447872419,key-44,3831
1775447872419,key-3,5770
1775447872420,key-49,11205
1775447872423,key-21,2165
1775447872425,key-47,5059
1775447872425,key-43,5101
1775447872428,key-23,3077
1775447872428,key-21,2170
1775447872433,key-15,161
1775447872433,key-21,2175
1775447872433,key-43,5109
1775447872433,key-24,5519
1775447872434,key-19,7446
1775447872435,key-2,2226
1775447872435,key-43,5111
1775447872437,key-9,1276
1775447872438,key-2,2229
1775447872439,key-1,337
1775447872439,key-29,5126
1775447872439,key-41,6801
1775447872440,key-41,6802
1775447872443,key-46,4245
1775447872443,key-2,2234
1775447872445,key-41,6807
1775447872447,key-26,3414
1775447872449,key-3,5800
1775447872450,key-2,2241
1775447872455,key-47,5089
1775447872457,key-25,1359
1775447872460,key-32,7122
1775447872464,key-21,2206
1775447872469,key-38,1113
1775447872471,key-24,5557
1775447872475,key-43,5151
1775447872475,key-22,1912
1775447872476,key-47,5110
1775447872479,key-8,2894
1775447872481,key-1,379
1775447872483,key-43,5159
1775447872483,key-2,2274
1775447872485,key-47,5119
1775447872485,key-2,2276
1775447872486,key-21,2228
1775447872490,key-8,2905
1775447872491,key-30,5897
1775447872491,key-46,4293
1775447872491,key-21,2233
1775447872492,key-43,5168
1775447872493,key-5,3623
1775447872493,key-21,2235
1775447872494,key-1,392
1775447872494,key-42,1253
1775447872495,key-8,2910
1775447872495,key-46,4297
1775447872496,key-23,3145
1775447872498,key-29,5185
1775447872499,key-46,4301
1775447872500,key-3,5851
1775447872502,key-2,2293
1775447872503,key-29,5190
1775447872504,key-2,2295
1775447872505,key-30,5911
1775447872506,key-30,5912
1775447872506,key-21,2248
1775447872506,key-43,5182
1775447872507,key-3,5858
1775447872507,key-43,5183
1775447872508,key-19,7520
1775447872510,key-30,5916
1775447872512,key-47,5146
1775447872513,key-1,411
1775447872515,key-43,5191
1775447872515,key-8,2930
1775447872517,key-47,5151
1775447872517,key-19,7529
1775447872519,key-25,1421
1775447872519,key-47,5153
1775447872520,key-41,6882
1775447872521,key-29,5208
1775447872522,key-2,2313
1775447872522,key-47,5156
1775447872522,key-6,3132
1775447872525,key-11,1568
1775447872529,key-47,5163
1775447872529,key-47,5163
1775447872532,key-43,5208
1775447872532,key-21,2274
1775447872538,key-43,5214
1775447872538,key-2,2329
1775447872538,key-3,5889
1775447872538,key-32,7200
1775447872542,key-44,3954
1775447872542,key-1,440
1775447872547,key-2,2338
1775447872547,key-43,5223
1775447872547,key-41,6909
1775447872548,key-8,2963
1775447872549,key-35,4894
1775447872551,key-21,2293
1775447872551,key-2,2342
1775447872551,key-9,1390
1775447872553,key-21,2295
1775447872553,key-19,7565
1775447872555,key-3,5906
1775447872559,key-19,7571
1775447872560,key-21,58
1775447872566,key-2,2357
1775447872567,key-2,2358
1775447872567,key-30,5973
1775447872567,key-19,7579
1775447872569,key-47,5203
1775447872569,key-43,5245
1775447872569,key-40,9939
1775447872570,key-21,2312
1775447872571,key-25,1473
1775447872571,key-9,1410
1775447872571,key-12,643
1775447872573,key-25,1475
1775447872580,key-2,2371
1775447872582,key-31,1492
1775447872583,key-47,5217
1775447872584,key-28,3641
1775447872586,key-47,5220
1775447872586,key-43,5262
1775447872589,key-2,2380
1775447872589,key-24,5675
1775447872590,key-32,7252
1775447872590,key-2,2381
1775447872593,key-21,2335
1775447872594,key-29,5281
1775447872595,key-3,5946
1775447872595,key-19,7607
1775447872597,key-44,4009
1775447872600,key-44,4012
1775447872601,key-49,11386
1775447872601,key-46,4403
1775447872603,key-23,3252
1775447872606,key-3,5957
1775447872608,key-5,3738
1775447872609,key-41,6971
1775447872609,key-28,3666
1775447872610,key-29,5297
1775447872610,key-42,1369
1775447872612,key-30,6018
1775447872612,key-2,2403
1775447872614,key-43,5290
1775447872614,key-43,5290
1775447872615,key-2,2406
1775447872615,key-13,1800
1775447872615,key-2,2406
1775447872620,key-32,7282
1775447872621,key-14,3573
1775447872621,key-30,6027
1775447872622,key-41,6984
1775447872622,key-19,7634
1775447872622,key-21,120
1775447872624,key-22,2061
1775447872624,key-25,1526
1775447872626,key-21,124
1775447872626,key-2,2417
1775447872627,key-6,3237
1775447872629,key-10,118
1775447872629,key-10,118
1775447872630,key-21,128
1775447872631,key-40,10001
1775447872631,key-19,7643
1775447872632,key-47,5266
1775447872633,key-43,5309
1775447872633,key-3,5984
1775447872633,key-41,6995
1775447872634,key-25,1536
1775447872637,key-19,7649
1775447872637,key-29,5324
1775447872638,key-36,2839
1775447872641,key-50,7605
1775447872641,key-29,5328
1775447872644,key-19,7656
1775447872644,key-32,7306
1775447872644,key-47,5278
1775447872644,key-21,142
1775447872646,key-47,5280
1775447872648,key-15,376
1775447872648,key-36,2849
1775447872650,key-10,139
1775447872652,key-43,5328
1775447872653,key-3,6004
1775447872654,key-2,2445
1775447872655,key-48,2688
1775447872656,key-44,4068
1775447872659,key-21,157
1775447872659,key-21,157
1775447872660,key-32,7322
1775447872661,key-8,3076
1775447872661,key-21,159
1775447872662,key-23,3311
1775447872662,key-32,7324
1775447872663,key-3,6014
1775447872668,key-1,566
1775447872669,key-41,7031
1775447872670,key-18,1759
1775447872671,key-10,160
1775447872674,key-43,5350
1775447872675,key-21,173
1775447872676,key-13,1861
1775447872679,key-2,2470
1775447872681,key-6,3291
1775447872681,key-1,579
1775447872681,key-25,1583
1775447872683,key-44,4095
1775447872683,key-22,2120
1775447872683,key-19,7695
1775447872683,key-19,7695
1775447872685,key-41,7047
1775447872685,key-2,2476
1775447872685,key-35,5030
1775447872686,key-44,4098
1775447872687,key-25,1589
1775447872688,key-10,177
1775447872689,key-6,3299
1775447872690,key-2,2481
1775447872690,key-10,179
1775447872691,key-6,3301
1775447872693,key-38,1337
1775447872694,key-25,1596
1775447872696,key-2,2487
1775447872698,key-19,7710
1775447872699,key-24,5785
1775447872700,key-29,5387
1775447872701,key-29,5388
1775447872703,key-24,5789
1775447872703,key-32,7365
1775447872704,key-3,6055
1775447872707,key-49,11492
1775447872707,key-43,5383
1775447872707,key-49,11492
1775447872707,key-48,2740
1775447872708,key-23,3357
1775447872708,key-31,1618
1775447872712,key-32,7374
1775447872716,key-29,5403
1775447872717,key-28,3774
1775447872718,key-43,5394
1775447872720,key-47,5354
1775447872721,key-21,219
1775447872723,key-44,4135
1775447872725,key-8,3140
1775447872726,key-43,5402
1775447872729,key-33,2405
1775447872729,key-41,7091
1775447872739,key-18,1828
1775447872740,key-43,5416
1775447872742,key-6,3352
1775447872742,key-21,240
1775447872743,key-6,3353
1775447872744,key-3,6095
1775447872745,key-32,7407
1775447872748,key-6,3358
1775447872748,key-19,7760
1775447872749,key-21,247
1775447872749,key-2,2540
1775447872750,key-41,7112
1775447872751,key-25,1653
1775447872751,key-21,249
1775447872754,key-6,3364
1775447872754,key-29,5441
1775447872755,key-43,5431
1775447872755,key-29,5442
1775447872757,key-48,2790
1775447872758,key-19,7770
1775447872758,key-10,247
1775447872758,key-29,5445
1775447872758,key-47,5392
1775447872759,key-25,1661
1775447872761,key-25,1663
1775447872762,key-36,2963
1775447872763,key-43,5439
1775447872764,key-29,5451
1775447872771,key-32,7433
1775447872773,key-7,3503
1775447872774,key-2,2565
1775447872777,key-1,675
1775447872777,key-41,7139
1775447872777,key-23,3426
1775447872778,key-15,506
1775447872778,key-32,7440
1775447872779,key-44,4191
1775447872779,key-43,5455
1775447872779,key-41,7141
1775447872780,key-21,278
1775447872780,key-10,269
1775447872780,key-35,5125
1775447872781,key-32,7443
1775447872782,key-18,1871
1775447872787,key-28,3844
1775447872787,key-43,5463
1775447872787,key-23,3436
1775447872789,key-44,4201
1775447872790,key-32,7452
1775447872790,key-28,3847
1775447872794,key-18,1883
1775447872794,key-2,2585
1775447872796,key-48,2829
1775447872796,key-19,7808
1775447872796,key-22,136
1775447872796,key-14,3748
1775447872797,key-43,5473
1775447872799,key-38,1443
1775447872799,key-28,3856
1775447872800,key-1,698
1775447872802,key-2,2593
1775447872803,key-21,301
1775447872803,key-19,7815
1775447872804,key-6,3414
1775447872806,key-25,1708
1775447872806,key-2,2597
1775447872806,key-35,5151
1775447872808,key-41,7170
1775447872811,key-2,2602
1775447872811,key-25,1713
1775447872814,key-19,7826
1775447872818,key-29,5505
1775447872818,key-32,7480
1775447872819,key-44,4231
1775447872819,key-31,1729
1775447872822,key-43,5498
1775447872823,key-18,1912
1775447872823,key-13,2008
1775447872823,key-42,1582
1775447872824,key-2,2615
1775447872825,key-28,3882
1775447872825,key-48,2858
1775447872825,key-6,3435
1775447872832,key-1,730
1775447872834,key-27,8858
1775447872834,key-41,7196
1775447872836,key-32,7498
1775447872836,key-32,7498
1775447872836,key-10,325
1775447872841,key-38,1485
1775447872843,key-43,5519
1775447872845,key-30,6251
1775447872846,key-43,5522
1775447872847,key-41,7209
1775447872847,key-10,336
1775447872849,key-3,6200
1775447872850,key-21,348
1775447872850,key-47,5484
1775447872854,key-32,7516
1775447872859,key-43,5535
1775447872859,key-25,1761
1775447872861,key-32,7523
1775447872863,key-19,7875
1775447872866,key-25,1768
1775447872867,key-25,1769
1775447872867,key-2,90
1775447872867,key-19,7879
1775447872868,key-25,1770
1775447872869,key-38,1513
1775447872870,key-2,93
1775447872873,key-1,771
1775447872875,key-35,5220
1775447872876,key-10,365
1775447872877,key-15,605
1775447872877,key-29,5564
1775447872879,key-6,3489
1775447872882,key-32,7544
1775447872882,key-23,3531
1775447872885,key-1,783
1775447872885,key-29,5572
1775447872885,key-29,5572
1775447872886,key-15,614
1775447872887,key-21,385
1775447872887,key-41,7249
1775447872888,key-43,5564
1775447872888,key-10,377
1775447872894,key-42,1653
1775447872894,key-44,4306
1775447872894,key-42,1653
1775447872897,key-32,7559
1775447872897,key-32,7559
1775447872897,key-27,8921
1775447872899,key-43,5575
1775447872902,key-15,630
1775447872902,key-35,5247
1775447872903,key-43,5579
1775447872903,key-8,3318
1775447872903,key-32,7565
1775447872903,key-27,8927
1775447872904,key-35,5249
1775447872906,key-3,6257
1775447872907,key-21,405
1775447872907,key-43,5583
1775447872909,key-44,4321
1775447872910,key-23,3559
1775447872911,key-48,2944
1775447872912,key-5,4042
1775447872912,key-38,1556
1775447872912,key-41,7274
1775447872912,key-43,5588
1775447872913,key-2,136
1775447872914,key-41,7276
1775447872917,key-38,1561
1775447872918,key-41,7280
1775447872919,key-28,3976
1775447872919,key-6,3529
1775447872921,key-29,5608
1775447872924,key-36,3125
1775447872925,key-30,6331
1775447872925,key-44,4337
1775447872926,key-35,5271
1775447872927,key-5,4057
1775447872928,key-2,151
1775447872929,key-21,427
1775447872930,key-25,1832
1775447872930,key-9,1769
1775447872933,key-42,1692
1775447872933,key-11,1976
1775447872935,key-25,1837
1775447872939,key-12,1011
1775447872940,key-42,1699
1775447872941,key-41,7303
1775447872941,key-13,2126
1775447872941,key-41,7303
1775447872947,key-29,5634
1775447872948,key-13,2133
1775447872949,key-32,7611
1775447872951,key-6,3561
1775447872953,key-21,451
1775447872955,key-10,444
1775447872957,key-27,8981
1775447872962,key-47,5596
1775447872962,key-32,7624
1775447872962,key-38,1606
1775447872963,key-24,6049
1775447872965,key-31,1875
1775447872968,key-30,6374
1775447872970,key-19,7982
1775447872971,key-21,469
1775447872971,key-14,3923
1775447872973,key-28,4030
1775447872973,key-38,1617
1775447872975,key-30,6381
1775447872976,key-2,199
1775447872980,key-38,1624
1775447872980,key-27,9004
1775447872981,key-10,470
1775447872983,key-38,1627
1775447872983,key-41,7345
1775447872987,key-25,1889
1775447872988,key-6,3598
1775447872989,key-25,1891
1775447872989,key-46,4791
1775447872989,key-19,8001
1775447872990,key-15,718
1775447872992,key-6,3602
1775447872995,key-25,1897
1775447872995,key-2,218
1775447872996,key-15,724
1775447872998,key-42,1757
1775447873000,key-36,3201
1775447873001,key-21,499
1775447873001,key-9,1840
1775447873002,key-1,900
1775447873002,key-15,730
1775447873003,key-2,226
1775447873009,key-35,5354
1775447873012,key-11,2055
1775447873013,key-32,7675
1775447873013,key-44,4425
1775447873013,key-42,1772
1775447873013,key-21,511
1775447873013,key-2,236
1775447873014,key-42,1773
1775447873015,key-35,5360
1775447873016,key-43,5692
1775447873016,key-48,3049
1775447873016,key-32,7678
1775447873017,key-29,5704
1775447873019,key-38,1663
1775447873020,key-25,1922
1775447873021,key-50,7985
1775447873021,key-49,11806
1775447873023,key-13,2208
1775447873026,key-8,3441
1775447873026,key-27,9050
1775447873026,key-43,5702
1775447873027,key-31,1937
1775447873028,key-43,5704
1775447873031,key-6,3641
1775447873033,key-6,3643
1775447873034,key-36,3235
1775447873034,key-5,4164
1775447873040,key-6,3650
1775447873041,key-25,1943
1775447873042,key-49,11827
1775447873042,key-35,5387
1775447873043,key-42,1802
1775447873043,key-6,3653
1775447873044,key-19,8056
1775447873045,key-30,6451
1775447873047,key-2,270
1775447873048,key-11,2091
1775447873048,key-21,546
1775447873048,key-25,1950
1775447873048,key-28,4105
1775447873049,key-13,2234
1775447873049,key-25,1951
1775447873053,key-41,7415
1775447873055,key-44,4467
1775447873057,key-9,1896
1775447873059,key-42,1818
1775447873059,key-35,5404
1775447873060,key-29,5747
1775447873060,key-1,958
1775447873061,key-36,3262
1775447873065,key-9,1904
1775447873067,key-2,290
1775447873067,key-2,290
1775447873068,key-10,557
1775447873069,key-6,3679
1775447873069,key-36,3270
1775447873071,key-25,1973
1775447873071,key-42,1830
1775447873071,key-44,4483
1775447873072,key-36,3273
1775447873072,key-15,800
1775447873074,key-21,572
1775447873074,key-19,8086
1775447873074,key-6,3684
1775447873079,key-48,3112
1775447873080,key-1,978
1775447873082,key-38,1726
1775447873084,key-28,4141
1775447873086,key-43,5762
1775447873086,key-49,11871
1775447873087,key-31,1997
1775447873087,key-27,9111
1775447873089,key-22,429
1775447873089,key-38,1733
1775447873093,key-19,8105
1775447873098,key-49,11883
1775447873099,key-44,4511
1775447873099,key-35,5444
1775447873099,key-6,3709
1775447873099,key-38,1743
1775447873100,key-30,6506
1775447873106,key-28,4163
1775447873107,key-36,3308
1775447873108,key-10,597
1775447873110,key-9,1949
1775447873112,key-21,610
1775447873113,key-35,5458
1775447873118,key-21,616
1775447873119,key-32,7781
1775447873122,key-9,1961
1775447873123,key-21,621
1775447873123,key-48,3156
1775447873123,key-36,3324
1775447873125,key-15,853
1775447873125,key-50,8089
1775447873126,key-11,2169
1775447873127,key-19,8139
1775447873130,key-2,353
1775447873131,key-29,5818
1775447873131,key-50,8095
1775447873133,key-44,4545
1775447873135,key-6,3745
1775447873135,key-35,5480
1775447873136,key-30,6542
1775447873137,key-27,9161
1775447873137,key-10,626
1775447873137,key-28,4194
1775447873139,key-2,362
1775447873140,key-15,868
1775447873142,key-29,5829
1775447873144,key-8,3559
1775447873144,key-42,1903
1775447873145,key-31,2055
1775447873145,key-6,3755
1775447873149,key-25,2051
1775447873150,key-5,4280
1775447873150,key-8,3565
1775447873150,key-25,2052
1775447873151,key-5,4281
1775447873151,key-27,9175
1775447873153,key-28,4210
1775447873153,key-13,2338
1775447873153,key-28,4210
1775447873153,key-36,3354
1775447873154,key-11,2197
1775447873156,key-27,9180
1775447873157,key-6,3767
1775447873158,key-43,5834
1775447873160,key-8,3575
1775447873162,key-6,3772
1775447873162,key-35,5507
1775447873162,key-36,3363
1775447873163,key-49,11948
1775447873165,key-44,4577
1775447873166,key-48,3199
1775447873166,key-6,3776
1775447873166,key-8,3581
1775447873166,key-38,1810
1775447873167,key-49,11952
1775447873170,key-11,2213
1775447873173,key-6,3783
1775447873174,key-2,397
1775447873174,key-42,1933
1775447873174,key-30,6580
1775447873175,key-6,3785
1775447873179,key-36,3380
1775447873182,key-21,680
1775447873184,key-24,6270
1775447873184,key-42,1943
1775447873187,key-25,2089
1775447873189,key-15,917
1775447873190,key-9,2029
1775447873191,key-10,680
1775447873191,key-7,3921
1775447873191,key-36,3392
1775447873194,key-15,922
1775447873195,key-48,3228
1775447873195,key-15,923
1775447873196,key-15,924
1775447873197,key-19,8209
1775447873200,key-19,8212
1775447873204,key-27,9228
1775447873204,key-27,9228
1775447873205,key-43,5881
1775447873205,key-49,11990
1775447873208,key-38,1852
1775447873211,key-36,3412
1775447873211,key-6,3821
1775447873211,key-8,3626
1775447873212,key-27,9236
1775447873212,key-28,4269
1775447873212,key-15,940
1775447873218,key-35,5563
1775447873221,key-49,12006
1775447873222,key-35,5567
1775447873222,key-8,3637
1775447873224,key-28,4281
1775447873226,key-28,4283
1775447873226,key-38,1870
1775447873227,key-21,725
1775447873227,key-27,9251
1775447873229,key-42,1988
1775447873231,key-28,4288
1775447873240,key-21,738
1775447873241,key-8,3656
1775447873241,key-2,464
1775447873241,key-10,730
1775447873242,key-11,2285
1775447873242,key-48,3275
1775447873243,key-48,3276
1775447873244,key-6,3854
1775447873244,key-42,2003
1775447873245,key-5,4375
1775447873245,key-50,8209
1775447873246,key-15,974
1775447873246,key-8,3661
1775447873248,key-11,2291
1775447873248,key-48,3281
1775447873251,key-24,6337
1775447873252,key-14,4204
1775447873256,key-15,984
1775447873257,key-25,2159
1775447873257,key-29,5944
1775447873258,key-36,3459
1775447873258,key-10,747
1775447873259,key-25,2161
1775447873260,key-23,3909
1775447873260,key-42,2019
1775447873260,key-15,988
1775447873261,key-13,2446
1775447873262,key-27,9286
1775447873262,key-44,4674
1775447873263,key-12,1335
1775447873271,key-48,3304
1775447873272,key-40,10642
1775447873272,key-38,1916
1775447873273,key-6,3883
1775447873274,key-25,2176
1775447873275,key-13,2460
1775447873275,key-13,2460
1775447873276,key-11,2319
1775447873277,key-19,8289
1775447873277,key-38,1921
1775447873278,key-35,5623
1775447873281,key-35,5626
1775447873281,key-27,9305
1775447873282,key-44,4694
1775447873283,key-36,3484
1775447873284,key-49,12069
1775447873291,key-6,3901
1775447873292,key-33,2968
1775447873293,key-6,3903
1775447873294,key-36,3495
1775447873294,key-14,4246
1775447873295,key-38,1939
1775447873295,key-36,3496
1775447873296,key-8,3711
1775447873298,key-23,3947
1775447873298,key-41,7660
1775447873302,key-24,6388
1775447873302,key-15,1030
1775447873304,key-6,3914
1775447873306,key-49,12091
1775447873308,key-42,2067
1775447873308,key-12,1380
1775447873316,key-9,2155
1775447873316,key-25,2218
1775447873316,key-28,4373
1775447873320,key-12,1392
1775447873321,key-24,6407
1775447873321,key-28,4378
1775447873321,key-38,1965
1775447873322,key-23,3971
1775447873323,key-15,1051
1775447873325,key-40,10695
1775447873325,key-27,9349
1775447873327,key-10,816
1775447873327,key-15,1055
1775447873328,key-6,3938
1775447873328,key-44,4740
1775447873328,key-19,8340
1775447873329,key-13,2514
1775447873331,key-6,3941
1775447873331,key-11,2374
1775447873331,key-36,3532
1775447873332,key-18,2421
1775447873334,key-30,57
1775447873334,key-42,2093
1775447873335,key-40,10705
1775447873335,key-12,1407
1775447873335,key-28,4392
1775447873337,key-49,12122
1775447873338,key-14,4290
1775447873338,key-35,5683
1775447873342,key-36,3543
1775447873346,key-49,12131
1775447873346,key-39,433
1775447873346,key-38,1990
1775447873347,key-6,3957
1775447873348,key-35,5693
1775447873355,key-10,844
1775447873356,key-8,3771
1775447873356,key-44,4768
1775447873357,key-14,4309
1775447873357,key-28,4414
1775447873357,key-14,4309
1775447873359,key-14,4311
1775447873359,key-6,3969
1775447873360,key-35,5705
1775447873360,key-24,6446
1775447873361,key-15,1089
1775447873361,key-35,5706
1775447873362,key-42,2121
1775447873362,key-39,449
1775447873363,key-33,3039
1775447873365,key-29,6052
1775447873366,key-36,3567
1775447873366,key-24,6452
1775447873370,key-48,3403
1775447873372,key-23,4021
1775447873372,key-23,4021
1775447873373,key-27,9397
1775447873375,key-15,1103
1775447873375,key-27,9399
1775447873377,key-15,1105
1775447873379,key-12,1451
1775447873380,key-25,2282
1775447873380,key-28,4437
1775447873380,key-27,9404
1775447873380,key-13,2565
1775447873384,key-27,9408
1775447873389,key-44,4801
1775447873389,key-35,5734
1775447873390,key-3,6741
1775447873392,key-40,10762
1775447873393,key-6,4003
1775447873393,key-28,4450
1775447873394,key-11,2437
1775447873396,key-1,1294
1775447873397,key-19,8409
1775447873397,key-27,9421
1775447873399,key-25,2301
1775447873400,key-11,2443
1775447873408,key-30,131
1775447873410,key-6,4020
1775447873411,key-6,4021
1775447873411,key-9,2250
1775447873412,key-14,4364
1775447873413,key-13,2598
1775447873415,key-27,9439
1775447873417,key-39,504
1775447873417,key-35,5762
1775447873419,key-14,4371
1775447873419,key-38,2063
1775447873421,key-6,4031
1775447873421,key-47,6055
1775447873423,key-8,3838
1775447873423,key-25,2325
1775447873424,key-6,4034
1775447873424,key-48,104
1775447873426,key-6,4036
1775447873431,key-46,71
1775447873432,key-12,1504
1775447873432,key-9,2271
1775447873434,key-12,1506
1775447873435,key-12,1507
1775447873440,key-7,4170
1775447873440,key-30,163
1775447873440,key-27,9464
1775447873444,key-30,167
1775447873445,key-15,1173
1775447873446,key-35,5791
1775447873446,key-30,169
1775447873450,key-44,4862
1775447873450,key-13,2635
1775447873455,key-6,4065
1775447873455,key-42,2214
1775447873455,key-42,2214
1775447873460,key-36,3661
1775447873462,key-13,2647
1775447873462,key-11,2505
1775447873462,key-35,5807
1775447873463,key-36,3664
1775447873463,key-49,12248
1775447873463,key-35,5808
1775447873463,key-39,550
1775447873465,key-30,188
1775447873465,key-14,4417
1775447873466,key-35,5811
1775447873466,key-28,4523
1775447873466,key-38,2110
1775447873467,key-40,10837
1775447873471,key-25,2373
1775447873472,key-44,4884
1775447873472,key-14,4424
1775447873472,key-27,9496
1775447873472,key-6,4082
1775447873473,key-35,5818
1775447873478,key-6,4088
1775447873478,key-19,8490
1775447873480,key-3,6831
1775447873480,key-6,69
1775447873482,key-24,6568
1775447873486,key-35,5831
1775447873487,key-36,3688
1775447873487,key-27,9511
1775447873487,key-6,76
1775447873491,key-39,578
1775447873492,key-27,9516
1775447873493,key-12,1565
1775447873493,key-6,4103
1775447873493,key-13,2678
1775447873494,key-48,174
1775447873495,key-23,4144
1775447873495,key-12,1567
1775447873497,key-28,4554
1775447873497,key-21,995
1775447873497,key-29,6184
1775447873498,key-48,178
1775447873498,key-44,4910
1775447873498,key-27,9522
1775447873501,key-25,2403
1775447873501,key-12,1573
1775447873505,key-44,4917
1775447873505,key-46,145
1775447873506,key-35,5851
1775447873506,key-40,10876
1775447873508,key-27,9532
1775447873509,key-9,2348
1775447873513,key-27,9537
1775447873514,key-15,1242
1775447873514,key-1,1412
1775447873516,key-11,2559
1775447873518,key-32,8180
1775447873523,key-23,4172
1775447873523,key-48,203
1775447873523,key-6,112
1775447873524,key-40,10894
1775447873524,key-47,6158
1775447873525,key-13,2710
1775447873530,key-6,119
1775447873531,key-43,6207
1775447873535,key-6,124
1775447873540,key-12,1612
1775447873541,key-14,4493
1775447873541,key-11,2584
1775447873541,key-8,3956
1775447873544,key-6,133
1775447873546,key-28,4603
1775447873547,key-6,136
1775447873547,key-19,8559
1775447873548,key-27,9572
1775447873548,key-12,1620
1775447873548,key-32,8210
1775447873549,key-27,9573
1775447873549,key-8,3964
1775447873549,key-41,7911
1775447873551,key-27,9575
1775447873551,key-48,231
1775447873551,key-27,9575
1775447873551,key-6,140
1775447873551,key-36,3752
1775447873555,key-15,1283
1775447873556,key-30,279
1775447873560,key-6,149
1775447873560,key-12,1632
1775447873562,key-15,1290
1775447873565,key-38,2209
1775447873567,key-25,2469
1775447873567,key-31,2477
1775447873568,key-29,6255
1775447873571,key-48,251
1775447873571,key-27,9595
1775447873572,key-40,10942
1775447873572,key-12,1644
1775447873573,key-40,10943
1775447873575,key-27,9599
1775447873575,key-35,5920
1775447873576,key-44,4988
1775447873576,key-25,2478
1775447873576,key-27,9600
1775447873577,key-40,10947
1775447873577,key-11,2620
1775447873579,key-38,2223
1775447873579,key-23,4228
1775447873580,key-35,5925
1775447873580,key-25,2482
1775447873581,key-35,5926
1775447873582,key-40,10952
1775447873583,key-48,263
1775447873585,key-14,4537
1775447873586,key-28,4643
1775447873588,key-11,2631
1775447873589,key-49,12374
1775447873590,key-3,6941
1775447873591,key-35,5936
1775447873594,key-7,4324
1775447873595,key-24,6681
1775447873597,key-13,2782
1775447873599,key-1,1497
1775447873599,key-11,2642
1775447873601,key-10,1090
1775447873601,key-29,6288
1775447873602,key-6,191
1775447873608,key-5,4738
1775447873608,key-36,3809
1775447873608,key-10,1097
1775447873608,key-25,2510
1775447873608,key-32,8270
1775447873610,key-6,199
1775447873610,key-21,1108
1775447873613,key-8,4028
1775447873614,key-25,2516
1775447873614,key-15,1342
1775447873614,key-40,10984
1775447873614,key-21,1112
1775447873615,key-11,2658
1775447873618,key-28,4675
1775447873619,key-47,6253
1775447873622,key-33,3298
1775447873623,key-42,2382
1775447873624,key-6,213
1775447873626,key-1,1524
1775447873627,key-32,8289
1775447873628,key-27,9652
1775447873629,key-15,1357
1775447873629,key-30,352
1775447873631,key-26,4598
1775447873632,key-12,1704
1775447873632,key-27,9656
1775447873633,key-15,1361
1775447873634,key-1,1532
1775447873634,key-40,11004
1775447873635,key-40,11005
1775447873637,key-44,5049
1775447873638,key-6,227
1775447873640,key-50,8604
1775447873640,key-27,9664
1775447873640,key-38,2284
1775447873642,key-18,2731
1775447873643,key-9,2482
1775447873644,key-40,11014
1775447873645,key-11,2688
1775447873647,key-47,6281
1775447873648,key-23,4297
1775447873649,key-13,2834
1775447873650,key-35,5995
1775447873652,key-50,8616
1775447873654,key-6,243
1775447873660,key-14,4612
1775447873661,key-3,7012
1775447873663,key-32,8325
1775447873665,key-6,254
1775447873667,key-22,1007
1775447873668,key-12,1740
1775447873669,key-36,3870
1775447873669,key-41,8031
1775447873670,key-48,350
1775447873672,key-32,8334
1775447873673,key-10,1162
1775447873675,key-29,6362
1775447873682,key-10,1171
1775447873683,key-36,3884
1775447873684,key-6,273
1775447873685,key-15,1413
1775447873686,key-25,2588
1775447873687,key-1,1585
1775447873688,key-10,1177
1775447873688,key-25,2590
1775447873688,key-48,368
1775447873690,key-27,9714
1775447873690,key-40,11060
1775447873693,key-27,9717
1775447873694,key-38,2338
1775447873696,key-40,11066
1775447873696,key-7,4426
1775447873699,key-23,4348
1775447873700,key-28,4757
1775447873700,key-44,5112
1775447873701,key-40,11071
1775447873701,key-3,7052
1775447873703,key-50,8667
1775447873704,key-1,1602
1775447873706,key-49,12491
1775447873706,key-29,6393
1775447873707,key-38,2351
1775447873710,key-38,2354
1775447873711,key-43,6387
1775447873711,key-29,6398
1775447873711,key-21,1209
1775447873713,key-30,436
1775447873713,key-28,4770
1775447873713,key-13,2898
1775447873716,key-9,2555
1775447873719,key-14,4671
1775447873720,key-48,400
1775447873723,key-32,8385
1775447873726,key-10,1215
1775447873727,key-32,8389
1775447873727,key-48,407
1775447873728,key-21,1226
1775447873729,key-25,2631
1775447873729,key-13,2914
1775447873730,key-41,8092
1775447873733,key-28,4790
1775447873733,key-30,456
1775447873735,key-32,8397
1775447873736,key-32,8398
1775447873736,key-41,8098
1775447873736,key-42,2495
1775447873740,key-7,4470
1775447873740,key-1,1638
1775447873740,key-28,4797
1775447873742,key-47,6376
1775447873745,key-46,385
1775447873747,key-29,6434
1775447873752,key-40,11122
1775447873752,key-11,2795
1775447873752,key-40,11122
1775447873752,key-27,9776
1775447873753,key-27,9777
1775447873753,key-31,2663
1775447873753,key-40,11123
1775447873754,key-11,2797
1775447873755,key-47,6389
1775447873758,key-29,6445
1775447873760,key-50,8724
1775447873761,key-38,2405
1775447873761,key-11,2804
1775447873764,key-2,987
1775447873766,key-27,9790
1775447873768,key-29,6455
1775447873769,key-13,2954
1775447873771,key-28,4828
1775447873772,key-13,2957
1775447873772,key-21,1270
1775447873773,key-28,4830
1775447873776,key-47,6410
1775447873776,key-14,4728
1775447873776,key-40,11146
1775447873776,key-12,1848
1775447873779,key-44,153
1775447873779,key-32,8441
1775447873781,key-24,6867
1775447873782,key-6,371
1775447873784,key-29,6471
1775447873784,key-25,2686
1775447873786,key-32,8448
1775447873788,key-19,8800
1775447873788,key-36,3989
1775447873790,key-13,2975
1775447873792,key-41,8154
1775447873793,key-41,8155
1775447873794,key-32,8456
1775447873795,key-32,8457
1775447873797,key-10,1286
1775447873797,key-40,11167
1775447873798,key-28,4855
1775447873798,key-13,2983
1775447873800,key-27,9824
1775447873801,key-25,2703
1775447873803,key-47,6437
1775447873807,key-32,8469
1775447873807,key-21,1305
1775447873807,key-23,4456
1775447873808,key-30,531
1775447873810,key-1,1708
1775447873812,key-48,492
1775447873812,key-31,2722
1775447873813,key-27,9837
1775447873814,key-7,4544
1775447873815,key-23,4464
1775447873816,key-2,1039
1775447873819,key-38,2463
1775447873826,key-50,8790
1775447873828,key-47,6462
1775447873828,key-29,6515
1775447873830,key-28,4887
1775447873830,key-13,3015
1775447873831,key-50,8795
1775447873831,key-9,2670
1775447873833,key-11,2876
1775447873834,key-13,3019
1775447873834,key-13,3019
1775447873835,key-48,515
1775447873836,key-45,54
1775447873838,key-14,4790
1775447873840,key-29,6527
1775447873841,key-12,1913
1775447873841,key-32,8503
1775447873843,key-26,4810
1775447873844,key-12,1916
1775447873845,key-21,1343
1775447873845,key-44,219
1775447873845,key-25,2747
1775447873845,key-45,63
1775447873846,key-49,12631
1775447873848,key-31,2758
1775447873848,key-1,1746
1775447873849,key-30,572
1775447873849,key-32,8511
1775447873850,key-32,8512
1775447873852,key-41,8214
1775447873854,key-32,8516
1775447873857,key-32,8519
1775447873858,key-7,4588
1775447873863,key-5,4993
1775447873865,key-40,11235
1775447873865,key-13,3050
1775447873865,key-26,4832
1775447873867,key-2,1090
1775447873867,key-27,9891
1775447873869,key-50,8833
1775447873872,key-40,11242
1775447873874,key-27,9898
1775447873874,key-13,3059
1775447873877,key-2,1100
1775447873878,key-31,2788
1775447873878,key-8,4293
1775447873881,key-13,3066
1775447873881,key-2,1104
1775447873882,key-27,9906
1775447873882,key-47,6516
1775447873884,key-27,9908
1775447873884,key-14,4836
1775447873887,key-12,1959
1775447873888,key-50,8852
1775447873888,key-14,4840
1775447873889,key-13,3074
1775447873891,key-48,571
1775447873891,key-25,2793
1775447873892,key-21,1390
1775447873897,key-19,8909
1775447873898,key-32,8560
1775447873899,key-32,8561
1775447873904,key-32,8566
1775447873904,key-12,1976
1775447873905,key-36,4106
1775447873909,key-28,4966
1775447873909,key-32,8571
1775447873909,key-41,8271
1775447873911,key-45,129
1775447873912,key-19,8924
1775447873912,key-45,130
1775447873912,key-25,2814
1775447873914,key-13,3099
1775447873915,key-28,4972
1775447873916,key-12,1988
1775447873917,key-21,1415
1775447873919,key-32,8581
1775447873923,key-21,1421
1775447873925,key-31,2835
1775447873926,key-15,1654
1775447873928,key-1,1826
1775447873930,key-30,653
1775447873931,key-32,8593
1775447873931,key-7,4661
1775447873932,key-30,655
1775447873933,key-13,3118
1775447873936,key-45,154
1775447873936,key-33,246
1775447873937,key-45,155
1775447873937,key-47,6571
1775447873937,key-40,11307
1775447873937,key-45,155
1775447873939,key-27,9963
1775447873941,key-14,4893
1775447873942,key-26,4909
1775447873944,key-21,1442
1775447873945,key-14,4897
1775447873946,key-2,1169
1775447873950,key-13,3135
1775447873950,key-50,8914
1775447873950,key-13,3135
1775447873951,key-14,4903
1775447873952,key-11,2995
1775447873953,key-21,1451
1775447873955,key-1,1853
1775447873957,key-48,637
1775447873958,key-12,2030
1775447873958,key-29,6645
1775447873959,key-14,4911
1775447873960,key-45,178
1775447873960,key-32,8622
1775447873963,key-40,11333
1775447873966,key-19,8978
1775447873967,key-36,4168
1775447873967,key-14,4919
1775447873971,key-26,4938
1775447873971,key-26,4938
1775447873972,key-19,8984
1775447873978,key-3,7329
1775447873979,key-40,11349
1775447873979,key-26,4946
1775447873980,key-36,4181
1775447873980,key-45,198
1775447873982,key-7,4712
1775447873983,key-7,4713
1775447873983,key-27,10007
1775447873983,key-13,3168
1775447873983,key-26,4950
1775447873983,key-7,4713
1775447873984,key-25,2886
1775447873985,key-30,708
1775447873988,key-2,1211
1775447873989,key-27,10013
1775447873993,key-13,3178
1775447873994,key-45,212
1775447873996,key-39,1083
1775447873997,key-32,8659
1775447873997,key-27,10021
1775447873999,key-30,722
1775447873999,key-13,3184
1775447874000,key-31,113
1775447874000,key-47,6634
1775447874001,key-21,1499
1775447874002,key-43,6678
1775447874004,key-21,1502
1775447874005,key-50,8969
1775447874006,key-35,6351
1775447874007,key-2,1230
1775447874007,key-50,8971
1775447874008,key-8,4423
1775447874011,key-28,5068
1775447874015,key-21,1513
1775447874016,key-11,3059
1775447874018,key-28,5075
1775447874018,key-28,5075
1775447874019,key-28,5076
1775447874024,key-50,8988
1775447874026,key-32,8688
1775447874026,key-11,3069
1775447874029,key-13,3214
1775447874029,key-14,4981
1775447874031,key-36,4232
1775447874031,key-12,62
1775447874032,key-40,11402
1775447874032,key-45,250
1775447874033,key-18,3122
1775447874034,key-32,8696
1775447874034,key-28,5091
1775447874036,key-25,2938
1775447874037,key-15,1765
1775447874039,key-40,11409
1775447874040,key-26,5007
1775447874041,key-19,9053
1775447874041,key-45,259
1775447874041,key-13,3226
1775447874045,key-28,5102
1775447874046,key-21,1544
1775447874047,key-33,357
1775447874049,key-14,5001
1775447874050,key-26,5017
1775447874051,key-9,2890
1775447874055,key-45,273
1775447874057,key-18,3146
1775447874058,key-27,10082
1775447874059,key-13,3244
1775447874059,key-36,4260
1775447874064,key-43,6740
1775447874064,key-13,3249
1775447874068,key-14,5020
1775447874069,key-32,8731
1775447874069,key-45,287
1775447874069,key-14,5021
1775447874070,key-21,1568
1775447874070,key-14,5022
1775447874071,key-6,660
1775447874071,key-26,5038
1775447874072,key-50,9036
1775447874074,key-10,1563
1775447874074,key-44,448
1775447874075,key-30,798
1775447874075,key-14,5027
1775447874075,key-1,1973
1775447874079,key-40,11449
1775447874080,key-21,1578
1775447874083,key-19,9095
1775447874083,key-40,11453
1775447874084,key-29,6771
1775447874084,key-28,5141
1775447874085,key-45,303
1775447874085,key-36,4286
1775447874089,key-36,4290
1775447874090,key-36,4291
1775447874092,key-13,3277
1775447874093,key-28,5150
1775447874094,key-26,5061
1775447874095,key-7,4825
1775447874097,key-3,7448
1775447874098,key-32,8760
1775447874098,key-45,316
1775447874103,key-41,8465
1775447874104,key-27,10128
1775447874104,key-19,9116
1775447874104,key-50,9068
1775447874104,key-30,827
1775447874106,key-32,8768
1775447874108,key-30,831
1775447874109,key-30,832
1775447874109,key-2,1332
1775447874111,key-30,834
1775447874112,key-33,422
1775447874116,key-35,6461
1775447874116,key-27,10140
1775447874119,key-41,8481
1775447874120,key-39,1207
1775447874122,key-5,5252
1775447874123,key-6,712
1775447874123,key-16,118
1775447874123,key-50,9087
1775447874125,key-7,4855
1775447874128,key-28,5185
1775447874128,key-5,5258
1775447874131,key-14,5083
1775447874136,key-28,5193
1775447874136,key-21,1634
1775447874138,key-50,9102
1775447874140,key-36,4341
1775447874140,key-39,1227
1775447874141,key-1,2039
1775447874141,key-5,5271
1775447874141,key-44,515
1775447874144,key-26,5111
1775447874147,key-18,3236
1775447874147,key-28,5204
1775447874147,key-45,365
1775447874147,key-44,521
1775447874149,key-13,3334
1775447874149,key-1,2047
1775447874149,key-19,9161
1775447874149,key-36,4350
1775447874157,key-45,375
1775447874158,key-28,5215
1775447874159,key-40,11529
1775447874159,key-32,8821
1775447874160,key-30,883
1775447874164,key-40,11534
1775447874164,key-30,887
1775447874164,key-9,3003
1775447874166,key-27,10190
1775447874167,key-21,1665
1775447874168,key-36,4369
1775447874169,key-7,4899
1775447874170,key-41,8532
1775447874171,key-18,3260
1775447874171,key-13,3356
1775447874173,key-49,12958
1775447874173,key-11,3216
1775447874173,key-36,4374
1775447874174,key-30,897
1775447874174,key-26,5141
1775447874174,key-45,392
1775447874174,key-50,9138
1775447874175,key-32,8837
1775447874175,key-33,485
1775447874178,key-14,5130
1775447874179,key-16,174
1775447874179,key-26,5146
1775447874181,key-30,904
1775447874184,key-27,10208
1775447874185,key-50,9149
1775447874185,key-43,6861
1775447874186,key-13,3371
1775447874187,key-43,6863
1775447874187,key-13,3372
1775447874188,key-9,3027
1775447874189,key-44,563
1775447874189,key-21,1687
1775447874191,key-48,871
1775447874191,key-50,9155
1775447874191,key-30,914
1775447874191,key-39,1278
1775447874192,key-40,11562
1775447874197,key-36,4398
1775447874199,key-36,4400
1775447874199,key-5,5329
1775447874204,key-14,5156
1775447874205,key-1,2103
1775447874206,key-41,8568
1775447874207,key-13,3392
1775447874207,key-36,4408
1775447874209,key-13,3394
1775447874210,key-40,11580
1775447874210,key-3,7561
1775447874213,key-19,9225
1775447874214,key-14,5166
1775447874219,key-32,8881
1775447874219,key-35,6564
1775447874219,key-32,8881
1775447874221,key-35,6566
1775447874223,key-41,8585
1775447874228,key-45,446
1775447874229,key-49,13014
1775447874230,key-14,5182
1775447874232,key-7,4962
1775447874233,key-13,3418
1775447874237,key-50,9201
1775447874238,key-33,548
1775447874238,key-16,233
1775447874239,key-5,5369
1775447874239,key-32,8901
1775447874240,key-29,6927
1775447874242,key-26,5209
1775447874244,key-44,618
1775447874244,key-5,5374
1775447874245,key-29,6932
1775447874246,key-44,620
1775447874246,key-35,6591
1775447874252,key-49,13037
1775447874253,key-28,5310
1775447874255,key-36,4456
1775447874258,key-36,4459
1775447874258,key-18,3347
1775447874260,key-18,3349
1775447874260,key-50,9224
1775447874260,key-13,3445
1775447874262,key-26,5229
1775447874265,key-14,5217
1775447874265,key-40,11635
1775447874266,key-3,7617
1775447874269,key-19,9281
1775447874269,key-1,2167
1775447874270,key-28,5327
1775447874270,key-7,5000
1775447874271,key-3,7622
1775447874274,key-7,5004
1775447874274,key-45,492
1775447874275,key-40,11645
1775447874275,key-30,122
1775447874277,key-40,11647
1775447874279,key-18,3368
1775447874281,key-42,3040
1775447874282,key-6,871
1775447874282,key-13,3467
1775447874283,key-3,7634
1775447874285,key-8,4700
1775447874286,key-41,8648
1775447874286,key-30,133
1775447874290,key-26,5257
1775447874292,key-41,8654
1775447874292,key-11,3335
1775447874293,key-45,511
1775447874294,key-32,8956
1775447874294,key-13,3479
1775447874296,key-26,5263
1775447874298,key-50,9262
1775447874298,key-15,2026
1775447874299,key-2,1522
1775447874299,key-35,6644
1775447874299,key-45,517
1775447874299,key-32,8961
1775447874300,key-13,3485
1775447874302,key-9,3141
1775447874302,key-5,5432
1775447874303,key-29,6990
1775447874305,key-48,985
1775447874305,key-36,4506
1775447874306,key-44,680
1775447874308,key-40,11678
1775447874308,key-29,6995
1775447874310,key-50,9274
1775447874314,key-32,8976
1775447874316,key-21,1814
1775447874316,key-13,3501
1775447874321,key-36,4522
1775447874321,key-50,9285
1775447874321,key-13,3506
1775447874322,key-6,911
1775447874323,key-3,7674
1775447874323,key-36,4524
1775447874324,key-50,9288
1775447874327,key-44,701
1775447874328,key-33,638
1775447874330,key-36,4531
1775447874330,key-41,8692
1775447874333,key-35,6678
1775447874336,key-35,6681
1775447874337,key-32,8999
1775447874337,key-3,7688
1775447874339,key-10,1828
1775447874340,key-43,7016
1775447874341,key-32,9003
1775447874342,key-30,189
1775447874343,key-32,9005
1775447874344,key-42,3103
1775447874345,key-32,9007
1775447874345,key-3,7696
1775447874345,key-7,5075
1775447874346,key-41,8708
1775447874346,key-7,5076
1775447874347,key-25,3249
1775447874351,key-11,3394
1775447874353,key-35,6698
1775447874354,key-41,8716
1775447874355,key-13,3540
1775447874355,key-5,5485
1775447874355,key-5,5485
1775447874356,key-13,3541
1775447874358,key-13,3543
1775447874358,key-28,5415
1775447874359,key-31,472
1775447874360,key-26,5327
1775447874361,key-8,152
1775447874361,key-14,5313
1775447874362,key-11,3405
1775447874363,key-50,9327
1775447874363,key-50,9327
1775447874363,key-42,3122
1775447874367,key-36,4568
1775447874367,key-26,5334
1775447874371,key-27,10395
1775447874374,key-19,9386
1775447874380,key-46,1020
1775447874380,key-21,1878
1775447874381,key-36,4582
1775447874381,key-3,7732
1775447874381,key-44,755
1775447874382,key-45,600
1775447874382,key-48,1062
1775447874383,key-22,1723
1775447874384,key-41,8746
1775447874384,key-21,1882
1775447874384,key-45,602
1775447874387,key-46,1027
1775447874390,key-26,5357
1775447874393,key-42,3152
1775447874393,key-7,5123
1775447874395,key-32,9057
1775447874395,key-41,8757
1775447874396,key-9,3235
1775447874397,key-6,986
1775447874397,key-18,3486
1775447874399,key-42,3158
1775447874409,key-43,7085
1775447874409,key-35,6754
1775447874409,key-10,1898
1775447874411,key-28,5468
1775447874412,key-35,6757
1775447874412,key-26,5379
1775447874414,key-9,3253
1775447874416,key-50,9380
1775447874417,key-26,5384
1775447874421,key-5,5551
1775447874424,key-35,6769
1775447874425,key-15,2153
1775447874427,key-5,5557
1775447874430,key-21,1928
1775447874431,key-32,9093
1775447874431,key-30,278
1775447874432,key-36,4633
1775447874432,key-31,545
1775447874432,key-3,7783
1775447874434,key-45,652
1775447874436,key-13,3621
1775447874436,key-11,3479
1775447874436,key-27,10460
1775447874436,key-32,9098
1775447874437,key-40,11807
1775447874437,key-21,1935
1775447874439,key-36,4640
1775447874441,key-13,3626
1775447874442,key-2,1665
1775447874443,key-36,4644
1775447874445,key-30,292
1775447874446,key-36,4647
1775447874446,key-15,2174
1775447874446,key-44,820
1775447874447,key-36,4648
1775447874447,key-41,8809
1775447874448,key-36,4649
1775447874449,key-45,667
1775447874451,key-7,5181
1775447874451,key-6,1040
1775447874451,key-13,3636
1775447874454,key-33,764
1775447874455,key-45,673
1775447874456,key-3,7807
1775447874459,key-31,572
1775447874459,key-41,8821
1775447874460,key-5,5590
1775447874460,key-29,72
1775447874461,key-22,1801
1775447874462,key-41,8824
1775447874462,key-3,7813
1775447874464,key-7,5194
1775447874465,key-32,9127
1775447874465,key-13,3650
1775447874466,key-35,6811
1775447874468,key-8,259
1775447874469,key-29,81
1775447874472,key-6,1061
1775447874473,key-13,3658
1775447874473,key-35,6818
1775447874473,key-41,8835
1775447874476,key-40,11846
1775447874476,key-41,8838
1775447874476,key-45,694
1775447874479,key-32,9141
1775447874479,key-10,1968
1775447874481,key-50,9445
1775447874481,key-35,6826
1775447874483,key-19,9495
1775447874487,key-36,4688
1775447874488,key-27,10512
1775447874491,key-3,7842
1775447874491,key-39,1578
1775447874492,key-36,4693
1775447874493,key-42,3252
1775447874494,key-45,712
1775447874494,key-41,8856
1775447874495,key-32,9157
1775447874497,key-24,7583
1775447874498,key-19,9510
1775447874500,key-46,1140
1775447874502,key-32,9164
1775447874502,key-6,1091
1775447874507,key-44,881
1775447874507,key-46,1147
1775447874508,key-9,3347
1775447874510,key-36,4711
1775447874510,key-3,7861
1775447874512,key-11,62
1775447874513,key-6,1102
1775447874514,key-6,1103
1775447874515,key-19,9527
1775447874515,key-43,7191
1775447874516,key-26,5483
1775447874519,key-5,5649
1775447874519,key-6,1108
1775447874521,key-26,5488
1775447874525,key-26,5492
1775447874526,key-10,2015
1775447874529,key-3,7880
1775447874529,key-22,1869
1775447874529,key-50,9493
1775447874530,key-10,2019
1775447874530,key-40,11900
1775447874531,key-5,5661
1775447874534,key-2,1757
1775447874535,key-41,8897
1775447874536,key-19,9548
1775447874539,key-9,3378
1775447874540,key-13,3725
1775447874540,key-1,2438
1775447874541,key-21,2039
1775447874541,key-6,1130
1775447874542,key-45,760
1775447874545,key-35,6890
1775447874545,key-32,9207
1775447874547,key-27,10571
1775447874548,key-41,8910
1775447874550,key-46,1190
1775447874550,key-3,7901
1775447874550,key-13,3735
1775447874551,key-19,9563
1775447874553,key-11,103
1775447874553,key-3,7904
1775447874554,key-28,5611
1775447874554,key-43,7230
1775447874555,key-25,3457
1775447874560,key-32,9222
1775447874561,key-7,5291
1775447874561,key-6,1150
1775447874561,key-9,3400
1775447874563,key-41,8925
1775447874565,key-36,4766
1775447874571,key-42,3330
1775447874572,key-3,7923
1775447874573,key-7,5303
1775447874577,key-3,7928
1775447874587,key-50,9551
1775447874588,key-40,11958
1775447874588,key-10,2077
1775447874588,key-7,5318
1775447874589,key-22,1929
1775447874589,key-31,702
1775447874590,key-36,4791
1775447874590,key-46,1230
1775447874590,key-13,3775
1775447874590,key-6,1179
1775447874590,key-46,1230
1775447874591,key-7,5321
1775447874591,key-3,7942
1775447874592,key-10,2081
1775447874592,key-11,142
1775447874592,key-3,7943
1775447874593,key-45,811
1775447874594,key-27,10618
1775447874595,key-19,9607
1775447874595,key-2,1818
1775447874595,key-22,1935
1775447874596,key-19,9608
1775447874598,key-41,8960
1775447874599,key-27,10623
1775447874600,key-45,818
1775447874600,key-47,7234
1775447874602,key-15,2330
1775447874605,key-46,1245
1775447874605,key-22,1945
1775447874606,key-2,1829
1775447874609,key-23,5258
1775447874612,key-41,8974
1775447874612,key-42,3371
1775447874613,key-3,7964
1775447874614,key-35,6959
1775447874615,key-1,2513
1775447874616,key-6,1205
1775447874616,key-40,11986
1775447874616,key-44,990
1775447874620,key-47,7254
1775447874621,key-21,2119
1775447874625,key-41,8987
1775447874626,key-25,3528
1775447874626,key-6,1215
1775447874628,key-41,8990
1775447874628,key-6,1217
1775447874629,key-6,1218
1775447874630,key-9,3469
1775447874630,key-43,7306
1775447874631,key-6,1220
1775447874634,key-3,7985
1775447874634,key-36,4835
1775447874635,key-6,1224
1775447874635,key-9,3474
1775447874636,key-25,3538
1775447874643,key-19,9655
1775447874645,key-1,2543
1775447874645,key-3,7996
1775447874646,key-32,9308
1775447874646,key-28,5703
1775447874646,key-42,3405
1775447874654,key-35,6999
1775447874655,key-2,1878
1775447874656,key-26,5623
1775447874656,key-13,3841
1775447874656,key-13,3841
1775447874657,key-15,2385
1775447874658,key-19,9670
1775447874659,key-46,1299
1775447874659,key-19,9671
1775447874661,key-44,1035
1775447874662,key-11,212
1775447874664,key-50,9628
1775447874665,key-3,8016
1775447874667,key-41,9029
1775447874668,key-3,8019
1775447874669,key-28,5726
1775447874669,key-7,5399
1775447874669,key-27,10693
1775447874671,key-3,8022
1775447874672,key-13,3857
1775447874672,key-1,2570
1775447874673,key-25,3575
1775447874676,key-3,8027
1775447874679,key-24,7765
1775447874679,key-13,3864
1775447874684,key-31,797
1775447874689,key-25,3591
1775447874696,key-28,5753
1775447874696,key-25,3598
1775447874696,key-41,9058
1775447874697,key-41,9059
1775447874697,key-28,5754
1775447874697,key-36,4898
1775447874697,key-15,2425
1775447874698,key-50,9662
1775447874698,key-6,1287
1775447874698,key-10,2187
1775447874699,key-12,730
1775447874702,key-22,2042
1775447874702,key-2,1925
1775447874706,key-47,7340
1775447874706,key-41,9068
1775447874709,key-19,9721
1775447874710,key-42,3469
1775447874710,key-10,2199
1775447874713,key-7,5443
1775447874715,key-5,5845
1775447874715,key-19,9727
1775447874719,key-41,9081
1775447874720,key-13,3905
1775447874720,key-2,1943
1775447874720,key-42,3479
1775447874721,key-45,939
1775447874724,key-13,3909
1775447874724,key-19,9736
1775447874724,key-25,3626
1775447874724,key-45,942
1775447874725,key-2,1948
1775447874728,key-15,2456
1775447874728,key-18,3817
1775447874730,key-23,5379
1775447874731,key-1,2629
1775447874732,key-46,1372
1775447874732,key-22,2072
1775447874735,key-6,1324
1775447874736,key-30,583
1775447874736,key-7,5466
1775447874744,key-25,3646
1775447874744,key-21,2242
1775447874745,key-3,8096
1775447874745,key-2,1968
1775447874746,key-3,8097
1775447874747,key-31,860
1775447874747,key-25,3649
1775447874748,key-36,4949
1775447874748,key-28,5805
1775447874749,key-40,12119
1775447874750,key-25,3652
1775447874750,key-9,3589
1775447874750,key-6,1339
1775447874751,key-27,10775
1775447874751,key-36,4952
1775447874751,key-42,3510
1775447874752,key-13,3937
1775447874752,key-41,9114
1775447874752,key-6,1341
1775447874753,key-6,1342
1775447874754,key-29,366
1775447874754,key-3,8105
1775447874757,key-9,3596
1775447874757,key-15,2485
1775447874757,key-41,9119
1775447874758,key-15,2486
1775447874760,key-40,12130
1775447874762,key-2,1985
1775447874762,key-19,9774
1775447874763,key-43,7439
1775447874763,key-41,9125
1775447874771,key-3,8122
1775447874772,key-44,1146
1775447874776,key-41,9138
1775447874777,key-41,9139
1775447874777,key-27,10801
1775447874777,key-3,8128
1775447874778,key-25,3680
1775447874778,key-11,328
1775447874779,key-25,3681
1775447874782,key-39,1869
1775447874785,key-16,780
1775447874786,key-19,9798
1775447874786,key-50,9750
1775447874788,key-25,3690
1775447874788,key-15,2516
1775447874791,key-25,3693
1775447874793,key-24,7879
1775447874793,key-11,343
1775447874794,key-31,907
1775447874795,key-41,9157
1775447874797,key-46,1437
1775447874797,key-25,3699
1775447874797,key-19,9809
1775447874799,key-24,7885
1775447874799,key-27,10823
1775447874801,key-41,9163
1775447874804,key-21,2302
1775447874805,key-25,3707
1775447874805,key-10,2294
1775447874805,key-41,9167
1775447874810,key-25,3712
1775447874814,key-15,2542
1775447874815,key-19,9827
1775447874815,key-33,1125
1775447874819,key-42,3578
1775447874822,key-13,4007
1775447874822,key-10,2311
1775447874824,key-41,9186
1775447874826,key-41,9188
1775447874828,key-33,1138
1775447874829,key-22,2169
1775447874830,key-42,3589
1775447874830,key-18,3919
1775447874830,key-6,1419
1775447874831,key-41,9193
1775447874832,key-21,2330
1775447874835,key-7,5565
1775447874836,key-3,8187
1775447874837,key-44,1211
1775447874840,key-18,3929
1775447874840,key-45,1058
1775447874841,key-2,2064
1775447874845,key-15,2573
1775447874846,key-3,8197
1775447874847,key-11,397
1775447874847,key-41,9209
1775447874847,key-39,1934
1775447874849,key-45,1067
1775447874852,key-33,1162
1775447874852,key-11,402
1775447874852,key-3,8203
1775447874853,key-24,7939
1775447874855,key-15,2583
1775447874855,key-33,1165
1775447874856,key-45,1074
1775447874859,key-11,409
1775447874859,key-41,9221
1775447874859,key-50,9823
1775447874861,key-9,3700
1775447874862,key-15,2590
1775447874865,key-15,2593
1775447874866,key-44,1240
1775447874871,key-41,9233
1775447874872,key-15,2600
1775447874872,key-9,3711
1775447874874,key-43,7550
1775447874874,key-41,9236
1775447874874,key-29,486
1775447874874,key-46,1514
1775447874876,key-36,5077
1775447874878,key-24,7964
1775447874881,key-9,3720
1775447874882,key-7,5612
1775447874883,key-41,9245
1775447874883,key-15,2611
1775447874884,key-25,3786
1775447874884,key-11,434
1775447874884,key-11,434
1775447874886,key-49,13671
1775447874886,key-3,8237
1775447874888,key-3,8239
1775447874889,key-6,1478
1775447874891,key-15,2619
1775447874892,key-23,5541
1775447874893,key-22,2233
1775447874897,key-31,1010
1775447874897,key-3,8248
1775447874901,key-2,2124
1775447874902,key-25,3804
1775447874902,key-41,9264
1775447874903,key-50,9867
1775447874909,key-1,106
1775447874910,key-16,905
1775447874910,key-25,3812
1775447874911,key-27,10935
1775447874911,key-33,1221
1775447874912,key-39,1999
1775447874917,key-45,1135
1775447874918,key-3,8269
1775447874919,key-19,9931
1775447874919,key-15,2647
1775447874920,key-31,1033
1775447874920,key-41,9282
1775447874922,key-25,3824
1775447874923,key-46,1563
1775447874925,key-25,3827
1775447874925,key-15,2653
1775447874925,key-35,131
1775447874926,key-45,1144
1775447874928,key-41,9290
1775447874928,key-3,8279
1775447874929,key-21,2427
1775447874933,key-12,964
1775447874934,key-21,2432
1775447874934,key-24,8020
1775447874935,key-33,1245
1775447874935,key-13,4120
1775447874936,key-10,2425
1775447874937,key-41,9299
1775447874939,key-24,8025
1775447874940,key-36,5141
1775447874940,key-19,9952
1775447874942,key-7,5672
1775447874942,key-18,4031
1775447874944,key-45,1162
1775447874945,key-19,9957
1775447874945,key-45,1163
1775447874947,key-41,9309
1775447874948,key-6,1537
1775447874950,key-6,1539
1775447874950,key-3,8301
1775447874950,key-15,2678
1775447874950,key-29,562
1775447874953,key-15,2681
1775447874954,key-31,1067
1775447874955,key-45,1173
1775447874959,key-31,1072
1775447874962,key-3,8313
1775447874963,key-50,9927
1775447874963,key-22,2303
1775447874963,key-3,8314
1775447874964,key-42,3723
1775447874965,key-50,9929
1775447874966,key-39,2053
1775447874966,key-3,8317
1775447874970,key-3,8321
1775447874971,key-33,1281
1775447874974,key-23,5623
1775447874974,key-41,9336
1775447874975,key-11,525
1775447874976,key-15,2704
1775447874977,key-15,2705
1775447874977,key-9,3816
1775447874977,key-27,11001
1775447874978,key-41,9340
1775447874978,key-45,1196
1775447874978,key-41,9340
1775447874980,key-50,9944
1775447874980,key-41,9342
1775447874985,key-36,5186
1775447874987,key-25,3889
1775447874987,key-41,9349
1775447874987,key-24,8073
1775447874996,key-18,4085
1775447874996,key-36,5197
1775447874998,key-24,8084
1775447874998,key-18,4087
1775447875000,key-45,1218
1775447875003,key-15,2731
1775447875003,key-22,2343
1775447875004,key-11,554
1775447875004,key-6,1593
1775447875005,key-9,3844
1775447875007,key-49,13792
1775447875010,key-15,2738
1775447875013,key-1,210
1775447875014,key-49,13799
1775447875016,key-18,4105
1775447875016,key-45,1234
1775447875016,key-29,628
1775447875017,key-31,1130
1775447875017,key-41,9379
1775447875018,key-29,630
1775447875019,key-6,1608
1775447875021,key-3,8372
1775447875022,key-1,219
1775447875025,key-22,2365
1775447875028,key-3,8379
1775447875028,key-36,5229
1775447875028,key-7,5758
1775447875031,key-41,9393
1775447875032,key-3,8383
1775447875034,key-11,584
1775447875035,key-15,2763
1775447875038,key-41,9400
1775447875040,key-50,10004
1775447875040,key-3,8391
1775447875041,key-10,2530
1775447875042,key-10,2531
1775447875044,key-36,5245
1775447875046,key-10,2535
1775447875047,key-10,2536
1775447875048,key-25,3950
1775447875050,key-15,2778
1775447875054,key-6,1643
1775447875055,key-7,5785
1775447875055,key-36,5256
1775447875057,key-33,1367
1775447875057,key-41,9419
1775447875057,key-14,6009
1775447875059,key-9,114
1775447875059,key-19,10071
1775447875059,key-29,671
1775447875062,key-41,9424
1775447875067,key-15,2795
1775447875067,key-9,122
1775447875068,key-15,2796
1775447875069,key-42,3828
1775447875069,key-1,266
1775447875069,key-24,8155
1775447875070,key-6,1659
1775447875072,key-6,1661
1775447875072,key-31,1185
1775447875073,key-29,685
1775447875076,key-3,8427
1775447875076,key-1,273
1775447875077,key-33,1387
1775447875079,key-13,4264
1775447875082,key-50,10046
1775447875082,key-15,2810
1775447875083,key-3,8434
1775447875083,key-31,1196
1775447875083,key-36,5284
1775447875085,key-22,2425
1775447875086,key-45,1304
1775447875086,key-48,1766
1775447875090,key-33,1400
1775447875092,key-3,8443
1775447875092,key-9,147
1775447875093,key-2,2316
1775447875093,key-22,2433
1775447875093,key-39,2180
1775447875093,key-41,9455
1775447875094,key-41,9456
1775447875094,key-29,706
1775447875097,key-31,1210
1775447875099,key-50,10063
1775447875099,key-2,2322
1775447875101,key-3,8452
1775447875103,key-36,5304
1775447875106,key-3,8457
1775447875106,key-49,13891
1775447875106,key-15,2834
1775447875107,key-10,2596
1775447875109,key-23,5758
1775447875109,key-36,5310
1775447875110,key-36,5311
1775447875111,key-24,8197
1775447875113,key-25,4015
1775447875113,key-11,663
1775447875114,key-29,726
1775447875117,key-36,5318
1775447875119,key-39,2206
1775447875119,key-25,4021
1775447875120,key-49,13905
1775447875120,key-24,8206
1775447875120,key-33,1430
1775447875120,key-41,9482
1775447875120,key-25,4022
1775447875121,key-29,733
1775447875122,key-45,1340
1775447875122,key-11,672
1775447875124,key-1,321
1775447875125,key-22,2465
1775447875127,key-1,324
1775447875129,key-49,13914
1775447875131,key-6,1720
1775447875135,key-11,685
1775447875137,key-3,8488
1775447875141,key-45,1359
1775447875141,key-41,9503
1775447875147,key-31,1260
1775447875147,key-6,1736
1775447875149,key-10,2638
1775447875150,key-31,1263
1775447875152,key-48,1832
1775447875152,key-3,8503
1775447875154,key-46,1794
1775447875157,key-15,2885
1775447875159,key-7,5889
1775447875161,key-29,773
1775447875162,key-50,10126
1775447875162,key-22,2502
1775447875165,key-13,4350
1775447875166,key-43,7842
1775447875167,key-41,9529
1775447875168,key-15,2896
1775447875169,key-28,6226
1775447875169,key-33,1479
1775447875169,key-29,781
1775447875170,key-6,1759
1775447875172,key-29,784
1775447875172,key-41,9534
1775447875172,key-33,1482
1775447875173,key-29,785
1775447875173,key-41,9535
1775447875176,key-3,8527
1775447875179,key-49,13964
1775447875180,key-33,1490
1775447875184,key-33,1494
1775447875184,key-33,1494
1775447875186,key-19,10198
1775447875186,key-29,798
1775447875188,key-29,800
1775447875190,key-22,2530
1775447875190,key-45,1408
1775447875191,key-46,1831
1775447875191,key-44,1565
1775447875191,key-25,4093
1775447875195,key-48,1875
1775447875198,key-45,1416
1775447875199,key-31,1312
1775447875200,key-41,9562
1775447875200,key-22,2540
1775447875204,key-3,8555
1775447875205,key-31,1318
1775447875206,key-39,2293
1775447875206,key-41,9568
1775447875207,key-1,404
1775447875207,key-11,757
1775447875207,key-3,8558
1775447875210,key-2,2433
1775447875210,key-45,1428
1775447875210,key-41,9572
1775447875211,key-46,1851
1775447875212,key-3,8563
1775447875214,key-41,9576
1775447875215,key-40,12585
1775447875215,key-3,8566
1775447875216,key-41,9578
1775447875216,key-45,1434
1775447875219,key-24,8305
1775447875221,key-22,2561
1775447875221,key-3,8572
1775447875222,key-36,5423
1775447875225,key-49,14010
1775447875225,key-15,2953
1775447875227,key-36,5428
1775447875227,key-36,5428
1775447875227,key-36,5428
1775447875230,key-36,5431
1775447875232,key-39,2319
1775447875232,key-1,429
1775447875232,key-22,2572
1775447875233,key-10,2722
1775447875235,key-26,6202
1775447875236,key-29,848
1775447875237,key-45,1455
1775447875237,key-25,4139
1775447875240,key-1,437
1775447875242,key-11,792
1775447875249,key-22,2589
1775447875249,key-48,1929
1775447875250,key-19,10262
1775447875250,key-45,1468
1775447875250,key-18,4339
1775447875250,key-22,2590
1775447875251,key-36,5452
1775447875252,key-45,1470
1775447875256,key-49,14041
1775447875257,key-31,1370
1775447875258,key-49,14043
1775447875258,key-33,1568
1775447875258,key-1,455
1775447875259,key-46,1899
1775447875259,key-22,2599
1775447875262,key-26,6229
1775447875262,key-35,468
1775447875262,key-22,2602
1775447875262,key-25,4164
1775447875262,key-48,1942
1775447875263,key-6,1852
1775447875264,key-22,2604
1775447875264,key-25,4166
1775447875264,key-46,1904
1775447875264,key-49,14049
1775447875265,key-44,1639
1775447875265,key-6,1854
1775447875265,key-7,5995
1775447875267,key-6,1856
1775447875268,key-14,6220
1775447875269,key-48,1949
1775447875277,key-3,8628
1775447875280,key-14,6232
1775447875280,key-29,892
1775447875280,key-41,9642
1775447875280,key-2,2503
1775447875284,key-15,3012
1775447875285,key-33,1595
1775447875289,key-3,8640
1775447875289,key-29,901
1775447875290,key-22,2630
1775447875290,key-29,902
1775447875290,key-36,5491
1775447875290,key-22,2630
1775447875290,key-39,2377
1775447875296,key-14,6248
1775447875315,key-44,1689
1775447875315,key-36,5516
1775447875315,key-45,1533
1775447875315,key-33,1625
1775447875315,key-10,2804
1775447875316,key-46,1956
1775447875316,key-31,1429
1775447875316,key-6,1905
1775447875316,key-36,5517
1775447875316,key-24,8402
1775447875323,key-11,873
1775447875323,key-30,1170
1775447875324,key-25,4226
1775447875326,key-48,2006
1775447875327,key-48,2007
1775447875328,key-26,6295
1775447875329,key-22,2669
1775447875331,key-6,1920
1775447875336,key-6,1925
1775447875336,key-19,10348
1775447875340,key-22,2680
1775447875340,key-39,2427
1775447875342,key-36,5543
1775447875342,key-50,10306
1775447875342,key-25,4244
1775447875343,key-26,6310
1775447875347,key-2,2570
1775447875348,key-29,960
1775447875348,key-41,9710
1775447875349,key-26,6316
1775447875350,key-26,6317
1775447875352,key-10,2841
1775447875356,key-1,553
1775447875356,key-45,1574
1775447875356,key-39,2443
1775447875356,key-36,5557
1775447875358,key-39,2445
1775447875360,key-26,6327
1775447875360,key-12,1391
1775447875361,key-48,2041
1775447875363,key-49,14148
1775447875365,key-33,1675
1775447875366,key-31,1479
1775447875366,key-48,2046
1775447875367,key-46,2007
1775447875369,key-2,2592
1775447875370,key-14,6322
1775447875370,key-47,8004
1775447875370,key-29,982
1775447875371,key-46,2011
1775447875371,key-36,5572
1775447875371,key-26,6338
1775447875371,key-3,8722
1775447875373,key-48,2053
1775447875376,key-22,2716
1775447875376,key-6,1965
1775447875377,key-8,1168
1775447875380,key-6,1969
1775447875381,key-38,4025
1775447875381,key-41,9743
1775447875383,key-25,4285
1775447875384,key-44,1758
1775447875384,key-45,1602
1775447875385,key-44,1759
1775447875387,key-15,3115
1775447875391,key-33,1701
1775447875392,key-3,8743
1775447875394,key-22,2734
1775447875395,key-22,2735
1775447875395,key-22,2735
1775447875398,key-2,2621
1775447875398,key-14,6350
1775447875399,key-33,1709
1775447875400,key-38,4044
1775447875400,key-43,8076
1775447875403,key-26,6370
1775447875406,key-19,10418
1775447875411,key-36,5612
1775447875412,key-36,5613
1775447875415,key-26,6382
1775447875416,key-16,1411
1775447875416,key-1,613
1775447875417,key-26,6384
1775447875421,key-49,14206
1775447875424,key-45,1642
1775447875424,key-36,5625
1775447875425,key-27,11449
1775447875425,key-11,975
1775447875425,key-41,9787
1775447875426,key-14,6378
1775447875426,key-44,1800
1775447875426,key-26,6393
1775447875426,key-29,1038
1775447875426,key-43,8102
1775447875427,key-49,14212
1775447875428,key-26,6395
1775447875429,key-22,2769
1775447875430,key-48,2110
1775447875430,key-36,5631
1775447875430,key-22,2770
1775447875431,key-46,2071
1775447875432,key-26,6399
1775447875435,key-39,2522
1775447875440,key-45,1658
1775447875441,key-48,2121
1775447875441,key-3,8792
1775447875448,key-6,2037
1775447875448,key-22,2788
1775447875450,key-27,136
1775447875450,key-3,8801
1775447875455,key-39,2542
1775447875457,key-35,663
1775447875458,key-4,54
1775447875463,key-28,65
1775447875464,key-39,2551
1775447875464,key-50,10428
1775447875468,key-36,5669
1775447875473,key-48,2153
1775447875474,key-33,1784
1775447875475,key-47,8109
1775447875478,key-9,533
1775447875480,key-8,1271
1775447875480,key-3,8831
1775447875481,key-15,114
1775447875481,key-29,1093
1775447875482,key-29,1094
1775447875482,key-48,2162
1775447875483,key-16,1478
1775447875483,key-29,1095
1775447875483,key-2,2706
1775447875485,key-33,1795
1775447875485,key-8,1276
1775447875486,key-47,8120
1775447875486,key-6,2075
1775447875488,key-22,2828
1775447875488,key-36,5689
1775447875493,key-48,2173
1775447875494,key-31,1607
1775447875494,key-2,2717
1775447875497,key-16,1492
1775447875498,key-33,1808
1775447875500,key-1,697
1775447875502,key-6,2091
1775447875503,key-28,105
1775447875503,key-16,1498
1775447875503,key-26,6470
1775447875504,key-36,5705
1775447875505,key-35,711
1775447875505,key-2,2728
1775447875505,key-1,702
1775447875505,key-1,702
1775447875506,key-41,9868
1775447875507,key-16,1502
1775447875510,key-4,106
1775447875510,key-2,2733
1775447875512,key-44,1886
1775447875512,key-4,108
1775447875514,key-28,116
1775447875514,key-40,12884
1775447875516,key-22,2856
1775447875516,key-45,1734
1775447875517,key-4,113
1775447875517,key-22,2857
1775447875517,key-3,8868
1775447875518,key-46,2158
1775447875521,key-4,117
1775447875521,key-50,10485
1775447875522,key-6,2111
1775447875523,key-33,1833
1775447875524,key-22,2864
1775447875532,key-26,6499
1775447875534,key-8,1325
1775447875534,key-49,14319
1775447875537,key-27,223
1775447875537,key-29,1149
1775447875540,key-22,2880
1775447875541,key-33,1851
1775447875543,key-46,2183
1775447875543,key-49,14328
1775447875545,key-11,1095
1775447875545,key-11,1095
1775447875546,key-29,1158
1775447875546,key-7,6276
1775447875549,key-11,1099
1775447875550,key-49,14335
1775447875550,key-27,236
1775447875552,key-27,238
1775447875552,key-44,1926
1775447875552,key-29,1164
1775447875552,key-46,2192
1775447875552,key-22,2892
1775447875553,key-41,9915
1775447875554,key-22,2894
1775447875554,key-21,3052
1775447875556,key-10,3045
1775447875556,key-6,2145
1775447875561,key-30,1408
1775447875563,key-3,8914
1775447875565,key-1,762
1775447875568,key-28,170
1775447875569,key-6,2158
1775447875569,key-4,165
1775447875569,key-48,2249
1775447875573,key-45,1791
1775447875575,key-46,2215
1775447875575,key-22,2915
1775447875576,key-46,2216
1775447875576,key-4,172
1775447875577,key-4,173
1775447875578,key-22,2918
1775447875578,key-22,2918
1775447875579,key-44,1953
1775447875581,key-22,2921
1775447875582,key-47,8216
1775447875585,key-33,1895
1775447875589,key-14,6541
1775447875589,key-43,8265
1775447875589,key-8,1380
1775447875592,key-8,1383
1775447875593,key-29,1205
1775447875594,key-40,12964
1775447875597,key-19,10609
1775447875597,key-47,8231
1775447875598,key-1,795
1775447875600,key-12,1631
1775447875603,key-8,1394
1775447875603,key-48,80
1775447875604,key-29,1216
1775447875604,key-26,6571
1775447875605,key-44,1979
1775447875606,key-29,1218
1775447875608,key-26,6575
1775447875608,key-26,6575
1775447875609,key-1,806
1775447875609,key-46,2249
1775447875611,key-36,5812
1775447875611,key-6,2200
1775447875612,key-49,14397
1775447875614,key-4,210
1775447875615,key-1,812
1775447875616,key-13,4801
1775447875620,key-50,10584
1775447875620,key-4,216
1775447875621,key-36,5822
1775447875623,key-1,820
1775447875625,key-3,8976
1775447875625,key-30,1472
1775447875626,key-26,6593
1775447875626,key-31,1739
1775447875627,key-48,104
1775447875628,key-6,2217
1775447875629,key-6,2218
1775447875629,key-4,225
1775447875630,key-48,107
1775447875630,key-4,226
1775447875632,key-4,228
1775447875634,key-6,2223
1775447875637,key-48,114
1775447875637,key-44,2011
1775447875639,key-44,2013
1775447875639,key-8,1430
1775447875642,key-48,119
1775447875644,key-48,121
1775447875644,key-33,1954
1775447875645,key-4,241
1775447875646,key-4,242
1775447875648,key-22,2988
1775447875652,key-15,285
1775447875654,key-29,1266
1775447875654,key-42,4413
1775447875654,key-43,8330
1775447875656,key-8,1447
1775447875656,key-11,1206
1775447875656,key-8,1447
1775447875657,key-44,2031
1775447875657,key-46,2297
1775447875657,key-3,9008
1775447875659,key-21,3157
1775447875660,key-44,2034
1775447875660,key-27,346
1775447875666,key-19,10678
1775447875667,key-11,1217
1775447875667,key-49,14452
1775447875669,key-7,6399
1775447875670,key-1,867
1775447875671,key-4,267
1775447875675,key-6,2264
1775447875675,key-27,361
1775447875680,key-6,2269
1775447875680,key-4,276
1775447875681,key-4,277
1775447875681,key-44,2055
1775447875681,key-35,887
1775447875683,key-22,3023
1775447875690,key-6,2279
1775447875690,key-4,286
1775447875691,key-44,2065
1775447875694,key-48,171
1775447875694,key-4,290
1775447875695,key-44,2069
1775447875695,key-8,1486
1775447875697,key-33,2007
1775447875699,key-12,1730
1775447875700,key-22,3040
1775447875701,key-8,1492
1775447875702,key-4,298
1775447875703,key-12,1734
1775447875704,key-47,8338
1775447875707,key-14,6659
1775447875708,key-4,304
1775447875708,key-33,2018
1775447875709,key-48,186
1775447875711,key-12,1742
1775447875711,key-26,6678
1775447875712,key-15,345
1775447875714,key-3,9065
1775447875714,key-29,1326
1775447875719,key-29,1331
1775447875721,key-45,1939
1775447875721,key-3,9072
1775447875722,key-44,2096
1775447875724,key-45,1942
1775447875728,key-4,324
1775447875729,key-7,6459
1775447875732,key-30,1579
1775447875738,key-4,334
1775447875738,key-4,334
1775447875739,key-13,4924
1775447875739,key-4,335
1775447875741,key-26,6708
1775447875741,key-31,1854
1775447875741,key-13,4926
1775447875741,key-30,1588
1775447875746,key-13,4931
1775447875747,key-30,1594
1775447875749,key-49,14534
1775447875752,key-8,1543
1775447875752,key-44,2126
1775447875753,key-48,230
1775447875753,key-11,1303
1775447875755,key-6,2344
1775447875755,key-4,351
1775447875756,key-48,233
1775447875756,key-25,4658
1775447875758,key-48,235
1775447875759,key-13,4944
1775447875759,key-15,392
1775447875761,key-48,238
1775447875761,key-16,1756
1775447875762,key-44,2136
1775447875764,key-4,360
1775447875764,key-8,1555
1775447875764,key-33,2074
1775447875765,key-48,242
1775447875770,key-8,1561
1775447875770,key-8,1561
1775447875772,key-43,8448
1775447875772,key-44,2146
1775447875772,key-46,2412
1775447875772,key-33,2082
1775447875773,key-29,1385
1775447875773,key-14,6725
1775447875774,key-42,4533
1775447875774,key-42,4533
1775447875776,key-3,9127
1775447875776,key-29,1388
1775447875776,key-43,8452
1775447875777,key-19,10789
1775447875777,key-3,9128
1775447875779,key-1,976
1775447875779,key-41,10141
1775447875784,key-29,1396
1775447875785,key-46,2425
1775447875786,key-30,1633
1775447875786,key-46,2426
1775447875787,key-3,9138
1775447875793,key-44,2167
1775447875793,key-44,2167
1775447875793,key-4,389
1775447875793,key-11,1343
1775447875794,key-26,6761
1775447875795,key-26,6762
1775447875795,key-6,2384
1775447875797,key-13,4982
1775447875798,key-44,2172
1775447875799,key-44,2173
1775447875804,key-30,1651
1775447875806,key-50,10770
1775447875807,key-26,6774
1775447875807,key-48,284
1775447875809,key-26,6776
1775447875810,key-44,2184
1775447875813,key-4,409
1775447875813,key-22,3153
1775447875815,key-4,411
1775447875827,key-15,460
1775447875827,key-3,9178
1775447875827,key-43,8503
1775447875830,key-3,9181
1775447875830,key-32,887
1775447875832,key-47,8466
1775447875833,key-33,2143
1775447875834,key-8,1625
1775447875836,key-44,2210
1775447875838,key-12,1869
1775447875838,key-12,1869
1775447875839,key-14,6791
1775447875839,key-44,2213
1775447875841,key-42,4600
1775447875844,key-19,10856
1775447875844,key-43,8520
1775447875845,key-3,9196
1775447875850,key-3,9201
1775447875850,key-30,1697
1775447875851,key-29,1463
1775447875854,key-26,6821
1775447875856,key-30,1703
1775447875856,key-44,2230
1775447875857,key-12,1888
1775447875862,key-26,6829
1775447875863,key-48,340
1775447875866,key-16,1861
1775447875866,key-5,531
1775447875867,key-11,1417
1775447875868,key-49,14653
1775447875868,key-41,10230
1775447875873,key-48,350
1775447875873,key-33,2183
1775447875874,key-44,2248
1775447875875,key-48,352
1775447875877,key-1,1074
1775447875877,key-25,4779
1775447875878,key-22,3218
1775447875878,key-6,2467
1775447875880,key-26,6847
1775447875881,key-8,1672
1775447875881,key-44,2255
1775447875884,key-42,4643
1775447875884,key-1,1081
1775447875885,key-48,362
1775447875885,key-43,8561
1775447875886,key-28,488
1775447875887,key-3,9238
1775447875889,key-6,2478
1775447875889,key-43,8565
1775447875890,key-4,486
1775447875892,key-46,2532
1775447875892,key-43,8568
1775447875895,key-29,1507
1775447875895,key-42,4654
1775447875896,key-8,1687
1775447875896,key-6,2485
1775447875898,key-44,2272
1775447875898,key-7,6628
1775447875898,key-15,531
1775447875900,key-26,6867
1775447875903,key-30,1750
1775447875903,key-32,960
1775447875903,key-26,6870
1775447875904,key-3,9255
1775447875905,key-1,1102
1775447875905,key-40,13275
1775447875905,key-11,1455
1775447875907,key-44,2281
1775447875908,key-5,106
1775447875911,key-8,1702
1775447875911,key-50,10875
1775447875912,key-47,8546
1775447875912,key-29,1524
1775447875912,key-20,69
1775447875912,key-26,6879
1775447875913,key-13,5098
1775447875913,key-12,1944
1775447875916,key-11,1466
1775447875917,key-50,10881
1775447875917,key-4,513
1775447875919,key-5,117
1775447875919,key-6,2508
1775447875920,key-4,516
1775447875920,key-4,516
1775447875922,key-7,6652
1775447875922,key-44,2296
1775447875923,key-50,108
1775447875925,key-26,6892
1775447875925,key-19,10937
1775447875929,key-30,1776
1775447875931,key-50,116
1775447875933,key-18,5022
1775447875935,key-10,3424
1775447875937,key-43,8613
1775447875939,key-20,96
1775447875939,key-48,416
1775447875940,key-4,536
1775447875948,key-49,14733
1775447875949,key-8,1740
1775447875949,key-20,106
1775447875949,key-26,6916
1775447875949,key-6,2538
1775447875953,key-7,6683
1775447875955,key-11,1505
1775447875956,key-26,6923
1775447875957,key-26,6924
1775447875957,key-42,4716
1775447875958,key-11,1508
1775447875958,key-3,9309
1775447875960,key-30,1807
1775447875960,key-47,8594
1775447875962,key-38,4606
1775447875967,key-29,1579
1775447875967,key-12,1998
1775447875968,key-8,1759
1775447875968,key-8,1759
1775447875971,key-44,2345
1775447875971,key-43,8647
1775447875974,key-48,451
1775447875974,key-40,13344
1775447875974,key-44,2348
1775447875974,key-30,1821
1775447875975,key-50,160
1775447875976,key-49,14761
1775447875976,key-16,1971
1775447875976,key-3,9327
1775447875978,key-10,3467
1775447875978,key-49,14763
1775447875979,key-50,164
1775447875982,key-26,6949
1775447875984,key-7,6714
1775447875988,key-11,1538
1775447875989,key-11,1539
1775447875990,key-33,2300
1775447875992,key-14,6944
1775447875992,key-7,6722
1775447875992,key-29,1604
1775447875992,key-5,190
1775447875992,key-44,2366
1775447875993,key-43,8669
1775447875996,key-4,592
1775447875998,key-6,2587
1775447876000,key-28,602
1775447876000,key-1,1197
1775447876000,key-4,596
1775447876000,key-20,157
1775447876001,key-48,478
1775447876001,key-50,186
1775447876002,key-18,5091
1775447876006,key-42,4765
1775447876011,key-46,2651
1775447876011,key-1,1208
1775447876013,key-30,1860
1775447876016,key-35,1222
1775447876019,key-26,6986
1775447876020,key-11,1570
1775447876020,key-20,177
1775447876024,key-6,2613
1775447876025,key-11,1575
1775447876026,key-7,6756
1775447876026,key-4,622
1775447876027,key-5,225
1775447876027,key-11,1577
1775447876030,key-32,1087
1775447876030,key-47,8664
1775447876031,key-8,1822
1775447876032,key-49,14817
1775447876032,key-9,1087
1775447876033,key-50,218
1775447876034,key-4,630
1775447876035,key-50,220
1775447876035,key-49,14820
1775447876042,key-16,2037
1775447876042,key-15,675
1775447876043,key-7,6773
1775447876044,key-8,1835
1775447876047,key-44,2421
1775447876047,key-16,2042
1775447876051,key-50,236
1775447876053,key-20,210
1775447876054,key-11,1604
1775447876056,key-6,2645
1775447876057,key-26,7024
1775447876058,key-27,744
1775447876059,key-11,1609
1775447876061,key-26,7028
1775447876062,key-49,14847
1775447876063,key-48,540
1775447876063,key-29,1675
1775447876064,key-49,14849
1775447876067,key-8,1858
1775447876068,key-20,225
1775447876071,key-4,667
1775447876072,key-6,2661
1775447876072,key-26,7039
1775447876072,key-4,668
1775447876075,key-8,1866
1775447876076,key-12,2107
1775447876077,key-39,3164
1775447876077,key-7,6807
1775447876077,key-4,673
1775447876078,key-6,2667
1775447876078,key-11,1628
1775447876079,key-8,1870
1775447876080,key-20,237
1775447876080,key-44,2454
1775447876082,key-7,6812
1775447876084,key-5,282
1775447876084,key-11,1634
1775447876085,key-50,270
1775447876088,key-9,1143
1775447876088,key-18,5177
1775447876092,key-44,2466
1775447876092,key-26,7059
1775447876094,key-4,690
1775447876094,key-50,279
1775447876094,key-13,5279
1775447876097,key-30,1944
1775447876097,key-44,2471
1775447876100,key-11,1650
1775447876100,key-50,285
1775447876100,key-49,14885
1775447876101,key-47,8735
1775447876101,key-44,2475
1775447876105,key-5,303
1775447876106,key-7,6836
1775447876106,key-1,1303
1775447876110,key-7,6840
1775447876110,key-7,6840
1775447876112,key-32,1169
1775447876112,key-31,2225
1775447876113,key-49,14898
1775447876115,key-11,1665
1775447876115,key-4,711
1775447876115,key-50,300
1775447876116,key-44,2490
1775447876116,key-7,6846
1775447876116,key-5,314
1775447876118,key-18,5207
1775447876120,key-45,2338
1775447876122,key-11,1672
1775447876123,key-6,2712
1775447876123,key-48,600
1775447876125,key-27,811
1775447876127,key-1,1324
1775447876130,key-6,2719
1775447876131,key-7,6861
1775447876131,key-29,1743
1775447876136,key-7,6866
1775447876137,key-11,1687
1775447876138,key-11,1688
1775447876139,key-33,2449
1775447876139,key-9,1194
1775447876139,key-4,735
1775447876139,key-20,296
1775447876141,key-8,1932
1775447876142,key-2,3365
1775447876145,key-50,330
1775447876147,key-24,9233
1775447876148,key-6,2737
1775447876148,key-4,744
1775447876148,key-23,6797
1775447876148,key-20,305
1775447876151,key-32,1208
1775447876152,key-11,1702
1775447876154,key-30,2001
1775447876155,key-15,788
1775447876155,key-8,1946
1775447876156,key-9,1211
1775447876159,key-47,8793
1775447876160,key-42,4919
1775447876161,key-46,2801
1775447876164,key-1,1361
1775447876164,key-23,6813
1775447876165,key-7,6895
1775447876165,key-2,3388
1775447876165,key-16,2160
1775447876166,key-11,1716
1775447876166,key-15,799
1775447876169,key-50,354
1775447876171,key-27,857
1775447876174,key-1,1371
1775447876174,key-15,807
1775447876174,key-49,14959
1775447876174,key-31,2287
1775447876176,key-6,2765
1775447876176,key-7,6906
1775447876176,key-19,11188
1775447876177,key-6,2766
1775447876178,key-18,5267
1775447876180,key-26,7147
1775447876182,key-7,6912
1775447876183,key-32,1240
1775447876185,key-36,6386
1775447876187,key-50,372
1775447876188,key-29,1800
1775447876188,key-44,2562
1775447876190,key-50,375
1775447876190,key-11,1740
1775447876192,key-5,390
1775447876193,key-18,5282
1775447876193,key-31,2306
1775447876193,key-36,6394
1775447876193,key-48,670
1775447876194,key-44,2568
1775447876194,key-8,1985
1775447876199,key-6,2788
1775447876199,key-50,384
1775447876200,key-39,3287
1775447876203,key-9,1258
1775447876203,key-47,8837
1775447876207,key-26,7174
1775447876207,key-25,5109
1775447876208,key-50,393
1775447876208,key-13,5393
1775447876208,key-50,393
1775447876209,key-35,1415
1775447876211,key-11,1761
1775447876213,key-1,1410
1775447876213,key-8,2004
1775447876216,key-30,2063
1775447876217,key-2,3440
1775447876220,key-23,6869
1775447876223,key-30,2070
1775447876223,key-49,15008
1775447876223,key-50,408
1775447876224,key-50,409
1775447876226,key-11,1776
1775447876229,key-49,15014
1775447876230,key-46,2870
1775447876230,key-10,3719
1775447876231,key-6,2820
1775447876234,key-21,3732
1775447876235,key-31,2348
1775447876235,key-11,1785
1775447876237,key-46,2877
1775447876238,key-26,7205
1775447876238,key-4,834
1775447876238,key-21,3736
1775447876239,key-48,716
1775447876239,key-30,2086
1775447876240,key-26,7207
1775447876241,key-1,1438
1775447876243,key-33,2553
1775447876243,key-20,400
1775447876244,key-6,2833
1775447876245,key-28,847
1775447876252,key-48,729
1775447876254,key-18,5343
1775447876254,key-11,1804
1775447876255,key-6,2844
1775447876255,key-50,440
1775447876255,key-32,1312
1775447876256,key-38,130
1775447876260,key-5,458
1775447876260,key-11,1810
1775447876261,key-15,894
1775447876262,key-11,1812
1775447876262,key-15,895
1775447876266,key-44,2640
1775447876266,key-47,8900
1775447876267,key-8,2058
1775447876267,key-50,452
1775447876269,key-24,9355
1775447876273,key-30,2120
1775447876274,key-2,3497
1775447876276,key-1,1473
1775447876278,key-1,1475
1775447876279,key-27,965
1775447876280,key-26,7247
1775447876280,key-1,1477
1775447876281,key-7,7011
1775447876282,key-25,5184
1775447876283,key-3,118
1775447876283,key-1,1480
1775447876284,key-46,2924
1775447876285,key-7,7015
1775447876288,key-3,123
1775447876288,key-49,15073
1775447876290,key-8,2081
1775447876290,key-46,2930
1775447876290,key-46,2930
1775447876294,key-11,1844
1775447876295,key-48,772
1775447876295,key-32,1352
1775447876296,key-20,453
1775447876296,key-20,453
1775447876298,key-31,2411
1775447876301,key-26,7268
1775447876301,key-36,6502
1775447876302,key-30,2149
1775447876302,key-50,487
1775447876303,key-12,2334
1775447876304,key-41,10666
1775447876306,key-38,180
1775447876307,key-29,1919
1775447876308,key-48,785
1775447876308,key-50,493
1775447876308,key-6,2897
1775447876308,key-30,2155
1775447876309,key-4,905
1775447876309,key-36,6510
1775447876309,key-44,2683
1775447876310,key-21,3808
1775447876313,key-5,511
1775447876313,key-8,2104
1775447876313,key-31,2426
1775447876317,key-32,1374
1775447876317,key-18,5406
1775447876317,key-6,2906
1775447876318,key-25,5220
1775447876318,key-44,2692
1775447876320,key-8,2111
1775447876321,key-15,954
1775447876324,key-25,5226
1775447876326,key-50,511
1775447876334,key-30,2181
1775447876335,key-1,1532
1775447876335,key-8,2126
1775447876335,key-42,5094
1775447876336,key-9,1391
1775447876336,key-50,521
1775447876336,key-11,1886
1775447876336,key-35,1542
1775447876336,key-11,1886
1775447876337,key-2,3560
1775447876337,key-1,1534
1775447876337,key-26,7304
1775447876337,key-12,2368
1775447876338,key-1,1535
1775447876338,key-3,173
1775447876340,key-27,1026
1775447876346,key-46,2986
1775447876349,key-4,945
1775447876353,key-11,1903
1775447876355,key-15,988
1775447876356,key-3,191
1775447876357,key-11,1907
1775447876359,key-20,112
1775447876359,key-4,955
1775447876361,key-15,994
1775447876361,key-18,5450
1775447876365,key-50,550
1775447876372,key-18,5461
1775447876373,key-42,5132
1775447876374,key-12,2405
1775447876374,key-11,1924
1775447876376,key-13,5561
1775447876376,key-23,7025
1775447876376,key-50,561
1775447876377,key-29,1989
1775447876377,key-23,7026
1775447876378,key-39,3465
1775447876379,key-8,2170
1775447876381,key-1,1578
1775447876383,key-44,2757
1775447876385,key-1,1582
1775447876387,key-25,5289
1775447876387,key-32,1444
1775447876389,key-29,2001
1775447876389,key-1,1586
1775447876391,key-16,2386
1775447876391,key-25,5293
1775447876391,key-2,3614
1775447876391,key-6,2980
1775447876391,key-15,129
1775447876392,key-13,5577
1775447876393,key-21,3891
1775447876394,key-27,1080
1775447876397,key-49,15182
1775447876398,key-3,233
1775447876398,key-9,1453
1775447876398,key-27,1084
1775447876399,key-9,1454
1775447876400,key-1,1597
1775447876401,key-10,3890
1775447876401,key-3,236
1775447876401,key-7,7131
1775447876402,key-1,1599
1775447876402,key-25,5304
1775447876406,key-3,241
1775447876410,key-26,7377
1775447876445,key-46,3085
1775447876450,key-35,1656
1775447876450,key-12,2481
1775447876450,key-26,7417
1775447876450,key-48,927
1775447876450,key-8,2241
1775447876451,key-32,1508
1775447876451,key-11,2001
1775447876451,key-6,3040
1775447876451,key-16,2446
1775447876451,key-41,10813
1775447876452,key-12,2483
1775447876452,key-32,1509
1775447876452,key-15,190
1775447876452,key-31,2565
1775447876452,key-36,6653
1775447876452,key-3,287
1775447876452,key-3,287
1775447876453,key-12,2484
1775447876453,key-20,206
1775447876453,key-40,13823
1775447876453,key-26,7420
1775447876453,key-35,1659
1775447876454,key-8,2245
1775447876454,key-50,639
1775447876454,key-36,6655
1775447876454,key-4,1050
1775447876454,key-18,5543
1775447876455,key-50,640
