timestamp_ms,key,delta_ms
1775447633303,key-30,182
1775447633304,key-30,183
1775447633323,key-30,202
1775447633333,key-30,212
1775447633337,key-30,216
1775447633338,key-30,217
1775447633347,key-30,226
1775447633363,key-30,242
1775447633383,key-30,262
1775447633411,key-30,290
1775447633420,key-30,299
1775447633427,key-30,306
1775447633454,key-30,333
1775447633455,key-30,334
1775447633455,key-30,334
1775447633456,key-30,335
1775447633480,key-30,359
1775447633486,key-30,365
1775447633502,key-30,381
1775447633503,key-30,382
1775447633511,key-30,390
1775447633513,key-30,392
1775447633514,key-30,393
1775447633516,key-30,395
1775447633517,key-30,396
1775447633521,key-30,400
1775447633530,key-30,409
1775447633538,key-30,417
1775447633566,key-30,445
1775447633566,key-30,445
1775447633571,key-30,450
1775447633583,key-30,462
1775447633610,key-30,489
1775447633617,key-30,496
1775447633621,key-30,500
1775447633627,key-30,506
1775447633649,key-30,528
1775447633683,key-30,562
1775447633687,key-30,566
1775447633688,key-30,567
1775447633691,key-30,570
1775447633693,key-30,572
1775447633694,key-30,573
1775447633702,key-30,581
1775447633707,key-30,586
1775447633723,key-30,602
1775447633741,key-30,620
1775447633755,key-30,634
1775447633757,key-30,636
1775447633764,key-30,643
1775447633772,key-30,651
1775447633777,key-30,656
1775447633789,key-30,668
1775447633808,key-30,687
1775447633808,key-30,687
1775447633835,key-30,714
1775447633839,key-30,718
1775447633848,key-30,727
1775447633863,key-30,742
1775447633864,key-30,743
1775447633869,key-30,748
1775447633878,key-30,757
1775447633879,key-30,758
1775447633883,key-30,762
1775447633889,key-30,768
1775447633926,key-30,805
1775447633935,key-30,814
1775447633956,key-30,835
1775447633957,key-30,836
1775447633959,key-30,838
1775447633975,key-30,854
1775447633976,key-30,855
1775447633982,key-30,861
1775447633999,key-30,878
1775447634003,key-30,882
1775447634016,key-30,895
1775447634022,key-30,901
1775447634045,key-30,924
1775447634046,key-30,925
1775447634055,key-30,934
1775447634055,key-30,934
1775447634063,key-30,942
1775447634066,key-30,945
1775447634076,key-30,955
1775447634111,key-30,990
1775447634111,key-30,990
1775447634117,key-30,996
1775447634129,key-30,1008
1775447634132,key-30,1011
1775447634138,key-30,1017
1775447634138,key-30,1017
1775447634143,key-30,1022
1775447634148,key-30,1027
1775447634163,key-30,1042
1775447634178,key-30,1057
1775447634179,key-30,1058
1775447634180,key-30,1059
1775447634243,key-30,1122
1775447634258,key-30,1137
1775447634260,key-30,1139
1775447634264,key-30,1143
1775447634264,key-30,1143
1775447634265,key-30,1144
1775447634265,key-30,1144
1775447634266,key-30,1145
1775447634266,key-30,1145
1775447634266,key-30,1145
1775447634266,key-30,1145
1775447634267,key-30,1146
1775447634279,key-30,1158
1775447634285,key-30,1164
1775447634287,key-30,1166
1775447634288,key-30,1167
1775447634288,key-30,1167
1775447634289,key-30,1168
1775447634311,key-30,1190
1775447634313,key-30,1192
1775447634316,key-30,1195
1775447634317,key-30,1196
1775447634337,key-30,1216
1775447634338,key-30,1217
1775447634339,key-30,1218
1775447634352,key-30,1231
1775447634353,key-30,1232
1775447634365,key-30,1244
1775447634367,key-30,1246
1775447634384,key-30,1263
1775447634387,key-30,1266
1775447634391,key-30,1270
1775447634437,key-30,1316
1775447634438,key-30,1317
1775447634446,key-30,1325
1775447634451,key-30,1330
1775447634455,key-30,1334
1775447634458,key-30,1337
1775447634462,key-30,1341
1775447634463,key-30,1342
1775447634471,key-30,1350
1775447634475,key-30,1354
1775447634485,key-30,1364
1775447634487,key-30,1366
1775447634488,key-30,1367
1775447634492,key-30,1371
1775447634497,key-30,1376
1775447634507,key-50,422
1775447634517,key-30,1396
1775447634522,key-30,1401
1775447634539,key-30,1418
1775447634540,key-30,1419
1775447634542,key-30,1421
1775447634542,key-30,1421
1775447634543,key-30,1422
1775447634548,key-30,1427
1775447634557,key-30,1436
1775447634558,key-30,1437
1775447634571,key-30,1450
1775447634573,key-30,1452
1775447634598,key-30,1477
1775447634598,key-30,1477
1775447634607,key-30,1486
1775447634610,key-30,1489
1775447634610,key-30,1489
1775447634616,key-30,1495
1775447634653,key-30,1532
1775447634657,key-30,1536
1775447634663,key-30,1542
1775447634664,key-30,1543
1775447634670,key-30,1549
1775447634681,key-30,1560
1775447634685,key-30,1564
1775447634690,key-30,1569
1775447634697,key-30,1576
1775447634698,key-30,1577
1775447634702,key-30,1581
1775447634703,key-30,1582
1775447634714,key-30,1593
1775447634714,key-30,1593
1775447634721,key-30,1600
1775447634721,key-30,1600
1775447634721,key-30,1600
1775447634721,key-30,1600
1775447634722,key-30,1601
1775447634744,key-30,1623
1775447634745,key-30,1624
1775447634745,key-30,1624
1775447634748,key-30,1627
1775447634751,key-30,1630
1775447634751,key-30,1630
1775447634777,key-30,1656
1775447634781,key-30,1660
1775447634784,key-4,205
1775447634790,key-30,1669
1775447634798,key-30,1677
1775447634802,key-30,1681
1775447634837,key-30,1716
1775447634839,key-30,1718
1775447634849,key-30,1728
1775447634862,key-30,1741
1775447634865,key-30,1744
1775447634894,key-30,1773
1775447634895,key-30,1774
1775447634901,key-30,1780
1775447634902,key-30,1781
1775447634903,key-30,1782
1775447634904,key-30,1783
1775447634904,key-30,1783
1775447634905,key-30,1784
1775447634936,key-30,1815
1775447634937,key-30,1816
1775447634938,key-30,1817
1775447634939,key-30,1818
1775447634939,key-30,1818
1775447634942,key-30,1821
1775447634953,key-30,1832
1775447634957,key-30,1836
1775447634967,key-30,1846
1775447634968,key-30,1847
1775447634969,key-4,390
1775447634971,key-30,1850
1775447634982,key-30,1861
1775447634990,key-30,1869
1775447634991,key-30,1870
1775447634992,key-30,1871
1775447635031,key-30,1910
1775447635035,key-30,1914
1775447635042,key-30,1921
1775447635050,key-11,311
1775447635065,key-30,1944
1775447635066,key-30,1945
1775447635071,key-30,1950
1775447635074,key-30,1953
1775447635089,key-30,1968
1775447635090,key-30,1969
1775447635105,key-30,1984
1775447635105,key-30,1984
1775447635106,key-30,1985
1775447635116,key-30,1995
1775447635116,key-4,537
1775447635127,key-30,2006
1775447635127,key-30,2006
1775447635127,key-30,2006
1775447635140,key-30,2019
1775447635141,key-30,2020
1775447635141,key-30,2020
1775447635156,key-30,2035
1775447635157,key-30,2036
1775447635157,key-30,2036
1775447635167,key-30,2046
1775447635168,key-30,2047
1775447635168,key-30,2047
1775447635170,key-30,2049
1775447635176,key-30,2055
1775447635185,key-30,2064
1775447635193,key-30,2072
1775447635193,key-18,194
1775447635212,key-30,2091
1775447635217,key-30,2096
1775447635230,key-30,2109
1775447635232,key-30,2111
1775447635252,key-30,2131
1775447635260,key-30,2139
1775447635261,key-30,2140
1775447635261,key-30,2140
1775447635262,key-11,523
1775447635264,key-30,2143
1775447635267,key-30,2146
1775447635267,key-11,528
1775447635268,key-30,2147
1775447635268,key-30,2147
1775447635269,key-30,2148
1775447635288,key-30,2167
1775447635291,key-30,2170
1775447635299,key-30,2178
1775447635301,key-30,2180
1775447635303,key-30,2182
1775447635309,key-30,2188
1775447635310,key-30,2189
1775447635312,key-11,573
1775447635312,key-30,2191
1775447635312,key-30,2191
1775447635314,key-30,2193
1775447635320,key-30,2199
1775447635320,key-30,2199
1775447635324,key-30,2203
1775447635332,key-30,2211
1775447635342,key-4,763
1775447635348,key-4,769
1775447635358,key-30,2237
1775447635367,key-30,2246
1775447635368,key-4,789
1775447635370,key-30,2249
1775447635372,key-30,2251
1775447635388,key-30,2267
1775447635389,key-30,2268
1775447635389,key-30,2268
1775447635396,key-30,2275
1775447635410,key-30,2289
1775447635416,key-30,2295
1775447635417,key-30,2296
1775447635435,key-30,2314
1775447635445,key-30,2324
1775447635446,key-30,2325
1775447635448,key-18,449
1775447635452,key-30,2331
1775447635463,key-30,2342
1775447635465,key-30,2344
1775447635472,key-30,2351
1775447635474,key-30,2353
1775447635475,key-30,2354
1775447635475,key-30,2354
1775447635475,key-11,736
1775447635481,key-30,2360
1775447635483,key-30,2362
1775447635485,key-30,2364
1775447635486,key-11,747
1775447635491,key-30,2370
1775447635491,key-30,2370
1775447635496,key-30,2375
1775447635500,key-30,2379
1775447635512,key-30,2391
1775447635514,key-4,935
1775447635515,key-30,2394
1775447635516,key-30,2395
1775447635520,key-30,2399
1775447635524,key-30,2403
1775447635531,key-4,952
1775447635532,key-30,2411
1775447635537,key-30,2416
1775447635541,key-30,2420
1775447635541,key-30,2420
1775447635543,key-30,2422
1775447635544,key-30,2423
1775447635554,key-30,2433
1775447635559,key-30,2438
1775447635563,key-30,2442
1775447635567,key-30,2446
1775447635583,key-30,2462
1775447635588,key-30,2467
1775447635589,key-30,2468
1775447635611,key-30,2490
1775447635619,key-30,2498
1775447635623,key-30,2502
1775447635634,key-30,2513
1775447635635,key-50,1550
1775447635636,key-30,2515
1775447635639,key-30,2518
1775447635645,key-30,2524
1775447635649,key-30,2528
1775447635650,key-18,651
1775447635650,key-30,2529
1775447635679,key-11,940
1775447635680,key-4,1101
1775447635683,key-30,2562
1775447635688,key-30,2567
1775447635690,key-30,2569
1775447635701,key-30,2580
1775447635708,key-4,1129
1775447635709,key-30,2588
1775447635719,key-30,2598
1775447635720,key-4,1141
1775447635726,key-30,2605
1775447635730,key-30,2609
1775447635731,key-4,1152
1775447635731,key-30,2610
1775447635735,key-30,2614
1775447635738,key-30,2617
1775447635753,key-30,2632
1775447635754,key-30,2633
1775447635754,key-30,2633
1775447635760,key-4,1181
1775447635766,key-30,2645
1775447635777,key-30,2656
1775447635779,key-4,1200
1775447635779,key-30,2658
1775447635786,key-30,2665
1775447635795,key-30,2674
1775447635806,key-50,1721
1775447635817,key-50,1732
1775447635831,key-4,1252
1775447635832,key-50,1747
1775447635834,key-30,2713
1775447635834,key-30,2713
1775447635840,key-4,1261
1775447635848,key-30,2727
1775447635849,key-4,1270
1775447635853,key-30,2732
1775447635855,key-30,2734
1775447635857,key-30,2736
1775447635862,key-18,863
1775447635870,key-30,2749
1775447635870,key-30,2749
1775447635875,key-18,876
1775447635877,key-30,2756
1775447635879,key-30,2758
1775447635884,key-4,1305
1775447635884,key-30,2763
1775447635898,key-18,899
1775447635900,key-30,2779
1775447635915,key-30,2794
1775447635915,key-30,2794
1775447635920,key-30,2799
1775447635920,key-30,2799
1775447635922,key-4,1343
1775447635924,key-30,2803
1775447635932,key-30,2811
1775447635942,key-30,2821
1775447635952,key-30,2831
1775447635957,key-30,2836
1775447635957,key-30,2836
1775447635966,key-30,2845
1775447635990,key-50,1905
1775447635996,key-30,2875
1775447636006,key-4,1427
1775447636011,key-30,2890
1775447636016,key-4,1437
1775447636025,key-4,1446
1775447636034,key-50,1949
1775447636034,key-18,1035
1775447636036,key-18,1037
1775447636038,key-30,2917
1775447636043,key-18,1044
1775447636044,key-30,2923
1775447636049,key-18,1050
1775447636051,key-30,2930
1775447636052,key-30,2931
1775447636057,key-4,1478
1775447636070,key-30,2949
1775447636071,key-18,1072
1775447636071,key-30,2950
1775447636085,key-30,2964
1775447636087,key-4,1508
1775447636091,key-30,2970
1775447636092,key-30,2971
1775447636096,key-30,2975
1775447636098,key-18,1099
1775447636103,key-30,2982
1775447636108,key-4,1529
1775447636118,key-18,1119
1775447636118,key-30,2997
1775447636120,key-18,1121
1775447636122,key-30,3001
1775447636131,key-30,3010
1775447636136,key-30,3015
1775447636136,key-30,3015
1775447636139,key-18,1140
1775447636141,key-30,3020
1775447636147,key-30,3026
1775447636148,key-30,3027
1775447636152,key-30,3031
1775447636159,key-30,3038
1775447636161,key-30,3040
1775447636165,key-30,3044
1775447636166,key-30,3045
1775447636167,key-30,3046
1775447636176,key-4,1597
1775447636184,key-4,1605
1775447636185,key-30,3064
1775447636189,key-30,3068
1775447636214,key-30,3093
1775447636220,key-4,1641
1775447636240,key-30,3119
1775447636241,key-4,1662
1775447636241,key-30,3120
1775447636243,key-18,1244
1775447636244,key-11,1505
1775447636248,key-18,1249
1775447636252,key-2,166
1775447636256,key-18,1257
1775447636264,key-30,3143
1775447636265,key-2,179
1775447636265,key-50,2180
1775447636265,key-2,179
1775447636266,key-18,1267
1775447636266,key-30,3145
1775447636266,key-18,1267
1775447636267,key-30,3146
1775447636267,key-4,1688
1775447636269,key-30,3148
1775447636272,key-30,3151
1775447636280,key-4,1701
1775447636281,key-4,1702
1775447636287,key-30,3166
1775447636299,key-30,3178
1775447636299,key-18,1300
1775447636306,key-30,3185
1775447636308,key-30,3187
1775447636311,key-30,3190
1775447636312,key-18,1313
1775447636316,key-30,3194
1775447636318,key-30,3197
1775447636319,key-30,3198
1775447636323,key-18,1324
1775447636339,key-30,3218
1775447636341,key-30,3220
1775447636342,key-4,1763
1775447636342,key-18,1343
1775447636343,key-30,3222
1775447636344,key-30,3223
1775447636350,key-30,3229
1775447636363,key-30,3242
1775447636368,key-4,1789
1775447636369,key-30,3248
1775447636380,key-30,3259
1775447636387,key-30,3266
1775447636390,key-30,3269
1775447636391,key-30,3270
1775447636395,key-30,3274
1775447636396,key-30,3275
1775447636433,key-4,1854
1775447636436,key-4,1857
1775447636437,key-2,351
1775447636443,key-30,3322
1775447636445,key-30,3324
1775447636446,key-2,360
1775447636446,key-18,1447
1775447636452,key-30,3331
1775447636452,key-18,1453
1775447636452,key-18,1453
1775447636453,key-2,367
1775447636456,key-2,370
1775447636458,key-18,1459
1775447636467,key-4,1888
1775447636472,key-30,3351
1775447636484,key-30,3363
1775447636487,key-18,1488
1775447636491,key-18,1492
1775447636498,key-18,1499
1775447636501,key-4,1922
1775447636502,key-30,3381
1775447636503,key-30,3382
1775447636511,key-30,3390
1775447636517,key-4,1938
1775447636518,key-30,3397
1775447636526,key-4,1947
1775447636529,key-40,218
1775447636534,key-30,3413
1775447636538,key-30,3417
1775447636541,key-40,230
1775447636550,key-30,3429
1775447636552,key-30,3431
1775447636553,key-30,3432
1775447636556,key-2,470
1775447636559,key-30,3438
1775447636584,key-30,3463
1775447636585,key-30,3464
1775447636593,key-18,1594
1775447636601,key-30,3480
1775447636609,key-30,3488
1775447636634,key-18,1635
1775447636634,key-2,548
1775447636635,key-30,3514
1775447636635,key-18,1636
1775447636639,key-4,2060
1775447636644,key-18,1645
1775447636649,key-30,3528
1775447636650,key-30,3529
1775447636652,key-30,3531
1775447636657,key-30,3536
1775447636659,key-30,3538
1775447636659,key-30,3538
1775447636662,key-30,3541
1775447636664,key-30,3543
1775447636666,key-30,3545
1775447636679,key-2,593
1775447636683,key-4,2104
1775447636683,key-18,1684
1775447636683,key-4,2104
1775447636684,key-4,2105
1775447636684,key-18,1685
1775447636691,key-18,1692
1775447636700,key-30,3579
1775447636704,key-30,3583
1775447636705,key-4,2126
1775447636705,key-18,1706
1775447636707,key-30,3586
1775447636711,key-30,3590
1775447636712,key-30,3591
1775447636716,key-30,3595
1775447636723,key-30,3602
1775447636739,key-30,3618
1775447636745,key-30,3624
1775447636746,key-18,1747
1775447636756,key-18,1757
1775447636768,key-40,457
1775447636771,key-30,3650
1775447636775,key-30,3654
1775447636781,key-30,3660
1775447636790,key-40,479
1775447636791,key-4,2212
1775447636793,key-18,1794
1775447636806,key-30,3685
1775447636807,key-30,3686
1775447636809,key-35,304
1775447636818,key-18,1819
1775447636818,key-30,3697
1775447636831,key-30,3710
1775447636832,key-30,3711
1775447636837,key-30,3716
1775447636839,key-30,3718
1775447636840,key-30,3719
1775447636840,key-30,3719
1775447636841,key-30,3720
1775447636846,key-30,3725
1775447636852,key-4,2273
1775447636866,key-4,2287
1775447636867,key-18,1868
1775447636868,key-18,1869
1775447636872,key-18,1873
1775447636874,key-30,3753
1775447636882,key-18,1883
1775447636883,key-4,2304
1775447636883,key-45,197
1775447636884,key-45,198
1775447636884,key-30,3763
1775447636887,key-30,3766
1775447636893,key-30,3772
1775447636894,key-30,3773
1775447636896,key-30,3775
1775447636900,key-45,214
1775447636901,key-18,1902
1775447636904,key-18,1905
1775447636905,key-30,3784
1775447636909,key-30,3788
1775447636910,key-30,3789
1775447636912,key-4,2333
1775447636913,key-40,602
1775447636919,key-35,414
1775447636929,key-30,3808
1775447636932,key-40,621
1775447636933,key-18,1934
1775447636948,key-30,3827
1775447636950,key-30,3829
1775447636952,key-30,3831
1775447636960,key-18,1961
1775447636963,key-30,3842
1775447636966,key-30,3845
1775447636974,key-35,469
1775447636994,key-40,683
1775447636998,key-30,3877
1775447636999,key-30,3878
1775447637000,key-30,3879
1775447637014,key-4,2435
1775447637023,key-30,3902
1775447637024,key-18,2025
1775447637031,key-4,2452
1775447637032,key-4,2453
1775447637033,key-30,3912
1775447637034,key-18,2035
1775447637040,key-30,3919
1775447637048,key-18,2049
1775447637049,key-30,3928
1775447637049,key-18,2050
1775447637051,key-18,2052
1775447637051,key-30,3930
1775447637052,key-30,3931
1775447637057,key-18,2058
1775447637062,key-18,2063
1775447637076,key-35,571
1775447637079,key-30,3958
1775447637080,key-18,2081
1775447637081,key-35,576
1775447637082,key-30,3961
1775447637088,key-30,3967
1775447637092,key-30,3971
1775447637092,key-30,3971
1775447637098,key-30,3977
1775447637103,key-18,2104
1775447637106,key-40,795
1775447637106,key-4,2527
1775447637108,key-4,2529
1775447637108,key-30,3987
1775447637114,key-30,3993
1775447637115,key-18,2116
1775447637123,key-4,2544
1775447637125,key-30,4004
1775447637131,key-40,820
1775447637132,key-18,2133
1775447637132,key-30,4011
1775447637133,key-18,2134
1775447637133,key-18,2134
1775447637137,key-30,4016
1775447637154,key-18,2155
1775447637183,key-30,4062
1775447637194,key-18,2195
1775447637199,key-18,2200
1775447637205,key-30,4084
1775447637206,key-40,895
1775447637211,key-18,2212
1775447637217,key-18,2218
1775447637218,key-30,4097
1775447637219,key-18,2220
1775447637220,key-30,4099
1775447637220,key-4,2641
1775447637220,key-4,2641
1775447637245,key-18,2246
1775447637250,key-18,2251
1775447637251,key-30,4130
1775447637251,key-4,2672
1775447637252,key-18,2253
1775447637262,key-30,4141
1775447637263,key-30,4142
1775447637263,key-30,4142
1775447637265,key-30,4144
1775447637266,key-30,4145
1775447637266,key-18,2267
1775447637266,key-35,761
1775447637266,key-35,761
1775447637266,key-18,2267
1775447637268,key-18,2269
1775447637268,key-30,4147
1775447637279,key-18,2280
1775447637286,key-35,781
1775447637295,key-4,2716
1775447637296,key-30,4175
1775447637304,key-18,2305
1775447637305,key-30,4184
1775447637307,key-30,4186
1775447637308,key-30,4187
1775447637310,key-18,2311
1775447637315,key-40,1004
1775447637316,key-30,4195
1775447637320,key-18,2321
1775447637323,key-18,2324
1775447637323,key-18,2324
1775447637328,key-30,4207
1775447637330,key-4,2751
1775447637333,key-4,2754
1775447637337,key-4,2758
1775447637343,key-18,2344
1775447637344,key-40,1033
1775447637347,key-18,2348
1775447637354,key-4,2775
1775447637358,key-30,4237
1775447637367,key-4,2788
1775447637368,key-40,1057
1775447637377,key-18,2378
1775447637380,key-40,1069
1775447637386,key-30,4265
1775447637386,key-30,4265
1775447637387,key-30,4266
1775447637389,key-18,2390
1775447637389,key-18,2390
1775447637390,key-18,2391
1775447637395,key-18,2396
1775447637396,key-50,3311
1775447637422,key-18,2423
1775447637423,key-18,2424
1775447637423,key-18,2424
1775447637424,key-35,919
1775447637428,key-30,4307
1775447637437,key-18,2438
1775447637439,key-30,4318
1775447637439,key-30,4318
1775447637441,key-18,2442
1775447637450,key-4,2871
1775447637451,key-35,946
1775447637453,key-18,2454
1775447637454,key-35,949
1775447637454,key-35,949
1775447637456,key-18,2457
1775447637457,key-30,4336
1775447637467,key-30,4346
1775447637475,key-18,2476
1775447637475,key-18,2476
1775447637476,key-30,4355
1775447637476,key-30,4355
1775447637476,key-18,2477
1775447637481,key-18,2482
1775447637484,key-18,2485
1775447637488,key-2,1402
1775447637494,key-30,4373
1775447637497,key-18,2498
1775447637497,key-30,4376
1775447637501,key-35,996
1775447637502,key-30,4381
1775447637505,key-30,4384
1775447637510,key-30,4389
1775447637510,key-18,2511
1775447637511,key-30,4390
1775447637513,key-40,1202
1775447637519,key-30,4398
1775447637520,key-4,2941
1775447637520,key-30,4399
1775447637525,key-11,840
1775447637528,key-18,2529
1775447637534,key-4,2955
1775447637534,key-30,4413
1775447637541,key-4,2962
1775447637544,key-2,1458
1775447637549,key-18,2550
1775447637560,key-40,1249
1775447637560,key-30,4439
1775447637560,key-18,2561
1775447637564,key-30,4443
1775447637570,key-40,1259
1775447637585,key-40,1274
1775447637595,key-40,1284
1775447637600,key-18,2601
1775447637600,key-30,4479
1775447637602,key-18,2603
1775447637607,key-30,4486
1775447637607,key-30,4486
1775447637610,key-30,4489
1775447637612,key-18,2613
1775447637615,key-35,1110
1775447637615,key-4,3036
1775447637637,key-18,2638
1775447637641,key-35,1136
1775447637642,key-18,2643
1775447637643,key-30,4522
1775447637650,key-35,1145
1775447637651,key-18,2652
1775447637651,key-30,4530
1775447637651,key-4,3072
1775447637652,key-30,4531
1775447637653,key-35,1148
1775447637665,key-30,4544
1775447637678,key-30,4557
1775447637684,key-3,989
1775447637689,key-30,4568
1775447637689,key-18,2690
1775447637689,key-18,2690
1775447637689,key-35,1184
1775447637690,key-30,4569
1775447637690,key-35,1185
1775447637690,key-35,1185
1775447637690,key-18,2691
1775447637693,key-30,4572
1775447637698,key-45,1012
1775447637699,key-30,4578
1775447637702,key-35,1197
1775447637704,key-30,4583
1775447637706,key-35,1201
1775447637711,key-30,4590
1775447637713,key-2,1627
1775447637717,key-30,4596
1775447637727,key-18,2728
1775447637732,key-18,2733
1775447637733,key-30,4612
1775447637738,key-30,4617
1775447637751,key-4,3172
1775447637753,key-4,3174
1775447637755,key-40,1444
1775447637755,key-11,1070
1775447637761,key-4,3182
1775447637763,key-40,1452
1775447637764,key-4,3185
1775447637771,key-4,3192
1775447637779,key-18,2780
1775447637779,key-2,1693
1775447637788,key-2,1702
1775447637790,key-18,2791
1775447637792,key-18,2793
1775447637793,key-30,4672
1775447637798,key-30,4677
1775447637800,key-18,2801
1775447637802,key-11,1117
1775447637803,key-40,1492
1775447637807,key-30,4686
1775447637808,key-40,1497
1775447637815,key-35,1310
1775447637816,key-35,1311
1775447637821,key-30,4700
1775447637821,key-35,1316
1775447637831,key-30,4710
1775447637844,key-18,2845
1775447637848,key-18,2849
1775447637849,key-30,4728
1775447637851,key-18,2852
1775447637858,key-30,4737
1775447637863,key-35,1358
1775447637865,key-30,4744
1775447637868,key-30,4747
1775447637868,key-3,1173
1775447637869,key-19,452
1775447637869,key-35,1364
1775447637871,key-30,4750
1775447637875,key-35,1370
1775447637880,key-35,1375
1775447637881,key-35,1376
1775447637883,key-30,4762
1775447637884,key-18,2885
1775447637895,key-35,1390
1775447637898,key-3,1203
1775447637900,key-30,4779
1775447637903,key-35,1398
1775447637904,key-30,4783
1775447637905,key-30,4784
1775447637910,key-11,1225
1775447637911,key-18,2912
1775447637914,key-4,3335
1775447637923,key-40,1612
1775447637924,key-45,362
1775447637925,key-2,1839
1775447637929,key-30,4808
1775447637930,key-30,4809
1775447637932,key-30,4811
1775447637933,key-11,1248
1775447637940,key-4,3361
1775447637946,key-2,1860
1775447637947,key-30,4826
1775447637952,key-18,2953
1775447637965,key-30,4844
1775447637972,key-2,1886
1775447637975,key-30,4854
1775447637976,key-30,4855
1775447637978,key-4,3399
1775447637979,key-2,1893
1775447637979,key-30,4858
1775447637979,key-30,4858
1775447637979,key-40,1668
1775447637982,key-4,3403
1775447637987,key-40,1676
1775447637987,key-40,1676
1775447637987,key-40,1676
1775447637989,key-18,2990
1775447637992,key-35,1487
1775447637995,key-30,4874
1775447638000,key-11,1315
1775447638006,key-40,1695
1775447638007,key-4,3428
1775447638016,key-18,3017
1775447638020,key-18,3021
1775447638030,key-45,468
1775447638039,key-35,1534
1775447638043,key-19,626
1775447638045,key-30,4924
1775447638047,key-18,3048
1775447638050,key-2,1964
1775447638057,key-30,4936
1775447638058,key-30,4937
1775447638059,key-30,4938
1775447638065,key-35,1560
1775447638077,key-45,515
1775447638078,key-30,4957
1775447638083,key-40,1772
1775447638088,key-30,4967
1775447638089,key-35,1584
1775447638091,key-11,1406
1775447638102,key-30,4981
1775447638102,key-19,685
1775447638102,key-45,540
1775447638105,key-35,1600
1775447638106,key-35,1601
1775447638106,key-30,4985
1775447638106,key-35,1601
1775447638110,key-30,4989
1775447638111,key-30,4990
1775447638113,key-19,696
1775447638113,key-40,1802
1775447638117,key-2,2031
1775447638122,key-4,3543
1775447638122,key-35,1617
1775447638124,key-30,5003
1775447638133,key-4,3554
1775447638135,key-2,2049
1775447638156,key-4,3577
1775447638160,key-40,1849
1775447638161,key-30,5040
1775447638162,key-40,1851
1775447638167,key-30,5046
1775447638170,key-30,5049
1775447638170,key-45,608
1775447638177,key-35,1672
1775447638178,key-30,5057
1775447638179,key-4,3600
1775447638180,key-45,618
1775447638183,key-30,5062
1775447638184,key-11,1499
1775447638188,key-30,5067
1775447638194,key-18,3195
1775447638198,key-18,3199
1775447638206,key-40,1895
1775447638211,key-18,3212
1775447638213,key-30,5092
1775447638227,key-2,2141
1775447638229,key-35,1724
1775447638230,key-19,813
1775447638231,key-30,5110
1775447638233,key-30,5112
1775447638234,key-45,672
1775447638235,key-4,3656
1775447638236,key-18,3237
1775447638238,key-11,1553
1775447638258,key-30,5137
1775447638260,key-24,220
1775447638263,key-19,846
1775447638264,key-18,3265
1775447638264,key-35,1759
1775447638265,key-35,1760
1775447638267,key-30,5146
1775447638267,key-2,2181
1775447638268,key-30,5147
1775447638268,key-35,1763
1775447638273,key-30,5152
1775447638273,key-40,1962
1775447638279,key-40,1968
1775447638286,key-30,5165
1775447638286,key-45,724
1775447638288,key-40,1977
1775447638289,key-30,5168
1775447638291,key-35,1786
1775447638292,key-30,5171
1775447638296,key-2,2210
1775447638297,key-4,3718
1775447638300,key-19,883
1775447638301,key-2,2215
1775447638302,key-4,3723
1775447638310,key-35,1805
1775447638316,key-19,899
1775447638316,key-35,1811
1775447638317,key-11,1632
1775447638317,key-30,5196
1775447638317,key-45,755
1775447638317,key-4,3738
1775447638318,key-35,1813
1775447638318,key-35,1813
1775447638320,key-45,758
1775447638323,key-30,5202
1775447638324,key-30,5203
1775447638338,key-30,5217
1775447638339,key-19,922
1775447638342,key-50,4257
1775447638351,key-4,3772
1775447638352,key-40,2041
1775447638352,key-35,1847
1775447638353,key-4,3774
1775447638358,key-35,1853
1775447638362,key-18,3363
1775447638368,key-4,3789
1775447638368,key-11,1683
1775447638371,key-35,1866
1775447638382,key-35,1877
1775447638385,key-40,2074
1775447638387,key-19,970
1775447638389,key-2,2303
1775447638390,key-45,828
1775447638400,key-30,5279
1775447638405,key-30,5284
1775447638409,key-45,847
1775447638410,key-18,3411
1775447638411,key-4,3832
1775447638417,key-45,855
1775447638425,key-30,5304
1775447638427,key-18,3428
1775447638437,key-30,5316
1775447638438,key-30,5317
1775447638446,key-19,1029
1775447638447,key-19,1030
1775447638447,key-30,5326
1775447638447,key-40,2136
1775447638452,key-4,3873
1775447638457,key-40,2146
1775447638464,key-35,1959
1775447638465,key-30,5344
1775447638465,key-30,5344
1775447638467,key-30,5346
1775447638473,key-40,2162
1775447638475,key-35,1970
1775447638477,key-35,1972
1775447638479,key-45,917
1775447638479,key-2,2393
1775447638482,key-30,5361
1775447638490,key-4,3911
1775447638491,key-24,451
1775447638494,key-19,1077
1775447638495,key-30,5374
1775447638496,key-30,5375
1775447638497,key-30,5376
1775447638498,key-35,1993
1775447638498,key-19,1081
1775447638498,key-19,1081
1775447638501,key-45,939
1775447638509,key-11,1824
1775447638510,key-19,1093
1775447638511,key-35,2006
1775447638512,key-35,2007
1775447638517,key-35,2012
1775447638520,key-40,2209
1775447638521,key-30,5400
1775447638522,key-35,2017
1775447638524,key-4,3945
1775447638532,key-11,1847
1775447638533,key-30,5412
1775447638537,key-35,2032
1775447638541,key-35,2036
1775447638543,key-35,2038
1775447638559,key-45,997
1775447638560,key-35,2055
1775447638567,key-45,1005
1775447638572,key-45,1010
1775447638574,key-35,2069
1775447638577,key-30,5456
1775447638585,key-4,4006
1775447638594,key-3,1899
1775447638597,key-30,5476
1775447638618,key-19,1201
1775447638619,key-19,1202
1775447638621,key-19,1204
1775447638621,key-10,173
1775447638632,key-40,2321
1775447638633,key-40,2322
1775447638635,key-19,1218
1775447638635,key-18,3636
1775447638651,key-30,5530
1775447638655,key-30,5534
1775447638656,key-30,5535
1775447638657,key-10,209
1775447638658,key-3,1962
1775447638658,key-10,210
1775447638658,key-30,5537
1775447638665,key-40,2354
1775447638667,key-35,2162
1775447638668,key-30,5547
1775447638668,key-35,2163
1775447638669,key-30,5548
1775447638669,key-19,1252
1775447638670,key-19,1253
1775447638673,key-45,1111
1775447638673,key-4,4094
1775447638678,key-30,5557
1775447638680,key-24,640
1775447638682,key-4,4103
1775447638685,key-19,1268
1775447638685,key-35,2180
1775447638685,key-19,1268
1775447638686,key-30,5565
1775447638687,key-30,5566
1775447638688,key-35,2183
1775447638689,key-19,1272
1775447638698,key-11,2013
1775447638699,key-35,2194
1775447638710,key-35,2205
1775447638711,key-11,2026
1775447638714,key-30,5593
1775447638714,key-30,5593
1775447638716,key-35,2211
1775447638723,key-30,5602
1775447638723,key-35,2218
1775447638723,key-19,1306
1775447638728,key-45,1166
1775447638729,key-45,1167
1775447638734,key-35,2229
1775447638738,key-19,1321
1775447638739,key-35,2234
1775447638740,key-50,4655
1775447638740,key-45,1178
1775447638750,key-4,4171
1775447638750,key-35,2245
1775447638756,key-35,2251
1775447638759,key-35,2254
1775447638767,key-35,2262
1775447638767,key-35,2262
1775447638774,key-30,5653
1775447638786,key-19,1369
1775447638803,key-35,2298
1775447638814,key-19,1397
1775447638817,key-30,5696
1775447638817,key-35,2312
1775447638820,key-19,1403
1775447638823,key-19,1406
1775447638824,key-30,5703
1775447638828,key-19,1411
1775447638830,key-10,382
1775447638832,key-10,384
1775447638838,key-45,1276
1775447638842,key-30,5721
1775447638844,key-45,1282
1775447638845,key-30,5724
1775447638845,key-19,1428
1775447638850,key-30,5729
1775447638853,key-19,1436
1775447638853,key-35,2348
1775447638854,key-45,1292
1775447638857,key-4,4278
1775447638859,key-19,1442
1775447638868,key-30,5747
1775447638868,key-35,2363
1775447638868,key-35,2363
1775447638869,key-35,2364
1775447638871,key-19,1454
1775447638873,key-11,2188
1775447638876,key-35,2371
1775447638877,key-35,2372
1775447638882,key-35,2377
1775447638883,key-35,2378
1775447638884,key-35,2379
1775447638891,key-18,3892
1775447638905,key-10,457
1775447638906,key-19,1489
1775447638913,key-35,2408
1775447638917,key-4,4338
1775447638918,key-35,2413
1775447638920,key-19,1503
1775447638921,key-11,2236
1775447638921,key-35,2416
1775447638925,key-4,4346
1775447638927,key-11,2242
1775447638928,key-45,1366
1775447638932,key-35,2427
1775447638934,key-35,2429
1775447638940,key-35,2435
1775447638951,key-35,2446
1775447638952,key-19,1535
1775447638953,key-30,5832
1775447638954,key-4,4375
1775447638961,key-35,2456
1775447638966,key-30,5845
1775447638967,key-19,1550
1775447638967,key-2,2881
1775447638970,key-45,1408
1775447638983,key-45,1421
1775447638986,key-30,5865
1775447638987,key-19,1570
1775447638987,key-35,2482
1775447638993,key-35,2488
1775447639000,key-30,5879
1775447639001,key-35,2496
1775447639006,key-19,1589
1775447639010,key-45,1448
1775447639012,key-35,2507
1775447639013,key-35,2508
1775447639016,key-19,1599
1775447639018,key-45,1456
1775447639018,key-30,5897
1775447639018,key-30,5897
1775447639022,key-19,1605
1775447639028,key-10,580
1775447639032,key-19,1615
1775447639036,key-45,1474
1775447639037,key-19,1620
1775447639038,key-35,2533
1775447639038,key-30,5917
1775447639038,key-30,5917
1775447639044,key-2,2958
1775447639056,key-24,1016
1775447639057,key-19,1640
1775447639057,key-30,5936
1775447639057,key-35,2552
1775447639057,key-35,2552
1775447639058,key-19,1641
1775447639058,key-45,1496
1775447639065,key-18,4066
1775447639074,key-35,2569
1775447639079,key-4,4500
1775447639079,key-19,1662
1775447639080,key-19,1663
1775447639082,key-35,2577
1775447639085,key-35,2580
1775447639093,key-45,1531
1775447639094,key-4,4515
1775447639095,key-35,2590
1775447639095,key-11,2410
1775447639097,key-30,5976
1775447639098,key-35,2593
1775447639104,key-45,1542
1775447639108,key-11,2423
1775447639108,key-35,2603
1775447639109,key-35,2604
1775447639114,key-19,1697
1775447639122,key-30,6001
1775447639125,key-35,2620
1775447639126,key-35,2621
1775447639132,key-35,2627
1775447639133,key-35,2628
1775447639142,key-2,3056
1775447639143,key-35,2638
1775447639143,key-19,1726
1775447639148,key-35,2643
1775447639155,key-35,2650
1775447639156,key-35,2651
1775447639156,key-45,1594
1775447639169,key-45,1607
1775447639170,key-30,6049
1775447639172,key-30,6051
1775447639176,key-30,6055
1775447639185,key-30,6064
1775447639185,key-2,3099
1775447639193,key-35,2688
1775447639194,key-19,1777
1775447639196,key-45,1634
1775447639202,key-45,1640
1775447639205,key-2,3119
1775447639213,key-19,1796
1775447639214,key-45,1652
1775447639215,key-10,767
1775447639215,key-35,2710
1775447639217,key-45,1655
1775447639217,key-2,3131
1775447639218,key-35,2713
1775447639221,key-4,4642
1775447639221,key-45,1659
1775447639224,key-10,776
1775447639225,key-19,1808
1775447639241,key-35,2736
1775447639242,key-18,4243
1775447639242,key-19,1825
1775447639251,key-30,6130
1775447639253,key-35,2748
1775447639262,key-35,2757
1775447639265,key-24,1225
1775447639266,key-30,6145
1775447639266,key-35,2761
1775447639267,key-35,2762
1775447639270,key-35,2765
1775447639270,key-45,1708
1775447639270,key-50,5185
1775447639272,key-18,4273
1775447639273,key-35,2768
1775447639282,key-4,4703
1775447639283,key-35,2778
1775447639285,key-35,2780
1775447639287,key-40,2976
1775447639287,key-19,1870
1775447639287,key-19,1870
1775447639306,key-35,2801
1775447639306,key-30,6185
1775447639312,key-45,1750
1775447639314,key-35,2809
1775447639314,key-11,2629
1775447639315,key-35,2810
1775447639317,key-35,2812
1775447639318,key-35,2813
1775447639320,key-10,872
1775447639320,key-45,1758
1775447639322,key-45,1760
1775447639325,key-19,1908
1775447639326,key-45,1764
1775447639326,key-35,2821
1775447639326,key-19,1909
1775447639326,key-45,1764
1775447639332,key-30,6211
1775447639333,key-30,6212
1775447639337,key-35,2832
1775447639338,key-35,2833
1775447639339,key-19,1922
1775447639340,key-35,2835
1775447639343,key-35,2838
1775447639346,key-35,2841
1775447639351,key-18,4352
1775447639352,key-35,2847
1775447639355,key-17,446
1775447639364,key-11,2679
1775447639364,key-35,2859
1775447639367,key-35,2862
1775447639369,key-35,2864
1775447639372,key-35,2867
1775447639381,key-40,3070
1775447639388,key-45,1826
1775447639388,key-17,479
1775447639388,key-4,4809
1775447639389,key-19,1972
1775447639389,key-45,1827
1775447639389,key-45,1827
1775447639390,key-2,3304
1775447639397,key-3,2702
1775447639398,key-30,6277
1775447639401,key-19,1984
1775447639412,key-35,2907
1775447639413,key-35,2908
1775447639415,key-45,1853
1775447639418,key-2,3332
1775447639423,key-30,6302
1775447639427,key-35,2922
1775447639429,key-10,981
1775447639431,key-35,2926
1775447639442,key-10,994
1775447639443,key-18,4444
1775447639444,key-40,3133
1775447639451,key-10,1003
1775447639462,key-19,2045
1775447639462,key-45,1900
1775447639466,key-35,2961
1775447639467,key-35,2962
1775447639467,key-35,2962
1775447639469,key-30,6348
1775447639471,key-30,6350
1775447639472,key-35,2967
1775447639473,key-24,1433
1775447639474,key-30,6353
1775447639478,key-24,1438
1775447639482,key-35,2977
1775447639492,key-35,2987
1775447639493,key-35,2988
1775447639498,key-35,2993
1775447639498,key-18,4499
1775447639499,key-35,2994
1775447639502,key-10,1054
1775447639507,key-35,3002
1775447639513,key-35,3008
1775447639516,key-18,4517
1775447639517,key-35,3012
1775447639520,key-45,1958
1775447639523,key-19,2106
1775447639523,key-24,1483
1775447639524,key-4,4945
1775447639525,key-35,3020
1775447639527,key-35,3022
1775447639527,key-30,6406
1775447639527,key-35,3022
1775447639531,key-35,3026
1775447639533,key-19,2116
1775447639535,key-35,3030
1775447639535,key-35,3030
1775447639537,key-19,2120
1775447639540,key-35,3035
1775447639544,key-35,3039
1775447639546,key-40,3235
1775447639549,key-35,3044
1775447639551,key-35,3046
1775447639557,key-35,3052
1775447639558,key-45,1996
1775447639559,key-35,3054
1775447639559,key-35,3054
1775447639568,key-2,3482
1775447639569,key-4,4990
1775447639571,key-18,4572
1775447639573,key-45,2011
1775447639574,key-35,3069
1775447639574,key-3,2879
1775447639580,key-12,167
1775447639585,key-45,2023
1775447639591,key-40,3280
1775447639592,key-35,3087
1775447639596,key-30,6475
1775447639608,key-30,6487
1775447639609,key-45,2047
1775447639609,key-11,2924
1775447639610,key-3,2915
1775447639613,key-12,200
1775447639616,key-10,1168
1775447639617,key-17,708
1775447639618,key-35,3113
1775447639624,key-2,3538
1775447639625,key-18,4626
1775447639639,key-18,4640
1775447639640,key-30,6519
1775447639641,key-35,3136
1775447639648,key-35,3143
1775447639651,key-2,3565
1775447639651,key-30,6530
1775447639659,key-30,6538
1775447639665,key-19,2248
1775447639665,key-10,1217
1775447639666,key-35,3161
1775447639671,key-19,2254
1775447639673,key-24,1633
1775447639676,key-35,3171
1775447639678,key-35,3173
1775447639691,key-10,1243
1775447639692,key-50,5607
1775447639696,key-35,3191
1775447639696,key-35,3191
1775447639701,key-35,3196
1775447639701,key-30,6580
1775447639702,key-35,3197
1775447639702,key-4,5123
1775447639703,key-35,3198
1775447639703,key-18,4704
1775447639703,key-35,3198
1775447639711,key-35,3206
1775447639716,key-4,5137
1775447639717,key-35,3212
1775447639719,key-35,3214
1775447639719,key-35,3214
1775447639720,key-24,1680
1775447639729,key-35,3224
1775447639729,key-40,3418
1775447639729,key-19,2312
1775447639731,key-35,3226
1775447639733,key-35,3228
1775447639733,key-3,3038
1775447639735,key-45,2173
1775447639737,key-30,6616
1775447639739,key-35,3234
1775447639742,key-35,3237
1775447639743,key-2,3657
1775447639744,key-35,3239
1775447639746,key-45,2184
1775447639753,key-24,1713
1775447639753,key-35,3248
1775447639766,key-45,2204
1775447639766,key-45,2204
1775447639767,key-24,1727
1775447639767,key-35,3262
1775447639767,key-35,3262
1775447639768,key-45,2206
1775447639768,key-12,355
1775447639774,key-19,2357
1775447639774,key-35,3269
1775447639795,key-2,3709
1775447639796,key-12,383
1775447639797,key-45,2235
1775447639797,key-11,3112
1775447639797,key-45,2235
1775447639798,key-35,3293
1775447639798,key-45,2236
1775447639804,key-12,391
1775447639809,key-30,6688
1775447639817,key-35,3312
1775447639817,key-35,3312
1775447639820,key-12,407
1775447639821,key-30,6700
1775447639823,key-35,3318
1775447639825,key-10,1377
1775447639834,key-35,3329
1775447639835,key-12,422
1775447639840,key-19,2423
1775447639840,key-10,1392
1775447639840,key-4,5261
1775447639841,key-4,5262
1775447639841,key-18,4842
1775447639847,key-17,938
1775447639849,key-35,3344
1775447639850,key-10,1402
1775447639850,key-30,6729
1775447639858,key-10,1410
1775447639858,key-35,3353
1775447639859,key-35,3354
1775447639870,key-18,4871
1775447639874,key-24,1834
1775447639874,key-24,1834
1775447639883,key-35,3378
1775447639885,key-4,5306
1775447639895,key-18,4896
1775447639895,key-4,5316
1775447639897,key-35,3392
1775447639897,key-35,3392
1775447639904,key-40,3593
1775447639905,key-10,1457
1775447639906,key-40,3595
1775447639906,key-3,3211
1775447639913,key-24,1873
1775447639923,key-45,2361
1775447639923,key-30,6802
1775447639924,key-3,3229
1775447639924,key-35,3419
1775447639927,key-24,1887
1775447639934,key-45,2372
1775447639935,key-45,2373
1775447639935,key-45,2373
1775447639935,key-35,3430
1775447639937,key-35,3432
1775447639942,key-45,2380
1775447639948,key-35,3443
1775447639949,key-35,3444
1775447639951,key-30,6830
1775447639952,key-35,3447
1775447639952,key-45,2390
1775447639953,key-12,540
1775447639954,key-35,3449
1775447639954,key-35,3449
1775447639954,key-35,3449
1775447639954,key-24,1914
1775447639957,key-3,3262
1775447639957,key-45,2395
1775447639959,key-24,1919
1775447639962,key-12,549
1775447639971,key-3,3276
1775447639974,key-45,2412
1775447639975,key-35,3470
1775447639975,key-35,3470
1775447639975,key-35,3470
1775447639976,key-30,6855
1775447639977,key-2,3891
1775447639978,key-17,1069
1775447639986,key-3,3291
1775447639990,key-35,3485
1775447639994,key-12,581
1775447639994,key-12,581
1775447640005,key-45,2443
1775447640007,key-24,1966
1775447640014,key-35,3509
1775447640014,key-12,601
1775447640016,key-17,1107
1775447640021,key-35,3516
1775447640022,key-35,3517
1775447640022,key-35,3517
1775447640022,key-10,1574
1775447640026,key-40,3715
1775447640026,key-30,6905
1775447640030,key-19,2613
1775447640031,key-4,5452
1775447640032,key-18,5033
1775447640033,key-24,1993
1775447640033,key-30,6912
1775447640040,key-10,1592
1775447640043,key-24,2003
1775447640045,key-35,179
1775447640048,key-35,182
1775447640049,key-24,2009
1775447640051,key-4,5472
1775447640055,key-12,642
1775447640061,key-2,3975
1775447640061,key-4,5482
1775447640062,key-11,3377
1775447640065,key-50,5980
1775447640068,key-24,2028
1775447640069,key-4,5490
1775447640070,key-10,1622
1775447640070,key-40,3759
1775447640071,key-24,2031
1775447640081,key-24,2041
1775447640082,key-45,2520
1775447640084,key-4,5505
1775447640085,key-45,2523
1775447640088,key-17,1179
1775447640090,key-4,5511
1775447640115,key-10,1667
1775447640115,key-3,3420
1775447640115,key-10,1667
1775447640117,key-40,3806
1775447640127,key-35,261
1775447640128,key-3,3433
1775447640128,key-35,262
1775447640131,key-12,718
1775447640132,key-35,266
1775447640132,key-24,2092
1775447640133,key-24,2093
1775447640134,key-45,2572
1775447640135,key-35,269
1775447640138,key-24,2098
1775447640139,key-24,2099
1775447640143,key-35,277
1775447640147,key-35,281
1775447640148,key-24,2108
1775447640152,key-24,2112
1775447640153,key-35,287
1775447640153,key-35,287
1775447640154,key-45,2592
1775447640162,key-3,3467
1775447640163,key-3,3468
1775447640163,key-7,510
1775447640165,key-45,2603
1775447640166,key-45,2604
1775447640166,key-12,753
1775447640167,key-30,7046
1775447640186,key-35,320
1775447640186,key-35,320
1775447640186,key-30,7065
1775447640186,key-35,320
1775447640198,key-35,332
1775447640204,key-18,5205
1775447640204,key-24,2164
1775447640205,key-24,2165
1775447640205,key-12,792
1775447640205,key-24,2165
1775447640205,key-40,3894
1775447640208,key-24,2168
1775447640208,key-10,1760
1775447640210,key-10,1762
1775447640213,key-18,5214
1775447640216,key-30,7095
1775447640218,key-50,6133
1775447640221,key-24,2181
1775447640223,key-35,357
1775447640224,key-18,5225
1775447640224,key-17,1315
1775447640226,key-11,3541
1775447640229,key-22,186
1775447640240,key-24,2200
1775447640242,key-50,6157
1775447640242,key-12,829
1775447640257,key-19,2840
1775447640258,key-2,4172
1775447640264,key-10,1816
1775447640264,key-4,5685
1775447640264,key-24,2224
1775447640269,key-35,403
1775447640270,key-50,6185
1775447640270,key-4,5691
1775447640270,key-11,3585
1775447640272,key-4,5693
1775447640272,key-11,3587
1775447640274,key-45,2712
1775447640276,key-12,863
1775447640277,key-17,1368
1775447640278,key-45,2716
1775447640279,key-11,3594
1775447640280,key-11,3595
1775447640280,key-4,5701
1775447640280,key-4,5701
1775447640280,key-12,867
1775447640281,key-17,1372
1775447640281,key-18,5282
1775447640281,key-17,1372
1775447640281,key-4,5702
1775447640281,key-17,1372
1775447640284,key-45,2722
1775447640290,key-24,2250
1775447640293,key-45,2731
1775447640301,key-7,648
1775447640306,key-24,2266
1775447640313,key-35,447
1775447640314,key-40,4003
1775447640314,key-24,2274
1775447640314,key-40,4003
1775447640320,key-35,454
1775447640320,key-3,3625
1775447640320,key-24,2280
1775447640320,key-3,3625
1775447640321,key-4,5742
1775447640328,key-24,2288
1775447640338,key-45,2776
1775447640341,key-24,2301
1775447640342,key-30,7221
1775447640342,key-45,2780
1775447640342,key-24,2302
1775447640342,key-35,476
1775447640344,key-24,2304
1775447640351,key-35,485
1775447640355,key-35,489
1775447640355,key-24,2315
1775447640360,key-12,947
1775447640360,key-45,2798
1775447640361,key-35,495
1775447640361,key-35,495
1775447640365,key-35,499
1775447640366,key-24,2326
1775447640368,key-10,1920
1775447640368,key-18,5369
1775447640371,key-35,505
1775447640372,key-12,959
1775447640379,key-17,1470
1775447640379,key-35,513
1775447640384,key-10,1936
1775447640389,key-10,1941
1775447640390,key-46,202
1775447640390,key-22,347
1775447640392,key-35,526
1775447640392,key-35,526
1775447640398,key-24,2358
1775447640398,key-12,985
1775447640402,key-24,2362
1775447640403,key-24,2363
1775447640404,key-35,538
1775447640410,key-22,367
1775447640411,key-2,252
1775447640412,key-50,6327
1775447640418,key-24,2378
1775447640418,key-19,3001
1775447640424,key-17,1515
1775447640425,key-35,559
1775447640425,key-24,2385
1775447640429,key-30,7308
1775447640434,key-11,3749
1775447640440,key-11,3755
1775447640445,key-17,1536
1775447640447,key-4,5868
1775447640447,key-45,2885
1775447640448,key-19,3031
1775447640451,key-4,5872
1775447640453,key-4,5874
1775447640453,key-17,1544
1775447640457,key-40,4146
1775447640457,key-12,1044
1775447640458,key-17,1548
1775447640458,key-17,1549
1775447640463,key-45,2901
1775447640463,key-11,3778
1775447640463,key-45,2901
1775447640464,key-24,2424
1775447640464,key-24,2424
1775447640464,key-4,5885
1775447640464,key-17,1555
1775447640473,key-24,2433
1775447640473,key-17,1564
1775447640475,key-40,4164
1775447640477,key-24,2437
1775447640482,key-17,1573
1775447640486,key-18,170
1775447640486,key-40,4175
1775447640487,key-35,621
1775447640490,key-17,1581
1775447640492,key-45,2930
1775447640492,key-3,3797
1775447640494,key-24,2454
1775447640499,key-3,3804
1775447640499,key-4,5920
1775447640500,key-35,634
1775447640503,key-24,2463
1775447640505,key-4,5926
1775447640505,key-24,2465
1775447640506,key-4,5927
1775447640507,key-24,2467
1775447640507,key-24,2467
1775447640515,key-45,2953
1775447640515,key-24,2475
1775447640516,key-12,1103
1775447640521,key-35,655
1775447640527,key-18,211
1775447640528,key-12,1115
1775447640532,key-12,1119
1775447640532,key-17,1623
1775447640538,key-35,672
1775447640540,key-12,1127
1775447640541,key-24,2501
1775447640541,key-24,2501
1775447640546,key-24,2506
1775447640550,key-10,2102
1775447640550,key-35,684
1775447640552,key-18,236
1775447640559,key-40,4248
1775447640560,key-24,2520
1775447640560,key-35,694
1775447640563,key-10,2115
1775447640565,key-24,2525
1775447640565,key-46,377
1775447640568,key-22,525
1775447640570,key-50,6485
1775447640576,key-24,2536
1775447640577,key-19,3160
1775447640579,key-24,2539
1775447640579,key-45,3017
1775447640584,key-17,1675
1775447640585,key-24,2545
1775447640592,key-2,433
1775447640593,key-40,4282
1775447640594,key-17,1685
1775447640596,key-12,1183
1775447640596,key-11,3911
1775447640599,key-30,7478
1775447640601,key-11,3916
1775447640608,key-24,2568
1775447640610,key-19,3193
1775447640611,key-45,3049
1775447640614,key-23,197
1775447640614,key-10,2166
1775447640616,key-10,2168
1775447640618,key-30,7497
1775447640619,key-40,4308
1775447640621,key-46,433
1775447640628,key-17,1719
1775447640630,key-19,3213
1775447640631,key-45,173
1775447640631,key-24,2591
1775447640636,key-11,3951
1775447640636,key-24,2596
1775447640639,key-46,451
1775447640639,key-7,986
1775447640645,key-17,1736
1775447640647,key-4,6068
1775447640648,key-23,231
1775447640648,key-10,2200
1775447640648,key-22,605
1775447640649,key-35,783
1775447640656,key-45,198
1775447640659,key-24,2619
1775447640659,key-17,1750
1775447640660,key-24,2620
1775447640662,key-3,3967
1775447640666,key-17,1757
1775447640670,key-40,4359
1775447640670,key-17,1761
1775447640670,key-4,6091
1775447640672,key-4,6093
1775447640675,key-24,2635
1775447640675,key-11,3990
1775447640682,key-4,6103
1775447640683,key-24,2643
1775447640686,key-24,2646
1775447640687,key-4,6108
1775447640690,key-18,374
1775447640695,key-4,6116
1775447640695,key-24,2655
1775447640695,key-18,379
1775447640700,key-12,1287
1775447640701,key-24,2661
1775447640701,key-18,385
1775447640704,key-24,2664
1775447640706,key-35,840
1775447640707,key-23,290
1775447640713,key-17,1804
1775447640713,key-35,847
1775447640720,key-35,854
1775447640731,key-18,415
1775447640733,key-24,2693
1775447640733,key-40,4422
1775447640734,key-35,868
1775447640734,key-22,691
1775447640738,key-35,872
1775447640738,key-46,550
1775447640745,key-35,879
1775447640746,key-24,2706
1775447640746,key-40,4435
1775447640746,key-18,430
1775447640748,key-35,882
1775447640748,key-10,2300
1775447640754,key-2,595
1775447640755,key-4,6176
1775447640755,key-46,567
1775447640755,key-50,6670
1775447640757,key-17,1848
1775447640758,key-35,892
1775447640762,key-12,1349
1775447640765,key-46,577
1775447640765,key-26,248
1775447640767,key-17,1858
1775447640768,key-10,2320
1775447640777,key-10,2329
1775447640777,key-40,4466
1775447640785,key-17,1876
1775447640786,key-10,2338
1775447640789,key-24,2749
1775447640789,key-12,1376
1775447640796,key-17,1887
1775447640797,key-24,2757
1775447640798,key-46,610
1775447640800,key-11,4115
1775447640805,key-11,4120
1775447640812,key-19,3395
1775447640814,key-4,6235
1775447640814,key-17,1905
1775447640815,key-23,398
1775447640821,key-7,1168
1775447640821,key-45,363
1775447640823,key-45,365
1775447640823,key-24,2783
1775447640831,key-10,2383
1775447640835,key-3,4140
1775447640835,key-10,2387
1775447640836,key-45,378
1775447640837,key-35,971
1775447640837,key-24,2797
1775447640844,key-4,6265
1775447640846,key-45,388
1775447640847,key-40,4536
1775447640857,key-17,1948
1775447640857,key-18,541
1775447640858,key-17,1949
1775447640858,key-40,4547
1775447640860,key-4,6281
1775447640863,key-17,1954
1775447640867,key-24,2827
1775447640869,key-19,3452
1775447640870,key-19,3453
1775447640873,key-4,6294
1775447640873,key-50,6788
1775447640873,key-23,456
1775447640874,key-4,6295
1775447640874,key-4,6295
1775447640875,key-35,1008
1775447640879,key-50,6794
1775447640880,key-18,564
1775447640884,key-35,1018
1775447640888,key-7,1235
1775447640898,key-24,2858
1775447640902,key-46,714
1775447640902,key-24,2862
1775447640903,key-17,1994
1775447640903,key-18,587
1775447640907,key-18,591
1775447640908,key-35,1042
1775447640913,key-35,1047
1775447640914,key-17,2005
1775447640915,key-4,6336
1775447640919,key-35,1053
1775447640922,key-46,158
1775447640923,key-4,6344
1775447640923,key-10,2475
1775447640926,key-35,1060
1775447640927,key-35,1061
1775447640931,key-24,2891
1775447640931,key-50,6846
1775447640935,key-46,171
1775447640936,key-11,4251
1775447640936,key-50,6851
1775447640936,key-17,2027
1775447640938,key-17,2029
1775447640938,key-11,4253
1775447640952,key-12,1539
1775447640952,key-46,188
1775447640954,key-10,2506
1775447640957,key-50,6872
1775447640957,key-17,2048
1775447640958,key-10,2510
1775447640965,key-35,1099
1775447640966,key-35,1100
1775447640967,key-22,924
1775447640969,key-4,6390
1775447640974,key-12,1561
1775447640979,key-10,2531
1775447640982,key-17,2073
1775447640983,key-24,2943
1775447640983,key-24,2943
1775447640984,key-24,2944
1775447640988,key-10,2540
1775447640989,key-17,2080
1775447640989,key-7,1336
1775447641001,key-17,2092
1775447641001,key-10,2553
1775447641002,key-45,544
1775447641007,key-11,4322
1775447641008,key-24,2968
1775447641009,key-35,1143
1775447641010,key-17,2101
1775447641011,key-19,3594
1775447641011,key-11,4326
1775447641017,key-26,500
1775447641018,key-24,2978
1775447641024,key-4,6445
1775447641033,key-45,575
1775447641034,key-17,2125
1775447641034,key-18,718
1775447641035,key-18,719
1775447641039,key-19,3622
1775447641039,key-45,581
1775447641040,key-17,2131
1775447641041,key-35,1175
1775447641052,key-45,594
1775447641058,key-30,7937
1775447641059,key-4,6480
1775447641060,key-45,602
1775447641061,key-23,644
1775447641061,key-50,6976
1775447641062,key-18,746
1775447641068,key-17,2159
1775447641069,key-18,753
1775447641070,key-18,754
1775447641071,key-4,6492
1775447641072,key-35,1206
1775447641075,key-4,6496
1775447641075,key-45,617
1775447641075,key-17,2166
1775447641081,key-35,1215
1775447641085,key-35,1219
1775447641087,key-18,771
1775447641087,key-46,323
1775447641092,key-19,3675
1775447641092,key-4,6513
1775447641093,key-50,7008
1775447641094,key-46,330
1775447641097,key-50,7012
1775447641097,key-35,1231
1775447641101,key-19,3684
1775447641107,key-19,3690
1775447641110,key-10,2662
1775447641110,key-17,2201
1775447641111,key-24,3071
1775447641112,key-26,595
1775447641116,key-17,2207
1775447641119,key-50,7034
1775447641120,key-24,3080
1775447641121,key-7,1468
1775447641123,key-35,1257
1775447641128,key-4,6549
1775447641136,key-11,4451
1775447641137,key-17,2228
1775447641137,key-40,4826
1775447641138,key-4,6559
1775447641139,key-28,158
1775447641141,key-50,7056
1775447641143,key-28,162
1775447641145,key-23,728
1775447641150,key-24,3110
1775447641151,key-4,6572
1775447641151,key-11,4466
1775447641155,key-12,1742
1775447641159,key-24,3119
1775447641162,key-24,3122
1775447641163,key-24,3123
1775447641176,key-45,718
1775447641180,key-24,3140
1775447641181,key-10,2733
1775447641186,key-22,1143
1775447641187,key-17,2278
1775447641189,key-17,2280
1775447641190,key-7,1537
1775447641191,key-28,210
1775447641192,key-11,4507
1775447641192,key-7,1539
1775447641192,key-24,3152
1775447641192,key-45,734
1775447641194,key-17,2285
1775447641196,key-19,3779
1775447641206,key-24,3166
1775447641207,key-30,8086
1775447641211,key-19,3794
1775447641213,key-17,2304
1775447641214,key-24,3174
1775447641220,key-19,3803
1775447641227,key-3,4532
1775447641234,key-18,918
1775447641234,key-45,776
1775447641236,key-10,2788
1775447641239,key-17,2330
1775447641241,key-35,1375
1775447641244,key-45,786
1775447641251,key-46,487
1775447641251,key-18,935
1775447641251,key-35,1385
1775447641253,key-35,1387
1775447641253,key-46,489
1775447641259,key-35,1393
1775447641260,key-18,944
1775447641262,key-18,946
1775447641262,key-35,1396
1775447641265,key-30,8144
1775447641266,key-50,7181
1775447641268,key-17,2359
1775447641274,key-19,3857
1775447641277,key-10,2829
1775447641281,key-19,3864
1775447641283,key-18,967
1775447641284,key-46,520
1775447641284,key-35,1418
1775447641288,key-45,830
1775447641293,key-45,835
1775447641295,key-35,1429
1775447641297,key-35,1431
1775447641297,key-19,3880
1775447641298,key-35,1432
1775447641300,key-19,3883
1775447641301,key-19,3884
1775447641302,key-35,1436
1775447641304,key-4,6725
1775447641306,key-19,3889
1775447641306,key-24,3266
1775447641314,key-24,3274
1775447641316,key-50,7231
1775447641317,key-12,1904
1775447641317,key-40,5006
1775447641318,key-50,7233
1775447641323,key-7,1670
1775447641324,key-11,4639
1775447641326,key-50,7241
1775447641326,key-4,6747
1775447641331,key-24,3291
1775447641340,key-4,6761
1775447641340,key-24,3300
1775447641346,key-4,6767
1775447641349,key-4,6770
1775447641350,key-11,4665
1775447641352,key-22,1309
1775447641352,key-7,1699
1775447641353,key-24,3313
1775447641354,key-40,5043
1775447641361,key-26,844
1775447641363,key-3,4668
1775447641368,key-45,910
1775447641372,key-28,391
1775447641380,key-12,1967
1775447641382,key-24,3342
1775447641382,key-17,2473
1775447641382,key-17,2473
1775447641382,key-4,6803
1775447641386,key-24,3346
1775447641388,key-11,4703
1775447641390,key-19,3973
1775447641390,key-22,1347
1775447641391,key-7,1738
1775447641391,key-18,1075
1775447641392,key-28,411
1775447641400,key-3,4705
1775447641401,key-19,3984
1775447641403,key-17,2494
1775447641408,key-17,2499
1775447641409,key-19,3992
1775447641417,key-46,653
1775447641418,key-45,960
1775447641419,key-18,1103
1775447641421,key-4,6842
1775447641423,key-3,4728
1775447641429,key-17,2520
1775447641435,key-30,8314
1775447641436,key-24,3396
1775447641441,key-19,4024
1775447641441,key-17,2532
1775447641443,key-19,4026
1775447641448,key-46,684
1775447641448,key-18,1132
1775447641448,key-45,990
1775447641451,key-35,1585
1775447641452,key-35,1586
1775447641455,key-45,997
1775447641455,key-26,938
1775447641455,key-30,8334
1775447641455,key-45,997
1775447641455,key-19,4038
1775447641456,key-45,998
1775447641456,key-18,1140
1775447641456,key-19,4039
1775447641456,key-19,4039
1775447641464,key-10,3016
1775447641467,key-19,4050
1775447641473,key-19,4056
1775447641475,key-19,4058
1775447641477,key-50,7392
1775447641479,key-18,1163
1775447641480,key-24,3440
1775447641483,key-7,1830
1775447641484,key-19,4067
1775447641484,key-35,1618
1775447641485,key-24,3445
1775447641486,key-40,5175
1775447641488,key-24,3448
1775447641490,key-19,4073
1775447641491,key-2,1332
1775447641495,key-45,1037
1775447641497,key-12,2084
1775447641497,key-19,4080
1775447641499,key-19,4082
1775447641499,key-35,1633
1775447641518,key-50,7433
1775447641518,key-24,3478
1775447641527,key-35,1661
1775447641528,key-23,1111
1775447641533,key-40,5222
1775447641534,key-50,7449
1775447641536,key-24,3496
1775447641537,key-11,4852
1775447641545,key-4,6966
1775447641545,key-22,1502
1775447641546,key-17,2637
1775447641547,key-19,4130
1775447641548,key-40,5237
1775447641549,key-19,4132
1775447641549,key-3,4854
1775447641551,key-24,3511
1775447641551,key-17,2642
1775447641557,key-7,1904
1775447641558,key-18,1242
1775447641559,key-26,1042
1775447641560,key-24,3520
1775447641560,key-7,1907
1775447641560,key-3,4865
1775447641577,key-19,4160
1775447641577,key-22,1534
1775447641578,key-50,7493
1775447641578,key-18,1262
1775447641579,key-24,3539
1775447641580,key-40,5269
1775447641580,key-23,1163
1775447641581,key-3,4886
1775447641585,key-40,5274
1775447641586,key-17,2677
1775447641587,key-4,7008
1775447641590,key-17,2681
1775447641591,key-28,610
1775447641592,key-3,4897
1775447641593,key-46,829
1775447641593,key-24,3553
1775447641594,key-4,7015
1775447641596,key-4,7017
1775447641602,key-30,8481
1775447641607,key-45,1149
1775447641612,key-40,5301
1775447641612,key-17,2703
1775447641613,key-19,4196
1775447641613,key-50,7528
1775447641616,key-30,8495
1775447641618,key-19,4201
1775447641620,key-19,4203
1775447641625,key-46,860
1775447641633,key-19,4216
1775447641634,key-24,3594
1775447641634,key-18,1318
1775447641639,key-45,1181
1775447641642,key-19,4225
1775447641644,key-11,4959
1775447641647,key-18,1331
1775447641652,key-19,4235
1775447641652,key-19,4235
1775447641655,key-19,4238
1775447641657,key-24,3617
1775447641668,key-30,8547
1775447641671,key-19,4254
1775447641672,key-19,4255
1775447641673,key-45,1215
1775447641674,key-35,1808
1775447641674,key-19,4257
1775447641674,key-19,4257
1775447641675,key-19,4258
1775447641682,key-24,3642
1775447641683,key-2,1524
1775447641686,key-24,3646
1775447641691,key-19,4274
1775447641692,key-11,5007
1775447641692,key-24,3652
1775447641695,key-12,2282
1775447641697,key-7,2044
1775447641698,key-35,1832
1775447641704,key-18,1388
1775447641706,key-3,5011
1775447641713,key-3,5018
1775447641715,key-26,1198
1775447641715,key-26,1198
1775447641716,key-4,7137
1775447641716,key-19,4299
1775447641717,key-22,1674
1775447641720,key-11,5035
1775447641721,key-2,1562
1775447641722,key-12,2309
1775447641729,key-24,3689
1775447641729,key-19,4312
1775447641733,key-30,8612
1775447641734,key-24,3694
1775447641736,key-40,5425
1775447641736,key-12,2323
1775447641744,key-40,5433
1775447641749,key-26,1232
1775447641750,key-19,4333
1775447641751,key-4,7172
1775447641751,key-19,4334
1775447641758,key-11,5073
1775447641768,key-24,3728
1775447641769,key-17,2860
1775447641770,key-4,7191
1775447641770,key-4,7191
1775447641771,key-40,5460
1775447641771,key-17,2862
1775447641771,key-4,7192
1775447641771,key-24,3731
1775447641778,key-45,1320
1775447641779,key-4,7200
1775447641779,key-3,5084
1775447641779,key-40,5468
1775447641790,key-11,5105
1775447641791,key-30,8670
1775447641791,key-45,1333
1775447641792,key-24,3752
1775447641797,key-40,5486
1775447641799,key-50,7714
1775447641800,key-7,2147
1775447641802,key-17,2893
1775447641802,key-30,8681
1775447641803,key-18,1487
1775447641807,key-11,5122
1775447641809,key-50,7724
1775447641810,key-19,4393
1775447641811,key-26,1294
1775447641815,key-24,3775
1775447641816,key-46,1052
1775447641820,key-4,7241
1775447641824,key-30,8703
1775447641833,key-19,4416
1775447641834,key-24,3794
1775447641834,key-4,7255
1775447641834,key-3,5139
1775447641834,key-19,4417
1775447641838,key-17,2929
1775447641838,key-2,1679
1775447641842,key-45,1384
1775447641847,key-19,4430
1775447641849,key-24,3809
1775447641850,key-19,4433
1775447641851,key-18,1535
1775447641854,key-3,5159
1775447641854,key-19,4437
1775447641855,key-11,5170
1775447641865,key-30,8744
1775447641865,key-45,1407
1775447641865,key-30,8744
1775447641867,key-2,1708
1775447641868,key-19,4451
1775447641872,key-19,4455
1775447641873,key-3,5178
1775447641874,key-50,7789
1775447641876,key-11,5191
1775447641877,key-4,7298
1775447641877,key-11,5192
1775447641882,key-26,1365
1775447641883,key-19,4466
1775447641883,key-35,2017
1775447641884,key-11,5199
1775447641886,key-7,2233
1775447641891,key-26,1374
1775447641892,key-11,5207
1775447641894,key-12,2481
1775447641894,key-19,4477
1775447641901,key-30,8780
1775447641901,key-19,4484
1775447641908,key-35,2042
1775447641910,key-45,1452
1775447641910,key-4,7331
1775447641911,key-19,4494
1775447641915,key-3,5220
1775447641916,key-22,1873
1775447641921,key-4,7342
1775447641925,key-30,8804
1775447641926,key-19,4509
1775447641927,key-22,1884
1775447641928,key-35,2062
1775447641928,key-4,7349
1775447641929,key-17,3020
1775447641934,key-4,7355
1775447641935,key-4,7356
1775447641937,key-4,7358
1775447641938,key-26,1421
1775447641940,key-11,5255
1775447641953,key-26,1436
1775447641958,key-28,977
1775447641960,key-26,1443
1775447641962,key-4,7383
1775447641965,key-17,3056
1775447641972,key-11,5287
1775447641973,key-4,7394
1775447641974,key-7,2321
1775447641977,key-46,1213
1775447641980,key-4,7401
1775447641985,key-3,5290
1775447641990,key-50,7905
1775447641991,key-19,4574
1775447641992,key-22,1949
1775447641992,key-30,8871
1775447641992,key-46,1228
1775447641993,key-4,7414
1775447641995,key-4,7416
1775447641996,key-11,5311
1775447641999,key-17,3090
1775447642000,key-19,4583
1775447642003,key-4,7424
1775447642004,key-3,5309
1775447642007,key-3,5312
1775447642012,key-2,1853
1775447642015,key-40,5704
1775447642018,key-7,2365
1775447642020,key-4,7441
1775447642020,key-3,5325
1775447642024,key-46,1260
1775447642031,key-45,1573
1775447642031,key-11,5346
1775447642036,key-30,8915
1775447642039,key-24,3999
1775447642041,key-4,7462
1775447642046,key-11,5361
1775447642047,key-19,4630
1775447642050,key-26,1533
1775447642051,key-3,5356
1775447642051,key-11,5366
1775447642054,key-4,7475
1775447642054,key-30,8933
1775447642057,key-26,1540
1775447642058,key-19,4641
1775447642058,key-19,4641
1775447642058,key-50,7973
1775447642059,key-26,1542
1775447642059,key-19,4642
1775447642063,key-4,7484
1775447642063,key-19,4646
1775447642066,key-11,5381
1775447642070,key-11,5385
1775447642071,key-18,1755
1775447642074,key-26,1557
1775447642075,key-22,2032
1775447642079,key-45,1621
1775447642082,key-3,5387
1775447642085,key-7,2432
1775447642085,key-4,7506
1775447642086,key-30,8965
1775447642089,key-12,2676
1775447642092,key-11,5407
1775447642094,key-4,7515
1775447642096,key-11,5411
1775447642098,key-35,2232
1775447642102,key-24,4062
1775447642103,key-22,2060
1775447642108,key-4,7529
1775447642109,key-22,2066
1775447642110,key-50,8025
1775447642110,key-17,3201
1775447642112,key-11,5427
1775447642113,key-11,5428
1775447642113,key-28,1132
1775447642123,key-12,2710
1775447642123,key-11,5438
1775447642131,key-26,1614
1775447642133,key-19,4716
1775447642135,key-30,9014
1775447642136,key-4,7557
1775447642143,key-4,7564
1775447642147,key-35,2281
1775447642149,key-35,2283
1775447642150,key-26,1633
1775447642151,key-19,4734
1775447642152,key-17,3243
1775447642154,key-30,9033
1775447642160,key-3,5465
1775447642162,key-26,1645
1775447642164,key-30,9043
1775447642169,key-4,7590
1775447642170,key-2,2011
1775447642177,key-3,5482
1775447642180,key-4,7601
1775447642187,key-46,1423
1775447642188,key-46,1424
1775447642188,key-3,5493
1775447642189,key-40,5878
1775447642190,key-3,5495
1775447642191,key-17,3282
1775447642192,key-17,3283
1775447642192,key-40,5881
1775447642194,key-17,3285
1775447642194,key-4,7615
1775447642194,key-30,9073
1775447642198,key-2,2039
1775447642198,key-4,7619
1775447642200,key-7,2547
1775447642205,key-4,7626
1775447642205,key-30,9084
1775447642207,key-11,5522
1775447642209,key-4,7630
1775447642211,key-4,7632
1775447642212,key-3,5517
1775447642214,key-26,1697
1775447642217,key-4,7638
1775447642225,key-11,5540
1775447642225,key-11,5540
1775447642229,key-19,4812
1775447642231,key-4,7652
1775447642237,key-2,2078
1775447642239,key-46,1475
1775447642240,key-18,1924
1775447642240,key-50,8155
1775447642241,key-4,7662
1775447642245,key-30,9124
1775447642250,key-4,7671
1775447642250,key-3,5555
1775447642252,key-17,3343
1775447642252,key-46,1488
1775447642260,key-22,2217
1775447642261,key-11,5576
1775447642265,key-35,2399
1775447642266,key-24,4226
1775447642266,key-12,2853
1775447642271,key-30,9150
1775447642271,key-12,2858
1775447642271,key-4,7692
1775447642275,key-17,3366
1775447642280,key-50,8195
1775447642281,key-7,2628
1775447642282,key-11,5597
1775447642284,key-17,3375
1775447642289,key-50,8204
1775447642290,key-11,5605
1775447642290,key-24,4250
1775447642290,key-11,5605
1775447642291,key-24,4251
1775447642291,key-11,5606
1775447642292,key-30,9171
1775447642304,key-26,1787
1775447642304,key-24,4264
1775447642305,key-4,7726
1775447642312,key-11,5627
1775447642315,key-45,1857
1775447642316,key-35,2450
1775447642316,key-11,5631
1775447642317,key-11,5632
1775447642325,key-17,3416
1775447642326,key-12,2913
1775447642327,key-11,5642
1775447642328,key-5,1169
1775447642332,key-19,4915
1775447642341,key-11,5656
1775447642342,key-50,8257
1775447642343,key-28,1362
1775447642344,key-30,9223
1775447642345,key-26,1828
1775447642346,key-4,7767
1775447642346,key-35,2480
1775447642346,key-26,1829
1775447642355,key-4,7776
1775447642355,key-7,2702
1775447642367,key-4,7788
1775447642368,key-3,5673
1775447642368,key-40,6057
1775447642369,key-4,7790
1775447642370,key-17,3461
1775447642371,key-3,5676
1775447642376,key-2,2217
1775447642377,key-4,7798
1775447642380,key-17,3471
1775447642381,key-4,7802
1775447642383,key-30,9262
1775447642384,key-19,4967
1775447642387,key-3,5692
1775447642388,key-4,7809
1775447642396,key-3,5701
1775447642396,key-3,5701
1775447642401,key-30,9280
1775447642404,key-30,9283
1775447642404,key-18,2088
1775447642405,key-46,1641
1775447642406,key-4,7827
1775447642410,key-50,8325
1775447642410,key-3,5715
1775447642412,key-4,7833
1775447642417,key-18,2101
1775447642419,key-3,5724
1775447642421,key-11,5736
1775447642421,key-4,7842
1775447642421,key-46,1657
1775447642424,key-24,4384
1775447642426,key-46,1662
1775447642430,key-4,7851
1775447642432,key-11,5747
1775447642433,key-17,3524
1775447642434,key-26,1917
1775447642439,key-12,3026
1775447642440,key-22,2397
1775447642441,key-18,2125
1775447642445,key-46,1681
1775447642446,key-2,2287
1775447642446,key-11,5761
1775447642451,key-19,5034
1775447642453,key-22,2410
1775447642453,key-35,2587
1775447642462,key-24,4422
1775447642464,key-4,7885
1775447642469,key-50,8384
1775447642475,key-11,5790
1775447642478,key-19,5061
1775447642481,key-24,4441
1775447642488,key-18,2172
1775447642489,key-3,5794
1775447642490,key-11,5805
1775447642490,key-50,8405
1775447642495,key-4,7916
1775447642496,key-11,5811
1775447642497,key-11,5812
1775447642504,key-22,2461
1775447642505,key-35,2639
1775447642506,key-46,1742
1775447642506,key-12,3093
1775447642506,key-5,1347
1775447642506,key-5,1347
1775447642507,key-26,1990
1775447642507,key-12,3094
1775447642508,key-24,4468
1775447642518,key-45,2060
1775447642519,key-17,3610
1775447642520,key-12,3107
1775447642521,key-26,2004
1775447642522,key-3,5827
1775447642526,key-17,3617
1775447642531,key-40,6220
1775447642532,key-3,5837
1775447642534,key-26,2017
1775447642535,key-3,5840
1775447642535,key-50,8450
1775447642539,key-4,7960
1775447642540,key-3,5845
1775447642541,key-11,5856
1775447642542,key-17,3633
1775447642542,key-17,3633
1775447642544,key-17,3635
1775447642544,key-4,7965
1775447642550,key-17,3641
1775447642550,key-4,7971
1775447642551,key-4,7972
1775447642554,key-24,4514
1775447642554,key-4,7975
1775447642555,key-4,7976
1775447642556,key-4,7977
1775447642561,key-3,5866
1775447642561,key-17,3652
1775447642561,key-4,7982
1775447642571,key-19,5154
1775447642577,key-30,9456
1775447642581,key-40,6270
1775447642588,key-24,4548
1775447642589,key-4,8010
1775447642595,key-17,3686
1775447642596,key-17,3687
1775447642596,key-12,3183
1775447642596,key-4,8017
1775447642596,key-18,2280
1775447642600,key-2,2441
1775447642602,key-40,6291
1775447642606,key-17,3697
1775447642607,key-3,5912
1775447642609,key-22,2566
1775447642615,key-22,2572
1775447642616,key-46,1852
1775447642616,key-7,2963
1775447642616,key-4,8037
1775447642618,key-4,8039
1775447642624,key-19,5207
1775447642625,key-24,4585
1775447642625,key-35,2759
1775447642632,key-38,234
1775447642632,key-18,2316
1775447642636,key-46,1872
1775447642637,key-11,5952
1775447642639,key-30,9518
1775447642645,key-3,5950
1775447642646,key-18,2330
1775447642649,key-46,1885
1775447642651,key-18,2335
1775447642652,key-11,5967
1775447642658,key-26,2141
1775447642658,key-4,8079
1775447642663,key-46,1899
1775447642663,key-10,4215
1775447642664,key-12,3251
1775447642673,key-3,5978
1775447642675,key-24,4635
1775447642675,key-30,9554
1775447642676,key-12,3263
1775447642677,key-50,8592
1775447642679,key-12,3266
1775447642682,key-5,1523
1775447642686,key-3,5991
1775447642699,key-3,6004
1775447642700,key-3,6005
1775447642703,key-26,2186
1775447642703,key-19,5286
1775447642703,key-26,2186
1775447642704,key-11,6019
1775447642704,key-12,3291
1775447642705,key-17,3796
1775447642710,key-10,4262
1775447642711,key-3,6016
1775447642711,key-40,6400
1775447642711,key-18,2395
1775447642723,key-24,4683
1775447642725,key-4,8146
1775447642726,key-3,6031
1775447642729,key-4,8150
1775447642730,key-4,8151
1775447642730,key-17,3821
1775447642731,key-4,8152
1775447642731,key-24,4691
1775447642731,key-17,3822
1775447642733,key-38,335
1775447642733,key-4,8154
1775447642739,key-3,6044
1775447642740,key-3,6045
1775447642740,key-4,8161
1775447642740,key-11,6055
1775447642741,key-26,2224
1775447642753,key-4,8174
1775447642753,key-4,8174
1775447642755,key-18,2439
1775447642764,key-12,3351
1775447642769,key-19,5352
1775447642770,key-17,3861
1775447642771,key-4,8192
1775447642773,key-46,2009
1775447642773,key-35,2907
1775447642776,key-23,2359
1775447642780,key-4,8201
1775447642781,key-4,8202
1775447642782,key-17,3873
1775447642784,key-4,8205
1775447642787,key-22,2744
1775447642788,key-2,2629
1775447642789,key-38,391
1775447642795,key-45,2337
1775447642797,key-46,2033
1775447642808,key-26,2291
1775447642809,key-4,8230
1775447642809,key-3,6114
1775447642818,key-24,4778
1775447642819,key-35,2953
1775447642820,key-12,3407
1775447642821,key-4,8242
1775447642821,key-22,2778
1775447642821,key-12,3408
1775447642834,key-3,6139
1775447642841,key-11,6156
1775447642842,key-2,2683
1775447642843,key-26,2326
1775447642843,key-26,2326
1775447642849,key-18,2533
1775447642850,key-11,6165
1775447642859,key-3,6164
1775447642860,key-24,4820
1775447642867,key-26,2350
1775447642868,key-5,1709
1775447642869,key-26,2352
1775447642870,key-3,6175
1775447642870,key-7,3217
1775447642870,key-11,6185
1775447642870,key-4,8291
1775447642873,key-46,2109
1775447642880,key-50,8795
1775447642884,key-18,2568
1775447642888,key-8,176
1775447642889,key-3,6194
1775447642890,key-11,6205
1775447642891,key-24,4851
1775447642896,key-17,3987
1775447642898,key-17,3989
1775447642901,key-26,2384
1775447642903,key-4,8324
1775447642904,key-3,6209
1775447642905,key-46,2141
1775447642905,key-8,193
1775447642905,key-10,4457
1775447642906,key-4,8327
1775447642907,key-8,195
1775447642908,key-8,196
1775447642908,key-38,510
1775447642909,key-30,9788
1775447642909,key-18,2593
1775447642915,key-4,8336
1775447642920,key-24,4880
1775447642922,key-4,8343
1775447642922,key-26,2405
1775447642924,key-17,4015
1775447642924,key-24,4884
1775447642925,key-12,3512
1775447642926,key-17,4017
1775447642929,key-17,4020
1775447642929,key-11,6244
1775447642930,key-5,1771
1775447642930,key-11,6245
1775447642940,key-17,4031
1775447642943,key-4,8364
1775447642949,key-35,3083
1775447642949,key-4,8370
1775447642953,key-38,555
1775447642954,key-12,3541
1775447642954,key-17,4045
1775447642964,key-19,5547
1775447642964,key-2,2805
1775447642968,key-12,3555
1775447642970,key-4,8391
1775447642970,key-18,2654
1775447642971,key-46,2207
1775447642977,key-17,4068
1775447642978,key-4,8399
1775447642979,key-4,8400
1775447642979,key-50,8894
1775447642979,key-4,8400
1775447642983,key-35,3117
1775447642987,key-35,3121
1775447642990,key-3,6295
1775447642990,key-3,6295
1775447642991,key-4,8412
1775447642996,key-12,3583
1775447643000,key-19,5583
1775447643002,key-3,6307
1775447643004,key-22,2961
1775447643005,key-26,2488
1775447643006,key-3,6311
1775447643006,key-4,8427
1775447643007,key-24,4967
1775447643015,key-17,4106
1775447643016,key-17,4107
1775447643016,key-50,8931
1775447643016,key-23,2599
1775447643022,key-35,3156
1775447643032,key-24,4992
1775447643040,key-11,6355
1775447643041,key-4,8462
1775447643045,key-8,333
1775447643047,key-4,8468
1775447643048,key-11,6363
1775447643057,key-46,2293
1775447643058,key-18,2742
1775447643059,key-50,8974
1775447643060,key-23,2643
1775447643062,key-3,6367
1775447643063,key-46,2299
1775447643064,key-35,3198
1775447643064,key-45,2606
1775447643067,key-46,2303
1775447643068,key-4,8489
1775447643076,key-46,2312
1775447643076,key-24,5036
1775447643076,key-46,2312
1775447643077,key-4,8498
1775447643082,key-22,3039
1775447643083,key-17,4174
1775447643084,key-38,686
1775447643084,key-3,6389
1775447643085,key-30,9964
1775447643088,key-38,690
1775447643089,key-26,2572
1775447643090,key-5,1931
1775447643091,key-11,6406
1775447643092,key-38,694
1775447643096,key-23,2679
1775447643098,key-8,386
1775447643098,key-30,9977
1775447643099,key-17,4190
1775447643099,key-12,3686
1775447643099,key-22,3056
1775447643100,key-10,4652
1775447643100,key-8,388
1775447643102,key-8,390
1775447643105,key-30,9984
1775447643108,key-4,8529
1775447643114,key-4,8535
1775447643114,key-4,8535
1775447643133,key-4,8554
1775447643133,key-50,9048
1775447643135,key-17,4226
1775447643140,key-24,5100
1775447643145,key-12,3732
1775447643146,key-19,5729
1775447643147,key-17,4238
1775447643148,key-19,5731
1775447643148,key-4,8569
1775447643148,key-10,4700
1775447643150,key-38,752
1775447643150,key-5,1991
1775447643151,key-17,4242
1775447643151,key-4,8572
1775447643151,key-19,5734
1775447643153,key-2,2994
1775447643155,key-8,443
1775447643162,key-4,8583
1775447643170,key-17,4261
1775447643172,key-3,6477
1775447643173,key-4,8594
1775447643173,key-3,6478
1775447643176,key-22,210
1775447643176,key-3,6481
1775447643179,key-50,9094
1775447643179,key-17,4270
1775447643193,key-22,227
1775447643196,key-22,230
1775447643197,key-24,5157
1775447643198,key-3,6503
1775447643203,key-35,3337
1775447643203,key-19,5786
1775447643204,key-17,4295
1775447643220,key-22,254
1775447643223,key-24,5183
1775447643223,key-46,2459
1775447643230,key-3,6535
1775447643231,key-46,2467
1775447643231,key-18,2915
1775447643232,key-11,6547
1775447643233,key-3,6538
1775447643235,key-45,2777
1775447643235,key-24,5195
1775447643239,key-23,2822
1775447643239,key-11,6554
1775447643247,key-50,9162
1775447643247,key-22,281
1775447643248,key-26,2731
1775447643249,key-46,2485
1775447643250,key-38,852
1775447643251,key-17,4342
1775447643252,key-46,2488
1775447643254,key-38,856
1775447643254,key-8,542
1775447643256,key-26,2739
1775447643256,key-8,544
1775447643260,key-23,2843
1775447643260,key-38,862
1775447643265,key-30,10144
1775447643265,key-10,4817
1775447643266,key-8,554
1775447643266,key-4,8687
1775447643267,key-23,2850
1775447643267,key-30,10146
1775447643270,key-46,2506
1775447643276,key-30,10155
1775447643278,key-3,6583
1775447643281,key-50,9196
1775447643282,key-38,884
1775447643283,key-30,10162
1775447643290,key-17,4381
1775447643290,key-11,6605
1775447643295,key-30,10174
1775447643297,key-5,2138
1775447643300,key-5,2141
1775447643302,key-4,8723
1775447643302,key-50,9217
1775447643302,key-3,6607
1775447643315,key-38,917
1775447643316,key-24,5276
1775447643317,key-5,2158
1775447643318,key-11,6633
1775447643323,key-10,4875
1775447643325,key-12,3912
1775447643325,key-8,613
1775447643326,key-3,6631
1775447643329,key-4,8750
1775447643330,key-4,8751
1775447643331,key-22,365
1775447643333,key-11,6648
1775447643334,key-30,10213
1775447643335,key-38,937
1775447643336,key-2,3177
1775447643336,key-8,624
1775447643348,key-4,8769
1775447643349,key-17,4440
1775447643349,key-30,10228
1775447643349,key-19,5932
1775447643349,key-19,5932
1775447643352,key-11,6667
1775447643352,key-10,4904
1775447643353,key-17,4444
1775447643353,key-3,6658
1775447643353,key-5,2194
1775447643353,key-38,955
1775447643354,key-17,4445
1775447643354,key-3,6659
1775447643354,key-22,388
1775447643357,key-17,4448
1775447643374,key-24,5334
1775447643383,key-22,417
1775447643388,key-3,6693
1775447643403,key-45,2945
1775447643403,key-2,3244
1775447643404,key-4,8825
1775447643404,key-3,6709
1775447643405,key-38,1007
1775447643413,key-12,4000
1775447643414,key-38,1016
1775447643416,key-8,704
1775447643417,key-17,4508
1775447643419,key-8,707
1775447643423,key-46,2659
1775447643427,key-10,4979
1775447643435,key-11,6750
1775447643437,key-3,6742
1775447643438,key-10,4990
1775447643439,key-46,2675
1775447643441,key-46,2677
1775447643441,key-17,4532
1775447643441,key-23,3024
1775447643441,key-30,214
1775447643442,key-3,6747
1775447643442,key-30,215
1775447643442,key-22,476
1775447643442,key-30,215
1775447643443,key-23,3026
1775447643443,key-46,2679
1775447643444,key-17,4535
1775447643448,key-8,736
1775447643449,key-3,6754
1775447643454,key-30,227
1775447643454,key-17,4545
1775447643456,key-3,6761
1775447643460,key-11,6775
1775447643467,key-45,3009
1775447643468,key-4,8889
1775447643468,key-30,241
1775447643470,key-4,8891
1775447643474,key-5,2315
1775447643475,key-2,3316
1775447643478,key-3,6783
1775447643489,key-38,1091
1775447643489,key-12,205
1775447643491,key-46,2727
1775447643494,key-5,2335
1775447643495,key-3,6800
1775447643498,key-8,786
1775447643500,key-38,1102
1775447643500,key-24,5460
1775447643501,key-8,789
1775447643501,key-22,535
1775447643509,key-5,2350
1775447643509,key-17,4600
1775447643514,key-23,3097
1775447643517,key-24,5477
1775447643518,key-17,4609
1775447643519,key-45,3061
1775447643523,key-22,557
1775447643524,key-2,3365
1775447643524,key-30,297
1775447643526,key-2,3367
1775447643527,key-30,300
1775447643529,key-30,302
1775447643539,key-10,5091
1775447643540,key-4,8961
1775447643541,key-30,314
1775447643541,key-22,575
1775447643541,key-17,4632
1775447643542,key-50,9457
1775447643543,key-22,577
1775447643543,key-17,4634
1775447643543,key-4,8964
1775447643543,key-22,577
1775447643547,key-8,835
1775447643555,key-4,8976
1775447643559,key-19,6142
1775447643560,key-4,8981
1775447643560,key-30,333
1775447643568,key-22,602
1775447643571,key-17,4662
1775447643573,key-22,607
1775447643589,key-19,6172
1775447643593,key-22,627
1775447643594,key-11,6909
1775447643598,key-38,1200
1775447643599,key-8,887
1775447643599,key-38,1201
1775447643599,key-17,4690
1775447643603,key-17,4694
1775447643604,key-23,3187
1775447643604,key-23,3187
1775447643608,key-3,6913
1775447643613,key-3,6918
1775447643614,key-3,6919
1775447643615,key-7,3962
1775447643616,key-30,389
1775447643617,key-17,4708
1775447643618,key-30,391
1775447643618,key-23,3201
1775447643620,key-17,4711
1775447643622,key-8,910
1775447643623,key-2,3464
1775447643626,key-45,3168
1775447643631,key-46,2867
1775447643632,key-30,405
1775447643634,key-17,4725
1775447643640,key-38,1242
1775447643640,key-30,413
1775447643641,key-28,2660
1775447643642,key-46,2878
1775447643642,key-50,9557
1775447643648,key-30,421
1775447643649,key-17,4740
1775447643650,key-46,2886
1775447643650,key-17,4741
1775447643650,key-2,3491
1775447643650,key-45,3192
1775447643651,key-17,4742
1775447643651,key-23,3234
1775447643651,key-8,939
1775447643653,key-30,426
1775447643656,key-4,9077
1775447643659,key-3,6964
1775447643660,key-46,2896
1775447643660,key-7,4007
1775447643660,key-8,948
1775447643666,key-12,382
1775447643671,key-5,2512
1775447643672,key-8,960
1775447643674,key-17,4765
1775447643675,key-24,5635
1775447643676,key-5,2517
1775447643678,key-19,6261
1775447643681,key-22,715
1775447643681,key-47,166
1775447643681,key-8,969
1775447643696,key-2,3537
1775447643697,key-30,470
1775447643698,key-3,7003
1775447643702,key-30,475
1775447643703,key-4,9124
1775447643706,key-30,479
1775447643707,key-22,741
1775447643708,key-30,481
1775447643711,key-10,5263
1775447643712,key-22,746
1775447643712,key-5,2553
1775447643715,key-35,3849
1775447643716,key-30,489
1775447643722,key-10,5274
1775447643723,key-2,3564
1775447643725,key-46,2961
1775447643729,key-47,214
1775447643730,key-30,503
1775447643735,key-17,4826
1775447643736,key-2,3577
1775447643736,key-4,9157
1775447643736,key-24,5696
1775447643740,key-17,4831
1775447643742,key-4,9163
1775447643744,key-30,517
1775447643747,key-47,232
1775447643749,key-26,3232
1775447643750,key-22,784
1775447643754,key-22,788
1775447643759,key-22,793
1775447643765,key-30,538
1775447643773,key-19,6356
1775447643787,key-8,1075
1775447643789,key-45,3331
1775447643790,key-3,7095
1775447643791,key-38,1393
1775447643791,key-24,5751
1775447643793,key-3,7098
1775447643795,key-3,7100
1775447643797,key-3,7102
1775447643797,key-17,4888
1775447643800,key-38,1402
1775447643802,key-7,4149
1775447643805,key-3,7110
1775447643806,key-3,7111
1775447643811,key-30,584
1775447643812,key-7,4159
1775447643812,key-28,2831
1775447643812,key-2,3653
1775447643817,key-3,7122
1775447643818,key-11,7133
1775447643822,key-35,3956
1775447643822,key-2,3663
1775447643830,key-46,3066
1775447643837,key-8,1125
1775447643837,key-8,1125
1775447643837,key-30,610
1775447643838,key-10,5390
1775447643839,key-18,3523
1775447643839,key-30,612
1775447643839,key-23,3422
1775447643840,key-3,7145
1775447643840,key-8,1128
1775447643840,key-45,3382
1775447643840,key-30,613
1775447643841,key-23,3424
1775447643842,key-45,3384
1775447643842,key-4,9263
1775447643842,key-45,3384
1775447643843,key-22,877
1775447643843,key-19,6426
1775447643844,key-30,617
1775447643844,key-12,560
1775447643845,key-7,4192
1775447643848,key-24,5808
1775447643853,key-30,626
1775447643854,key-23,3437
1775447643879,key-19,6462
1775447643881,key-22,915
1775447643882,key-3,7187
1775447643884,key-46,3120
1775447643885,key-18,3569
1775447643885,key-47,370
1775447643886,key-22,920
1775447643890,key-5,2731
1775447643893,key-4,9314
1775447643894,key-17,4985
1775447643898,key-10,5450
1775447643899,key-30,672
1775447643902,key-17,4993
1775447643910,key-4,9331
1775447643910,key-47,395
1775447643912,key-30,685
1775447643912,key-11,7227
1775447643919,key-12,635
1775447643919,key-43,160
1775447643919,key-17,5010
1775447643919,key-30,692
1775447643919,key-30,692
1775447643920,key-4,9341
1775447643927,key-2,3768
1775447643927,key-19,6510
1775447643929,key-4,9350
1775447643930,key-17,5021
1775447643930,key-19,6513
1775447643931,key-22,965
1775447643933,key-30,706
1775447643936,key-2,3777
1775447643941,key-10,5493
1775447643941,key-7,4288
1775447643943,key-8,1231
1775447643945,key-45,3487
1775447643972,key-17,5063
1775447643973,key-45,3515
1775447643974,key-38,1575
1775447643975,key-28,2994
1775447643976,key-3,7281
1775447643976,key-30,749
1775447643979,key-4,9400
1775447643990,key-47,475
1775447643991,key-17,5082
1775447643992,key-43,233
1775447643993,key-17,5084
1775447643993,key-3,7298
1775447643994,key-30,767
1775447643996,key-7,4343
1775447643997,key-30,770
1775447643998,key-2,3839
1775447644000,key-8,1288
1775447644000,key-43,241
1775447644000,key-8,1288
1775447644001,key-45,3543
1775447644002,key-23,3585
1775447644002,key-4,9423
1775447644008,key-10,5560
1775447644008,key-30,781
1775447644009,key-18,3693
1775447644015,key-45,3557
1775447644019,key-11,7334
1775447644019,key-4,9440
1775447644019,key-7,4366
1775447644023,key-30,796
1775447644026,key-19,6609
1775447644027,key-22,1061
1775447644029,key-23,3612
1775447644037,key-30,810
1775447644039,key-22,1073
1775447644039,key-16,183
1775447644039,key-23,3622
1775447644040,key-19,6623
1775447644041,key-45,3583
1775447644044,key-3,7349
1775447644049,key-7,4396
1775447644049,key-47,534
1775447644059,key-19,6642
1775447644061,key-24,6021
1775447644067,key-22,1101
1775447644069,key-30,842
1775447644071,key-23,3654
1775447644074,key-22,1108
1775447644077,key-30,850
1775447644078,key-4,9499
1775447644082,key-16,226
1775447644087,key-22,1121
1775447644088,key-30,861
1775447644092,key-23,3675
1775447644093,key-23,3676
1775447644095,key-47,580
1775447644096,key-47,581
1775447644096,key-46,3332
1775447644097,key-2,3938
1775447644098,key-43,339
1775447644101,key-7,4448
1775447644105,key-10,5657
1775447644107,key-23,3690
1775447644129,key-47,614
1775447644131,key-19,6714
1775447644132,key-38,1734
1775447644132,key-43,373
1775447644132,key-30,905
1775447644133,key-7,4480
1775447644133,key-17,5224
1775447644133,key-38,1735
1775447644134,key-45,3676
1775447644134,key-3,7439
1775447644139,key-17,5230
1775447644141,key-30,914
1775447644141,key-7,4488
1775447644141,key-4,9562
1775447644143,key-4,9564
1775447644145,key-45,3687
1775447644145,key-30,918
1775447644148,key-22,1182
1775447644152,key-30,925
1775447644159,key-43,400
1775447644162,key-19,6745
1775447644163,key-28,3182
1775447644165,key-4,9586
1775447644171,key-43,412
1775447644172,key-17,5263
1775447644173,key-16,317
1775447644174,key-10,5726
1775447644174,key-17,5265
1775447644177,key-4,9598
1775447644182,key-5,3023
1775447644183,key-19,6766
1775447644188,key-3,7493
1775447644195,key-35,173
1775447644196,key-30,969
1775447644197,key-16,341
1775447644197,key-30,970
1775447644198,key-22,1232
1775447644199,key-8,1487
1775447644199,key-30,972
1775447644199,key-11,7514
1775447644200,key-23,3783
1775447644200,key-16,344
1775447644202,key-6,194
1775447644202,key-4,9623
1775447644204,key-5,3045
1775447644209,key-5,3050
1775447644210,key-3,7515
1775447644214,key-45,3756
1775447644215,key-3,7520
1775447644217,key-4,9638
1775447644218,key-4,9639
1775447644219,key-30,992
1775447644220,key-23,3803
1775447644223,key-22,1257
1775447644223,key-50,10138
1775447644223,key-23,3806
1775447644224,key-4,9645
1775447644225,key-23,3808
1775447644230,key-35,208
1775447644231,key-19,6814
1775447644232,key-7,4579
1775447644232,key-10,5784
1775447644248,key-24,6208
1775447644250,key-22,1284
1775447644251,key-35,229
1775447644251,key-30,1024
1775447644252,key-23,3835
1775447644252,key-16,396
1775447644256,key-22,1290
1775447644264,key-23,3847
1775447644265,key-43,506
1775447644267,key-43,508
1775447644267,key-23,3850
1775447644267,key-17,5358
1775447644267,key-8,1555
1775447644267,key-24,6227
1775447644268,key-22,1302
1775447644270,key-10,5822
1775447644284,key-46,3520
1775447644285,key-7,4632
1775447644291,key-19,6874
1775447644292,key-24,6252
1775447644293,key-23,3876
1775447644299,key-30,1072
1775447644303,key-3,7608
1775447644305,key-10,5857
1775447644306,key-17,5397
1775447644318,key-30,1091
1775447644319,key-22,1353
1775447644320,key-4,9741
1775447644321,key-47,806
1775447644321,key-19,6904
1775447644321,key-3,7626
1775447644321,key-28,3340
1775447644321,key-43,562
1775447644322,key-22,1356
1775447644322,key-16,466
1775447644322,key-50,10237
1775447644322,key-4,9743
1775447644326,key-23,3909
1775447644327,key-30,1100
1775447644328,key-16,472
1775447644329,key-40,8018
1775447644331,key-7,4678
1775447644341,key-2,4182
1775447644342,key-38,1944
1775447644345,key-16,489
1775447644345,key-11,7660
1775447644348,key-19,6931
1775447644354,key-30,1127
1775447644354,key-10,5906
1775447644368,key-4,9789
1775447644371,key-3,7676
1775447644379,key-45,3921
1775447644384,key-4,9805
1775447644385,key-4,9806
1775447644386,key-16,530
1775447644386,key-23,3969
1775447644390,key-4,9811
1775447644391,key-50,10306
1775447644394,key-8,1682
1775447644394,key-12,1110
1775447644396,key-22,1430
1775447644399,key-3,7704
1775447644401,key-4,9822
1775447644403,key-5,3244
1775447644403,key-19,6986
1775447644404,key-22,1438
1775447644405,key-10,5957
1775447644408,key-24,6368
1775447644409,key-4,9830
1775447644409,key-23,3992
1775447644411,key-23,3994
1775447644411,key-50,10326
1775447644411,key-35,389
1775447644411,key-19,6994
1775447644416,key-11,7731
1775447644418,key-24,6378
1775447644419,key-11,7734
1775447644423,key-24,6383
1775447644424,key-8,1712
1775447644426,key-22,1460
1775447644426,key-35,404
1775447644426,key-17,5517
1775447644427,key-10,5979
1775447644427,key-4,9848
1775447644431,key-50,10346
1775447644431,key-22,1465
1775447644437,key-23,4020
1775447644438,key-46,3674
1775447644442,key-23,4025
1775447644444,key-30,1217
1775447644452,key-35,430
1775447644452,key-34,180
1775447644452,key-23,4035
1775447644454,key-24,6414
1775447644455,key-10,6007
1775447644459,key-34,187
1775447644460,key-7,4807
1775447644464,key-46,3700
1775447644470,key-19,7053
1775447644471,key-24,6431
1775447644471,key-10,6023
1775447644483,key-16,627
1775447644484,key-19,7067
1775447644485,key-16,629
1775447644490,key-40,8179
1775447644490,key-30,1263
1775447644497,key-24,6457
1775447644498,key-40,8187
1775447644498,key-4,9919
1775447644498,key-3,7803
1775447644499,key-19,7082
1775447644499,key-24,6459
1775447644501,key-23,4084
1775447644501,key-22,1535
1775447644504,key-16,648
1775447644504,key-35,482
1775447644504,key-19,7087
1775447644509,key-3,7814
1775447644510,key-40,8199
1775447644516,key-23,4099
1775447644517,key-19,7100
1775447644517,key-19,7100
1775447644518,key-2,4359
1775447644518,key-22,1552
1775447644521,key-40,8210
1775447644531,key-4,9952
1775447644533,key-10,6085
1775447644533,key-16,677
1775447644534,key-43,775
1775447644534,key-10,6086
1775447644535,key-5,3376
1775447644538,key-23,4121
1775447644542,key-4,9963
1775447644546,key-50,10461
1775447644550,key-10,6102
1775447644556,key-4,9977
1775447644557,key-12,1273
1775447644560,key-16,704
1775447644561,key-16,705
1775447644563,key-8,1851
1775447644566,key-24,6526
1775447644567,key-23,4150
1775447644568,key-19,7151
1775447644571,key-17,5662
1775447644573,key-35,551
1775447644574,key-19,7157
1775447644575,key-10,6127
1775447644575,key-17,5666
1775447644576,key-5,3417
1775447644585,key-24,6545
1775447644585,key-34,313
1775447644586,key-22,1620
1775447644588,key-19,7171
1775447644592,key-50,10507
1775447644594,key-50,10509
1775447644596,key-11,7911
1775447644599,key-11,7914
1775447644607,key-8,1895
1775447644612,key-6,604
1775447644614,key-40,8303
1775447644614,key-47,1099
1775447644615,key-11,7930
1775447644617,key-10,6169
1775447644617,key-10,6169
1775447644618,key-50,10533
1775447644618,key-34,346
1775447644619,key-10,6171
1775447644620,key-35,598
1775447644625,key-23,4208
1775447644626,key-8,1914
1775447644626,key-4,10047
1775447644627,key-22,1661
1775447644630,key-23,4213
1775447644630,key-10,6182
1775447644641,key-7,4988
1775447644642,key-23,4225
1775447644642,key-50,10557
1775447644643,key-17,5734
1775447644643,key-35,621
1775447644643,key-10,6195
1775447644656,key-10,6208
1775447644659,key-11,7974
1775447644660,key-11,7975
1775447644660,key-11,7975
1775447644661,key-10,6213
1775447644662,key-35,640
1775447644670,key-19,7253
1775447644670,key-4,10091
1775447644671,key-23,4254
1775447644672,key-40,8361
1775447644676,key-35,654
1775447644679,key-40,8368
1775447644680,key-40,8369
1775447644683,key-4,10104
1775447644686,key-3,7991
1775447644686,key-24,6646
1775447644692,key-23,4275
1775447644693,key-19,7276
1775447644698,key-19,7281
1775447644699,key-4,10120
1775447644707,key-30,1480
1775447644709,key-23,4292
1775447644714,key-5,3555
1775447644716,key-40,8405
1775447644716,key-19,7299
1775447644722,key-38,2324
1775447644724,key-10,6276
1775447644731,key-3,8036
1775447644732,key-4,10153
1775447644734,key-12,1450
1775447644734,key-16,878
1775447644737,key-23,4320
1775447644739,key-24,6699
1775447644741,key-10,6293
1775447644741,key-10,6293
1775447644746,key-16,890
1775447644749,key-16,893
1775447644751,key-10,6303
1775447644751,key-8,2039
1775447644752,key-50,10667
1775447644753,key-19,7336
1775447644760,key-23,4343
1775447644761,key-34,489
1775447644765,key-19,7348
1775447644769,key-10,6321
1775447644770,key-17,5861
1775447644778,key-50,10693
1775447644778,key-50,10693
1775447644779,key-35,757
1775447644782,key-50,10697
1775447644785,key-50,10700
1775447644786,key-4,10207
1775447644792,key-50,10707
1775447644793,key-6,785
1775447644794,key-50,10709
1775447644795,key-8,2083
1775447644797,key-10,6349
1775447644800,key-10,6352
1775447644801,key-17,5892
1775447644802,key-35,780
1775447644804,key-10,6356
1775447644804,key-19,7387
1775447644805,key-23,4388
1775447644805,key-50,10720
1775447644808,key-4,10229
1775447644809,key-10,6361
1775447644809,key-3,8114
1775447644814,key-23,4397
1775447644815,key-17,5906
1775447644816,key-10,6368
1775447644816,key-17,5907
1775447644817,key-23,4400
1775447644817,key-24,6777
1775447644817,key-35,795
1775447644821,key-23,4404
1775447644821,key-35,799
1775447644825,key-11,8140
1775447644826,key-35,804
1775447644828,key-11,8143
1775447644831,key-7,5178
1775447644832,key-19,7415
1775447644834,key-10,6386
1775447644838,key-10,6390
1775447644839,key-10,6391
1775447644840,key-45,4382
1775447644844,key-40,8533
1775447644849,key-8,2137
1775447644853,key-40,8542
1775447644854,key-23,4437
1775447644855,key-23,4438
1775447644861,key-50,10776
1775447644861,key-3,8166
1775447644866,key-47,1351
1775447644866,key-19,7449
1775447644867,key-40,8556
1775447644867,key-50,10782
1775447644868,key-17,5959
1775447644877,key-4,10298
1775447644879,key-40,8568
1775447644879,key-10,6431
1775447644879,key-4,10300
1775447644881,key-24,6841
1775447644884,key-30,1657
1775447644888,key-40,8577
1775447644889,key-35,867
1775447644890,key-5,3731
1775447644890,key-16,1034
1775447644891,key-5,3732
1775447644898,key-40,8587
1775447644901,key-19,7484
1775447644903,key-10,6455
1775447644904,key-46,4140
1775447644904,key-10,6456
1775447644907,key-5,3748
1775447644907,key-5,3748
1775447644919,key-11,8234
1775447644920,key-23,4503
1775447644922,key-10,6474
1775447644922,key-10,6474
1775447644925,key-19,7508
1775447644925,key-23,4508
1775447644936,key-24,6896
1775447644937,key-23,4520
1775447644940,key-47,1425
1775447644941,key-24,6901
1775447644942,key-50,10857
1775447644942,key-50,10857
1775447644943,key-30,1716
1775447644944,key-35,922
1775447644950,key-10,6502
1775447644951,key-50,10866
1775447644951,key-8,2239
1775447644951,key-50,10866
1775447644952,key-35,930
1775447644952,key-4,10373
1775447644954,key-5,3795
1775447644958,key-10,6510
1775447644962,key-10,6514
1775447644963,key-50,10878
1775447644964,key-10,6516
1775447644971,key-6,963
1775447644971,key-8,2259
1775447644972,key-23,4555
1775447644974,key-23,4557
1775447644976,key-24,6936
1775447644981,key-47,1466
1775447644983,key-24,6943
1775447644984,key-50,10899
1775447644987,key-6,979
1775447644989,key-35,967
1775447644991,key-17,6082
1775447644991,key-50,10906
1775447644992,key-23,4575
1775447644992,key-11,8307
1775447644992,key-19,7575
1775447644992,key-10,6544
1775447644996,key-35,162
1775447645000,key-17,6091
1775447645003,key-24,6963
1775447645004,key-10,6556
1775447645006,key-7,5353
1775447645006,key-17,6097
1775447645011,key-43,1252
1775447645014,key-8,2302
1775447645023,key-45,4565
1775447645023,key-10,6575
1775447645024,key-8,2312
1775447645024,key-45,4566
1775447645026,key-40,8715
1775447645026,key-10,6578
1775447645031,key-40,8720
1775447645032,key-17,6123
1775447645037,key-40,8726
1775447645045,key-4,10466
1775447645047,key-35,213
1775447645048,key-18,4732
1775447645051,key-10,6603
1775447645052,key-43,1293
1775447645053,key-47,1538
1775447645055,key-18,4739
1775447645055,key-23,4638
1775447645057,key-35,223
1775447645057,key-35,223
1775447645062,key-40,8751
1775447645073,key-40,8762
1775447645077,key-40,8766
1775447645082,key-45,4624
1775447645089,key-10,6641
1775447645090,key-35,256
1775447645090,key-10,6642
1775447645090,key-4,10511
1775447645091,key-23,4674
1775447645091,key-19,7674
1775447645094,key-5,254
1775447645097,key-10,6649
1775447645098,key-24,7058
1775447645098,key-23,4681
1775447645098,key-5,258
1775447645102,key-16,1246
1775447645102,key-16,1246
1775447645102,key-23,4685
1775447645106,key-30,1879
1775447645107,key-8,2395
1775447645108,key-50,11023
1775447645111,key-24,7071
1775447645115,key-12,1831
1775447645116,key-5,276
1775447645119,key-35,285
1775447645125,key-5,285
1775447645127,key-23,4710
1775447645127,key-5,287
1775447645137,key-24,7097
1775447645140,key-22,2174
1775447645141,key-8,2429
1775447645142,key-50,11057
1775447645142,key-4,10563
1775447645145,key-23,4728
1775447645145,key-35,311
1775447645147,key-24,7107
1775447645150,key-50,11065
1775447645152,key-6,1144
1775447645155,key-46,4391
1775447645156,key-10,6708
1775447645159,key-10,6711
1775447645159,key-17,6250
1775447645159,key-50,11074
1775447645160,key-43,1401
1775447645160,key-10,6712
1775447645162,key-50,11077
1775447645240,key-35,406
1775447645240,key-47,1725
1775447645241,key-47,1726
1775447645242,key-6,1234
1775447645243,key-5,403
1775447645243,key-50,11158
1775447645244,key-8,2532
1775447645244,key-34,972
1775447645244,key-7,5591
1775447645245,key-4,10666
1775447645246,key-11,8561
1775447645247,key-35,413
1775447645247,key-19,7830
1775447645247,key-35,413
1775447645247,key-50,11162
1775447645248,key-35,414
1775447645248,key-24,7208
1775447645249,key-17,6340
1775447645249,key-10,6801
1775447645250,key-19,7833
1775447645250,key-17,6341
1775447645250,key-11,8565
1775447645251,key-35,417
1775447645251,key-35,417
1775447645251,key-17,6342
1775447645251,key-24,7211
1775447645252,key-35,418
1775447645252,key-50,11167
1775447645252,key-11,8567
1775447645252,key-35,418
1775447645266,key-43,1507
1775447645272,key-47,1757
1775447645272,key-45,4814
1775447645272,key-8,2560
1775447645273,key-10,6825
1775447645273,key-17,6364
1775447645273,key-23,4856
1775447645273,key-47,1758
1775447645275,key-43,1516
1775447645276,key-5,436
1775447645277,key-10,6829
1775447645281,key-40,8970
1775447645282,key-10,6834
1775447645282,key-40,8971
1775447645309,key-24,7269
1775447645317,key-5,477
1775447645317,key-10,6869
1775447645323,key-23,4906
1775447645323,key-4,10744
1775447645323,key-24,7283
1775447645324,key-24,7284
1775447645324,key-19,7907
1775447645325,key-50,11240
1775447645325,key-8,2613
1775447645325,key-8,2613
1775447645326,key-23,4909
1775447645326,key-45,4868
1775447645327,key-24,7287
1775447645327,key-2,5168
1775447645328,key-6,1320
1775447645328,key-5,488
1775447645329,key-10,6881
1775447645335,key-35,501
1775447645336,key-17,6427
1775447645339,key-26,4822
1775447645340,key-5,500
1775447645340,key-35,506
1775447645341,key-10,6893
1775447645341,key-28,4360
1775447645344,key-45,4886
1775447645375,key-45,4917
1775447645378,key-40,9067
1775447645379,key-24,7339
1775447645393,key-24,7353
1775447645394,key-50,11309
1775447645395,key-3,8700
1775447645396,key-50,11311
1775447645396,key-7,5743
1775447645413,key-50,11328
1775447645420,key-50,11335
1775447645420,key-6,1412
1775447645420,key-23,5003
1775447645421,key-18,5105
1775447645422,key-11,8737
1775447645426,key-50,11341
1775447645431,key-35,597
1775447645432,key-50,11347
1775447645432,key-45,4974
1775447645435,key-17,6526
1775447645435,key-47,1920
1775447645436,key-47,1921
1775447645436,key-5,596
1775447645438,key-50,11353
1775447645438,key-35,604
1775447645439,key-50,11354
1775447645440,key-24,7400
1775447645444,key-17,6535
1775447645445,key-8,2733
1775447645445,key-17,6536
1775447645446,key-40,9135
1775447645446,key-50,11361
1775447645447,key-11,8762
1775447645447,key-10,6999
1775447645447,key-10,6999
1775447645447,key-40,9136
1775447645447,key-10,6999
1775447645447,key-8,2735
1775447645450,key-40,9139
1775447645451,key-47,1936
1775447645457,key-45,4999
1775447645457,key-5,617
1775447645457,key-50,11372
1775447645459,key-11,8774
1775447645464,key-50,11379
1775447645473,key-45,5015
1775447645473,key-35,639
1775447645473,key-35,639
1775447645473,key-22,2507
1775447645474,key-10,7026
1775447645474,key-50,11389
1775447645478,key-10,7030
1775447645483,key-19,8066
1775447645484,key-24,7444
1775447645486,key-5,646
1775447645493,key-24,7453
1775447645497,key-45,5039
1775447645497,key-46,4733
1775447645498,key-19,8081
1775447645501,key-2,5342
1775447645503,key-10,7055
1775447645505,key-24,7465
1775447645509,key-8,2797
1775447645512,key-35,678
1775447645513,key-23,5096
1775447645517,key-24,7477
1775447645523,key-40,9212
1775447645528,key-43,1769
1775447645530,key-6,1522
1775447645530,key-24,7490
1775447645531,key-8,2819
1775447645535,key-5,695
1775447645535,key-23,5118
1775447645535,key-24,7495
1775447645536,key-45,5078
1775447645537,key-28,4556
1775447645539,key-45,5081
1775447645539,key-10,7091
1775447645539,key-35,705
1775447645542,key-45,5084
1775447645545,key-30,2318
1775447645557,key-50,11472
1775447645560,key-19,8143
1775447645560,key-18,5244
1775447645560,key-8,2848
1775447645564,key-45,5106
1775447645567,key-10,7119
1775447645574,key-6,1566
1775447645580,key-50,11495
1775447645582,key-35,748
1775447645583,key-45,5125
1775447645583,key-24,7543
1775447645591,key-50,11506
1775447645593,key-35,759
1775447645604,key-50,11519
1775447645608,key-5,768
1775447645612,key-10,7164
1775447645612,key-47,2097
1775447645616,key-40,9305
1775447645617,key-22,2651
1775447645617,key-2,5458
1775447645617,key-50,11532
1775447645617,key-47,2102
1775447645618,key-8,2906
1775447645620,key-24,7580
1775447645620,key-10,7172
1775447645625,key-24,7585
1775447645625,key-6,1617
1775447645626,key-17,6717
1775447645630,key-40,9319
1775447645630,key-50,11545
1775447645630,key-18,5314
1775447645634,key-50,11549
1775447645634,key-5,794
1775447645634,key-34,541
1775447645634,key-47,2119
1775447645635,key-11,8950
1775447645638,key-10,7190
1775447645644,key-5,804
1775447645645,key-46,4881
1775447645645,key-40,9334
1775447645650,key-24,7610
1775447645650,key-47,2135
1775447645652,key-50,11567
1775447645654,key-5,814
1775447645655,key-2,5496
1775447645655,key-35,821
1775447645663,key-2,5504
1775447645673,key-11,8988
1775447645673,key-35,839
1775447645674,key-50,11589
1775447645675,key-8,2963
1775447645676,key-19,8259
1775447645676,key-46,4912
1775447645680,key-19,8263
1775447645681,key-5,841
1775447645681,key-19,8264
1775447645683,key-8,2971
1775447645685,key-24,7645
1775447645687,key-50,11602
1775447645687,key-24,7647
1775447645690,key-10,7242
1775447645691,key-23,5274
1775447645693,key-45,5235
1775447645695,key-38,3297
1775447645696,key-28,4715
1775447645702,key-50,11617
1775447645703,key-23,5286
1775447645708,key-8,2996
1775447645712,key-35,878
1775447645712,key-10,7264
1775447645712,key-28,4731
1775447645713,key-24,7673
1775447645713,key-5,873
1775447645717,key-24,7677
1775447645722,key-50,11637
1775447645722,key-8,3010
1775447645722,key-18,5406
1775447645725,key-23,5308
1775447645727,key-5,887
1775447645728,key-5,888
1775447645731,key-28,4750
1775447645731,key-35,897
1775447645731,key-5,891
1775447645735,key-6,1727
1775447645735,key-24,7695
1775447645736,key-23,5319
1775447645737,key-18,5421
1775447645739,key-50,11654
1775447645742,key-28,4761
1775447645743,key-35,909
1775447645743,key-43,1984
1775447645761,key-6,1753
1775447645763,key-10,7315
1775447645775,key-8,3063
1775447645776,key-40,166
1775447645782,key-10,7334
1775447645783,key-40,173
1775447645788,key-50,11703
1775447645788,key-17,6879
1775447645794,key-5,954
1775447645794,key-4,11215
1775447645794,key-45,5336
1775447645795,key-47,2280
1775447645800,key-40,190
1775447645800,key-40,190
1775447645801,key-21,284
1775447645807,key-5,967
1775447645808,key-34,715
1775447645809,key-19,8392
1775447645809,key-50,11724
1775447645817,key-24,7777
1775447645818,key-50,11733
1775447645818,key-11,9133
1775447645819,key-11,9134
1775447645819,key-46,5055
1775447645819,key-5,979
1775447645820,key-50,11735
1775447645821,key-50,11736
1775447645823,key-24,7783
1775447645825,key-10,7377
1775447645828,key-24,7788
1775447645831,key-5,991
1775447645834,key-11,9149
1775447645841,key-2,5682
1775447645844,key-36,388
1775447645844,key-10,7396
1775447645845,key-35,1011
1775447645852,key-19,8435
1775447645854,key-11,9169
1775447645857,key-11,9172
1775447645858,key-50,11773
1775447645859,key-30,2632
1775447645861,key-50,11776
1775447645866,key-50,11781
1775447645869,key-45,5411
1775447645871,key-8,3159
1775447645871,key-19,8454
1775447645871,key-35,1037
1775447645872,key-40,262
1775447645875,key-5,1035
1775447645876,key-8,3164
1775447645877,key-23,5460
1775447645878,key-4,11299
1775447645879,key-10,7431
1775447645882,key-46,5118
1775447645882,key-43,2123
1775447645883,key-8,3171
1775447645883,key-2,5724
1775447645890,key-24,7850
1775447645892,key-17,6983
1775447645892,key-8,3180
1775447645892,key-23,5475
1775447645893,key-3,9198
1775447645896,key-35,1062
1775447645899,key-18,5583
1775447645903,key-50,11818
1775447645905,key-24,7865
1775447645905,key-24,7865
1775447645907,key-35,1073
1775447645908,key-5,1068
1775447645915,key-24,7875
1775447645918,key-43,2159
1775447645919,key-5,1079
1775447645920,key-35,1086
1775447645923,key-5,1083
1775447645930,key-50,11845
1775447645930,key-6,1922
1775447645934,key-23,5517
1775447645941,key-8,3229
1775447645942,key-23,5525
1775447645949,key-5,1109
1775447645950,key-43,2191
1775447645951,key-5,1111
1775447645955,key-17,7046
1775447645957,key-43,2198
1775447645969,key-40,359
1775447645970,key-5,1130
1775447645971,key-50,11886
1775447645974,key-5,1134
1775447645975,key-5,1135
1775447645975,key-21,458
1775447645976,key-11,9291
1775447645977,key-47,2462
1775447645977,key-4,11398
1775447645978,key-40,368
1775447645986,key-46,5222
1775447645987,key-19,8570
1775447645988,key-50,11903
1775447645992,key-23,5575
1775447645993,key-11,9308
1775447645995,key-11,9310
1775447645995,key-28,5014
1775447645997,key-46,5233
1775447645997,key-40,387
1775447645999,key-24,7959
1775447645999,key-46,5235
1775447645999,key-5,1159
1775447646000,key-5,1160
1775447646004,key-11,9319
1775447646011,key-8,3299
1775447646014,key-35,1180
1775447646017,key-11,9332
1775447646024,key-21,507
1775447646024,key-11,9339
1775447646025,key-46,5261
1775447646025,key-10,7577
1775447646026,key-45,5568
1775447646031,key-19,8614
1775447646033,key-50,11948
1775447646035,key-45,5577
1775447646038,key-7,6385
1775447646039,key-40,429
1775447646041,key-50,11956
1775447646046,key-19,8629
1775447646047,key-35,1213
1775447646048,key-19,8631
1775447646050,key-10,7602
1775447646056,key-2,5897
1775447646058,key-35,1224
1775447646059,key-43,2300
1775447646059,key-24,8019
1775447646059,key-46,5295
1775447646061,key-8,3349
1775447646071,key-46,5307
1775447646073,key-36,617
1775447646073,key-35,1239
1775447646074,key-35,1240
1775447646074,key-10,7626
1775447646076,key-5,1236
1775447646076,key-24,8036
1775447646077,key-5,1237
1775447646079,key-23,5662
1775447646079,key-8,3367
1775447646080,key-34,987
1775447646081,key-5,1241
1775447646083,key-5,1243
1775447646084,key-35,1250
1775447646086,key-43,2327
1775447646087,key-24,8047
1775447646089,key-26,5572
1775447646091,key-8,3379
1775447646092,key-40,482
1775447646094,key-5,1254
1775447646095,key-50,12010
1775447646095,key-5,1255
1775447646103,key-35,1269
1775447646104,key-26,5587
1775447646106,key-43,2347
1775447646106,key-35,1272
1775447646106,key-24,8066
1775447646109,key-8,3397
1775447646113,key-35,1279
1775447646117,key-18,5801
1775447646118,key-23,5701
1775447646127,key-36,671
1775447646128,key-43,2369
1775447646132,key-5,1292
1775447646132,key-7,6479
1775447646134,key-24,8094
1775447646139,key-3,9444
1775447646142,key-5,1302
1775447646143,key-29,165
1775447646144,key-5,1304
1775447646151,key-11,9466
1775447646152,key-40,542
1775447646153,key-50,12068
1775447646155,key-8,3443
1775447646156,key-18,5840
1775447646160,key-11,9475
1775447646161,key-5,1321
1775447646165,key-5,1325
1775447646166,key-21,649
1775447646166,key-46,5402
1775447646174,key-12,2890
1775447646179,key-11,9494
1775447646179,key-11,9494
1775447646180,key-24,8140
1775447646182,key-45,5724
1775447646186,key-11,9501
1775447646186,key-11,9501
1775447646188,key-36,732
1775447646190,key-18,5874
1775447646193,key-29,215
1775447646193,key-29,215
1775447646198,key-40,588
1775447646200,key-19,8783
1775447646203,key-5,1363
1775447646204,key-19,8787
1775447646205,key-46,5441
1775447646207,key-46,5443
1775447646213,key-5,1373
1775447646213,key-46,5449
1775447646214,key-11,9529
1775447646223,key-40,613
1775447646225,key-43,2466
1775447646226,key-10,7778
1775447646231,key-36,775
1775447646232,key-24,8192
1775447646232,key-46,5468
1775447646242,key-35,1408
1775447646243,key-19,8826
1775447646244,key-40,634
1775447646245,key-46,5481
1775447646246,key-24,8206
1775447646247,key-38,3849
1775447646249,key-23,5832
1775447646250,key-46,5486
1775447646255,key-5,1415
1775447646255,key-43,2496
1775447646258,key-2,6099
1775447646258,key-36,802
1775447646262,key-26,5745
1775447646265,key-40,655
1775447646265,key-8,3553
1775447646265,key-26,5748
1775447646270,key-43,2511
1775447646270,key-5,1430
1775447646271,key-24,8231
1775447646273,key-26,5756
1775447646273,key-35,1439
1775447646274,key-50,12189
1775447646274,key-24,8234
1775447646274,key-35,1440
1775447646276,key-8,3564
1775447646276,key-26,5759
1775447646278,key-50,12193
1775447646281,key-10,7833
1775447646287,key-8,3575
1775447646288,key-5,1448
1775447646289,key-18,5973
1775447646291,key-50,12206
1775447646293,key-35,1459
1775447646293,key-23,5876
1775447646297,key-3,9602
1775447646297,key-3,9602
1775447646297,key-5,1457
1775447646318,key-8,3606
1775447646324,key-5,1484
1775447646328,key-3,9633
1775447646329,key-24,8289
1775447646329,key-5,1489
1775447646329,key-5,1489
1775447646331,key-46,5567
1775447646331,key-5,1491
1775447646335,key-40,725
1775447646339,key-26,5822
1775447646342,key-40,732
1775447646344,key-21,827
1775447646348,key-18,6032
1775447646351,key-26,5834
1775447646355,key-46,5591
1775447646356,key-29,378
1775447646360,key-35,1526
1775447646363,key-46,5599
1775447646364,key-29,386
1775447646367,key-8,3655
1775447646368,key-46,5604
1775447646369,key-24,8329
1775447646370,key-38,3972
1775447646370,key-5,1530
1775447646371,key-47,2856
1775447646373,key-29,395
1775447646375,key-34,1282
1775447646375,key-11,9690
1775447646378,key-19,8961
1775447646378,key-11,9693
1775447646380,key-17,7471
1775447646382,key-46,5618
1775447646390,key-18,6074
1775447646394,key-23,5977
1775447646395,key-16,2539
1775447646397,key-12,3113
1775447646397,key-11,9712
1775447646399,key-7,6746
1775447646400,key-8,3688
1775447646402,key-11,9717
1775447646404,key-11,9719
1775447646411,key-11,9726
1775447646414,key-12,3130
1775447646419,key-46,5655
1775447646420,key-38,4022
1775447646427,key-1,236
1775447646429,key-28,5448
1775447646430,key-4,11851
1775447646430,key-23,6013
1775447646431,key-2,6272
1775447646432,key-46,5668
1775447646433,key-50,12348
1775447646434,key-7,6781
1775447646436,key-35,1602
1775447646438,key-5,1598
1775447646438,key-46,5674
1775447646438,key-40,828
1775447646441,key-40,831
1775447646442,key-8,3730
1775447646442,key-24,8402
1775447646443,key-50,12358
1775447646444,key-10,7996
1775447646446,key-24,8406
1775447646447,key-2,6288
1775447646448,key-8,3736
1775447646450,key-24,8410
1775447646450,key-8,3738
1775447646452,key-24,8412
1775447646456,key-5,1616
1775447646458,key-35,1624
1775447646460,key-50,12375
1775447646463,key-10,8015
1775447646464,key-35,1630
1775447646465,key-50,12380
1775447646471,key-5,1631
1775447646472,key-24,8432
1775447646474,key-19,9057
1775447646476,key-23,6059
1775447646477,key-5,1637
1775447646478,key-50,12393
1775447646478,key-40,868
1775447646485,key-11,9800
1775447646495,key-47,2980
1775447646496,key-22,3530
1775447646498,key-26,5981
1775447646501,key-5,1661
1775447646507,key-8,3795
1775447646511,key-4,11932
1775447646514,key-5,1674
1775447646516,key-50,12431
1775447646517,key-3,9822
1775447646521,key-18,6205
1775447646521,key-26,6004
1775447646521,key-24,8481
1775447646522,key-35,1688
1775447646522,key-5,1682
1775447646523,key-28,5542
1775447646526,key-26,6009
1775447646531,key-8,3819
1775447646531,key-38,4133
1775447646532,key-11,9847
1775447646534,key-29,556
1775447646538,key-5,1698
1775447646539,key-17,7630
1775447646546,key-38,4148
1775447646547,key-11,9862
1775447646549,key-40,939
1775447646551,key-26,6034
1775447646552,key-47,3037
1775447646554,key-12,3270
1775447646555,key-24,8515
1775447646555,key-18,6239
1775447646560,key-1,369
1775447646566,key-34,1473
1775447646566,key-17,7657
1775447646567,key-11,9882
1775447646567,key-38,4169
1775447646568,key-34,1475
1775447646570,key-34,1477
1775447646570,key-11,9885
1775447646575,key-5,1735
1775447646576,key-26,6059
1775447646577,key-12,3293
1775447646593,key-7,6940
1775447646594,key-35,1760
1775447646596,key-7,6943
1775447646598,key-2,6439
1775447646602,key-8,3890
1775447646605,key-40,995
1775447646605,key-29,627
1775447646606,key-29,628
1775447646606,key-5,1766
1775447646606,key-26,6089
1775447646612,key-24,8572
1775447646615,key-12,3331
1775447646616,key-8,3904
1775447646617,key-18,6301
1775447646618,key-24,8578
1775447646621,key-2,6462
1775447646623,key-36,1167
1775447646623,key-24,8583
1775447646623,key-50,12538
1775447646625,key-40,1015
1775447646628,key-5,1788
1775447646632,key-11,9947
1775447646633,key-29,655
1775447646634,key-6,2626
1775447646638,key-24,8598
1775447646638,key-19,9221
1775447646640,key-50,12555
1775447646640,key-10,8192
1775447646652,key-24,8612
1775447646654,key-26,6137
1775447646656,key-35,204
1775447646660,key-23,6243
1775447646662,key-8,3950
1775447646663,key-11,9978
1775447646663,key-11,9978
1775447646665,key-50,12580
1775447646667,key-50,12582
1775447646668,key-2,6509
1775447646672,key-45,6214
1775447646676,key-47,3161
1775447646676,key-8,3964
1775447646680,key-8,3968
1775447646680,key-28,5699
1775447646682,key-22,3716
1775447646685,key-24,8645
1775447646689,key-3,9994
1775447646693,key-19,9276
1775447646695,key-5,1855
1775447646702,key-11,10017
1775447646705,key-26,6188
1775447646707,key-8,3995
1775447646707,key-24,8667
1775447646711,key-38,4313
1775447646712,key-21,1195
1775447646712,key-28,5731
1775447646712,key-38,4314
1775447646713,key-26,6196
1775447646715,key-18,6399
1775447646715,key-11,10030
1775447646717,key-11,10032
1775447646723,key-1,532
1775447646734,key-8,4022
1775447646736,key-12,3452
1775447646738,key-16,2882
1775447646738,key-3,10043
1775447646738,key-17,7829
1775447646744,key-34,1651
1775447646746,key-36,1290
1775447646746,key-38,4348
1775447646748,key-17,7839
1775447646748,key-11,10063
1775447646751,key-34,1658
1775447646753,key-26,6236
1775447646755,key-35,303
1775447646759,key-35,307
1775447646760,key-8,4048
1775447646761,key-18,6445
1775447646761,key-38,4363
1775447646762,key-38,4364
1775447646762,key-26,6245
1775447646763,key-7,7110
1775447646763,key-40,1153
1775447646766,key-28,5785
1775447646772,key-47,3257
1775447646773,key-23,6356
1775447646773,key-1,582
1775447646774,key-7,7121
1775447646778,key-29,800
1775447646789,key-5,1949
1775447646790,key-2,6631
1775447646791,key-2,6632
1775447646791,key-36,1335
1775447646792,key-11,10107
1775447646795,key-24,8755
1775447646799,key-5,1959
1775447646801,key-17,7892
1775447646801,key-13,165
1775447646801,key-18,6485
1775447646805,key-34,1712
1775447646809,key-36,1353
1775447646810,key-24,8770
1775447646810,key-18,6494
1775447646811,key-24,8771
1775447646812,key-19,9395
1775447646821,key-50,12736
1775447646827,key-23,6410
1775447646828,key-12,3544
1775447646828,key-13,192
1775447646835,key-23,6418
1775447646836,key-29,858
1775447646837,key-23,6420
1775447646839,key-26,6322
1775447646839,key-24,8799
1775447646842,key-35,390
1775447646842,key-35,390
1775447646843,key-17,7934
1775447646846,key-40,1236
1775447646851,key-11,10166
1775447646853,key-11,10168
1775447646856,key-11,10171
1775447646862,key-50,12777
1775447646862,key-47,3347
1775447646862,key-16,3006
1775447646863,key-47,3348
1775447646871,key-50,12786
1775447646872,key-28,5891
1775447646874,key-18,6558
1775447646876,key-8,4164
1775447646877,key-38,4479
1775447646879,key-38,4481
1775447646881,key-5,2041
1775447646881,key-24,8841
1775447646882,key-8,4170
1775447646886,key-45,6428
1775447646888,key-8,4176
1775447646895,key-26,6378
1775447646895,key-50,12810
1775447646900,key-18,6584
1775447646902,key-28,5921
1775447646902,key-8,4190
1775447646902,key-29,924
1775447646902,key-36,1446
1775447646904,key-3,10209
1775447646916,key-8,4204
1775447646916,key-3,10221
1775447646916,key-35,464
1775447646916,key-17,8007
1775447646920,key-3,10225
1775447646921,key-50,12836
1775447646922,key-11,10237
1775447646925,key-11,10240
1775447646928,key-10,8480
1775447646928,key-26,6411
1775447646928,key-38,4530
1775447646929,key-38,4531
1775447646932,key-34,1839
1775447646934,key-38,4536
1775447646934,key-7,7281
1775447646935,key-28,5954
1775447646937,key-26,6420
1775447646939,key-19,9522
1775447646939,key-35,487
1775447646939,key-17,8030
1775447646948,key-35,496
1775447646949,key-38,4551
1775447646949,key-8,4237
1775447646949,key-17,8040
1775447646949,key-12,3665
1775447646951,key-11,10266
1775447646955,key-26,6438
1775447646955,key-26,6438
1775447646958,key-2,6799
1775447646959,key-23,6542
1775447646967,key-1,776
1775447646975,key-1,784
1775447646978,key-24,8938
1775447646978,key-21,1461
1775447646978,key-36,1522
1775447646982,key-24,8942
1775447646982,key-18,6666
1775447646983,key-18,6667
1775447646985,key-36,1529
1775447646993,key-35,541
1775447646994,key-23,6577
1775447647001,key-12,3717
1775447647001,key-50,12916
1775447647001,key-45,6543
1775447647002,key-19,9585
1775447647002,key-24,8962
1775447647002,key-23,6585
1775447647003,key-28,6022
1775447647009,key-34,198
1775447647009,key-50,12924
1775447647017,key-13,381
1775447647018,key-29,1040
1775447647018,key-16,3162
1775447647019,key-29,1041
1775447647019,key-43,3260
1775447647019,key-24,8979
1775447647025,key-23,6608
1775447647025,key-7,7372
1775447647026,key-35,574
1775447647034,key-18,6718
1775447647035,key-11,10350
1775447647036,key-10,8588
1775447647036,key-35,584
1775447647037,key-28,6056
1775447647043,key-11,10358
1775447647043,key-12,3759
1775447647045,key-13,409
1775447647047,key-23,6630
1775447647055,key-19,9638
1775447647056,key-38,4658
1775447647059,key-8,4347
1775447647060,key-26,6543
1775447647061,key-6,3053
1775447647066,key-19,9649
1775447647068,key-5,2228
1775447647075,key-29,1097
1775447647081,key-26,6564
1775447647085,key-8,4373
1775447647087,key-35,635
1775447647095,key-28,6114
1775447647098,key-18,6782
1775447647107,key-47,3592
1775447647107,key-38,4709
1775447647108,key-38,4710
1775447647108,key-17,8199
1775447647109,key-35,657
1775447647109,key-13,473
1775447647110,key-16,3254
1775447647110,key-19,9693
1775447647110,key-26,6593
1775447647111,key-11,10426
1775447647111,key-12,3827
1775447647112,key-7,7459
1775447647115,key-6,3107
1775447647116,key-12,3832
1775447647117,key-38,4719
1775447647117,key-38,4719
1775447647118,key-28,6137
1775447647118,key-30,3891
1775447647118,key-12,3834
1775447647119,key-21,1602
1775447647121,key-45,171
1775447647121,key-7,7468
1775447647122,key-21,1605
1775447647122,key-8,4410
1775447647124,key-50,13039
1775447647124,key-23,210
1775447647130,key-28,6149
1775447647131,key-22,4165
1775447647132,key-2,6973
1775447647135,key-3,10440
1775447647135,key-3,10440
1775447647136,key-45,186
1775447647139,key-18,6823
1775447647156,key-1,965
1775447647157,key-30,3930
1775447647157,key-19,9740
1775447647158,key-18,6842
1775447647165,key-23,251
1775447647166,key-23,252
1775447647166,key-7,7513
1775447647166,key-16,3310
1775447647167,key-26,6650
1775447647172,key-24,9132
1775447647172,key-50,13087
1775447647172,key-24,9132
1775447647176,key-23,262
1775447647180,key-19,9763
1775447647180,key-23,266
1775447647181,key-35,729
1775447647182,key-36,1726
1775447647187,key-36,1731
1775447647189,key-7,7536
1775447647190,key-12,3906
1775447647192,key-50,13107
1775447647193,key-35,741
1775447647194,key-21,1677
1775447647195,key-34,384
1775447647201,key-23,287
1775447647203,key-29,1225
1775447647204,key-13,568
1775447647208,key-35,756
1775447647209,key-36,1753
1775447647209,key-11,10524
1775447647215,key-11,10530
1775447647216,key-7,7563
1775447647216,key-10,8768
1775447647219,key-7,7566
1775447647219,key-28,6238
1775447647220,key-35,768
1775447647229,key-28,6248
1775447647236,key-19,9819
1775447647240,key-12,3956
1775447647240,key-6,3232
1775447647241,key-23,327
1775447647241,key-19,9824
1775447647243,key-16,3387
1775447647246,key-29,1268
1775447647253,key-13,617
1775447647254,key-28,6273
1775447647258,key-18,6942
1775447647260,key-28,6279
1775447647261,key-10,8813
1775447647269,key-5,2429
1775447647269,key-23,355
1775447647270,key-12,3986
1775447647270,key-7,7617
1775447647271,key-38,4873
1775447647273,key-29,1295
1775447647277,key-12,3993
1775447647279,key-29,1301
1775447647282,key-45,332
1775447647285,key-16,3429
1775447647286,key-38,4888
1775447647286,key-12,4002
1775447647287,key-6,3279
1775447647288,key-45,338
1775447647293,key-13,657
1775447647295,key-7,7642
1775447647296,key-38,4898
1775447647297,key-50,13212
1775447647297,key-47,3782
1775447647301,key-3,10606
1775447647301,key-3,10606
1775447647303,key-30,4076
1775447647303,key-18,6987
1775447647303,key-3,10608
1775447647307,key-4,12728
1775447647308,key-28,6327
1775447647308,key-26,6791
1775447647311,key-30,4084
1775447647312,key-18,6996
1775447647312,key-18,6996
1775447647315,key-1,1124
1775447647315,key-8,4603
1775447647315,key-22,4349
1775447647320,key-47,3805
1775447647321,key-21,1804
1775447647322,key-46,6558
1775447647325,key-8,4613
1775447647327,key-23,413
1775447647328,key-24,9288
1775447647330,key-21,1813
1775447647333,key-1,1142
1775447647336,key-16,3480
1775447647343,key-30,4116
1775447647344,key-28,6363
1775447647348,key-19,9931
1775447647348,key-35,896
1775447647348,key-38,4950
1775447647352,key-19,9935
1775447647355,key-38,4957
1775447647357,key-29,1379
1775447647358,key-46,6594
1775447647358,key-16,3502
1775447647363,key-35,911
1775447647363,key-35,911
1775447647364,key-22,4398
1775447647364,key-46,6600
1775447647367,key-36,1911
1775447647372,key-21,1855
1775447647372,key-34,561
1775447647372,key-36,1916
1775447647374,key-13,738
1775447647391,key-43,563
1775447647394,key-29,1416
1775447647395,key-1,1204
1775447647396,key-16,3540
1775447647397,key-18,7081
1775447647397,key-7,7744
1775447647400,key-35,948
1775447647400,key-36,1944
1775447647400,key-35,948
1775447647401,key-16,3545
1775447647401,key-7,7748
1775447647401,key-7,7748
1775447647401,key-26,6884
1775447647403,key-16,3547
1775447647408,key-6,3400
1775447647409,key-16,3553
1775447647419,key-6,3411
1775447647426,key-19,10009
1775447647426,key-46,6662
1775447647434,key-5,2594
1775447647441,key-10,8993
1775447647441,key-45,491
1775447647442,key-7,7789
1775447647445,key-19,10028
1775447647448,key-12,4164
1775447647455,key-26,6938
1775447647455,key-10,9007
1775447647455,key-13,819
1775447647455,key-19,10038
1775447647457,key-12,4173
1775447647457,key-11,10772
1775447647463,key-6,3455
1775447647467,key-38,5069
1775447647469,key-3,10774
1775447647471,key-26,6954
1775447647473,key-22,4507
1775447647473,key-18,7157
1775447647475,key-18,7159
1775447647477,key-38,5079
1775447647477,key-18,7161
1775447647478,key-22,4512
1775447647485,key-26,6968
1775447647486,key-28,6505
1775447647487,key-47,3972
1775447647487,key-18,7171
1775447647498,key-28,6517
1775447647500,key-16,3644
1775447647501,key-21,1984
1775447647503,key-18,7187
1775447647503,key-8,4791
1775447647506,key-38,5108
1775447647507,key-26,6990
1775447647507,key-16,3651
1775447647507,key-36,2051
1775447647507,key-36,2051
1775447647507,key-50,13422
1775447647508,key-30,4281
1775447647508,key-47,3993
1775447647509,key-7,7856
1775447647512,key-8,4800
1775447647513,key-38,5115
1775447647519,key-23,605
1775447647519,key-1,1328
1775447647519,key-18,7203
1775447647521,key-29,1543
1775447647521,key-26,7004
1775447647526,key-30,4299
1775447647531,key-46,6767
1775447647531,key-13,895
1775447647532,key-35,1080
1775447647554,key-24,9514
1775447647554,key-30,4327
1775447647556,key-21,2039
1775447647556,key-16,3700
1775447647564,key-17,8655
1775447647566,key-3,10871
1775447647566,key-6,3558
1775447647566,key-34,755
1775447647567,key-21,2050
1775447647567,key-36,2111
1775447647567,key-18,7251
1775447647567,key-35,1115
1775447647567,key-40,1957
1775447647567,key-21,2050
1775447647568,key-7,7915
1775447647568,key-24,9528
1775447647570,key-17,8661
1775447647571,key-22,4605
1775447647573,key-1,1382
1775447647575,key-13,939
1775447647577,key-1,1386
1775447647579,key-7,7926
1775447647579,key-6,3571
1775447647579,key-43,751
1775447647581,key-23,667
1775447647583,key-1,1392
1775447647585,key-36,2129
1775447647587,key-19,10170
1775447647587,key-19,10170
1775447647600,key-16,3744
1775447647600,key-29,1622
1775447647601,key-35,1149
1775447647601,key-43,773
1775447647603,key-34,792
1775447647605,key-7,7952
1775447647616,key-4,13037
1775447647618,key-10,9170
1775447647618,key-36,2162
1775447647620,key-5,2780
1775447647620,key-7,7967
1775447647621,key-18,7305
1775447647621,key-30,4394
1775447647621,key-26,7104
1775447647627,key-12,4343
1775447647627,key-7,7974
1775447647629,key-7,7976
1775447647629,key-12,4345
1775447647630,key-18,7314
1775447647635,key-12,4351
1775447647638,key-13,1002
1775447647658,key-26,7141
1775447647659,key-28,327
1775447647660,key-35,1208
1775447647660,key-47,4145
1775447647660,key-18,7344
1775447647661,key-22,4695
1775447647664,key-16,3808
1775447647665,key-36,2209
1775447647667,key-36,2211
1775447647668,key-18,7352
1775447647668,key-47,4153
1775447647669,key-6,3661
1775447647670,key-38,5272
1775447647671,key-8,4959
1775447647673,key-16,3817
1775447647674,key-38,5276
1775447647676,key-18,7360
1775447647677,key-50,13592
1775447647677,key-23,763
1775447647680,key-36,2224
1775447647681,key-23,767
1775447647684,key-38,5286
1775447647684,key-43,856
1775447647688,key-16,3832
1775447647696,key-26,7179
1775447647699,key-38,5301
1775447647702,key-26,7185
1775447647705,key-23,791
1775447647705,key-28,373
1775447647708,key-36,2252
1775447647711,key-19,10294
1775447647712,key-30,4485
1775447647712,key-30,4485
1775447647712,key-38,5314
1775447647717,key-38,5319
1775447647719,key-18,7403
1775447647721,key-29,1743
1775447647724,key-8,5012
1775447647727,key-17,8818
1775447647729,key-26,7212
1775447647735,key-1,1544
1775447647735,key-6,3727
1775447647739,key-17,8830
1775447647740,key-7,8087
1775447647746,key-36,2290
1775447647747,key-18,7431
1775447647756,key-5,2916
1775447647756,key-36,2300
1775447647756,key-8,5044
1775447647756,key-1,1565
1775447647757,key-24,9717
1775447647757,key-45,807
1775447647757,key-17,8848
1775447647757,key-22,4791
1775447647757,key-3,11062
1775447647757,key-24,9717
1775447647760,key-26,7243
1775447647765,key-46,7001
1775447647772,key-23,858
1775447647773,key-1,1582
1775447647773,key-1,1582
1775447647775,key-6,3767
1775447647775,key-13,1139
1775447647775,key-7,8122
1775447647776,key-7,8123
1775447647782,key-36,2326
1775447647782,key-43,954
1775447647783,key-30,4556
1775447647783,key-10,9335
1775447647786,key-5,2946
1775447647789,key-12,4505
1775447647790,key-1,1599
1775447647790,key-19,10373
1775447647791,key-10,9343
1775447647791,key-23,877
1775447647792,key-46,7028
1775447647800,key-35,1348
1775447647804,key-12,4520
1775447647805,key-4,13226
1775447647813,key-4,13234
1775447647813,key-47,4298
1775447647814,key-5,2974
1775447647819,key-30,4592
1775447647821,key-26,7304
1775447647822,key-28,490
1775447647822,key-17,8913
1775447647824,key-36,2368
1775447647826,key-18,7510
1775447647826,key-29,1848
1775447647829,key-16,3973
1775447647832,key-22,4866
1775447647832,key-19,10415
1775447647837,key-23,923
1775447647837,key-18,7521
1775447647842,key-18,7525
1775447647842,key-16,3986
1775447647843,key-4,13264
1775447647845,key-16,3989
1775447647850,key-23,936
1775447647854,key-8,5142
1775447647854,key-50,13769
1775447647854,key-18,7538
1775447647857,key-30,4630
1775447647861,key-36,2405
1775447647864,key-23,950
1775447647866,key-36,2410
1775447647869,key-23,955
1775447647871,key-38,5473
1775447647871,key-3,11176
1775447647874,key-12,4590
1775447647876,key-16,4020
1775447647876,key-23,962
1775447647876,key-50,13791
1775447647877,key-38,5479
1775447647882,key-29,1904
1775447647886,key-38,5488
1775447647887,key-24,9847
1775447647890,key-38,5492
1775447647892,key-12,4608
1775447647894,key-26,7377
1775447647897,key-26,7380
1775447647900,key-26,7383
1775447647900,key-36,2444
1775447647909,key-34,1098
1775447647910,key-30,4683
1775447647911,key-16,4055
1775447647912,key-18,7596
1775447647914,key-26,7397
1775447647931,key-38,5533
1775447647931,key-45,981
1775447647931,key-1,1740
1775447647932,key-24,9892
1775447647932,key-46,7168
1775447647932,key-19,211
1775447647932,key-46,7168
1775447647932,key-23,1018
1775447647933,key-46,7169
1775447647933,key-18,7617
1775447647934,key-35,1482
1775447647938,key-1,1747
1775447647944,key-30,4717
1775447647945,key-19,224
1775447647946,key-26,7429
1775447647946,key-29,1968
1775447647947,key-4,13368
1775447647947,key-34,1136
1775447647952,key-1,1761
1775447647959,key-1,1768
1775447647959,key-19,238
1775447647961,key-3,11266
1775447647962,key-1,1771
1775447647962,key-12,4678
1775447647965,key-12,4681
1775447647967,key-19,246
1775447647972,key-2,7813
1775447647974,key-1,1783
1775447647976,key-35,1524
1775447647978,key-21,2461
1775447647980,key-19,259
1775447647981,key-47,4466
1775447647986,key-12,4702
1775447647988,key-16,4132
1775447647988,key-47,4473
1775447647993,key-19,272
1775447647993,key-24,9953
1775447647998,key-47,4483
1775447647998,key-26,7481
1775447648007,key-8,5295
1775447648008,key-12,4724
1775447648008,key-19,287
1775447648008,key-23,1094
1775447648012,key-22,5046
1775447648012,key-1,1821
1775447648018,key-5,3178
1775447648021,key-4,13442
1775447648024,key-30,4797
1775447648027,key-16,4171
1775447648028,key-23,1114
1775447648028,key-18,7712
1775447648032,key-50,13947
1775447648034,key-1,1843
1775447648040,key-35,1588
1775447648041,key-43,1213
1775447648041,key-50,13956
1775447648042,key-23,1128
1775447648046,key-38,5648
1775447648048,key-3,11353
1775447648054,key-12,4770
1775447648055,key-36,2599
1775447648057,key-36,2601
1775447648062,key-23,1148
1775447648063,key-30,4836
1775447648063,key-16,4207
1775447648065,key-24,10025
1775447648072,key-4,13493
1775447648079,key-28,747
1775447648080,key-19,359
1775447648090,key-16,4234
1775447648090,key-23,1176
1775447648090,key-34,1279
1775447648092,key-16,4236
1775447648092,key-1,1901
1775447648093,key-29,2114
1775447648093,key-35,1641
1775447648093,key-23,1179
1775447648093,key-12,4809
1775447648093,key-34,1282
1775447648099,key-34,1288
1775447648101,key-18,7785
1775447648104,key-12,4820
1775447648106,key-24,10066
1775447648106,key-26,7589
1775447648108,key-16,4252
1775447648111,key-1,1920
1775447648113,key-19,392
1775447648114,key-46,7350
1775447648114,key-8,5402
1775447648115,key-28,783
1775447648116,key-35,1664
1775447648118,key-23,1204
1775447648122,key-18,7806
1775447648125,key-19,404
1775447648126,key-1,1935
1775447648132,key-19,411
1775447648133,key-10,9685
1775447648133,key-6,4125
1775447648134,key-1,1943
1775447648134,key-19,413
1775447648135,key-26,7618
1775447648135,key-19,414
1775447648139,key-16,4283
1775447648140,key-2,7981
1775447648143,key-26,7626
1775447648144,key-12,4860
1775447648144,key-3,11449
1775447648144,key-1,1953
1775447648149,key-4,13570
1775447648151,key-19,430
1775447648152,key-29,2174
1775447648152,key-30,4925
1775447648159,key-19,438
1775447648160,key-18,7844
1775447648163,key-16,4307
1775447648164,key-24,10124
1775447648164,key-21,2647
1775447648165,key-28,833
1775447648165,key-13,1529
1775447648170,key-35,1718
1775447648171,key-19,450
1775447648171,key-4,13592
1775447648171,key-35,1719
1775447648174,key-22,5208
1775447648176,key-29,2198
1775447648178,key-12,4894
1775447648183,key-4,13604
1775447648185,key-12,4901
1775447648185,key-11,823
1775447648186,key-19,465
1775447648187,key-46,7423
1775447648191,key-47,4676
1775447648203,key-43,1375
1775447648204,key-19,483
1775447648204,key-23,1290
1775447648204,key-1,2013
1775447648204,key-23,1290
1775447648215,key-12,4931
1775447648219,key-36,2763
1775447648220,key-43,1392
1775447648225,key-21,2708
1775447648228,key-47,4713
1775447648229,key-16,4373
1775447648229,key-35,1777
1775447648230,key-12,4946
1775447648236,key-36,2780
1775447648237,key-23,1323
1775447648238,key-43,1410
1775447648244,key-4,13665
1775447648250,key-12,4966
1775447648252,key-23,1338
1775447648254,key-16,4398
1775447648256,key-50,14171
1775447648256,key-19,535
1775447648261,key-34,1450
1775447648262,key-3,11567
1775447648263,key-24,10223
1775447648269,key-16,4413
1775447648270,key-23,1356
1775447648271,key-18,7955
1775447648279,key-34,1468
1775447648280,key-23,1366
1775447648280,key-26,7763
1775447648281,key-21,2764
1775447648286,key-12,5002
1775447648288,key-36,2832
1775447648289,key-19,568
1775447648289,key-19,568
1775447648295,key-28,963
1775447648298,key-16,4442
1775447648298,key-18,7982
1775447648299,key-24,10259
1775447648302,key-16,4446
1775447648307,key-2,8148
1775447648307,key-2,8148
1775447648307,key-35,1855
1775447648308,key-30,5081
1775447648308,key-1,2117
1775447648312,key-19,591
1775447648314,key-30,5087
1775447648314,key-1,2123
1775447648316,key-12,5032
1775447648318,key-19,597
1775447648321,key-34,1510
1775447648327,key-19,606
1775447648332,key-19,611
1775447648333,key-29,2355
1775447648338,key-34,1527
1775447648353,key-19,632
1775447648353,key-21,2836
1775447648353,key-4,13774
1775447648356,key-12,5072
1775447648357,key-30,5130
1775447648362,key-35,1910
1775447648382,key-7,8729
1775447648387,key-47,4872
1775447648394,key-34,1583
1775447648394,key-16,4538
1775447648394,key-36,2938
1775447648395,key-13,1759
1775447648395,key-24,10355
1775447648395,key-24,10355
1775447648395,key-1,2204
1775447648396,key-50,14311
1775447648396,key-19,675
1775447648396,key-2,8237
1775447648425,key-12,5141
1775447648425,key-36,2969
1775447648425,key-47,4910
1775447648427,key-28,1095
1775447648427,key-1,2236
1775447648428,key-11,1066
1775447648428,key-35,1976
1775447648428,key-35,1976
1775447648429,key-36,2973
1775447648440,key-19,719
1775447648440,key-16,4584
1775447648441,key-21,2924
1775447648447,key-16,4591
1775447648458,key-40,2848
1775447648465,key-28,1133
1775447648471,key-12,5187
1775447648472,key-28,1140
1775447648473,key-23,1559
1775447648473,key-43,1645
1775447648474,key-17,9565
1775447648476,key-12,5192
1775447648477,key-12,5193
1775447648478,key-19,757
1775447648497,key-50,14412
1775447648497,key-35,2045
1775447648499,key-21,2982
1775447648504,key-50,14419
1775447648509,key-3,11814
1775447648509,key-30,5282
1775447648523,key-12,5239
1775447648524,key-34,1713
1775447648524,key-24,10484
1775447648525,key-12,5241
1775447648539,key-22,5573
1775447648550,key-16,4694
1775447648550,key-21,3033
1775447648553,key-43,1725
1775447648558,key-16,4702
1775447648567,key-28,1235
1775447648573,key-3,11878
1775447648577,key-21,3060
1775447648579,key-15,296
1775447648579,key-23,1665
1775447648579,key-28,1247
1775447648586,key-46,7822
1775447648588,key-18,8272
1775447648620,key-30,5393
1775447648620,key-2,8461
1775447648621,key-24,10581
1775447648622,key-16,4766
1775447648622,key-2,8463
1775447648623,key-35,2171
1775447648623,key-2,8464
1775447648624,key-22,327
1775447648624,key-10,10176
1775447648625,key-19,904
1775447648634,key-19,913
1775447648634,key-35,2182
1775447648634,key-47,5119
1775447648637,key-19,916
1775447648638,key-16,4782
1775447648661,key-5,3821
1775447648662,key-16,4806
1775447648662,key-3,11967
1775447648663,key-19,942
1775447648665,key-24,10625
1775447648673,key-34,1862
1775447648674,key-45,1724
1775447648674,key-36,3218
1775447648675,key-22,378
1775447648675,key-4,14096
1775447648676,key-35,2224
1775447648676,key-11,1314
1775447648681,key-35,2229
1775447648682,key-24,10642
1775447648683,key-11,1321
1775447648684,key-35,2232
1775447648684,key-2,8525
1775447648685,key-50,14600
1775447648686,key-12,5402
1775447648687,key-17,452
1775447648687,key-19,966
1775447648687,key-28,1355
1775447648688,key-35,2236
1775447648688,key-2,8529
1775447648688,key-28,1356
1775447648688,key-16,4832
1775447648689,key-47,5174
1775447648689,key-24,10649
1775447648689,key-35,2237
1775447648690,key-36,3234
1775447648690,key-24,10650
1775447648691,key-43,1863
1775447648691,key-45,1741
1775447648691,key-50,14606
1775447648692,key-12,5408
1775447648692,key-22,395
1775447648692,key-12,5408
1775447648692,key-50,14607
1775447648693,key-35,2241
1775447648693,key-36,3237
1775447648693,key-19,972
1775447648693,key-36,3237
1775447648693,key-16,4837
1775447648693,key-30,5466
1775447648702,key-28,1370
1775447648703,key-35,2251
1775447648711,key-35,2259
1775447648713,key-35,2261
1775447648723,key-24,10683
1775447648726,key-35,2274
1775447648726,key-17,491
1775447648726,key-38,6328
1775447648732,key-35,2280
1775447648733,key-36,3277
1775447648733,key-23,1819
1775447648733,key-28,1401
1775447648734,key-24,10694
1775447648736,key-28,1404
1775447648737,key-23,1823
1775447648739,key-35,2287
1775447648740,key-40,3130
1775447648742,key-21,3225
1775447648743,key-43,1915
1775447648748,key-23,1834
1775447648777,key-34,1966
1775447648777,key-7,9124
1775447648779,key-46,8015
1775447648783,key-18,8467
1775447648785,key-12,5501
1775447648788,key-6,4780
1775447648790,key-16,4934
1775447648794,key-50,14709
1775447648803,key-35,2351
1775447648804,key-16,4948
1775447648813,key-19,1092
1775447648814,key-26,8297
1775447648820,key-30,5593
1775447648825,key-2,8666
1775447648827,key-16,4971
1775447648830,key-23,1916
1775447648836,key-21,3319
1775447648838,key-5,3998
1775447648841,key-21,3324
1775447648873,key-28,1541
1775447648873,key-23,1959
1775447648880,key-35,2428
1775447648881,key-43,2053
1775447648882,key-12,5598
1775447648883,key-18,8567
1775447648894,key-22,597
1775447648895,key-24,10855
1775447648902,key-23,1988
1775447648904,key-16,5048
1775447648905,key-30,5678
1775447648907,key-45,1957
1775447648908,key-22,611
1775447648908,key-22,611
1775447648909,key-35,2457
1775447648909,key-15,626
1775447648909,key-12,5625
1775447648909,key-24,10869
1775447648909,key-22,612
1775447648910,key-23,1996
1775447648910,key-23,1996
1775447648910,key-24,10870
1775447648911,key-35,2459
1775447648911,key-3,12216
1775447648911,key-16,5055
1775447648911,key-28,1579
1775447648911,key-8,6199
1775447648911,key-35,2459
1775447648912,key-35,2460
1775447648912,key-43,2084
1775447648912,key-38,218
1775447648912,key-4,14333
1775447648912,key-36,3456
1775447648912,key-24,10872
1775447648912,key-47,5397
1775447648913,key-24,10873
1775447648913,key-16,5057
1775447648913,key-38,219
1775447648913,key-19,1192
1775447648913,key-28,1581
1775447648913,key-12,5629
1775447648914,key-50,14829
1775447648914,key-30,5687
1775447648915,key-35,2463
1775447648948,key-24,10908
1775447648949,key-35,2497
1775447648949,key-2,8790
1775447648949,key-24,10909
1775447648949,key-12,5665
1775447648950,key-17,715
1775447648950,key-23,2036
1775447648950,key-23,2036
1775447648950,key-36,3494
1775447648951,key-43,2123
1775447648951,key-40,3341
1775447648951,key-35,2499
1775447648953,key-21,3436
1775447648954,key-36,3498
1775447648954,key-36,3498
1775447648955,key-12,5671
1775447648955,key-47,5440
1775447648955,key-30,5728
1775447648955,key-36,3499
1775447648955,key-28,1623
1775447648955,key-12,5671
1775447648985,key-1,2794
1775447648994,key-23,2080
1775447648997,key-32,462
1775447648997,key-47,5482
1775447648998,key-5,4158
1775447648999,key-12,5715
1775447649001,key-50,14916
1775447649001,key-2,8842
1775447649003,key-28,1671
1775447649004,key-21,3487
1775447649004,key-35,2552
1775447649004,key-12,5720
1775447649004,key-35,2552
1775447649004,key-43,2176
1775447649005,key-17,770
1775447649049,key-45,2099
1775447649050,key-46,8286
1775447649051,key-6,5043
1775447649063,key-10,10615
1775447649063,key-23,2149
1775447649063,key-23,2149
1775447649064,key-34,2253
1775447649064,key-2,8905
1775447649064,key-35,2612
1775447649064,key-7,9411
1775447649065,key-28,1733
1775447649069,key-23,2155
1775447649069,key-4,14490
1775447649077,key-35,2625
1775447649077,key-16,5221
1775447649077,key-50,14992
1775447649078,key-38,384
1775447649078,key-28,1746
1775447649079,key-24,11039
1775447649081,key-16,5225
1775447649082,key-36,3626
1775447649083,key-8,6371
1775447649083,key-4,14504
1775447649088,key-47,5573
1775447649090,key-24,11050
1775447649096,key-35,2644
1775447649097,key-28,1765
1775447649097,key-28,1765
1775447649100,key-50,15015
1775447649101,key-24,11061
1775447649101,key-35,2649
1775447649102,key-36,3646
1775447649107,key-2,8948
1775447649108,key-24,11068
1775447649108,key-12,5824
1775447649112,key-24,11072
1775447649113,key-2,8954
1775447649113,key-35,2661
1775447649114,key-2,8955
1775447649119,key-19,1398
1775447649120,key-30,5893
1775447649120,key-23,2206
1775447649120,key-47,5605
1775447649124,key-35,2672
1775447649127,key-19,1406
1775447649128,key-12,5844
1775447649128,key-26,8611
1775447649130,key-35,2678
1775447649130,key-17,895
1775447649133,key-19,1412
1775447649133,key-23,2219
1775447649134,key-40,3524
1775447649135,key-35,2683
1775447649136,key-50,15051
1775447649138,key-12,5854
1775447649141,key-12,5857
1775447649141,key-23,2227
1775447649142,key-23,2228
1775447649147,key-36,3691
1775447649151,key-12,5867
1775447649153,key-36,3697
1775447649153,key-2,8994
1775447649153,key-50,15068
1775447649154,key-45,2204
1775447649154,key-17,919
1775447649163,key-36,3707
1775447649166,key-38,472
1775447649172,key-50,15087
1775447649176,key-50,15091
1775447649177,key-36,3721
1775447649179,key-43,2351
1775447649179,key-23,2265
1775447649182,key-28,1850
1775447649183,key-36,3727
1775447649184,key-8,6472
1775447649186,key-23,2272
1775447649188,key-43,2360
1775447649189,key-28,1857
1775447649192,key-36,3736
1775447649194,key-35,2742
1775447649198,key-22,901
1775447649198,key-41,199
1775447649200,key-32,665
1775447649200,key-12,5916
1775447649205,key-17,970
1775447649216,key-21,3699
1775447649231,key-6,5223
1775447649234,key-10,10786
1775447649238,key-7,9585
1775447649243,key-24,11203
1775447649245,key-22,948
1775447649249,key-36,3793
1775447649251,key-24,11211
1775447649251,key-4,14672
1775447649254,key-7,9601
1775447649254,key-28,1922
1775447649255,key-24,11215
1775447649256,key-35,2804
1775447649256,key-28,1924
1775447649257,key-8,6545
1775447649259,key-16,5403
1775447649261,key-47,5746
1775447649262,key-28,1930
1775447649265,key-28,1933
1775447649268,key-50,15183
1775447649271,key-2,9112
1775447649276,key-24,11236
1775447649276,key-19,1555
1775447649276,key-19,1555
1775447649277,key-28,1945
1775447649280,key-43,2452
1775447649280,key-35,2828
1775447649280,key-2,9121
1775447649285,key-10,10837
1775447649290,key-17,1055
1775447649290,key-12,6006
1775447649292,key-12,6008
1775447649294,key-19,1573
1775447649299,key-23,2385
1775447649302,key-36,3846
1775447649303,key-18,8987
1775447649303,key-30,6076
1775447649306,key-47,5791
1775447649310,key-17,1075
1775447649310,key-12,6026
1775447649311,key-23,2397
1775447649311,key-35,2859
1775447649312,key-50,15227
1775447649318,key-17,1083
1775447649319,key-12,6035
1775447649319,key-35,2867
1775447649320,key-12,6036
1775447649320,key-19,1599
1775447649322,key-38,628
1775447649326,key-35,2874
1775447649326,key-45,2376
1775447649328,key-24,11288
1775447649330,key-21,3813
1775447649333,key-2,9174
1775447649334,key-50,15249
1775447649334,key-19,1613
1775447649337,key-23,2423
1775447649337,key-12,6053
1775447649338,key-30,6111
1775447649341,key-36,3885
1775447649345,key-17,1110
1775447649345,key-8,6633
1775447649348,key-45,2398
1775447649353,key-12,6069
1775447649353,key-26,8836
1775447649355,key-38,661
1775447649355,key-41,356
1775447649356,key-28,2024
1775447649357,key-50,15272
1775447649360,key-36,3904
1775447649361,key-19,1640
1775447649361,key-36,3905
1775447649362,key-12,6078
1775447649364,key-12,6080
1775447649364,key-43,2536
1775447649365,key-12,6081
1775447649370,key-1,3179
1775447649370,key-50,15285
1775447649371,key-23,2457
1775447649373,key-23,2459
1775447649373,key-23,2459
1775447649374,key-17,1139
1775447649375,key-38,681
1775447649379,key-32,844
1775447649385,key-12,6101
1775447649399,key-10,10951
1775447649401,key-15,1118
1775447649406,key-50,15321
1775447649407,key-38,713
1775447649420,key-24,11380
1775447649420,key-11,2058
1775447649427,key-22,1130
1775447649434,key-4,14855
1775447649442,key-23,2528
1775447649451,key-22,1154
1775447649456,key-16,5600
1775447649456,key-35,3004
1775447649457,key-21,3940
1775447649457,key-19,1736
1775447649457,key-19,1736
1775447649458,key-16,5602
1775447649459,key-19,1738
1775447649460,key-24,11420
1775447649460,key-47,5945
1775447649461,key-21,3944
1775447649462,key-35,3010
1775447649463,key-16,5607
1775447649463,key-2,305
1775447649464,key-19,1743
1775447649464,key-35,3012
1775447649472,key-10,11024
1775447649477,key-17,1242
1775447649481,key-36,4025
1775447649487,key-22,1190
1775447649500,key-17,1265
1775447649500,key-23,2586
1775447649501,key-50,15416
1775447649501,key-1,3310
1775447649504,key-35,3052
1775447649504,key-30,6277
1775447649505,key-28,2173
1775447649506,key-36,4050
1775447649506,key-50,15421
1775447649506,key-30,6279
1775447649508,key-18,9192
1775447649509,key-23,2595
1775447649511,key-19,1790
1775447649511,key-41,512
1775447649511,key-12,6227
1775447649512,key-17,1277
1775447649512,key-41,513
1775447649513,key-19,1792
1775447649513,key-17,1278
1775447649514,key-8,6802
1775447649514,key-41,515
1775447649514,key-45,2564
1775447649514,key-21,3997
1775447649516,key-43,2688
1775447649527,key-38,833
1775447649531,key-36,4075
1775447649533,key-12,6249
1775447649534,key-30,6307
1775447649534,key-2,376
1775447649534,key-12,6250
1775447649537,key-35,3085
1775447649541,key-23,2627
1775447649542,key-12,6258
1775447649555,key-36,4099
1775447649555,key-47,6040
1775447649558,key-34,2747
1775447649560,key-43,2732
1775447649560,key-3,12865
1775447649561,key-22,1264
1775447649562,key-35,3110
1775447649564,key-17,1329
1775447649565,key-43,2737
1775447649565,key-50,15480
1775447649565,key-34,2754
1775447649565,key-23,2651
1775447649566,key-17,1331
1775447649566,key-30,6339
1775447649566,key-29,591
1775447649566,key-1,3375
1775447649566,key-10,11118
1775447649567,key-12,6283
1775447649567,key-21,4050
1775447649567,key-43,2739
1775447649581,key-38,887
1775447649592,key-38,898
1775447649610,key-23,2696
1775447649610,key-22,1313
1775447649612,key-12,6328
1775447649612,key-12,6328
1775447649615,key-32,1080
1775447649617,key-22,1320
1775447649620,key-12,6336
1775447649622,key-11,2260
1775447649630,key-23,2716
1775447649635,key-18,9319
1775447649636,key-7,9983
1775447649638,key-19,1917
1775447649638,key-22,1341
1775447649639,key-17,1404
1775447649654,key-45,2704
1775447649655,key-35,3203
1775447649657,key-4,15078
1775447649658,key-19,1937
1775447649658,key-16,5802
1775447649659,key-19,1938
1775447649661,key-22,1364
1775447649662,key-17,1427
1775447649668,key-1,3477
1775447649669,key-17,1434
1775447649669,key-17,1434
1775447649670,key-18,9354
1775447649674,key-12,6390
1775447649684,key-45,2734
1775447649687,key-19,1966
1775447649690,key-19,1969
1775447649690,key-30,6463
1775447649690,key-41,691
1775447649691,key-36,4235
1775447649692,key-30,6465
1775447649692,key-19,1971
1775447649693,key-28,2361
1775447649695,key-19,1974
1775447649698,key-19,1977
1775447649699,key-10,11251
1775447649702,key-21,4185
1775447649702,key-35,3250
1775447649702,key-38,1008
1775447649706,key-17,1471
1775447649707,key-35,3255
1775447649707,key-13,3071
1775447649708,key-8,6996
1775447649708,key-2,550
1775447649708,key-36,4252
1775447649708,key-35,3256
1775447649708,key-16,5852
1775447649709,key-45,2759
1775447649709,key-8,6997
1775447649717,key-41,718
1775447649717,key-21,4200
1775447649718,key-1,3527
1775447649718,key-36,4262
1775447649722,key-12,6438
1775447649722,key-38,1028
1775447649723,key-23,2809
1775447649723,key-35,3271
1775447649731,key-10,11283
1775447649732,key-17,1497
1775447649735,key-43,2907
1775447649748,key-17,1513
1775447649750,key-35,3298
1775447649757,key-12,6473
1775447649759,key-50,15674
1775447649759,key-21,4242
1775447649760,key-17,1525
1775447649761,key-34,2950
1775447649761,key-12,6477
1775447649762,key-8,7050
1775447649767,key-12,6483
1775447649767,key-30,6540
1775447649767,key-17,1532
1775447649768,key-17,1533
1775447649768,key-12,6484
1775447649768,key-23,2854
1775447649768,key-21,4251
1775447649769,key-24,11729
1775447649769,key-29,794
1775447649770,key-35,3318
1775447649770,key-23,2856
1775447649770,key-3,13075
1775447649770,key-17,1535
1775447649770,key-38,1076
1775447649771,key-17,1536
1775447649774,key-21,4257
1775447649784,key-32,1249
1775447649784,key-10,11336
1775447649785,key-36,4329
1775447649786,key-34,2975
1775447649791,key-22,1494
1775447649800,key-32,1265
1775447649801,key-50,15716
1775447649882,key-11,2520
1775447649886,key-30,6659
1775447649899,key-19,2178
1775447649902,key-43,3074
1775447649903,key-17,1668
1775447649906,key-17,1671
1775447649908,key-17,1673
1775447649910,key-11,2548
1775447649912,key-18,9596
1775447649912,key-4,15333
1775447649913,key-19,2192
1775447649915,key-22,1618
1775447649916,key-38,1222
1775447649916,key-32,1381
1775447649919,key-11,2557
1775447649921,key-6,5913
1775447649973,key-36,4517
1775447649974,key-23,3060
1775447649974,key-24,11934
1775447649988,key-10,11540
1775447649990,key-23,3076
1775447650002,key-45,3052
1775447650012,key-19,2291
1775447650013,key-36,4557
1775447650014,key-35,3562
1775447650015,key-45,3065
1775447650019,key-12,6735
1775447650020,key-22,1723
1775447650020,key-6,6012
1775447650038,key-23,3124
1775447650039,key-23,3125
1775447650054,key-36,4598
1775447650060,key-17,1825
1775447650061,key-22,1764
1775447650062,key-38,1368
1775447650063,key-12,6779
1775447650064,key-41,1065
1775447650065,key-10,11617
1775447650065,key-32,1530
1775447650066,key-38,1372
1775447650066,key-13,3430
1775447650068,key-17,1833
1775447650068,key-34,3257
1775447650068,key-7,10415
1775447650069,key-23,3155
1775447650069,key-36,4613
1775447650069,key-36,4613
1775447650069,key-30,6842
1775447650069,key-26,9552
1775447650070,key-17,1835
1775447650070,key-22,1773
1775447650070,key-12,6786
1775447650070,key-35,3618
1775447650070,key-22,1773
1775447650070,key-1,3879
1775447650071,key-17,1836
1775447650071,key-22,1774
1775447650071,key-16,6215
1775447650072,key-50,15987
1775447650072,key-8,7360
1775447650073,key-10,11625
1775447650074,key-35,3622
1775447650074,key-45,3124
1775447650087,key-34,3276
1775447650088,key-23,3174
1775447650088,key-35,3636
1775447650111,key-12,6827
1775447650112,key-12,6828
1775447650112,key-34,3301
1775447650113,key-17,1878
1775447650113,key-3,13418
1775447650119,key-17,1884
1775447650120,key-2,962
1775447650126,key-12,6842
1775447650127,key-40,4517
1775447650127,key-32,1592
1775447650127,key-17,1892
1775447650127,key-13,3491
1775447650127,key-17,1892
1775447650140,key-4,15561
1775447650140,key-24,12100
1775447650142,key-35,3690
1775447650163,key-36,4707
1775447650168,key-16,6312
1775447650169,key-17,1934
1775447650171,key-13,3535
1775447650171,key-10,11723
1775447650171,key-23,3257
1775447650172,key-32,1637
1775447650178,key-6,6170
1775447650179,key-50,16094
1775447650189,key-22,1892
1775447650190,key-32,1655
1775447650190,key-22,1893
1775447650190,key-10,11742
1775447650191,key-17,1956
1775447650191,key-18,9875
1775447650192,key-24,173
1775447650192,key-32,1657
1775447650193,key-17,1958
1775447650193,key-6,6185
1775447650193,key-21,4676
1775447650195,key-17,1960
1775447650196,key-45,3246
1775447650196,key-23,3282
1775447650196,key-19,2475
1775447650196,key-6,6188
1775447650196,key-6,6188
1775447650198,key-32,1663
1775447650198,key-4,15619
1775447650198,key-34,3387
1775447650199,key-29,1224
1775447650199,key-34,3388
1775447650199,key-43,3371
1775447650207,key-36,4751
1775447650212,key-24,193
1775447650220,key-35,3768
1775447650221,key-19,2500
1775447650222,key-6,6214
1775447650223,key-17,1988
1775447650241,key-36,4785
1775447650242,key-23,3328
1775447650242,key-50,16157
1775447650243,key-16,6387
1775447650247,key-23,3333
1775447650247,key-22,1950
1775447650248,key-41,1248
1775447650248,key-50,16163
1775447650251,key-8,7539
1775447650252,key-22,1955
1775447650253,key-10,11805
1775447650255,key-12,6971
1775447650256,key-23,3342
1775447650257,key-8,7545
1775447650258,key-12,6974
1775447650258,key-43,3430
1775447650258,key-35,3806
1775447650260,key-35,3808
1775447650261,key-50,16176
1775447650263,key-17,2028
1775447650263,key-46,9499
1775447650264,key-35,3812
1775447650264,key-46,9500
1775447650272,key-19,2551
1775447650272,key-50,16187
1775447650272,key-12,6988
1775447650272,key-36,4816
1775447650273,key-12,6989
1775447650273,key-34,3462
1775447650273,key-36,4817
1775447650273,key-23,3359
1775447650277,key-1,4086
1775447650282,key-15,1999
1775447650283,key-23,3369
1775447650285,key-17,2050
1775447650292,key-11,2930
1775447650293,key-36,4837
1775447650293,key-13,3657
1775447650303,key-35,3851
1775447650304,key-18,9988
1775447650304,key-40,4694
1775447650306,key-35,3854
1775447650307,key-45,3357
1775447650307,key-22,2010
1775447650308,key-2,1150
1775447650308,key-17,2073
1775447650313,key-28,2981
1775447650316,key-16,6460
1775447650317,key-17,2082
1775447650322,key-8,7610
1775447650322,key-3,13627
1775447650323,key-40,4713
1775447650324,key-17,2089
1775447650328,key-17,2093
1775447650337,key-28,3005
1775447650337,key-35,3885
1775447650344,key-19,2623
1775447650346,key-4,15767
1775447650353,key-45,3403
1775447650358,key-40,4748
1775447650362,key-10,11914
1775447650363,key-28,3031
1775447650363,key-34,3552
1775447650373,key-12,7089
1775447650374,key-8,7662
1775447650374,key-29,1399
1775447650374,key-34,3563
1775447650374,key-34,3563
1775447650376,key-24,357
1775447650376,key-6,6368
1775447650377,key-3,13682
1775447650378,key-36,4922
1775447650381,key-45,3431
1775447650381,key-23,3467
1775447650382,key-32,1847
1775447650382,key-7,10729
1775447650387,key-24,368
1775447650388,key-6,6380
1775447650388,key-17,2153
1775447650388,key-45,3438
1775447650389,key-29,1414
1775447650399,key-19,2678
1775447650399,key-43,3571
1775447650401,key-4,15822
1775447650406,key-2,1248
1775447650411,key-17,2176
1775447650418,key-41,1419
1775447650419,key-12,7135
1775447650419,key-10,11971
1775447650422,key-8,7710
1775447650425,key-17,2190
1775447650427,key-17,2192
1775447650427,key-12,7143
1775447650429,key-12,7145
1775447650429,key-4,15850
1775447650438,key-50,16353
1775447650438,key-17,2203
1775447650439,key-34,3628
1775447650439,key-30,7212
1775447650439,key-46,9675
1775447650439,key-19,2718
1775447650439,key-43,3611
1775447650443,key-23,3529
1775447650443,key-17,2208
1775447650444,key-22,2147
1775447650446,key-46,9682
1775447650453,key-36,4997
1775447650453,key-32,1918
1775447650453,key-36,4997
1775447650454,key-17,2219
1775447650455,key-23,3541
1775447650458,key-11,3096
1775447650458,key-46,9694
1775447650460,key-17,2225
1775447650460,key-46,9696
1775447650461,key-17,2226
1775447650461,key-35,4009
1775447650461,key-12,7177
1775447650463,key-46,9699
1775447650464,key-23,3550
1775447650464,key-35,4012
1775447650464,key-35,4012
1775447650470,key-17,2235
1775447650472,key-5,5632
1775447650472,key-36,5016
1775447650473,key-12,7189
1775447650475,key-36,5019
1775447650480,key-40,4870
1775447650483,key-17,2248
1775447650488,key-45,3538
1775447650488,key-18,10172
1775447650491,key-26,9974
1775447650491,key-28,3159
1775447650492,key-35,4040
1775447650494,key-40,4884
1775447650503,key-2,1345
1775447650505,key-36,5049
1775447650505,key-43,3677
1775447650517,key-10,12069
1775447650517,key-28,3185
1775447650518,key-34,3707
1775447650518,key-40,4908
1775447650523,key-13,3887
1775447650524,key-26,10007
1775447650524,key-35,4072
1775447650536,key-3,13841
1775447650544,key-28,3212
1775447650544,key-34,3733
1775447650544,key-21,5027
1775447650544,key-26,10027
1775447650546,key-6,6538
1775447650549,key-34,3738
1775447650555,key-7,10902
1775447650556,key-7,10903
1775447650557,key-18,10241
1775447650563,key-24,544
1775447650566,key-32,2031
1775447650566,key-18,10250
1775447650568,key-46,9804
1775447650571,key-36,5115
1775447650574,key-6,6566
1775447650575,key-17,2340
1775447650575,key-24,556
1775447650580,key-36,5124
1775447650580,key-6,6572
1775447650581,key-34,3770
1775447650584,key-45,3634
1775447650584,key-12,7300
1775447650586,key-45,3636
1775447650586,key-32,2051
1775447650586,key-6,6578
1775447650589,key-46,9825
1775447650594,key-7,10941
1775447650595,key-8,7883
1775447650598,key-4,16019
1775447650600,key-45,3650
1775447650600,key-21,5083
1775447650601,key-29,1626
1775447650601,key-41,1602
1775447650602,key-10,12154
1775447650607,key-36,5151
1775447650607,key-41,1608
1775447650608,key-36,5152
1775447650608,key-10,12160
1775447650608,key-11,3246
1775447650615,key-12,7331
1775447650615,key-22,2318
1775447650617,key-35,4165
1775447650617,key-12,7333
1775447650627,key-12,7343
1775447650632,key-46,9868
1775447650632,key-36,5176
1775447650633,key-8,162
1775447650635,key-19,2914
1775447650636,key-41,1637
1775447650637,key-12,7353
1775447650637,key-43,3809
1775447650641,key-35,4189
1775447650641,key-46,9877
1775447650641,key-35,4189
1775447650642,key-36,5186
1775447650642,key-17,2407
1775447650642,key-41,1643
1775447650643,key-12,7359
1775447650643,key-17,2408
1775447650645,key-46,9881
1775447650650,key-19,2929
1775447650651,key-5,5811
1775447650657,key-17,2422
1775447650659,key-5,5819
1775447650659,key-46,9895
1775447650660,key-45,3710
1775447650660,key-5,5820
1775447650661,key-23,3747
1775447650663,key-2,1505
1775447650672,key-40,5062
1775447650675,key-4,16096
1775447650683,key-18,10367
1775447650686,key-17,2451
1775447650689,key-17,2454
1775447650689,key-35,4237
1775447650690,key-46,9926
1775447650690,key-28,3358
1775447650691,key-35,4239
1775447650692,key-40,5082
1775447650693,key-46,9929
1775447650699,key-17,2464
1775447650701,key-23,3787
1775447650703,key-47,7188
1775447650707,key-24,688
1775447650710,key-13,4074
1775447650714,key-2,1556
1775447650715,key-6,6707
1775447650720,key-1,4529
1775447650721,key-3,14026
1775447650724,key-46,9960
1775447650731,key-29,1756
1775447650731,key-35,4279
1775447650733,key-34,3922
1775447650737,key-50,16652
1775447650739,key-6,6731
1775447650740,key-34,3929
1775447650748,key-34,3937
1775447650749,key-3,14054
1775447650753,key-4,16174
1775447650754,key-34,3943
1775447650756,key-6,6748
1775447650762,key-41,1763
1775447650762,key-36,5306
1775447650762,key-40,5152
1775447650765,key-12,7481
1775447650765,key-12,7481
1775447650769,key-7,11116
1775447650769,key-36,5313
1775447650772,key-36,5316
1775447650776,key-41,1777
1775447650776,key-36,5320
1775447650776,key-21,5259
1775447650777,key-4,16198
1775447650778,key-32,2243
1775447650782,key-22,2485
1775447650782,key-32,2247
1775447650783,key-4,16204
1775447650783,key-36,5327
1775447650784,key-19,3063
1775447650784,key-41,1785
1775447650785,key-10,12337
1775447650786,key-32,2251
1775447650796,key-36,5340
1775447650797,key-19,3076
1775447650797,key-36,5341
1775447650797,key-19,3076
1775447650799,key-6,6791
1775447650799,key-36,5343
1775447650799,key-12,7515
1775447650800,key-36,5344
1775447650801,key-6,6793
1775447650806,key-46,10042
1775447650810,key-5,5970
1775447650816,key-45,3866
1775447650816,key-46,10052
1775447650816,key-13,4180
1775447650817,key-19,3096
1775447650818,key-43,3990
1775447650820,key-34,4009
1775447650822,key-5,5982
1775447650828,key-17,2593
1775447650828,key-35,4376
1775447650828,key-18,10512
1775447650829,key-10,12381
1775447650829,key-24,810
1775447650829,key-17,2594
1775447650832,key-6,6824
1775447650832,key-35,4380
1775447650838,key-18,10522
1775447650839,key-23,3925
1775447650839,key-47,7324
1775447650840,key-35,4388
1775447650842,key-36,5386
1775447650844,key-35,4392
1775447650848,key-40,5238
1775447650848,key-12,7564
1775447650858,key-47,7343
1775447650861,key-18,10545
1775447650867,key-41,1868
1775447650867,key-23,3953
1775447650869,key-4,16290
1775447650871,key-5,6031
1775447650873,key-12,7589
1775447650873,key-23,3959
1775447650873,key-1,4682
1775447650874,key-23,3960
1775447650876,key-23,3962
1775447650879,key-46,10115
1775447650883,key-5,6043
1775447650883,key-29,1908
1775447650885,key-4,16306
1775447650885,key-28,3553
1775447650890,key-35,4438
1775447650890,key-36,5434
1775447650891,key-11,3529
1775447650891,key-47,7376
1775447650894,key-36,5438
1775447650895,key-28,3563
1775447650895,key-24,876
1775447650898,key-4,16319
1775447650899,key-47,7384
1775447650899,key-28,3567
1775447650902,key-35,4450
1775447650922,key-23,4008
1775447650922,key-3,14227
1775447650923,key-3,14228
1775447650923,key-4,16344
1775447650925,key-34,4114
1775447650925,key-28,3593
1775447650927,key-36,5471
1775447650935,key-24,916
1775447650936,key-41,1937
1775447650937,key-12,7653
1775447650941,key-2,1783
1775447650946,key-32,2411
1775447650950,key-46,10186
1775447650953,key-19,3232
1775447650954,key-24,935
1775447650954,key-36,5498
1775447650954,key-36,5498
1775447650958,key-36,5502
1775447650962,key-36,5506
1775447650963,key-6,6955
1775447650963,key-19,3242
1775447650965,key-50,16880
1775447650972,key-26,10455
1775447650973,key-10,12525
1775447650980,key-36,5524
1775447650980,key-5,6140
1775447650981,key-5,6141
1775447650981,key-36,5525
1775447650982,key-6,6974
1775447650982,key-13,4346
1775447650982,key-36,5526
1775447650992,key-35,4540
1775447650993,key-36,5537
1775447650994,key-19,3273
1775447650998,key-17,2763
1775447651000,key-35,4548
1775447651001,key-4,16422
1775447651001,key-4,16422
1775447651004,key-35,4552
1775447651005,key-43,4177
1775447651006,key-2,1848
1775447651007,key-35,4555
1775447651007,key-17,2772
1775447651008,key-40,5398
1775447651011,key-17,2776
1775447651011,key-35,4559
1775447651015,key-35,4563
1775447651019,key-45,4069
1775447651022,key-36,5566
1775447651022,key-10,12574
1775447651025,key-18,10709
1775447651025,key-46,10261
1775447651030,key-23,4116
1775447651032,key-35,4580
1775447651037,key-21,5520
1775447651039,key-21,5522
1775447651041,key-4,16462
1775447651042,key-35,4590
1775447651042,key-5,6202
1775447651043,key-35,4591
1775447651049,key-4,16470
1775447651049,key-24,1030
1775447651050,key-46,10286
1775447651055,key-23,4141
1775447651056,key-36,5600
1775447651066,key-41,2067
1775447651067,key-4,16488
1775447651068,key-36,5612
1775447651070,key-24,1051
1775447651071,key-15,2788
1775447651072,key-21,5555
1775447651072,key-36,5616
1775447651078,key-47,7563
1775447651079,key-28,3747
1775447651079,key-50,16994
1775447651079,key-23,4165
1775447651079,key-35,4627
1775447651079,key-16,7223
1775447651079,key-28,3747
1775447651080,key-47,7565
1775447651081,key-35,4629
1775447651081,key-23,4167
1775447651082,key-36,5626
1775447651082,key-8,611
1775447651083,key-23,4169
1775447651085,key-35,4633
1775447651085,key-3,14390
1775447651086,key-3,14391
1775447651086,key-34,4275
1775447651096,key-41,2097
1775447651098,key-3,14403
1775447651100,key-8,629
1775447651105,key-34,4294
1775447651108,key-45,4158
1775447651120,key-3,14425
1775447651120,key-3,14425
1775447651121,key-3,14426
1775447651125,key-5,6285
1775447651129,key-28,3796
1775447651131,key-10,12683
1775447651136,key-36,5680
1775447651137,key-46,10373
1775447651137,key-34,4326
1775447651137,key-50,17052
1775447651149,key-28,3817
1775447651149,key-5,6309
1775447651149,key-5,6309
1775447651155,key-5,6315
1775447651158,key-19,3437
1775447651158,key-34,4347
1775447651168,key-50,17083
1775447651168,key-5,6328
1775447651172,key-10,12724
1775447651172,key-35,4720
1775447651173,key-47,7658
1775447651173,key-35,4721
1775447651175,key-35,4723
1775447651181,key-21,5664
1775447651182,key-17,2947
1775447651183,key-35,4731
1775447651185,key-19,3464
1775447651188,key-46,10424
1775447651188,key-2,2030
1775447651192,key-3,14497
1775447651192,key-35,4740
1775447651193,key-40,5583
1775447651195,key-17,2960
1775447651199,key-36,5743
1775447651200,key-10,12752
1775447651200,key-6,7192
1775447651200,key-35,4748
1775447651202,key-36,5746
1775447651209,key-26,10692
1775447651211,key-17,2976
1775447651212,key-23,4298
1775447651219,key-21,5702
1775447651219,key-21,5702
1775447651219,key-15,2936
1775447651224,key-36,5768
1775447651224,key-21,5707
1775447651225,key-36,5769
1775447651226,key-21,5709
1775447651227,key-35,4775
1775447651227,key-10,12779
1775447651227,key-22,2930
1775447651227,key-46,10463
1775447651232,key-5,6392
1775447651232,key-35,4780
1775447651234,key-17,2999
1775447651234,key-35,4782
1775447651234,key-7,11581
1775447651238,key-4,16659
1775447651238,key-50,17153
1775447651240,key-8,769
1775447651247,key-26,186
1775447651247,key-3,14552
1775447651247,key-10,12799
1775447651248,key-34,4437
1775447651253,key-35,4801
1775447651255,key-23,4341
1775447651260,key-34,4449
1775447651262,key-28,3930
1775447651262,key-45,4312
1775447651263,key-3,14568
1775447651263,key-41,2264
1775447651266,key-35,4814
1775447651268,key-45,4318
1775447651270,key-23,4356
1775447651273,key-35,4821
1775447651274,key-23,4360
1775447651275,key-28,3943
1775447651275,key-30,8048
1775447651277,key-24,1258
1775447651277,key-24,1258
1775447651278,key-47,7763
1775447651282,key-34,4471
1775447651282,key-3,14587
1775447651282,key-34,4471
1775447651282,key-47,7767
1775447651286,key-34,4475
1775447651292,key-1,5101
1775447651297,key-3,14602
1775447651298,key-10,12850
1775447651300,key-50,17215
1775447651301,key-46,10537
1775447651301,key-50,17216
1775447651307,key-43,4479
1775447651311,key-36,5855
1775447651311,key-22,3014
1775447651312,key-3,14617
1775447651313,key-3,14618
1775447651313,key-8,842
1775447651313,key-3,14618
1775447651319,key-36,5863
1775447651327,key-2,2169
1775447651328,key-18,11012
1775447651338,key-22,3041
1775447651338,key-47,7823
1775447651346,key-34,4535
1775447651350,key-24,1331
1775447651352,key-40,5742
1775447651352,key-35,4900
1775447651357,key-5,6517
1775447651357,key-46,10593
1775447651362,key-3,14667
1775447651362,key-35,4910
1775447651365,key-17,3130
1775447651365,key-35,4913
1775447651367,key-2,2209
1775447651367,key-21,5850
1775447651370,key-26,309
1775447651370,key-46,10606
1775447651378,key-10,12930
1775447651379,key-3,14684
1775447651379,key-6,7371
1775447651380,key-35,4928
1775447651380,key-46,10616
1775447651380,key-17,3145
1775447651380,key-6,7372
1775447651380,key-5,6540
1775447651380,key-19,3659
1775447651381,key-3,14686
1775447651382,key-21,5865
1775447651383,key-23,4469
1775447651395,key-28,4063
1775447651399,key-15,3116
1775447651399,key-7,11746
1775447651400,key-46,10636
1775447651400,key-29,2425
1775447651403,key-46,10639
1775447651404,key-35,4952
1775447651409,key-35,4957
1775447651411,key-34,4600
1775447651415,key-26,354
1775447651415,key-35,4963
1775447651421,key-41,2422
1775447651423,key-4,16844
1775447651423,key-10,12975
1775447651424,key-26,363
1775447651425,key-28,4093
1775447651425,key-4,16846
1775447651425,key-35,4973
1775447651428,key-10,12980
1775447651430,key-4,16851
1775447651431,key-23,4517
1775447651431,key-30,8204
1775447651433,key-23,4519
1775447651437,key-34,4626
1775447651444,key-34,4633
1775447651445,key-35,4993
1775447651450,key-24,1431
1775447651450,key-13,4814
1775447651452,key-35,5000
1775447651454,key-3,14759
1775447651456,key-34,4645
1775447651456,key-34,4645
1775447651457,key-23,4543
1775447651457,key-35,5005
1775447651459,key-10,13011
1775447651462,key-46,10698
1775447651463,key-34,4652
1775447651464,key-1,5273
1775447651464,key-24,1445
1775447651467,key-50,17382
1775447651467,key-46,10703
1775447651468,key-3,14773
1775447651468,key-36,6012
1775447651470,key-8,999
1775447651470,key-34,4659
1775447651470,key-34,4659
1775447651470,key-10,13022
1775447651472,key-34,4661
1775447651475,key-10,13027
1775447651478,key-3,14783
1775447651480,key-3,14785
1775447651480,key-3,14785
1775447651483,key-50,17398
1775447651483,key-3,14788
1775447651484,key-3,14789
1775447651492,key-45,4542
1775447651495,key-7,11842
1775447651495,key-10,13047
1775447651497,key-34,4686
1775447651501,key-10,13053
1775447651504,key-43,4676
1775447651505,key-22,3208
1775447651509,key-1,5318
1775447651511,key-30,8284
1775447651511,key-50,17426
1775447651514,key-40,5904
1775447651518,key-34,4707
1775447651530,key-6,7522
1775447651539,key-45,4589
1775447651546,key-2,2388
1775447651547,key-26,486
1775447651548,key-35,5096
1775447651548,key-29,2573
1775447651550,key-19,3829
1775447651551,key-35,5099
1775447651551,key-4,16972
1775447651554,key-23,4640
1775447651556,key-13,4920
1775447651558,key-46,10794
1775447651559,key-36,6103
1775447651559,key-34,4748
1775447651560,key-8,1089
1775447651562,key-21,6045
1775447651564,key-46,10800
1775447651565,key-29,2590
1775447651571,key-46,10807
1775447651572,key-6,7564
1775447651578,key-15,3295
1775447651578,key-6,7570
1775447651581,key-40,5971
1775447651583,key-45,4633
1775447651583,key-35,5131
1775447651584,key-46,10820
1775447651586,key-4,17007
1775447651586,key-26,525
1775447651589,key-26,528
1775447651589,key-46,10825
1775447651592,key-4,17013
1775447651593,key-29,2618
1775447651593,key-26,532
1775447651593,key-23,4679
1775447651595,key-10,13147
1775447651599,key-4,17020
1775447651608,key-4,17029
1775447651608,key-10,13160
1775447651609,key-24,1590
1775447651612,key-24,1593
1775447651612,key-34,4801
1775447651613,key-46,10849
1775447651615,key-28,4283
1775447651621,key-35,5169
1775447651621,key-23,4707
1775447651622,key-35,5170
1775447651624,key-34,4813
1775447651624,key-2,2466
1775447651625,key-36,6169
1775447651626,key-3,14931
1775447651627,key-46,10863
1775447651629,key-50,17544
1775447651634,key-28,4302
1775447651634,key-15,3351
1775447651635,key-1,5444
1775447651636,key-41,2637
1775447651636,key-46,10872
1775447651642,key-3,14947
1775447651643,key-34,4832
1775447651643,key-10,13195
1775447651644,key-47,8129
1775447651649,key-21,6132
1775447651651,key-8,1180
1775447651651,key-3,14956
1775447651652,key-38,2958
1775447651652,key-8,1181
1775447651652,key-34,4841
1775447651659,key-10,13211
1775447651659,key-22,3362
1775447651665,key-11,4303
1775447651666,key-10,13218
1775447651666,key-3,14971
1775447651667,key-34,4856
1775447651672,key-10,13224
1775447651673,key-34,4862
1775447651673,key-34,4862
1775447651674,key-50,17589
1775447651675,key-34,4864
1775447651676,key-34,4865
1775447651680,key-32,3145
1775447651680,key-10,13232
1775447651686,key-36,6230
1775447651687,key-11,4325
1775447651688,key-8,1217
1775447651691,key-40,6081
1775447651691,key-10,13243
1775447651694,key-34,4883
1775447651695,key-50,17610
1775447651696,key-34,4885
1775447651702,key-32,3167
1775447651706,key-30,8479
1775447651715,key-45,4765
1775447651717,key-2,2559
1775447651725,key-21,6208
1775447651726,key-12,8442
1775447651735,key-47,8220
1775447651738,key-13,5102
1775447651739,key-46,10975
1775447651744,key-46,10980
1775447651745,key-46,10981
1775447651745,key-13,5109
1775447651750,key-4,17171
1775447651753,key-4,17174
1775447651754,key-40,6144
1775447651754,key-46,10990
1775447651754,key-46,10990
1775447651754,key-45,4804
1775447651755,key-17,3520
1775447651755,key-26,694
1775447651755,key-3,15060
1775447651759,key-26,698
1775447651760,key-26,699
1775447651766,key-3,15071
1775447651768,key-35,5316
1775447651768,key-4,17189
1775447651770,key-26,709
1775447651771,key-50,17686
1775447651771,key-4,17192
1775447651774,key-46,11010
1775447651778,key-23,4864
1775447651778,key-4,17199
1775447651779,key-2,2621
1775447651779,key-30,8552
1775447651781,key-38,3087
1775447651782,key-28,4450
1775447651789,key-35,5337
1775447651790,key-3,15095
1775447651794,key-35,5342
1775447651794,key-13,5158
1775447651796,key-2,2638
1775447651797,key-19,4076
1775447651797,key-15,3514
1775447651805,key-38,3111
1775447651808,key-50,17723
1775447651810,key-2,2652
1775447651810,key-46,11046
1775447651811,key-6,7803
1775447651814,key-50,17729
1775447651815,key-28,4483
1775447651818,key-34,5007
1775447651819,key-22,3522
1775447651819,key-28,4487
1775447651822,key-10,13374
1775447651823,key-8,1352
1775447651823,key-22,3526
1775447651824,key-3,15129
1775447651827,key-47,8312
1775447651832,key-34,5021
1775447651834,key-34,5023
1775447651841,key-21,6324
1775447651842,key-10,13394
1775447651843,key-34,5032
1775447651844,key-3,15149
1775447651844,key-34,5033
1775447651846,key-41,2847
1775447651847,key-11,4485
1775447651849,key-10,13401
1775447651855,key-35,5403
1775447651858,key-34,5047
1775447651858,key-18,11542
1775447651858,key-3,15163
1775447651862,key-34,5051
1775447651863,key-11,4501
1775447651863,key-36,6407
1775447651864,key-10,13416
1775447651867,key-40,6257
1775447651877,key-22,3580
1775447651878,key-34,5067
1775447651878,key-38,3184
1775447651878,key-35,5426
1775447651878,key-34,5067
1775447651882,key-11,4520
1775447651884,key-10,13436
1775447651884,key-12,8600
1775447651893,key-32,3358
1775447651893,key-22,3596
1775447651897,key-40,6287
1775447651900,key-34,5089
1775447651901,key-30,8674
1775447651902,key-21,6385
1775447651906,key-34,5095
1775447651908,key-3,15213
1775447651913,key-3,15218
1775447651915,key-19,4194
1775447651921,key-13,5285
1775447651922,key-7,12269
1775447651930,key-19,4209
1775447651930,key-45,4980
1775447651931,key-35,5479
1775447651933,key-12,8649
1775447651934,key-26,873
1775447651934,key-35,5482
1775447651938,key-4,17359
1775447651940,key-28,4608
1775447651944,key-26,883
1775447651945,key-7,165
1775447651946,key-43,5118
1775447651946,key-4,17367
1775447651949,key-21,6432
1775447651950,key-15,3667
1775447651951,key-35,5499
1775447651952,key-17,3717
1775447651953,key-7,173
1775447651954,key-4,17375
1775447651955,key-46,11191
1775447651959,key-2,2801
1775447651959,key-35,5507
1775447651963,key-30,8736
1775447651966,key-46,11202
1775447651967,key-26,906
1775447651967,key-38,3273
1775447651967,key-26,906
1775447651968,key-35,5516
1775447651973,key-46,11209
1775447651974,key-30,8747
1775447651974,key-47,8459
1775447651974,key-15,3691
1775447651976,key-4,17397
1775447651994,key-2,2836
1775447651996,key-2,2838
1775447651997,key-10,13549
1775447651997,key-7,217
1775447651999,key-47,8484
1775447652000,key-3,15305
1775447652001,key-34,5190
1775447652001,key-10,13553
1775447652002,key-34,5191
1775447652002,key-47,8487
1775447652004,key-35,5552
1775447652011,key-3,15316
1775447652015,key-47,8500
1775447652016,key-41,3017
1775447652018,key-34,5207
1775447652018,key-2,2860
1775447652019,key-47,8504
1775447652019,key-34,5208
1775447652020,key-19,4299
1775447652023,key-3,15328
1775447652023,key-34,5212
1775447652028,key-34,5217
1775447652028,key-16,8172
1775447652029,key-18,11713
1775447652030,key-10,13582
1775447652030,key-32,3495
1775447652032,key-11,4670
1775447652035,key-30,8808
1775447652035,key-16,8179
1775447652041,key-24,2022
1775447652047,key-12,8763
1775447652047,key-13,5411
1775447652048,key-34,5237
1775447652053,key-36,6597
1775447652055,key-34,5244
1775447652055,key-12,8771
1775447652057,key-3,15362
1775447652059,key-21,6542
1775447652064,key-3,15369
1775447652065,key-28,4733
1775447652068,key-12,8784
1775447652068,key-34,5257
1775447652069,key-10,13621
1775447652069,key-41,3070
1775447652075,key-34,5264
1775447652080,key-34,5269
1775447652080,key-46,11316
1775447652082,key-34,5271
1775447652084,key-34,5273
1775447652087,key-3,15392
1775447652087,key-30,8860
1775447652092,key-5,7252
1775447652095,key-3,15400
1775447652096,key-21,6579
1775447652096,key-7,316
1775447652101,key-5,7261
1775447652109,key-21,6592
1775447652110,key-26,1049
1775447652110,key-45,5160
1775447652114,key-38,3420
1775447652115,key-35,5663
1775447652119,key-34,5308
1775447652120,key-2,2962
1775447652127,key-4,17548
1775447652129,key-46,11365
1775447652131,key-46,11367
1775447652132,key-4,17553
1775447652132,key-12,8848
1775447652139,key-15,3856
1775447652153,key-4,17574
1775447652153,key-4,17574
1775447652154,key-29,3179
1775447652154,key-45,5204
1775447652154,key-32,3619
1775447652154,key-34,5343
1775447652154,key-35,5702
1775447652155,key-26,1094
1775447652155,key-47,8640
1775447652160,key-2,3002
1775447652162,key-26,1101
1775447652164,key-10,13716
1775447652164,key-26,1103
1775447652169,key-26,1108
1775447652171,key-2,3013
1775447652171,key-1,5980
1775447652172,key-17,3937
1775447652172,key-43,5344
1775447652173,key-35,5721
1775447652173,key-2,3015
1775447652174,key-7,394
1775447652174,key-26,1113
1775447652179,key-2,3021
1775447652180,key-47,8665
1775447652182,key-38,3488
1775447652182,key-3,15487
1775447652182,key-35,5730
1775447652184,key-2,3026
1775447652184,key-43,5356
1775447652185,key-47,8670
1775447652185,key-10,13737
1775447652186,key-2,3028
1775447652192,key-10,13744
1775447652193,key-11,4831
1775447652194,key-36,6738
1775447652202,key-10,13754
1775447652203,key-34,5392
1775447652207,key-34,5396
1775447652217,key-36,6761
1775447652217,key-24,2198
1775447652217,key-12,8933
1775447652219,key-34,5408
1775447652220,key-18,11904
1775447652220,key-12,8936
1775447652227,key-12,8943
1775447652232,key-23,5318
1775447652233,key-32,3698
1775447652235,key-32,3700
1775447652235,key-47,8720
1775447652235,key-2,3077
1775447652237,key-12,8953
1775447652237,key-34,5426
1775447652242,key-21,6725
1775447652245,key-41,3246
1775447652247,key-41,3248
1775447652248,key-34,5437
1775447652250,key-47,8735
1775447652257,key-24,2238
1775447652263,key-34,5452
1775447652266,key-3,15571
1775447652268,key-5,7428
1775447652270,key-11,4908
1775447652277,key-17,4042
1775447652278,key-21,6761
1775447652278,key-2,3120
1775447652286,key-3,15591
1775447652288,key-7,508
1775447652293,key-46,11529
1775447652294,key-5,7454
1775447652295,key-23,5381
1775447652296,key-10,13848
1775447652297,key-47,8782
1775447652299,key-34,5488
1775447652301,key-45,5351
1775447652301,key-5,7461
1775447652308,key-34,5497
1775447652309,key-21,6792
1775447652310,key-45,5360
1775447652311,key-15,4028
1775447652313,key-38,3619
1775447652323,key-15,4040
1775447652325,key-5,7485
1775447652328,key-2,3170
1775447652328,key-26,1267
1775447652329,key-26,1268
1775447652331,key-15,4048
1775447652338,key-41,3339
1775447652340,key-8,1869
1775447652341,key-35,5889
1775447652349,key-36,6893
1775447652350,key-35,5898
1775447652350,key-38,3656
1775447652352,key-17,4117
1775447652352,key-11,4990
1775447652353,key-45,5403
1775447652358,key-24,2339
1775447652359,key-10,13911
1775447652360,key-36,6904
1775447652361,key-3,15666
1775447652362,key-35,5910
1775447652362,key-45,5412
1775447652363,key-43,5535
1775447652363,key-32,3828
1775447652368,key-38,3674
1775447652368,key-34,5557
1775447652373,key-26,1312
1775447652374,key-2,3216
1775447652374,key-10,13926
1775447652374,key-11,5012
1775447652374,key-10,13926
1775447652375,key-10,13927
1775447652375,key-2,3217
1775447652378,key-43,5550
1775447652378,key-43,5550
1775447652379,key-38,3685
1775447652386,key-2,3228
1775447652387,key-34,5576
1775447652389,key-19,4668
1775447652396,key-22,4099
1775447652397,key-26,1336
1775447652397,key-32,3862
1775447652400,key-1,6209
1775447652401,key-47,8886
1775447652413,key-26,1352
1775447652414,key-34,5603
1775447652416,key-24,2397
1775447652417,key-34,5606
1775447652419,key-34,5608
1775447652419,key-18,12103
1775447652421,key-12,9137
1775447652425,key-21,6908
1775447652425,key-32,3890
1775447652427,key-4,17848
1775447652430,key-34,5619
1775447652430,key-29,3455
1775447652430,key-40,6820
1775447652434,key-21,6917
1775447652439,key-32,3904
1775447652441,key-41,3442
1775447652449,key-11,5087
1775447652450,key-21,6933
1775447652451,key-34,5640
1775447652452,key-41,3453
1775447652456,key-43,5628
1775447652457,key-24,2438
1775447652465,key-47,8950
1775447652469,key-45,5519
1775447652470,key-15,4187
1775447652473,key-47,8958
1775447652473,key-29,3498
1775447652474,key-16,8618
1775447652476,key-21,6959
1775447652479,key-34,5668
1775447652491,key-2,3333
1775447652494,key-5,7654
1775447652495,key-21,6978
1775447652497,key-16,8641
1775447652497,key-15,4214
1775447652500,key-34,5689
1775447652506,key-26,1445
1775447652523,key-47,9008
1775447652523,key-10,14075
1775447652524,key-43,5696
1775447652524,key-3,15829
1775447652524,key-23,5610
1775447652527,key-6,8519
1775447652527,key-35,6075
1775447652527,key-45,5577
1775447652530,key-43,5702
1775447652536,key-45,5586
1775447652537,key-2,3379
1775447652539,key-38,3845
1775447652542,key-43,5714
1775447652542,key-3,15847
1775447652542,key-50,18457
1775447652549,key-2,3391
1775447652550,key-5,7710
1775447652550,key-2,3392
1775447652550,key-34,5739
1775447652550,key-36,7094
1775447652550,key-11,5188
1775447652551,key-38,3857
1775447652551,key-2,3393
1775447652551,key-10,14103
1775447652551,key-10,14103
1775447652555,key-46,11791
1775447652555,key-34,5744
1775447652558,key-23,5644
1775447652566,key-34,5755
1775447652569,key-10,14121
1775447652574,key-34,5763
1775447652574,key-46,11810
1775447652575,key-4,165
1775447652577,key-18,12261
1775447652577,key-34,5766
1775447652577,key-23,5663
1775447652577,key-4,167
1775447652579,key-22,4282
1775447652579,key-38,3885
1775447652579,key-38,3885
1775447652580,key-43,5752
1775447652580,key-11,5218
1775447652587,key-10,14139
1775447652587,key-43,5759
1775447652587,key-40,6977
1775447652589,key-21,7072
1775447652590,key-32,4055
1775447652598,key-26,1537
1775447652599,key-26,1538
1775447652600,key-35,6148
1775447652604,key-41,316
1775447652607,key-34,5796
1775447652610,key-34,5799
1775447652610,key-1,6419
1775447652612,key-29,3637
1775447652618,key-11,5256
1775447652618,key-3,15923
1775447652621,key-21,7104
1775447652622,key-32,4087
1775447652622,key-43,5794
1775447652622,key-21,7105
1775447652628,key-41,340
1775447652628,key-34,5817
1775447652628,key-24,2609
1775447652629,key-12,9345
1775447652630,key-45,5680
1775447652630,key-12,9346
1775447652643,key-46,11879
1775447652647,key-47,9132
1775447652647,key-15,4364
1775447652649,key-35,6197
1775447652652,key-21,7135
1775447652652,key-34,5841
1775447652653,key-41,365
1775447652653,key-21,7136
1775447652655,key-16,8799
1775447652656,key-15,4373
1775447652664,key-12,9380
1775447652666,key-18,12350
1775447652666,key-21,7149
1775447652670,key-43,5842
1775447652674,key-5,7834
1775447652677,key-45,5727
1775447652681,key-4,271
1775447652681,key-29,3706
1775447652685,key-17,4450
1775447652689,key-5,7849
1775447652697,key-21,7180
1775447652699,key-21,7182
1775447652703,key-50,18618
1775447652704,key-11,5342
1775447652705,key-34,5894
1775447652705,key-19,4984
1775447652707,key-5,7867
1775447652707,key-5,7867
1775447652710,key-50,18625
1775447652713,key-36,7257
1775447652714,key-5,7874
1775447652714,key-43,5886
1775447652722,key-45,5772
1775447652723,key-11,5361
1775447652726,key-46,11962
1775447652727,key-38,4033
1775447652728,key-36,7272
1775447652729,key-19,5008
1775447652729,key-36,7273
1775447652730,key-10,14282
1775447652737,key-21,7220
1775447652739,key-11,5377
1775447652741,key-10,14293
1775447652743,key-34,5932
1775447652743,key-19,5022
1775447652745,key-24,2726
1775447652745,key-40,7135
1775447652745,key-16,8889
1775447652751,key-26,1690
1775447652754,key-8,2283
1775447652755,key-4,345
1775447652755,key-4,345
1775447652757,key-34,5946
1775447652757,key-15,4474
1775447652759,key-3,16064
1775447652769,key-17,4534
1775447652770,key-34,5959
1775447652770,key-1,6579
1775447652780,key-43,5952
1775447652780,key-26,1719
1775447652780,key-35,6328
1775447652783,key-10,14335
1775447652785,key-28,5453
1775447652788,key-22,4491
1775447652791,key-38,4097
1775447652791,key-19,5070
1775447652793,key-12,9509
1775447652796,key-34,5985
1775447652796,key-38,4102
1775447652802,key-21,7285
1775447652802,key-10,14354
1775447652803,key-12,9519
1775447652806,key-18,12490
1775447652806,key-35,6354
1775447652806,key-34,5995
1775447652809,key-12,9525
1775447652809,key-26,1748
1775447652809,key-34,5998
1775447652809,key-34,5998
1775447652817,key-41,529
1775447652817,key-15,4534
1775447652817,key-24,2798
1775447652822,key-12,9538
1775447652823,key-29,3848
1775447652823,key-41,535
1775447652826,key-17,4591
1775447652827,key-3,16132
1775447652831,key-41,543
1775447652831,key-21,7314
1775447652833,key-21,7316
1775447652834,key-3,16139
1775447652836,key-1,6645
1775447652840,key-32,4305
1775447652842,key-46,12078
1775447652849,key-4,439
1775447652850,key-17,4615
1775447652851,key-34,6040
1775447652853,key-43,6025
1775447652854,key-45,5904
1775447652858,key-24,2839
1775447652862,key-16,9006
1775447652868,key-4,458
1775447652870,key-43,6042
1775447652871,key-21,7354
1775447652874,key-50,18789
1775447652875,key-16,9019
1775447652875,key-5,8035
1775447652875,key-50,18790
1775447652877,key-43,6049
1775447652880,key-16,9024
1775447652882,key-46,12118
1775447652882,key-46,12118
1775447652891,key-12,9607
1775447652894,key-12,9610
1775447652896,key-5,8056
1775447652898,key-38,4204
1775447652902,key-21,7385
1775447652906,key-19,5185
1775447652908,key-29,3933
1775447652909,key-21,7392
1775447652912,key-11,5550
1775447652913,key-24,2894
1775447652913,key-17,4678
1775447652915,key-24,2896
1775447652917,key-34,6106
1775447652927,key-21,7410
1775447652928,key-18,12612
1775447652930,key-4,520
1775447652930,key-10,14482
1775447652931,key-34,6120
1775447652935,key-28,5603
1775447652943,key-32,4408
1775447652944,key-45,5994
1775447652945,key-43,6117
1775447652946,key-11,5584
1775447652946,key-8,2475
1775447652947,key-28,5615
1775447652947,key-11,5585
1775447652949,key-1,6758
1775447652953,key-43,6125
1775447652954,key-12,9670
1775447652957,key-22,4660
1775447652958,key-38,4264
1775447652958,key-45,6008
1775447652960,key-38,4266
1775447652964,key-46,12200
1775447652965,key-35,6513
1775447652969,key-12,9685
1775447652979,key-29,4004
1775447652982,key-17,4747
1775447652982,key-12,9698
1775447652982,key-3,16287
1775447652982,key-34,6171
1775447652983,key-34,6172
1775447652987,key-41,699
1775447652988,key-7,219
1775447652989,key-29,4014
1775447652990,key-12,9706
1775447652990,key-12,9706
1775447652996,key-34,6185
1775447652998,key-41,710
1775447652998,key-26,1937
1775447652999,key-35,6547
1775447653003,key-15,4720
1775447653005,key-3,16310
1775447653010,key-12,9726
1775447653011,key-15,4728
1775447653011,key-45,6061
1775447653015,key-3,16320
1775447653016,key-2,3858
1775447653028,key-43,6200
1775447653028,key-11,5666
1775447653029,key-18,12713
1775447653029,key-46,12265
1775447653030,key-21,7513
1775447653030,key-36,7574
1775447653030,key-34,6219
1775447653031,key-43,6203
1775447653038,key-43,6210
1775447653039,key-26,1978
1775447653040,key-4,630
1775447653043,key-43,6215
1775447653044,key-45,6094
1775447653053,key-46,12289
1775447653054,key-15,4771
1775447653055,key-32,4520
1775447653055,key-26,1994
1775447653057,key-34,6246
1775447653062,key-32,4527
1775447653065,key-32,4530
1775447653066,key-5,8226
1775447653067,key-21,7550
1775447653067,key-12,9783
1775447653070,key-13,6434
1775447653071,key-46,12307
1775447653077,key-6,9069
1775447653077,key-46,12313
1775447653078,key-38,4384
1775447653083,key-11,5721
1775447653083,key-19,5362
1775447653084,key-4,674
1775447653085,key-43,6257
1775447653085,key-22,4788
1775447653085,key-3,16390
1775447653086,key-10,14638
1775447653086,key-29,4111
1775447653089,key-19,5368
1775447653090,key-36,7634
1775447653090,key-23,6176
1775447653099,key-41,811
1775447653103,key-45,6152
1775447653105,key-34,6294
1775447653105,key-10,14657
1775447653106,key-11,5744
1775447653111,key-43,6283
1775447653112,key-10,14664
1775447653112,key-21,7595
1775447653114,key-11,5752
1775447653115,key-32,4580
1775447653115,key-21,7598
1775447653117,key-46,12353
1775447653117,key-43,6289
1775447653124,key-13,6488
1775447653133,key-45,6183
1775447653134,key-35,6682
1775447653136,key-35,6684
1775447653136,key-8,2665
1775447653137,key-12,9853
1775447653137,key-29,4162
1775447653137,key-22,4840
1775447653139,key-15,4856
1775447653139,key-45,6189
1775447653140,key-46,12376
1775447653142,key-34,6331
1775447653145,key-45,6195
1775447653148,key-12,9864
1775447653153,key-12,9869
1775447653153,key-34,6342
1775447653155,key-3,16460
1775447653155,key-7,386
1775447653158,key-11,5796
1775447653161,key-46,12397
1775447653167,key-7,398
1775447653168,key-34,6357
1775447653168,key-12,9884
1775447653170,key-28,5838
1775447653173,key-15,4890
1775447653176,key-12,9892
1775447653178,key-12,9894
1775447653178,key-41,890
1775447653184,key-3,16489
1775447653187,key-12,9903
1775447653188,key-7,419
1775447653188,key-34,6377
1775447653193,key-21,7676
1775447653196,key-15,4913
1775447653198,key-35,6746
1775447653198,key-18,12882
1775447653200,key-11,5838
1775447653200,key-43,6372
1775447653215,key-34,6404
1775447653219,key-32,4684
1775447653220,key-46,12456
1775447653221,key-10,14773
1775447653225,key-29,4250
1775447653231,key-4,821
1775447653232,key-32,4697
1775447653233,key-32,4698
1775447653235,key-34,6424
1775447653235,key-41,947
1775447653241,key-22,4944
1775447653242,key-10,14794
1775447653245,key-16,9389
1775447653245,key-45,6295
1775447653247,key-46,12483
1775447653247,key-23,6333
1775447653260,key-26,2199
1775447653261,key-5,8421
1775447653261,key-19,5540
1775447653262,key-10,14814
1775447653262,key-11,5900
1775447653262,key-4,852
1775447653262,key-38,4568
1775447653264,key-46,12500
1775447653266,key-24,3247
1775447653267,key-3,16572
1775447653270,key-32,4735
1775447653271,key-22,4974
1775447653271,key-43,6443
1775447653272,key-29,4297
1775447653272,key-45,6322
1775447653272,key-26,2211
1775447653276,key-15,4993
1775447653277,key-10,14829
1775447653277,key-11,5915
1775447653278,key-18,12962
1775447653286,key-19,5565
1775447653286,key-46,12522
1775447653287,key-30,10060
1775447653287,key-15,5004
1775447653288,key-34,6477
1775447653289,key-32,4754
1775447653293,key-29,4318
1775447653301,key-15,5018
1775447653306,key-32,4771
1775447653315,key-12,10031
1775447653315,key-34,6504
1775447653318,key-7,549
1775447653320,key-10,14872
1775447653321,key-8,2850
1775447653323,key-22,5026
1775447653332,key-45,6382
1775447653333,key-12,10049
1775447653334,key-45,6384
1775447653334,key-45,6384
1775447653335,key-21,7818
1775447653337,key-5,8497
1775447653338,key-7,569
1775447653345,key-12,10061
1775447653351,key-19,5630
1775447653351,key-28,6019
1775447653352,key-29,4377
1775447653354,key-7,585
1775447653356,key-13,6720
1775447653357,key-30,208
1775447653361,key-43,6533
1775447653364,key-41,1076
1775447653365,key-45,6415
1775447653366,key-43,6538
1775447653367,key-8,2896
1775447653369,key-12,10085
1775447653370,key-30,221
1775447653370,key-28,6038
1775447653370,key-46,12606
1775447653372,key-12,10088
1775447653376,key-34,6565
1775447653380,key-10,14932
1775447653381,key-41,1093
1775447653384,key-12,10100
1775447653386,key-47,197
1775447653391,key-15,5108
1775447653392,key-41,1104
1775447653393,key-50,19308
1775447653394,key-35,6942
1775447653395,key-3,16700
1775447653397,key-4,987
1775447653400,key-16,9544
1775447653400,key-12,10116
1775447653407,key-34,6596
1775447653413,key-4,1003
1775447653415,key-18,13099
1775447653416,key-11,6054
1775447653416,key-43,6588
1775447653417,key-22,5120
1775447653417,key-16,9561
1775447653417,key-32,4882
1775447653417,key-10,14969
1775447653430,key-3,16735
1775447653430,key-38,4736
1775447653431,key-5,8591
1775447653435,key-38,4741
1775447653438,key-43,6610
1775447653443,key-43,6615
1775447653443,key-10,14995
1775447653444,key-26,313
1775447653446,key-29,4471
1775447653446,key-18,13130
1775447653448,key-32,4913
1775447653448,key-18,13132
1775447653451,key-5,8611
1775447653452,key-24,3433
1775447653452,key-32,4917
1775447653454,key-30,305
1775447653461,key-32,4926
1775447653465,key-21,7948
1775447653466,key-11,6104
1775447653468,key-3,16773
1775447653471,key-26,340
1775447653473,key-18,13157
1775447653475,key-46,12711
1775447653475,key-10,15027
1775447653481,key-29,4506
1775447653482,key-10,15034
1775447653484,key-34,6673
1775447653486,key-29,4511
1775447653491,key-19,5770
1775447653492,key-39,178
1775447653492,key-46,12728
1775447653493,key-32,4958
1775447653494,key-43,6666
1775447653494,key-22,5197
1775447653495,key-11,6133
1775447653495,key-4,1085
1775447653497,key-12,10213
1775447653497,key-46,12733
1775447653499,key-45,6549
1775447653505,key-15,5222
1775447653507,key-5,8667
1775447653507,key-10,15059
1775447653513,key-19,5792
1775447653518,key-34,6707
1775447653520,key-11,6158
1775447653522,key-43,6694
1775447653522,key-43,6694
1775447653529,key-7,760
1775447653530,key-7,761
1775447653530,key-46,12766
1775447653531,key-12,10247
1775447653537,key-43,6709
1775447653537,key-41,1249
1775447653543,key-29,4568
1775447653550,key-29,4575
1775447653551,key-34,6740
1775447653551,key-43,6723
1775447653552,key-13,6916
1775447653553,key-36,8097
1775447653554,key-2,4396
1775447653555,key-36,8099
1775447653557,key-41,1269
1775447653565,key-41,1277
1775447653565,key-35,7113
1775447653567,key-29,4592
1775447653568,key-41,1280
1775447653570,key-12,10286
1775447653571,key-22,5274
1775447653575,key-16,9719
1775447653576,key-18,13260
1775447653579,key-3,16884
1775447653580,key-41,1292
1775447653582,key-29,4607
1775447653585,key-38,4891
1775447653586,key-41,1298
1775447653587,key-7,818
1775447653589,key-30,440
1775447653589,key-11,6227
1775447653596,key-12,10312
1775447653597,key-4,1187
1775447653598,key-45,6648
1775447653599,key-9,159
1775447653599,key-3,16904
1775447653600,key-40,7990
1775447653600,key-5,8760
1775447653601,key-11,6239
1775447653603,key-3,16908
1775447653605,key-9,165
1775447653610,key-10,15162
1775447653611,key-10,15163
1775447653620,key-34,6809
1775447653620,key-17,5385
1775447653622,key-3,16927
1775447653622,key-35,7170
1775447653622,key-43,6794
1775447653623,key-16,9767
1775447653626,key-6,163
1775447653626,key-5,8786
1775447653628,key-9,188
1775447653629,key-19,5908
1775447653631,key-8,3160
1775447653633,key-10,15185
1775447653636,key-32,5101
1775447653641,key-5,8801
1775447653642,key-16,9786
1775447653649,key-34,6838
1775447653651,key-46,12887
1775447653651,key-46,12887
1775447653652,key-1,7461
1775447653656,key-22,5359
1775447653657,key-10,15209
1775447653658,key-10,15210
1775447653659,key-32,5124
1775447653659,key-45,6709
1775447653662,key-12,10378
1775447653665,key-32,5130
1775447653667,key-11,6305
1775447653668,key-46,12904
1775447653672,key-19,5951
1775447653687,key-12,10403
1775447653687,key-22,5390
1775447653687,key-43,6859
1775447653687,key-46,12923
1775447653688,key-34,6877
1775447653688,key-18,13372
1775447653688,key-7,919
1775447653688,key-45,6738
1775447653688,key-43,6860
1775447653688,key-11,6326
1775447653689,key-32,5154
1775447653690,key-18,13374
1775447653695,key-45,6745
1775447653697,key-6,234
1775447653707,key-43,6879
1775447653708,key-29,4733
1775447653708,key-45,6758
1775447653708,key-15,5425
1775447653711,key-43,6883
1775447653712,key-19,5991
1775447653712,key-34,6901
1775447653715,key-18,13399
1775447653716,key-7,947
1775447653718,key-2,4560
1775447653722,key-2,4564
1775447653725,key-7,956
1775447653726,key-41,1438
1775447653730,key-22,5433
1775447653731,key-15,5448
1775447653735,key-5,8895
1775447653737,key-34,6926
1775447653741,key-38,5047
1775447653742,key-4,1332
1775447653742,key-2,4584
1775447653742,key-2,4584
1775447653744,key-7,975
1775447653749,key-41,1461
1775447653749,key-7,980
1775447653756,key-34,6945
1775447653758,key-30,609
1775447653759,key-34,6948
1775447653759,key-13,7123
1775447653761,key-34,6950
1775447653765,key-3,17070
1775447653765,key-9,325
1775447653772,key-43,6944
1775447653773,key-11,6411
1775447653774,key-3,17079
1775447653775,key-11,6413
1775447653775,key-9,335
1775447653776,key-7,1007
1775447653788,key-34,6977
1775447653789,key-10,15341
1775447653790,key-10,15342
1775447653792,key-38,5098
1775447653792,key-41,1504
1775447653793,key-10,15345
1775447653794,key-43,6966
1775447653800,key-6,337
1775447653801,key-9,361
1775447653801,key-26,670
1775447653801,key-10,15353
1775447653802,key-16,9946
1775447653807,key-3,17112
1775447653812,key-46,13048
1775447653814,key-19,6093
1775447653817,key-29,4842
1775447653817,key-8,3346
1775447653817,key-5,8977
1775447653820,key-41,1532
1775447653821,key-22,5524
1775447653825,key-11,6463
1775447653825,key-12,10541
1775447653829,key-30,680
1775447653832,key-9,392
1775447653840,key-46,13076
1775447653844,key-11,6482
1775447653845,key-10,15397
1775447653845,key-8,3374
1775447653845,key-12,10561
1775447653846,key-45,6896
1775447653846,key-32,5311
1775447653846,key-1,7655
1775447653846,key-11,6484
1775447653847,key-3,17152
1775447653847,key-34,7036
1775447653847,key-43,7019
1775447653847,key-45,6897
1775447653848,key-18,13532
1775447653851,key-34,7040
1775447653852,key-7,1083
1775447653852,key-26,721
1775447653860,key-19,6139
1775447653860,key-18,13544
1775447653862,key-12,10578
1775447653865,key-29,4890
1775447653866,key-8,3395
1775447653867,key-7,1098
1775447653874,key-45,6924
1775447653875,key-11,6513
1775447653876,key-12,10592
1775447653879,key-32,5344
1775447653881,key-19,6160
1775447653885,key-19,6164
1775447653886,key-45,6936
1775447653887,key-11,6525
1775447653891,key-15,5608
1775447653893,key-41,1605
1775447653905,key-50,19820
1775447653907,key-7,1137
1775447653908,key-35,7456
1775447653909,key-38,5215
1775447653911,key-4,1501
1775447653911,key-12,10627
1775447653913,key-2,4755
1775447653913,key-7,1144
1775447653913,key-18,13597
1775447653917,key-34,7106
1775447653918,key-5,9078
1775447653923,key-26,792
1775447653927,key-34,7116
1775447653927,key-34,7116
1775447653930,key-21,8413
1775447653932,key-11,6570
1775447653932,key-7,1163
1775447653936,key-45,6986
1775447653937,key-38,5243
1775447653944,key-30,795
1775447653947,key-3,17252
1775447653949,key-9,509
1775447653950,key-32,5415
1775447653951,key-13,7315
1775447653952,key-21,8435
1775447653953,key-41,1665
1775447653954,key-46,13190
1775447653955,key-10,15507
1775447653964,key-10,15516
1775447653968,key-29,4993
1775447653969,key-11,6607
1775447653969,key-41,1681
1775447653978,key-29,5003
1775447653979,key-10,15531
1775447653979,key-22,5682
1775447653981,key-15,5698
1775447653985,key-17,5750
1775447653991,key-16,10135
1775447653993,key-43,7165
1775447653995,key-8,3524
1775447653995,key-34,7184
1775447653996,key-34,7185
1775447653998,key-3,17303
1775447653998,key-7,1229
1775447654001,key-29,5026
1775447654003,key-10,15555
1775447654003,key-12,10719
1775447654008,key-39,694
1775447654010,key-38,5316
1775447654011,key-45,7061
1775447654012,key-36,8556
1775447654012,key-7,1243
1775447654013,key-43,7185
1775447654014,key-10,15566
1775447654014,key-11,6652
1775447654017,key-4,1607
1775447654017,key-34,7206
1775447654023,key-11,6661
1775447654023,key-11,6661
1775447654029,key-10,15581
1775447654030,key-2,4871
1775447654030,key-18,13714
1775447654030,key-3,17335
1775447654032,key-17,5797
1775447654035,key-39,721
1775447654035,key-34,7224
1775447654037,key-7,1268
1775447654042,key-7,1273
1775447654044,key-45,7094
1775447654045,key-4,1635
1775447654045,key-26,914
1775447654045,key-12,10761
1775447654046,key-11,6684
1775447654054,key-15,5771
1775447654058,key-12,10774
1775447654058,key-10,15610
1775447654059,key-36,8603
1775447654060,key-26,929
1775447654061,key-29,5086
1775447654064,key-10,15616
1775447654068,key-2,4910
1775447654068,key-4,1658
1775447654069,key-3,17374
1775447654073,key-3,17378
1775447654073,key-30,924
1775447654084,key-12,10800
1775447654085,key-41,1797
1775447654086,key-41,1798
1775447654088,key-30,939
1775447654095,key-45,7145
1775447654096,key-35,7644
1775447654097,key-19,6376
1775447654097,key-45,7147
1775447654097,key-18,13781
1775447654098,key-40,8488
1775447654102,key-7,1333
1775447654110,key-23,7196
1775447654111,key-5,9271
1775447654111,key-46,13347
1775447654112,key-30,963
1775447654112,key-23,7198
1775447654112,key-38,5418
1775447654112,key-5,9272
1775447654112,key-12,10828
1775447654113,key-7,1344
1775447654113,key-18,13797
1775447654115,key-11,6753
1775447654120,key-24,4101
1775447654120,key-18,13804
1775447654124,key-34,7313
1775447654128,key-30,979
1775447654129,key-41,1841
1775447654129,key-6,666
1775447654132,key-30,983
1775447654135,key-21,258
1775447654139,key-43,7311
1775447654145,key-7,1376
1775447654148,key-38,5454
1775447654148,key-38,5454
1775447654151,key-21,274
1775447654154,key-41,1866
1775447654156,key-22,5859
1775447654158,key-3,17463
1775447654161,key-34,7350
1775447654162,key-14,253
1775447654168,key-18,13852
1775447654169,key-15,5886
1775447654171,key-10,15723
1775447654177,key-29,5202
1775447654178,key-34,7367
1775447654179,key-39,865
1775447654180,key-41,1892
1775447654182,key-10,15734
1775447654183,key-11,6821
1775447654183,key-34,7372
1775447654183,key-34,7372
1775447654183,key-36,8727
1775447654183,key-8,3712
1775447654184,key-13,7548
1775447654184,key-12,10900
1775447654184,key-7,1415
1775447654189,key-1,7998
1775447654193,key-39,879
1775447654196,key-45,7246
1775447654199,key-3,17504
1775447654214,key-32,5679
1775447654215,key-29,5240
1775447654221,key-16,10365
1775447654223,key-36,8767
1775447654235,key-3,17540
1775447654235,key-1,8044
1775447654236,key-24,4217
1775447654236,key-10,15788
1775447654236,key-45,7286
1775447654236,key-11,6874
1775447654237,key-2,5079
1775447654237,key-34,7426
1775447654237,key-24,4218
1775447654237,key-30,1088
1775447654237,key-2,5079
1775447654239,key-41,1951
1775447654239,key-41,1951
1775447654249,key-12,10965
1775447654250,key-41,1962
1775447654250,key-45,7300
1775447654253,key-30,1104
1775447654258,key-30,1109
1775447654260,key-35,7808
1775447654260,key-17,6025
1775447654267,key-7,1498
1775447654269,key-2,5111
1775447654271,key-23,7357
1775447654271,key-43,7443
1775447654272,key-36,8816
1775447654273,key-30,1124
1775447654273,key-11,6911
1775447654275,key-18,13959
1775447654277,key-47,178
1775447654280,key-34,7469
1775447654280,key-22,5983
1775447654281,key-11,6919
1775447654282,key-45,7332
1775447654287,key-7,1518
1775447654289,key-4,1879
1775447654290,key-38,5596
1775447654290,key-38,5596
1775447654299,key-29,5324
1775447654299,key-21,422
1775447654300,key-4,1890
1775447654300,key-23,7386
1775447654300,key-38,5606
1775447654303,key-45,7353
1775447654304,key-42,462
1775447654305,key-11,6943
1775447654306,key-4,1896
1775447654307,key-30,1158
1775447654307,key-30,1158
1775447654310,key-6,847
1775447654312,key-43,7484
1775447654312,key-38,5618
1775447654312,key-41,2024
1775447654318,key-45,7368
1775447654319,key-47,220
1775447654326,key-6,863
1775447654337,key-41,2049
1775447654338,key-30,1189
1775447654339,key-2,5181
1775447654340,key-10,15892
1775447654341,key-26,1210
1775447654342,key-12,11058
1775447654344,key-7,1575
1775447654345,key-12,11061
1775447654346,key-18,14030
1775447654346,key-18,14030
1775447654347,key-1,8156
1775447654356,key-18,14040
1775447654357,key-10,15909
1775447654360,key-7,1591
1775447654360,key-1,8169
1775447654370,key-8,3899
1775447654371,key-13,7735
1775447654371,key-36,8915
1775447654372,key-23,7458
1775447654372,key-11,7010
1775447654373,key-24,4354
1775447654375,key-47,276
1775447654376,key-10,15928
1775447654380,key-1,8189
1775447654383,key-16,10527
1775447654384,key-34,7573
1775447654384,key-30,1235
1775447654388,key-1,8197
1775447654389,key-34,7578
1775447654391,key-11,7029
1775447654401,key-11,7039
1775447654403,key-5,9563
1775447654404,key-41,2116
1775447654410,key-10,15962
1775447654412,key-30,1263
1775447654414,key-2,5256
1775447654414,key-2,5256
1775447654414,key-47,315
1775447654415,key-42,573
1775447654415,key-45,7465
1775447654415,key-41,2127
1775447654421,key-34,7610
1775447654421,key-10,15973
1775447654422,key-34,7611
1775447654423,key-38,5729
1775447654426,key-17,6191
1775447654430,key-45,7480
1775447654431,key-24,226
1775447654435,key-24,230
1775447654436,key-41,2148
1775447654436,key-7,1667
1775447654437,key-17,6202
1775447654438,key-12,11154
1775447654442,key-30,1293
1775447654442,key-12,11158
1775447654442,key-45,7492
1775447654444,key-43,7616
1775447654448,key-29,5473
1775447654448,key-34,7637
1775447654459,key-5,9619
1775447654460,key-45,7510
1775447654460,key-11,7098
1775447654466,key-4,2056
1775447654467,key-29,5492
1775447654468,key-22,6171
1775447654472,key-4,2062
1775447654475,key-38,5781
1775447654476,key-47,377
1775447654477,key-4,2067
1775447654477,key-38,5783
1775447654478,key-4,2068
1775447654481,key-4,2071
1775447654481,key-41,2193
1775447654483,key-29,5508
1775447654483,key-21,606
1775447654486,key-41,2198
1775447654486,key-18,14170
1775447654486,key-11,7124
1775447654487,key-45,7537
1775447654488,key-15,6205
1775447654490,key-47,391
1775447654493,key-7,1724
1775447654493,key-2,5335
1775447654495,key-10,16047
1775447654495,key-4,2085
1775447654495,key-47,396
1775447654500,key-7,1731
1775447654505,key-16,10649
1775447654506,key-47,407
1775447654510,key-29,5535
1775447654515,key-43,7687
1775447654516,key-34,7705
1775447654520,key-50,20435
1775447654525,key-39,1211
1775447654528,key-24,323
1775447654528,key-21,651
1775447654530,key-2,5372
1775447654533,key-38,5839
1775447654534,key-29,5559
1775447654535,key-11,7173
1775447654536,key-41,2248
1775447654538,key-13,7902
1775447654542,key-32,6007
1775447654552,key-10,16104
1775447654553,key-18,14237
1775447654561,key-24,356
1775447654568,key-6,1105
1775447654569,key-35,8117
1775447654569,key-41,2281
1775447654571,key-10,16123
1775447654571,key-50,20486
1775447654571,key-41,2283
1775447654572,key-36,9116
1775447654573,key-5,9733
1775447654575,key-2,5417
1775447654577,key-43,7749
1775447654577,key-34,7766
1775447654578,key-47,479
1775447654580,key-1,8389
1775447654585,key-32,6050
1775447654586,key-18,14270
1775447654587,key-47,488
1775447654589,key-5,9749
1775447654590,key-38,5896
1775447654590,key-41,2302
1775447654591,key-10,16143
1775447654592,key-12,11308
1775447654593,key-18,14277
1775447654593,key-28,7261
1775447654596,key-41,2308
1775447654597,key-12,11313
1775447654598,key-14,689
1775447654600,key-45,7650
1775447654603,key-30,1454
1775447654603,key-34,7792
1775447654604,key-10,16156
1775447654607,key-45,7657
1775447654620,key-30,1471
1775447654622,key-2,5464
1775447654622,key-45,7672
1775447654624,key-5,9784
1775447654632,key-34,7821
1775447654635,key-14,726
1775447654635,key-17,6400
1775447654635,key-19,534
1775447654636,key-45,7686
1775447654636,key-38,5942
1775447654638,key-42,796
1775447654638,key-22,6341
1775447654639,key-43,7811
1775447654640,key-32,6105
1775447654642,key-4,2232
1775447654649,key-29,5674
1775447654650,key-21,773
1775447654650,key-21,773
1775447654658,key-1,8467
1775447654660,key-1,8469
1775447654661,key-9,1221
1775447654661,key-10,16213
1775447654663,key-14,754
1775447654664,key-2,5506
1775447654671,key-41,2383
1775447654672,key-4,2262
1775447654675,key-4,2265
1775447654678,key-11,7316
1775447654679,key-29,5704
1775447654679,key-43,7851
1775447654680,key-1,8489
1775447654689,key-4,2279
1775447654691,key-43,7863
1775447654693,key-34,7882
1775447654693,key-4,2283
1775447654694,key-38,6000
1775447654694,key-7,1925
1775447654695,key-24,490
1775447654696,key-4,2286
1775447654696,key-13,8060
1775447654699,key-29,5724
1775447654702,key-47,603
1775447654706,key-7,1937
1775447654707,key-41,2419
1775447654709,key-2,5551
1775447654712,key-41,2424
1775447654716,key-21,839
1775447654725,key-18,14409
1775447654727,key-17,6492
1775447654728,key-24,523
1775447654728,key-38,6034
1775447654728,key-7,1959
1775447654728,key-6,1265
1775447654729,key-28,7397
1775447654729,key-43,7901
1775447654730,key-1,8539
1775447654730,key-2,5572
1775447654732,key-2,5574
1775447654733,key-6,1270
1775447654736,key-2,5578
1775447654736,key-41,2448
1775447654737,key-39,1423
1775447654740,key-24,535
1775447654744,key-5,9904
1775447654745,key-10,16297
1775447654750,key-47,651
1775447654753,key-2,5595
1775447654753,key-41,2465
1775447654754,key-15,6471
1775447654754,key-1,8563
1775447654755,key-2,5597
1775447654756,key-38,6062
1775447654756,key-41,2468
1775447654760,key-47,661
1775447654760,key-41,2472
1775447654762,key-41,2474
1775447654765,key-12,11481
1775447654765,key-10,16317
1775447654768,key-38,6074
1775447654768,key-28,7436
1775447654769,key-10,16321
1775447654769,key-41,2481
1775447654769,key-32,6234
1775447654770,key-45,7820
1775447654770,key-4,2360
1775447654777,key-34,7966
1775447654777,key-5,9937
1775447654779,key-30,1630
1775447654781,key-41,2493
1775447654783,key-10,16335
1775447654791,key-17,6556
1775447654794,key-17,6559
1775447654794,key-45,7844
1775447654795,key-42,953
1775447654796,key-41,2508
1775447654805,key-26,1674
1775447654807,key-4,2397
1775447654808,key-45,7858
1775447654809,key-45,7859
1775447654816,key-17,6581
1775447654819,key-43,7991
1775447654819,key-1,8628
1775447654819,key-22,6522
1775447654821,key-34,8010
1775447654827,key-41,2539
1775447654829,key-39,1515
1775447654829,key-17,6594
1775447654834,key-39,1520
1775447654839,key-14,930
1775447654840,key-1,8649
1775447654840,key-6,1377
1775447654841,key-22,6544
1775447654843,key-12,11559
1775447654847,key-11,7485
1775447654847,key-40,9237
1775447654848,key-4,2438
1775447654848,key-10,16400
1775447654849,key-4,2439
1775447654863,key-35,8411
1775447654871,key-2,5713
1775447654873,key-34,8062
1775447654874,key-24,669
1775447654875,key-14,966
1775447654880,key-21,1003
1775447654883,key-4,2473
1775447654883,key-40,9273
1775447654887,key-29,5912
1775447654888,key-29,5913
1775447654892,key-38,6198
1775447654894,key-6,1431
1775447654900,key-11,7538
1775447654901,key-41,2613
1775447654902,key-2,5744
1775447654902,key-36,9446
1775447654903,key-6,1440
1775447654906,key-1,8715
1775447654906,key-38,6212
1775447654914,key-1,8723
1775447654918,key-2,5760
1775447654919,key-2,5761
1775447654921,key-41,2633
1775447654922,key-12,11638
1775447654922,key-28,7590
1775447654923,key-6,1460
1775447654923,key-39,1609
1775447654926,key-3,18231
1775447654927,key-7,2158
1775447654927,key-45,7977
1775447654928,key-9,1488
1775447654931,key-1,8740
1775447654931,key-41,2643
1775447654932,key-12,11648
1775447654933,key-43,8105
1775447654935,key-24,730
1775447654935,key-34,8124
1775447654936,key-32,6401
1775447654936,key-47,837
1775447654938,key-41,2650
1775447654949,key-6,1486
1775447654949,key-45,7999
1775447654949,key-10,16501
1775447654950,key-5,10110
1775447654951,key-38,6257
1775447654951,key-10,16503
1775447654958,key-41,2670
1775447654959,key-45,8009
1775447654962,key-17,6727
1775447654963,key-45,8013
1775447654963,key-34,8152
1775447654963,key-26,1832
1775447654972,key-45,8022
1775447654976,key-17,6741
1775447654977,key-47,878
1775447654980,key-47,881
1775447654983,key-32,6448
1775447654984,key-6,1521
1775447654986,key-43,8158
1775447654987,key-45,8037
1775447654988,key-40,9378
1775447654990,key-1,8799
1775447654990,key-22,6693
1775447654991,key-6,1528
1775447654992,key-22,6695
1775447654995,key-41,2707
1775447655002,key-30,1853
1775447655003,key-45,8053
1775447655014,key-4,2604
1775447655014,key-10,16566
1775447655015,key-46,14251
1775447655016,key-4,2606
1775447655016,key-41,2728
1775447655018,key-22,6721
1775447655019,key-40,9409
1775447655019,key-50,20934
1775447655020,key-17,6785
1775447655024,key-17,6789
1775447655027,key-4,2617
1775447655027,key-4,2617
1775447655027,key-42,1185
1775447655028,key-34,8217
1775447655028,key-40,9418
1775447655032,key-12,11748
1775447655034,key-4,2624
1775447655035,key-17,6800
1775447655036,key-24,831
1775447655038,key-21,1161
1775447655041,key-41,2753
1775447655041,key-39,1727
1775447655051,key-26,1920
1775447655051,key-29,6076
1775447655058,key-2,5900
1775447655063,key-34,8252
1775447655068,key-42,1226
1775447655069,key-1,8878
1775447655070,key-29,6095
1775447655075,key-24,870
1775447655076,key-29,6101
1775447655077,key-1,8886
1775447655078,key-39,1764
1775447655078,key-11,188
1775447655091,key-41,2803
1775447655092,key-47,993
1775447655092,key-1,8901
1775447655092,key-6,1629
1775447655093,key-28,7761
1775447655101,key-50,21016
1775447655104,key-29,6129
1775447655105,key-34,8294
1775447655107,key-24,902
1775447655107,key-28,7775
1775447655108,key-10,16660
1775447655109,key-12,11825
1775447655109,key-3,18414
1775447655111,key-3,18416
1775447655112,key-23,8198
1775447655115,key-10,16667
1775447655121,key-9,1681
1775447655123,key-3,18428
1775447655130,key-11,240
1775447655135,key-45,8185
1775447655136,key-6,1673
1775447655136,key-41,2848
1775447655139,key-45,8189
1775447655144,key-3,18449
1775447655144,key-47,1045
1775447655145,key-2,5987
1775447655145,key-2,5987
1775447655146,key-47,1047
1775447655148,key-10,16700
1775447655155,key-34,8344
1775447655156,key-32,6621
1775447655156,key-38,6462
1775447655158,key-42,1316
1775447655162,key-45,8212
1775447655162,key-45,8212
1775447655163,key-38,6469
1775447655163,key-45,8213
1775447655165,key-32,6630
1775447655170,key-1,8979
1775447655171,key-34,8360
1775447655171,key-10,16723
1775447655172,key-6,1709
1775447655174,key-4,2764
1775447655177,key-10,16729
1775447655177,key-5,10337
1775447655178,key-41,2890
1775447655183,key-29,6208
1775447655184,key-50,21099
1775447655185,key-4,2775
1775447655185,key-13,8549
1775447655189,key-32,6654
1775447655189,key-46,14425
1775447655189,key-17,6954
1775447655190,key-4,2780
1775447655198,key-4,2788
1775447655204,key-22,6907
1775447655207,key-22,6910
1775447655207,key-41,2919
1775447655209,key-46,14445
1775447655209,key-22,6912
1775447655213,key-8,4742
1775447655215,key-50,21130
1775447655218,key-34,8407
1775447655221,key-4,2811
1775447655221,key-39,1907
1775447655222,key-26,257
1775447655222,key-40,9612
1775447655222,key-17,6987
1775447655229,key-40,9619
1775447655231,key-4,2821
1775447655231,key-26,266
1775447655231,key-16,11375
1775447655237,key-41,2949
1775447655238,key-24,1033
1775447655238,key-23,8324
1775447655240,key-29,6265
1775447655245,key-41,2957
1775447655247,key-10,16799
1775447655247,key-1,9056
1775447655250,key-17,7015
1775447655251,key-26,286
1775447655251,key-41,2963
1775447655259,key-12,11975
1775447655260,key-42,1418
1775447655260,key-34,8449
1775447655264,key-1,9073
1775447655264,key-1,9073
1775447655266,key-29,6291
1775447655266,key-13,8630
1775447655269,key-3,18574
1775447655270,key-6,1807
1775447655272,key-4,2862
1775447655272,key-47,1173
1775447655274,key-12,11990
1775447655274,key-41,2986
1775447655276,key-10,16828
1775447655276,key-47,1177
1775447655286,key-11,396
1775447655288,key-1,9097
1775447655292,key-14,1383
1775447655293,key-6,1830
1775447655293,key-3,18598
1775447655293,key-10,16845
1775447655294,key-11,404
1775447655298,key-34,8487
1775447655304,key-28,7972
1775447655304,key-45,8354
1775447655315,key-10,16867
1775447655315,key-32,6780
1775447655316,key-19,1215
1775447655316,key-41,3028
1775447655316,key-19,1215
1775447655317,key-11,427
1775447655320,key-45,8370
1775447655320,key-45,8370
1775447655325,key-35,8873
1775447655327,key-32,6792
1775447655334,key-45,8384
1775447655335,key-11,445
1775447655338,key-36,9882
1775447655341,key-3,18646
1775447655341,key-41,157
1775447655342,key-45,8392
1775447655346,key-46,14582
1775447655347,key-6,1884
1775447655348,key-34,8537
1775447655349,key-50,21264
1775447655349,key-3,18654
1775447655350,key-6,1887
1775447655353,key-13,8717
1775447655355,key-41,171
1775447655355,key-3,18660
1775447655357,key-4,2947
1775447655357,key-34,8546
1775447655360,key-34,8549
1775447655362,key-12,12078
1775447655364,key-50,21279
1775447655364,key-4,2954
1775447655367,key-4,2957
1775447655371,key-11,481
1775447655377,key-22,7080
1775447655380,key-45,8430
1775447655387,key-40,9777
1775447655391,key-23,8477
1775447655392,key-23,8478
1775447655392,key-39,182
1775447655396,key-39,186
1775447655397,key-39,187
1775447655397,key-10,16949
1775447655402,key-4,2992
1775447655406,key-29,6431
1775447655407,key-28,8075
1775447655408,key-26,443
1775447655411,key-26,446
1775447655414,key-17,7179
1775447655414,key-9,1974
1775447655415,key-16,11559
1775447655415,key-10,16967
1775447655420,key-17,7185
1775447655426,key-3,18731
1775447655428,key-1,9237
1775447655428,key-3,18733
1775447655428,key-29,6453
1775447655430,key-29,6455
1775447655432,key-4,3022
1775447655436,key-26,471
1775447655436,key-22,7139
1775447655439,key-4,3029
1775447655440,key-50,21355
1775447655442,key-22,7145
1775447655444,key-12,12160
1775447655447,key-1,9256
1775447655448,key-17,7213
1775447655448,key-8,4977
1775447655450,key-21,1573
1775447655451,key-47,1352
1775447655451,key-36,9995
1775447655451,key-45,8501
1775447655456,key-6,1993
1775447655456,key-10,17008
1775447655460,key-40,9850
1775447655460,key-11,570
1775447655460,key-4,3050
1775447655462,key-12,12178
1775447655462,key-29,6487
1775447655462,key-12,12178
1775447655468,key-28,8136
1775447655468,key-17,7233
1775447655470,key-15,7187
1775447655479,key-50,21394
1775447655485,key-34,8674
1775447655485,key-4,3075
1775447655485,key-3,18790
1775447655486,key-1,9295
1775447655486,key-45,8536
1775447655487,key-12,12203
1775447655490,key-45,8540
1775447655498,key-41,314
1775447655499,key-4,3089
1775447655499,key-36,10043
1775447655501,key-11,611
1775447655502,key-41,318
1775447655503,key-41,319
1775447655504,key-45,8554
1775447655506,key-6,2043
1775447655515,key-9,2075
1775447655516,key-6,2053
1775447655520,key-3,18825
1775447655521,key-4,3111
1775447655523,key-13,8887
1775447655530,key-3,18835
1775447655531,key-45,8581
1775447655531,key-32,6996
1775447655538,key-41,354
1775447655538,key-41,354
1775447655542,key-34,8731
1775447655543,key-28,8211
1775447655544,key-34,8733
1775447655545,key-28,8213
1775447655545,key-32,7010
1775447655549,key-35,9097
1775447655550,key-4,3140
1775447655552,key-2,6394
1775447655555,key-12,12271
1775447655557,key-22,7260
1775447655563,key-4,3153
1775447655570,key-23,8656
1775447655571,key-41,387
1775447655575,key-9,2135
1775447655576,key-12,12292
1775447655578,key-17,7343
1775447655581,key-5,10741
1775447655585,key-22,7288
1775447655587,key-39,377
1775447655587,key-28,8255
1775447655591,key-13,8955
1775447655593,key-26,628
1775447655593,key-10,17145
1775447655593,key-26,628
1775447655593,key-50,21508
1775447655597,key-32,7062
1775447655597,key-6,2134
1775447655600,key-36,10144
1775447655600,key-41,416
1775447655603,key-45,8653
1775447655608,key-3,18913
1775447655617,key-10,17169
1775447655617,key-23,8703
1775447655617,key-4,3207
1775447655620,key-22,7323
1775447655620,key-29,6645
1775447655621,key-21,1744
1775447655621,key-8,5150
1775447655621,key-39,411
1775447655623,key-21,1746
1775447655626,key-50,21541
1775447655630,key-28,8298
1775447655630,key-45,8680
1775447655639,key-6,2176
1775447655640,key-42,1798
1775447655641,key-17,7406
1775447655641,key-12,12357
1775447655643,key-15,7360
1775447655646,key-4,3236
1775447655646,key-28,8314
1775447655649,key-3,18954
1775447655650,key-38,6956
1775447655654,key-15,7371
1775447655657,key-15,7374
1775447655657,key-19,1556
1775447655658,key-3,18963
1775447655658,key-26,693
1775447655658,key-3,18963
1775447655659,key-8,5188
1775447655659,key-7,2890
1775447655660,key-12,12376
1775447655660,key-9,2220
1775447655663,key-19,1562
1775447655663,key-3,18968
1775447655663,key-45,8713
1775447655665,key-43,8837
1775447655669,key-4,3259
1775447655671,key-26,706
1775447655672,key-45,8722
1775447655672,key-41,488
1775447655674,key-3,18979
1775447655676,key-34,8865
1775447655680,key-45,8730
1775447655684,key-12,12400
1775447655689,key-3,18994
1775447655690,key-47,1591
1775447655691,key-41,507
1775447655692,key-41,508
1775447655695,key-1,9504
1775447655697,key-5,10857
1775447655699,key-45,8749
1775447655699,key-13,9063
1775447655700,key-12,12416
1775447655701,key-9,2261
1775447655702,key-45,8752
1775447655706,key-4,3296
1775447655707,key-4,3297
1775447655707,key-28,8375
1775447655712,key-32,7177
1775447655719,key-6,2256
1775447655722,key-34,8911
1775447655723,key-4,3313
1775447655723,key-24,1518
1775447655725,key-35,9273
1775447655727,key-29,6752
1775447655734,key-32,7199
1775447655734,key-28,8402
1775447655738,key-41,554
1775447655738,key-2,6580
1775447655740,key-12,12456
1775447655741,key-2,6583
1775447655741,key-43,8913
1775447655742,key-45,8792
1775447655750,key-3,19055
1775447655751,key-26,786
1775447655751,key-41,567
1775447655751,key-13,9115
1775447655758,key-29,6783
1775447655763,key-41,579
1775447655764,key-50,21679
1775447655770,key-5,10930
1775447655770,key-50,21685
1775447655771,key-32,7236
1775447655773,key-50,21688
1775447655779,key-22,7482
1775447655779,key-6,2316
1775447655780,key-22,7483
1775447655780,key-46,15016
1775447655783,key-4,3373
1775447655784,key-21,1907
1775447655788,key-28,8456
1775447655793,key-39,583
1775447655794,key-8,5323
1775447655796,key-28,8464
1775447655796,key-8,5325
1775447655796,key-10,17348
1775447655801,key-42,1959
1775447655801,key-8,5330
1775447655801,key-22,7504
1775447655803,key-45,8853
1775447655805,key-4,3395
1775447655809,key-15,7526
1775447655809,key-15,7526
1775447655817,key-13,9181
1775447655818,key-17,7583
1775447655820,key-6,2357
1775447655821,key-4,3411
1775447655821,key-36,10365
1775447655822,key-12,12538
1775447655823,key-4,3413
1775447655825,key-15,7542
1775447655827,key-2,6669
1775447655831,key-13,9195
1775447655832,key-15,7549
1775447655835,key-3,19140
1775447655835,key-4,3425
1775447655836,key-4,3426
1775447655836,key-45,8886
1775447655839,key-21,1962
1775447655839,key-34,9028
1775447655841,key-3,19146
1775447655843,key-11,953
1775447655844,key-26,879
1775447655845,key-6,2382
1775447655847,key-24,1642
1775447655850,key-4,3440
1775447655853,key-3,19158
1775447655856,key-29,6881
1775447655857,key-28,8525
1775447655857,key-15,7574
1775447655859,key-41,675
1775447655859,key-28,8527
1775447655860,key-46,15096
1775447655867,key-15,7584
1775447655874,key-5,11034
1775447655875,key-45,8925
1775447655876,key-14,1967
1775447655876,key-3,19181
1775447655878,key-1,9687
1775447655880,key-3,19185
1775447655883,key-45,8933
1775447655890,key-4,3480
1775447655892,key-3,19197
1775447655892,key-6,2429
1775447655893,key-41,709
1775447655893,key-13,9257
1775447655894,key-3,19199
1775447655894,key-41,710
1775447655895,key-11,1005
1775447655895,key-9,2455
1775447655896,key-6,2433
1775447655896,key-45,8946
1775447655904,key-41,720
1775447655907,key-4,3497
1775447655908,key-2,6750
1775447655911,key-9,2471
1775447655913,key-12,12629
1775447655913,key-41,729
1775447655917,key-6,2454
1775447655919,key-34,233
1775447655919,key-32,7384
1775447655921,key-29,6946
1775447655923,key-9,2483
1775447655924,key-4,3514
1775447655925,key-28,8593
1775447655928,key-3,19233
1775447655930,key-41,746
1775447655931,key-41,747
1775447655932,key-26,967
1775447655932,key-28,8600
1775447655932,key-41,748
1775447655933,key-41,749
1775447655934,key-41,750
1775447655937,key-38,7243
1775447655940,key-32,7405
1775447655949,key-22,7652
1775447655950,key-21,2073
1775447655950,key-26,985
1775447655951,key-5,11111
1775447655955,key-50,21870
1775447655958,key-46,15194
1775447655963,key-42,2121
1775447655963,key-22,7666
1775447655965,key-22,7668
1775447655967,key-15,7684
1775447655972,key-32,7437
1775447655974,key-15,7691
1775447655975,key-15,7692
1775447655975,key-22,7678
1775447655976,key-42,2134
1775447655976,key-1,9785
1775447655976,key-6,2513
1775447655982,key-42,2140
1775447655985,key-15,7702
1775447655992,key-15,7709
1775447655993,key-4,3583
1775447655994,key-45,9044
1775447656002,key-6,2539
1775447656003,key-34,317
1775447656003,key-2,6845
1775447656012,key-29,7037
1775447656013,key-10,17565
1775447656014,key-29,7039
1775447656020,key-3,19325
1775447656020,key-36,10564
1775447656021,key-23,9107
1775447656021,key-3,19326
1775447656028,key-37,923
1775447656031,key-6,2568
1775447656032,key-29,7057
1775447656035,key-45,9085
1775447656038,key-23,9124
1775447656039,key-22,7742
1775447656041,key-45,9091
1775447656042,key-41,858
1775447656044,key-9,2604
1775447656048,key-3,19353
1775447656050,key-4,3640
1775447656053,key-6,2590
1775447656054,key-3,19359
1775447656055,key-13,9419
1775447656056,key-6,2593
1775447656058,key-4,3648
1775447656058,key-18,15742
1775447656064,key-41,880
1775447656066,key-38,7372
1775447656067,key-3,19372
1775447656072,key-6,2609
1775447656075,key-4,3665
1775447656076,key-6,2613
1775447656077,key-45,9127
1775447656078,key-43,9250
1775447656078,key-2,6920
1775447656081,key-21,2204
1775447656081,key-4,3671
1775447656083,key-47,1984
1775447656099,key-13,9463
1775447656100,key-3,19405
1775447656103,key-32,7568
1775447656103,key-41,919
1775447656104,key-9,2664
1775447656104,key-41,920
1775447656104,key-32,7569
1775447656104,key-29,7129
1775447656104,key-41,920
1775447656104,key-41,920
1775447656105,key-3,19410
1775447656105,key-43,179
1775447656105,key-6,2642
1775447656105,key-41,921
1775447656108,key-18,15792
1775447656116,key-26,1151
1775447656117,key-41,933
1775447656117,key-50,22032
1775447656118,key-50,22033
1775447656119,key-14,2210
1775447656123,key-4,3713
1775447656123,key-21,2246
1775447656127,key-34,441
1775447656127,key-10,17679
1775447656128,key-47,2029
1775447656128,key-32,7593
1775447656128,key-41,944
1775447656140,key-41,956
1775447656141,key-1,9950
1775447656142,key-1,9951
1775447656145,key-29,7170
1775447656147,key-22,7850
1775447656148,key-22,7851
1775447656150,key-29,7175
1775447656154,key-22,7857
1775447656154,key-2,6996
1775447656157,key-15,7874
1775447656160,key-4,3750
1775447656160,key-15,7877
1775447656161,key-45,9211
1775447656162,key-5,11322
1775447656168,key-9,2728
1775447656169,key-50,22084
1775447656170,key-22,7873
1775447656170,key-6,2707
1775447656170,key-15,7887
1775447656170,key-42,2328
1775447656174,key-42,2332
1775447656180,key-4,3770
1775447656180,key-23,9266
1775447656180,key-22,7883
1775447656181,key-42,2339
1775447656181,key-3,19486
1775447656190,key-37,1085
1775447656194,key-42,2352
1775447656198,key-22,7901
1775447656200,key-23,9286
1775447656201,key-37,1096
1775447656209,key-42,2367
1775447656211,key-46,15447
1775447656212,key-22,7915
1775447656213,key-3,19518
1775447656213,key-6,2750
1775447656213,key-22,7916
1775447656218,key-3,19523
1775447656218,key-15,7935
1775447656222,key-23,9308
1775447656223,key-3,19528
1775447656223,key-4,3813
1775447656226,key-18,15910
1775447656230,key-8,5759
1775447656232,key-17,7997
1775447656234,key-4,3824
1775447656234,key-35,9782
1775447656236,key-8,5765
1775447656240,key-21,2363
1775447656243,key-3,19548
1775447656245,key-9,2805
1775447656248,key-22,7951
1775447656248,key-9,2808
1775447656261,key-9,2821
1775447656261,key-13,9625
1775447656262,key-38,7568
1775447656263,key-29,7288
1775447656263,key-3,19568
1775447656263,key-36,10807
1775447656265,key-43,339
1775447656272,key-41,1088
1775447656273,key-40,10663
1775447656274,key-43,348
1775447656276,key-43,350
1775447656276,key-13,9640
1775447656279,key-21,2402
1775447656282,key-41,1098
1775447656283,key-29,7308
1775447656284,key-7,3515
1775447656287,key-36,10831
1775447656289,key-3,19594
1775447656290,key-47,2191
1775447656296,key-41,1112
1775447656298,key-18,15982
1775447656299,key-10,17851
1775447656299,key-1,10108
1775447656299,key-1,10108
1775447656300,key-22,8003
1775447656301,key-50,22216
1775447656302,key-29,7327
1775447656303,key-21,2426
1775447656303,key-12,13019
1775447656303,key-41,1119
1775447656310,key-22,8013
1775447656311,key-36,10855
1775447656312,key-6,2849
1775447656313,key-6,2850
1775447656314,key-3,19619
1775447656315,key-32,7780
1775447656315,key-18,15999
1775447656317,key-2,7159
1775447656318,key-21,2441
1775447656324,key-9,2884
1775447656326,key-22,8029
1775447656326,key-9,2886
1775447656330,key-15,8047
1775447656331,key-22,8034
1775447656333,key-22,8036
1775447656343,key-15,8060
1775447656346,key-43,420
1775447656346,key-22,8049
1775447656346,key-23,9432
1775447656347,key-22,8050
1775447656361,key-4,3951
1775447656361,key-22,8064
1775447656362,key-15,8079
1775447656362,key-42,2520
1775447656362,key-9,2922
1775447656363,key-5,11523
1775447656364,key-1,10173
1775447656364,key-6,2901
1775447656364,key-42,2522
1775447656365,key-47,2266
1775447656368,key-4,3958
1775447656368,key-22,8071
1775447656369,key-42,2527
1775447656375,key-37,1270
1775447656376,key-10,17928
1775447656376,key-22,8079
1775447656377,key-7,3608
1775447656377,key-13,9741
1775447656384,key-50,22299
1775447656388,key-21,2511
1775447656390,key-35,9938
1775447656391,key-8,5920
1775447656394,key-3,19699
1775447656394,key-18,16078
1775447656401,key-22,8104
1775447656404,key-4,3994
1775447656407,key-15,8124
1775447656413,key-8,5942
1775447656413,key-6,2950
1775447656413,key-23,9499
1775447656417,key-18,16101
1775447656417,key-3,19722
1775447656419,key-35,9967
1775447656419,key-4,4009
1775447656426,key-21,2549
1775447656430,key-21,2553
1775447656430,key-15,8147
1775447656435,key-9,2995
1775447656437,key-47,2338
1775447656440,key-21,2563
1775447656441,key-18,16125
1775447656441,key-3,19746
1775447656443,key-29,7468
1775447656446,key-12,13162
1775447656446,key-43,520
1775447656446,key-7,3677
1775447656447,key-22,8150
1775447656448,key-29,7473
1775447656452,key-40,10842
1775447656452,key-9,3012
1775447656456,key-1,10265
1775447656459,key-13,9823
1775447656464,key-22,8167
1775447656468,key-10,18020
1775447656468,key-8,5997
1775447656469,key-42,2627
1775447656470,key-12,13186
1775447656472,key-41,1288
1775447656472,key-5,11632
1775447656482,key-29,7507
1775447656485,key-22,8188
1775447656485,key-9,3045
1775447656487,key-6,3024
1775447656488,key-41,1304
1775447656492,key-21,2615
1775447656498,key-12,13214
1775447656498,key-12,13214
1775447656501,key-4,4091
1775447656501,key-12,13217
1775447656502,key-6,3039
1775447656502,key-22,8205
1775447656510,key-11,1620
1775447656511,key-21,2634
1775447656517,key-22,8220
1775447656518,key-22,8221
1775447656518,key-9,3078
1775447656518,key-2,7360
1775447656519,key-3,19824
1775447656519,key-22,8222
1775447656519,key-29,7544
1775447656520,key-15,8237
1775447656520,key-5,11680
1775447656520,key-22,8223
1775447656520,key-50,22435
1775447656528,key-17,8293
1775447656533,key-4,4123
1775447656539,key-22,8242
1775447656540,key-13,9904
1775447656540,key-5,11700
1775447656540,key-10,18092
1775447656541,key-9,3101
1775447656542,key-22,8245
1775447656542,key-1,10351
1775447656546,key-22,8249
1775447656550,key-42,2708
1775447656551,key-14,2642
1775447656551,key-6,3088
1775447656555,key-13,9919
1775447656558,key-22,8261
1775447656564,key-21,2687
1775447656565,key-5,11725
1775447656566,key-21,2689
1775447656566,key-4,4156
1775447656566,key-36,11110
1775447656568,key-2,7410
1775447656568,key-18,16252
1775447656568,key-15,8285
1775447656569,key-4,4159
1775447656571,key-35,10119
1775447656571,key-9,3131
1775447656573,key-35,10121
1775447656573,key-6,3110
1775447656577,key-18,16261
1775447656577,key-36,11121
1775447656581,key-30,3432
1775447656582,key-42,2740
1775447656583,key-22,8286
1775447656585,key-24,2380
1775447656589,key-21,2712
1775447656589,key-11,1699
1775447656589,key-3,19894
1775447656595,key-3,19900
1775447656606,key-34,920
1775447656608,key-46,15844
1775447656608,key-40,10998
1775447656608,key-6,3145
1775447656608,key-9,3168
1775447656609,key-14,2700
1775447656610,key-18,16294
1775447656612,key-36,11156
1775447656612,key-9,3172
1775447656614,key-9,3174
1775447656618,key-43,692
1775447656619,key-50,22534
1775447656624,key-13,9988
1775447656624,key-47,2525
1775447656643,key-9,3203
1775447656645,key-42,2803
1775447656645,key-5,11805
1775447656646,key-41,1462
1775447656649,key-21,2772
1775447656650,key-40,11040
1775447656653,key-41,1469
1775447656655,key-5,11815
1775447656655,key-10,18207
1775447656656,key-47,2557
1775447656657,key-40,11047
1775447656667,key-12,13383
1775447656667,key-8,6196
1775447656670,key-22,8373
1775447656670,key-9,3230
1775447656671,key-41,1487
1775447656673,key-9,3233
1775447656675,key-2,7517
1775447656675,key-1,10484
1775447656680,key-5,11840
1775447656684,key-5,11844
1775447656687,key-22,8390
1775447656688,key-21,2811
1775447656693,key-35,10241
1775447656695,key-22,8398
1775447656696,key-43,770
1775447656697,key-43,771
1775447656697,key-12,13413
1775447656697,key-11,1807
1775447656697,key-18,16381
1775447656698,key-12,13414
1775447656700,key-5,11860
1775447656701,key-15,8418
1775447656703,key-1,10512
1775447656703,key-28,9371
1775447656708,key-30,3559
1775447656719,key-4,4309
1775447656720,key-15,8437
1775447656720,key-15,8437
1775447656721,key-10,18273
1775447656721,key-6,3258
1775447656721,key-6,3258
1775447656721,key-23,9807
1775447656723,key-22,8426
1775447656723,key-6,3260
1775447656734,key-2,7576
1775447656735,key-36,11279
1775447656737,key-36,11281
1775447656739,key-13,10103
1775447656740,key-35,10288
1775447656740,key-11,1850
1775447656740,key-35,10288
1775447656742,key-9,3302
1775447656742,key-5,11902
1775447656743,key-8,6272
1775447656746,key-21,2869
1775447656747,key-35,10295
1775447656748,key-1,10557
1775447656750,key-3,20055
1775447656750,key-4,4340
1775447656750,key-7,3981
1775447656758,key-32,8223
1775447656759,key-4,4349
1775447656759,key-17,8524
1775447656759,key-6,3296
1775447656762,key-36,11306
1775447656764,key-47,2665
1775447656764,key-9,3324
1775447656765,key-46,16001
1775447656766,key-43,840
1775447656767,key-9,3327
1775447656769,key-13,10133
1775447656783,key-46,16019
1775447656784,key-46,16020
1775447656788,key-40,11178
1775447656790,key-22,8493
1775447656798,key-2,7640
1775447656798,key-24,2593
1775447656802,key-38,337
1775447656807,key-16,12951
1775447656809,key-43,883
1775447656810,key-5,11970
1775447656817,key-14,2908
1775447656818,key-14,2909
1775447656823,key-12,13539
1775447656823,key-18,16507
1775447656825,key-21,2948
1775447656825,key-35,10373
1775447656825,key-9,3385
1775447656828,key-11,1938
1775447656828,key-47,2729
1775447656829,key-41,1645
1775447656833,key-21,2956
1775447656833,key-6,3370
1775447656835,key-14,2926
1775447656838,key-10,18390
1775447656838,key-2,7680
1775447656842,key-42,3000
1775447656843,key-36,11387
1775447656843,key-41,1659
1775447656851,key-3,20156
1775447656853,key-11,1963
1775447656854,key-1,10663
1775447656854,key-9,3414
1775447656854,key-5,12014
1775447656857,key-5,12017
1775447656860,key-43,934
1775447656862,key-2,7704
1775447656863,key-21,2986
1775447656866,key-2,7708
1775447656872,key-2,7714
1775447656872,key-14,2963
1775447656873,key-11,1983
1775447656873,key-14,2964
1775447656877,key-10,18429
1775447656880,key-28,9548
1775447656881,key-18,16565
1775447656882,key-4,4472
1775447656886,key-28,9554
1775447656890,key-40,11280
1775447656892,key-36,11436
1775447656893,key-22,8596
1775447656894,key-7,4125
1775447656898,key-46,16134
1775447656900,key-6,3437
1775447656900,key-23,9986
1775447656901,key-41,188
1775447656903,key-41,1719
1775447656903,key-12,13619
1775447656904,key-2,7746
1775447656906,key-18,16590
1775447656908,key-9,3468
1775447656911,key-35,10459
1775447656913,key-5,12073
1775447656914,key-13,10278
1775447656914,key-4,4504
1775447656916,key-18,16600
1775447656916,key-11,2026
1775447656920,key-3,20225
1775447656920,key-4,4510
1775447656922,key-5,12082
1775447656925,key-46,16161
1775447656926,key-3,20231
1775447656932,key-6,3469
1775447656935,key-7,4166
1775447656937,key-42,3095
1775447656937,key-46,16173
1775447656937,key-23,10023
1775447656942,key-6,3479
1775447656943,key-37,1838
1775447656944,key-46,16180
1775447656948,key-40,11338
1775447656949,key-24,2744
1775447656949,key-15,8666
1775447656956,key-9,3516
1775447656956,key-7,4187
1775447656958,key-4,4548
1775447656962,key-42,3120
1775447656962,key-7,4193
1775447656962,key-46,16198
1775447656965,key-46,16201
1775447656966,key-4,4556
1775447656966,key-1,10775
1775447656967,key-8,6496
1775447656967,key-46,16203
1775447656968,key-46,16204
1775447656969,key-43,1043
1775447656973,key-6,3510
1775447656981,key-16,13125
1775447656988,key-41,275
1775447656988,key-45,10038
1775447656994,key-2,7836
1775447656995,key-50,22910
1775447656996,key-14,3087
1775447657000,key-43,1074
1775447657000,key-47,2901
1775447657004,key-1,10813
1775447657005,key-21,3128
1775447657006,key-21,3129
1775447657010,key-28,9678
1775447657017,key-35,10565
1775447657017,key-5,12177
1775447657017,key-47,2918
1775447657020,key-41,307
1775447657024,key-2,7866
1775447657026,key-43,1100
1775447657029,key-3,20334
1775447657031,key-2,7873
1775447657034,key-18,16718
1775447657035,key-10,18587
1775447657039,key-34,1353
1775447657040,key-2,7882
1775447657048,key-18,16732
1775447657051,key-9,3611
1775447657055,key-1,10864
1775447657055,key-35,10603
1775447657055,key-36,11599
1775447657055,key-11,2165
1775447657057,key-21,3180
1775447657057,key-2,7899
1775447657059,key-4,4649
1775447657059,key-34,1373
1775447657062,key-41,349
1775447657063,key-17,8828
1775447657068,key-4,4658
1775447657070,key-11,2180
1775447657071,key-23,10157
1775447657072,key-43,1146
1775447657079,key-12,13795
1775447657079,key-21,3202
1775447657082,key-41,369
1775447657091,key-28,9759
1775447657092,key-23,10178
1775447657092,key-23,10178
1775447657093,key-40,11483
1775447657093,key-23,10179
1775447657096,key-46,16332
1775447657099,key-18,16783
1775447657111,key-46,16347
1775447657112,key-3,20417
1775447657112,key-4,4702
1775447657112,key-5,12272
1775447657113,key-34,1427
1775447657113,key-3,20418
1775447657114,key-18,16798
1775447657115,key-24,2910
1775447657115,key-11,2225
1775447657119,key-9,3679
1775447657119,key-4,4709
1775447657120,key-4,4710
1775447657122,key-1,10931
1775447657122,key-41,409
1775447657123,key-18,157
1775447657123,key-22,8826
1775447657123,key-18,16807
1775447657124,key-18,158
1775447657127,key-46,16363
1775447657131,key-22,8834
1775447657133,key-12,13849
1775447657133,key-46,16369
1775447657136,key-4,4726
1775447657136,key-40,11526
1775447657137,key-46,16373
1775447657141,key-22,8844
1775447657141,key-9,3701
1775447657145,key-16,13289
1775447657145,key-8,6674
1775447657147,key-8,6676
1775447657150,key-7,4381
1775447657150,key-46,16386
1775447657150,key-4,4740
1775447657161,key-46,16397
1775447657167,key-12,13883
1775447657168,key-28,9836
1775447657169,key-1,10978
1775447657170,key-18,204
1775447657171,key-28,9839
1775447657174,key-46,16410
1775447657183,key-1,10992
1775447657188,key-1,10997
1775447657189,key-46,16425
1775447657190,key-5,12350
1775447657190,key-18,224
1775447657191,key-5,12351
1775447657191,key-24,2986
1775447657192,key-21,3315
1775447657193,key-5,12353
1775447657194,key-46,16430
1775447657195,key-21,3318
1775447657197,key-18,231
1775447657201,key-14,3292
1775447657204,key-3,20509
1775447657204,key-11,2314
1775447657205,key-35,10753
1775447657209,key-35,10757
1775447657213,key-45,10263
1775447657217,key-18,251
1775447657218,key-2,8060
1775447657219,key-9,3779
1775447657220,key-35,10768
1775447657225,key-10,18777
1775447657227,key-43,1301
1775447657231,key-1,11040
1775447657238,key-21,3361
1775447657238,key-23,10324
1775447657238,key-48,163
1775447657245,key-40,11635
1775447657246,key-10,18798
1775447657247,key-43,1321
1775447657254,key-34,1568
1775447657254,key-14,3345
1775447657255,key-41,542
1775447657255,key-11,2365
1775447657262,key-43,1336
1775447657269,key-1,11078
1775447657269,key-40,11659
1775447657269,key-21,3392
1775447657272,key-18,306
1775447657273,key-12,13989
1775447657274,key-3,20579
1775447657275,key-29,8300
1775447657275,key-3,20580
1775447657276,key-4,4866
1775447657278,key-4,4868
1775447657278,key-3,20583
1775447657280,key-30,4131
1775447657284,key-11,2394
1775447657284,key-29,8309
1775447657286,key-2,8128
1775447657294,key-4,4884
1775447657295,key-1,11104
1775447657296,key-41,583
1775447657298,key-22,9001
1775447657299,key-40,11689
1775447657299,key-4,4889
1775447657301,key-46,16537
1775447657304,key-41,591
1775447657305,key-21,3428
1775447657305,key-13,10669
1775447657305,key-16,13449
1775447657306,key-12,14022
1775447657306,key-4,4896
1775447657306,key-22,9009
1775447657306,key-7,4537
1775447657313,key-18,347
1775447657313,key-28,9981
1775447657314,key-18,348
1775447657314,key-22,9017
1775447657318,key-14,3409
1775447657320,key-3,20625
1775447657321,key-4,4911
1775447657322,key-12,14038
1775447657326,key-42,3484
1775447657326,key-8,6855
1775447657326,key-8,6855
1775447657327,key-40,11717
1775447657330,key-8,6859
1775447657330,key-1,11139
1775447657332,key-28,10000
1775447657335,key-46,16571
1775447657337,key-46,16573
1775447657343,key-36,11887
1775447657348,key-11,2458
1775447657350,key-5,12510
1775447657350,key-46,16586
1775447657353,key-40,11743
1775447657358,key-21,3481
1775447657362,key-35,10910
1775447657367,key-6,3904
1775447657368,key-6,3905
1775447657369,key-21,3492
1775447657376,key-40,11766
1775447657377,key-34,1691
1775447657378,key-21,3501
1775447657378,key-4,4968
1775447657379,key-21,3502
1775447657379,key-35,10927
1775447657381,key-18,415
1775447657381,key-35,10929
1775447657383,key-18,417
1775447657387,key-24,3182
1775447657388,key-14,3479
1775447657388,key-10,18940
1775447657388,key-35,10936
1775447657391,key-3,20696
1775447657391,key-2,8233
1775447657396,key-23,10482
1775447657399,key-28,10067
1775447657408,key-35,10956
1775447657408,key-6,3945
1775447657409,key-35,10957
1775447657409,key-18,443
1775447657413,key-12,14129
1775447657420,key-39,2210
1775447657420,key-41,707
1775447657421,key-11,2531
1775447657422,key-2,8264
1775447657422,key-35,10970
1775447657424,key-37,2319
1775447657425,key-18,459
1775447657437,key-29,8462
1775447657438,key-40,11828
1775447657439,key-21,3562
1775447657440,key-3,20745
1775447657443,key-28,10111
1775447657445,key-9,4005
1775447657452,key-4,5042
1775447657453,key-3,20758
1775447657453,key-30,4304
1775447657455,key-3,20760
1775447657457,key-3,20762
1775447657458,key-23,10544
1775447657464,key-50,23379
1775447657465,key-17,9230
1775447657467,key-46,16703
1775447657468,key-22,9171
1775447657469,key-13,10833
1775447657469,key-3,20774
1775447657472,key-16,13616
1775447657475,key-4,5065
1775447657477,key-41,764
1775447657477,key-23,10563
1775447657477,key-12,14193
1775447657479,key-4,5069
1775447657482,key-18,516
1775447657482,key-35,11030
1775447657485,key-14,3576
1775447657486,key-3,20791
1775447657489,key-48,414
1775447657491,key-8,7020
1775447657491,key-46,16727
1775447657491,key-14,3582
1775447657492,key-22,9195
1775447657492,key-13,10856
1775447657500,key-7,4731
1775447657501,key-19,3400
1775447657507,key-3,20812
1775447657508,key-29,8533
1775447657509,key-12,14225
1775447657509,key-4,5099
1775447657509,key-46,16745
1775447657513,key-36,372
1775447657514,key-36,373
1775447657517,key-13,10881
1775447657517,key-22,9220
1775447657521,key-40,11911
1775447657523,key-46,16759
1775447657526,key-40,11916
1775447657526,key-12,14242
1775447657532,key-40,11922
1775447657532,key-46,16768
1775447657532,key-21,3655
1775447657533,key-21,3656
1775447657533,key-2,8375
1775447657534,key-21,3657
1775447657537,key-16,13681
1775447657542,key-14,3633
1775447657542,key-4,5132
1775447657543,key-24,3338
1775447657550,key-28,10218
1775447657551,key-4,5141
1775447657553,key-40,11943
1775447657554,key-46,16790
1775447657554,key-4,5144
1775447657554,key-3,20859
1775447657555,key-12,14271
1775447657563,key-14,3654
1775447657564,key-4,5154
1775447657565,key-40,11955
1775447657565,key-2,8407
1775447657566,key-4,5156
1775447657566,key-4,5156
1775447657569,key-21,3692
1775447657573,key-4,5163
1775447657579,key-3,20884
1775447657580,key-3,20885
1775447657580,key-28,10248
1775447657582,key-35,11130
1775447657583,key-35,11131
1775447657588,key-14,3679
1775447657593,key-18,627
1775447657596,key-11,2706
1775447657603,key-11,2713
1775447657605,key-41,892
1775447657613,key-27,244
1775447657615,key-23,10701
1775447657621,key-2,8463
1775447657622,key-18,656
1775447657624,key-40,12014
1775447657625,key-9,4185
1775447657630,key-28,10298
1775447657633,key-3,20938
1775447657634,key-3,20939
1775447657634,key-41,921
1775447657635,key-3,20940
1775447657635,key-2,8477
1775447657635,key-9,4195
1775447657636,key-2,8478
1775447657636,key-46,16872
1775447657636,key-28,10304
1775447657636,key-35,11184
1775447657642,key-50,23557
1775447657643,key-14,3734
1775447657644,key-14,3735
1775447657646,key-18,680
1775447657648,key-4,5238
1775447657653,key-3,20958
1775447657654,key-1,11463
1775447657655,key-23,10741
1775447657655,key-47,3556
1775447657656,key-14,3747
1775447657656,key-3,20961
1775447657657,key-41,944
1775447657657,key-32,9122
1775447657657,key-22,9360
1775447657664,key-38,1199
1775447657665,key-18,699
1775447657667,key-8,7196
1775447657668,key-48,593
1775447657670,key-12,14386
1775447657670,key-3,20975
1775447657671,key-46,16907
1775447657671,key-12,14387
1775447657672,key-32,9137
1775447657676,key-22,9379
1775447657677,key-36,536
1775447657681,key-29,8706
1775447657684,key-30,4535
1775447657686,key-46,16922
1775447657686,key-22,9389
1775447657686,key-29,8711
1775447657688,key-12,14404
1775447657689,key-13,11053
1775447657690,key-40,12080
1775447657695,key-23,10781
1775447657698,key-21,3821
1775447657698,key-46,16934
1775447657709,key-38,1244
1775447657709,key-26,2744
1775447657710,key-4,5300
1775447657711,key-36,570
1775447657712,key-4,5302
1775447657712,key-7,4943
1775447657712,key-36,571
1775447657720,key-36,579
1775447657720,key-14,3811
1775447657723,key-4,5313
1775447657724,key-3,21029
1775447657729,key-7,4960
1775447657733,key-12,14449
1775447657734,key-19,3633
1775447657735,key-12,14451
1775447657736,key-2,202
1775447657736,key-4,5326
1775447657736,key-8,7265
1775447657736,key-4,5326
1775447657737,key-30,4588
1775447657737,key-16,13881
1775447657737,key-21,3860
1775447657737,key-4,5327
1775447657738,key-4,5328
1775447657739,key-48,664
1775447657740,key-3,21045
1775447657744,key-46,16980
1775447657748,key-3,21053
1775447657749,key-4,5339
1775447657749,key-4,5339
1775447657759,key-18,793
1775447657760,key-11,2870
1775447657767,key-35,11315
1775447657769,key-46,17005
1775447657772,key-22,9475
1775447657774,key-3,21079
1775447657777,key-4,5367
1775447657778,key-3,21083
1775447657781,key-41,1068
1775447657784,key-28,10452
1775447657790,key-21,3913
1775447657790,key-41,1077
1775447657799,key-4,5389
1775447657801,key-35,11349
1775447657806,key-40,12196
1775447657807,key-2,273
1775447657808,key-41,1095
1775447657810,key-9,4370
1775447657811,key-35,11359
1775447657812,key-18,846
1775447657815,key-23,10901
1775447657826,key-7,5057
1775447657829,key-3,21134
1775447657830,key-47,3731
1775447657832,key-47,3733
1775447657832,key-3,21137
1775447657833,key-8,7362
1775447657835,key-8,7364
1775447657836,key-8,7365
1775447657837,key-48,762
1775447657840,key-18,874
1775447657841,key-8,7370
1775447657842,key-23,10928
1775447657845,key-18,879
1775447657846,key-36,705
1775447657846,key-32,9311
1775447657847,key-30,4698
1775447657852,key-34,2166
1775447657853,key-8,7382
1775447657858,key-2,324
1775447657867,key-19,3766
1775447657868,key-1,11677
1775447657868,key-36,727
1775447657869,key-46,17105
1775447657870,key-5,13030
1775447657870,key-37,2765
1775447657870,key-43,1944
1775447657872,key-23,10958
1775447657878,key-46,17114
1775447657880,key-4,5470
1775447657890,key-17,9655
1775447657892,key-37,2787
1775447657894,key-36,753
1775447657897,key-29,8922
1775447657898,key-12,14614
1775447657899,key-38,1434
1775447657903,key-1,11712
1775447657904,key-12,14620
1775447657904,key-43,1978
1775447657908,key-35,11456
1775447657909,key-47,3810
1775447657909,key-4,5499
1775447657909,key-16,14053
1775447657913,key-12,14629
1775447657913,key-7,5144
1775447657916,key-36,775
1775447657916,key-4,5506
1775447657917,key-32,9382
1775447657920,key-46,17156
1775447657921,key-4,5511
1775447657922,key-4,5512
1775447657923,key-3,21228
1775447657924,key-5,13084
1775447657924,key-3,21229
1775447657927,key-4,5517
1775447657929,key-38,1464
1775447657931,key-36,790
1775447657934,key-4,5524
1775447657936,key-7,5167
1775447657941,key-3,21246
1775447657941,key-45,10991
1775447657942,key-41,1229
1775447657942,key-19,3841
1775447657945,key-16,14089
1775447657948,key-21,4071
1775447657953,key-22,266
1775447657954,key-48,879
1775447657960,key-46,17196
1775447657960,key-43,2034
1775447657961,key-4,5551
1775447657961,key-46,17197
1775447657961,key-41,1248
1775447657963,key-16,14107
1775447657963,key-35,11511
1775447657968,key-19,3867
1775447657968,key-21,161
1775447657971,key-18,1005
1775447657973,key-41,1260
1775447657981,key-21,4104
1775447657982,key-21,175
1775447657984,key-3,21289
1775447657984,key-22,297
1775447657985,key-21,178
1775447657985,key-4,5575
1775447657985,key-3,21290
1775447657986,key-4,5576
1775447657988,key-47,3889
1775447658000,key-1,11809
1775447658000,key-18,1034
1775447658001,key-23,11087
1775447658007,key-18,1041
1775447658008,key-48,933
1775447658016,key-18,1050
1775447658017,key-8,7546
1775447658018,key-8,7547
1775447658022,key-35,11570
1775447658023,key-47,3924
1775447658024,key-7,5255
1775447658026,key-43,2100
1775447658027,key-18,1061
1775447658027,key-35,11575
1775447658027,key-36,886
1775447658028,key-2,494
1775447658028,key-43,2102
1775447658029,key-19,3928
1775447658029,key-1,11838
1775447658033,key-23,11119
1775447658035,key-34,2349
1775447658051,key-5,13211
1775447658051,key-14,4142
1775447658051,key-1,11860
1775447658055,key-43,2129
1775447658056,key-4,5646
1775447658058,key-23,11144
1775447658058,key-19,3957
1775447658058,key-43,2132
1775447658059,key-37,2954
1775447658066,key-1,11875
1775447658068,key-1,11877
1775447658069,key-12,14784
1775447658075,key-8,7604
1775447658079,key-40,12469
1775447658080,key-19,3979
1775447658081,key-12,14797
1775447658081,key-43,2155
1775447658082,key-21,275
1775447658084,key-4,5674
1775447658086,key-2,552
1775447658088,key-3,21393
1775447658090,key-4,5680
1775447658090,key-32,9555
1775447658091,key-38,1626
1775447658103,key-35,11651
1775447658103,key-38,1638
1775447658104,key-32,9569
1775447658105,key-5,13265
1775447658105,key-3,21410
1775447658105,key-19,4004
1775447658106,key-3,21411
1775447658106,key-12,14822
1775447658109,key-7,5340
1775447658109,key-46,17345
1775447658110,key-4,5700
1775447658117,key-16,14261
1775447658118,key-3,21423
1775447658118,key-46,17354
1775447658120,key-14,4211
1775447658122,key-41,1409
1775447658123,key-21,316
1775447658123,key-43,2197
1775447658126,key-35,11674
1775447658126,key-35,11674
1775447658131,key-3,21436
1775447658131,key-4,5721
1775447658132,key-43,2206
1775447658135,key-46,17371
1775447658142,key-46,17378
1775447658144,key-50,24059
1775447658145,key-42,4303
1775447658152,key-43,2226
1775447658152,key-47,4053
1775447658153,key-39,2943
1775447658156,key-7,5387
1775447658157,key-16,14301
1775447658158,key-3,21463
1775447658159,key-12,14875
1775447658159,key-47,4060
1775447658160,key-46,17396
1775447658164,key-36,1023
1775447658171,key-21,364
1775447658172,key-1,11981
1775447658174,key-41,1461
1775447658174,key-6,4711
1775447658174,key-38,1709
1775447658184,key-7,5415
1775447658185,key-42,4343
1775447658186,key-8,7715
1775447658187,key-4,5777
1775447658187,key-2,653
1775447658187,key-14,4278
1775447658189,key-35,11737
1775447658191,key-45,11241
1775447658201,key-21,394
1775447658203,key-46,17439
1775447658207,key-1,12016
1775447658208,key-50,24123
1775447658208,key-43,2282
1775447658209,key-18,1243
1775447658209,key-7,5440
1775447658209,key-48,1134
1775447658209,key-43,2283
1775447658210,key-46,17446
1775447658210,key-35,11758
1775447658211,key-47,4112
1775447658211,key-18,1245
1775447658211,key-43,2285
1775447658213,key-1,12022
1775447658215,key-1,12024
1775447658222,key-43,2296
1775447658222,key-43,2296
1775447658222,key-41,1509
1775447658223,key-18,1257
1775447658229,key-12,14945
1775447658230,key-1,12039
1775447658235,key-18,1269
1775447658235,key-47,4136
1775447658236,key-43,2310
1775447658236,key-35,167
1775447658240,key-43,2314
1775447658248,key-43,2322
1775447658248,key-3,21553
1775447658250,key-19,4149
1775447658257,key-12,14973
1775447658257,key-1,12066
1775447658258,key-7,5489
1775447658258,key-14,4349
1775447658258,key-4,5848
1775447658260,key-21,453
1775447658261,key-40,12651
1775447658263,key-38,1798
1775447658270,key-21,463
1775447658270,key-38,1805
1775447658273,key-11,3383
1775447658274,key-43,2348
1775447658274,key-15,9991
1775447658277,key-16,14421
1775447658278,key-3,21583
1775447658278,key-38,1813
1775447658284,key-4,5874
1775447658285,key-37,3180
1775447658287,key-4,5877
1775447658288,key-8,7817
1775447658290,key-35,221
1775447658294,key-12,15010
1775447658298,key-43,2372
1775447658299,key-16,14443
1775447658300,key-43,2374
1775447658300,key-8,7829
1775447658305,key-14,4396
1775447658307,key-46,17543
1775447658308,key-41,1595
1775447658308,key-4,5898
1775447658311,key-2,777
1775447658317,key-3,21622
1775447658317,key-4,5907
1775447658319,key-47,4220
1775447658321,key-50,24236
1775447658323,key-3,21628
1775447658325,key-7,5556
1775447658328,key-9,4888
1775447658331,key-18,1365
1775447658331,key-46,17567
1775447658343,key-1,12152
1775447658344,key-4,5934
1775447658345,key-16,14489
1775447658345,key-36,1204
1775447658346,key-7,5577
1775447658346,key-46,17582
1775447658350,key-3,21655
1775447658350,key-6,4887
1775447658355,key-8,7884
1775447658356,key-42,4514
1775447658358,key-12,15074
1775447658359,key-37,3254
1775447658359,key-23,11445
1775447658359,key-3,21664
1775447658367,key-5,206
1775447658369,key-35,300
1775447658370,key-2,836
1775447658376,key-45,11426
1775447658376,key-1,12185
1775447658384,key-41,1671
1775447658386,key-48,1311
1775447658387,key-43,2461
1775447658388,key-43,2462
1775447658389,key-47,4290
1775447658389,key-12,15105
1775447658390,key-43,2464
1775447658401,key-46,17637
1775447658401,key-42,4559
1775447658402,key-28,11070
1775447658402,key-7,5633
1775447658402,key-43,2476
1775447658402,key-18,1436
1775447658403,key-43,2477
1775447658403,key-18,1437
1775447658403,key-2,869
1775447658404,key-18,1438
1775447658406,key-45,11456
1775447658406,key-33,194
1775447658409,key-8,7938
1775447658417,key-18,1451
1775447658418,key-43,2492
1775447658422,key-18,1456
1775447658424,key-46,17660
1775447658427,key-48,1352
1775447658427,key-43,2501
1775447658429,key-29,9454
1775447658429,key-38,1964
1775447658432,key-18,1466
1775447658434,key-43,2508
1775447658435,key-7,5666
1775447658436,key-33,224
1775447658441,key-16,14585
1775447658441,key-37,3336
1775447658445,key-15,10162
1775447658448,key-40,12838
1775447658449,key-12,15165
1775447658454,key-36,1313
1775447658455,key-4,6045
1775447658455,key-43,2529
1775447658455,key-32,9920
1775447658455,key-28,11123
1775447658457,key-4,6047
1775447658461,key-11,3571
1775447658468,key-12,15184
1775447658470,key-12,15186
1775447658470,key-18,1504
1775447658470,key-14,4561
1775447658475,key-4,6065
1775447658475,key-43,2549
1775447658476,key-16,14620
1775447658476,key-7,5707
1775447658476,key-8,8005
1775447658476,key-3,21781
1775447658476,key-21,669
1775447658478,key-3,21783
1775447658478,key-7,5709
1775447658480,key-2,946
1775447658483,key-1,12292
1775447658484,key-3,21789
1775447658488,key-7,5719
1775447658491,key-9,5051
1775447658491,key-22,804
1775447658492,key-18,1526
1775447658500,key-46,17736
1775447658501,key-30,5352
1775447658502,key-27,1133
1775447658502,key-3,21807
1775447658502,key-7,5733
1775447658503,key-18,1537
1775447658503,key-47,4404
1775447658503,key-4,6093
1775447658505,key-3,21810
1775447658512,key-8,8041
1775447658513,key-36,1372
1775447658517,key-46,17753
1775447658519,key-19,4418
1775447658525,key-50,24440
1775447658526,key-12,15242
1775447658526,key-46,17762
1775447658527,key-46,17763
1775447658529,key-46,17765
1775447658531,key-45,11581
1775447658537,key-42,4695
1775447658542,key-36,1401
1775447658544,key-34,2858
1775447658544,key-9,5104
1775447658545,key-1,12354
1775447658551,key-48,1476
1775447658552,key-37,3447
1775447658557,key-42,4715
1775447658558,key-47,4459
1775447658561,key-28,11229
1775447658565,key-7,5796
1775447658566,key-46,17802
1775447658568,key-18,1602
1775447658571,key-43,2645
1775447658572,key-23,11658
1775447658576,key-9,5136
1775447658577,key-43,2651
1775447658578,key-7,5809
1775447658581,key-28,11249
1775447658583,key-7,5814
1775447658591,key-18,1625
1775447658591,key-43,2665
1775447658592,key-33,380
1775447658592,key-1,12401
1775447658592,key-7,5823
1775447658595,key-33,383
1775447658596,key-18,1630
1775447658598,key-43,2672
1775447658602,key-18,1636
1775447658602,key-29,9627
1775447658603,key-33,391
1775447658603,key-47,4504
1775447658604,key-19,4503
1775447658608,key-7,5839
1775447658609,key-29,9634
1775447658610,key-47,4511
1775447658610,key-22,923
1775447658620,key-4,6210
1775447658623,key-18,1657
1775447658624,key-2,1090
1775447658624,key-30,5475
1775447658625,key-43,2699
1775447658626,key-37,3521
1775447658627,key-12,15343
1775447658627,key-48,1552
1775447658628,key-8,8157
1775447658629,key-43,2703
1775447658638,key-30,5489
1775447658639,key-18,1673
1775447658643,key-43,2717
1775447658646,key-28,11314
1775447658648,key-12,15364
1775447658650,key-3,21955
1775447658650,key-43,2724
1775447658653,key-38,2188
1775447658654,key-18,1688
1775447658655,key-7,5886
1775447658657,key-22,970
1775447658657,key-4,6247
1775447658659,key-27,1290
1775447658659,key-8,8188
1775447658659,key-10,20211
1775447658663,key-3,21968
1775447658665,key-1,12474
1775447658669,key-46,17905
1775447658671,key-46,17907
1775447658673,key-32,10138
1775447658674,key-9,5234
1775447658675,key-18,1709
1775447658675,key-43,2749
1775447658675,key-9,5235
1775447658676,key-28,11344
1775447658678,key-46,17914
1775447658679,key-7,5910
1775447658679,key-9,5239
1775447658680,key-22,993
1775447658680,key-46,17916
1775447658683,key-1,12492
1775447658685,key-27,1316
1775447658685,key-18,1719
1775447658692,key-18,1726
1775447658692,key-27,1323
1775447658698,key-47,4599
1775447658699,key-8,8228
1775447658700,key-14,4791
1775447658702,key-34,3016
1775447658702,key-46,17938
1775447658704,key-42,4862
1775447658711,key-22,1024
1775447658713,key-45,11763
1775447658713,key-26,3748
1775447658714,key-45,11764
1775447658722,key-18,1756
1775447658723,key-42,4881
1775447658725,key-16,14869
1775447658726,key-19,4625
1775447658729,key-30,5580
1775447658734,key-36,1593
1775447658735,key-34,3049
1775447658736,key-8,8265
1775447658741,key-50,24656
1775447658743,key-46,17979
1775447658744,key-28,11412
1775447658745,key-28,11413
1775447658745,key-18,1779
1775447658749,key-30,5600
1775447658752,key-42,4910
1775447658752,key-18,1786
1775447658755,key-43,2829
1775447658763,key-28,11431
1775447658766,key-7,5997
1775447658766,key-1,12575
1775447658768,key-9,5328
1775447658769,key-29,9794
1775447658771,key-18,1805
1775447658773,key-46,18009
1775447658776,key-33,564
1775447658778,key-43,2852
1775447658778,key-43,2852
1775447658778,key-7,6009
1775447658780,key-43,2854
1775447658786,key-9,5346
1775447658787,key-6,5324
1775447658789,key-43,2863
1775447658793,key-28,11461
1775447658793,key-4,6383
1775447658793,key-34,3107
1775447658794,key-22,1107
1775447658794,key-8,8323
1775447658796,key-30,5647
1775447658796,key-29,9821
1775447658797,key-6,5334
1775447658803,key-47,4704
1775447658803,key-33,591
1775447658856,key-43,2930
1775447658857,key-3,22162
1775447658857,key-46,18093
1775447658858,key-46,18094
1775447658858,key-14,4949
1775447658859,key-38,2394
1775447658860,key-4,6450
1775447658861,key-30,5712
1775447658862,key-34,3176
1775447658862,key-27,1493
1775447658862,key-12,15578
1775447658863,key-43,2937
1775447658863,key-27,1494
1775447658864,key-45,11914
1775447658864,key-16,15008
1775447658865,key-46,18101
1775447658865,key-8,8394
1775447658865,key-16,15009
1775447658866,key-38,2401
1775447658866,key-38,2401
1775447658866,key-10,20418
1775447658866,key-18,1900
1775447658866,key-22,1179
1775447658866,key-32,10331
1775447658867,key-11,3977
1775447658868,key-18,1902
1775447658868,key-18,1902
1775447658868,key-3,22173
1775447658895,key-18,1929
1775447658895,key-46,18131
1775447658896,key-22,1209
1775447658896,key-8,8425
1775447658896,key-9,5456
1775447658902,key-18,1936
1775447658903,key-4,6493
1775447658903,key-1,12712
1775447658904,key-29,9929
1775447658904,key-18,1938
1775447658904,key-4,6494
1775447658904,key-42,5062
1775447658905,key-24,4700
1775447658905,key-26,3940
1775447658905,key-22,1218
1775447658905,key-22,1218
1775447658906,key-19,4805
1775447658906,key-8,8435
1775447658906,key-46,18142
1775447658907,key-27,1538
1775447658907,key-9,5467
1775447658908,key-19,4807
1775447658948,key-43,3022
1775447658948,key-45,11998
1775447658950,key-15,10667
1775447658950,key-42,5108
1775447658951,key-11,4061
1775447658951,key-34,3265
1775447658951,key-43,3025
1775447658951,key-18,1985
1775447658953,key-23,12039
1775447658953,key-9,5513
1775447658953,key-14,5044
1775447658953,key-27,1584
1775447658954,key-19,4853
1775447658954,key-18,1988
1775447658954,key-28,11622
1775447658954,key-46,18190
1775447658955,key-43,3029
1775447658956,key-9,5516
1775447658956,key-36,1815
1775447658956,key-43,3030
1775447658956,key-7,6187
1775447658956,key-43,3030
1775447658957,key-29,9982
1775447658958,key-22,1271
1775447658958,key-34,3272
1775447658958,key-7,6189
1775447658958,key-9,5518
1775447658977,key-34,3291
1775447659001,key-30,5852
1775447659001,key-42,5159
1775447659002,key-43,3076
1775447659006,key-30,5857
1775447659006,key-15,10723
1775447659006,key-4,6596
1775447659009,key-43,3083
1775447659028,key-38,2563
1775447659028,key-41,2315
1775447659029,key-43,3103
1775447659029,key-33,817
1775447659029,key-46,18265
1775447659029,key-46,18265
1775447659029,key-47,4930
1775447659030,key-43,3104
1775447659030,key-33,818
1775447659030,key-43,3104
1775447659040,key-27,1671
1775447659040,key-18,2074
1775447659040,key-46,18276
1775447659042,key-38,2577
1775447659042,key-45,12092
1775447659043,key-22,1356
1775447659043,key-38,2578
1775447659043,key-7,6274
1775447659043,key-11,4153
1775447659047,key-34,3361
1775447659052,key-8,8581
1775447659057,key-16,15201
1775447659057,key-9,5617
1775447659061,key-39,3851
1775447659064,key-9,5624
1775447659079,key-46,18315
1775447659079,key-43,3153
1775447659079,key-4,6669
1775447659080,key-28,11748
1775447659080,key-48,2005
1775447659081,key-35,1012
1775447659081,key-18,2115
1775447659083,key-21,1276
1775447659083,key-26,4118
1775447659083,key-48,2008
1775447659084,key-29,10109
1775447659084,key-18,2118
1775447659084,key-24,4879
1775447659084,key-4,6674
1775447659085,key-8,8614
1775447659089,key-8,8618
1775447659091,key-4,6681
1775447659091,key-46,18327
1775447659093,key-18,2127
1775447659093,key-9,5653
1775447659093,key-8,8622
1775447659093,key-24,4888
1775447659093,key-1,12902
1775447659096,key-38,2631
1775447659096,key-35,1027
1775447659098,key-12,15814
1775447659098,key-33,886
1775447659098,key-17,10863
1775447659101,key-34,3415
1775447659101,key-9,5661
1775447659103,key-42,5261
1775447659124,key-14,5215
1775447659125,key-22,1438
1775447659125,key-22,1438
1775447659127,key-18,2161
1775447659127,key-43,3201
1775447659127,key-43,3201
1775447659128,key-32,10593
1775447659128,key-14,5219
1775447659134,key-9,5694
1775447659134,key-30,5985
1775447659135,key-8,8664
1775447659138,key-40,13528
1775447659140,key-46,18376
1775447659140,key-13,1181
1775447659140,key-14,5231
1775447659141,key-19,5040
1775447659141,key-28,11809
1775447659142,key-14,5233
1775447659144,key-23,12230
1775447659145,key-18,2179
1775447659145,key-26,4180
1775447659145,key-22,1458
1775447659145,key-22,1458
1775447659146,key-7,6377
1775447659149,key-3,22454
1775447659154,key-34,3468
1775447659156,key-46,18392
1775447659161,key-11,4271
1775447659167,key-43,3241
1775447659172,key-8,8701
1775447659173,key-22,1486
1775447659176,key-11,4286
1775447659176,key-47,5077
1775447659178,key-27,1809
1775447659186,key-43,3260
1775447659191,key-9,5751
1775447659195,key-22,1508
1775447659198,key-43,3272
1775447659205,key-36,2064
1775447659209,key-47,5110
1775447659209,key-38,2744
1775447659209,key-43,3283
1775447659212,key-16,15356
1775447659214,key-18,2248
1775447659214,key-7,6445
1775447659218,key-43,3292
1775447659222,key-38,2757
1775447659222,key-38,2757
1775447659229,key-18,2263
1775447659230,key-45,12280
1775447659233,key-37,4128
1775447659233,key-27,1864
1775447659234,key-8,8763
1775447659243,key-4,6833
1775447659244,key-24,5039
1775447659245,key-46,18481
1775447659246,key-39,4036
1775447659246,key-50,25161
1775447659246,key-9,5806
1775447659247,key-9,5807
1775447659247,key-43,3321
1775447659247,key-48,2172
1775447659251,key-18,2285
1775447659261,key-4,6851
1775447659265,key-46,18501
1775447659265,key-42,5423
1775447659266,key-16,15410
1775447659266,key-18,2300
1775447659266,key-41,2553
1775447659268,key-24,5063
1775447659269,key-4,6859
1775447659269,key-45,12319
1775447659269,key-23,12355
1775447659270,key-24,5065
1775447659270,key-43,3344
1775447659270,key-46,18506
1775447659273,key-3,22578
1775447659275,key-6,5812
1775447659276,key-16,15420
1775447659276,key-4,6866
1775447659279,key-4,6869
1775447659279,key-17,11044
1775447659279,key-34,3593
1775447659281,key-9,5841
1775447659282,key-19,5181
1775447659285,key-42,5443
1775447659285,key-43,3359
1775447659294,key-48,2219
1775447659294,key-17,11059
1775447659296,key-43,3370
1775447659298,key-24,5093
1775447659298,key-2,1764
1775447659298,key-14,5389
1775447659302,key-19,5201
1775447659303,key-19,5202
1775447659305,key-13,1346
1775447659306,key-26,4341
1775447659306,key-8,8835
1775447659307,key-10,20859
1775447659309,key-14,5400
1775447659309,key-28,11977
1775447659310,key-22,1623
1775447659312,key-18,2346
1775447659317,key-9,5877
1775447659319,key-19,5218
1775447659320,key-19,5219
1775447659327,key-22,1640
1775447659328,key-11,4438
1775447659328,key-2,1794
1775447659330,key-36,2189
1775447659331,key-34,3645
1775447659331,key-22,1644
1775447659332,key-33,1120
1775447659333,key-24,5128
1775447659336,key-22,1649
1775447659336,key-22,1649
1775447659337,key-28,12005
1775447659338,key-43,3412
1775447659339,key-8,8868
1775447659349,key-30,6200
1775447659349,key-8,8878
1775447659358,key-43,3432
1775447659358,key-34,3672
1775447659360,key-14,5451
1775447659368,key-47,5269
1775447659371,key-27,2002
1775447659376,key-34,3690
1775447659379,key-46,18615
1775447659380,key-32,10845
1775447659383,key-43,3457
1775447659384,key-43,3458
1775447659384,key-47,5285
1775447659387,key-8,8916
1775447659387,key-38,2922
1775447659388,key-45,12438
1775447659389,key-47,5290
1775447659395,key-14,5486
1775447659403,key-21,1596
1775447659409,key-37,4304
1775447659409,key-38,2944
1775447659410,key-48,2335
1775447659417,key-22,1730
1775447659418,key-43,3492
1775447659418,key-7,6649
1775447659419,key-45,12469
1775447659419,key-24,5214
1775447659420,key-37,4315
1775447659420,key-37,4315
1775447659421,key-4,7011
1775447659428,key-14,5519
1775447659439,key-41,2726
1775447659440,key-4,7030
1775447659442,key-48,2367
1775447659443,key-27,2074
1775447659444,key-3,22749
1775447659445,key-30,6296
1775447659447,key-6,5984
1775447659447,key-34,3761
1775447659448,key-43,3522
1775447659451,key-39,4241
1775447659454,key-19,5353
1775447659458,key-19,5357
1775447659458,key-4,7048
1775447659459,key-16,15603
1775447659461,key-2,1927
1775447659461,key-16,15605
1775447659461,key-39,4251
1775447659462,key-43,3536
1775447659462,key-4,7052
1775447659463,key-48,2388
1775447659464,key-8,8993
1775447659468,key-18,2502
1775447659468,key-28,12136
1775447659469,key-30,6320
1775447659470,key-8,8999
1775447659472,key-44,182
1775447659477,key-13,1518
1775447659477,key-17,11242
1775447659478,key-9,6038
1775447659478,key-4,7068
1775447659486,key-43,3560
1775447659486,key-26,4521
1775447659486,key-26,4521
1775447659487,key-43,3561
1775447659487,key-19,5386
1775447659487,key-19,5386
1775447659491,key-34,3805
1775447659492,key-33,1280
1775447659493,key-46,18729
1775447659495,key-43,3569
1775447659496,key-23,12582
1775447659498,key-44,208
1775447659498,key-36,2357
1775447659504,key-29,10529
1775447659504,key-33,1292
1775447659505,key-2,1971
1775447659505,key-5,1344
1775447659505,key-22,1818
1775447659505,key-11,4615
1775447659505,key-24,5300
1775447659506,key-19,5405
1775447659507,key-28,12175
1775447659509,key-22,1822
1775447659511,key-29,10536
1775447659512,key-9,6072
1775447659517,key-2,1983
1775447659521,key-35,1452
1775447659521,key-22,1834
1775447659522,key-30,6373
1775447659523,key-8,9052
1775447659523,key-43,3597
1775447659525,key-27,2156
1775447659528,key-36,2387
1775447659532,key-27,2163
1775447659533,key-22,1846
1775447659533,key-47,5434
1775447659535,key-14,5626
1775447659538,key-39,4328
1775447659547,key-47,5448
1775447659556,key-14,5647
1775447659558,key-43,3632
1775447659558,key-1,13367
1775447659558,key-43,3632
1775447659560,key-43,3634
1775447659563,key-10,21115
1775447659565,key-23,12651
1775447659572,key-13,1613
1775447659580,key-37,4475
1775447659580,key-45,12630
1775447659589,key-47,5490
1775447659590,key-38,3125
1775447659591,key-43,3665
1775447659603,key-47,5504
1775447659604,key-22,1917
1775447659605,key-43,3679
1775447659605,key-38,3140
1775447659616,key-11,4726
1775447659617,key-35,1548
1775447659617,key-37,4512
1775447659620,key-27,2251
1775447659621,key-45,12671
1775447659622,key-23,12708
1775447659623,key-19,5522
1775447659626,key-37,4521
1775447659629,key-30,6480
1775447659630,key-9,6190
1775447659631,key-16,15775
1775447659632,key-19,5531
1775447659633,key-19,5532
1775447659636,key-43,3710
1775447659641,key-39,4431
1775447659641,key-24,5436
1775447659641,key-45,12691
1775447659643,key-14,5734
1775447659643,key-8,9172
1775447659647,key-13,1688
1775447659652,key-46,18888
1775447659653,key-28,12321
1775447659654,key-21,1847
1775447659655,key-17,11420
1775447659655,key-34,3969
1775447659656,key-44,366
1775447659656,key-8,9185
1775447659656,key-8,9185
1775447659659,key-34,3973
1775447659660,key-45,12710
1775447659661,key-43,3735
1775447659663,key-11,4773
1775447659664,key-26,4699
1775447659665,key-36,2524
1775447659672,key-29,10697
1775447659673,key-29,10698
1775447659674,key-5,1513
1775447659676,key-36,2535
1775447659677,key-29,10702
1775447659678,key-44,388
1775447659681,key-5,1520
1775447659681,key-28,12349
1775447659682,key-24,5477
1775447659684,key-38,166
1775447659687,key-38,169
1775447659689,key-33,1477
1775447659690,key-22,2003
1775447659691,key-39,4481
1775447659691,key-2,2157
1775447659692,key-19,5591
1775447659692,key-11,4802
1775447659692,key-24,5487
1775447659694,key-22,2007
1775447659698,key-29,10723
1775447659699,key-8,9228
1775447659700,key-22,2013
1775447659701,key-17,11466
1775447659701,key-27,2332
1775447659702,key-13,1743
1775447659702,key-26,4737
1775447659703,key-8,9232
1775447659703,key-43,3777
1775447659707,key-22,2020
1775447659707,key-47,5608
1775447659712,key-33,1500
1775447659715,key-22,2028
1775447659716,key-46,18952
1775447659717,key-2,2183
1775447659718,key-34,4032
1775447659718,key-47,5619
1775447659718,key-2,2184
1775447659720,key-43,3794
1775447659723,key-27,2354
1775447659723,key-22,2036
1775447659730,key-27,2361
1775447659732,key-27,2363
1775447659734,key-47,5635
1775447659734,key-1,13543
1775447659735,key-39,4525
1775447659742,key-2,2208
1775447659751,key-2,2217
1775447659752,key-22,2065
1775447659760,key-6,6297
1775447659763,key-1,13572
1775447659773,key-18,2807
1775447659773,key-8,9302
1775447659774,key-10,21326
1775447659782,key-43,3856
1775447659783,key-26,4818
1775447659784,key-37,4679
1775447659786,key-11,4896
1775447659787,key-14,5878
1775447659787,key-11,4897
1775447659788,key-22,2101
1775447659790,key-1,13599
1775447659791,key-38,273
1775447659792,key-23,12878
1775447659800,key-47,5701
1775447659803,key-45,12853
1775447659804,key-11,4914
1775447659805,key-8,9334
1775447659810,key-27,2441
1775447659812,key-32,11277
1775447659814,key-16,15958
1775447659816,key-14,5907
1775447659816,key-43,3890
1775447659819,key-19,5718
1775447659820,key-8,9349
1775447659823,key-8,9352
1775447659823,key-26,4858
1775447659826,key-27,2457
1775447659832,key-34,4146
1775447659833,key-43,3907
1775447659836,key-36,2695
1775447659837,key-46,19073
1775447659838,key-34,4152
1775447659838,key-5,1677
1775447659840,key-29,10865
1775447659841,key-28,12509
1775447659842,key-16,15986
1775447659844,key-12,16560
1775447659845,key-11,4955
1775447659846,key-38,328
1775447659846,key-26,4881
1775447659848,key-45,12898
1775447659848,key-5,1687
1775447659852,key-28,12520
1775447659852,key-24,5647
1775447659853,key-29,10878
1775447659856,key-22,2169
1775447659861,key-22,2174
1775447659862,key-2,2328
1775447659864,key-4,7454
1775447659864,key-15,11581
1775447659870,key-22,2183
1775447659871,key-27,2502
1775447659872,key-13,1913
1775447659874,key-33,1662
1775447659874,key-16,16018
1775447659875,key-2,2341
1775447659876,key-2,2342
1775447659876,key-7,7107
1775447659879,key-17,11644
1775447659882,key-2,2348
1775447659882,key-22,2195
1775447659883,key-46,19119
1775447659884,key-22,2197
1775447659884,key-47,5785
1775447659888,key-5,1727
1775447659888,key-12,16604
1775447659890,key-34,4204
1775447659890,key-47,5791
1775447659892,key-39,4682
1775447659892,key-43,3966
1775447659892,key-1,13701
1775447659892,key-45,12942
1775447659893,key-47,5794
1775447659893,key-43,3967
1775447659894,key-47,5795
1775447659897,key-28,12565
1775447659898,key-47,5799
1775447659907,key-46,19143
1775447659907,key-24,5702
1775447659909,key-47,5810
1775447659914,key-2,2380
1775447659914,key-22,2227
1775447659916,key-27,2547
1775447659916,key-38,398
1775447659922,key-43,3996
1775447659924,key-27,2555
1775447659925,key-2,2391
1775447659931,key-16,16075
1775447659937,key-39,4727
1775447659938,key-27,2569
1775447659942,key-8,9471
1775447659945,key-22,2258
1775447659946,key-1,13755
1775447659948,key-19,5847
1775447659949,key-33,1737
1775447659955,key-6,6492
1775447659956,key-13,1997
1775447659964,key-30,6815
1775447659965,key-22,2278
1775447659965,key-40,14355
1775447659966,key-18,3000
1775447659966,key-43,4040
1775447659966,key-23,13052
1775447659967,key-23,13053
1775447659970,key-48,2895
1775447659975,key-14,6066
1775447659978,key-27,2609
1775447659979,key-11,5089
1775447659980,key-32,11445
1775447659981,key-14,6072
1775447659982,key-47,5883
1775447659998,key-45,13048
1775447659999,key-42,6157
1775447660000,key-26,5035
1775447660005,key-16,16149
1775447660005,key-5,1844
1775447660006,key-8,9535
1775447660013,key-34,4327
1775447660014,key-26,5049
1775447660018,key-39,4808
1775447660019,key-23,13105
1775447660020,key-38,502
1775447660020,key-29,11045
1775447660028,key-16,16172
1775447660031,key-16,16175
1775447660031,key-22,2344
1775447660032,key-33,1820
1775447660033,key-2,2499
1775447660033,key-22,2346
1775447660037,key-27,2668
1775447660037,key-35,1968
1775447660039,key-24,5834
1775447660039,key-27,2670
1775447660041,key-2,2507
1775447660041,key-40,14431
1775447660041,key-33,1829
1775447660042,key-2,2508
1775447660042,key-34,4356
1775447660043,key-16,16187
1775447660046,key-2,2512
1775447660048,key-11,5158
1775447660048,key-17,11813
1775447660054,key-10,21606
1775447660054,key-45,13104
1775447660055,key-2,2521
1775447660055,key-34,4369
1775447660057,key-34,4371
1775447660058,key-1,13867
1775447660062,key-46,19298
1775447660069,key-11,5179
1775447660071,key-5,1910
1775447660074,key-3,23379
1775447660076,key-34,4390
1775447660078,key-15,11795
1775447660078,key-28,12746
1775447660079,key-16,16223
1775447660079,key-41,3366
1775447660080,key-39,4870
1775447660080,key-43,4154
1775447660080,key-8,9609
1775447660081,key-13,2122
1775447660083,key-43,4157
1775447660083,key-43,4157
1775447660084,key-47,5985
1775447660086,key-22,2399
1775447660090,key-28,12758
1775447660093,key-38,575
1775447660093,key-22,2406
1775447660093,key-6,6630
1775447660094,key-46,180
1775447660094,key-46,180
1775447660095,key-2,2561
1775447660095,key-43,4169
1775447660096,key-46,182
1775447660097,key-2,2563
1775447660102,key-43,4176
1775447660105,key-17,11870
1775447660105,key-2,2571
1775447660112,key-5,1951
1775447660116,key-16,16260
1775447660117,key-16,16261
1775447660117,key-2,2583
1775447660119,key-45,13169
1775447660120,key-22,2433
1775447660121,key-3,23426
1775447660123,key-40,14513
1775447660129,key-13,2170
1775447660131,key-11,5241
1775447660136,key-14,6227
1775447660136,key-1,13945
1775447660137,key-47,6038
1775447660138,key-11,5248
1775447660140,key-23,13226
1775447660140,key-27,2771
1775447660144,key-19,6043
1775447660146,key-22,2459
1775447660150,key-14,6241
1775447660154,key-13,2195
1775447660156,key-19,6055
1775447660168,key-16,16312
1775447660169,key-23,13255
1775447660170,key-42,6328
1775447660170,key-23,13256
1775447660172,key-27,2803
1775447660176,key-16,16320
1775447660186,key-14,6277
1775447660187,key-19,6086
1775447660188,key-8,9717
1775447660188,key-6,6725
1775447660189,key-6,6726
1775447660190,key-35,2121
1775447660191,key-43,4265
1775447660197,key-46,283
1775447660198,key-2,2664
1775447660199,key-45,13249
1775447660201,key-23,13287
1775447660202,key-27,2833
1775447660208,key-2,2674
1775447660209,key-33,1997
1775447660210,key-24,6005
1775447660210,key-40,14600
1775447660212,key-5,2051
1775447660222,key-27,2853
1775447660223,key-10,21775
1775447660223,key-27,2854
1775447660224,key-7,7455
1775447660225,key-11,5335
1775447660226,key-32,11691
1775447660230,key-11,5340
1775447660231,key-27,2862
1775447660232,key-21,2425
1775447660232,key-34,4546
1775447660232,key-40,14622
1775447660233,key-21,2426
1775447660234,key-5,2073
1775447660237,key-33,2025
1775447660237,key-8,9766
1775447660237,key-34,4551
1775447660242,key-46,328
1775447660243,key-44,953
1775447660243,key-1,14052
1775447660244,key-28,12912
1775447660244,key-26,5279
1775447660244,key-6,6781
1775447660248,key-47,6149
1775447660251,key-35,2182
1775447660252,key-47,6153
1775447660252,key-26,5287
1775447660259,key-43,4333
1775447660259,key-39,5049
1775447660261,key-2,2727
1775447660261,key-13,2302
1775447660266,key-8,9795
1775447660270,key-46,356
1775447660271,key-43,4345
1775447660271,key-17,12036
1775447660271,key-44,981
1775447660272,key-45,13322
1775447660276,key-5,2115
1775447660276,key-29,11301
1775447660281,key-2,2747
1775447660283,key-40,14673
1775447660283,key-46,369
1775447660288,key-32,11753
1775447660291,key-40,14681
1775447660291,key-16,16435
1775447660294,key-15,12011
1775447660298,key-16,16442
1775447660299,key-27,2930
1775447660299,key-1,14108
1775447660299,key-47,6200
1775447660301,key-2,2767
1775447660301,key-40,14691
1775447660308,key-22,2621
1775447660309,key-16,16453
1775447660310,key-39,5100
1775447660311,key-14,6402
1775447660313,key-43,4387
1775447660313,key-22,2626
1775447660317,key-5,2156
1775447660319,key-14,6410
1775447660324,key-1,14133
1775447660324,key-17,12089
1775447660328,key-19,6227
1775447660333,key-23,13419
1775447660334,key-23,13420
1775447660335,key-40,14725
1775447660337,key-11,5447
1775447660340,key-22,2653
1775447660340,key-8,9869
1775447660344,key-11,5454
1775447660345,key-19,6244
1775447660345,key-43,4419
1775447660350,key-23,13436
1775447660355,key-22,2668
1775447660355,key-39,5145
1775447660358,key-45,13408
1775447660362,key-13,2403
1775447660362,key-26,5397
1775447660363,key-14,6454
1775447660364,key-43,4438
1775447660370,key-14,6461
1775447660374,key-19,6273
1775447660374,key-18,3408
1775447660376,key-23,13462
1775447660376,key-8,9905
1775447660380,key-27,3011
1775447660381,key-30,7232
1775447660387,key-11,5497
1775447660389,key-27,3020
1775447660393,key-40,14783
1775447660393,key-14,6484
1775447660407,key-11,5517
1775447660408,key-11,5518
1775447660408,key-40,14798
1775447660408,key-2,2874
1775447660409,key-23,13495
1775447660409,key-35,2340
1775447660409,key-19,6308
1775447660410,key-45,13460
1775447660411,key-44,1121
1775447660415,key-5,2254
1775447660416,key-5,2255
1775447660416,key-1,14225
1775447660420,key-26,5455
1775447660425,key-13,2466
1775447660425,key-32,11890
1775447660426,key-3,23731
1775447660427,key-5,2266
1775447660428,key-47,6329
1775447660429,key-47,6330
1775447660430,key-13,2471
1775447660433,key-17,12198
1775447660439,key-39,5229
1775447660440,key-7,7671
1775447660440,key-27,3071
1775447660441,key-35,2372
1775447660441,key-47,6342
1775447660442,key-30,7293
1775447660442,key-43,4516
1775447660443,key-8,9972
1775447660448,key-29,11473
1775447660453,key-18,3487
1775447660453,key-32,11918
1775447660454,key-33,2242
1775447660456,key-5,2295
1775447660458,key-35,2389
1775447660458,key-48,3383
1775447660460,key-14,6551
1775447660460,key-44,1170
1775447660460,key-16,16604
1775447660461,key-40,14851
1775447660461,key-40,14851
1775447660463,key-40,14853
1775447660464,key-17,12229
1775447660468,key-22,2781
1775447660473,key-5,2312
1775447660476,key-45,13526
1775447660476,key-14,6567
1775447660483,key-21,2676
1775447660485,key-27,3116
1775447660491,key-17,12256
1775447660492,key-7,7723
1775447660492,key-1,14301
1775447660493,key-46,579
1775447660494,key-10,22046
1775447660499,key-16,16643
1775447660499,key-21,2692
1775447660500,key-19,6399
1775447660501,key-23,13587
1775447660503,key-34,4817
1775447660504,key-23,13590
1775447660509,key-40,14899
1775447660514,key-45,13564
1775447660514,key-33,2302
1775447660516,key-4,8106
1775447660524,key-14,6615
1775447660524,key-19,6423
1775447660527,key-32,11992
1775447660529,key-11,5639
1775447660530,key-16,16674
1775447660531,key-3,23836
1775447660533,key-40,14923
1775447660533,key-40,14923
1775447660540,key-22,2853
1775447660541,key-27,3172
1775447660543,key-18,3577
1775447660548,key-18,3582
1775447660550,key-14,6641
1775447660552,key-26,5587
1775447660552,key-39,5342
1775447660554,key-14,6645
1775447660554,key-16,16698
1775447660564,key-1,14373
1775447660564,key-8,10093
1775447660565,key-23,13651
1775447660565,key-18,3599
1775447660567,key-23,13653
1775447660568,key-10,22120
1775447660575,key-38,1057
1775447660575,key-27,3206
1775447660578,key-3,23883
1775447660579,key-23,13665
1775447660580,key-26,5615
1775447660580,key-19,6479
1775447660584,key-47,6485
1775447660584,key-2,3050
1775447660588,key-45,13638
1775447660588,key-10,22140
1775447660590,key-17,12355
1775447660592,key-5,2431
1775447660592,key-5,2431
1775447660592,key-13,2633
1775447660594,key-11,5704
1775447660594,key-3,23899
1775447660599,key-17,12364
1775447660599,key-1,14408
1775447660601,key-50,26516
1775447660603,key-19,6502
1775447660603,key-14,6694
1775447660603,key-1,14412
1775447660604,key-8,10133
1775447660605,key-29,11630
1775447660611,key-13,2652
1775447660614,key-23,13700
1775447660618,key-33,2406
1775447660620,key-11,5730
1775447660620,key-18,3654
1775447660621,key-18,3655
1775447660626,key-35,2557
1775447660626,key-14,6717
1775447660631,key-43,4705
1775447660632,key-30,7483
1775447660632,key-47,6533
1775447660632,key-16,16776
1775447660632,key-27,3263
1775447660633,key-11,5743
1775447660633,key-38,1115
1775447660633,key-5,2472
1775447660636,key-30,7487
1775447660640,key-40,15030
1775447660641,key-40,15031
1775447660641,key-11,5751
1775447660644,key-45,13694
1775447660646,key-14,6737
1775447660647,key-42,6805
1775447660649,key-9,7209
1775447660649,key-14,6740
1775447660654,key-5,2493
1775447660654,key-22,2967
1775447660654,key-8,10183
1775447660656,key-11,5766
1775447660662,key-45,13712
1775447660663,key-3,23968
1775447660665,key-39,5455
1775447660665,key-10,22217
1775447660671,key-50,26586
1775447660672,key-23,13758
1775447660672,key-38,1154
1775447660675,key-40,15065
1775447660675,key-27,3306
1775447660682,key-15,12399
1775447660682,key-5,2521
1775447660685,key-33,2473
1775447660685,key-4,8275
1775447660686,key-43,4760
1775447660689,key-15,12406
1775447660689,key-11,5799
1775447660714,key-2,3180
1775447660715,key-46,801
1775447660716,key-40,15106
1775447660716,key-4,8306
1775447660717,key-27,3348
1775447660720,key-46,806
1775447660721,key-3,24026
1775447660728,key-22,3041
1775447660730,key-18,3764
1775447660734,key-19,6633
1775447660734,key-7,7965
1775447660737,key-14,6828
1775447660737,key-39,5527
1775447660740,key-19,6639
1775447660740,key-2,3206
1775447660742,key-46,828
1775447660743,key-46,829
1775447660743,key-10,22295
1775447660747,key-16,16891
1775447660747,key-14,6838
1775447660748,key-43,4822
1775447660752,key-26,5787
1775447660759,key-2,3225
1775447660760,key-40,15150
1775447660760,key-27,3391
1775447660762,key-29,11787
1775447660763,key-13,2804
1775447660765,key-17,12530
1775447660765,key-3,24070
1775447660768,key-45,13818
1775447660768,key-5,2607
1775447660769,key-17,12534
1775447660772,key-5,2611
1775447660772,key-4,8362
1775447660773,key-14,6864
1775447660773,key-26,5808
1775447660773,key-29,11798
1775447660773,key-1,14582
1775447660781,key-3,24086
1775447660781,key-47,6682
1775447660782,key-40,15172
1775447660789,key-14,6880
1775447660794,key-11,5904
1775447660794,key-14,6885
1775447660794,key-38,1276
1775447660797,key-32,12262
1775447660799,key-33,2587
1775447660799,key-21,2992
1775447660802,key-33,2590
1775447660802,key-5,2641
1775447660810,key-11,5920
1775447660811,key-43,4885
1775447660813,key-4,8403
1775447660813,key-5,2652
1775447660815,key-14,6906
1775447660816,key-1,14625
1775447660817,key-38,1299
1775447660819,key-9,7379
1775447660819,key-11,5929
1775447660825,key-42,6983
1775447660825,key-45,13875
1775447660825,key-11,5935
1775447660827,key-40,15217
1775447660827,key-8,10356
1775447660828,key-14,6919
1775447660833,key-40,15223
1775447660835,key-1,14644
1775447660835,key-14,6926
1775447660836,key-22,3149
1775447660839,key-3,24144
1775447660844,key-50,26759
1775447660848,key-43,4922
1775447660848,key-40,15238
1775447660848,key-3,24153
1775447660849,key-22,3162
1775447660849,key-5,2688
1775447660852,key-48,3777
1775447660853,key-43,4927
1775447660853,key-33,2641
1775447660853,key-30,7704
1775447660856,key-50,26771
1775447660860,key-22,3173
1775447660870,key-15,12587
1775447660870,key-3,24175
1775447660872,key-40,15262
1775447660875,key-4,8465
1775447660878,key-40,15268
1775447660885,key-8,10414
1775447660886,key-50,26801
1775447660888,key-47,6789
1775447660890,key-14,6981
1775447660890,key-40,15280
1775447660891,key-3,24196
1775447660895,key-45,13945
1775447660904,key-39,5694
1775447660904,key-22,3217
1775447660904,key-46,990
1775447660906,key-23,13992
1775447660908,key-3,24213
1775447660908,key-3,24213
1775447660913,key-4,185
1775447660913,key-3,24218
1775447660915,key-4,187
1775447660918,key-7,8149
1775447660918,key-36,3777
1775447660918,key-27,3549
1775447660923,key-29,11948
1775447660924,key-14,7015
1775447660926,key-45,13976
1775447660930,key-17,12695
1775447660930,key-14,7021
1775447660941,key-2,3407
1775447660941,key-1,14750
1775447660941,key-5,2780
1775447660947,key-27,3578
1775447660949,key-1,14758
1775447660952,key-3,24257
1775447660956,key-47,6857
1775447660956,key-14,7047
1775447660958,key-27,3589
1775447660958,key-17,12723
1775447660958,key-7,8189
1775447660958,key-46,1044
1775447660962,key-17,12727
1775447660963,key-47,6864
1775447660964,key-10,365
1775447660965,key-28,13633
1775447660965,key-5,2804
1775447660967,key-32,12432
1775447660970,key-4,242
1775447660970,key-40,15360
1775447660972,key-14,7063
1775447660973,key-30,7824
1775447660973,key-14,7064
1775447660975,key-19,6874
1775447660981,key-42,7139
1775447660982,key-27,3613
1775447660982,key-5,2821
1775447660982,key-3,24287
1775447660982,key-5,2821
1775447660985,key-46,1071
1775447660988,key-35,2919
1775447660992,key-11,6102
1775447660992,key-40,15382
1775447660992,key-50,26907
1775447660993,key-5,2832
1775447660993,key-43,5067
1775447660997,key-22,3310
1775447660999,key-40,15389
1775447661000,key-50,26915
1775447661002,key-14,7093
1775447661002,key-50,26917
1775447661003,key-27,3634
1775447661008,key-17,12773
1775447661009,key-43,5083
1775447661009,key-11,6119
1775447661012,key-50,26927
1775447661013,key-43,5087
1775447661014,key-43,5088
1775447661014,key-8,10543
1775447661015,key-46,1101
1775447661020,key-43,5094
1775447661026,key-50,26941
1775447661027,key-43,5101
1775447661028,key-17,12793
1775447661028,key-50,26943
1775447661034,key-3,24339
1775447661035,key-21,3228
1775447661035,key-22,3348
1775447661042,key-30,7893
1775447661051,key-50,26966
1775447661052,key-37,5947
1775447661053,key-2,3519
1775447661062,key-37,5957
1775447661066,key-50,26981
1775447661068,key-40,177
1775447661068,key-3,24373
1775447661070,key-46,1156
1775447661074,key-4,346
1775447661075,key-43,5149
1775447661077,key-40,15467
1775447661079,key-3,24384
1775447661082,key-40,191
1775447661085,key-44,1795
1775447661086,key-4,358
1775447661090,key-44,1800
1775447661095,key-39,5885
1775447661096,key-6,7633
1775447661096,key-3,24401
1775447661096,key-36,3955
1775447661098,key-46,1184
1775447661099,key-21,3292
1775447661102,key-22,3415
1775447661103,key-30,7954
1775447661104,key-48,4029
1775447661104,key-5,2943
1775447661105,key-7,8336
1775447661105,key-3,24410
1775447661109,key-16,17253
1775447661109,key-7,8340
1775447661110,key-45,14160
1775447661122,key-5,2961
1775447661123,key-17,12888
1775447661129,key-5,2968
1775447661132,key-24,6927
1775447661135,key-14,7226
1775447661138,key-4,410
1775447661142,key-40,251
1775447661143,key-14,7234
1775447661143,key-17,12908
1775447661143,key-45,14193
1775447661144,key-10,545
1775447661144,key-5,2983
1775447661144,key-40,253
1775447661146,key-42,7304
1775447661146,key-14,7237
1775447661146,key-47,7047
1775447661150,key-35,3081
1775447661153,key-5,2992
1775447661154,key-40,263
1775447661154,key-1,14963
1775447661156,key-13,3197
1775447661156,key-46,1242
1775447661160,key-5,2999
1775447661160,key-5,2999
1775447661160,key-14,7251
1775447661161,key-46,1247
1775447661165,key-14,7256
1775447661167,key-50,27082
1775447661170,key-8,10699
1775447661172,key-5,3011
1775447661173,key-28,13841
1775447661174,key-43,5248
1775447661174,key-50,27089
1775447661175,key-14,7266
1775447661177,key-47,7078
1775447661182,key-14,7273
1775447661183,key-8,10712
1775447661185,key-50,27100
1775447661186,key-43,5260
1775447661186,key-46,1272
1775447661187,key-17,12952
1775447661187,key-43,5261
1775447661188,key-50,27103
1775447661193,key-11,6303
1775447661193,key-43,5267
1775447661193,key-32,160
1775447661194,key-50,27109
1775447661195,key-5,3034
1775447661200,key-9,7760
1775447661211,key-5,3050
1775447661214,key-21,3407
1775447661218,key-30,8069
1775447661220,key-50,27135
1775447661222,key-18,4256
1775447661222,key-41,4509
1775447661223,key-5,3062
1775447661226,key-2,3692
1775447661227,key-23,14313
1775447661227,key-46,1313
1775447661230,key-45,14280
1775447661231,key-3,24536
1775447661236,key-14,7327
1775447661237,key-47,7138
1775447661239,key-3,24544
1775447661239,key-3,24544
1775447661242,key-32,209
1775447661242,key-2,3708
1775447661243,key-37,6138
1775447661257,key-43,5331
1775447661257,key-50,27172
1775447661257,key-2,3723
1775447661260,key-44,1970
1775447661261,key-40,370
1775447661269,key-37,6164
1775447661270,key-40,379
1775447661271,key-2,3737
1775447661272,key-30,8123
1775447661272,key-39,6062
1775447661273,key-3,24578
1775447661273,key-5,3112
1775447661275,key-44,1985
1775447661279,key-44,1989
1775447661284,key-17,13049
1775447661288,key-2,3754
1775447661290,key-50,27205
1775447661292,key-2,3758
1775447661292,key-36,4151
1775447661298,key-23,14384
1775447661299,key-5,3138
1775447661299,key-3,24604
1775447661301,key-7,8532
1775447661301,key-37,6196
1775447661310,key-41,4597
1775447661312,key-17,13077
1775447661312,key-17,13077
1775447661316,key-24,7111
1775447661320,key-40,429
1775447661321,key-8,10850
1775447661321,key-37,6216
1775447661321,key-36,4180
1775447661322,key-5,3161
1775447661323,key-4,595
1775447661327,key-13,3368
1775447661327,key-35,3258
1775447661329,key-40,438
1775447661329,key-1,15138
1775447661330,key-28,13998
1775447661330,key-8,10859
1775447661332,key-46,1418
1775447661334,key-14,7425
1775447661337,key-13,3378
1775447661337,key-40,446
1775447661337,key-30,8188
1775447661337,key-3,24642
1775447661338,key-5,3177
1775447661338,key-46,1424
1775447661339,key-5,3178
1775447661343,key-46,1429
1775447661343,key-5,3182
1775447661346,key-17,13111
1775447661347,key-14,7438
1775447661349,key-32,316
1775447661349,key-22,3662
1775447661353,key-11,6463
1775447661353,key-5,3192
1775447661357,key-46,1443
1775447661357,key-47,7258
1775447661357,key-4,629
1775447661359,key-5,3198
1775447661367,key-47,7268
1775447661367,key-14,7458
1775447661368,key-5,3207
1775447661369,key-9,7929
1775447661369,key-30,8220
1775447661371,key-5,3210
1775447661374,key-50,27289
1775447661377,key-46,1463
1775447661377,key-50,27292
1775447661381,key-41,4668
1775447661381,key-24,7176
1775447661383,key-50,27298
1775447661385,key-43,5459
1775447661386,key-21,3579
1775447661390,key-14,7481
1775447661393,key-2,3859
1775447661394,key-5,3233
1775447661395,key-28,14063
1775447661398,key-47,7299
1775447661400,key-47,7301
1775447661400,key-18,4434
1775447661400,key-13,3441
1775447661402,key-15,13119
1775447661405,key-50,27320
1775447661405,key-47,7306
1775447661412,key-2,3878
1775447661415,key-43,5489
1775447661415,key-22,3728
1775447661420,key-43,5494
1775447661422,key-13,3463
1775447661422,key-41,4709
1775447661425,key-11,6535
1775447661426,key-2,3892
1775447661431,key-47,7332
1775447661433,key-44,2143
1775447661437,key-14,7528
1775447661438,key-37,6333
1775447661439,key-47,7340
1775447661441,key-3,24746
1775447661445,key-24,7240
1775447661447,key-43,5521
1775447661449,key-37,6344
1775447661449,key-50,27364
1775447661454,key-2,3920
1775447661457,key-44,2167
1775447661459,key-39,6249
1775447661460,key-33,3248
1775447661463,key-16,17607
1775447661463,key-45,14513
1775447661466,key-2,3932
1775447661466,key-40,575
1775447661466,key-23,14552
1775447661471,key-5,3310
1775447661472,key-2,3938
1775447661475,key-42,7633
1775447661478,key-5,3317
1775447661479,key-7,8710
1775447661482,key-24,7277
1775447661488,key-28,14156
1775447661488,key-2,3954
1775447661496,key-5,3335
1775447661496,key-27,4127
1775447661497,key-40,606
1775447661500,key-50,27415
1775447661501,key-28,14169
1775447661503,key-8,11032
1775447661510,key-5,3349
1775447661511,key-40,620
1775447661512,key-5,3351
1775447661513,key-5,3352
1775447661515,key-5,3354
1775447661517,key-5,3356
1775447661518,key-3,24823
1775447661521,key-13,3562
1775447661521,key-17,13286
1775447661523,key-47,7424
1775447661528,key-21,3721
1775447661529,key-46,1615
1775447661531,key-5,3370
1775447661531,key-5,3370
1775447661532,key-5,3371
1775447661534,key-47,7435
1775447661535,key-14,7626
1775447661535,key-30,8386
1775447661539,key-43,5613
1775447661540,key-9,8100
1775447661541,key-21,3734
1775447661541,key-29,12566
1775447661541,key-5,3380
1775447661543,key-5,3382
1775447661546,key-9,8106
1775447661546,key-5,3385
1775447661547,key-46,1633
1775447661547,key-40,656
1775447661547,key-47,7448
1775447661552,key-43,5626
1775447661556,key-43,5630
1775447661556,key-50,27471
1775447661561,key-27,4192
1775447661563,key-47,7464
1775447661564,key-46,1650
1775447661564,key-34,5878
1775447661566,key-5,3405
1775447661566,key-47,7467
1775447661569,key-47,7470
1775447661569,key-18,4603
1775447661570,key-24,7365
1775447661570,key-24,7365
1775447661573,key-13,3614
1775447661575,key-21,3768
1775447661588,key-13,3629
1775447661590,key-5,3429
1775447661590,key-5,3429
1775447661594,key-14,7685
1775447661601,key-43,5675
1775447661603,key-50,27518
1775447661603,key-50,27518
1775447661603,key-47,7504
1775447661604,key-12,18320
1775447661605,key-11,6715
1775447661605,key-2,4071
1775447661607,key-2,4073
1775447661607,key-14,7698
1775447661614,key-14,7705
1775447661615,key-5,3454
1775447661616,key-14,7707
1775447661617,key-11,6727
1775447661620,key-43,5694
1775447661627,key-14,7718
1775447661628,key-50,27543
1775447661629,key-44,2339
1775447661629,key-16,17773
1775447661631,key-14,7722
1775447661631,key-47,7532
1775447661632,key-2,4098
1775447661649,key-23,14735
1775447661649,key-2,4115
1775447661649,key-24,7444
1775447661650,key-5,3489
1775447661650,key-36,4509
1775447661650,key-17,13415
1775447661652,key-30,8503
1775447661652,key-15,13369
1775447661654,key-2,4120
1775447661655,key-27,4286
1775447661657,key-22,3970
1775447661661,key-9,8221
1775447661661,key-7,8892
1775447661664,key-5,3503
1775447661667,key-24,7462
1775447661667,key-33,3455
1775447661667,key-8,11196
1775447661669,key-27,4300
1775447661672,key-29,12697
1775447661673,key-5,3512
1775447661678,key-40,787
1775447661679,key-5,3518
1775447661680,key-2,4146
1775447661682,key-5,3521
1775447661684,key-24,7479
1775447661685,key-24,7480
1775447661689,key-28,14357
1775447661691,key-5,3530
1775447661696,key-14,7787
1775447661698,key-5,3537
1775447661698,key-40,807
1775447661701,key-5,3540
1775447661710,key-8,11239
1775447661712,key-21,3905
1775447661714,key-47,7615
1775447661714,key-35,3645
1775447661714,key-29,12739
1775447661715,key-43,5789
1775447661717,key-7,8948
1775447661717,key-47,7618
1775447661717,key-5,3556
1775447661718,key-50,27633
1775447661718,key-43,5792
1775447661720,key-5,3559
1775447661725,key-11,6835
1775447661725,key-50,27640
1775447661726,key-17,177
1775447661726,key-16,17870
1775447661731,key-24,7526
1775447661738,key-33,3526
1775447661739,key-18,4773
1775447661739,key-43,5813
1775447661739,key-27,4370
1775447661740,key-24,7535
1775447661740,key-34,6054
1775447661741,key-35,3672
1775447661743,key-47,7644
1775447661743,key-5,3582
1775447661748,key-27,4379
1775447661753,key-18,4787
1775447661754,key-47,7655
1775447661759,key-2,4225
1775447661759,key-3,25064
1775447661764,key-17,215
1775447661765,key-5,3604
1775447661769,key-13,3810
1775447661770,key-5,3609
1775447661773,key-2,4239
1775447661776,key-47,7677
1775447661780,key-43,5854
1775447661780,key-43,5854
1775447661782,key-11,6892
1775447661783,key-1,15592
1775447661784,key-43,5858
1775447661787,key-24,7582
1775447661787,key-2,4253
1775447661790,key-26,6825
1775447661799,key-9,221
1775447661804,key-17,255
1775447661804,key-38,2286
1775447661804,key-47,7705
1775447661805,key-50,27720
1775447661806,key-44,192
1775447661806,key-44,192
1775447661810,key-15,13527
1775447661815,key-28,14483
1775447661817,key-12,18533
1775447661817,key-44,203
1775447661821,key-2,4287
1775447661821,key-16,17965
1775447661823,key-9,245
1775447661823,key-30,8674
1775447661823,key-43,5897
1775447661824,key-9,246
1775447661826,key-7,9057
1775447661827,key-5,3666
1775447661828,key-48,4753
1775447661833,key-43,5907
1775447661839,key-47,7740
1775447661846,key-8,11375
1775447661848,key-24,7643
1775447661850,key-24,7645
1775447661852,key-40,961
1775447661853,key-3,25158
1775447661854,key-7,9085
1775447661855,key-30,8706
1775447661856,key-15,13573
1775447661856,key-2,4322
1775447661858,key-14,7949
1775447661863,key-28,14531
1775447661864,key-36,4723
1775447661865,key-41,5152
1775447661866,key-35,3797
1775447661867,key-5,3706
1775447661867,key-27,4498
1775447661869,key-5,3708
1775447661870,key-24,7665
1775447661874,key-5,3713
1775447661877,key-47,7778
1775447661877,key-24,7672
1775447661877,key-29,12902
1775447661878,key-13,3919
1775447661882,key-50,27797
1775447661885,key-11,6995
1775447661885,key-14,7976
1775447661886,key-28,14554
1775447661890,key-24,7685
1775447661891,key-7,9122
1775447661891,key-50,27806
1775447661893,key-16,18037
1775447661893,key-9,315
1775447661897,key-50,27812
1775447661899,key-12,18615
1775447661904,key-32,871
1775447661907,key-50,27822
1775447661910,key-43,5984
1775447661910,key-5,3749
1775447661910,key-16,18054
1775447661913,key-47,7814
1775447661914,key-33,3702
1775447661916,key-28,14584
1775447661916,key-3,25221
1775447661919,key-42,8077
1775447661921,key-43,5995
1775447661922,key-14,8013
1775447661923,key-47,7824
1775447661933,key-27,4564
1775447661934,key-18,4968
1775447661934,key-47,7835
1775447661935,key-7,9166
1775447661937,key-13,3978
1775447661937,key-50,27852
1775447661939,key-35,3870
1775447661941,key-37,6836
1775447661943,key-27,4574
1775447661944,key-44,330
1775447661948,key-33,3736
1775447661948,key-3,25253
1775447661950,key-2,4416
1775447661954,key-2,4420
1775447661957,key-48,4882
1775447661957,key-43,6031
1775447661961,key-38,2443
1775447661964,key-43,6038
1775447661966,key-47,7867
1775447661967,key-7,9198
1775447661967,key-13,4008
1775447661974,key-38,2456
1775447661975,key-33,3763
1775447661976,key-17,427
1775447661976,key-12,18692
1775447661977,key-47,7878
1775447661981,key-18,5015
1775447661982,key-15,13699
1775447661982,key-44,368
1775447661984,key-39,6774
1775447661993,key-46,2079
1775447661994,key-48,4919
1775447661995,key-27,4626
1775447661996,key-7,9227
1775447661996,key-8,11525
1775447662003,key-42,8161
1775447662003,key-9,425
1775447662008,key-45,15058
1775447662009,key-24,7804
1775447662010,key-30,8861
1775447662010,key-8,11539
1775447662011,key-16,18155
1775447662011,key-3,25316
1775447662016,key-24,7811
1775447662021,key-30,8872
1775447662026,key-7,9257
1775447662028,key-5,3867
1775447662030,key-15,13747
1775447662032,key-7,9263
1775447662039,key-43,6113
1775447662048,key-13,4089
1775447662049,key-24,7844
1775447662050,key-7,9281
1775447662051,key-24,7846
1775447662051,key-19,7950
1775447662051,key-5,3890
1775447662052,key-35,3983
1775447662054,key-47,7955
1775447662058,key-50,27973
1775447662059,key-8,11588
1775447662061,key-5,3900
1775447662062,key-13,4103
1775447662062,key-24,7857
1775447662063,key-50,27978
1775447662065,key-13,4106
1775447662068,key-14,8159
1775447662068,key-29,13093
1775447662069,key-16,18213
1775447662069,key-28,14737
1775447662070,key-6,8607
1775447662073,key-28,14741
1775447662076,key-28,14744
1775447662078,key-47,7979
1775447662079,key-43,6153
1775447662080,key-40,1189
1775447662080,key-47,7981
1775447662081,key-5,3920
1775447662081,key-44,467
1775447662082,key-28,14750
1775447662084,key-16,18228
1775447662084,key-5,3923
1775447662084,key-47,7985
1775447662086,key-7,9317
1775447662086,key-7,9317
1775447662087,key-9,509
1775447662089,key-28,14757
1775447662090,key-3,25395
1775447662091,key-43,6165
1775447662091,key-2,4557
1775447662093,key-14,8184
1775447662094,key-47,7995
1775447662101,key-33,3889
1775447662103,key-47,8004
1775447662103,key-1,15912
1775447662111,key-50,28026
1775447662113,key-42,8271
1775447662113,key-35,4044
1775447662119,key-14,8210
1775447662129,key-50,28044
1775447662130,key-30,8981
1775447662136,key-18,5170
1775447662138,key-48,5063
1775447662142,key-3,25447
1775447662143,key-12,18859
1775447662145,key-32,158
1775447662151,key-32,164
1775447662152,key-48,5077
1775447662153,key-43,6227
1775447662154,key-44,540
1775447662154,key-42,8312
1775447662154,key-43,6228
1775447662155,key-47,8056
1775447662166,key-46,2252
1775447662167,key-48,5092
1775447662168,key-39,6958
1775447662169,key-10,856
1775447662169,key-40,1278
1775447662169,key-34,6483
1775447662172,key-27,4803
1775447662181,key-4,1453
1775447662181,key-33,3969
1775447662182,key-48,5107
1775447662183,key-42,8341
1775447662183,key-30,9034
1775447662185,key-27,4816
1775447662188,key-48,5113
1775447662188,key-24,7983
1775447662188,key-7,9419
1775447662194,key-4,1466
1775447662195,key-48,5120
1775447662195,key-24,7990
1775447662195,key-26,7230
1775447662196,key-16,18340
1775447662196,key-30,9047
1775447662203,key-48,5128
1775447662204,key-45,15254
1775447662205,key-30,9056
1775447662205,key-34,6519
1775447662217,key-33,4005
1775447662218,key-16,18362
1775447662221,key-39,7011
1775447662223,key-48,5148
1775447662224,key-5,4063
1775447662225,key-35,4156
1775447662228,key-5,4067
1775447662234,key-27,4865
1775447662236,key-5,4075
1775447662239,key-9,661
1775447662248,key-33,4036
1775447662248,key-7,9479
1775447662248,key-5,4087
1775447662249,key-44,635
1775447662251,key-7,9482
1775447662251,key-7,9482
1775447662255,key-28,14923
1775447662256,key-27,4887
1775447662263,key-40,1372
1775447662266,key-47,8167
1775447662266,key-43,6340
1775447662268,key-47,8169
1775447662268,key-5,4107
1775447662270,key-7,9501
1775447662271,key-28,14939
1775447662271,key-39,7061
1775447662272,key-13,4313
1775447662272,key-28,14940
1775447662274,key-3,25579
1775447662274,key-44,660
1775447662277,key-7,9508
1775447662278,key-50,28193
1775447662278,key-47,8179
1775447662280,key-48,5205
1775447662280,key-5,4119
1775447662280,key-33,4068
1775447662280,key-14,8371
1775447662282,key-42,8440
1775447662284,key-43,6358
1775447662286,key-24,8081
1775447662290,key-33,4078
1775447662297,key-1,16106
1775447662301,key-48,5226
1775447662308,key-42,8466
1775447662308,key-16,18452
1775447662310,key-2,4776
1775447662313,key-47,8214
1775447662314,key-12,19030
1775447662315,key-41,5602
1775447662322,key-33,4110
1775447662322,key-16,18466
1775447662322,key-47,8223
1775447662323,key-32,336
1775447662328,key-3,25633
1775447662331,key-7,9562
1775447662332,key-45,15382
1775447662333,key-39,7123
1775447662335,key-44,721
1775447662338,key-44,724
1775447662340,key-46,2426
1775447662341,key-48,5266
1775447662342,key-22,4655
1775447662347,key-44,733
1775447662349,key-18,5383
1775447662350,key-39,7140
1775447662352,key-50,28267
1775447662358,key-35,4289
1775447662359,key-34,6673
1775447662390,key-16,18534
1775447662391,key-6,8928
1775447662391,key-47,185
1775447662391,key-14,8482
1775447662391,key-40,1500
1775447662391,key-30,9242
1775447662392,key-46,2478
1775447662392,key-27,5023
1775447662392,key-24,8187
1775447662392,key-3,25697
1775447662392,key-16,18536
1775447662392,key-30,9243
1775447662393,key-4,1665
