Warning: Permanently added '3.90.169.113' (ED25519) to the list of known hosts.
[2026-04-21 09:58:53,563] ip-10-0-1-128/INFO/locust.main: Starting Locust 2.34.0
[2026-04-21 09:58:53,564] ip-10-0-1-128/WARNING/locust.main: Python 3.9 support is deprecated and will be removed soon
[2026-04-21 09:58:53,564] ip-10-0-1-128/INFO/locust.runners: Shape test starting.
Type     Name                                                                          # reqs      # fails |    Avg     Min     Max    Med |   req/s  failures/s
--------|----------------------------------------------------------------------------|-------|-------------|-------|-------|-------|-------|--------|-----------
--------|----------------------------------------------------------------------------|-------|-------------|-------|-------|-------|-------|--------|-----------
         Aggregated                                                                         0     0(0.00%) |      0       0       0      0 |    0.00        0.00

[2026-04-21 09:58:53,568] ip-10-0-1-128/INFO/locust.runners: Shape worker starting
[2026-04-21 09:58:53,568] ip-10-0-1-128/INFO/locust.runners: Shape test updating to 20 users at 80.00 spawn rate
[2026-04-21 09:58:53,569] ip-10-0-1-128/INFO/locust.runners: Ramping to 20 users at a rate of 80.00 per second
[2026-04-21 09:58:53,571] ip-10-0-1-128/INFO/locust.runners: All users spawned: {"NotificationUser": 20} (20 total users)
Type     Name                                                                          # reqs      # fails |    Avg     Min     Max    Med |   req/s  failures/s
--------|----------------------------------------------------------------------------|-------|-------------|-------|-------|-------|-------|--------|-----------
--------|----------------------------------------------------------------------------|-------|-------------|-------|-------|-------|-------|--------|-----------
         Aggregated                                                                         0     0(0.00%) |      0       0       0      0 |    0.00        0.00

Type     Name                                                                          # reqs      # fails |    Avg     Min     Max    Med |   req/s  failures/s
--------|----------------------------------------------------------------------------|-------|-------------|-------|-------|-------|-------|--------|-----------
POST     POST /notifications [EMAIL]                                                       31     0(0.00%) |   2017     455    3469   2400 |    0.00        0.00
--------|----------------------------------------------------------------------------|-------|-------------|-------|-------|-------|-------|--------|-----------
         Aggregated                                                                        31     0(0.00%) |   2017     455    3469   2400 |    0.00        0.00

Type     Name                                                                          # reqs      # fails |    Avg     Min     Max    Med |   req/s  failures/s
--------|----------------------------------------------------------------------------|-------|-------------|-------|-------|-------|-------|--------|-----------
POST     POST /notifications [EMAIL]                                                       79     0(0.00%) |   1393     389    3469   1100 |    5.25        0.00
--------|----------------------------------------------------------------------------|-------|-------------|-------|-------|-------|-------|--------|-----------
         Aggregated                                                                        79     0(0.00%) |   1393     389    3469   1100 |    5.25        0.00

Type     Name                                                                          # reqs      # fails |    Avg     Min     Max    Med |   req/s  failures/s
--------|----------------------------------------------------------------------------|-------|-------------|-------|-------|-------|-------|--------|-----------
POST     POST /notifications [EMAIL]                                                      131     0(0.00%) |   1131     277    3469    940 |   10.33        0.00
--------|----------------------------------------------------------------------------|-------|-------------|-------|-------|-------|-------|--------|-----------
         Aggregated                                                                       131     0(0.00%) |   1131     277    3469    940 |   10.33        0.00

Type     Name                                                                          # reqs      # fails |    Avg     Min     Max    Med |   req/s  failures/s
--------|----------------------------------------------------------------------------|-------|-------------|-------|-------|-------|-------|--------|-----------
POST     POST /notifications [EMAIL]                                                      186     0(0.00%) |    989     277    3469    830 |   14.12        0.00
--------|----------------------------------------------------------------------------|-------|-------------|-------|-------|-------|-------|--------|-----------
         Aggregated                                                                       186     0(0.00%) |    989     277    3469    830 |   14.12        0.00

Type     Name                                                                          # reqs      # fails |    Avg     Min     Max    Med |   req/s  failures/s
--------|----------------------------------------------------------------------------|-------|-------------|-------|-------|-------|-------|--------|-----------
POST     POST /notifications [EMAIL]                                                      253     0(0.00%) |    899     277    3469    730 |   17.50        0.00
--------|----------------------------------------------------------------------------|-------|-------------|-------|-------|-------|-------|--------|-----------
         Aggregated                                                                       253     0(0.00%) |    899     277    3469    730 |   17.50        0.00

Type     Name                                                                          # reqs      # fails |    Avg     Min     Max    Med |   req/s  failures/s
--------|----------------------------------------------------------------------------|-------|-------------|-------|-------|-------|-------|--------|-----------
POST     POST /notifications [EMAIL]                                                      311     0(0.00%) |    845     277    3469    670 |   23.20        0.00
--------|----------------------------------------------------------------------------|-------|-------------|-------|-------|-------|-------|--------|-----------
         Aggregated                                                                       311     0(0.00%) |    845     277    3469    670 |   23.20        0.00

Type     Name                                                                          # reqs      # fails |    Avg     Min     Max    Med |   req/s  failures/s
--------|----------------------------------------------------------------------------|-------|-------------|-------|-------|-------|-------|--------|-----------
POST     POST /notifications [EMAIL]                                                      382     0(0.00%) |    797     277    3469    640 |   27.30        0.00
--------|----------------------------------------------------------------------------|-------|-------------|-------|-------|-------|-------|--------|-----------
         Aggregated                                                                       382     0(0.00%) |    797     277    3469    640 |   27.30        0.00

Type     Name                                                                          # reqs      # fails |    Avg     Min     Max    Med |   req/s  failures/s
--------|----------------------------------------------------------------------------|-------|-------------|-------|-------|-------|-------|--------|-----------
POST     POST /notifications [EMAIL]                                                      436     0(0.00%) |    773     277    3469    630 |   30.00        0.00
--------|----------------------------------------------------------------------------|-------|-------------|-------|-------|-------|-------|--------|-----------
         Aggregated                                                                       436     0(0.00%) |    773     277    3469    630 |   30.00        0.00

Type     Name                                                                          # reqs      # fails |    Avg     Min     Max    Med |   req/s  failures/s
--------|----------------------------------------------------------------------------|-------|-------------|-------|-------|-------|-------|--------|-----------
POST     POST /notifications [EMAIL]                                                      507     0(0.00%) |    750     277    3469    620 |   30.80        0.00
--------|----------------------------------------------------------------------------|-------|-------------|-------|-------|-------|-------|--------|-----------
         Aggregated                                                                       507     0(0.00%) |    750     277    3469    620 |   30.80        0.00

Type     Name                                                                          # reqs      # fails |    Avg     Min     Max    Med |   req/s  failures/s
--------|----------------------------------------------------------------------------|-------|-------------|-------|-------|-------|-------|--------|-----------
POST     POST /notifications [EMAIL]                                                      564     0(0.00%) |    737     277    3469    620 |   31.00        0.00
--------|----------------------------------------------------------------------------|-------|-------------|-------|-------|-------|-------|--------|-----------
         Aggregated                                                                       564     0(0.00%) |    737     277    3469    620 |   31.00        0.00

Type     Name                                                                          # reqs      # fails |    Avg     Min     Max    Med |   req/s  failures/s
--------|----------------------------------------------------------------------------|-------|-------------|-------|-------|-------|-------|--------|-----------
POST     POST /notifications [EMAIL]                                                      627     0(0.00%) |    728     277    3469    620 |   31.50        0.00
--------|----------------------------------------------------------------------------|-------|-------------|-------|-------|-------|-------|--------|-----------
         Aggregated                                                                       627     0(0.00%) |    728     277    3469    620 |   31.50        0.00

Type     Name                                                                          # reqs      # fails |    Avg     Min     Max    Med |   req/s  failures/s
--------|----------------------------------------------------------------------------|-------|-------------|-------|-------|-------|-------|--------|-----------
POST     POST /notifications [EMAIL]                                                      678     0(0.00%) |    723     277    3469    630 |   31.00        0.00
--------|----------------------------------------------------------------------------|-------|-------------|-------|-------|-------|-------|--------|-----------
         Aggregated                                                                       678     0(0.00%) |    723     277    3469    630 |   31.00        0.00

Type     Name                                                                          # reqs      # fails |    Avg     Min     Max    Med |   req/s  failures/s
--------|----------------------------------------------------------------------------|-------|-------------|-------|-------|-------|-------|--------|-----------
POST     POST /notifications [EMAIL]                                                      743     0(0.00%) |    717     232    3469    630 |   29.80        0.00
--------|----------------------------------------------------------------------------|-------|-------------|-------|-------|-------|-------|--------|-----------
         Aggregated                                                                       743     0(0.00%) |    717     232    3469    630 |   29.80        0.00

Type     Name                                                                          # reqs      # fails |    Avg     Min     Max    Med |   req/s  failures/s
--------|----------------------------------------------------------------------------|-------|-------------|-------|-------|-------|-------|--------|-----------
POST     POST /notifications [EMAIL]                                                      794     0(0.00%) |    718     232    3469    640 |   30.10        0.00
--------|----------------------------------------------------------------------------|-------|-------------|-------|-------|-------|-------|--------|-----------
         Aggregated                                                                       794     0(0.00%) |    718     232    3469    640 |   30.10        0.00

Type     Name                                                                          # reqs      # fails |    Avg     Min     Max    Med |   req/s  failures/s
--------|----------------------------------------------------------------------------|-------|-------------|-------|-------|-------|-------|--------|-----------
POST     POST /notifications [EMAIL]                                                      847     0(0.00%) |    718     232    3469    640 |   28.70        0.00
--------|----------------------------------------------------------------------------|-------|-------------|-------|-------|-------|-------|--------|-----------
         Aggregated                                                                       847     0(0.00%) |    718     232    3469    640 |   28.70        0.00

Type     Name                                                                          # reqs      # fails |    Avg     Min     Max    Med |   req/s  failures/s
--------|----------------------------------------------------------------------------|-------|-------------|-------|-------|-------|-------|--------|-----------
POST     POST /notifications [EMAIL]                                                      897     0(0.00%) |    719     232    3469    650 |   28.40        0.00
--------|----------------------------------------------------------------------------|-------|-------------|-------|-------|-------|-------|--------|-----------
         Aggregated                                                                       897     0(0.00%) |    719     232    3469    650 |   28.40        0.00

Type     Name                                                                          # reqs      # fails |    Avg     Min     Max    Med |   req/s  failures/s
--------|----------------------------------------------------------------------------|-------|-------------|-------|-------|-------|-------|--------|-----------
POST     POST /notifications [EMAIL]                                                      942     0(0.00%) |    725     232    3469    660 |   27.40        0.00
--------|----------------------------------------------------------------------------|-------|-------------|-------|-------|-------|-------|--------|-----------
         Aggregated                                                                       942     0(0.00%) |    725     232    3469    660 |   27.40        0.00

Type     Name                                                                          # reqs      # fails |    Avg     Min     Max    Med |   req/s  failures/s
--------|----------------------------------------------------------------------------|-------|-------------|-------|-------|-------|-------|--------|-----------
POST     POST /notifications [EMAIL]                                                      988     0(0.00%) |    728     232    3469    670 |   26.40        0.00
--------|----------------------------------------------------------------------------|-------|-------------|-------|-------|-------|-------|--------|-----------
         Aggregated                                                                       988     0(0.00%) |    728     232    3469    670 |   26.40        0.00

Type     Name                                                                          # reqs      # fails |    Avg     Min     Max    Med |   req/s  failures/s
--------|----------------------------------------------------------------------------|-------|-------------|-------|-------|-------|-------|--------|-----------
POST     POST /notifications [EMAIL]                                                     1031     0(0.00%) |    734     232    3469    670 |   25.70        0.00
--------|----------------------------------------------------------------------------|-------|-------------|-------|-------|-------|-------|--------|-----------
         Aggregated                                                                      1031     0(0.00%) |    734     232    3469    670 |   25.70        0.00

Type     Name                                                                          # reqs      # fails |    Avg     Min     Max    Med |   req/s  failures/s
--------|----------------------------------------------------------------------------|-------|-------------|-------|-------|-------|-------|--------|-----------
POST     POST /notifications [EMAIL]                                                     1069     0(0.00%) |    746     232    3469    680 |   24.20        0.00
--------|----------------------------------------------------------------------------|-------|-------------|-------|-------|-------|-------|--------|-----------
         Aggregated                                                                      1069     0(0.00%) |    746     232    3469    680 |   24.20        0.00

Type     Name                                                                          # reqs      # fails |    Avg     Min     Max    Med |   req/s  failures/s
--------|----------------------------------------------------------------------------|-------|-------------|-------|-------|-------|-------|--------|-----------
POST     POST /notifications [EMAIL]                                                     1131     0(0.00%) |    742     232    3469    670 |   22.30        0.00
--------|----------------------------------------------------------------------------|-------|-------------|-------|-------|-------|-------|--------|-----------
         Aggregated                                                                      1131     0(0.00%) |    742     232    3469    670 |   22.30        0.00

Type     Name                                                                          # reqs      # fails |    Avg     Min     Max    Med |   req/s  failures/s
--------|----------------------------------------------------------------------------|-------|-------------|-------|-------|-------|-------|--------|-----------
POST     POST /notifications [EMAIL]                                                     1205     0(0.00%) |    729     176    3469    660 |   23.00        0.00
--------|----------------------------------------------------------------------------|-------|-------------|-------|-------|-------|-------|--------|-----------
         Aggregated                                                                      1205     0(0.00%) |    729     176    3469    660 |   23.00        0.00

Type     Name                                                                          # reqs      # fails |    Avg     Min     Max    Med |   req/s  failures/s
--------|----------------------------------------------------------------------------|-------|-------------|-------|-------|-------|-------|--------|-----------
POST     POST /notifications [EMAIL]                                                     1276     0(0.00%) |    719     176    3469    650 |   25.40        0.00
--------|----------------------------------------------------------------------------|-------|-------------|-------|-------|-------|-------|--------|-----------
         Aggregated                                                                      1276     0(0.00%) |    719     176    3469    650 |   25.40        0.00

Type     Name                                                                          # reqs      # fails |    Avg     Min     Max    Med |   req/s  failures/s
--------|----------------------------------------------------------------------------|-------|-------------|-------|-------|-------|-------|--------|-----------
POST     POST /notifications [EMAIL]                                                     1342     0(0.00%) |    713     176    3469    650 |   26.60        0.00
--------|----------------------------------------------------------------------------|-------|-------------|-------|-------|-------|-------|--------|-----------
         Aggregated                                                                      1342     0(0.00%) |    713     176    3469    650 |   26.60        0.00

Type     Name                                                                          # reqs      # fails |    Avg     Min     Max    Med |   req/s  failures/s
--------|----------------------------------------------------------------------------|-------|-------------|-------|-------|-------|-------|--------|-----------
POST     POST /notifications [EMAIL]                                                     1404     0(0.00%) |    707     131    3469    640 |   29.90        0.00
--------|----------------------------------------------------------------------------|-------|-------------|-------|-------|-------|-------|--------|-----------
         Aggregated                                                                      1404     0(0.00%) |    707     131    3469    640 |   29.90        0.00

Type     Name                                                                          # reqs      # fails |    Avg     Min     Max    Med |   req/s  failures/s
--------|----------------------------------------------------------------------------|-------|-------------|-------|-------|-------|-------|--------|-----------
POST     POST /notifications [EMAIL]                                                     1470     0(0.00%) |    698     131    3469    640 |   33.30        0.00
--------|----------------------------------------------------------------------------|-------|-------------|-------|-------|-------|-------|--------|-----------
         Aggregated                                                                      1470     0(0.00%) |    698     131    3469    640 |   33.30        0.00

Type     Name                                                                          # reqs      # fails |    Avg     Min     Max    Med |   req/s  failures/s
--------|----------------------------------------------------------------------------|-------|-------------|-------|-------|-------|-------|--------|-----------
POST     POST /notifications [EMAIL]                                                     1528     0(0.00%) |    698      98    3469    640 |   34.60        0.00
--------|----------------------------------------------------------------------------|-------|-------------|-------|-------|-------|-------|--------|-----------
         Aggregated                                                                      1528     0(0.00%) |    698      98    3469    640 |   34.60        0.00

Type     Name                                                                          # reqs      # fails |    Avg     Min     Max    Med |   req/s  failures/s
--------|----------------------------------------------------------------------------|-------|-------------|-------|-------|-------|-------|--------|-----------
POST     POST /notifications [EMAIL]                                                     1588     0(0.00%) |    695      57    3469    640 |   33.10        0.00
--------|----------------------------------------------------------------------------|-------|-------------|-------|-------|-------|-------|--------|-----------
         Aggregated                                                                      1588     0(0.00%) |    695      57    3469    640 |   33.10        0.00

Type     Name                                                                          # reqs      # fails |    Avg     Min     Max    Med |   req/s  failures/s
--------|----------------------------------------------------------------------------|-------|-------------|-------|-------|-------|-------|--------|-----------
POST     POST /notifications [EMAIL]                                                     1646     0(0.00%) |    696      57    3469    640 |   32.20        0.00
--------|----------------------------------------------------------------------------|-------|-------------|-------|-------|-------|-------|--------|-----------
         Aggregated                                                                      1646     0(0.00%) |    696      57    3469    640 |   32.20        0.00

Type     Name                                                                          # reqs      # fails |    Avg     Min     Max    Med |   req/s  failures/s
--------|----------------------------------------------------------------------------|-------|-------------|-------|-------|-------|-------|--------|-----------
POST     POST /notifications [EMAIL]                                                     1715     0(0.00%) |    692      57    3469    640 |   31.10        0.00
--------|----------------------------------------------------------------------------|-------|-------------|-------|-------|-------|-------|--------|-----------
         Aggregated                                                                      1715     0(0.00%) |    692      57    3469    640 |   31.10        0.00

Type     Name                                                                          # reqs      # fails |    Avg     Min     Max    Med |   req/s  failures/s
--------|----------------------------------------------------------------------------|-------|-------------|-------|-------|-------|-------|--------|-----------
POST     POST /notifications [EMAIL]                                                     1761     0(0.00%) |    694      57    3469    650 |   29.30        0.00
--------|----------------------------------------------------------------------------|-------|-------------|-------|-------|-------|-------|--------|-----------
         Aggregated                                                                      1761     0(0.00%) |    694      57    3469    650 |   29.30        0.00

Type     Name                                                                          # reqs      # fails |    Avg     Min     Max    Med |   req/s  failures/s
--------|----------------------------------------------------------------------------|-------|-------------|-------|-------|-------|-------|--------|-----------
POST     POST /notifications [EMAIL]                                                     1803     0(0.00%) |    698      57    3469    650 |   28.00        0.00
--------|----------------------------------------------------------------------------|-------|-------------|-------|-------|-------|-------|--------|-----------
         Aggregated                                                                      1803     0(0.00%) |    698      57    3469    650 |   28.00        0.00

Type     Name                                                                          # reqs      # fails |    Avg     Min     Max    Med |   req/s  failures/s
--------|----------------------------------------------------------------------------|-------|-------------|-------|-------|-------|-------|--------|-----------
POST     POST /notifications [EMAIL]                                                     1845     0(0.00%) |    700      57    3469    650 |   27.80        0.00
--------|----------------------------------------------------------------------------|-------|-------------|-------|-------|-------|-------|--------|-----------
         Aggregated                                                                      1845     0(0.00%) |    700      57    3469    650 |   27.80        0.00

Type     Name                                                                          # reqs      # fails |    Avg     Min     Max    Med |   req/s  failures/s
--------|----------------------------------------------------------------------------|-------|-------------|-------|-------|-------|-------|--------|-----------
POST     POST /notifications [EMAIL]                                                     1878     0(0.00%) |    708      57    3469    660 |   27.00        0.00
--------|----------------------------------------------------------------------------|-------|-------------|-------|-------|-------|-------|--------|-----------
         Aggregated                                                                      1878     0(0.00%) |    708      57    3469    660 |   27.00        0.00

Type     Name                                                                          # reqs      # fails |    Avg     Min     Max    Med |   req/s  failures/s
--------|----------------------------------------------------------------------------|-------|-------------|-------|-------|-------|-------|--------|-----------
POST     POST /notifications [EMAIL]                                                     1917     0(0.00%) |    717      57    3469    660 |   24.20        0.00
--------|----------------------------------------------------------------------------|-------|-------------|-------|-------|-------|-------|--------|-----------
         Aggregated                                                                      1917     0(0.00%) |    717      57    3469    660 |   24.20        0.00

Type     Name                                                                          # reqs      # fails |    Avg     Min     Max    Med |   req/s  failures/s
--------|----------------------------------------------------------------------------|-------|-------------|-------|-------|-------|-------|--------|-----------
POST     POST /notifications [EMAIL]                                                     1941     0(0.00%) |    723      57    3469    670 |   21.90        0.00
--------|----------------------------------------------------------------------------|-------|-------------|-------|-------|-------|-------|--------|-----------
         Aggregated                                                                      1941     0(0.00%) |    723      57    3469    670 |   21.90        0.00

Type     Name                                                                          # reqs      # fails |    Avg     Min     Max    Med |   req/s  failures/s
--------|----------------------------------------------------------------------------|-------|-------------|-------|-------|-------|-------|--------|-----------
POST     POST /notifications [EMAIL]                                                     1972     0(0.00%) |    733      57    3469    670 |   19.80        0.00
--------|----------------------------------------------------------------------------|-------|-------------|-------|-------|-------|-------|--------|-----------
         Aggregated                                                                      1972     0(0.00%) |    733      57    3469    670 |   19.80        0.00

Type     Name                                                                          # reqs      # fails |    Avg     Min     Max    Med |   req/s  failures/s
--------|----------------------------------------------------------------------------|-------|-------------|-------|-------|-------|-------|--------|-----------
POST     POST /notifications [EMAIL]                                                     2014     0(0.00%) |    741      57    3469    680 |   17.60        0.00
--------|----------------------------------------------------------------------------|-------|-------------|-------|-------|-------|-------|--------|-----------
         Aggregated                                                                      2014     0(0.00%) |    741      57    3469    680 |   17.60        0.00

Type     Name                                                                          # reqs      # fails |    Avg     Min     Max    Med |   req/s  failures/s
--------|----------------------------------------------------------------------------|-------|-------------|-------|-------|-------|-------|--------|-----------
POST     POST /notifications [EMAIL]                                                     2049     0(0.00%) |    747      57    3469    680 |   15.80        0.00
--------|----------------------------------------------------------------------------|-------|-------------|-------|-------|-------|-------|--------|-----------
         Aggregated                                                                      2049     0(0.00%) |    747      57    3469    680 |   15.80        0.00

Type     Name                                                                          # reqs      # fails |    Avg     Min     Max    Med |   req/s  failures/s
--------|----------------------------------------------------------------------------|-------|-------------|-------|-------|-------|-------|--------|-----------
POST     POST /notifications [EMAIL]                                                     2088     0(0.00%) |    751      57    3469    690 |   16.40        0.00
--------|----------------------------------------------------------------------------|-------|-------------|-------|-------|-------|-------|--------|-----------
         Aggregated                                                                      2088     0(0.00%) |    751      57    3469    690 |   16.40        0.00

Type     Name                                                                          # reqs      # fails |    Avg     Min     Max    Med |   req/s  failures/s
--------|----------------------------------------------------------------------------|-------|-------------|-------|-------|-------|-------|--------|-----------
POST     POST /notifications [EMAIL]                                                     2124     0(0.00%) |    756      57    3469    700 |   17.00        0.00
--------|----------------------------------------------------------------------------|-------|-------------|-------|-------|-------|-------|--------|-----------
         Aggregated                                                                      2124     0(0.00%) |    756      57    3469    700 |   17.00        0.00

Type     Name                                                                          # reqs      # fails |    Avg     Min     Max    Med |   req/s  failures/s
--------|----------------------------------------------------------------------------|-------|-------------|-------|-------|-------|-------|--------|-----------
POST     POST /notifications [EMAIL]                                                     2153     0(0.00%) |    762      57    3469    700 |   18.30        0.00
--------|----------------------------------------------------------------------------|-------|-------------|-------|-------|-------|-------|--------|-----------
         Aggregated                                                                      2153     0(0.00%) |    762      57    3469    700 |   18.30        0.00

Type     Name                                                                          # reqs      # fails |    Avg     Min     Max    Med |   req/s  failures/s
--------|----------------------------------------------------------------------------|-------|-------------|-------|-------|-------|-------|--------|-----------
POST     POST /notifications [EMAIL]                                                     2190     0(0.00%) |    768      57    3469    710 |   18.10        0.00
--------|----------------------------------------------------------------------------|-------|-------------|-------|-------|-------|-------|--------|-----------
         Aggregated                                                                      2190     0(0.00%) |    768      57    3469    710 |   18.10        0.00

Type     Name                                                                          # reqs      # fails |    Avg     Min     Max    Med |   req/s  failures/s
--------|----------------------------------------------------------------------------|-------|-------------|-------|-------|-------|-------|--------|-----------
POST     POST /notifications [EMAIL]                                                     2226     0(0.00%) |    774      57    3469    720 |   18.30        0.00
--------|----------------------------------------------------------------------------|-------|-------------|-------|-------|-------|-------|--------|-----------
         Aggregated                                                                      2226     0(0.00%) |    774      57    3469    720 |   18.30        0.00

Type     Name                                                                          # reqs      # fails |    Avg     Min     Max    Med |   req/s  failures/s
--------|----------------------------------------------------------------------------|-------|-------------|-------|-------|-------|-------|--------|-----------
POST     POST /notifications [EMAIL]                                                     2255     0(0.00%) |    780      57    3469    720 |   18.60        0.00
--------|----------------------------------------------------------------------------|-------|-------------|-------|-------|-------|-------|--------|-----------
         Aggregated                                                                      2255     0(0.00%) |    780      57    3469    720 |   18.60        0.00

Type     Name                                                                          # reqs      # fails |    Avg     Min     Max    Med |   req/s  failures/s
--------|----------------------------------------------------------------------------|-------|-------------|-------|-------|-------|-------|--------|-----------
POST     POST /notifications [EMAIL]                                                     2292     0(0.00%) |    784      57    3469    720 |   17.70        0.00
--------|----------------------------------------------------------------------------|-------|-------------|-------|-------|-------|-------|--------|-----------
         Aggregated                                                                      2292     0(0.00%) |    784      57    3469    720 |   17.70        0.00

Type     Name                                                                          # reqs      # fails |    Avg     Min     Max    Med |   req/s  failures/s
--------|----------------------------------------------------------------------------|-------|-------------|-------|-------|-------|-------|--------|-----------
POST     POST /notifications [EMAIL]                                                     2326     0(0.00%) |    790      57    3469    730 |   16.80        0.00
--------|----------------------------------------------------------------------------|-------|-------------|-------|-------|-------|-------|--------|-----------
         Aggregated                                                                      2326     0(0.00%) |    790      57    3469    730 |   16.80        0.00

Type     Name                                                                          # reqs      # fails |    Avg     Min     Max    Med |   req/s  failures/s
--------|----------------------------------------------------------------------------|-------|-------------|-------|-------|-------|-------|--------|-----------
POST     POST /notifications [EMAIL]                                                     2359     0(0.00%) |    793      57    3469    740 |   17.10        0.00
--------|----------------------------------------------------------------------------|-------|-------------|-------|-------|-------|-------|--------|-----------
         Aggregated                                                                      2359     0(0.00%) |    793      57    3469    740 |   17.10        0.00

Type     Name                                                                          # reqs      # fails |    Avg     Min     Max    Med |   req/s  failures/s
--------|----------------------------------------------------------------------------|-------|-------------|-------|-------|-------|-------|--------|-----------
POST     POST /notifications [EMAIL]                                                     2394     0(0.00%) |    801      57    3469    740 |   17.80        0.00
--------|----------------------------------------------------------------------------|-------|-------------|-------|-------|-------|-------|--------|-----------
         Aggregated                                                                      2394     0(0.00%) |    801      57    3469    740 |   17.80        0.00

Type     Name                                                                          # reqs      # fails |    Avg     Min     Max    Med |   req/s  failures/s
--------|----------------------------------------------------------------------------|-------|-------------|-------|-------|-------|-------|--------|-----------
POST     POST /notifications [EMAIL]                                                     2432     0(0.00%) |    804      57    3469    740 |   16.00        0.00
--------|----------------------------------------------------------------------------|-------|-------------|-------|-------|-------|-------|--------|-----------
         Aggregated                                                                      2432     0(0.00%) |    804      57    3469    740 |   16.00        0.00

Type     Name                                                                          # reqs      # fails |    Avg     Min     Max    Med |   req/s  failures/s
--------|----------------------------------------------------------------------------|-------|-------------|-------|-------|-------|-------|--------|-----------
POST     POST /notifications [EMAIL]                                                     2479     0(0.00%) |    806      57    3469    750 |   17.50        0.00
--------|----------------------------------------------------------------------------|-------|-------------|-------|-------|-------|-------|--------|-----------
         Aggregated                                                                      2479     0(0.00%) |    806      57    3469    750 |   17.50        0.00

Type     Name                                                                          # reqs      # fails |    Avg     Min     Max    Med |   req/s  failures/s
--------|----------------------------------------------------------------------------|-------|-------------|-------|-------|-------|-------|--------|-----------
POST     POST /notifications [EMAIL]                                                     2519     0(0.00%) |    808      57    3469    750 |   17.70        0.00
--------|----------------------------------------------------------------------------|-------|-------------|-------|-------|-------|-------|--------|-----------
         Aggregated                                                                      2519     0(0.00%) |    808      57    3469    750 |   17.70        0.00

Type     Name                                                                          # reqs      # fails |    Avg     Min     Max    Med |   req/s  failures/s
--------|----------------------------------------------------------------------------|-------|-------------|-------|-------|-------|-------|--------|-----------
POST     POST /notifications [EMAIL]                                                     2563     0(0.00%) |    810      57    3469    750 |   18.60        0.00
--------|----------------------------------------------------------------------------|-------|-------------|-------|-------|-------|-------|--------|-----------
         Aggregated                                                                      2563     0(0.00%) |    810      57    3469    750 |   18.60        0.00

Type     Name                                                                          # reqs      # fails |    Avg     Min     Max    Med |   req/s  failures/s
--------|----------------------------------------------------------------------------|-------|-------------|-------|-------|-------|-------|--------|-----------
POST     POST /notifications [EMAIL]                                                     2604     0(0.00%) |    812      57    3469    750 |   18.40        0.00
--------|----------------------------------------------------------------------------|-------|-------------|-------|-------|-------|-------|--------|-----------
         Aggregated                                                                      2604     0(0.00%) |    812      57    3469    750 |   18.40        0.00

Type     Name                                                                          # reqs      # fails |    Avg     Min     Max    Med |   req/s  failures/s
--------|----------------------------------------------------------------------------|-------|-------------|-------|-------|-------|-------|--------|-----------
POST     POST /notifications [EMAIL]                                                     2634     0(0.00%) |    815      57    3469    760 |   20.60        0.00
--------|----------------------------------------------------------------------------|-------|-------------|-------|-------|-------|-------|--------|-----------
         Aggregated                                                                      2634     0(0.00%) |    815      57    3469    760 |   20.60        0.00

Type     Name                                                                          # reqs      # fails |    Avg     Min     Max    Med |   req/s  failures/s
--------|----------------------------------------------------------------------------|-------|-------------|-------|-------|-------|-------|--------|-----------
POST     POST /notifications [EMAIL]                                                     2671     0(0.00%) |    819      57    3469    760 |   20.30        0.00
--------|----------------------------------------------------------------------------|-------|-------------|-------|-------|-------|-------|--------|-----------
         Aggregated                                                                      2671     0(0.00%) |    819      57    3469    760 |   20.30        0.00

Type     Name                                                                          # reqs      # fails |    Avg     Min     Max    Med |   req/s  failures/s
--------|----------------------------------------------------------------------------|-------|-------------|-------|-------|-------|-------|--------|-----------
POST     POST /notifications [EMAIL]                                                     2714     0(0.00%) |    821      57    3469    760 |   19.60        0.00
--------|----------------------------------------------------------------------------|-------|-------------|-------|-------|-------|-------|--------|-----------
         Aggregated                                                                      2714     0(0.00%) |    821      57    3469    760 |   19.60        0.00

Type     Name                                                                          # reqs      # fails |    Avg     Min     Max    Med |   req/s  failures/s
--------|----------------------------------------------------------------------------|-------|-------------|-------|-------|-------|-------|--------|-----------
POST     POST /notifications [EMAIL]                                                     2753     0(0.00%) |    823      57    3469    770 |   19.60        0.00
--------|----------------------------------------------------------------------------|-------|-------------|-------|-------|-------|-------|--------|-----------
         Aggregated                                                                      2753     0(0.00%) |    823      57    3469    770 |   19.60        0.00

Type     Name                                                                          # reqs      # fails |    Avg     Min     Max    Med |   req/s  failures/s
--------|----------------------------------------------------------------------------|-------|-------------|-------|-------|-------|-------|--------|-----------
POST     POST /notifications [EMAIL]                                                     2792     0(0.00%) |    825      57    3469    770 |   19.50        0.00
--------|----------------------------------------------------------------------------|-------|-------------|-------|-------|-------|-------|--------|-----------
         Aggregated                                                                      2792     0(0.00%) |    825      57    3469    770 |   19.50        0.00

[2026-04-21 10:00:53,759] ip-10-0-1-128/INFO/locust.runners: Shape test updating to 400 users at 80.00 spawn rate
[2026-04-21 10:00:53,760] ip-10-0-1-128/INFO/locust.runners: Ramping to 400 users at a rate of 80.00 per second
Type     Name                                                                          # reqs      # fails |    Avg     Min     Max    Med |   req/s  failures/s
--------|----------------------------------------------------------------------------|-------|-------------|-------|-------|-------|-------|--------|-----------
POST     POST /notifications [EMAIL]                                                     2839     0(0.00%) |    832      57    3469    770 |   20.00        0.00
--------|----------------------------------------------------------------------------|-------|-------------|-------|-------|-------|-------|--------|-----------
         Aggregated                                                                      2839     0(0.00%) |    832      57    3469    770 |   20.00        0.00

Type     Name                                                                          # reqs      # fails |    Avg     Min     Max    Med |   req/s  failures/s
--------|----------------------------------------------------------------------------|-------|-------------|-------|-------|-------|-------|--------|-----------
POST     POST /notifications [EMAIL]                                                     2877     0(0.00%) |    850      57    3745    780 |   19.70        0.00
--------|----------------------------------------------------------------------------|-------|-------------|-------|-------|-------|-------|--------|-----------
         Aggregated                                                                      2877     0(0.00%) |    850      57    3745    780 |   19.70        0.00

[2026-04-21 10:00:57,774] ip-10-0-1-128/INFO/locust.runners: All users spawned: {"NotificationUser": 400} (400 total users)
Type     Name                                                                          # reqs      # fails |    Avg     Min     Max    Med |   req/s  failures/s
--------|----------------------------------------------------------------------------|-------|-------------|-------|-------|-------|-------|--------|-----------
POST     POST /notifications [EMAIL]                                                     2917     0(0.00%) |    892      57    5359    780 |   20.30        0.00
--------|----------------------------------------------------------------------------|-------|-------------|-------|-------|-------|-------|--------|-----------
         Aggregated                                                                      2917     0(0.00%) |    892      57    5359    780 |   20.30        0.00

Type     Name                                                                          # reqs      # fails |    Avg     Min     Max    Med |   req/s  failures/s
--------|----------------------------------------------------------------------------|-------|-------------|-------|-------|-------|-------|--------|-----------
POST     POST /notifications [EMAIL]                                                     2946     0(0.00%) |    937      57    6693    790 |   20.20        0.00
--------|----------------------------------------------------------------------------|-------|-------------|-------|-------|-------|-------|--------|-----------
         Aggregated                                                                      2946     0(0.00%) |    937      57    6693    790 |   20.20        0.00

Type     Name                                                                          # reqs      # fails |    Avg     Min     Max    Med |   req/s  failures/s
--------|----------------------------------------------------------------------------|-------|-------------|-------|-------|-------|-------|--------|-----------
POST     POST /notifications [EMAIL]                                                     2988     0(0.00%) |   1029      57    8866    800 |   20.10        0.00
--------|----------------------------------------------------------------------------|-------|-------------|-------|-------|-------|-------|--------|-----------
         Aggregated                                                                      2988     0(0.00%) |   1029      57    8866    800 |   20.10        0.00

Type     Name                                                                          # reqs      # fails |    Avg     Min     Max    Med |   req/s  failures/s
--------|----------------------------------------------------------------------------|-------|-------------|-------|-------|-------|-------|--------|-----------
POST     POST /notifications [EMAIL]                                                     3026     0(0.00%) |   1129      57    9876    810 |   18.80        0.00
--------|----------------------------------------------------------------------------|-------|-------------|-------|-------|-------|-------|--------|-----------
         Aggregated                                                                      3026     0(0.00%) |   1129      57    9876    810 |   18.80        0.00

Type     Name                                                                          # reqs      # fails |    Avg     Min     Max    Med |   req/s  failures/s
--------|----------------------------------------------------------------------------|-------|-------------|-------|-------|-------|-------|--------|-----------
POST     POST /notifications [EMAIL]                                                     3070     0(0.00%) |   1269      57   13839    810 |   18.70        0.00
--------|----------------------------------------------------------------------------|-------|-------------|-------|-------|-------|-------|--------|-----------
         Aggregated                                                                      3070     0(0.00%) |   1269      57   13839    810 |   18.70        0.00

Type     Name                                                                          # reqs      # fails |    Avg     Min     Max    Med |   req/s  failures/s
--------|----------------------------------------------------------------------------|-------|-------------|-------|-------|-------|-------|--------|-----------
POST     POST /notifications [EMAIL]                                                     3101     0(0.00%) |   1385      57   15050    820 |   19.00        0.00
--------|----------------------------------------------------------------------------|-------|-------------|-------|-------|-------|-------|--------|-----------
         Aggregated                                                                      3101     0(0.00%) |   1385      57   15050    820 |   19.00        0.00

Type     Name                                                                          # reqs      # fails |    Avg     Min     Max    Med |   req/s  failures/s
--------|----------------------------------------------------------------------------|-------|-------------|-------|-------|-------|-------|--------|-----------
POST     POST /notifications [EMAIL]                                                     3143     0(0.00%) |   1542      57   16616    830 |   19.30        0.00
--------|----------------------------------------------------------------------------|-------|-------------|-------|-------|-------|-------|--------|-----------
         Aggregated                                                                      3143     0(0.00%) |   1542      57   16616    830 |   19.30        0.00

Type     Name                                                                          # reqs      # fails |    Avg     Min     Max    Med |   req/s  failures/s
--------|----------------------------------------------------------------------------|-------|-------------|-------|-------|-------|-------|--------|-----------
POST     POST /notifications [EMAIL]                                                     3184     0(0.00%) |   1697      57   17849    830 |   19.20        0.00
--------|----------------------------------------------------------------------------|-------|-------------|-------|-------|-------|-------|--------|-----------
         Aggregated                                                                      3184     0(0.00%) |   1697      57   17849    830 |   19.20        0.00

Type     Name                                                                          # reqs      # fails |    Avg     Min     Max    Med |   req/s  failures/s
--------|----------------------------------------------------------------------------|-------|-------------|-------|-------|-------|-------|--------|-----------
POST     POST /notifications [EMAIL]                                                     3225     0(0.00%) |   1872      57   19564    840 |   19.80        0.00
--------|----------------------------------------------------------------------------|-------|-------------|-------|-------|-------|-------|--------|-----------
         Aggregated                                                                      3225     0(0.00%) |   1872      57   19564    840 |   19.80        0.00

Type     Name                                                                          # reqs      # fails |    Avg     Min     Max    Med |   req/s  failures/s
--------|----------------------------------------------------------------------------|-------|-------------|-------|-------|-------|-------|--------|-----------
POST     POST /notifications [EMAIL]                                                     3262     0(0.00%) |   2026      57   23670    840 |   19.90        0.00
--------|----------------------------------------------------------------------------|-------|-------------|-------|-------|-------|-------|--------|-----------
         Aggregated                                                                      3262     0(0.00%) |   2026      57   23670    840 |   19.90        0.00

Type     Name                                                                          # reqs      # fails |    Avg     Min     Max    Med |   req/s  failures/s
--------|----------------------------------------------------------------------------|-------|-------------|-------|-------|-------|-------|--------|-----------
POST     POST /notifications [EMAIL]                                                     3308     0(0.00%) |   2228      57   24902    850 |   19.90        0.00
--------|----------------------------------------------------------------------------|-------|-------------|-------|-------|-------|-------|--------|-----------
         Aggregated                                                                      3308     0(0.00%) |   2228      57   24902    850 |   19.90        0.00

Type     Name                                                                          # reqs      # fails |    Avg     Min     Max    Med |   req/s  failures/s
--------|----------------------------------------------------------------------------|-------|-------------|-------|-------|-------|-------|--------|-----------
POST     POST /notifications [EMAIL]                                                     3345     0(0.00%) |   2387      57   26723    850 |   19.80        0.00
--------|----------------------------------------------------------------------------|-------|-------------|-------|-------|-------|-------|--------|-----------
         Aggregated                                                                      3345     0(0.00%) |   2387      57   26723    850 |   19.80        0.00

Type     Name                                                                          # reqs      # fails |    Avg     Min     Max    Med |   req/s  failures/s
--------|----------------------------------------------------------------------------|-------|-------------|-------|-------|-------|-------|--------|-----------
POST     POST /notifications [EMAIL]                                                     3382     0(0.00%) |   2550      57   28750    860 |   19.80        0.00
--------|----------------------------------------------------------------------------|-------|-------------|-------|-------|-------|-------|--------|-----------
         Aggregated                                                                      3382     0(0.00%) |   2550      57   28750    860 |   19.80        0.00

Type     Name                                                                          # reqs      # fails |    Avg     Min     Max    Med |   req/s  failures/s
--------|----------------------------------------------------------------------------|-------|-------------|-------|-------|-------|-------|--------|-----------
POST     POST /notifications [EMAIL]                                                     3429     9(0.26%) |   2763      57   30247    870 |   19.60        0.00
--------|----------------------------------------------------------------------------|-------|-------------|-------|-------|-------|-------|--------|-----------
         Aggregated                                                                      3429     9(0.26%) |   2763      57   30247    870 |   19.60        0.00

Type     Name                                                                          # reqs      # fails |    Avg     Min     Max    Med |   req/s  failures/s
--------|----------------------------------------------------------------------------|-------|-------------|-------|-------|-------|-------|--------|-----------
POST     POST /notifications [EMAIL]                                                     3473    13(0.37%) |   2984      57   30758    870 |   20.90        0.80
--------|----------------------------------------------------------------------------|-------|-------------|-------|-------|-------|-------|--------|-----------
         Aggregated                                                                      3473    13(0.37%) |   2984      57   30758    870 |   20.90        0.80

Type     Name                                                                          # reqs      # fails |    Avg     Min     Max    Med |   req/s  failures/s
--------|----------------------------------------------------------------------------|-------|-------------|-------|-------|-------|-------|--------|-----------
POST     POST /notifications [EMAIL]                                                     3520    13(0.37%) |   3186      57   32788    880 |   21.30        1.30
--------|----------------------------------------------------------------------------|-------|-------------|-------|-------|-------|-------|--------|-----------
         Aggregated                                                                      3520    13(0.37%) |   3186      57   32788    880 |   21.30        1.30

Type     Name                                                                          # reqs      # fails |    Avg     Min     Max    Med |   req/s  failures/s
--------|----------------------------------------------------------------------------|-------|-------------|-------|-------|-------|-------|--------|-----------
POST     POST /notifications [EMAIL]                                                     3559    14(0.39%) |   3384      57   34884    890 |   21.20        1.30
--------|----------------------------------------------------------------------------|-------|-------------|-------|-------|-------|-------|--------|-----------
         Aggregated                                                                      3559    14(0.39%) |   3384      57   34884    890 |   21.20        1.30

Type     Name                                                                          # reqs      # fails |    Avg     Min     Max    Med |   req/s  failures/s
--------|----------------------------------------------------------------------------|-------|-------------|-------|-------|-------|-------|--------|-----------
POST     POST /notifications [EMAIL]                                                     3605    15(0.42%) |   3589      57   35637    900 |   21.30        1.30
--------|----------------------------------------------------------------------------|-------|-------------|-------|-------|-------|-------|--------|-----------
         Aggregated                                                                      3605    15(0.42%) |   3589      57   35637    900 |   21.30        1.30

Type     Name                                                                          # reqs      # fails |    Avg     Min     Max    Med |   req/s  failures/s
--------|----------------------------------------------------------------------------|-------|-------------|-------|-------|-------|-------|--------|-----------
POST     POST /notifications [EMAIL]                                                     3644    18(0.49%) |   3751      57   37752    910 |   22.40        1.50
--------|----------------------------------------------------------------------------|-------|-------------|-------|-------|-------|-------|--------|-----------
         Aggregated                                                                      3644    18(0.49%) |   3751      57   37752    910 |   22.40        1.50

Type     Name                                                                          # reqs      # fails |    Avg     Min     Max    Med |   req/s  failures/s
--------|----------------------------------------------------------------------------|-------|-------------|-------|-------|-------|-------|--------|-----------
POST     POST /notifications [EMAIL]                                                     3688    20(0.54%) |   3911      57   39398    910 |   20.80        0.80
--------|----------------------------------------------------------------------------|-------|-------------|-------|-------|-------|-------|--------|-----------
         Aggregated                                                                      3688    20(0.54%) |   3911      57   39398    910 |   20.80        0.80

Type     Name                                                                          # reqs      # fails |    Avg     Min     Max    Med |   req/s  failures/s
--------|----------------------------------------------------------------------------|-------|-------------|-------|-------|-------|-------|--------|-----------
POST     POST /notifications [EMAIL]                                                     3735    22(0.59%) |   4095      57   40804    920 |   21.00        0.60
--------|----------------------------------------------------------------------------|-------|-------------|-------|-------|-------|-------|--------|-----------
         Aggregated                                                                      3735    22(0.59%) |   4095      57   40804    920 |   21.00        0.60

Type     Name                                                                          # reqs      # fails |    Avg     Min     Max    Med |   req/s  failures/s
--------|----------------------------------------------------------------------------|-------|-------------|-------|-------|-------|-------|--------|-----------
POST     POST /notifications [EMAIL]                                                     3776    23(0.61%) |   4200      57   40804    930 |   21.40        0.80
--------|----------------------------------------------------------------------------|-------|-------------|-------|-------|-------|-------|--------|-----------
         Aggregated                                                                      3776    23(0.61%) |   4200      57   40804    930 |   21.40        0.80

Type     Name                                                                          # reqs      # fails |    Avg     Min     Max    Med |   req/s  failures/s
--------|----------------------------------------------------------------------------|-------|-------------|-------|-------|-------|-------|--------|-----------
POST     POST /notifications [EMAIL]                                                     3810    26(0.68%) |   4344      57   40804    930 |   21.60        0.90
--------|----------------------------------------------------------------------------|-------|-------------|-------|-------|-------|-------|--------|-----------
         Aggregated                                                                      3810    26(0.68%) |   4344      57   40804    930 |   21.60        0.90

Type     Name                                                                          # reqs      # fails |    Avg     Min     Max    Med |   req/s  failures/s
--------|----------------------------------------------------------------------------|-------|-------------|-------|-------|-------|-------|--------|-----------
POST     POST /notifications [EMAIL]                                                     3864    31(0.80%) |   4528      57   40804    940 |   21.00        0.90
--------|----------------------------------------------------------------------------|-------|-------------|-------|-------|-------|-------|--------|-----------
         Aggregated                                                                      3864    31(0.80%) |   4528      57   40804    940 |   21.00        0.90

Type     Name                                                                          # reqs      # fails |    Avg     Min     Max    Med |   req/s  failures/s
--------|----------------------------------------------------------------------------|-------|-------------|-------|-------|-------|-------|--------|-----------
POST     POST /notifications [EMAIL]                                                     3904    33(0.85%) |   4675      57   40804    950 |   21.50        1.20
--------|----------------------------------------------------------------------------|-------|-------------|-------|-------|-------|-------|--------|-----------
         Aggregated                                                                      3904    33(0.85%) |   4675      57   40804    950 |   21.50        1.20

Type     Name                                                                          # reqs      # fails |    Avg     Min     Max    Med |   req/s  failures/s
--------|----------------------------------------------------------------------------|-------|-------------|-------|-------|-------|-------|--------|-----------
POST     POST /notifications [EMAIL]                                                     3952    34(0.86%) |   4862      57   40804    960 |   22.10        1.40
--------|----------------------------------------------------------------------------|-------|-------------|-------|-------|-------|-------|--------|-----------
         Aggregated                                                                      3952    34(0.86%) |   4862      57   40804    960 |   22.10        1.40

Type     Name                                                                          # reqs      # fails |    Avg     Min     Max    Med |   req/s  failures/s
--------|----------------------------------------------------------------------------|-------|-------------|-------|-------|-------|-------|--------|-----------
POST     POST /notifications [EMAIL]                                                     3991    35(0.88%) |   4998      57   40804    960 |   21.70        1.30
--------|----------------------------------------------------------------------------|-------|-------------|-------|-------|-------|-------|--------|-----------
         Aggregated                                                                      3991    35(0.88%) |   4998      57   40804    960 |   21.70        1.30

Type     Name                                                                          # reqs      # fails |    Avg     Min     Max    Med |   req/s  failures/s
--------|----------------------------------------------------------------------------|-------|-------------|-------|-------|-------|-------|--------|-----------
POST     POST /notifications [EMAIL]                                                     4035    39(0.97%) |   5162      57   40804    970 |   21.60        1.30
--------|----------------------------------------------------------------------------|-------|-------------|-------|-------|-------|-------|--------|-----------
         Aggregated                                                                      4035    39(0.97%) |   5162      57   40804    970 |   21.60        1.30

Type     Name                                                                          # reqs      # fails |    Avg     Min     Max    Med |   req/s  failures/s
--------|----------------------------------------------------------------------------|-------|-------------|-------|-------|-------|-------|--------|-----------
POST     POST /notifications [EMAIL]                                                     4077    42(1.03%) |   5308      57   40804    970 |   21.50        1.30
--------|----------------------------------------------------------------------------|-------|-------------|-------|-------|-------|-------|--------|-----------
         Aggregated                                                                      4077    42(1.03%) |   5308      57   40804    970 |   21.50        1.30

Type     Name                                                                          # reqs      # fails |    Avg     Min     Max    Med |   req/s  failures/s
--------|----------------------------------------------------------------------------|-------|-------------|-------|-------|-------|-------|--------|-----------
POST     POST /notifications [EMAIL]                                                     4121    46(1.12%) |   5478      57   40804    980 |   22.50        1.30
--------|----------------------------------------------------------------------------|-------|-------------|-------|-------|-------|-------|--------|-----------
         Aggregated                                                                      4121    46(1.12%) |   5478      57   40804    980 |   22.50        1.30

Type     Name                                                                          # reqs      # fails |    Avg     Min     Max    Med |   req/s  failures/s
--------|----------------------------------------------------------------------------|-------|-------------|-------|-------|-------|-------|--------|-----------
POST     POST /notifications [EMAIL]                                                     4169    51(1.22%) |   5646      57   40804    980 |   21.50        1.10
--------|----------------------------------------------------------------------------|-------|-------------|-------|-------|-------|-------|--------|-----------
         Aggregated                                                                      4169    51(1.22%) |   5646      57   40804    980 |   21.50        1.10

Type     Name                                                                          # reqs      # fails |    Avg     Min     Max    Med |   req/s  failures/s
--------|----------------------------------------------------------------------------|-------|-------------|-------|-------|-------|-------|--------|-----------
POST     POST /notifications [EMAIL]                                                     4215    54(1.28%) |   5790      57   40804    990 |   22.10        1.60
--------|----------------------------------------------------------------------------|-------|-------------|-------|-------|-------|-------|--------|-----------
         Aggregated                                                                      4215    54(1.28%) |   5790      57   40804    990 |   22.10        1.60

Type     Name                                                                          # reqs      # fails |    Avg     Min     Max    Med |   req/s  failures/s
--------|----------------------------------------------------------------------------|-------|-------------|-------|-------|-------|-------|--------|-----------
POST     POST /notifications [EMAIL]                                                     4251    54(1.27%) |   5899      57   40804    990 |   22.60        1.80
--------|----------------------------------------------------------------------------|-------|-------------|-------|-------|-------|-------|--------|-----------
         Aggregated                                                                      4251    54(1.27%) |   5899      57   40804    990 |   22.60        1.80

Type     Name                                                                          # reqs      # fails |    Avg     Min     Max    Med |   req/s  failures/s
--------|----------------------------------------------------------------------------|-------|-------------|-------|-------|-------|-------|--------|-----------
POST     POST /notifications [EMAIL]                                                     4289    54(1.26%) |   5989      57   40804   1000 |   22.90        1.70
--------|----------------------------------------------------------------------------|-------|-------------|-------|-------|-------|-------|--------|-----------
         Aggregated                                                                      4289    54(1.26%) |   5989      57   40804   1000 |   22.90        1.70

Type     Name                                                                          # reqs      # fails |    Avg     Min     Max    Med |   req/s  failures/s
--------|----------------------------------------------------------------------------|-------|-------------|-------|-------|-------|-------|--------|-----------
POST     POST /notifications [EMAIL]                                                     4327    56(1.29%) |   6069      57   40804   1000 |   20.60        1.30
--------|----------------------------------------------------------------------------|-------|-------------|-------|-------|-------|-------|--------|-----------
         Aggregated                                                                      4327    56(1.29%) |   6069      57   40804   1000 |   20.60        1.30

Type     Name                                                                          # reqs      # fails |    Avg     Min     Max    Med |   req/s  failures/s
--------|----------------------------------------------------------------------------|-------|-------------|-------|-------|-------|-------|--------|-----------
POST     POST /notifications [EMAIL]                                                     4368    57(1.30%) |   6153      57   40804   1000 |   20.70        1.10
--------|----------------------------------------------------------------------------|-------|-------------|-------|-------|-------|-------|--------|-----------
         Aggregated                                                                      4368    57(1.30%) |   6153      57   40804   1000 |   20.70        1.10

Type     Name                                                                          # reqs      # fails |    Avg     Min     Max    Med |   req/s  failures/s
--------|----------------------------------------------------------------------------|-------|-------------|-------|-------|-------|-------|--------|-----------
POST     POST /notifications [EMAIL]                                                     4413    61(1.38%) |   6262      57   40804   1000 |   19.50        0.70
--------|----------------------------------------------------------------------------|-------|-------------|-------|-------|-------|-------|--------|-----------
         Aggregated                                                                      4413    61(1.38%) |   6262      57   40804   1000 |   19.50        0.70

Type     Name                                                                          # reqs      # fails |    Avg     Min     Max    Med |   req/s  failures/s
--------|----------------------------------------------------------------------------|-------|-------------|-------|-------|-------|-------|--------|-----------
POST     POST /notifications [EMAIL]                                                     4454    61(1.37%) |   6346      57   40804   1000 |   19.30        0.60
--------|----------------------------------------------------------------------------|-------|-------------|-------|-------|-------|-------|--------|-----------
         Aggregated                                                                      4454    61(1.37%) |   6346      57   40804   1000 |   19.30        0.60

Type     Name                                                                          # reqs      # fails |    Avg     Min     Max    Med |   req/s  failures/s
--------|----------------------------------------------------------------------------|-------|-------------|-------|-------|-------|-------|--------|-----------
POST     POST /notifications [EMAIL]                                                     4501    63(1.40%) |   6471      57   40804   1000 |   19.10        0.70
--------|----------------------------------------------------------------------------|-------|-------------|-------|-------|-------|-------|--------|-----------
         Aggregated                                                                      4501    63(1.40%) |   6471      57   40804   1000 |   19.10        0.70

Type     Name                                                                          # reqs      # fails |    Avg     Min     Max    Med |   req/s  failures/s
--------|----------------------------------------------------------------------------|-------|-------------|-------|-------|-------|-------|--------|-----------
POST     POST /notifications [EMAIL]                                                     4538    65(1.43%) |   6591      57   40804   1100 |   21.20        0.80
--------|----------------------------------------------------------------------------|-------|-------------|-------|-------|-------|-------|--------|-----------
         Aggregated                                                                      4538    65(1.43%) |   6591      57   40804   1100 |   21.20        0.80

Type     Name                                                                          # reqs      # fails |    Avg     Min     Max    Med |   req/s  failures/s
--------|----------------------------------------------------------------------------|-------|-------------|-------|-------|-------|-------|--------|-----------
POST     POST /notifications [EMAIL]                                                     4590    71(1.55%) |   6736      57   40804   1100 |   20.60        0.80
--------|----------------------------------------------------------------------------|-------|-------------|-------|-------|-------|-------|--------|-----------
         Aggregated                                                                      4590    71(1.55%) |   6736      57   40804   1100 |   20.60        0.80

Type     Name                                                                          # reqs      # fails |    Avg     Min     Max    Med |   req/s  failures/s
--------|----------------------------------------------------------------------------|-------|-------------|-------|-------|-------|-------|--------|-----------
POST     POST /notifications [EMAIL]                                                     4635    76(1.64%) |   6877      57   40804   1100 |   21.80        1.20
--------|----------------------------------------------------------------------------|-------|-------------|-------|-------|-------|-------|--------|-----------
         Aggregated                                                                      4635    76(1.64%) |   6877      57   40804   1100 |   21.80        1.20

Type     Name                                                                          # reqs      # fails |    Avg     Min     Max    Med |   req/s  failures/s
--------|----------------------------------------------------------------------------|-------|-------------|-------|-------|-------|-------|--------|-----------
POST     POST /notifications [EMAIL]                                                     4676    78(1.67%) |   6972      57   40804   1100 |   22.20        1.40
--------|----------------------------------------------------------------------------|-------|-------------|-------|-------|-------|-------|--------|-----------
         Aggregated                                                                      4676    78(1.67%) |   6972      57   40804   1100 |   22.20        1.40

Type     Name                                                                          # reqs      # fails |    Avg     Min     Max    Med |   req/s  failures/s
--------|----------------------------------------------------------------------------|-------|-------------|-------|-------|-------|-------|--------|-----------
POST     POST /notifications [EMAIL]                                                     4726    82(1.74%) |   7081      57   40804   1100 |   22.40        1.70
--------|----------------------------------------------------------------------------|-------|-------------|-------|-------|-------|-------|--------|-----------
         Aggregated                                                                      4726    82(1.74%) |   7081      57   40804   1100 |   22.40        1.70

Type     Name                                                                          # reqs      # fails |    Avg     Min     Max    Med |   req/s  failures/s
--------|----------------------------------------------------------------------------|-------|-------------|-------|-------|-------|-------|--------|-----------
POST     POST /notifications [EMAIL]                                                     4770    88(1.84%) |   7175      57   40804   1100 |   22.50        1.90
--------|----------------------------------------------------------------------------|-------|-------------|-------|-------|-------|-------|--------|-----------
         Aggregated                                                                      4770    88(1.84%) |   7175      57   40804   1100 |   22.50        1.90

Type     Name                                                                          # reqs      # fails |    Avg     Min     Max    Med |   req/s  failures/s
--------|----------------------------------------------------------------------------|-------|-------------|-------|-------|-------|-------|--------|-----------
POST     POST /notifications [EMAIL]                                                     4817    96(1.99%) |   7306      57   40804   1100 |   22.70        2.30
--------|----------------------------------------------------------------------------|-------|-------------|-------|-------|-------|-------|--------|-----------
         Aggregated                                                                      4817    96(1.99%) |   7306      57   40804   1100 |   22.70        2.30

Type     Name                                                                          # reqs      # fails |    Avg     Min     Max    Med |   req/s  failures/s
--------|----------------------------------------------------------------------------|-------|-------------|-------|-------|-------|-------|--------|-----------
POST     POST /notifications [EMAIL]                                                     4865   104(2.14%) |   7430      57   40804   1100 |   22.60        2.40
--------|----------------------------------------------------------------------------|-------|-------------|-------|-------|-------|-------|--------|-----------
         Aggregated                                                                      4865   104(2.14%) |   7430      57   40804   1100 |   22.60        2.40

Type     Name                                                                          # reqs      # fails |    Avg     Min     Max    Med |   req/s  failures/s
--------|----------------------------------------------------------------------------|-------|-------------|-------|-------|-------|-------|--------|-----------
POST     POST /notifications [EMAIL]                                                     4912   107(2.18%) |   7519      57   40804   1200 |   22.80        2.70
--------|----------------------------------------------------------------------------|-------|-------------|-------|-------|-------|-------|--------|-----------
         Aggregated                                                                      4912   107(2.18%) |   7519      57   40804   1200 |   22.80        2.70

Type     Name                                                                          # reqs      # fails |    Avg     Min     Max    Med |   req/s  failures/s
--------|----------------------------------------------------------------------------|-------|-------------|-------|-------|-------|-------|--------|-----------
POST     POST /notifications [EMAIL]                                                     4951   109(2.20%) |   7598      57   40804   1200 |   24.00        2.90
--------|----------------------------------------------------------------------------|-------|-------------|-------|-------|-------|-------|--------|-----------
         Aggregated                                                                      4951   109(2.20%) |   7598      57   40804   1200 |   24.00        2.90

Type     Name                                                                          # reqs      # fails |    Avg     Min     Max    Med |   req/s  failures/s
--------|----------------------------------------------------------------------------|-------|-------------|-------|-------|-------|-------|--------|-----------
POST     POST /notifications [EMAIL]                                                     4994   111(2.22%) |   7652      57   40804   1200 |   23.40        2.70
--------|----------------------------------------------------------------------------|-------|-------------|-------|-------|-------|-------|--------|-----------
         Aggregated                                                                      4994   111(2.22%) |   7652      57   40804   1200 |   23.40        2.70

Type     Name                                                                          # reqs      # fails |    Avg     Min     Max    Med |   req/s  failures/s
--------|----------------------------------------------------------------------------|-------|-------------|-------|-------|-------|-------|--------|-----------
POST     POST /notifications [EMAIL]                                                     5041   112(2.22%) |   7737      57   40804   1200 |   22.70        2.50
--------|----------------------------------------------------------------------------|-------|-------------|-------|-------|-------|-------|--------|-----------
         Aggregated                                                                      5041   112(2.22%) |   7737      57   40804   1200 |   22.70        2.50

Type     Name                                                                          # reqs      # fails |    Avg     Min     Max    Med |   req/s  failures/s
--------|----------------------------------------------------------------------------|-------|-------------|-------|-------|-------|-------|--------|-----------
POST     POST /notifications [EMAIL]                                                     5081   114(2.24%) |   7817      57   40804   1200 |   22.90        1.90
--------|----------------------------------------------------------------------------|-------|-------------|-------|-------|-------|-------|--------|-----------
         Aggregated                                                                      5081   114(2.24%) |   7817      57   40804   1200 |   22.90        1.90

Type     Name                                                                          # reqs      # fails |    Avg     Min     Max    Med |   req/s  failures/s
--------|----------------------------------------------------------------------------|-------|-------------|-------|-------|-------|-------|--------|-----------
POST     POST /notifications [EMAIL]                                                     5123   116(2.26%) |   7901      57   40804   1200 |   22.20        1.30
--------|----------------------------------------------------------------------------|-------|-------------|-------|-------|-------|-------|--------|-----------
         Aggregated                                                                      5123   116(2.26%) |   7901      57   40804   1200 |   22.20        1.30

Type     Name                                                                          # reqs      # fails |    Avg     Min     Max    Med |   req/s  failures/s
--------|----------------------------------------------------------------------------|-------|-------------|-------|-------|-------|-------|--------|-----------
POST     POST /notifications [EMAIL]                                                     5167   120(2.32%) |   8014      57   40804   1300 |   20.60        0.80
--------|----------------------------------------------------------------------------|-------|-------------|-------|-------|-------|-------|--------|-----------
         Aggregated                                                                      5167   120(2.32%) |   8014      57   40804   1300 |   20.60        0.80

Type     Name                                                                          # reqs      # fails |    Avg     Min     Max    Med |   req/s  failures/s
--------|----------------------------------------------------------------------------|-------|-------------|-------|-------|-------|-------|--------|-----------
POST     POST /notifications [EMAIL]                                                     5207   123(2.36%) |   8091      57   40804   1300 |   20.70        1.10
--------|----------------------------------------------------------------------------|-------|-------------|-------|-------|-------|-------|--------|-----------
         Aggregated                                                                      5207   123(2.36%) |   8091      57   40804   1300 |   20.70        1.10

Type     Name                                                                          # reqs      # fails |    Avg     Min     Max    Med |   req/s  failures/s
--------|----------------------------------------------------------------------------|-------|-------------|-------|-------|-------|-------|--------|-----------
POST     POST /notifications [EMAIL]                                                     5252   130(2.48%) |   8191      57   40804   1400 |   21.20        0.90
--------|----------------------------------------------------------------------------|-------|-------------|-------|-------|-------|-------|--------|-----------
         Aggregated                                                                      5252   130(2.48%) |   8191      57   40804   1400 |   21.20        0.90

Type     Name                                                                          # reqs      # fails |    Avg     Min     Max    Med |   req/s  failures/s
--------|----------------------------------------------------------------------------|-------|-------------|-------|-------|-------|-------|--------|-----------
POST     POST /notifications [EMAIL]                                                     5291   131(2.48%) |   8282      57   40804   1400 |   21.00        1.80
--------|----------------------------------------------------------------------------|-------|-------------|-------|-------|-------|-------|--------|-----------
         Aggregated                                                                      5291   131(2.48%) |   8282      57   40804   1400 |   21.00        1.80

Type     Name                                                                          # reqs      # fails |    Avg     Min     Max    Med |   req/s  failures/s
--------|----------------------------------------------------------------------------|-------|-------------|-------|-------|-------|-------|--------|-----------
POST     POST /notifications [EMAIL]                                                     5339   135(2.53%) |   8387      57   40804   1400 |   21.10        1.80
--------|----------------------------------------------------------------------------|-------|-------------|-------|-------|-------|-------|--------|-----------
         Aggregated                                                                      5339   135(2.53%) |   8387      57   40804   1400 |   21.10        1.80

[2026-04-21 10:02:54,172] ip-10-0-1-128/INFO/locust.runners: Shape test updating to 20 users at 80.00 spawn rate
[2026-04-21 10:02:54,172] ip-10-0-1-128/INFO/locust.runners: Ramping to 20 users at a rate of 80.00 per second
Type     Name                                                                          # reqs      # fails |    Avg     Min     Max    Med |   req/s  failures/s
--------|----------------------------------------------------------------------------|-------|-------------|-------|-------|-------|-------|--------|-----------
POST     POST /notifications [EMAIL]                                                     5377   138(2.57%) |   8479      57   40804   1400 |   21.40        1.90
--------|----------------------------------------------------------------------------|-------|-------------|-------|-------|-------|-------|--------|-----------
         Aggregated                                                                      5377   138(2.57%) |   8479      57   40804   1400 |   21.40        1.90

Type     Name                                                                          # reqs      # fails |    Avg     Min     Max    Med |   req/s  failures/s
--------|----------------------------------------------------------------------------|-------|-------------|-------|-------|-------|-------|--------|-----------
POST     POST /notifications [EMAIL]                                                     5385   138(2.56%) |   8486      57   40804   1400 |   21.60        1.80
--------|----------------------------------------------------------------------------|-------|-------------|-------|-------|-------|-------|--------|-----------
         Aggregated                                                                      5385   138(2.56%) |   8486      57   40804   1400 |   21.60        1.80

[2026-04-21 10:02:58,197] ip-10-0-1-128/INFO/locust.runners: All users spawned: {"NotificationUser": 20} (20 total users)
Type     Name                                                                          # reqs      # fails |    Avg     Min     Max    Med |   req/s  failures/s
--------|----------------------------------------------------------------------------|-------|-------------|-------|-------|-------|-------|--------|-----------
POST     POST /notifications [EMAIL]                                                     5385   138(2.56%) |   8486      57   40804   1400 |   21.60        1.80
--------|----------------------------------------------------------------------------|-------|-------------|-------|-------|-------|-------|--------|-----------
         Aggregated                                                                      5385   138(2.56%) |   8486      57   40804   1400 |   21.60        1.80

Type     Name                                                                          # reqs      # fails |    Avg     Min     Max    Med |   req/s  failures/s
--------|----------------------------------------------------------------------------|-------|-------------|-------|-------|-------|-------|--------|-----------
POST     POST /notifications [EMAIL]                                                     5386   138(2.56%) |   8486      57   40804   1400 |   17.50        1.20
--------|----------------------------------------------------------------------------|-------|-------------|-------|-------|-------|-------|--------|-----------
         Aggregated                                                                      5386   138(2.56%) |   8486      57   40804   1400 |   17.50        1.20

Type     Name                                                                          # reqs      # fails |    Avg     Min     Max    Med |   req/s  failures/s
--------|----------------------------------------------------------------------------|-------|-------------|-------|-------|-------|-------|--------|-----------
POST     POST /notifications [EMAIL]                                                     5386   138(2.56%) |   8486      57   40804   1400 |   17.50        1.20
--------|----------------------------------------------------------------------------|-------|-------------|-------|-------|-------|-------|--------|-----------
         Aggregated                                                                      5386   138(2.56%) |   8486      57   40804   1400 |   17.50        1.20

Type     Name                                                                          # reqs      # fails |    Avg     Min     Max    Med |   req/s  failures/s
--------|----------------------------------------------------------------------------|-------|-------------|-------|-------|-------|-------|--------|-----------
POST     POST /notifications [EMAIL]                                                     5389   138(2.56%) |   8488      57   40804   1400 |    6.90        0.40
--------|----------------------------------------------------------------------------|-------|-------------|-------|-------|-------|-------|--------|-----------
         Aggregated                                                                      5389   138(2.56%) |   8488      57   40804   1400 |    6.90        0.40

Type     Name                                                                          # reqs      # fails |    Avg     Min     Max    Med |   req/s  failures/s
--------|----------------------------------------------------------------------------|-------|-------------|-------|-------|-------|-------|--------|-----------
POST     POST /notifications [EMAIL]                                                     5392   138(2.56%) |   8492      57   40804   1400 |    2.40        0.10
--------|----------------------------------------------------------------------------|-------|-------------|-------|-------|-------|-------|--------|-----------
         Aggregated                                                                      5392   138(2.56%) |   8492      57   40804   1400 |    2.40        0.10

Type     Name                                                                          # reqs      # fails |    Avg     Min     Max    Med |   req/s  failures/s
--------|----------------------------------------------------------------------------|-------|-------------|-------|-------|-------|-------|--------|-----------
POST     POST /notifications [EMAIL]                                                     5400   141(2.61%) |   8498       2   40804   1400 |    0.80        0.00
--------|----------------------------------------------------------------------------|-------|-------------|-------|-------|-------|-------|--------|-----------
         Aggregated                                                                      5400   141(2.61%) |   8498       2   40804   1400 |    0.80        0.00

Type     Name                                                                          # reqs      # fails |    Avg     Min     Max    Med |   req/s  failures/s
--------|----------------------------------------------------------------------------|-------|-------------|-------|-------|-------|-------|--------|-----------
POST     POST /notifications [EMAIL]                                                     5410   146(2.70%) |   8505       2   40804   1400 |    0.70        0.00
--------|----------------------------------------------------------------------------|-------|-------------|-------|-------|-------|-------|--------|-----------
         Aggregated                                                                      5410   146(2.70%) |   8505       2   40804   1400 |    0.70        0.00

Type     Name                                                                          # reqs      # fails |    Avg     Min     Max    Med |   req/s  failures/s
--------|----------------------------------------------------------------------------|-------|-------------|-------|-------|-------|-------|--------|-----------
POST     POST /notifications [EMAIL]                                                     5414   148(2.73%) |   8506       2   40804   1400 |    2.40        0.80
--------|----------------------------------------------------------------------------|-------|-------------|-------|-------|-------|-------|--------|-----------
         Aggregated                                                                      5414   148(2.73%) |   8506       2   40804   1400 |    2.40        0.80

Type     Name                                                                          # reqs      # fails |    Avg     Min     Max    Med |   req/s  failures/s
--------|----------------------------------------------------------------------------|-------|-------------|-------|-------|-------|-------|--------|-----------
POST     POST /notifications [EMAIL]                                                     5465   171(3.13%) |   8455       2   40804   1400 |    2.40        0.80
--------|----------------------------------------------------------------------------|-------|-------------|-------|-------|-------|-------|--------|-----------
         Aggregated                                                                      5465   171(3.13%) |   8455       2   40804   1400 |    2.40        0.80

Type     Name                                                                          # reqs      # fails |    Avg     Min     Max    Med |   req/s  failures/s
--------|----------------------------------------------------------------------------|-------|-------------|-------|-------|-------|-------|--------|-----------
POST     POST /notifications [EMAIL]                                                     5538   210(3.79%) |   8350       2   40804   1400 |    2.80        1.10
--------|----------------------------------------------------------------------------|-------|-------------|-------|-------|-------|-------|--------|-----------
         Aggregated                                                                      5538   210(3.79%) |   8350       2   40804   1400 |    2.80        1.10

Type     Name                                                                          # reqs      # fails |    Avg     Min     Max    Med |   req/s  failures/s
--------|----------------------------------------------------------------------------|-------|-------------|-------|-------|-------|-------|--------|-----------
POST     POST /notifications [EMAIL]                                                     5614   247(4.40%) |   8244       2   40804   1300 |   11.60        5.60
--------|----------------------------------------------------------------------------|-------|-------------|-------|-------|-------|-------|--------|-----------
         Aggregated                                                                      5614   247(4.40%) |   8244       2   40804   1300 |   11.60        5.60

Type     Name                                                                          # reqs      # fails |    Avg     Min     Max    Med |   req/s  failures/s
--------|----------------------------------------------------------------------------|-------|-------------|-------|-------|-------|-------|--------|-----------
POST     POST /notifications [EMAIL]                                                     5694   288(5.06%) |   8134       1   40804   1300 |   18.40        9.20
--------|----------------------------------------------------------------------------|-------|-------------|-------|-------|-------|-------|--------|-----------
         Aggregated                                                                      5694   288(5.06%) |   8134       1   40804   1300 |   18.40        9.20

Type     Name                                                                          # reqs      # fails |    Avg     Min     Max    Med |   req/s  failures/s
--------|----------------------------------------------------------------------------|-------|-------------|-------|-------|-------|-------|--------|-----------
POST     POST /notifications [EMAIL]                                                     5768   325(5.63%) |   8037       1   40804   1200 |   25.40       12.70
--------|----------------------------------------------------------------------------|-------|-------------|-------|-------|-------|-------|--------|-----------
         Aggregated                                                                      5768   325(5.63%) |   8037       1   40804   1200 |   25.40       12.70

Type     Name                                                                          # reqs      # fails |    Avg     Min     Max    Med |   req/s  failures/s
--------|----------------------------------------------------------------------------|-------|-------------|-------|-------|-------|-------|--------|-----------
POST     POST /notifications [EMAIL]                                                     5848   364(6.22%) |   7933       1   40804   1200 |   32.20       16.10
--------|----------------------------------------------------------------------------|-------|-------------|-------|-------|-------|-------|--------|-----------
         Aggregated                                                                      5848   364(6.22%) |   7933       1   40804   1200 |   32.20       16.10

Type     Name                                                                          # reqs      # fails |    Avg     Min     Max    Med |   req/s  failures/s
--------|----------------------------------------------------------------------------|-------|-------------|-------|-------|-------|-------|--------|-----------
POST     POST /notifications [EMAIL]                                                     5912   396(6.70%) |   7853       1   40804   1200 |   39.00       19.50
--------|----------------------------------------------------------------------------|-------|-------------|-------|-------|-------|-------|--------|-----------
         Aggregated                                                                      5912   396(6.70%) |   7853       1   40804   1200 |   39.00       19.50

Type     Name                                                                          # reqs      # fails |    Avg     Min     Max    Med |   req/s  failures/s
--------|----------------------------------------------------------------------------|-------|-------------|-------|-------|-------|-------|--------|-----------
POST     POST /notifications [EMAIL]                                                     5984   433(7.24%) |   7765       1   40804   1200 |   38.60       19.30
--------|----------------------------------------------------------------------------|-------|-------------|-------|-------|-------|-------|--------|-----------
         Aggregated                                                                      5984   433(7.24%) |   7765       1   40804   1200 |   38.60       19.30

Type     Name                                                                          # reqs      # fails |    Avg     Min     Max    Med |   req/s  failures/s
--------|----------------------------------------------------------------------------|-------|-------------|-------|-------|-------|-------|--------|-----------
POST     POST /notifications [EMAIL]                                                     6063   468(7.72%) |   7671       1   40804   1200 |   37.40       18.70
--------|----------------------------------------------------------------------------|-------|-------------|-------|-------|-------|-------|--------|-----------
         Aggregated                                                                      6063   468(7.72%) |   7671       1   40804   1200 |   37.40       18.70

Type     Name                                                                          # reqs      # fails |    Avg     Min     Max    Med |   req/s  failures/s
--------|----------------------------------------------------------------------------|-------|-------------|-------|-------|-------|-------|--------|-----------
POST     POST /notifications [EMAIL]                                                     6126   503(8.21%) |   7598       1   40804   1100 |   37.20       18.60
--------|----------------------------------------------------------------------------|-------|-------------|-------|-------|-------|-------|--------|-----------
         Aggregated                                                                      6126   503(8.21%) |   7598       1   40804   1100 |   37.20       18.60

Type     Name                                                                          # reqs      # fails |    Avg     Min     Max    Med |   req/s  failures/s
--------|----------------------------------------------------------------------------|-------|-------------|-------|-------|-------|-------|--------|-----------
POST     POST /notifications [EMAIL]                                                     6202   542(8.74%) |   7510       1   40804   1100 |   36.00       18.00
--------|----------------------------------------------------------------------------|-------|-------------|-------|-------|-------|-------|--------|-----------
         Aggregated                                                                      6202   542(8.74%) |   7510       1   40804   1100 |   36.00       18.00

Type     Name                                                                          # reqs      # fails |    Avg     Min     Max    Med |   req/s  failures/s
--------|----------------------------------------------------------------------------|-------|-------------|-------|-------|-------|-------|--------|-----------
POST     POST /notifications [EMAIL]                                                     6254   550(8.79%) |   7453       1   40804   1100 |   36.00       18.00
--------|----------------------------------------------------------------------------|-------|-------------|-------|-------|-------|-------|--------|-----------
         Aggregated                                                                      6254   550(8.79%) |   7453       1   40804   1100 |   36.00       18.00

Type     Name                                                                          # reqs      # fails |    Avg     Min     Max    Med |   req/s  failures/s
--------|----------------------------------------------------------------------------|-------|-------------|-------|-------|-------|-------|--------|-----------
POST     POST /notifications [EMAIL]                                                     6254   550(8.79%) |   7453       1   40804   1100 |   36.00       18.00
--------|----------------------------------------------------------------------------|-------|-------------|-------|-------|-------|-------|--------|-----------
         Aggregated                                                                      6254   550(8.79%) |   7453       1   40804   1100 |   36.00       18.00

Type     Name                                                                          # reqs      # fails |    Avg     Min     Max    Med |   req/s  failures/s
--------|----------------------------------------------------------------------------|-------|-------------|-------|-------|-------|-------|--------|-----------
POST     POST /notifications [EMAIL]                                                     6289   550(8.75%) |   7425       1   40804   1100 |   30.20       13.30
--------|----------------------------------------------------------------------------|-------|-------------|-------|-------|-------|-------|--------|-----------
         Aggregated                                                                      6289   550(8.75%) |   7425       1   40804   1100 |   30.20       13.30

Type     Name                                                                          # reqs      # fails |    Avg     Min     Max    Med |   req/s  failures/s
--------|----------------------------------------------------------------------------|-------|-------------|-------|-------|-------|-------|--------|-----------
POST     POST /notifications [EMAIL]                                                     6318   550(8.71%) |   7396       1   40804   1100 |   24.00        9.10
--------|----------------------------------------------------------------------------|-------|-------------|-------|-------|-------|-------|--------|-----------
         Aggregated                                                                      6318   550(8.71%) |   7396       1   40804   1100 |   24.00        9.10

Type     Name                                                                          # reqs      # fails |    Avg     Min     Max    Med |   req/s  failures/s
--------|----------------------------------------------------------------------------|-------|-------------|-------|-------|-------|-------|--------|-----------
POST     POST /notifications [EMAIL]                                                     6342   550(8.67%) |   7374       1   40804   1100 |   21.40        6.30
--------|----------------------------------------------------------------------------|-------|-------------|-------|-------|-------|-------|--------|-----------
         Aggregated                                                                      6342   550(8.67%) |   7374       1   40804   1100 |   21.40        6.30

Type     Name                                                                          # reqs      # fails |    Avg     Min     Max    Med |   req/s  failures/s
--------|----------------------------------------------------------------------------|-------|-------------|-------|-------|-------|-------|--------|-----------
POST     POST /notifications [EMAIL]                                                     6369   550(8.64%) |   7348       1   40804   1100 |   16.60        2.60
--------|----------------------------------------------------------------------------|-------|-------------|-------|-------|-------|-------|--------|-----------
         Aggregated                                                                      6369   550(8.64%) |   7348       1   40804   1100 |   16.60        2.60

Type     Name                                                                          # reqs      # fails |    Avg     Min     Max    Med |   req/s  failures/s
--------|----------------------------------------------------------------------------|-------|-------------|-------|-------|-------|-------|--------|-----------
POST     POST /notifications [EMAIL]                                                     6413   550(8.58%) |   7306       1   40804   1100 |   12.30        0.00
--------|----------------------------------------------------------------------------|-------|-------------|-------|-------|-------|-------|--------|-----------
         Aggregated                                                                      6413   550(8.58%) |   7306       1   40804   1100 |   12.30        0.00

Type     Name                                                                          # reqs      # fails |    Avg     Min     Max    Med |   req/s  failures/s
--------|----------------------------------------------------------------------------|-------|-------------|-------|-------|-------|-------|--------|-----------
POST     POST /notifications [EMAIL]                                                     6435   550(8.55%) |   7285       1   40804   1100 |   14.10        0.00
--------|----------------------------------------------------------------------------|-------|-------------|-------|-------|-------|-------|--------|-----------
         Aggregated                                                                      6435   550(8.55%) |   7285       1   40804   1100 |   14.10        0.00

Type     Name                                                                          # reqs      # fails |    Avg     Min     Max    Med |   req/s  failures/s
--------|----------------------------------------------------------------------------|-------|-------------|-------|-------|-------|-------|--------|-----------
POST     POST /notifications [EMAIL]                                                     6480   550(8.49%) |   7242       1   40804   1100 |   14.90        0.00
--------|----------------------------------------------------------------------------|-------|-------------|-------|-------|-------|-------|--------|-----------
         Aggregated                                                                      6480   550(8.49%) |   7242       1   40804   1100 |   14.90        0.00

Type     Name                                                                          # reqs      # fails |    Avg     Min     Max    Med |   req/s  failures/s
--------|----------------------------------------------------------------------------|-------|-------------|-------|-------|-------|-------|--------|-----------
POST     POST /notifications [EMAIL]                                                     6511   550(8.45%) |   7213       1   40804   1100 |   15.60        0.00
--------|----------------------------------------------------------------------------|-------|-------------|-------|-------|-------|-------|--------|-----------
         Aggregated                                                                      6511   550(8.45%) |   7213       1   40804   1100 |   15.60        0.00

Type     Name                                                                          # reqs      # fails |    Avg     Min     Max    Med |   req/s  failures/s
--------|----------------------------------------------------------------------------|-------|-------------|-------|-------|-------|-------|--------|-----------
POST     POST /notifications [EMAIL]                                                     6559   550(8.39%) |   7167       1   40804   1100 |   16.80        0.00
--------|----------------------------------------------------------------------------|-------|-------------|-------|-------|-------|-------|--------|-----------
         Aggregated                                                                      6559   550(8.39%) |   7167       1   40804   1100 |   16.80        0.00

Type     Name                                                                          # reqs      # fails |    Avg     Min     Max    Med |   req/s  failures/s
--------|----------------------------------------------------------------------------|-------|-------------|-------|-------|-------|-------|--------|-----------
POST     POST /notifications [EMAIL]                                                     6593   550(8.34%) |   7136       1   40804   1100 |   18.20        0.00
--------|----------------------------------------------------------------------------|-------|-------------|-------|-------|-------|-------|--------|-----------
         Aggregated                                                                      6593   550(8.34%) |   7136       1   40804   1100 |   18.20        0.00

Type     Name                                                                          # reqs      # fails |    Avg     Min     Max    Med |   req/s  failures/s
--------|----------------------------------------------------------------------------|-------|-------------|-------|-------|-------|-------|--------|-----------
POST     POST /notifications [EMAIL]                                                     6633   550(8.29%) |   7099       1   40804   1100 |   18.00        0.00
--------|----------------------------------------------------------------------------|-------|-------------|-------|-------|-------|-------|--------|-----------
         Aggregated                                                                      6633   550(8.29%) |   7099       1   40804   1100 |   18.00        0.00

Type     Name                                                                          # reqs      # fails |    Avg     Min     Max    Med |   req/s  failures/s
--------|----------------------------------------------------------------------------|-------|-------------|-------|-------|-------|-------|--------|-----------
POST     POST /notifications [EMAIL]                                                     6660   550(8.26%) |   7075       1   40804   1100 |   19.00        0.00
--------|----------------------------------------------------------------------------|-------|-------------|-------|-------|-------|-------|--------|-----------
         Aggregated                                                                      6660   550(8.26%) |   7075       1   40804   1100 |   19.00        0.00

Type     Name                                                                          # reqs      # fails |    Avg     Min     Max    Med |   req/s  failures/s
--------|----------------------------------------------------------------------------|-------|-------------|-------|-------|-------|-------|--------|-----------
POST     POST /notifications [EMAIL]                                                     6696   550(8.21%) |   7043       1   40804   1100 |   18.90        0.00
--------|----------------------------------------------------------------------------|-------|-------------|-------|-------|-------|-------|--------|-----------
         Aggregated                                                                      6696   550(8.21%) |   7043       1   40804   1100 |   18.90        0.00

Type     Name                                                                          # reqs      # fails |    Avg     Min     Max    Med |   req/s  failures/s
--------|----------------------------------------------------------------------------|-------|-------------|-------|-------|-------|-------|--------|-----------
POST     POST /notifications [EMAIL]                                                     6736   550(8.17%) |   7007       1   40804   1100 |   18.50        0.00
--------|----------------------------------------------------------------------------|-------|-------------|-------|-------|-------|-------|--------|-----------
         Aggregated                                                                      6736   550(8.17%) |   7007       1   40804   1100 |   18.50        0.00

Type     Name                                                                          # reqs      # fails |    Avg     Min     Max    Med |   req/s  failures/s
--------|----------------------------------------------------------------------------|-------|-------------|-------|-------|-------|-------|--------|-----------
POST     POST /notifications [EMAIL]                                                     6780   550(8.11%) |   6968       1   40804   1100 |   17.80        0.00
--------|----------------------------------------------------------------------------|-------|-------------|-------|-------|-------|-------|--------|-----------
         Aggregated                                                                      6780   550(8.11%) |   6968       1   40804   1100 |   17.80        0.00

Type     Name                                                                          # reqs      # fails |    Avg     Min     Max    Med |   req/s  failures/s
--------|----------------------------------------------------------------------------|-------|-------------|-------|-------|-------|-------|--------|-----------
POST     POST /notifications [EMAIL]                                                     6813   550(8.07%) |   6939       1   40804   1100 |   19.10        0.00
--------|----------------------------------------------------------------------------|-------|-------------|-------|-------|-------|-------|--------|-----------
         Aggregated                                                                      6813   550(8.07%) |   6939       1   40804   1100 |   19.10        0.00

Type     Name                                                                          # reqs      # fails |    Avg     Min     Max    Med |   req/s  failures/s
--------|----------------------------------------------------------------------------|-------|-------------|-------|-------|-------|-------|--------|-----------
POST     POST /notifications [EMAIL]                                                     6850   550(8.03%) |   6907       1   40804   1100 |   18.70        0.00
--------|----------------------------------------------------------------------------|-------|-------------|-------|-------|-------|-------|--------|-----------
         Aggregated                                                                      6850   550(8.03%) |   6907       1   40804   1100 |   18.70        0.00

Type     Name                                                                          # reqs      # fails |    Avg     Min     Max    Med |   req/s  failures/s
--------|----------------------------------------------------------------------------|-------|-------------|-------|-------|-------|-------|--------|-----------
POST     POST /notifications [EMAIL]                                                     6887   550(7.99%) |   6876       1   40804   1100 |   18.00        0.00
--------|----------------------------------------------------------------------------|-------|-------------|-------|-------|-------|-------|--------|-----------
         Aggregated                                                                      6887   550(7.99%) |   6876       1   40804   1100 |   18.00        0.00

Type     Name                                                                          # reqs      # fails |    Avg     Min     Max    Med |   req/s  failures/s
--------|----------------------------------------------------------------------------|-------|-------------|-------|-------|-------|-------|--------|-----------
POST     POST /notifications [EMAIL]                                                     6923   550(7.94%) |   6846       1   40804   1100 |   18.30        0.00
--------|----------------------------------------------------------------------------|-------|-------------|-------|-------|-------|-------|--------|-----------
         Aggregated                                                                      6923   550(7.94%) |   6846       1   40804   1100 |   18.30        0.00

Type     Name                                                                          # reqs      # fails |    Avg     Min     Max    Med |   req/s  failures/s
--------|----------------------------------------------------------------------------|-------|-------------|-------|-------|-------|-------|--------|-----------
POST     POST /notifications [EMAIL]                                                     6959   550(7.90%) |   6816       1   40804   1100 |   18.60        0.00
--------|----------------------------------------------------------------------------|-------|-------------|-------|-------|-------|-------|--------|-----------
         Aggregated                                                                      6959   550(7.90%) |   6816       1   40804   1100 |   18.60        0.00

Type     Name                                                                          # reqs      # fails |    Avg     Min     Max    Med |   req/s  failures/s
--------|----------------------------------------------------------------------------|-------|-------------|-------|-------|-------|-------|--------|-----------
POST     POST /notifications [EMAIL]                                                     6997   550(7.86%) |   6784       1   40804   1100 |   17.50        0.00
--------|----------------------------------------------------------------------------|-------|-------------|-------|-------|-------|-------|--------|-----------
         Aggregated                                                                      6997   550(7.86%) |   6784       1   40804   1100 |   17.50        0.00

Type     Name                                                                          # reqs      # fails |    Avg     Min     Max    Med |   req/s  failures/s
--------|----------------------------------------------------------------------------|-------|-------------|-------|-------|-------|-------|--------|-----------
POST     POST /notifications [EMAIL]                                                     7038   550(7.81%) |   6750       1   40804   1100 |   17.90        0.00
--------|----------------------------------------------------------------------------|-------|-------------|-------|-------|-------|-------|--------|-----------
         Aggregated                                                                      7038   550(7.81%) |   6750       1   40804   1100 |   17.90        0.00

Type     Name                                                                          # reqs      # fails |    Avg     Min     Max    Med |   req/s  failures/s
--------|----------------------------------------------------------------------------|-------|-------------|-------|-------|-------|-------|--------|-----------
POST     POST /notifications [EMAIL]                                                     7074   550(7.77%) |   6722       1   40804   1100 |   19.10        0.00
--------|----------------------------------------------------------------------------|-------|-------------|-------|-------|-------|-------|--------|-----------
         Aggregated                                                                      7074   550(7.77%) |   6722       1   40804   1100 |   19.10        0.00

Type     Name                                                                          # reqs      # fails |    Avg     Min     Max    Med |   req/s  failures/s
--------|----------------------------------------------------------------------------|-------|-------------|-------|-------|-------|-------|--------|-----------
POST     POST /notifications [EMAIL]                                                     7107   550(7.74%) |   6696       1   40804   1100 |   18.80        0.00
--------|----------------------------------------------------------------------------|-------|-------------|-------|-------|-------|-------|--------|-----------
         Aggregated                                                                      7107   550(7.74%) |   6696       1   40804   1100 |   18.80        0.00

Type     Name                                                                          # reqs      # fails |    Avg     Min     Max    Med |   req/s  failures/s
--------|----------------------------------------------------------------------------|-------|-------------|-------|-------|-------|-------|--------|-----------
POST     POST /notifications [EMAIL]                                                     7145   550(7.70%) |   6666       1   40804   1100 |   18.40        0.00
--------|----------------------------------------------------------------------------|-------|-------------|-------|-------|-------|-------|--------|-----------
         Aggregated                                                                      7145   550(7.70%) |   6666       1   40804   1100 |   18.40        0.00

Type     Name                                                                          # reqs      # fails |    Avg     Min     Max    Med |   req/s  failures/s
--------|----------------------------------------------------------------------------|-------|-------------|-------|-------|-------|-------|--------|-----------
POST     POST /notifications [EMAIL]                                                     7189   550(7.65%) |   6631       1   40804   1100 |   18.40        0.00
--------|----------------------------------------------------------------------------|-------|-------------|-------|-------|-------|-------|--------|-----------
         Aggregated                                                                      7189   550(7.65%) |   6631       1   40804   1100 |   18.40        0.00

Type     Name                                                                          # reqs      # fails |    Avg     Min     Max    Med |   req/s  failures/s
--------|----------------------------------------------------------------------------|-------|-------------|-------|-------|-------|-------|--------|-----------
POST     POST /notifications [EMAIL]                                                     7217   550(7.62%) |   6610       1   40804   1100 |   19.10        0.00
--------|----------------------------------------------------------------------------|-------|-------------|-------|-------|-------|-------|--------|-----------
         Aggregated                                                                      7217   550(7.62%) |   6610       1   40804   1100 |   19.10        0.00

Type     Name                                                                          # reqs      # fails |    Avg     Min     Max    Med |   req/s  failures/s
--------|----------------------------------------------------------------------------|-------|-------------|-------|-------|-------|-------|--------|-----------
POST     POST /notifications [EMAIL]                                                     7262   550(7.57%) |   6575       1   40804   1100 |   18.60        0.00
--------|----------------------------------------------------------------------------|-------|-------------|-------|-------|-------|-------|--------|-----------
         Aggregated                                                                      7262   550(7.57%) |   6575       1   40804   1100 |   18.60        0.00

Type     Name                                                                          # reqs      # fails |    Avg     Min     Max    Med |   req/s  failures/s
--------|----------------------------------------------------------------------------|-------|-------------|-------|-------|-------|-------|--------|-----------
POST     POST /notifications [EMAIL]                                                     7295   550(7.54%) |   6549       1   40804   1100 |   18.50        0.00
--------|----------------------------------------------------------------------------|-------|-------------|-------|-------|-------|-------|--------|-----------
         Aggregated                                                                      7295   550(7.54%) |   6549       1   40804   1100 |   18.50        0.00

Type     Name                                                                          # reqs      # fails |    Avg     Min     Max    Med |   req/s  failures/s
--------|----------------------------------------------------------------------------|-------|-------------|-------|-------|-------|-------|--------|-----------
POST     POST /notifications [EMAIL]                                                     7336   550(7.50%) |   6518       1   40804   1100 |   19.60        0.00
--------|----------------------------------------------------------------------------|-------|-------------|-------|-------|-------|-------|--------|-----------
         Aggregated                                                                      7336   550(7.50%) |   6518       1   40804   1100 |   19.60        0.00

Type     Name                                                                          # reqs      # fails |    Avg     Min     Max    Med |   req/s  failures/s
--------|----------------------------------------------------------------------------|-------|-------------|-------|-------|-------|-------|--------|-----------
POST     POST /notifications [EMAIL]                                                     7374   550(7.46%) |   6490       1   40804   1100 |   20.00        0.00
--------|----------------------------------------------------------------------------|-------|-------------|-------|-------|-------|-------|--------|-----------
         Aggregated                                                                      7374   550(7.46%) |   6490       1   40804   1100 |   20.00        0.00

Type     Name                                                                          # reqs      # fails |    Avg     Min     Max    Med |   req/s  failures/s
--------|----------------------------------------------------------------------------|-------|-------------|-------|-------|-------|-------|--------|-----------
POST     POST /notifications [EMAIL]                                                     7411   550(7.42%) |   6463       1   40804   1100 |   18.30        0.00
--------|----------------------------------------------------------------------------|-------|-------------|-------|-------|-------|-------|--------|-----------
         Aggregated                                                                      7411   550(7.42%) |   6463       1   40804   1100 |   18.30        0.00

Type     Name                                                                          # reqs      # fails |    Avg     Min     Max    Med |   req/s  failures/s
--------|----------------------------------------------------------------------------|-------|-------------|-------|-------|-------|-------|--------|-----------
POST     POST /notifications [EMAIL]                                                     7448   550(7.38%) |   6436       1   40804   1100 |   18.90        0.00
--------|----------------------------------------------------------------------------|-------|-------------|-------|-------|-------|-------|--------|-----------
         Aggregated                                                                      7448   550(7.38%) |   6436       1   40804   1100 |   18.90        0.00

Type     Name                                                                          # reqs      # fails |    Avg     Min     Max    Med |   req/s  failures/s
--------|----------------------------------------------------------------------------|-------|-------------|-------|-------|-------|-------|--------|-----------
POST     POST /notifications [EMAIL]                                                     7483   550(7.35%) |   6411       1   40804   1100 |   19.50        0.00
--------|----------------------------------------------------------------------------|-------|-------------|-------|-------|-------|-------|--------|-----------
         Aggregated                                                                      7483   550(7.35%) |   6411       1   40804   1100 |   19.50        0.00

Type     Name                                                                          # reqs      # fails |    Avg     Min     Max    Med |   req/s  failures/s
--------|----------------------------------------------------------------------------|-------|-------------|-------|-------|-------|-------|--------|-----------
POST     POST /notifications [EMAIL]                                                     7522   550(7.31%) |   6384       1   40804   1100 |   18.20        0.00
--------|----------------------------------------------------------------------------|-------|-------------|-------|-------|-------|-------|--------|-----------
         Aggregated                                                                      7522   550(7.31%) |   6384       1   40804   1100 |   18.20        0.00

Type     Name                                                                          # reqs      # fails |    Avg     Min     Max    Med |   req/s  failures/s
--------|----------------------------------------------------------------------------|-------|-------------|-------|-------|-------|-------|--------|-----------
POST     POST /notifications [EMAIL]                                                     7551   550(7.28%) |   6363       1   40804   1100 |   18.00        0.00
--------|----------------------------------------------------------------------------|-------|-------------|-------|-------|-------|-------|--------|-----------
         Aggregated                                                                      7551   550(7.28%) |   6363       1   40804   1100 |   18.00        0.00

Type     Name                                                                          # reqs      # fails |    Avg     Min     Max    Med |   req/s  failures/s
--------|----------------------------------------------------------------------------|-------|-------------|-------|-------|-------|-------|--------|-----------
POST     POST /notifications [EMAIL]                                                     7586   550(7.25%) |   6339       1   40804   1100 |   18.70        0.00
--------|----------------------------------------------------------------------------|-------|-------------|-------|-------|-------|-------|--------|-----------
         Aggregated                                                                      7586   550(7.25%) |   6339       1   40804   1100 |   18.70        0.00

Type     Name                                                                          # reqs      # fails |    Avg     Min     Max    Med |   req/s  failures/s
--------|----------------------------------------------------------------------------|-------|-------------|-------|-------|-------|-------|--------|-----------
POST     POST /notifications [EMAIL]                                                     7626   550(7.21%) |   6312       1   40804   1100 |   17.90        0.00
--------|----------------------------------------------------------------------------|-------|-------------|-------|-------|-------|-------|--------|-----------
         Aggregated                                                                      7626   550(7.21%) |   6312       1   40804   1100 |   17.90        0.00

Type     Name                                                                          # reqs      # fails |    Avg     Min     Max    Med |   req/s  failures/s
--------|----------------------------------------------------------------------------|-------|-------------|-------|-------|-------|-------|--------|-----------
POST     POST /notifications [EMAIL]                                                     7664   550(7.18%) |   6286       1   40804   1100 |   16.90        0.00
--------|----------------------------------------------------------------------------|-------|-------------|-------|-------|-------|-------|--------|-----------
         Aggregated                                                                      7664   550(7.18%) |   6286       1   40804   1100 |   16.90        0.00

Type     Name                                                                          # reqs      # fails |    Avg     Min     Max    Med |   req/s  failures/s
--------|----------------------------------------------------------------------------|-------|-------------|-------|-------|-------|-------|--------|-----------
POST     POST /notifications [EMAIL]                                                     7702   550(7.14%) |   6259       1   40804   1100 |   17.90        0.00
--------|----------------------------------------------------------------------------|-------|-------------|-------|-------|-------|-------|--------|-----------
         Aggregated                                                                      7702   550(7.14%) |   6259       1   40804   1100 |   17.90        0.00

Type     Name                                                                          # reqs      # fails |    Avg     Min     Max    Med |   req/s  failures/s
--------|----------------------------------------------------------------------------|-------|-------------|-------|-------|-------|-------|--------|-----------
POST     POST /notifications [EMAIL]                                                     7730   550(7.12%) |   6241       1   40804   1100 |   17.80        0.00
--------|----------------------------------------------------------------------------|-------|-------------|-------|-------|-------|-------|--------|-----------
         Aggregated                                                                      7730   550(7.12%) |   6241       1   40804   1100 |   17.80        0.00

Type     Name                                                                          # reqs      # fails |    Avg     Min     Max    Med |   req/s  failures/s
--------|----------------------------------------------------------------------------|-------|-------------|-------|-------|-------|-------|--------|-----------
POST     POST /notifications [EMAIL]                                                     7763   550(7.08%) |   6220       1   40804   1100 |   17.80        0.00
--------|----------------------------------------------------------------------------|-------|-------------|-------|-------|-------|-------|--------|-----------
         Aggregated                                                                      7763   550(7.08%) |   6220       1   40804   1100 |   17.80        0.00

Type     Name                                                                          # reqs      # fails |    Avg     Min     Max    Med |   req/s  failures/s
--------|----------------------------------------------------------------------------|-------|-------------|-------|-------|-------|-------|--------|-----------
POST     POST /notifications [EMAIL]                                                     7798   550(7.05%) |   6197       1   40804   1100 |   17.20        0.00
--------|----------------------------------------------------------------------------|-------|-------------|-------|-------|-------|-------|--------|-----------
         Aggregated                                                                      7798   550(7.05%) |   6197       1   40804   1100 |   17.20        0.00

Type     Name                                                                          # reqs      # fails |    Avg     Min     Max    Med |   req/s  failures/s
--------|----------------------------------------------------------------------------|-------|-------------|-------|-------|-------|-------|--------|-----------
POST     POST /notifications [EMAIL]                                                     7845   550(7.01%) |   6166       1   40804   1100 |   18.00        0.00
--------|----------------------------------------------------------------------------|-------|-------------|-------|-------|-------|-------|--------|-----------
         Aggregated                                                                      7845   550(7.01%) |   6166       1   40804   1100 |   18.00        0.00

Type     Name                                                                          # reqs      # fails |    Avg     Min     Max    Med |   req/s  failures/s
--------|----------------------------------------------------------------------------|-------|-------------|-------|-------|-------|-------|--------|-----------
POST     POST /notifications [EMAIL]                                                     7879   550(6.98%) |   6143       1   40804   1100 |   18.10        0.00
--------|----------------------------------------------------------------------------|-------|-------------|-------|-------|-------|-------|--------|-----------
         Aggregated                                                                      7879   550(6.98%) |   6143       1   40804   1100 |   18.10        0.00

Type     Name                                                                          # reqs      # fails |    Avg     Min     Max    Med |   req/s  failures/s
--------|----------------------------------------------------------------------------|-------|-------------|-------|-------|-------|-------|--------|-----------
POST     POST /notifications [EMAIL]                                                     7916   550(6.95%) |   6120       1   40804   1100 |   18.10        0.00
--------|----------------------------------------------------------------------------|-------|-------------|-------|-------|-------|-------|--------|-----------
         Aggregated                                                                      7916   550(6.95%) |   6120       1   40804   1100 |   18.10        0.00

Type     Name                                                                          # reqs      # fails |    Avg     Min     Max    Med |   req/s  failures/s
--------|----------------------------------------------------------------------------|-------|-------------|-------|-------|-------|-------|--------|-----------
POST     POST /notifications [EMAIL]                                                     7954   550(6.91%) |   6095       1   40804   1100 |   17.90        0.00
--------|----------------------------------------------------------------------------|-------|-------------|-------|-------|-------|-------|--------|-----------
         Aggregated                                                                      7954   550(6.91%) |   6095       1   40804   1100 |   17.90        0.00

Type     Name                                                                          # reqs      # fails |    Avg     Min     Max    Med |   req/s  failures/s
--------|----------------------------------------------------------------------------|-------|-------------|-------|-------|-------|-------|--------|-----------
POST     POST /notifications [EMAIL]                                                     7982   550(6.89%) |   6078       1   40804   1100 |   18.80        0.00
--------|----------------------------------------------------------------------------|-------|-------------|-------|-------|-------|-------|--------|-----------
         Aggregated                                                                      7982   550(6.89%) |   6078       1   40804   1100 |   18.80        0.00

Type     Name                                                                          # reqs      # fails |    Avg     Min     Max    Med |   req/s  failures/s
--------|----------------------------------------------------------------------------|-------|-------------|-------|-------|-------|-------|--------|-----------
POST     POST /notifications [EMAIL]                                                     8013   550(6.86%) |   6060       1   40804   1100 |   18.80        0.00
--------|----------------------------------------------------------------------------|-------|-------------|-------|-------|-------|-------|--------|-----------
         Aggregated                                                                      8013   550(6.86%) |   6060       1   40804   1100 |   18.80        0.00

Type     Name                                                                          # reqs      # fails |    Avg     Min     Max    Med |   req/s  failures/s
--------|----------------------------------------------------------------------------|-------|-------------|-------|-------|-------|-------|--------|-----------
POST     POST /notifications [EMAIL]                                                     8052   550(6.83%) |   6036       1   40804   1100 |   17.40        0.00
--------|----------------------------------------------------------------------------|-------|-------------|-------|-------|-------|-------|--------|-----------
         Aggregated                                                                      8052   550(6.83%) |   6036       1   40804   1100 |   17.40        0.00

Type     Name                                                                          # reqs      # fails |    Avg     Min     Max    Med |   req/s  failures/s
--------|----------------------------------------------------------------------------|-------|-------------|-------|-------|-------|-------|--------|-----------
POST     POST /notifications [EMAIL]                                                     8079   550(6.81%) |   6021       1   40804   1100 |   16.80        0.00
--------|----------------------------------------------------------------------------|-------|-------------|-------|-------|-------|-------|--------|-----------
         Aggregated                                                                      8079   550(6.81%) |   6021       1   40804   1100 |   16.80        0.00

Type     Name                                                                          # reqs      # fails |    Avg     Min     Max    Med |   req/s  failures/s
--------|----------------------------------------------------------------------------|-------|-------------|-------|-------|-------|-------|--------|-----------
POST     POST /notifications [EMAIL]                                                     8108   550(6.78%) |   6004       1   40804   1100 |   16.70        0.00
--------|----------------------------------------------------------------------------|-------|-------------|-------|-------|-------|-------|--------|-----------
         Aggregated                                                                      8108   550(6.78%) |   6004       1   40804   1100 |   16.70        0.00

Type     Name                                                                          # reqs      # fails |    Avg     Min     Max    Med |   req/s  failures/s
--------|----------------------------------------------------------------------------|-------|-------------|-------|-------|-------|-------|--------|-----------
POST     POST /notifications [EMAIL]                                                     8139   550(6.76%) |   5985       1   40804   1100 |   15.40        0.00
--------|----------------------------------------------------------------------------|-------|-------------|-------|-------|-------|-------|--------|-----------
         Aggregated                                                                      8139   550(6.76%) |   5985       1   40804   1100 |   15.40        0.00

Type     Name                                                                          # reqs      # fails |    Avg     Min     Max    Med |   req/s  failures/s
--------|----------------------------------------------------------------------------|-------|-------------|-------|-------|-------|-------|--------|-----------
POST     POST /notifications [EMAIL]                                                     8180   550(6.72%) |   5960       1   40804   1100 |   14.80        0.00
--------|----------------------------------------------------------------------------|-------|-------------|-------|-------|-------|-------|--------|-----------
         Aggregated                                                                      8180   550(6.72%) |   5960       1   40804   1100 |   14.80        0.00

Type     Name                                                                          # reqs      # fails |    Avg     Min     Max    Med |   req/s  failures/s
--------|----------------------------------------------------------------------------|-------|-------------|-------|-------|-------|-------|--------|-----------
POST     POST /notifications [EMAIL]                                                     8217   550(6.69%) |   5938       1   40804   1100 |   16.40        0.00
--------|----------------------------------------------------------------------------|-------|-------------|-------|-------|-------|-------|--------|-----------
         Aggregated                                                                      8217   550(6.69%) |   5938       1   40804   1100 |   16.40        0.00

Type     Name                                                                          # reqs      # fails |    Avg     Min     Max    Med |   req/s  failures/s
--------|----------------------------------------------------------------------------|-------|-------------|-------|-------|-------|-------|--------|-----------
POST     POST /notifications [EMAIL]                                                     8256   550(6.66%) |   5915       1   40804   1100 |   16.50        0.00
--------|----------------------------------------------------------------------------|-------|-------------|-------|-------|-------|-------|--------|-----------
         Aggregated                                                                      8256   550(6.66%) |   5915       1   40804   1100 |   16.50        0.00

Type     Name                                                                          # reqs      # fails |    Avg     Min     Max    Med |   req/s  failures/s
--------|----------------------------------------------------------------------------|-------|-------------|-------|-------|-------|-------|--------|-----------
POST     POST /notifications [EMAIL]                                                     8290   550(6.63%) |   5895       1   40804   1100 |   17.10        0.00
--------|----------------------------------------------------------------------------|-------|-------------|-------|-------|-------|-------|--------|-----------
         Aggregated                                                                      8290   550(6.63%) |   5895       1   40804   1100 |   17.10        0.00

Type     Name                                                                          # reqs      # fails |    Avg     Min     Max    Med |   req/s  failures/s
--------|----------------------------------------------------------------------------|-------|-------------|-------|-------|-------|-------|--------|-----------
POST     POST /notifications [EMAIL]                                                     8330   550(6.60%) |   5872       1   40804   1100 |   18.10        0.00
--------|----------------------------------------------------------------------------|-------|-------------|-------|-------|-------|-------|--------|-----------
         Aggregated                                                                      8330   550(6.60%) |   5872       1   40804   1100 |   18.10        0.00

Type     Name                                                                          # reqs      # fails |    Avg     Min     Max    Med |   req/s  failures/s
--------|----------------------------------------------------------------------------|-------|-------------|-------|-------|-------|-------|--------|-----------
POST     POST /notifications [EMAIL]                                                     8367   550(6.57%) |   5850       1   40804   1100 |   19.10        0.00
--------|----------------------------------------------------------------------------|-------|-------------|-------|-------|-------|-------|--------|-----------
         Aggregated                                                                      8367   550(6.57%) |   5850       1   40804   1100 |   19.10        0.00

Type     Name                                                                          # reqs      # fails |    Avg     Min     Max    Med |   req/s  failures/s
--------|----------------------------------------------------------------------------|-------|-------------|-------|-------|-------|-------|--------|-----------
POST     POST /notifications [EMAIL]                                                     8406   550(6.54%) |   5828       1   40804   1100 |   18.50        0.00
--------|----------------------------------------------------------------------------|-------|-------------|-------|-------|-------|-------|--------|-----------
         Aggregated                                                                      8406   550(6.54%) |   5828       1   40804   1100 |   18.50        0.00

Type     Name                                                                          # reqs      # fails |    Avg     Min     Max    Med |   req/s  failures/s
--------|----------------------------------------------------------------------------|-------|-------------|-------|-------|-------|-------|--------|-----------
POST     POST /notifications [EMAIL]                                                     8444   550(6.51%) |   5806       1   40804   1100 |   19.00        0.00
--------|----------------------------------------------------------------------------|-------|-------------|-------|-------|-------|-------|--------|-----------
         Aggregated                                                                      8444   550(6.51%) |   5806       1   40804   1100 |   19.00        0.00

Type     Name                                                                          # reqs      # fails |    Avg     Min     Max    Med |   req/s  failures/s
--------|----------------------------------------------------------------------------|-------|-------------|-------|-------|-------|-------|--------|-----------
POST     POST /notifications [EMAIL]                                                     8478   550(6.49%) |   5788       1   40804   1100 |   18.70        0.00
--------|----------------------------------------------------------------------------|-------|-------------|-------|-------|-------|-------|--------|-----------
         Aggregated                                                                      8478   550(6.49%) |   5788       1   40804   1100 |   18.70        0.00

Type     Name                                                                          # reqs      # fails |    Avg     Min     Max    Med |   req/s  failures/s
--------|----------------------------------------------------------------------------|-------|-------------|-------|-------|-------|-------|--------|-----------
POST     POST /notifications [EMAIL]                                                     8515   550(6.46%) |   5767       1   40804   1100 |   18.70        0.00
--------|----------------------------------------------------------------------------|-------|-------------|-------|-------|-------|-------|--------|-----------
         Aggregated                                                                      8515   550(6.46%) |   5767       1   40804   1100 |   18.70        0.00

Type     Name                                                                          # reqs      # fails |    Avg     Min     Max    Med |   req/s  failures/s
--------|----------------------------------------------------------------------------|-------|-------------|-------|-------|-------|-------|--------|-----------
POST     POST /notifications [EMAIL]                                                     8546   550(6.44%) |   5750       1   40804   1100 |   18.50        0.00
--------|----------------------------------------------------------------------------|-------|-------------|-------|-------|-------|-------|--------|-----------
         Aggregated                                                                      8546   550(6.44%) |   5750       1   40804   1100 |   18.50        0.00

Type     Name                                                                          # reqs      # fails |    Avg     Min     Max    Med |   req/s  failures/s
--------|----------------------------------------------------------------------------|-------|-------------|-------|-------|-------|-------|--------|-----------
POST     POST /notifications [EMAIL]                                                     8584   550(6.41%) |   5730       1   40804   1100 |   18.10        0.00
--------|----------------------------------------------------------------------------|-------|-------------|-------|-------|-------|-------|--------|-----------
         Aggregated                                                                      8584   550(6.41%) |   5730       1   40804   1100 |   18.10        0.00

Type     Name                                                                          # reqs      # fails |    Avg     Min     Max    Med |   req/s  failures/s
--------|----------------------------------------------------------------------------|-------|-------------|-------|-------|-------|-------|--------|-----------
POST     POST /notifications [EMAIL]                                                     8624   550(6.38%) |   5708       1   40804   1100 |   17.80        0.00
--------|----------------------------------------------------------------------------|-------|-------------|-------|-------|-------|-------|--------|-----------
         Aggregated                                                                      8624   550(6.38%) |   5708       1   40804   1100 |   17.80        0.00

Type     Name                                                                          # reqs      # fails |    Avg     Min     Max    Med |   req/s  failures/s
--------|----------------------------------------------------------------------------|-------|-------------|-------|-------|-------|-------|--------|-----------
POST     POST /notifications [EMAIL]                                                     8655   550(6.35%) |   5691       1   40804   1100 |   18.00        0.00
--------|----------------------------------------------------------------------------|-------|-------------|-------|-------|-------|-------|--------|-----------
         Aggregated                                                                      8655   550(6.35%) |   5691       1   40804   1100 |   18.00        0.00

Type     Name                                                                          # reqs      # fails |    Avg     Min     Max    Med |   req/s  failures/s
--------|----------------------------------------------------------------------------|-------|-------------|-------|-------|-------|-------|--------|-----------
POST     POST /notifications [EMAIL]                                                     8696   550(6.32%) |   5670       1   40804   1100 |   17.80        0.00
--------|----------------------------------------------------------------------------|-------|-------------|-------|-------|-------|-------|--------|-----------
         Aggregated                                                                      8696   550(6.32%) |   5670       1   40804   1100 |   17.80        0.00

Type     Name                                                                          # reqs      # fails |    Avg     Min     Max    Med |   req/s  failures/s
--------|----------------------------------------------------------------------------|-------|-------------|-------|-------|-------|-------|--------|-----------
POST     POST /notifications [EMAIL]                                                     8725   550(6.30%) |   5655       1   40804   1100 |   17.60        0.00
--------|----------------------------------------------------------------------------|-------|-------------|-------|-------|-------|-------|--------|-----------
         Aggregated                                                                      8725   550(6.30%) |   5655       1   40804   1100 |   17.60        0.00

Type     Name                                                                          # reqs      # fails |    Avg     Min     Max    Med |   req/s  failures/s
--------|----------------------------------------------------------------------------|-------|-------------|-------|-------|-------|-------|--------|-----------
POST     POST /notifications [EMAIL]                                                     8765   550(6.27%) |   5634       1   40804   1100 |   17.70        0.00
--------|----------------------------------------------------------------------------|-------|-------------|-------|-------|-------|-------|--------|-----------
         Aggregated                                                                      8765   550(6.27%) |   5634       1   40804   1100 |   17.70        0.00

Type     Name                                                                          # reqs      # fails |    Avg     Min     Max    Med |   req/s  failures/s
--------|----------------------------------------------------------------------------|-------|-------------|-------|-------|-------|-------|--------|-----------
POST     POST /notifications [EMAIL]                                                     8795   550(6.25%) |   5619       1   40804   1100 |   17.90        0.00
--------|----------------------------------------------------------------------------|-------|-------------|-------|-------|-------|-------|--------|-----------
         Aggregated                                                                      8795   550(6.25%) |   5619       1   40804   1100 |   17.90        0.00

Type     Name                                                                          # reqs      # fails |    Avg     Min     Max    Med |   req/s  failures/s
--------|----------------------------------------------------------------------------|-------|-------------|-------|-------|-------|-------|--------|-----------
POST     POST /notifications [EMAIL]                                                     8827   550(6.23%) |   5602       1   40804   1100 |   17.10        0.00
--------|----------------------------------------------------------------------------|-------|-------------|-------|-------|-------|-------|--------|-----------
         Aggregated                                                                      8827   550(6.23%) |   5602       1   40804   1100 |   17.10        0.00

Type     Name                                                                          # reqs      # fails |    Avg     Min     Max    Med |   req/s  failures/s
--------|----------------------------------------------------------------------------|-------|-------------|-------|-------|-------|-------|--------|-----------
POST     POST /notifications [EMAIL]                                                     8862   550(6.21%) |   5584       1   40804   1100 |   18.00        0.00
--------|----------------------------------------------------------------------------|-------|-------------|-------|-------|-------|-------|--------|-----------
         Aggregated                                                                      8862   550(6.21%) |   5584       1   40804   1100 |   18.00        0.00

Type     Name                                                                          # reqs      # fails |    Avg     Min     Max    Med |   req/s  failures/s
--------|----------------------------------------------------------------------------|-------|-------------|-------|-------|-------|-------|--------|-----------
POST     POST /notifications [EMAIL]                                                     8901   550(6.18%) |   5565       1   40804   1100 |   18.20        0.00
--------|----------------------------------------------------------------------------|-------|-------------|-------|-------|-------|-------|--------|-----------
         Aggregated                                                                      8901   550(6.18%) |   5565       1   40804   1100 |   18.20        0.00

Type     Name                                                                          # reqs      # fails |    Avg     Min     Max    Med |   req/s  failures/s
--------|----------------------------------------------------------------------------|-------|-------------|-------|-------|-------|-------|--------|-----------
POST     POST /notifications [EMAIL]                                                     8929   550(6.16%) |   5551       1   40804   1100 |   17.60        0.00
--------|----------------------------------------------------------------------------|-------|-------------|-------|-------|-------|-------|--------|-----------
         Aggregated                                                                      8929   550(6.16%) |   5551       1   40804   1100 |   17.60        0.00

Type     Name                                                                          # reqs      # fails |    Avg     Min     Max    Med |   req/s  failures/s
--------|----------------------------------------------------------------------------|-------|-------------|-------|-------|-------|-------|--------|-----------
POST     POST /notifications [EMAIL]                                                     8966   550(6.13%) |   5533       1   40804   1100 |   17.60        0.00
--------|----------------------------------------------------------------------------|-------|-------------|-------|-------|-------|-------|--------|-----------
         Aggregated                                                                      8966   550(6.13%) |   5533       1   40804   1100 |   17.60        0.00

Type     Name                                                                          # reqs      # fails |    Avg     Min     Max    Med |   req/s  failures/s
--------|----------------------------------------------------------------------------|-------|-------------|-------|-------|-------|-------|--------|-----------
POST     POST /notifications [EMAIL]                                                     9002   550(6.11%) |   5515       1   40804   1100 |   17.20        0.00
--------|----------------------------------------------------------------------------|-------|-------------|-------|-------|-------|-------|--------|-----------
         Aggregated                                                                      9002   550(6.11%) |   5515       1   40804   1100 |   17.20        0.00

Type     Name                                                                          # reqs      # fails |    Avg     Min     Max    Med |   req/s  failures/s
--------|----------------------------------------------------------------------------|-------|-------------|-------|-------|-------|-------|--------|-----------
POST     POST /notifications [EMAIL]                                                     9044   550(6.08%) |   5494       1   40804   1100 |   16.80        0.00
--------|----------------------------------------------------------------------------|-------|-------------|-------|-------|-------|-------|--------|-----------
         Aggregated                                                                      9044   550(6.08%) |   5494       1   40804   1100 |   16.80        0.00

Type     Name                                                                          # reqs      # fails |    Avg     Min     Max    Med |   req/s  failures/s
--------|----------------------------------------------------------------------------|-------|-------------|-------|-------|-------|-------|--------|-----------
POST     POST /notifications [EMAIL]                                                     9087   550(6.05%) |   5473       1   40804   1100 |   17.10        0.00
--------|----------------------------------------------------------------------------|-------|-------------|-------|-------|-------|-------|--------|-----------
         Aggregated                                                                      9087   550(6.05%) |   5473       1   40804   1100 |   17.10        0.00

Type     Name                                                                          # reqs      # fails |    Avg     Min     Max    Med |   req/s  failures/s
--------|----------------------------------------------------------------------------|-------|-------------|-------|-------|-------|-------|--------|-----------
POST     POST /notifications [EMAIL]                                                     9119   550(6.03%) |   5457       1   40804   1100 |   18.20        0.00
--------|----------------------------------------------------------------------------|-------|-------------|-------|-------|-------|-------|--------|-----------
         Aggregated                                                                      9119   550(6.03%) |   5457       1   40804   1100 |   18.20        0.00

Type     Name                                                                          # reqs      # fails |    Avg     Min     Max    Med |   req/s  failures/s
--------|----------------------------------------------------------------------------|-------|-------------|-------|-------|-------|-------|--------|-----------
POST     POST /notifications [EMAIL]                                                     9158   550(6.01%) |   5439       1   40804   1100 |   18.50        0.00
--------|----------------------------------------------------------------------------|-------|-------------|-------|-------|-------|-------|--------|-----------
         Aggregated                                                                      9158   550(6.01%) |   5439       1   40804   1100 |   18.50        0.00

Type     Name                                                                          # reqs      # fails |    Avg     Min     Max    Med |   req/s  failures/s
--------|----------------------------------------------------------------------------|-------|-------------|-------|-------|-------|-------|--------|-----------
POST     POST /notifications [EMAIL]                                                     9196   550(5.98%) |   5420       1   40804   1000 |   18.80        0.00
--------|----------------------------------------------------------------------------|-------|-------------|-------|-------|-------|-------|--------|-----------
         Aggregated                                                                      9196   550(5.98%) |   5420       1   40804   1000 |   18.80        0.00

Type     Name                                                                          # reqs      # fails |    Avg     Min     Max    Med |   req/s  failures/s
--------|----------------------------------------------------------------------------|-------|-------------|-------|-------|-------|-------|--------|-----------
POST     POST /notifications [EMAIL]                                                     9233   550(5.96%) |   5403       1   40804   1000 |   19.20        0.00
--------|----------------------------------------------------------------------------|-------|-------------|-------|-------|-------|-------|--------|-----------
         Aggregated                                                                      9233   550(5.96%) |   5403       1   40804   1000 |   19.20        0.00

Type     Name                                                                          # reqs      # fails |    Avg     Min     Max    Med |   req/s  failures/s
--------|----------------------------------------------------------------------------|-------|-------------|-------|-------|-------|-------|--------|-----------
POST     POST /notifications [EMAIL]                                                     9264   550(5.94%) |   5388       1   40804   1000 |   18.80        0.00
--------|----------------------------------------------------------------------------|-------|-------------|-------|-------|-------|-------|--------|-----------
         Aggregated                                                                      9264   550(5.94%) |   5388       1   40804   1000 |   18.80        0.00

Type     Name                                                                          # reqs      # fails |    Avg     Min     Max    Med |   req/s  failures/s
--------|----------------------------------------------------------------------------|-------|-------------|-------|-------|-------|-------|--------|-----------
POST     POST /notifications [EMAIL]                                                     9310   550(5.91%) |   5366       1   40804   1000 |   18.70        0.00
--------|----------------------------------------------------------------------------|-------|-------------|-------|-------|-------|-------|--------|-----------
         Aggregated                                                                      9310   550(5.91%) |   5366       1   40804   1000 |   18.70        0.00

Type     Name                                                                          # reqs      # fails |    Avg     Min     Max    Med |   req/s  failures/s
--------|----------------------------------------------------------------------------|-------|-------------|-------|-------|-------|-------|--------|-----------
POST     POST /notifications [EMAIL]                                                     9348   550(5.88%) |   5349       1   40804   1000 |   18.60        0.00
--------|----------------------------------------------------------------------------|-------|-------------|-------|-------|-------|-------|--------|-----------
         Aggregated                                                                      9348   550(5.88%) |   5349       1   40804   1000 |   18.60        0.00

Type     Name                                                                          # reqs      # fails |    Avg     Min     Max    Med |   req/s  failures/s
--------|----------------------------------------------------------------------------|-------|-------------|-------|-------|-------|-------|--------|-----------
POST     POST /notifications [EMAIL]                                                     9388   550(5.86%) |   5330       1   40804   1000 |   19.50        0.00
--------|----------------------------------------------------------------------------|-------|-------------|-------|-------|-------|-------|--------|-----------
         Aggregated                                                                      9388   550(5.86%) |   5330       1   40804   1000 |   19.50        0.00

Type     Name                                                                          # reqs      # fails |    Avg     Min     Max    Med |   req/s  failures/s
--------|----------------------------------------------------------------------------|-------|-------------|-------|-------|-------|-------|--------|-----------
POST     POST /notifications [EMAIL]                                                     9424   550(5.84%) |   5314       1   40804   1000 |   19.20        0.00
--------|----------------------------------------------------------------------------|-------|-------------|-------|-------|-------|-------|--------|-----------
         Aggregated                                                                      9424   550(5.84%) |   5314       1   40804   1000 |   19.20        0.00

Type     Name                                                                          # reqs      # fails |    Avg     Min     Max    Med |   req/s  failures/s
--------|----------------------------------------------------------------------------|-------|-------------|-------|-------|-------|-------|--------|-----------
POST     POST /notifications [EMAIL]                                                     9455   550(5.82%) |   5301       1   40804   1000 |   19.30        0.00
--------|----------------------------------------------------------------------------|-------|-------------|-------|-------|-------|-------|--------|-----------
         Aggregated                                                                      9455   550(5.82%) |   5301       1   40804   1000 |   19.30        0.00

Type     Name                                                                          # reqs      # fails |    Avg     Min     Max    Med |   req/s  failures/s
--------|----------------------------------------------------------------------------|-------|-------------|-------|-------|-------|-------|--------|-----------
POST     POST /notifications [EMAIL]                                                     9502   550(5.79%) |   5279       1   40804   1000 |   18.30        0.00
--------|----------------------------------------------------------------------------|-------|-------------|-------|-------|-------|-------|--------|-----------
         Aggregated                                                                      9502   550(5.79%) |   5279       1   40804   1000 |   18.30        0.00

Type     Name                                                                          # reqs      # fails |    Avg     Min     Max    Med |   req/s  failures/s
--------|----------------------------------------------------------------------------|-------|-------------|-------|-------|-------|-------|--------|-----------
POST     POST /notifications [EMAIL]                                                     9530   550(5.77%) |   5266       1   40804   1000 |   18.60        0.00
--------|----------------------------------------------------------------------------|-------|-------------|-------|-------|-------|-------|--------|-----------
         Aggregated                                                                      9530   550(5.77%) |   5266       1   40804   1000 |   18.60        0.00

Type     Name                                                                          # reqs      # fails |    Avg     Min     Max    Med |   req/s  failures/s
--------|----------------------------------------------------------------------------|-------|-------------|-------|-------|-------|-------|--------|-----------
POST     POST /notifications [EMAIL]                                                     9568   550(5.75%) |   5250       1   40804   1000 |   19.10        0.00
--------|----------------------------------------------------------------------------|-------|-------------|-------|-------|-------|-------|--------|-----------
         Aggregated                                                                      9568   550(5.75%) |   5250       1   40804   1000 |   19.10        0.00

Type     Name                                                                          # reqs      # fails |    Avg     Min     Max    Med |   req/s  failures/s
--------|----------------------------------------------------------------------------|-------|-------------|-------|-------|-------|-------|--------|-----------
POST     POST /notifications [EMAIL]                                                     9605   550(5.73%) |   5234       1   40804   1000 |   18.00        0.00
--------|----------------------------------------------------------------------------|-------|-------------|-------|-------|-------|-------|--------|-----------
         Aggregated                                                                      9605   550(5.73%) |   5234       1   40804   1000 |   18.00        0.00

Type     Name                                                                          # reqs      # fails |    Avg     Min     Max    Med |   req/s  failures/s
--------|----------------------------------------------------------------------------|-------|-------------|-------|-------|-------|-------|--------|-----------
POST     POST /notifications [EMAIL]                                                     9644   550(5.70%) |   5217       1   40804   1000 |   18.40        0.00
--------|----------------------------------------------------------------------------|-------|-------------|-------|-------|-------|-------|--------|-----------
         Aggregated                                                                      9644   550(5.70%) |   5217       1   40804   1000 |   18.40        0.00

Type     Name                                                                          # reqs      # fails |    Avg     Min     Max    Med |   req/s  failures/s
--------|----------------------------------------------------------------------------|-------|-------------|-------|-------|-------|-------|--------|-----------
POST     POST /notifications [EMAIL]                                                     9678   550(5.68%) |   5203       1   40804   1000 |   19.40        0.00
--------|----------------------------------------------------------------------------|-------|-------------|-------|-------|-------|-------|--------|-----------
         Aggregated                                                                      9678   550(5.68%) |   5203       1   40804   1000 |   19.40        0.00

Type     Name                                                                          # reqs      # fails |    Avg     Min     Max    Med |   req/s  failures/s
--------|----------------------------------------------------------------------------|-------|-------------|-------|-------|-------|-------|--------|-----------
POST     POST /notifications [EMAIL]                                                     9713   550(5.66%) |   5188       1   40804   1000 |   18.50        0.00
--------|----------------------------------------------------------------------------|-------|-------------|-------|-------|-------|-------|--------|-----------
         Aggregated                                                                      9713   550(5.66%) |   5188       1   40804   1000 |   18.50        0.00

Type     Name                                                                          # reqs      # fails |    Avg     Min     Max    Med |   req/s  failures/s
--------|----------------------------------------------------------------------------|-------|-------------|-------|-------|-------|-------|--------|-----------
POST     POST /notifications [EMAIL]                                                     9740   550(5.65%) |   5177       1   40804   1000 |   17.50        0.00
--------|----------------------------------------------------------------------------|-------|-------------|-------|-------|-------|-------|--------|-----------
         Aggregated                                                                      9740   550(5.65%) |   5177       1   40804   1000 |   17.50        0.00

[2026-04-21 10:06:54,082] ip-10-0-1-128/INFO/locust.runners: Shape test stopping
[2026-04-21 10:06:54,112] ip-10-0-1-128/INFO/locust.main: --run-time limit reached, shutting down
[2026-04-21 10:06:54,113] ip-10-0-1-128/INFO/locust.main: Shutting down (exit code 1)
Type     Name                                                                          # reqs      # fails |    Avg     Min     Max    Med |   req/s  failures/s
--------|----------------------------------------------------------------------------|-------|-------------|-------|-------|-------|-------|--------|-----------
POST     POST /notifications [EMAIL]                                                     9746   550(5.64%) |   5174       1   40804   1000 |   20.28        1.14
--------|----------------------------------------------------------------------------|-------|-------------|-------|-------|-------|-------|--------|-----------
         Aggregated                                                                      9746   550(5.64%) |   5174       1   40804   1000 |   20.28        1.14

Response time percentiles (approximated)
Type     Name                                                                                  50%    66%    75%    80%    90%    95%    98%    99%  99.9% 99.99%   100% # reqs
--------|--------------------------------------------------------------------------------|--------|------|------|------|------|------|------|------|------|------|------|------
POST     POST /notifications [EMAIL]                                                          1000   1400   7800   9700  19000  28000  38000  39000  40000  41000  41000   9746
--------|--------------------------------------------------------------------------------|--------|------|------|------|------|------|------|------|------|------|------|------
         Aggregated                                                                           1000   1400   7800   9700  19000  28000  38000  39000  40000  41000  41000   9746

Error report
# occurrences      Error                                                                                               
------------------|---------------------------------------------------------------------------------------------------------------------------------------------
1                  POST POST /notifications [EMAIL]: Unexpected status=500, body={"timestamp":"2026-04-21T10:01:23.946Z","status":500,"error":"Internal Server Error","path":"/notifications"}
1                  POST POST /notifications [EMAIL]: Unexpected status=500, body={"timestamp":"2026-04-21T10:01:23.954Z","status":500,"error":"Internal Server Error","path":"/notifications"}
1                  POST POST /notifications [EMAIL]: Unexpected status=500, body={"timestamp":"2026-04-21T10:01:23.968Z","status":500,"error":"Internal Server Error","path":"/notifications"}
1                  POST POST /notifications [EMAIL]: Unexpected status=500, body={"timestamp":"2026-04-21T10:01:23.969Z","status":500,"error":"Internal Server Error","path":"/notifications"}
1                  POST POST /notifications [EMAIL]: Unexpected status=500, body={"timestamp":"2026-04-21T10:01:24.590Z","status":500,"error":"Internal Server Error","path":"/notifications"}
1                  POST POST /notifications [EMAIL]: Unexpected status=500, body={"timestamp":"2026-04-21T10:01:24.705Z","status":500,"error":"Internal Server Error","path":"/notifications"}
1                  POST POST /notifications [EMAIL]: Unexpected status=500, body={"timestamp":"2026-04-21T10:01:24.747Z","status":500,"error":"Internal Server Error","path":"/notifications"}
1                  POST POST /notifications [EMAIL]: Unexpected status=500, body={"timestamp":"2026-04-21T10:01:24.866Z","status":500,"error":"Internal Server Error","path":"/notifications"}
1                  POST POST /notifications [EMAIL]: Unexpected status=500, body={"timestamp":"2026-04-21T10:01:25.646Z","status":500,"error":"Internal Server Error","path":"/notifications"}
1                  POST POST /notifications [EMAIL]: Unexpected status=500, body={"timestamp":"2026-04-21T10:01:25.838Z","status":500,"error":"Internal Server Error","path":"/notifications"}
1                  POST POST /notifications [EMAIL]: Unexpected status=500, body={"timestamp":"2026-04-21T10:01:25.839Z","status":500,"error":"Internal Server Error","path":"/notifications"}
1                  POST POST /notifications [EMAIL]: Unexpected status=500, body={"timestamp":"2026-04-21T10:01:25.842Z","status":500,"error":"Internal Server Error","path":"/notifications"}
1                  POST POST /notifications [EMAIL]: Unexpected status=500, body={"timestamp":"2026-04-21T10:01:26.546Z","status":500,"error":"Internal Server Error","path":"/notifications"}
1                  POST POST /notifications [EMAIL]: Unexpected status=500, body={"timestamp":"2026-04-21T10:01:31.679Z","status":500,"error":"Internal Server Error","path":"/notifications"}
1                  POST POST /notifications [EMAIL]: Unexpected status=500, body={"timestamp":"2026-04-21T10:01:32.425Z","status":500,"error":"Internal Server Error","path":"/notifications"}
1                  POST POST /notifications [EMAIL]: Unexpected status=500, body={"timestamp":"2026-04-21T10:01:34.253Z","status":500,"error":"Internal Server Error","path":"/notifications"}
2                  POST POST /notifications [EMAIL]: Unexpected status=500, body={"timestamp":"2026-04-21T10:01:35.323Z","status":500,"error":"Internal Server Error","path":"/notifications"}
1                  POST POST /notifications [EMAIL]: Unexpected status=500, body={"timestamp":"2026-04-21T10:01:36.630Z","status":500,"error":"Internal Server Error","path":"/notifications"}
1                  POST POST /notifications [EMAIL]: Unexpected status=500, body={"timestamp":"2026-04-21T10:01:37.230Z","status":500,"error":"Internal Server Error","path":"/notifications"}
1                  POST POST /notifications [EMAIL]: Unexpected status=500, body={"timestamp":"2026-04-21T10:01:38.334Z","status":500,"error":"Internal Server Error","path":"/notifications"}
1                  POST POST /notifications [EMAIL]: Unexpected status=500, body={"timestamp":"2026-04-21T10:01:39.432Z","status":500,"error":"Internal Server Error","path":"/notifications"}
1                  POST POST /notifications [EMAIL]: Unexpected status=500, body={"timestamp":"2026-04-21T10:01:41.670Z","status":500,"error":"Internal Server Error","path":"/notifications"}
1                  POST POST /notifications [EMAIL]: Unexpected status=500, body={"timestamp":"2026-04-21T10:01:42.329Z","status":500,"error":"Internal Server Error","path":"/notifications"}
1                  POST POST /notifications [EMAIL]: Unexpected status=500, body={"timestamp":"2026-04-21T10:01:43.314Z","status":500,"error":"Internal Server Error","path":"/notifications"}
1                  POST POST /notifications [EMAIL]: Unexpected status=500, body={"timestamp":"2026-04-21T10:01:43.316Z","status":500,"error":"Internal Server Error","path":"/notifications"}
1                  POST POST /notifications [EMAIL]: Unexpected status=500, body={"timestamp":"2026-04-21T10:01:44.192Z","status":500,"error":"Internal Server Error","path":"/notifications"}
1                  POST POST /notifications [EMAIL]: Unexpected status=500, body={"timestamp":"2026-04-21T10:01:44.530Z","status":500,"error":"Internal Server Error","path":"/notifications"}
1                  POST POST /notifications [EMAIL]: Unexpected status=500, body={"timestamp":"2026-04-21T10:01:45.211Z","status":500,"error":"Internal Server Error","path":"/notifications"}
1                  POST POST /notifications [EMAIL]: Unexpected status=500, body={"timestamp":"2026-04-21T10:01:45.501Z","status":500,"error":"Internal Server Error","path":"/notifications"}
1                  POST POST /notifications [EMAIL]: Unexpected status=500, body={"timestamp":"2026-04-21T10:01:45.650Z","status":500,"error":"Internal Server Error","path":"/notifications"}
1                  POST POST /notifications [EMAIL]: Unexpected status=500, body={"timestamp":"2026-04-21T10:01:46.477Z","status":500,"error":"Internal Server Error","path":"/notifications"}
1                  POST POST /notifications [EMAIL]: Unexpected status=500, body={"timestamp":"2026-04-21T10:01:46.571Z","status":500,"error":"Internal Server Error","path":"/notifications"}
1                  POST POST /notifications [EMAIL]: Unexpected status=500, body={"timestamp":"2026-04-21T10:01:48.552Z","status":500,"error":"Internal Server Error","path":"/notifications"}
1                  POST POST /notifications [EMAIL]: Unexpected status=500, body={"timestamp":"2026-04-21T10:01:50.285Z","status":500,"error":"Internal Server Error","path":"/notifications"}
1                  POST POST /notifications [EMAIL]: Unexpected status=500, body={"timestamp":"2026-04-21T10:01:52.173Z","status":500,"error":"Internal Server Error","path":"/notifications"}
1                  POST POST /notifications [EMAIL]: Unexpected status=500, body={"timestamp":"2026-04-21T10:01:52.174Z","status":500,"error":"Internal Server Error","path":"/notifications"}
1                  POST POST /notifications [EMAIL]: Unexpected status=500, body={"timestamp":"2026-04-21T10:01:53.087Z","status":500,"error":"Internal Server Error","path":"/notifications"}
1                  POST POST /notifications [EMAIL]: Unexpected status=500, body={"timestamp":"2026-04-21T10:01:53.089Z","status":500,"error":"Internal Server Error","path":"/notifications"}
1                  POST POST /notifications [EMAIL]: Unexpected status=500, body={"timestamp":"2026-04-21T10:01:53.885Z","status":500,"error":"Internal Server Error","path":"/notifications"}
1                  POST POST /notifications [EMAIL]: Unexpected status=500, body={"timestamp":"2026-04-21T10:01:54.671Z","status":500,"error":"Internal Server Error","path":"/notifications"}
1                  POST POST /notifications [EMAIL]: Unexpected status=500, body={"timestamp":"2026-04-21T10:01:55.467Z","status":500,"error":"Internal Server Error","path":"/notifications"}
1                  POST POST /notifications [EMAIL]: Unexpected status=500, body={"timestamp":"2026-04-21T10:01:55.745Z","status":500,"error":"Internal Server Error","path":"/notifications"}
1                  POST POST /notifications [EMAIL]: Unexpected status=500, body={"timestamp":"2026-04-21T10:01:56.732Z","status":500,"error":"Internal Server Error","path":"/notifications"}
1                  POST POST /notifications [EMAIL]: Unexpected status=500, body={"timestamp":"2026-04-21T10:01:57.481Z","status":500,"error":"Internal Server Error","path":"/notifications"}
1                  POST POST /notifications [EMAIL]: Unexpected status=500, body={"timestamp":"2026-04-21T10:01:57.483Z","status":500,"error":"Internal Server Error","path":"/notifications"}
1                  POST POST /notifications [EMAIL]: Unexpected status=500, body={"timestamp":"2026-04-21T10:01:58.102Z","status":500,"error":"Internal Server Error","path":"/notifications"}
1                  POST POST /notifications [EMAIL]: Unexpected status=500, body={"timestamp":"2026-04-21T10:01:58.411Z","status":500,"error":"Internal Server Error","path":"/notifications"}
1                  POST POST /notifications [EMAIL]: Unexpected status=500, body={"timestamp":"2026-04-21T10:01:58.449Z","status":500,"error":"Internal Server Error","path":"/notifications"}
1                  POST POST /notifications [EMAIL]: Unexpected status=500, body={"timestamp":"2026-04-21T10:01:58.539Z","status":500,"error":"Internal Server Error","path":"/notifications"}
1                  POST POST /notifications [EMAIL]: Unexpected status=500, body={"timestamp":"2026-04-21T10:01:59.451Z","status":500,"error":"Internal Server Error","path":"/notifications"}
1                  POST POST /notifications [EMAIL]: Unexpected status=500, body={"timestamp":"2026-04-21T10:02:00.525Z","status":500,"error":"Internal Server Error","path":"/notifications"}
1                  POST POST /notifications [EMAIL]: Unexpected status=500, body={"timestamp":"2026-04-21T10:02:00.529Z","status":500,"error":"Internal Server Error","path":"/notifications"}
1                  POST POST /notifications [EMAIL]: Unexpected status=500, body={"timestamp":"2026-04-21T10:02:01.494Z","status":500,"error":"Internal Server Error","path":"/notifications"}
1                  POST POST /notifications [EMAIL]: Unexpected status=500, body={"timestamp":"2026-04-21T10:02:05.747Z","status":500,"error":"Internal Server Error","path":"/notifications"}
1                  POST POST /notifications [EMAIL]: Unexpected status=500, body={"timestamp":"2026-04-21T10:02:07.363Z","status":500,"error":"Internal Server Error","path":"/notifications"}
1                  POST POST /notifications [EMAIL]: Unexpected status=500, body={"timestamp":"2026-04-21T10:02:08.642Z","status":500,"error":"Internal Server Error","path":"/notifications"}
1                  POST POST /notifications [EMAIL]: Unexpected status=500, body={"timestamp":"2026-04-21T10:02:10.611Z","status":500,"error":"Internal Server Error","path":"/notifications"}
1                  POST POST /notifications [EMAIL]: Unexpected status=500, body={"timestamp":"2026-04-21T10:02:10.614Z","status":500,"error":"Internal Server Error","path":"/notifications"}
1                  POST POST /notifications [EMAIL]: Unexpected status=500, body={"timestamp":"2026-04-21T10:02:11.566Z","status":500,"error":"Internal Server Error","path":"/notifications"}
1                  POST POST /notifications [EMAIL]: Unexpected status=500, body={"timestamp":"2026-04-21T10:02:11.570Z","status":500,"error":"Internal Server Error","path":"/notifications"}
1                  POST POST /notifications [EMAIL]: Unexpected status=500, body={"timestamp":"2026-04-21T10:02:14.442Z","status":500,"error":"Internal Server Error","path":"/notifications"}
1                  POST POST /notifications [EMAIL]: Unexpected status=500, body={"timestamp":"2026-04-21T10:02:15.582Z","status":500,"error":"Internal Server Error","path":"/notifications"}
1                  POST POST /notifications [EMAIL]: Unexpected status=500, body={"timestamp":"2026-04-21T10:02:17.445Z","status":500,"error":"Internal Server Error","path":"/notifications"}
1                  POST POST /notifications [EMAIL]: Unexpected status=500, body={"timestamp":"2026-04-21T10:02:17.444Z","status":500,"error":"Internal Server Error","path":"/notifications"}
1                  POST POST /notifications [EMAIL]: Unexpected status=500, body={"timestamp":"2026-04-21T10:02:17.751Z","status":500,"error":"Internal Server Error","path":"/notifications"}
1                  POST POST /notifications [EMAIL]: Unexpected status=500, body={"timestamp":"2026-04-21T10:02:18.301Z","status":500,"error":"Internal Server Error","path":"/notifications"}
1                  POST POST /notifications [EMAIL]: Unexpected status=500, body={"timestamp":"2026-04-21T10:02:18.580Z","status":500,"error":"Internal Server Error","path":"/notifications"}
1                  POST POST /notifications [EMAIL]: Unexpected status=500, body={"timestamp":"2026-04-21T10:02:18.819Z","status":500,"error":"Internal Server Error","path":"/notifications"}
1                  POST POST /notifications [EMAIL]: Unexpected status=500, body={"timestamp":"2026-04-21T10:02:19.242Z","status":500,"error":"Internal Server Error","path":"/notifications"}
1                  POST POST /notifications [EMAIL]: Unexpected status=500, body={"timestamp":"2026-04-21T10:02:19.615Z","status":500,"error":"Internal Server Error","path":"/notifications"}
1                  POST POST /notifications [EMAIL]: Unexpected status=500, body={"timestamp":"2026-04-21T10:02:20.202Z","status":500,"error":"Internal Server Error","path":"/notifications"}
1                  POST POST /notifications [EMAIL]: Unexpected status=500, body={"timestamp":"2026-04-21T10:02:20.288Z","status":500,"error":"Internal Server Error","path":"/notifications"}
1                  POST POST /notifications [EMAIL]: Unexpected status=500, body={"timestamp":"2026-04-21T10:02:21.284Z","status":500,"error":"Internal Server Error","path":"/notifications"}
1                  POST POST /notifications [EMAIL]: Unexpected status=500, body={"timestamp":"2026-04-21T10:02:21.449Z","status":500,"error":"Internal Server Error","path":"/notifications"}
1                  POST POST /notifications [EMAIL]: Unexpected status=500, body={"timestamp":"2026-04-21T10:02:21.582Z","status":500,"error":"Internal Server Error","path":"/notifications"}
1                  POST POST /notifications [EMAIL]: Unexpected status=500, body={"timestamp":"2026-04-21T10:02:22.177Z","status":500,"error":"Internal Server Error","path":"/notifications"}
1                  POST POST /notifications [EMAIL]: Unexpected status=500, body={"timestamp":"2026-04-21T10:02:22.179Z","status":500,"error":"Internal Server Error","path":"/notifications"}
1                  POST POST /notifications [EMAIL]: Unexpected status=500, body={"timestamp":"2026-04-21T10:02:23.890Z","status":500,"error":"Internal Server Error","path":"/notifications"}
2                  POST POST /notifications [EMAIL]: Unexpected status=500, body={"timestamp":"2026-04-21T10:02:24.200Z","status":500,"error":"Internal Server Error","path":"/notifications"}
1                  POST POST /notifications [EMAIL]: Unexpected status=500, body={"timestamp":"2026-04-21T10:02:25.472Z","status":500,"error":"Internal Server Error","path":"/notifications"}
1                  POST POST /notifications [EMAIL]: Unexpected status=500, body={"timestamp":"2026-04-21T10:02:25.808Z","status":500,"error":"Internal Server Error","path":"/notifications"}
1                  POST POST /notifications [EMAIL]: Unexpected status=500, body={"timestamp":"2026-04-21T10:02:25.839Z","status":500,"error":"Internal Server Error","path":"/notifications"}
1                  POST POST /notifications [EMAIL]: Unexpected status=500, body={"timestamp":"2026-04-21T10:02:26.441Z","status":500,"error":"Internal Server Error","path":"/notifications"}
1                  POST POST /notifications [EMAIL]: Unexpected status=500, body={"timestamp":"2026-04-21T10:02:26.460Z","status":500,"error":"Internal Server Error","path":"/notifications"}
1                  POST POST /notifications [EMAIL]: Unexpected status=500, body={"timestamp":"2026-04-21T10:02:27.259Z","status":500,"error":"Internal Server Error","path":"/notifications"}
1                  POST POST /notifications [EMAIL]: Unexpected status=500, body={"timestamp":"2026-04-21T10:02:27.572Z","status":500,"error":"Internal Server Error","path":"/notifications"}
1                  POST POST /notifications [EMAIL]: Unexpected status=500, body={"timestamp":"2026-04-21T10:02:27.990Z","status":500,"error":"Internal Server Error","path":"/notifications"}
1                  POST POST /notifications [EMAIL]: Unexpected status=500, body={"timestamp":"2026-04-21T10:02:28.106Z","status":500,"error":"Internal Server Error","path":"/notifications"}
1                  POST POST /notifications [EMAIL]: Unexpected status=500, body={"timestamp":"2026-04-21T10:02:28.249Z","status":500,"error":"Internal Server Error","path":"/notifications"}
1                  POST POST /notifications [EMAIL]: Unexpected status=500, body={"timestamp":"2026-04-21T10:02:28.419Z","status":500,"error":"Internal Server Error","path":"/notifications"}
1                  POST POST /notifications [EMAIL]: Unexpected status=500, body={"timestamp":"2026-04-21T10:02:28.856Z","status":500,"error":"Internal Server Error","path":"/notifications"}
1                  POST POST /notifications [EMAIL]: Unexpected status=500, body={"timestamp":"2026-04-21T10:02:29.149Z","status":500,"error":"Internal Server Error","path":"/notifications"}
2                  POST POST /notifications [EMAIL]: Unexpected status=500, body={"timestamp":"2026-04-21T10:02:29.449Z","status":500,"error":"Internal Server Error","path":"/notifications"}
1                  POST POST /notifications [EMAIL]: Unexpected status=500, body={"timestamp":"2026-04-21T10:02:30.440Z","status":500,"error":"Internal Server Error","path":"/notifications"}
1                  POST POST /notifications [EMAIL]: Unexpected status=500, body={"timestamp":"2026-04-21T10:02:30.443Z","status":500,"error":"Internal Server Error","path":"/notifications"}
1                  POST POST /notifications [EMAIL]: Unexpected status=500, body={"timestamp":"2026-04-21T10:02:30.546Z","status":500,"error":"Internal Server Error","path":"/notifications"}
1                  POST POST /notifications [EMAIL]: Unexpected status=500, body={"timestamp":"2026-04-21T10:02:30.871Z","status":500,"error":"Internal Server Error","path":"/notifications"}
2                  POST POST /notifications [EMAIL]: Unexpected status=500, body={"timestamp":"2026-04-21T10:02:31.482Z","status":500,"error":"Internal Server Error","path":"/notifications"}
1                  POST POST /notifications [EMAIL]: Unexpected status=500, body={"timestamp":"2026-04-21T10:02:31.480Z","status":500,"error":"Internal Server Error","path":"/notifications"}
1                  POST POST /notifications [EMAIL]: Unexpected status=500, body={"timestamp":"2026-04-21T10:02:31.486Z","status":500,"error":"Internal Server Error","path":"/notifications"}
1                  POST POST /notifications [EMAIL]: Unexpected status=500, body={"timestamp":"2026-04-21T10:02:32.541Z","status":500,"error":"Internal Server Error","path":"/notifications"}
1                  POST POST /notifications [EMAIL]: Unexpected status=500, body={"timestamp":"2026-04-21T10:02:32.889Z","status":500,"error":"Internal Server Error","path":"/notifications"}
1                  POST POST /notifications [EMAIL]: Unexpected status=500, body={"timestamp":"2026-04-21T10:02:32.893Z","status":500,"error":"Internal Server Error","path":"/notifications"}
1                  POST POST /notifications [EMAIL]: Unexpected status=500, body={"timestamp":"2026-04-21T10:02:34.699Z","status":500,"error":"Internal Server Error","path":"/notifications"}
1                  POST POST /notifications [EMAIL]: Unexpected status=500, body={"timestamp":"2026-04-21T10:02:35.288Z","status":500,"error":"Internal Server Error","path":"/notifications"}
1                  POST POST /notifications [EMAIL]: Unexpected status=500, body={"timestamp":"2026-04-21T10:02:35.849Z","status":500,"error":"Internal Server Error","path":"/notifications"}
1                  POST POST /notifications [EMAIL]: Unexpected status=500, body={"timestamp":"2026-04-21T10:02:36.271Z","status":500,"error":"Internal Server Error","path":"/notifications"}
1                  POST POST /notifications [EMAIL]: Unexpected status=500, body={"timestamp":"2026-04-21T10:02:38.377Z","status":500,"error":"Internal Server Error","path":"/notifications"}
1                  POST POST /notifications [EMAIL]: Unexpected status=500, body={"timestamp":"2026-04-21T10:02:40.229Z","status":500,"error":"Internal Server Error","path":"/notifications"}
1                  POST POST /notifications [EMAIL]: Unexpected status=500, body={"timestamp":"2026-04-21T10:02:41.059Z","status":500,"error":"Internal Server Error","path":"/notifications"}
1                  POST POST /notifications [EMAIL]: Unexpected status=500, body={"timestamp":"2026-04-21T10:02:42.266Z","status":500,"error":"Internal Server Error","path":"/notifications"}
1                  POST POST /notifications [EMAIL]: Unexpected status=500, body={"timestamp":"2026-04-21T10:02:43.510Z","status":500,"error":"Internal Server Error","path":"/notifications"}
1                  POST POST /notifications [EMAIL]: Unexpected status=500, body={"timestamp":"2026-04-21T10:02:44.300Z","status":500,"error":"Internal Server Error","path":"/notifications"}
1                  POST POST /notifications [EMAIL]: Unexpected status=500, body={"timestamp":"2026-04-21T10:02:44.302Z","status":500,"error":"Internal Server Error","path":"/notifications"}
1                  POST POST /notifications [EMAIL]: Unexpected status=500, body={"timestamp":"2026-04-21T10:02:44.503Z","status":500,"error":"Internal Server Error","path":"/notifications"}
1                  POST POST /notifications [EMAIL]: Unexpected status=500, body={"timestamp":"2026-04-21T10:02:45.585Z","status":500,"error":"Internal Server Error","path":"/notifications"}
1                  POST POST /notifications [EMAIL]: Unexpected status=500, body={"timestamp":"2026-04-21T10:02:47.450Z","status":500,"error":"Internal Server Error","path":"/notifications"}
1                  POST POST /notifications [EMAIL]: Unexpected status=500, body={"timestamp":"2026-04-21T10:02:47.572Z","status":500,"error":"Internal Server Error","path":"/notifications"}
1                  POST POST /notifications [EMAIL]: Unexpected status=500, body={"timestamp":"2026-04-21T10:02:47.720Z","status":500,"error":"Internal Server Error","path":"/notifications"}
1                  POST POST /notifications [EMAIL]: Unexpected status=500, body={"timestamp":"2026-04-21T10:02:47.754Z","status":500,"error":"Internal Server Error","path":"/notifications"}
1                  POST POST /notifications [EMAIL]: Unexpected status=500, body={"timestamp":"2026-04-21T10:02:47.879Z","status":500,"error":"Internal Server Error","path":"/notifications"}
1                  POST POST /notifications [EMAIL]: Unexpected status=500, body={"timestamp":"2026-04-21T10:02:47.882Z","status":500,"error":"Internal Server Error","path":"/notifications"}
1                  POST POST /notifications [EMAIL]: Unexpected status=500, body={"timestamp":"2026-04-21T10:02:48.919Z","status":500,"error":"Internal Server Error","path":"/notifications"}
1                  POST POST /notifications [EMAIL]: Unexpected status=500, body={"timestamp":"2026-04-21T10:02:48.922Z","status":500,"error":"Internal Server Error","path":"/notifications"}
2                  POST POST /notifications [EMAIL]: Unexpected status=500, body={"timestamp":"2026-04-21T10:02:48.923Z","status":500,"error":"Internal Server Error","path":"/notifications"}
1                  POST POST /notifications [EMAIL]: Unexpected status=500, body={"timestamp":"2026-04-21T10:02:50.424Z","status":500,"error":"Internal Server Error","path":"/notifications"}
1                  POST POST /notifications [EMAIL]: Unexpected status=500, body={"timestamp":"2026-04-21T10:02:52.169Z","status":500,"error":"Internal Server Error","path":"/notifications"}
1                  POST POST /notifications [EMAIL]: Unexpected status=500, body={"timestamp":"2026-04-21T10:02:52.183Z","status":500,"error":"Internal Server Error","path":"/notifications"}
1                  POST POST /notifications [EMAIL]: Unexpected status=500, body={"timestamp":"2026-04-21T10:02:52.545Z","status":500,"error":"Internal Server Error","path":"/notifications"}
1                  POST POST /notifications [EMAIL]: Unexpected status=500, body={"timestamp":"2026-04-21T10:02:53.549Z","status":500,"error":"Internal Server Error","path":"/notifications"}
1                  POST POST /notifications [EMAIL]: Unexpected status=500, body={"timestamp":"2026-04-21T10:02:54.092Z","status":500,"error":"Internal Server Error","path":"/notifications"}
1                  POST POST /notifications [EMAIL]: Unexpected status=500, body={"timestamp":"2026-04-21T10:02:54.420Z","status":500,"error":"Internal Server Error","path":"/notifications"}
1                  POST POST /notifications [EMAIL]: Unexpected status=500, body={"timestamp":"2026-04-21T10:02:55.310Z","status":500,"error":"Internal Server Error","path":"/notifications"}
412                POST POST /notifications [EMAIL]: Unexpected status=502, body=<html>
<head><title>502 Bad Gateway</title></head>
<body>
<center><h1>502 Bad Gateway</h1></center>
</body>
</html>

------------------|---------------------------------------------------------------------------------------------------------------------------------------------

