Warning: Permanently added '3.90.169.113' (ED25519) to the list of known hosts.
[2026-04-21 09:34:08,821] ip-10-0-1-128/INFO/locust.main: Starting Locust 2.34.0
[2026-04-21 09:34:08,821] ip-10-0-1-128/WARNING/locust.main: Python 3.9 support is deprecated and will be removed soon
[2026-04-21 09:34:08,822] ip-10-0-1-128/INFO/locust.runners: Shape test starting.
Type     Name                                                                          # reqs      # fails |    Avg     Min     Max    Med |   req/s  failures/s
--------|----------------------------------------------------------------------------|-------|-------------|-------|-------|-------|-------|--------|-----------
--------|----------------------------------------------------------------------------|-------|-------------|-------|-------|-------|-------|--------|-----------
         Aggregated                                                                         0     0(0.00%) |      0       0       0      0 |    0.00        0.00

[2026-04-21 09:34:08,826] ip-10-0-1-128/INFO/locust.runners: Shape worker starting
[2026-04-21 09:34:08,826] ip-10-0-1-128/INFO/locust.runners: Shape test updating to 20 users at 80.00 spawn rate
[2026-04-21 09:34:08,826] ip-10-0-1-128/INFO/locust.runners: Ramping to 20 users at a rate of 80.00 per second
[2026-04-21 09:34:08,828] ip-10-0-1-128/INFO/locust.runners: All users spawned: {"NotificationUser": 20} (20 total users)
Type     Name                                                                          # reqs      # fails |    Avg     Min     Max    Med |   req/s  failures/s
--------|----------------------------------------------------------------------------|-------|-------------|-------|-------|-------|-------|--------|-----------
--------|----------------------------------------------------------------------------|-------|-------------|-------|-------|-------|-------|--------|-----------
         Aggregated                                                                         0     0(0.00%) |      0       0       0      0 |    0.00        0.00

Type     Name                                                                          # reqs      # fails |    Avg     Min     Max    Med |   req/s  failures/s
--------|----------------------------------------------------------------------------|-------|-------------|-------|-------|-------|-------|--------|-----------
POST     POST /notifications [EMAIL]                                                       47     0(0.00%) |   1559     260    3303   1300 |    0.00        0.00
--------|----------------------------------------------------------------------------|-------|-------------|-------|-------|-------|-------|--------|-----------
         Aggregated                                                                        47     0(0.00%) |   1559     260    3303   1300 |    0.00        0.00

Type     Name                                                                          # reqs      # fails |    Avg     Min     Max    Med |   req/s  failures/s
--------|----------------------------------------------------------------------------|-------|-------------|-------|-------|-------|-------|--------|-----------
POST     POST /notifications [EMAIL]                                                      103     0(0.00%) |   1084     260    3303    850 |    5.00        0.00
--------|----------------------------------------------------------------------------|-------|-------------|-------|-------|-------|-------|--------|-----------
         Aggregated                                                                       103     0(0.00%) |   1084     260    3303    850 |    5.00        0.00

Type     Name                                                                          # reqs      # fails |    Avg     Min     Max    Med |   req/s  failures/s
--------|----------------------------------------------------------------------------|-------|-------------|-------|-------|-------|-------|--------|-----------
POST     POST /notifications [EMAIL]                                                      170     0(0.00%) |    874     249    3303    630 |   12.50        0.00
--------|----------------------------------------------------------------------------|-------|-------------|-------|-------|-------|-------|--------|-----------
         Aggregated                                                                       170     0(0.00%) |    874     249    3303    630 |   12.50        0.00

Type     Name                                                                          # reqs      # fails |    Avg     Min     Max    Med |   req/s  failures/s
--------|----------------------------------------------------------------------------|-------|-------------|-------|-------|-------|-------|--------|-----------
POST     POST /notifications [EMAIL]                                                      240     0(0.00%) |    786     247    3303    620 |   17.75        0.00
--------|----------------------------------------------------------------------------|-------|-------------|-------|-------|-------|-------|--------|-----------
         Aggregated                                                                       240     0(0.00%) |    786     247    3303    620 |   17.75        0.00

Type     Name                                                                          # reqs      # fails |    Avg     Min     Max    Med |   req/s  failures/s
--------|----------------------------------------------------------------------------|-------|-------------|-------|-------|-------|-------|--------|-----------
POST     POST /notifications [EMAIL]                                                      310     0(0.00%) |    727     171    3303    580 |   21.00        0.00
--------|----------------------------------------------------------------------------|-------|-------------|-------|-------|-------|-------|--------|-----------
         Aggregated                                                                       310     0(0.00%) |    727     171    3303    580 |   21.00        0.00

Type     Name                                                                          # reqs      # fails |    Avg     Min     Max    Med |   req/s  failures/s
--------|----------------------------------------------------------------------------|-------|-------------|-------|-------|-------|-------|--------|-----------
POST     POST /notifications [EMAIL]                                                      375     0(0.00%) |    693     171    3303    570 |   27.90        0.00
--------|----------------------------------------------------------------------------|-------|-------------|-------|-------|-------|-------|--------|-----------
         Aggregated                                                                       375     0(0.00%) |    693     171    3303    570 |   27.90        0.00

Type     Name                                                                          # reqs      # fails |    Avg     Min     Max    Med |   req/s  failures/s
--------|----------------------------------------------------------------------------|-------|-------------|-------|-------|-------|-------|--------|-----------
POST     POST /notifications [EMAIL]                                                      450     0(0.00%) |    666     171    3303    560 |   33.60        0.00
--------|----------------------------------------------------------------------------|-------|-------------|-------|-------|-------|-------|--------|-----------
         Aggregated                                                                       450     0(0.00%) |    666     171    3303    560 |   33.60        0.00

Type     Name                                                                          # reqs      # fails |    Avg     Min     Max    Med |   req/s  failures/s
--------|----------------------------------------------------------------------------|-------|-------------|-------|-------|-------|-------|--------|-----------
POST     POST /notifications [EMAIL]                                                      522     0(0.00%) |    644     171    3303    550 |   34.80        0.00
--------|----------------------------------------------------------------------------|-------|-------------|-------|-------|-------|-------|--------|-----------
         Aggregated                                                                       522     0(0.00%) |    644     171    3303    550 |   34.80        0.00

Type     Name                                                                          # reqs      # fails |    Avg     Min     Max    Med |   req/s  failures/s
--------|----------------------------------------------------------------------------|-------|-------------|-------|-------|-------|-------|--------|-----------
POST     POST /notifications [EMAIL]                                                      592     0(0.00%) |    636     171    3303    550 |   35.80        0.00
--------|----------------------------------------------------------------------------|-------|-------------|-------|-------|-------|-------|--------|-----------
         Aggregated                                                                       592     0(0.00%) |    636     171    3303    550 |   35.80        0.00

Type     Name                                                                          # reqs      # fails |    Avg     Min     Max    Med |   req/s  failures/s
--------|----------------------------------------------------------------------------|-------|-------------|-------|-------|-------|-------|--------|-----------
POST     POST /notifications [EMAIL]                                                      662     0(0.00%) |    625     171    3303    550 |   35.00        0.00
--------|----------------------------------------------------------------------------|-------|-------------|-------|-------|-------|-------|--------|-----------
         Aggregated                                                                       662     0(0.00%) |    625     171    3303    550 |   35.00        0.00

Type     Name                                                                          # reqs      # fails |    Avg     Min     Max    Med |   req/s  failures/s
--------|----------------------------------------------------------------------------|-------|-------------|-------|-------|-------|-------|--------|-----------
POST     POST /notifications [EMAIL]                                                      725     0(0.00%) |    621     171    3303    550 |   35.80        0.00
--------|----------------------------------------------------------------------------|-------|-------------|-------|-------|-------|-------|--------|-----------
         Aggregated                                                                       725     0(0.00%) |    621     171    3303    550 |   35.80        0.00

Type     Name                                                                          # reqs      # fails |    Avg     Min     Max    Med |   req/s  failures/s
--------|----------------------------------------------------------------------------|-------|-------------|-------|-------|-------|-------|--------|-----------
POST     POST /notifications [EMAIL]                                                      803     0(0.00%) |    613     165    3303    550 |   34.40        0.00
--------|----------------------------------------------------------------------------|-------|-------------|-------|-------|-------|-------|--------|-----------
         Aggregated                                                                       803     0(0.00%) |    613     165    3303    550 |   34.40        0.00

Type     Name                                                                          # reqs      # fails |    Avg     Min     Max    Med |   req/s  failures/s
--------|----------------------------------------------------------------------------|-------|-------------|-------|-------|-------|-------|--------|-----------
POST     POST /notifications [EMAIL]                                                      868     0(0.00%) |    608     165    3303    550 |   35.00        0.00
--------|----------------------------------------------------------------------------|-------|-------------|-------|-------|-------|-------|--------|-----------
         Aggregated                                                                       868     0(0.00%) |    608     165    3303    550 |   35.00        0.00

Type     Name                                                                          # reqs      # fails |    Avg     Min     Max    Med |   req/s  failures/s
--------|----------------------------------------------------------------------------|-------|-------------|-------|-------|-------|-------|--------|-----------
POST     POST /notifications [EMAIL]                                                      935     0(0.00%) |    606     165    3303    550 |   34.20        0.00
--------|----------------------------------------------------------------------------|-------|-------------|-------|-------|-------|-------|--------|-----------
         Aggregated                                                                       935     0(0.00%) |    606     165    3303    550 |   34.20        0.00

Type     Name                                                                          # reqs      # fails |    Avg     Min     Max    Med |   req/s  failures/s
--------|----------------------------------------------------------------------------|-------|-------------|-------|-------|-------|-------|--------|-----------
POST     POST /notifications [EMAIL]                                                      999     0(0.00%) |    606     165    3303    550 |   34.70        0.00
--------|----------------------------------------------------------------------------|-------|-------------|-------|-------|-------|-------|--------|-----------
         Aggregated                                                                       999     0(0.00%) |    606     165    3303    550 |   34.70        0.00

Type     Name                                                                          # reqs      # fails |    Avg     Min     Max    Med |   req/s  failures/s
--------|----------------------------------------------------------------------------|-------|-------------|-------|-------|-------|-------|--------|-----------
POST     POST /notifications [EMAIL]                                                     1059     0(0.00%) |    599     165    3303    550 |   33.00        0.00
--------|----------------------------------------------------------------------------|-------|-------------|-------|-------|-------|-------|--------|-----------
         Aggregated                                                                      1059     0(0.00%) |    599     165    3303    550 |   33.00        0.00

Type     Name                                                                          # reqs      # fails |    Avg     Min     Max    Med |   req/s  failures/s
--------|----------------------------------------------------------------------------|-------|-------------|-------|-------|-------|-------|--------|-----------
POST     POST /notifications [EMAIL]                                                     1121     0(0.00%) |    604     165    3303    550 |   34.10        0.00
--------|----------------------------------------------------------------------------|-------|-------------|-------|-------|-------|-------|--------|-----------
         Aggregated                                                                      1121     0(0.00%) |    604     165    3303    550 |   34.10        0.00

Type     Name                                                                          # reqs      # fails |    Avg     Min     Max    Med |   req/s  failures/s
--------|----------------------------------------------------------------------------|-------|-------------|-------|-------|-------|-------|--------|-----------
POST     POST /notifications [EMAIL]                                                     1175     0(0.00%) |    608     165    3303    550 |   32.30        0.00
--------|----------------------------------------------------------------------------|-------|-------------|-------|-------|-------|-------|--------|-----------
         Aggregated                                                                      1175     0(0.00%) |    608     165    3303    550 |   32.30        0.00

Type     Name                                                                          # reqs      # fails |    Avg     Min     Max    Med |   req/s  failures/s
--------|----------------------------------------------------------------------------|-------|-------------|-------|-------|-------|-------|--------|-----------
POST     POST /notifications [EMAIL]                                                     1235     0(0.00%) |    611     165    3303    560 |   31.10        0.00
--------|----------------------------------------------------------------------------|-------|-------------|-------|-------|-------|-------|--------|-----------
         Aggregated                                                                      1235     0(0.00%) |    611     165    3303    560 |   31.10        0.00

Type     Name                                                                          # reqs      # fails |    Avg     Min     Max    Med |   req/s  failures/s
--------|----------------------------------------------------------------------------|-------|-------------|-------|-------|-------|-------|--------|-----------
POST     POST /notifications [EMAIL]                                                     1292     0(0.00%) |    612     165    3303    560 |   30.80        0.00
--------|----------------------------------------------------------------------------|-------|-------------|-------|-------|-------|-------|--------|-----------
         Aggregated                                                                      1292     0(0.00%) |    612     165    3303    560 |   30.80        0.00

Type     Name                                                                          # reqs      # fails |    Avg     Min     Max    Med |   req/s  failures/s
--------|----------------------------------------------------------------------------|-------|-------------|-------|-------|-------|-------|--------|-----------
POST     POST /notifications [EMAIL]                                                     1348     0(0.00%) |    614     165    3303    570 |   30.50        0.00
--------|----------------------------------------------------------------------------|-------|-------------|-------|-------|-------|-------|--------|-----------
         Aggregated                                                                      1348     0(0.00%) |    614     165    3303    570 |   30.50        0.00

Type     Name                                                                          # reqs      # fails |    Avg     Min     Max    Med |   req/s  failures/s
--------|----------------------------------------------------------------------------|-------|-------------|-------|-------|-------|-------|--------|-----------
POST     POST /notifications [EMAIL]                                                     1405     0(0.00%) |    618     165    3303    570 |   28.70        0.00
--------|----------------------------------------------------------------------------|-------|-------------|-------|-------|-------|-------|--------|-----------
         Aggregated                                                                      1405     0(0.00%) |    618     165    3303    570 |   28.70        0.00

Type     Name                                                                          # reqs      # fails |    Avg     Min     Max    Med |   req/s  failures/s
--------|----------------------------------------------------------------------------|-------|-------------|-------|-------|-------|-------|--------|-----------
POST     POST /notifications [EMAIL]                                                     1464     0(0.00%) |    618     165    3303    580 |   29.00        0.00
--------|----------------------------------------------------------------------------|-------|-------------|-------|-------|-------|-------|--------|-----------
         Aggregated                                                                      1464     0(0.00%) |    618     165    3303    580 |   29.00        0.00

Type     Name                                                                          # reqs      # fails |    Avg     Min     Max    Med |   req/s  failures/s
--------|----------------------------------------------------------------------------|-------|-------------|-------|-------|-------|-------|--------|-----------
POST     POST /notifications [EMAIL]                                                     1518     0(0.00%) |    622     165    3303    580 |   29.00        0.00
--------|----------------------------------------------------------------------------|-------|-------------|-------|-------|-------|-------|--------|-----------
         Aggregated                                                                      1518     0(0.00%) |    622     165    3303    580 |   29.00        0.00

Type     Name                                                                          # reqs      # fails |    Avg     Min     Max    Med |   req/s  failures/s
--------|----------------------------------------------------------------------------|-------|-------------|-------|-------|-------|-------|--------|-----------
POST     POST /notifications [EMAIL]                                                     1565     0(0.00%) |    627     165    3303    590 |   28.50        0.00
--------|----------------------------------------------------------------------------|-------|-------------|-------|-------|-------|-------|--------|-----------
         Aggregated                                                                      1565     0(0.00%) |    627     165    3303    590 |   28.50        0.00

Type     Name                                                                          # reqs      # fails |    Avg     Min     Max    Med |   req/s  failures/s
--------|----------------------------------------------------------------------------|-------|-------------|-------|-------|-------|-------|--------|-----------
POST     POST /notifications [EMAIL]                                                     1620     0(0.00%) |    630     165    3303    590 |   28.30        0.00
--------|----------------------------------------------------------------------------|-------|-------------|-------|-------|-------|-------|--------|-----------
         Aggregated                                                                      1620     0(0.00%) |    630     165    3303    590 |   28.30        0.00

Type     Name                                                                          # reqs      # fails |    Avg     Min     Max    Med |   req/s  failures/s
--------|----------------------------------------------------------------------------|-------|-------------|-------|-------|-------|-------|--------|-----------
POST     POST /notifications [EMAIL]                                                     1681     0(0.00%) |    631     165    3303    600 |   27.10        0.00
--------|----------------------------------------------------------------------------|-------|-------------|-------|-------|-------|-------|--------|-----------
         Aggregated                                                                      1681     0(0.00%) |    631     165    3303    600 |   27.10        0.00

Type     Name                                                                          # reqs      # fails |    Avg     Min     Max    Med |   req/s  failures/s
--------|----------------------------------------------------------------------------|-------|-------------|-------|-------|-------|-------|--------|-----------
POST     POST /notifications [EMAIL]                                                     1727     0(0.00%) |    636     165    3303    600 |   26.70        0.00
--------|----------------------------------------------------------------------------|-------|-------------|-------|-------|-------|-------|--------|-----------
         Aggregated                                                                      1727     0(0.00%) |    636     165    3303    600 |   26.70        0.00

Type     Name                                                                          # reqs      # fails |    Avg     Min     Max    Med |   req/s  failures/s
--------|----------------------------------------------------------------------------|-------|-------------|-------|-------|-------|-------|--------|-----------
POST     POST /notifications [EMAIL]                                                     1774     0(0.00%) |    638     165    3303    600 |   26.60        0.00
--------|----------------------------------------------------------------------------|-------|-------------|-------|-------|-------|-------|--------|-----------
         Aggregated                                                                      1774     0(0.00%) |    638     165    3303    600 |   26.60        0.00

Type     Name                                                                          # reqs      # fails |    Avg     Min     Max    Med |   req/s  failures/s
--------|----------------------------------------------------------------------------|-------|-------------|-------|-------|-------|-------|--------|-----------
POST     POST /notifications [EMAIL]                                                     1810     0(0.00%) |    643     165    3303    610 |   25.50        0.00
--------|----------------------------------------------------------------------------|-------|-------------|-------|-------|-------|-------|--------|-----------
         Aggregated                                                                      1810     0(0.00%) |    643     165    3303    610 |   25.50        0.00

Type     Name                                                                          # reqs      # fails |    Avg     Min     Max    Med |   req/s  failures/s
--------|----------------------------------------------------------------------------|-------|-------------|-------|-------|-------|-------|--------|-----------
POST     POST /notifications [EMAIL]                                                     1854     0(0.00%) |    653     165    3303    620 |   24.50        0.00
--------|----------------------------------------------------------------------------|-------|-------------|-------|-------|-------|-------|--------|-----------
         Aggregated                                                                      1854     0(0.00%) |    653     165    3303    620 |   24.50        0.00

Type     Name                                                                          # reqs      # fails |    Avg     Min     Max    Med |   req/s  failures/s
--------|----------------------------------------------------------------------------|-------|-------------|-------|-------|-------|-------|--------|-----------
POST     POST /notifications [EMAIL]                                                     1893     0(0.00%) |    660     165    3303    620 |   23.90        0.00
--------|----------------------------------------------------------------------------|-------|-------------|-------|-------|-------|-------|--------|-----------
         Aggregated                                                                      1893     0(0.00%) |    660     165    3303    620 |   23.90        0.00

Type     Name                                                                          # reqs      # fails |    Avg     Min     Max    Med |   req/s  failures/s
--------|----------------------------------------------------------------------------|-------|-------------|-------|-------|-------|-------|--------|-----------
POST     POST /notifications [EMAIL]                                                     1943     0(0.00%) |    665     165    3303    630 |   22.20        0.00
--------|----------------------------------------------------------------------------|-------|-------------|-------|-------|-------|-------|--------|-----------
         Aggregated                                                                      1943     0(0.00%) |    665     165    3303    630 |   22.20        0.00

Type     Name                                                                          # reqs      # fails |    Avg     Min     Max    Med |   req/s  failures/s
--------|----------------------------------------------------------------------------|-------|-------------|-------|-------|-------|-------|--------|-----------
POST     POST /notifications [EMAIL]                                                     1983     0(0.00%) |    668     165    3303    630 |   20.70        0.00
--------|----------------------------------------------------------------------------|-------|-------------|-------|-------|-------|-------|--------|-----------
         Aggregated                                                                      1983     0(0.00%) |    668     165    3303    630 |   20.70        0.00

Type     Name                                                                          # reqs      # fails |    Avg     Min     Max    Med |   req/s  failures/s
--------|----------------------------------------------------------------------------|-------|-------------|-------|-------|-------|-------|--------|-----------
POST     POST /notifications [EMAIL]                                                     2031     0(0.00%) |    674     165    3303    640 |   21.60        0.00
--------|----------------------------------------------------------------------------|-------|-------------|-------|-------|-------|-------|--------|-----------
         Aggregated                                                                      2031     0(0.00%) |    674     165    3303    640 |   21.60        0.00

Type     Name                                                                          # reqs      # fails |    Avg     Min     Max    Med |   req/s  failures/s
--------|----------------------------------------------------------------------------|-------|-------------|-------|-------|-------|-------|--------|-----------
POST     POST /notifications [EMAIL]                                                     2068     0(0.00%) |    678     165    3303    650 |   21.30        0.00
--------|----------------------------------------------------------------------------|-------|-------------|-------|-------|-------|-------|--------|-----------
         Aggregated                                                                      2068     0(0.00%) |    678     165    3303    650 |   21.30        0.00

Type     Name                                                                          # reqs      # fails |    Avg     Min     Max    Med |   req/s  failures/s
--------|----------------------------------------------------------------------------|-------|-------------|-------|-------|-------|-------|--------|-----------
POST     POST /notifications [EMAIL]                                                     2115     0(0.00%) |    685     165    3303    650 |   21.30        0.00
--------|----------------------------------------------------------------------------|-------|-------------|-------|-------|-------|-------|--------|-----------
         Aggregated                                                                      2115     0(0.00%) |    685     165    3303    650 |   21.30        0.00

Type     Name                                                                          # reqs      # fails |    Avg     Min     Max    Med |   req/s  failures/s
--------|----------------------------------------------------------------------------|-------|-------------|-------|-------|-------|-------|--------|-----------
POST     POST /notifications [EMAIL]                                                     2161     0(0.00%) |    687     165    3303    660 |   22.00        0.00
--------|----------------------------------------------------------------------------|-------|-------------|-------|-------|-------|-------|--------|-----------
         Aggregated                                                                      2161     0(0.00%) |    687     165    3303    660 |   22.00        0.00

Type     Name                                                                          # reqs      # fails |    Avg     Min     Max    Med |   req/s  failures/s
--------|----------------------------------------------------------------------------|-------|-------------|-------|-------|-------|-------|--------|-----------
POST     POST /notifications [EMAIL]                                                     2209     0(0.00%) |    688     165    3303    660 |   22.60        0.00
--------|----------------------------------------------------------------------------|-------|-------------|-------|-------|-------|-------|--------|-----------
         Aggregated                                                                      2209     0(0.00%) |    688     165    3303    660 |   22.60        0.00

Type     Name                                                                          # reqs      # fails |    Avg     Min     Max    Med |   req/s  failures/s
--------|----------------------------------------------------------------------------|-------|-------------|-------|-------|-------|-------|--------|-----------
POST     POST /notifications [EMAIL]                                                     2248     0(0.00%) |    692     165    3303    670 |   21.80        0.00
--------|----------------------------------------------------------------------------|-------|-------------|-------|-------|-------|-------|--------|-----------
         Aggregated                                                                      2248     0(0.00%) |    692     165    3303    670 |   21.80        0.00

Type     Name                                                                          # reqs      # fails |    Avg     Min     Max    Med |   req/s  failures/s
--------|----------------------------------------------------------------------------|-------|-------------|-------|-------|-------|-------|--------|-----------
POST     POST /notifications [EMAIL]                                                     2293     0(0.00%) |    697     165    3303    670 |   22.30        0.00
--------|----------------------------------------------------------------------------|-------|-------------|-------|-------|-------|-------|--------|-----------
         Aggregated                                                                      2293     0(0.00%) |    697     165    3303    670 |   22.30        0.00

Type     Name                                                                          # reqs      # fails |    Avg     Min     Max    Med |   req/s  failures/s
--------|----------------------------------------------------------------------------|-------|-------------|-------|-------|-------|-------|--------|-----------
POST     POST /notifications [EMAIL]                                                     2333     0(0.00%) |    701     165    3303    670 |   22.70        0.00
--------|----------------------------------------------------------------------------|-------|-------------|-------|-------|-------|-------|--------|-----------
         Aggregated                                                                      2333     0(0.00%) |    701     165    3303    670 |   22.70        0.00

Type     Name                                                                          # reqs      # fails |    Avg     Min     Max    Med |   req/s  failures/s
--------|----------------------------------------------------------------------------|-------|-------------|-------|-------|-------|-------|--------|-----------
POST     POST /notifications [EMAIL]                                                     2374     0(0.00%) |    704     165    3303    670 |   22.00        0.00
--------|----------------------------------------------------------------------------|-------|-------------|-------|-------|-------|-------|--------|-----------
         Aggregated                                                                      2374     0(0.00%) |    704     165    3303    670 |   22.00        0.00

Type     Name                                                                          # reqs      # fails |    Avg     Min     Max    Med |   req/s  failures/s
--------|----------------------------------------------------------------------------|-------|-------------|-------|-------|-------|-------|--------|-----------
POST     POST /notifications [EMAIL]                                                     2419     0(0.00%) |    710     165    3303    680 |   21.70        0.00
--------|----------------------------------------------------------------------------|-------|-------------|-------|-------|-------|-------|--------|-----------
         Aggregated                                                                      2419     0(0.00%) |    710     165    3303    680 |   21.70        0.00

Type     Name                                                                          # reqs      # fails |    Avg     Min     Max    Med |   req/s  failures/s
--------|----------------------------------------------------------------------------|-------|-------------|-------|-------|-------|-------|--------|-----------
POST     POST /notifications [EMAIL]                                                     2456     0(0.00%) |    716     165    3303    680 |   21.20        0.00
--------|----------------------------------------------------------------------------|-------|-------------|-------|-------|-------|-------|--------|-----------
         Aggregated                                                                      2456     0(0.00%) |    716     165    3303    680 |   21.20        0.00

Type     Name                                                                          # reqs      # fails |    Avg     Min     Max    Med |   req/s  failures/s
--------|----------------------------------------------------------------------------|-------|-------------|-------|-------|-------|-------|--------|-----------
POST     POST /notifications [EMAIL]                                                     2507     0(0.00%) |    718     165    3303    690 |   20.10        0.00
--------|----------------------------------------------------------------------------|-------|-------------|-------|-------|-------|-------|--------|-----------
         Aggregated                                                                      2507     0(0.00%) |    718     165    3303    690 |   20.10        0.00

Type     Name                                                                          # reqs      # fails |    Avg     Min     Max    Med |   req/s  failures/s
--------|----------------------------------------------------------------------------|-------|-------------|-------|-------|-------|-------|--------|-----------
POST     POST /notifications [EMAIL]                                                     2546     0(0.00%) |    721     165    3303    690 |   20.60        0.00
--------|----------------------------------------------------------------------------|-------|-------------|-------|-------|-------|-------|--------|-----------
         Aggregated                                                                      2546     0(0.00%) |    721     165    3303    690 |   20.60        0.00

Type     Name                                                                          # reqs      # fails |    Avg     Min     Max    Med |   req/s  failures/s
--------|----------------------------------------------------------------------------|-------|-------------|-------|-------|-------|-------|--------|-----------
POST     POST /notifications [EMAIL]                                                     2589     0(0.00%) |    724     165    3303    690 |   21.00        0.00
--------|----------------------------------------------------------------------------|-------|-------------|-------|-------|-------|-------|--------|-----------
         Aggregated                                                                      2589     0(0.00%) |    724     165    3303    690 |   21.00        0.00

Type     Name                                                                          # reqs      # fails |    Avg     Min     Max    Med |   req/s  failures/s
--------|----------------------------------------------------------------------------|-------|-------------|-------|-------|-------|-------|--------|-----------
POST     POST /notifications [EMAIL]                                                     2627     0(0.00%) |    728     165    3303    700 |   21.00        0.00
--------|----------------------------------------------------------------------------|-------|-------------|-------|-------|-------|-------|--------|-----------
         Aggregated                                                                      2627     0(0.00%) |    728     165    3303    700 |   21.00        0.00

Type     Name                                                                          # reqs      # fails |    Avg     Min     Max    Med |   req/s  failures/s
--------|----------------------------------------------------------------------------|-------|-------------|-------|-------|-------|-------|--------|-----------
POST     POST /notifications [EMAIL]                                                     2655     0(0.00%) |    733     165    3303    700 |   20.70        0.00
--------|----------------------------------------------------------------------------|-------|-------------|-------|-------|-------|-------|--------|-----------
         Aggregated                                                                      2655     0(0.00%) |    733     165    3303    700 |   20.70        0.00

Type     Name                                                                          # reqs      # fails |    Avg     Min     Max    Med |   req/s  failures/s
--------|----------------------------------------------------------------------------|-------|-------------|-------|-------|-------|-------|--------|-----------
POST     POST /notifications [EMAIL]                                                     2692     0(0.00%) |    740     165    3303    710 |   20.90        0.00
--------|----------------------------------------------------------------------------|-------|-------------|-------|-------|-------|-------|--------|-----------
         Aggregated                                                                      2692     0(0.00%) |    740     165    3303    710 |   20.90        0.00

Type     Name                                                                          # reqs      # fails |    Avg     Min     Max    Med |   req/s  failures/s
--------|----------------------------------------------------------------------------|-------|-------------|-------|-------|-------|-------|--------|-----------
POST     POST /notifications [EMAIL]                                                     2729     0(0.00%) |    744     165    3303    710 |   19.00        0.00
--------|----------------------------------------------------------------------------|-------|-------------|-------|-------|-------|-------|--------|-----------
         Aggregated                                                                      2729     0(0.00%) |    744     165    3303    710 |   19.00        0.00

Type     Name                                                                          # reqs      # fails |    Avg     Min     Max    Med |   req/s  failures/s
--------|----------------------------------------------------------------------------|-------|-------------|-------|-------|-------|-------|--------|-----------
POST     POST /notifications [EMAIL]                                                     2768     0(0.00%) |    748     165    3303    710 |   17.80        0.00
--------|----------------------------------------------------------------------------|-------|-------------|-------|-------|-------|-------|--------|-----------
         Aggregated                                                                      2768     0(0.00%) |    748     165    3303    710 |   17.80        0.00

Type     Name                                                                          # reqs      # fails |    Avg     Min     Max    Med |   req/s  failures/s
--------|----------------------------------------------------------------------------|-------|-------------|-------|-------|-------|-------|--------|-----------
POST     POST /notifications [EMAIL]                                                     2809     0(0.00%) |    748     165    3303    720 |   18.00        0.00
--------|----------------------------------------------------------------------------|-------|-------------|-------|-------|-------|-------|--------|-----------
         Aggregated                                                                      2809     0(0.00%) |    748     165    3303    720 |   18.00        0.00

Type     Name                                                                          # reqs      # fails |    Avg     Min     Max    Med |   req/s  failures/s
--------|----------------------------------------------------------------------------|-------|-------------|-------|-------|-------|-------|--------|-----------
POST     POST /notifications [EMAIL]                                                     2854     0(0.00%) |    751     165    3303    720 |   19.20        0.00
--------|----------------------------------------------------------------------------|-------|-------------|-------|-------|-------|-------|--------|-----------
         Aggregated                                                                      2854     0(0.00%) |    751     165    3303    720 |   19.20        0.00

Type     Name                                                                          # reqs      # fails |    Avg     Min     Max    Med |   req/s  failures/s
--------|----------------------------------------------------------------------------|-------|-------------|-------|-------|-------|-------|--------|-----------
POST     POST /notifications [EMAIL]                                                     2890     0(0.00%) |    756     165    3303    720 |   19.00        0.00
--------|----------------------------------------------------------------------------|-------|-------------|-------|-------|-------|-------|--------|-----------
         Aggregated                                                                      2890     0(0.00%) |    756     165    3303    720 |   19.00        0.00

Type     Name                                                                          # reqs      # fails |    Avg     Min     Max    Med |   req/s  failures/s
--------|----------------------------------------------------------------------------|-------|-------------|-------|-------|-------|-------|--------|-----------
POST     POST /notifications [EMAIL]                                                     2929     0(0.00%) |    757     165    3303    720 |   19.80        0.00
--------|----------------------------------------------------------------------------|-------|-------------|-------|-------|-------|-------|--------|-----------
         Aggregated                                                                      2929     0(0.00%) |    757     165    3303    720 |   19.80        0.00

Type     Name                                                                          # reqs      # fails |    Avg     Min     Max    Med |   req/s  failures/s
--------|----------------------------------------------------------------------------|-------|-------------|-------|-------|-------|-------|--------|-----------
POST     POST /notifications [EMAIL]                                                     2979     0(0.00%) |    760     165    3303    730 |   21.10        0.00
--------|----------------------------------------------------------------------------|-------|-------------|-------|-------|-------|-------|--------|-----------
         Aggregated                                                                      2979     0(0.00%) |    760     165    3303    730 |   21.10        0.00

Type     Name                                                                          # reqs      # fails |    Avg     Min     Max    Med |   req/s  failures/s
--------|----------------------------------------------------------------------------|-------|-------------|-------|-------|-------|-------|--------|-----------
POST     POST /notifications [EMAIL]                                                     3013     0(0.00%) |    761     165    3303    730 |   20.20        0.00
--------|----------------------------------------------------------------------------|-------|-------------|-------|-------|-------|-------|--------|-----------
         Aggregated                                                                      3013     0(0.00%) |    761     165    3303    730 |   20.20        0.00

[2026-04-21 09:36:09,043] ip-10-0-1-128/INFO/locust.runners: Shape test updating to 400 users at 80.00 spawn rate
[2026-04-21 09:36:09,043] ip-10-0-1-128/INFO/locust.runners: Ramping to 400 users at a rate of 80.00 per second
Type     Name                                                                          # reqs      # fails |    Avg     Min     Max    Med |   req/s  failures/s
--------|----------------------------------------------------------------------------|-------|-------------|-------|-------|-------|-------|--------|-----------
POST     POST /notifications [EMAIL]                                                     3058     0(0.00%) |    769     165    3303    740 |   19.80        0.00
--------|----------------------------------------------------------------------------|-------|-------------|-------|-------|-------|-------|--------|-----------
         Aggregated                                                                      3058     0(0.00%) |    769     165    3303    740 |   19.80        0.00

Type     Name                                                                          # reqs      # fails |    Avg     Min     Max    Med |   req/s  failures/s
--------|----------------------------------------------------------------------------|-------|-------------|-------|-------|-------|-------|--------|-----------
POST     POST /notifications [EMAIL]                                                     3097     0(0.00%) |    787     165    3708    740 |   20.30        0.00
--------|----------------------------------------------------------------------------|-------|-------------|-------|-------|-------|-------|--------|-----------
         Aggregated                                                                      3097     0(0.00%) |    787     165    3708    740 |   20.30        0.00

[2026-04-21 09:36:13,054] ip-10-0-1-128/INFO/locust.runners: All users spawned: {"NotificationUser": 400} (400 total users)
Type     Name                                                                          # reqs      # fails |    Avg     Min     Max    Med |   req/s  failures/s
--------|----------------------------------------------------------------------------|-------|-------------|-------|-------|-------|-------|--------|-----------
POST     POST /notifications [EMAIL]                                                     3142     0(0.00%) |    827     165    4886    750 |   20.50        0.00
--------|----------------------------------------------------------------------------|-------|-------------|-------|-------|-------|-------|--------|-----------
         Aggregated                                                                      3142     0(0.00%) |    827     165    4886    750 |   20.50        0.00

Type     Name                                                                          # reqs      # fails |    Avg     Min     Max    Med |   req/s  failures/s
--------|----------------------------------------------------------------------------|-------|-------------|-------|-------|-------|-------|--------|-----------
POST     POST /notifications [EMAIL]                                                     3185     0(0.00%) |    878     165    6563    750 |   21.30        0.00
--------|----------------------------------------------------------------------------|-------|-------------|-------|-------|-------|-------|--------|-----------
         Aggregated                                                                      3185     0(0.00%) |    878     165    6563    750 |   21.30        0.00

Type     Name                                                                          # reqs      # fails |    Avg     Min     Max    Med |   req/s  failures/s
--------|----------------------------------------------------------------------------|-------|-------------|-------|-------|-------|-------|--------|-----------
POST     POST /notifications [EMAIL]                                                     3230     0(0.00%) |    960     165    8128    760 |   21.40        0.00
--------|----------------------------------------------------------------------------|-------|-------------|-------|-------|-------|-------|--------|-----------
         Aggregated                                                                      3230     0(0.00%) |    960     165    8128    760 |   21.40        0.00

Type     Name                                                                          # reqs      # fails |    Avg     Min     Max    Med |   req/s  failures/s
--------|----------------------------------------------------------------------------|-------|-------------|-------|-------|-------|-------|--------|-----------
POST     POST /notifications [EMAIL]                                                     3278     0(0.00%) |   1063     165   11494    770 |   21.30        0.00
--------|----------------------------------------------------------------------------|-------|-------------|-------|-------|-------|-------|--------|-----------
         Aggregated                                                                      3278     0(0.00%) |   1063     165   11494    770 |   21.30        0.00

Type     Name                                                                          # reqs      # fails |    Avg     Min     Max    Med |   req/s  failures/s
--------|----------------------------------------------------------------------------|-------|-------------|-------|-------|-------|-------|--------|-----------
POST     POST /notifications [EMAIL]                                                     3324     0(0.00%) |   1186     165   13048    770 |   22.50        0.00
--------|----------------------------------------------------------------------------|-------|-------------|-------|-------|-------|-------|--------|-----------
         Aggregated                                                                      3324     0(0.00%) |   1186     165   13048    770 |   22.50        0.00

Type     Name                                                                          # reqs      # fails |    Avg     Min     Max    Med |   req/s  failures/s
--------|----------------------------------------------------------------------------|-------|-------------|-------|-------|-------|-------|--------|-----------
POST     POST /notifications [EMAIL]                                                     3372     0(0.00%) |   1330     165   14785    780 |   22.70        0.00
--------|----------------------------------------------------------------------------|-------|-------------|-------|-------|-------|-------|--------|-----------
         Aggregated                                                                      3372     0(0.00%) |   1330     165   14785    780 |   22.70        0.00

Type     Name                                                                          # reqs      # fails |    Avg     Min     Max    Med |   req/s  failures/s
--------|----------------------------------------------------------------------------|-------|-------------|-------|-------|-------|-------|--------|-----------
POST     POST /notifications [EMAIL]                                                     3409     0(0.00%) |   1435     165   16035    780 |   21.60        0.00
--------|----------------------------------------------------------------------------|-------|-------------|-------|-------|-------|-------|--------|-----------
         Aggregated                                                                      3409     0(0.00%) |   1435     165   16035    780 |   21.60        0.00

Type     Name                                                                          # reqs      # fails |    Avg     Min     Max    Med |   req/s  failures/s
--------|----------------------------------------------------------------------------|-------|-------------|-------|-------|-------|-------|--------|-----------
POST     POST /notifications [EMAIL]                                                     3456     0(0.00%) |   1579     165   19637    790 |   22.60        0.00
--------|----------------------------------------------------------------------------|-------|-------------|-------|-------|-------|-------|--------|-----------
         Aggregated                                                                      3456     0(0.00%) |   1579     165   19637    790 |   22.60        0.00

Type     Name                                                                          # reqs      # fails |    Avg     Min     Max    Med |   req/s  failures/s
--------|----------------------------------------------------------------------------|-------|-------------|-------|-------|-------|-------|--------|-----------
POST     POST /notifications [EMAIL]                                                     3510     0(0.00%) |   1777     165   21478    790 |   22.70        0.00
--------|----------------------------------------------------------------------------|-------|-------------|-------|-------|-------|-------|--------|-----------
         Aggregated                                                                      3510     0(0.00%) |   1777     165   21478    790 |   22.70        0.00

Type     Name                                                                          # reqs      # fails |    Avg     Min     Max    Med |   req/s  failures/s
--------|----------------------------------------------------------------------------|-------|-------------|-------|-------|-------|-------|--------|-----------
POST     POST /notifications [EMAIL]                                                     3550     0(0.00%) |   1924     165   22275    800 |   22.40        0.00
--------|----------------------------------------------------------------------------|-------|-------------|-------|-------|-------|-------|--------|-----------
         Aggregated                                                                      3550     0(0.00%) |   1924     165   22275    800 |   22.40        0.00

Type     Name                                                                          # reqs      # fails |    Avg     Min     Max    Med |   req/s  failures/s
--------|----------------------------------------------------------------------------|-------|-------------|-------|-------|-------|-------|--------|-----------
POST     POST /notifications [EMAIL]                                                     3590     0(0.00%) |   2073     165   23936    800 |   23.40        0.00
--------|----------------------------------------------------------------------------|-------|-------------|-------|-------|-------|-------|--------|-----------
         Aggregated                                                                      3590     0(0.00%) |   2073     165   23936    800 |   23.40        0.00

Type     Name                                                                          # reqs      # fails |    Avg     Min     Max    Med |   req/s  failures/s
--------|----------------------------------------------------------------------------|-------|-------------|-------|-------|-------|-------|--------|-----------
POST     POST /notifications [EMAIL]                                                     3640     0(0.00%) |   2244     165   25208    810 |   22.70        0.00
--------|----------------------------------------------------------------------------|-------|-------------|-------|-------|-------|-------|--------|-----------
         Aggregated                                                                      3640     0(0.00%) |   2244     165   25208    810 |   22.70        0.00

Type     Name                                                                          # reqs      # fails |    Avg     Min     Max    Med |   req/s  failures/s
--------|----------------------------------------------------------------------------|-------|-------------|-------|-------|-------|-------|--------|-----------
POST     POST /notifications [EMAIL]                                                     3680     0(0.00%) |   2396     165   29615    810 |   22.90        0.00
--------|----------------------------------------------------------------------------|-------|-------------|-------|-------|-------|-------|--------|-----------
         Aggregated                                                                      3680     0(0.00%) |   2396     165   29615    810 |   22.90        0.00

Type     Name                                                                          # reqs      # fails |    Avg     Min     Max    Med |   req/s  failures/s
--------|----------------------------------------------------------------------------|-------|-------------|-------|-------|-------|-------|--------|-----------
POST     POST /notifications [EMAIL]                                                     3740    18(0.48%) |   2681     165   30545    820 |   22.20        0.00
--------|----------------------------------------------------------------------------|-------|-------------|-------|-------|-------|-------|--------|-----------
         Aggregated                                                                      3740    18(0.48%) |   2681     165   30545    820 |   22.20        0.00

Type     Name                                                                          # reqs      # fails |    Avg     Min     Max    Med |   req/s  failures/s
--------|----------------------------------------------------------------------------|-------|-------------|-------|-------|-------|-------|--------|-----------
POST     POST /notifications [EMAIL]                                                     3786    25(0.66%) |   2833     165   31664    820 |   22.30        0.50
--------|----------------------------------------------------------------------------|-------|-------------|-------|-------|-------|-------|--------|-----------
         Aggregated                                                                      3786    25(0.66%) |   2833     165   31664    820 |   22.30        0.50

Type     Name                                                                          # reqs      # fails |    Avg     Min     Max    Med |   req/s  failures/s
--------|----------------------------------------------------------------------------|-------|-------------|-------|-------|-------|-------|--------|-----------
POST     POST /notifications [EMAIL]                                                     3836    26(0.68%) |   3022     165   32924    830 |   22.90        2.40
--------|----------------------------------------------------------------------------|-------|-------------|-------|-------|-------|-------|--------|-----------
         Aggregated                                                                      3836    26(0.68%) |   3022     165   32924    830 |   22.90        2.40

Type     Name                                                                          # reqs      # fails |    Avg     Min     Max    Med |   req/s  failures/s
--------|----------------------------------------------------------------------------|-------|-------------|-------|-------|-------|-------|--------|-----------
POST     POST /notifications [EMAIL]                                                     3881    29(0.75%) |   3174     165   34743    830 |   24.70        2.50
--------|----------------------------------------------------------------------------|-------|-------------|-------|-------|-------|-------|--------|-----------
         Aggregated                                                                      3881    29(0.75%) |   3174     165   34743    830 |   24.70        2.50

Type     Name                                                                          # reqs      # fails |    Avg     Min     Max    Med |   req/s  failures/s
--------|----------------------------------------------------------------------------|-------|-------------|-------|-------|-------|-------|--------|-----------
POST     POST /notifications [EMAIL]                                                     3937    33(0.84%) |   3329     165   35923    840 |   24.50        2.80
--------|----------------------------------------------------------------------------|-------|-------------|-------|-------|-------|-------|--------|-----------
         Aggregated                                                                      3937    33(0.84%) |   3329     165   35923    840 |   24.50        2.80

Type     Name                                                                          # reqs      # fails |    Avg     Min     Max    Med |   req/s  failures/s
--------|----------------------------------------------------------------------------|-------|-------------|-------|-------|-------|-------|--------|-----------
POST     POST /notifications [EMAIL]                                                     3980    35(0.88%) |   3480     165   36512    850 |   25.20        3.10
--------|----------------------------------------------------------------------------|-------|-------------|-------|-------|-------|-------|--------|-----------
         Aggregated                                                                      3980    35(0.88%) |   3480     165   36512    850 |   25.20        3.10

Type     Name                                                                          # reqs      # fails |    Avg     Min     Max    Med |   req/s  failures/s
--------|----------------------------------------------------------------------------|-------|-------------|-------|-------|-------|-------|--------|-----------
POST     POST /notifications [EMAIL]                                                     4023    38(0.94%) |   3619     165   38757    850 |   25.00        3.00
--------|----------------------------------------------------------------------------|-------|-------------|-------|-------|-------|-------|--------|-----------
         Aggregated                                                                      4023    38(0.94%) |   3619     165   38757    850 |   25.00        3.00

Type     Name                                                                          # reqs      # fails |    Avg     Min     Max    Med |   req/s  failures/s
--------|----------------------------------------------------------------------------|-------|-------------|-------|-------|-------|-------|--------|-----------
POST     POST /notifications [EMAIL]                                                     4077    43(1.05%) |   3777     165   39169    860 |   24.30        1.20
--------|----------------------------------------------------------------------------|-------|-------------|-------|-------|-------|-------|--------|-----------
         Aggregated                                                                      4077    43(1.05%) |   3777     165   39169    860 |   24.30        1.20

Type     Name                                                                          # reqs      # fails |    Avg     Min     Max    Med |   req/s  failures/s
--------|----------------------------------------------------------------------------|-------|-------------|-------|-------|-------|-------|--------|-----------
POST     POST /notifications [EMAIL]                                                     4117    43(1.04%) |   3864     165   39169    860 |   24.00        1.70
--------|----------------------------------------------------------------------------|-------|-------------|-------|-------|-------|-------|--------|-----------
         Aggregated                                                                      4117    43(1.04%) |   3864     165   39169    860 |   24.00        1.70

Type     Name                                                                          # reqs      # fails |    Avg     Min     Max    Med |   req/s  failures/s
--------|----------------------------------------------------------------------------|-------|-------------|-------|-------|-------|-------|--------|-----------
POST     POST /notifications [EMAIL]                                                     4165    47(1.13%) |   4053     165   39169    870 |   23.30        1.50
--------|----------------------------------------------------------------------------|-------|-------------|-------|-------|-------|-------|--------|-----------
         Aggregated                                                                      4165    47(1.13%) |   4053     165   39169    870 |   23.30        1.50

Type     Name                                                                          # reqs      # fails |    Avg     Min     Max    Med |   req/s  failures/s
--------|----------------------------------------------------------------------------|-------|-------------|-------|-------|-------|-------|--------|-----------
POST     POST /notifications [EMAIL]                                                     4216    52(1.23%) |   4203     165   39169    870 |   23.40        1.20
--------|----------------------------------------------------------------------------|-------|-------------|-------|-------|-------|-------|--------|-----------
         Aggregated                                                                      4216    52(1.23%) |   4203     165   39169    870 |   23.40        1.20

Type     Name                                                                          # reqs      # fails |    Avg     Min     Max    Med |   req/s  failures/s
--------|----------------------------------------------------------------------------|-------|-------------|-------|-------|-------|-------|--------|-----------
POST     POST /notifications [EMAIL]                                                     4258    55(1.29%) |   4330     165   39169    880 |   23.60        1.70
--------|----------------------------------------------------------------------------|-------|-------------|-------|-------|-------|-------|--------|-----------
         Aggregated                                                                      4258    55(1.29%) |   4330     165   39169    880 |   23.60        1.70

Type     Name                                                                          # reqs      # fails |    Avg     Min     Max    Med |   req/s  failures/s
--------|----------------------------------------------------------------------------|-------|-------------|-------|-------|-------|-------|--------|-----------
POST     POST /notifications [EMAIL]                                                     4310    60(1.39%) |   4508     165   39169    880 |   22.70        1.80
--------|----------------------------------------------------------------------------|-------|-------------|-------|-------|-------|-------|--------|-----------
         Aggregated                                                                      4310    60(1.39%) |   4508     165   39169    880 |   22.70        1.80

Type     Name                                                                          # reqs      # fails |    Avg     Min     Max    Med |   req/s  failures/s
--------|----------------------------------------------------------------------------|-------|-------------|-------|-------|-------|-------|--------|-----------
POST     POST /notifications [EMAIL]                                                     4357    65(1.49%) |   4648     165   39169    890 |   23.00        1.40
--------|----------------------------------------------------------------------------|-------|-------------|-------|-------|-------|-------|--------|-----------
         Aggregated                                                                      4357    65(1.49%) |   4648     165   39169    890 |   23.00        1.40

Type     Name                                                                          # reqs      # fails |    Avg     Min     Max    Med |   req/s  failures/s
--------|----------------------------------------------------------------------------|-------|-------------|-------|-------|-------|-------|--------|-----------
POST     POST /notifications [EMAIL]                                                     4403    66(1.50%) |   4783     165   39169    890 |   23.90        2.00
--------|----------------------------------------------------------------------------|-------|-------------|-------|-------|-------|-------|--------|-----------
         Aggregated                                                                      4403    66(1.50%) |   4783     165   39169    890 |   23.90        2.00

Type     Name                                                                          # reqs      # fails |    Avg     Min     Max    Med |   req/s  failures/s
--------|----------------------------------------------------------------------------|-------|-------------|-------|-------|-------|-------|--------|-----------
POST     POST /notifications [EMAIL]                                                     4460    73(1.64%) |   4955     165   39169    900 |   24.00        2.20
--------|----------------------------------------------------------------------------|-------|-------------|-------|-------|-------|-------|--------|-----------
         Aggregated                                                                      4460    73(1.64%) |   4955     165   39169    900 |   24.00        2.20

Type     Name                                                                          # reqs      # fails |    Avg     Min     Max    Med |   req/s  failures/s
--------|----------------------------------------------------------------------------|-------|-------------|-------|-------|-------|-------|--------|-----------
POST     POST /notifications [EMAIL]                                                     4511    74(1.64%) |   5078     165   39169    910 |   23.30        2.00
--------|----------------------------------------------------------------------------|-------|-------------|-------|-------|-------|-------|--------|-----------
         Aggregated                                                                      4511    74(1.64%) |   5078     165   39169    910 |   23.30        2.00

Type     Name                                                                          # reqs      # fails |    Avg     Min     Max    Med |   req/s  failures/s
--------|----------------------------------------------------------------------------|-------|-------------|-------|-------|-------|-------|--------|-----------
POST     POST /notifications [EMAIL]                                                     4557    77(1.69%) |   5196     165   39169    910 |   24.70        2.00
--------|----------------------------------------------------------------------------|-------|-------------|-------|-------|-------|-------|--------|-----------
         Aggregated                                                                      4557    77(1.69%) |   5196     165   39169    910 |   24.70        2.00

Type     Name                                                                          # reqs      # fails |    Avg     Min     Max    Med |   req/s  failures/s
--------|----------------------------------------------------------------------------|-------|-------------|-------|-------|-------|-------|--------|-----------
POST     POST /notifications [EMAIL]                                                     4608    81(1.76%) |   5312     165   39169    920 |   24.60        1.90
--------|----------------------------------------------------------------------------|-------|-------------|-------|-------|-------|-------|--------|-----------
         Aggregated                                                                      4608    81(1.76%) |   5312     165   39169    920 |   24.60        1.90

Type     Name                                                                          # reqs      # fails |    Avg     Min     Max    Med |   req/s  failures/s
--------|----------------------------------------------------------------------------|-------|-------------|-------|-------|-------|-------|--------|-----------
POST     POST /notifications [EMAIL]                                                     4656    82(1.76%) |   5434     165   39169    930 |   25.10        1.70
--------|----------------------------------------------------------------------------|-------|-------------|-------|-------|-------|-------|--------|-----------
         Aggregated                                                                      4656    82(1.76%) |   5434     165   39169    930 |   25.10        1.70

Type     Name                                                                          # reqs      # fails |    Avg     Min     Max    Med |   req/s  failures/s
--------|----------------------------------------------------------------------------|-------|-------------|-------|-------|-------|-------|--------|-----------
POST     POST /notifications [EMAIL]                                                     4711    87(1.85%) |   5561     165   39169    940 |   24.80        1.60
--------|----------------------------------------------------------------------------|-------|-------------|-------|-------|-------|-------|--------|-----------
         Aggregated                                                                      4711    87(1.85%) |   5561     165   39169    940 |   24.80        1.60

Type     Name                                                                          # reqs      # fails |    Avg     Min     Max    Med |   req/s  failures/s
--------|----------------------------------------------------------------------------|-------|-------------|-------|-------|-------|-------|--------|-----------
POST     POST /notifications [EMAIL]                                                     4764    89(1.87%) |   5663     165   39169    940 |   25.20        1.30
--------|----------------------------------------------------------------------------|-------|-------------|-------|-------|-------|-------|--------|-----------
         Aggregated                                                                      4764    89(1.87%) |   5663     165   39169    940 |   25.20        1.30

Type     Name                                                                          # reqs      # fails |    Avg     Min     Max    Med |   req/s  failures/s
--------|----------------------------------------------------------------------------|-------|-------------|-------|-------|-------|-------|--------|-----------
POST     POST /notifications [EMAIL]                                                     4803    92(1.92%) |   5748     165   39169    950 |   25.00        1.50
--------|----------------------------------------------------------------------------|-------|-------------|-------|-------|-------|-------|--------|-----------
         Aggregated                                                                      4803    92(1.92%) |   5748     165   39169    950 |   25.00        1.50

Type     Name                                                                          # reqs      # fails |    Avg     Min     Max    Med |   req/s  failures/s
--------|----------------------------------------------------------------------------|-------|-------------|-------|-------|-------|-------|--------|-----------
POST     POST /notifications [EMAIL]                                                     4851    92(1.90%) |   5846     165   39169    960 |   25.10        1.60
--------|----------------------------------------------------------------------------|-------|-------------|-------|-------|-------|-------|--------|-----------
         Aggregated                                                                      4851    92(1.90%) |   5846     165   39169    960 |   25.10        1.60

Type     Name                                                                          # reqs      # fails |    Avg     Min     Max    Med |   req/s  failures/s
--------|----------------------------------------------------------------------------|-------|-------------|-------|-------|-------|-------|--------|-----------
POST     POST /notifications [EMAIL]                                                     4892    95(1.94%) |   5944     165   39169    960 |   23.50        1.20
--------|----------------------------------------------------------------------------|-------|-------------|-------|-------|-------|-------|--------|-----------
         Aggregated                                                                      4892    95(1.94%) |   5944     165   39169    960 |   23.50        1.20

Type     Name                                                                          # reqs      # fails |    Avg     Min     Max    Med |   req/s  failures/s
--------|----------------------------------------------------------------------------|-------|-------------|-------|-------|-------|-------|--------|-----------
POST     POST /notifications [EMAIL]                                                     4934    99(2.01%) |   6036     165   39169    970 |   23.80        1.20
--------|----------------------------------------------------------------------------|-------|-------------|-------|-------|-------|-------|--------|-----------
         Aggregated                                                                      4934    99(2.01%) |   6036     165   39169    970 |   23.80        1.20

Type     Name                                                                          # reqs      # fails |    Avg     Min     Max    Med |   req/s  failures/s
--------|----------------------------------------------------------------------------|-------|-------------|-------|-------|-------|-------|--------|-----------
POST     POST /notifications [EMAIL]                                                     4973    99(1.99%) |   6107     165   39169    980 |   23.30        1.20
--------|----------------------------------------------------------------------------|-------|-------------|-------|-------|-------|-------|--------|-----------
         Aggregated                                                                      4973    99(1.99%) |   6107     165   39169    980 |   23.30        1.20

Type     Name                                                                          # reqs      # fails |    Avg     Min     Max    Med |   req/s  failures/s
--------|----------------------------------------------------------------------------|-------|-------------|-------|-------|-------|-------|--------|-----------
POST     POST /notifications [EMAIL]                                                     5019   103(2.05%) |   6213     165   39169    980 |   21.90        1.00
--------|----------------------------------------------------------------------------|-------|-------------|-------|-------|-------|-------|--------|-----------
         Aggregated                                                                      5019   103(2.05%) |   6213     165   39169    980 |   21.90        1.00

Type     Name                                                                          # reqs      # fails |    Avg     Min     Max    Med |   req/s  failures/s
--------|----------------------------------------------------------------------------|-------|-------------|-------|-------|-------|-------|--------|-----------
POST     POST /notifications [EMAIL]                                                     5072   110(2.17%) |   6340     165   39169   1000 |   22.10        1.20
--------|----------------------------------------------------------------------------|-------|-------------|-------|-------|-------|-------|--------|-----------
         Aggregated                                                                      5072   110(2.17%) |   6340     165   39169   1000 |   22.10        1.20

Type     Name                                                                          # reqs      # fails |    Avg     Min     Max    Med |   req/s  failures/s
--------|----------------------------------------------------------------------------|-------|-------------|-------|-------|-------|-------|--------|-----------
POST     POST /notifications [EMAIL]                                                     5119   113(2.21%) |   6434     165   39169   1000 |   22.60        1.40
--------|----------------------------------------------------------------------------|-------|-------------|-------|-------|-------|-------|--------|-----------
         Aggregated                                                                      5119   113(2.21%) |   6434     165   39169   1000 |   22.60        1.40

Type     Name                                                                          # reqs      # fails |    Avg     Min     Max    Med |   req/s  failures/s
--------|----------------------------------------------------------------------------|-------|-------------|-------|-------|-------|-------|--------|-----------
POST     POST /notifications [EMAIL]                                                     5172   118(2.28%) |   6546     165   39169   1000 |   22.60        1.90
--------|----------------------------------------------------------------------------|-------|-------------|-------|-------|-------|-------|--------|-----------
         Aggregated                                                                      5172   118(2.28%) |   6546     165   39169   1000 |   22.60        1.90

Type     Name                                                                          # reqs      # fails |    Avg     Min     Max    Med |   req/s  failures/s
--------|----------------------------------------------------------------------------|-------|-------------|-------|-------|-------|-------|--------|-----------
POST     POST /notifications [EMAIL]                                                     5226   124(2.37%) |   6649     165   39169   1000 |   23.30        1.80
--------|----------------------------------------------------------------------------|-------|-------------|-------|-------|-------|-------|--------|-----------
         Aggregated                                                                      5226   124(2.37%) |   6649     165   39169   1000 |   23.30        1.80

Type     Name                                                                          # reqs      # fails |    Avg     Min     Max    Med |   req/s  failures/s
--------|----------------------------------------------------------------------------|-------|-------------|-------|-------|-------|-------|--------|-----------
POST     POST /notifications [EMAIL]                                                     5266   124(2.35%) |   6707     165   39169   1000 |   24.70        2.10
--------|----------------------------------------------------------------------------|-------|-------------|-------|-------|-------|-------|--------|-----------
         Aggregated                                                                      5266   124(2.35%) |   6707     165   39169   1000 |   24.70        2.10

Type     Name                                                                          # reqs      # fails |    Avg     Min     Max    Med |   req/s  failures/s
--------|----------------------------------------------------------------------------|-------|-------------|-------|-------|-------|-------|--------|-----------
POST     POST /notifications [EMAIL]                                                     5318   127(2.39%) |   6789     165   39169   1100 |   24.10        2.10
--------|----------------------------------------------------------------------------|-------|-------------|-------|-------|-------|-------|--------|-----------
         Aggregated                                                                      5318   127(2.39%) |   6789     165   39169   1100 |   24.10        2.10

Type     Name                                                                          # reqs      # fails |    Avg     Min     Max    Med |   req/s  failures/s
--------|----------------------------------------------------------------------------|-------|-------------|-------|-------|-------|-------|--------|-----------
POST     POST /notifications [EMAIL]                                                     5365   133(2.48%) |   6888     165   39169   1100 |   24.20        2.10
--------|----------------------------------------------------------------------------|-------|-------------|-------|-------|-------|-------|--------|-----------
         Aggregated                                                                      5365   133(2.48%) |   6888     165   39169   1100 |   24.20        2.10

Type     Name                                                                          # reqs      # fails |    Avg     Min     Max    Med |   req/s  failures/s
--------|----------------------------------------------------------------------------|-------|-------------|-------|-------|-------|-------|--------|-----------
POST     POST /notifications [EMAIL]                                                     5414   136(2.51%) |   6986     165   39169   1100 |   24.10        1.80
--------|----------------------------------------------------------------------------|-------|-------------|-------|-------|-------|-------|--------|-----------
         Aggregated                                                                      5414   136(2.51%) |   6986     165   39169   1100 |   24.10        1.80

Type     Name                                                                          # reqs      # fails |    Avg     Min     Max    Med |   req/s  failures/s
--------|----------------------------------------------------------------------------|-------|-------------|-------|-------|-------|-------|--------|-----------
POST     POST /notifications [EMAIL]                                                     5457   139(2.55%) |   7054     165   39169   1100 |   24.20        1.80
--------|----------------------------------------------------------------------------|-------|-------------|-------|-------|-------|-------|--------|-----------
         Aggregated                                                                      5457   139(2.55%) |   7054     165   39169   1100 |   24.20        1.80

Type     Name                                                                          # reqs      # fails |    Avg     Min     Max    Med |   req/s  failures/s
--------|----------------------------------------------------------------------------|-------|-------------|-------|-------|-------|-------|--------|-----------
POST     POST /notifications [EMAIL]                                                     5508   144(2.61%) |   7160     165   39169   1100 |   23.40        1.60
--------|----------------------------------------------------------------------------|-------|-------------|-------|-------|-------|-------|--------|-----------
         Aggregated                                                                      5508   144(2.61%) |   7160     165   39169   1100 |   23.40        1.60

Type     Name                                                                          # reqs      # fails |    Avg     Min     Max    Med |   req/s  failures/s
--------|----------------------------------------------------------------------------|-------|-------------|-------|-------|-------|-------|--------|-----------
POST     POST /notifications [EMAIL]                                                     5557   148(2.66%) |   7227     165   39169   1100 |   23.60        1.80
--------|----------------------------------------------------------------------------|-------|-------------|-------|-------|-------|-------|--------|-----------
         Aggregated                                                                      5557   148(2.66%) |   7227     165   39169   1100 |   23.60        1.80

Type     Name                                                                          # reqs      # fails |    Avg     Min     Max    Med |   req/s  failures/s
--------|----------------------------------------------------------------------------|-------|-------------|-------|-------|-------|-------|--------|-----------
POST     POST /notifications [EMAIL]                                                     5606   151(2.69%) |   7292     165   39169   1200 |   24.50        1.80
--------|----------------------------------------------------------------------------|-------|-------------|-------|-------|-------|-------|--------|-----------
         Aggregated                                                                      5606   151(2.69%) |   7292     165   39169   1200 |   24.50        1.80

Type     Name                                                                          # reqs      # fails |    Avg     Min     Max    Med |   req/s  failures/s
--------|----------------------------------------------------------------------------|-------|-------------|-------|-------|-------|-------|--------|-----------
POST     POST /notifications [EMAIL]                                                     5652   155(2.74%) |   7380     165   39169   1200 |   24.60        1.80
--------|----------------------------------------------------------------------------|-------|-------------|-------|-------|-------|-------|--------|-----------
         Aggregated                                                                      5652   155(2.74%) |   7380     165   39169   1200 |   24.60        1.80

Type     Name                                                                          # reqs      # fails |    Avg     Min     Max    Med |   req/s  failures/s
--------|----------------------------------------------------------------------------|-------|-------------|-------|-------|-------|-------|--------|-----------
POST     POST /notifications [EMAIL]                                                     5696   156(2.74%) |   7422     165   39183   1200 |   24.30        2.00
--------|----------------------------------------------------------------------------|-------|-------------|-------|-------|-------|-------|--------|-----------
         Aggregated                                                                      5696   156(2.74%) |   7422     165   39183   1200 |   24.30        2.00

Type     Name                                                                          # reqs      # fails |    Avg     Min     Max    Med |   req/s  failures/s
--------|----------------------------------------------------------------------------|-------|-------------|-------|-------|-------|-------|--------|-----------
POST     POST /notifications [EMAIL]                                                     5747   161(2.80%) |   7502     165   39230   1200 |   24.20        1.90
--------|----------------------------------------------------------------------------|-------|-------------|-------|-------|-------|-------|--------|-----------
         Aggregated                                                                      5747   161(2.80%) |   7502     165   39230   1200 |   24.20        1.90

Type     Name                                                                          # reqs      # fails |    Avg     Min     Max    Med |   req/s  failures/s
--------|----------------------------------------------------------------------------|-------|-------------|-------|-------|-------|-------|--------|-----------
POST     POST /notifications [EMAIL]                                                     5796   163(2.81%) |   7569     165   39230   1300 |   23.60        1.70
--------|----------------------------------------------------------------------------|-------|-------------|-------|-------|-------|-------|--------|-----------
         Aggregated                                                                      5796   163(2.81%) |   7569     165   39230   1300 |   23.60        1.70

Type     Name                                                                          # reqs      # fails |    Avg     Min     Max    Med |   req/s  failures/s
--------|----------------------------------------------------------------------------|-------|-------------|-------|-------|-------|-------|--------|-----------
POST     POST /notifications [EMAIL]                                                     5842   171(2.93%) |   7631     165   39230   1300 |   23.90        1.60
--------|----------------------------------------------------------------------------|-------|-------------|-------|-------|-------|-------|--------|-----------
         Aggregated                                                                      5842   171(2.93%) |   7631     165   39230   1300 |   23.90        1.60

[2026-04-21 09:38:09,436] ip-10-0-1-128/INFO/locust.runners: Shape test updating to 20 users at 80.00 spawn rate
[2026-04-21 09:38:09,436] ip-10-0-1-128/INFO/locust.runners: Ramping to 20 users at a rate of 80.00 per second
Type     Name                                                                          # reqs      # fails |    Avg     Min     Max    Med |   req/s  failures/s
--------|----------------------------------------------------------------------------|-------|-------------|-------|-------|-------|-------|--------|-----------
POST     POST /notifications [EMAIL]                                                     5888   175(2.97%) |   7683     165   39230   1400 |   23.70        2.10
--------|----------------------------------------------------------------------------|-------|-------------|-------|-------|-------|-------|--------|-----------
         Aggregated                                                                      5888   175(2.97%) |   7683     165   39230   1400 |   23.70        2.10

Type     Name                                                                          # reqs      # fails |    Avg     Min     Max    Med |   req/s  failures/s
--------|----------------------------------------------------------------------------|-------|-------------|-------|-------|-------|-------|--------|-----------
POST     POST /notifications [EMAIL]                                                     5909   178(3.01%) |   7735     165   39230   1400 |   23.60        2.10
--------|----------------------------------------------------------------------------|-------|-------------|-------|-------|-------|-------|--------|-----------
         Aggregated                                                                      5909   178(3.01%) |   7735     165   39230   1400 |   23.60        2.10

[2026-04-21 09:38:13,460] ip-10-0-1-128/INFO/locust.runners: All users spawned: {"NotificationUser": 20} (20 total users)
Type     Name                                                                          # reqs      # fails |    Avg     Min     Max    Med |   req/s  failures/s
--------|----------------------------------------------------------------------------|-------|-------------|-------|-------|-------|-------|--------|-----------
POST     POST /notifications [EMAIL]                                                     5916   179(3.03%) |   7745     165   39230   1400 |   22.40        2.20
--------|----------------------------------------------------------------------------|-------|-------------|-------|-------|-------|-------|--------|-----------
         Aggregated                                                                      5916   179(3.03%) |   7745     165   39230   1400 |   22.40        2.20

Type     Name                                                                          # reqs      # fails |    Avg     Min     Max    Med |   req/s  failures/s
--------|----------------------------------------------------------------------------|-------|-------------|-------|-------|-------|-------|--------|-----------
POST     POST /notifications [EMAIL]                                                     5919   180(3.04%) |   7744       2   39230   1400 |   19.70        1.90
--------|----------------------------------------------------------------------------|-------|-------------|-------|-------|-------|-------|--------|-----------
         Aggregated                                                                      5919   180(3.04%) |   7744       2   39230   1400 |   19.70        1.90

Type     Name                                                                          # reqs      # fails |    Avg     Min     Max    Med |   req/s  failures/s
--------|----------------------------------------------------------------------------|-------|-------------|-------|-------|-------|-------|--------|-----------
POST     POST /notifications [EMAIL]                                                     5925   183(3.09%) |   7742       2   39230   1400 |   16.90        1.80
--------|----------------------------------------------------------------------------|-------|-------------|-------|-------|-------|-------|--------|-----------
         Aggregated                                                                      5925   183(3.09%) |   7742       2   39230   1400 |   16.90        1.80

Type     Name                                                                          # reqs      # fails |    Avg     Min     Max    Med |   req/s  failures/s
--------|----------------------------------------------------------------------------|-------|-------------|-------|-------|-------|-------|--------|-----------
POST     POST /notifications [EMAIL]                                                     5939   191(3.22%) |   7739       2   39230   1400 |    8.30        1.20
--------|----------------------------------------------------------------------------|-------|-------------|-------|-------|-------|-------|--------|-----------
         Aggregated                                                                      5939   191(3.22%) |   7739       2   39230   1400 |    8.30        1.20

Type     Name                                                                          # reqs      # fails |    Avg     Min     Max    Med |   req/s  failures/s
--------|----------------------------------------------------------------------------|-------|-------------|-------|-------|-------|-------|--------|-----------
POST     POST /notifications [EMAIL]                                                     5939   191(3.22%) |   7739       2   39230   1400 |    8.30        1.20
--------|----------------------------------------------------------------------------|-------|-------------|-------|-------|-------|-------|--------|-----------
         Aggregated                                                                      5939   191(3.22%) |   7739       2   39230   1400 |    8.30        1.20

Type     Name                                                                          # reqs      # fails |    Avg     Min     Max    Med |   req/s  failures/s
--------|----------------------------------------------------------------------------|-------|-------------|-------|-------|-------|-------|--------|-----------
POST     POST /notifications [EMAIL]                                                     5944   193(3.25%) |   7742       2   39230   1400 |    3.00        1.30
--------|----------------------------------------------------------------------------|-------|-------------|-------|-------|-------|-------|--------|-----------
         Aggregated                                                                      5944   193(3.25%) |   7742       2   39230   1400 |    3.00        1.30

Type     Name                                                                          # reqs      # fails |    Avg     Min     Max    Med |   req/s  failures/s
--------|----------------------------------------------------------------------------|-------|-------------|-------|-------|-------|-------|--------|-----------
POST     POST /notifications [EMAIL]                                                     5949   196(3.29%) |   7741       2   39230   1400 |    3.00        1.30
--------|----------------------------------------------------------------------------|-------|-------------|-------|-------|-------|-------|--------|-----------
         Aggregated                                                                      5949   196(3.29%) |   7741       2   39230   1400 |    3.00        1.30

Type     Name                                                                          # reqs      # fails |    Avg     Min     Max    Med |   req/s  failures/s
--------|----------------------------------------------------------------------------|-------|-------------|-------|-------|-------|-------|--------|-----------
POST     POST /notifications [EMAIL]                                                     5987   215(3.59%) |   7723       2   39230   1400 |    3.20        1.70
--------|----------------------------------------------------------------------------|-------|-------------|-------|-------|-------|-------|--------|-----------
         Aggregated                                                                      5987   215(3.59%) |   7723       2   39230   1400 |    3.20        1.70

Type     Name                                                                          # reqs      # fails |    Avg     Min     Max    Med |   req/s  failures/s
--------|----------------------------------------------------------------------------|-------|-------------|-------|-------|-------|-------|--------|-----------
POST     POST /notifications [EMAIL]                                                     6053   248(4.10%) |   7644       1   39230   1300 |    3.10        1.50
--------|----------------------------------------------------------------------------|-------|-------------|-------|-------|-------|-------|--------|-----------
         Aggregated                                                                      6053   248(4.10%) |   7644       1   39230   1300 |    3.10        1.50

Type     Name                                                                          # reqs      # fails |    Avg     Min     Max    Med |   req/s  failures/s
--------|----------------------------------------------------------------------------|-------|-------------|-------|-------|-------|-------|--------|-----------
POST     POST /notifications [EMAIL]                                                     6144   293(4.77%) |   7539       1   39230   1300 |   11.50        5.80
--------|----------------------------------------------------------------------------|-------|-------------|-------|-------|-------|-------|--------|-----------
         Aggregated                                                                      6144   293(4.77%) |   7539       1   39230   1300 |   11.50        5.80

Type     Name                                                                          # reqs      # fails |    Avg     Min     Max    Med |   req/s  failures/s
--------|----------------------------------------------------------------------------|-------|-------------|-------|-------|-------|-------|--------|-----------
POST     POST /notifications [EMAIL]                                                     6234   337(5.41%) |   7436       1   39230   1200 |   20.40       10.10
--------|----------------------------------------------------------------------------|-------|-------------|-------|-------|-------|-------|--------|-----------
         Aggregated                                                                      6234   337(5.41%) |   7436       1   39230   1200 |   20.40       10.10

Type     Name                                                                          # reqs      # fails |    Avg     Min     Max    Med |   req/s  failures/s
--------|----------------------------------------------------------------------------|-------|-------------|-------|-------|-------|-------|--------|-----------
POST     POST /notifications [EMAIL]                                                     6323   383(6.06%) |   7337       1   39230   1200 |   28.80       14.40
--------|----------------------------------------------------------------------------|-------|-------------|-------|-------|-------|-------|--------|-----------
         Aggregated                                                                      6323   383(6.06%) |   7337       1   39230   1200 |   28.80       14.40

Type     Name                                                                          # reqs      # fails |    Avg     Min     Max    Med |   req/s  failures/s
--------|----------------------------------------------------------------------------|-------|-------------|-------|-------|-------|-------|--------|-----------
POST     POST /notifications [EMAIL]                                                     6407   425(6.63%) |   7246       1   39230   1100 |   32.40       16.20
--------|----------------------------------------------------------------------------|-------|-------------|-------|-------|-------|-------|--------|-----------
         Aggregated                                                                      6407   425(6.63%) |   7246       1   39230   1100 |   32.40       16.20

Type     Name                                                                          # reqs      # fails |    Avg     Min     Max    Med |   req/s  failures/s
--------|----------------------------------------------------------------------------|-------|-------------|-------|-------|-------|-------|--------|-----------
POST     POST /notifications [EMAIL]                                                     6475   453(7.00%) |   7176       1   39230   1100 |   42.00       21.00
--------|----------------------------------------------------------------------------|-------|-------------|-------|-------|-------|-------|--------|-----------
         Aggregated                                                                      6475   453(7.00%) |   7176       1   39230   1100 |   42.00       21.00

Type     Name                                                                          # reqs      # fails |    Avg     Min     Max    Med |   req/s  failures/s
--------|----------------------------------------------------------------------------|-------|-------------|-------|-------|-------|-------|--------|-----------
POST     POST /notifications [EMAIL]                                                     6499   453(6.97%) |   7151       1   39230   1100 |   41.60       20.80
--------|----------------------------------------------------------------------------|-------|-------------|-------|-------|-------|-------|--------|-----------
         Aggregated                                                                      6499   453(6.97%) |   7151       1   39230   1100 |   41.60       20.80

Type     Name                                                                          # reqs      # fails |    Avg     Min     Max    Med |   req/s  failures/s
--------|----------------------------------------------------------------------------|-------|-------------|-------|-------|-------|-------|--------|-----------
POST     POST /notifications [EMAIL]                                                     6499   453(6.97%) |   7151       1   39230   1100 |   41.60       20.80
--------|----------------------------------------------------------------------------|-------|-------------|-------|-------|-------|-------|--------|-----------
         Aggregated                                                                      6499   453(6.97%) |   7151       1   39230   1100 |   41.60       20.80

Type     Name                                                                          # reqs      # fails |    Avg     Min     Max    Med |   req/s  failures/s
--------|----------------------------------------------------------------------------|-------|-------------|-------|-------|-------|-------|--------|-----------
POST     POST /notifications [EMAIL]                                                     6499   453(6.97%) |   7151       1   39230   1100 |   41.60       20.80
--------|----------------------------------------------------------------------------|-------|-------------|-------|-------|-------|-------|--------|-----------
         Aggregated                                                                      6499   453(6.97%) |   7151       1   39230   1100 |   41.60       20.80

Type     Name                                                                          # reqs      # fails |    Avg     Min     Max    Med |   req/s  failures/s
--------|----------------------------------------------------------------------------|-------|-------------|-------|-------|-------|-------|--------|-----------
POST     POST /notifications [EMAIL]                                                     6499   453(6.97%) |   7151       1   39230   1100 |   41.60       20.80
--------|----------------------------------------------------------------------------|-------|-------------|-------|-------|-------|-------|--------|-----------
         Aggregated                                                                      6499   453(6.97%) |   7151       1   39230   1100 |   41.60       20.80

Type     Name                                                                          # reqs      # fails |    Avg     Min     Max    Med |   req/s  failures/s
--------|----------------------------------------------------------------------------|-------|-------------|-------|-------|-------|-------|--------|-----------
POST     POST /notifications [EMAIL]                                                     6509   460(7.07%) |   7151       1   39230   1100 |   12.30        4.50
--------|----------------------------------------------------------------------------|-------|-------------|-------|-------|-------|-------|--------|-----------
         Aggregated                                                                      6509   460(7.07%) |   7151       1   39230   1100 |   12.30        4.50

Type     Name                                                                          # reqs      # fails |    Avg     Min     Max    Med |   req/s  failures/s
--------|----------------------------------------------------------------------------|-------|-------------|-------|-------|-------|-------|--------|-----------
POST     POST /notifications [EMAIL]                                                     6574   473(7.20%) |   7104       1   39230   1100 |    5.00        0.70
--------|----------------------------------------------------------------------------|-------|-------------|-------|-------|-------|-------|--------|-----------
         Aggregated                                                                      6574   473(7.20%) |   7104       1   39230   1100 |    5.00        0.70

Type     Name                                                                          # reqs      # fails |    Avg     Min     Max    Med |   req/s  failures/s
--------|----------------------------------------------------------------------------|-------|-------------|-------|-------|-------|-------|--------|-----------
POST     POST /notifications [EMAIL]                                                     6621   473(7.14%) |   7060       1   39230   1100 |    4.70        1.80
--------|----------------------------------------------------------------------------|-------|-------------|-------|-------|-------|-------|--------|-----------
         Aggregated                                                                      6621   473(7.14%) |   7060       1   39230   1100 |    4.70        1.80

Type     Name                                                                          # reqs      # fails |    Avg     Min     Max    Med |   req/s  failures/s
--------|----------------------------------------------------------------------------|-------|-------------|-------|-------|-------|-------|--------|-----------
POST     POST /notifications [EMAIL]                                                     6669   473(7.09%) |   7015       1   39230   1100 |    9.40        2.00
--------|----------------------------------------------------------------------------|-------|-------------|-------|-------|-------|-------|--------|-----------
         Aggregated                                                                      6669   473(7.09%) |   7015       1   39230   1100 |    9.40        2.00

Type     Name                                                                          # reqs      # fails |    Avg     Min     Max    Med |   req/s  failures/s
--------|----------------------------------------------------------------------------|-------|-------------|-------|-------|-------|-------|--------|-----------
POST     POST /notifications [EMAIL]                                                     6720   473(7.04%) |   6967       1   39230   1100 |   14.20        2.00
--------|----------------------------------------------------------------------------|-------|-------------|-------|-------|-------|-------|--------|-----------
         Aggregated                                                                      6720   473(7.04%) |   6967       1   39230   1100 |   14.20        2.00

Type     Name                                                                          # reqs      # fails |    Avg     Min     Max    Med |   req/s  failures/s
--------|----------------------------------------------------------------------------|-------|-------------|-------|-------|-------|-------|--------|-----------
POST     POST /notifications [EMAIL]                                                     6762   473(6.99%) |   6929       1   39230   1100 |   19.20        2.00
--------|----------------------------------------------------------------------------|-------|-------------|-------|-------|-------|-------|--------|-----------
         Aggregated                                                                      6762   473(6.99%) |   6929       1   39230   1100 |   19.20        2.00

Type     Name                                                                          # reqs      # fails |    Avg     Min     Max    Med |   req/s  failures/s
--------|----------------------------------------------------------------------------|-------|-------------|-------|-------|-------|-------|--------|-----------
POST     POST /notifications [EMAIL]                                                     6798   473(6.96%) |   6898       1   39230   1100 |   24.30        2.00
--------|----------------------------------------------------------------------------|-------|-------------|-------|-------|-------|-------|--------|-----------
         Aggregated                                                                      6798   473(6.96%) |   6898       1   39230   1100 |   24.30        2.00

Type     Name                                                                          # reqs      # fails |    Avg     Min     Max    Med |   req/s  failures/s
--------|----------------------------------------------------------------------------|-------|-------------|-------|-------|-------|-------|--------|-----------
POST     POST /notifications [EMAIL]                                                     6850   473(6.91%) |   6852       1   39230   1000 |   23.50        0.20
--------|----------------------------------------------------------------------------|-------|-------------|-------|-------|-------|-------|--------|-----------
         Aggregated                                                                      6850   473(6.91%) |   6852       1   39230   1000 |   23.50        0.20

Type     Name                                                                          # reqs      # fails |    Avg     Min     Max    Med |   req/s  failures/s
--------|----------------------------------------------------------------------------|-------|-------------|-------|-------|-------|-------|--------|-----------
POST     POST /notifications [EMAIL]                                                     6896   473(6.86%) |   6812       1   39230   1000 |   22.90        0.00
--------|----------------------------------------------------------------------------|-------|-------------|-------|-------|-------|-------|--------|-----------
         Aggregated                                                                      6896   473(6.86%) |   6812       1   39230   1000 |   22.90        0.00

Type     Name                                                                          # reqs      # fails |    Avg     Min     Max    Med |   req/s  failures/s
--------|----------------------------------------------------------------------------|-------|-------------|-------|-------|-------|-------|--------|-----------
POST     POST /notifications [EMAIL]                                                     6943   473(6.81%) |   6771       1   39230   1000 |   22.70        0.00
--------|----------------------------------------------------------------------------|-------|-------------|-------|-------|-------|-------|--------|-----------
         Aggregated                                                                      6943   473(6.81%) |   6771       1   39230   1000 |   22.70        0.00

Type     Name                                                                          # reqs      # fails |    Avg     Min     Max    Med |   req/s  failures/s
--------|----------------------------------------------------------------------------|-------|-------------|-------|-------|-------|-------|--------|-----------
POST     POST /notifications [EMAIL]                                                     6990   473(6.77%) |   6731       1   39230   1000 |   23.00        0.00
--------|----------------------------------------------------------------------------|-------|-------------|-------|-------|-------|-------|--------|-----------
         Aggregated                                                                      6990   473(6.77%) |   6731       1   39230   1000 |   23.00        0.00

Type     Name                                                                          # reqs      # fails |    Avg     Min     Max    Med |   req/s  failures/s
--------|----------------------------------------------------------------------------|-------|-------------|-------|-------|-------|-------|--------|-----------
POST     POST /notifications [EMAIL]                                                     7040   473(6.72%) |   6689       1   39230   1000 |   22.80        0.00
--------|----------------------------------------------------------------------------|-------|-------------|-------|-------|-------|-------|--------|-----------
         Aggregated                                                                      7040   473(6.72%) |   6689       1   39230   1000 |   22.80        0.00

Type     Name                                                                          # reqs      # fails |    Avg     Min     Max    Med |   req/s  failures/s
--------|----------------------------------------------------------------------------|-------|-------------|-------|-------|-------|-------|--------|-----------
POST     POST /notifications [EMAIL]                                                     7085   473(6.68%) |   6652       1   39230   1000 |   23.50        0.00
--------|----------------------------------------------------------------------------|-------|-------------|-------|-------|-------|-------|--------|-----------
         Aggregated                                                                      7085   473(6.68%) |   6652       1   39230   1000 |   23.50        0.00

Type     Name                                                                          # reqs      # fails |    Avg     Min     Max    Med |   req/s  failures/s
--------|----------------------------------------------------------------------------|-------|-------------|-------|-------|-------|-------|--------|-----------
POST     POST /notifications [EMAIL]                                                     7125   473(6.64%) |   6620       1   39230   1000 |   22.80        0.00
--------|----------------------------------------------------------------------------|-------|-------------|-------|-------|-------|-------|--------|-----------
         Aggregated                                                                      7125   473(6.64%) |   6620       1   39230   1000 |   22.80        0.00

Type     Name                                                                          # reqs      # fails |    Avg     Min     Max    Med |   req/s  failures/s
--------|----------------------------------------------------------------------------|-------|-------------|-------|-------|-------|-------|--------|-----------
POST     POST /notifications [EMAIL]                                                     7172   473(6.60%) |   6582       1   39230   1000 |   22.40        0.00
--------|----------------------------------------------------------------------------|-------|-------------|-------|-------|-------|-------|--------|-----------
         Aggregated                                                                      7172   473(6.60%) |   6582       1   39230   1000 |   22.40        0.00

Type     Name                                                                          # reqs      # fails |    Avg     Min     Max    Med |   req/s  failures/s
--------|----------------------------------------------------------------------------|-------|-------------|-------|-------|-------|-------|--------|-----------
POST     POST /notifications [EMAIL]                                                     7217   473(6.55%) |   6546       1   39230   1000 |   22.50        0.00
--------|----------------------------------------------------------------------------|-------|-------------|-------|-------|-------|-------|--------|-----------
         Aggregated                                                                      7217   473(6.55%) |   6546       1   39230   1000 |   22.50        0.00

Type     Name                                                                          # reqs      # fails |    Avg     Min     Max    Med |   req/s  failures/s
--------|----------------------------------------------------------------------------|-------|-------------|-------|-------|-------|-------|--------|-----------
POST     POST /notifications [EMAIL]                                                     7264   473(6.51%) |   6509       1   39230    990 |   22.90        0.00
--------|----------------------------------------------------------------------------|-------|-------------|-------|-------|-------|-------|--------|-----------
         Aggregated                                                                      7264   473(6.51%) |   6509       1   39230    990 |   22.90        0.00

Type     Name                                                                          # reqs      # fails |    Avg     Min     Max    Med |   req/s  failures/s
--------|----------------------------------------------------------------------------|-------|-------------|-------|-------|-------|-------|--------|-----------
POST     POST /notifications [EMAIL]                                                     7307   473(6.47%) |   6476       1   39230    990 |   22.40        0.00
--------|----------------------------------------------------------------------------|-------|-------------|-------|-------|-------|-------|--------|-----------
         Aggregated                                                                      7307   473(6.47%) |   6476       1   39230    990 |   22.40        0.00

Type     Name                                                                          # reqs      # fails |    Avg     Min     Max    Med |   req/s  failures/s
--------|----------------------------------------------------------------------------|-------|-------------|-------|-------|-------|-------|--------|-----------
POST     POST /notifications [EMAIL]                                                     7355   473(6.43%) |   6439       1   39230    980 |   22.80        0.00
--------|----------------------------------------------------------------------------|-------|-------------|-------|-------|-------|-------|--------|-----------
         Aggregated                                                                      7355   473(6.43%) |   6439       1   39230    980 |   22.80        0.00

Type     Name                                                                          # reqs      # fails |    Avg     Min     Max    Med |   req/s  failures/s
--------|----------------------------------------------------------------------------|-------|-------------|-------|-------|-------|-------|--------|-----------
POST     POST /notifications [EMAIL]                                                     7398   473(6.39%) |   6407       1   39230    980 |   23.70        0.00
--------|----------------------------------------------------------------------------|-------|-------------|-------|-------|-------|-------|--------|-----------
         Aggregated                                                                      7398   473(6.39%) |   6407       1   39230    980 |   23.70        0.00

Type     Name                                                                          # reqs      # fails |    Avg     Min     Max    Med |   req/s  failures/s
--------|----------------------------------------------------------------------------|-------|-------------|-------|-------|-------|-------|--------|-----------
POST     POST /notifications [EMAIL]                                                     7446   473(6.35%) |   6371       1   39230    980 |   22.60        0.00
--------|----------------------------------------------------------------------------|-------|-------------|-------|-------|-------|-------|--------|-----------
         Aggregated                                                                      7446   473(6.35%) |   6371       1   39230    980 |   22.60        0.00

Type     Name                                                                          # reqs      # fails |    Avg     Min     Max    Med |   req/s  failures/s
--------|----------------------------------------------------------------------------|-------|-------------|-------|-------|-------|-------|--------|-----------
POST     POST /notifications [EMAIL]                                                     7484   473(6.32%) |   6344       1   39230    980 |   22.90        0.00
--------|----------------------------------------------------------------------------|-------|-------------|-------|-------|-------|-------|--------|-----------
         Aggregated                                                                      7484   473(6.32%) |   6344       1   39230    980 |   22.90        0.00

Type     Name                                                                          # reqs      # fails |    Avg     Min     Max    Med |   req/s  failures/s
--------|----------------------------------------------------------------------------|-------|-------------|-------|-------|-------|-------|--------|-----------
POST     POST /notifications [EMAIL]                                                     7531   473(6.28%) |   6309       1   39230    980 |   22.80        0.00
--------|----------------------------------------------------------------------------|-------|-------------|-------|-------|-------|-------|--------|-----------
         Aggregated                                                                      7531   473(6.28%) |   6309       1   39230    980 |   22.80        0.00

Type     Name                                                                          # reqs      # fails |    Avg     Min     Max    Med |   req/s  failures/s
--------|----------------------------------------------------------------------------|-------|-------------|-------|-------|-------|-------|--------|-----------
POST     POST /notifications [EMAIL]                                                     7578   473(6.24%) |   6275       1   39230    970 |   21.90        0.00
--------|----------------------------------------------------------------------------|-------|-------------|-------|-------|-------|-------|--------|-----------
         Aggregated                                                                      7578   473(6.24%) |   6275       1   39230    970 |   21.90        0.00

Type     Name                                                                          # reqs      # fails |    Avg     Min     Max    Med |   req/s  failures/s
--------|----------------------------------------------------------------------------|-------|-------------|-------|-------|-------|-------|--------|-----------
POST     POST /notifications [EMAIL]                                                     7625   473(6.20%) |   6241       1   39230    970 |   21.90        0.00
--------|----------------------------------------------------------------------------|-------|-------------|-------|-------|-------|-------|--------|-----------
         Aggregated                                                                      7625   473(6.20%) |   6241       1   39230    970 |   21.90        0.00

Type     Name                                                                          # reqs      # fails |    Avg     Min     Max    Med |   req/s  failures/s
--------|----------------------------------------------------------------------------|-------|-------------|-------|-------|-------|-------|--------|-----------
POST     POST /notifications [EMAIL]                                                     7670   473(6.17%) |   6210       1   39230    960 |   22.60        0.00
--------|----------------------------------------------------------------------------|-------|-------------|-------|-------|-------|-------|--------|-----------
         Aggregated                                                                      7670   473(6.17%) |   6210       1   39230    960 |   22.60        0.00

Type     Name                                                                          # reqs      # fails |    Avg     Min     Max    Med |   req/s  failures/s
--------|----------------------------------------------------------------------------|-------|-------------|-------|-------|-------|-------|--------|-----------
POST     POST /notifications [EMAIL]                                                     7722   473(6.13%) |   6173       1   39230    960 |   22.40        0.00
--------|----------------------------------------------------------------------------|-------|-------------|-------|-------|-------|-------|--------|-----------
         Aggregated                                                                      7722   473(6.13%) |   6173       1   39230    960 |   22.40        0.00

Type     Name                                                                          # reqs      # fails |    Avg     Min     Max    Med |   req/s  failures/s
--------|----------------------------------------------------------------------------|-------|-------------|-------|-------|-------|-------|--------|-----------
POST     POST /notifications [EMAIL]                                                     7767   473(6.09%) |   6142       1   39230    960 |   23.10        0.00
--------|----------------------------------------------------------------------------|-------|-------------|-------|-------|-------|-------|--------|-----------
         Aggregated                                                                      7767   473(6.09%) |   6142       1   39230    960 |   23.10        0.00

Type     Name                                                                          # reqs      # fails |    Avg     Min     Max    Med |   req/s  failures/s
--------|----------------------------------------------------------------------------|-------|-------------|-------|-------|-------|-------|--------|-----------
POST     POST /notifications [EMAIL]                                                     7809   473(6.06%) |   6114       1   39230    960 |   23.40        0.00
--------|----------------------------------------------------------------------------|-------|-------------|-------|-------|-------|-------|--------|-----------
         Aggregated                                                                      7809   473(6.06%) |   6114       1   39230    960 |   23.40        0.00

Type     Name                                                                          # reqs      # fails |    Avg     Min     Max    Med |   req/s  failures/s
--------|----------------------------------------------------------------------------|-------|-------------|-------|-------|-------|-------|--------|-----------
POST     POST /notifications [EMAIL]                                                     7852   473(6.02%) |   6085       1   39230    960 |   23.10        0.00
--------|----------------------------------------------------------------------------|-------|-------------|-------|-------|-------|-------|--------|-----------
         Aggregated                                                                      7852   473(6.02%) |   6085       1   39230    960 |   23.10        0.00

Type     Name                                                                          # reqs      # fails |    Avg     Min     Max    Med |   req/s  failures/s
--------|----------------------------------------------------------------------------|-------|-------------|-------|-------|-------|-------|--------|-----------
POST     POST /notifications [EMAIL]                                                     7904   473(5.98%) |   6051       1   39230    950 |   22.70        0.00
--------|----------------------------------------------------------------------------|-------|-------------|-------|-------|-------|-------|--------|-----------
         Aggregated                                                                      7904   473(5.98%) |   6051       1   39230    950 |   22.70        0.00

Type     Name                                                                          # reqs      # fails |    Avg     Min     Max    Med |   req/s  failures/s
--------|----------------------------------------------------------------------------|-------|-------------|-------|-------|-------|-------|--------|-----------
POST     POST /notifications [EMAIL]                                                     7951   473(5.95%) |   6020       1   39230    950 |   22.40        0.00
--------|----------------------------------------------------------------------------|-------|-------------|-------|-------|-------|-------|--------|-----------
         Aggregated                                                                      7951   473(5.95%) |   6020       1   39230    950 |   22.40        0.00

Type     Name                                                                          # reqs      # fails |    Avg     Min     Max    Med |   req/s  failures/s
--------|----------------------------------------------------------------------------|-------|-------------|-------|-------|-------|-------|--------|-----------
POST     POST /notifications [EMAIL]                                                     7991   473(5.92%) |   5994       1   39230    950 |   23.10        0.00
--------|----------------------------------------------------------------------------|-------|-------------|-------|-------|-------|-------|--------|-----------
         Aggregated                                                                      7991   473(5.92%) |   5994       1   39230    950 |   23.10        0.00

Type     Name                                                                          # reqs      # fails |    Avg     Min     Max    Med |   req/s  failures/s
--------|----------------------------------------------------------------------------|-------|-------------|-------|-------|-------|-------|--------|-----------
POST     POST /notifications [EMAIL]                                                     8039   473(5.88%) |   5963       1   39230    950 |   23.10        0.00
--------|----------------------------------------------------------------------------|-------|-------------|-------|-------|-------|-------|--------|-----------
         Aggregated                                                                      8039   473(5.88%) |   5963       1   39230    950 |   23.10        0.00

Type     Name                                                                          # reqs      # fails |    Avg     Min     Max    Med |   req/s  failures/s
--------|----------------------------------------------------------------------------|-------|-------------|-------|-------|-------|-------|--------|-----------
POST     POST /notifications [EMAIL]                                                     8086   473(5.85%) |   5933       1   39230    940 |   23.40        0.00
--------|----------------------------------------------------------------------------|-------|-------------|-------|-------|-------|-------|--------|-----------
         Aggregated                                                                      8086   473(5.85%) |   5933       1   39230    940 |   23.40        0.00

Type     Name                                                                          # reqs      # fails |    Avg     Min     Max    Med |   req/s  failures/s
--------|----------------------------------------------------------------------------|-------|-------------|-------|-------|-------|-------|--------|-----------
POST     POST /notifications [EMAIL]                                                     8124   473(5.82%) |   5910       1   39230    940 |   23.10        0.00
--------|----------------------------------------------------------------------------|-------|-------------|-------|-------|-------|-------|--------|-----------
         Aggregated                                                                      8124   473(5.82%) |   5910       1   39230    940 |   23.10        0.00

Type     Name                                                                          # reqs      # fails |    Avg     Min     Max    Med |   req/s  failures/s
--------|----------------------------------------------------------------------------|-------|-------------|-------|-------|-------|-------|--------|-----------
POST     POST /notifications [EMAIL]                                                     8172   473(5.79%) |   5880       1   39230    940 |   23.40        0.00
--------|----------------------------------------------------------------------------|-------|-------------|-------|-------|-------|-------|--------|-----------
         Aggregated                                                                      8172   473(5.79%) |   5880       1   39230    940 |   23.40        0.00

Type     Name                                                                          # reqs      # fails |    Avg     Min     Max    Med |   req/s  failures/s
--------|----------------------------------------------------------------------------|-------|-------------|-------|-------|-------|-------|--------|-----------
POST     POST /notifications [EMAIL]                                                     8218   473(5.76%) |   5852       1   39230    940 |   23.00        0.00
--------|----------------------------------------------------------------------------|-------|-------------|-------|-------|-------|-------|--------|-----------
         Aggregated                                                                      8218   473(5.76%) |   5852       1   39230    940 |   23.00        0.00

Type     Name                                                                          # reqs      # fails |    Avg     Min     Max    Med |   req/s  failures/s
--------|----------------------------------------------------------------------------|-------|-------------|-------|-------|-------|-------|--------|-----------
POST     POST /notifications [EMAIL]                                                     8256   473(5.73%) |   5829       1   39230    940 |   22.10        0.00
--------|----------------------------------------------------------------------------|-------|-------------|-------|-------|-------|-------|--------|-----------
         Aggregated                                                                      8256   473(5.73%) |   5829       1   39230    940 |   22.10        0.00

Type     Name                                                                          # reqs      # fails |    Avg     Min     Max    Med |   req/s  failures/s
--------|----------------------------------------------------------------------------|-------|-------------|-------|-------|-------|-------|--------|-----------
POST     POST /notifications [EMAIL]                                                     8301   473(5.70%) |   5803       1   39230    940 |   22.00        0.00
--------|----------------------------------------------------------------------------|-------|-------------|-------|-------|-------|-------|--------|-----------
         Aggregated                                                                      8301   473(5.70%) |   5803       1   39230    940 |   22.00        0.00

Type     Name                                                                          # reqs      # fails |    Avg     Min     Max    Med |   req/s  failures/s
--------|----------------------------------------------------------------------------|-------|-------------|-------|-------|-------|-------|--------|-----------
POST     POST /notifications [EMAIL]                                                     8337   473(5.67%) |   5783       1   39230    940 |   21.10        0.00
--------|----------------------------------------------------------------------------|-------|-------------|-------|-------|-------|-------|--------|-----------
         Aggregated                                                                      8337   473(5.67%) |   5783       1   39230    940 |   21.10        0.00

Type     Name                                                                          # reqs      # fails |    Avg     Min     Max    Med |   req/s  failures/s
--------|----------------------------------------------------------------------------|-------|-------------|-------|-------|-------|-------|--------|-----------
POST     POST /notifications [EMAIL]                                                     8364   473(5.66%) |   5768       1   39230    940 |   20.50        0.00
--------|----------------------------------------------------------------------------|-------|-------------|-------|-------|-------|-------|--------|-----------
         Aggregated                                                                      8364   473(5.66%) |   5768       1   39230    940 |   20.50        0.00

Type     Name                                                                          # reqs      # fails |    Avg     Min     Max    Med |   req/s  failures/s
--------|----------------------------------------------------------------------------|-------|-------------|-------|-------|-------|-------|--------|-----------
POST     POST /notifications [EMAIL]                                                     8410   473(5.62%) |   5742       1   39230    940 |   19.20        0.00
--------|----------------------------------------------------------------------------|-------|-------------|-------|-------|-------|-------|--------|-----------
         Aggregated                                                                      8410   473(5.62%) |   5742       1   39230    940 |   19.20        0.00

Type     Name                                                                          # reqs      # fails |    Avg     Min     Max    Med |   req/s  failures/s
--------|----------------------------------------------------------------------------|-------|-------------|-------|-------|-------|-------|--------|-----------
POST     POST /notifications [EMAIL]                                                     8457   473(5.59%) |   5714       1   39230    940 |   19.20        0.00
--------|----------------------------------------------------------------------------|-------|-------------|-------|-------|-------|-------|--------|-----------
         Aggregated                                                                      8457   473(5.59%) |   5714       1   39230    940 |   19.20        0.00

Type     Name                                                                          # reqs      # fails |    Avg     Min     Max    Med |   req/s  failures/s
--------|----------------------------------------------------------------------------|-------|-------------|-------|-------|-------|-------|--------|-----------
POST     POST /notifications [EMAIL]                                                     8501   473(5.56%) |   5689       1   39230    940 |   19.20        0.00
--------|----------------------------------------------------------------------------|-------|-------------|-------|-------|-------|-------|--------|-----------
         Aggregated                                                                      8501   473(5.56%) |   5689       1   39230    940 |   19.20        0.00

Type     Name                                                                          # reqs      # fails |    Avg     Min     Max    Med |   req/s  failures/s
--------|----------------------------------------------------------------------------|-------|-------------|-------|-------|-------|-------|--------|-----------
POST     POST /notifications [EMAIL]                                                     8539   473(5.54%) |   5668       1   39230    940 |   19.70        0.00
--------|----------------------------------------------------------------------------|-------|-------------|-------|-------|-------|-------|--------|-----------
         Aggregated                                                                      8539   473(5.54%) |   5668       1   39230    940 |   19.70        0.00

Type     Name                                                                          # reqs      # fails |    Avg     Min     Max    Med |   req/s  failures/s
--------|----------------------------------------------------------------------------|-------|-------------|-------|-------|-------|-------|--------|-----------
POST     POST /notifications [EMAIL]                                                     8584   473(5.51%) |   5643       1   39230    940 |   21.10        0.00
--------|----------------------------------------------------------------------------|-------|-------------|-------|-------|-------|-------|--------|-----------
         Aggregated                                                                      8584   473(5.51%) |   5643       1   39230    940 |   21.10        0.00

Type     Name                                                                          # reqs      # fails |    Avg     Min     Max    Med |   req/s  failures/s
--------|----------------------------------------------------------------------------|-------|-------------|-------|-------|-------|-------|--------|-----------
POST     POST /notifications [EMAIL]                                                     8622   473(5.49%) |   5623       1   39230    940 |   22.10        0.00
--------|----------------------------------------------------------------------------|-------|-------------|-------|-------|-------|-------|--------|-----------
         Aggregated                                                                      8622   473(5.49%) |   5623       1   39230    940 |   22.10        0.00

Type     Name                                                                          # reqs      # fails |    Avg     Min     Max    Med |   req/s  failures/s
--------|----------------------------------------------------------------------------|-------|-------------|-------|-------|-------|-------|--------|-----------
POST     POST /notifications [EMAIL]                                                     8669   473(5.46%) |   5597       1   39230    940 |   22.10        0.00
--------|----------------------------------------------------------------------------|-------|-------------|-------|-------|-------|-------|--------|-----------
         Aggregated                                                                      8669   473(5.46%) |   5597       1   39230    940 |   22.10        0.00

Type     Name                                                                          # reqs      # fails |    Avg     Min     Max    Med |   req/s  failures/s
--------|----------------------------------------------------------------------------|-------|-------------|-------|-------|-------|-------|--------|-----------
POST     POST /notifications [EMAIL]                                                     8708   473(5.43%) |   5576       1   39230    940 |   21.10        0.00
--------|----------------------------------------------------------------------------|-------|-------------|-------|-------|-------|-------|--------|-----------
         Aggregated                                                                      8708   473(5.43%) |   5576       1   39230    940 |   21.10        0.00

Type     Name                                                                          # reqs      # fails |    Avg     Min     Max    Med |   req/s  failures/s
--------|----------------------------------------------------------------------------|-------|-------------|-------|-------|-------|-------|--------|-----------
POST     POST /notifications [EMAIL]                                                     8753   473(5.40%) |   5552       1   39230    940 |   21.60        0.00
--------|----------------------------------------------------------------------------|-------|-------------|-------|-------|-------|-------|--------|-----------
         Aggregated                                                                      8753   473(5.40%) |   5552       1   39230    940 |   21.60        0.00

Type     Name                                                                          # reqs      # fails |    Avg     Min     Max    Med |   req/s  failures/s
--------|----------------------------------------------------------------------------|-------|-------------|-------|-------|-------|-------|--------|-----------
POST     POST /notifications [EMAIL]                                                     8814   473(5.37%) |   5518       1   39230    930 |   21.40        0.00
--------|----------------------------------------------------------------------------|-------|-------------|-------|-------|-------|-------|--------|-----------
         Aggregated                                                                      8814   473(5.37%) |   5518       1   39230    930 |   21.40        0.00

Type     Name                                                                          # reqs      # fails |    Avg     Min     Max    Med |   req/s  failures/s
--------|----------------------------------------------------------------------------|-------|-------------|-------|-------|-------|-------|--------|-----------
POST     POST /notifications [EMAIL]                                                     8858   473(5.34%) |   5495       1   39230    930 |   21.10        0.00
--------|----------------------------------------------------------------------------|-------|-------------|-------|-------|-------|-------|--------|-----------
         Aggregated                                                                      8858   473(5.34%) |   5495       1   39230    930 |   21.10        0.00

Type     Name                                                                          # reqs      # fails |    Avg     Min     Max    Med |   req/s  failures/s
--------|----------------------------------------------------------------------------|-------|-------------|-------|-------|-------|-------|--------|-----------
POST     POST /notifications [EMAIL]                                                     8898   473(5.32%) |   5474       1   39230    930 |   23.60        0.00
--------|----------------------------------------------------------------------------|-------|-------------|-------|-------|-------|-------|--------|-----------
         Aggregated                                                                      8898   473(5.32%) |   5474       1   39230    930 |   23.60        0.00

Type     Name                                                                          # reqs      # fails |    Avg     Min     Max    Med |   req/s  failures/s
--------|----------------------------------------------------------------------------|-------|-------------|-------|-------|-------|-------|--------|-----------
POST     POST /notifications [EMAIL]                                                     8946   473(5.29%) |   5449       1   39230    930 |   23.50        0.00
--------|----------------------------------------------------------------------------|-------|-------------|-------|-------|-------|-------|--------|-----------
         Aggregated                                                                      8946   473(5.29%) |   5449       1   39230    930 |   23.50        0.00

Type     Name                                                                          # reqs      # fails |    Avg     Min     Max    Med |   req/s  failures/s
--------|----------------------------------------------------------------------------|-------|-------------|-------|-------|-------|-------|--------|-----------
POST     POST /notifications [EMAIL]                                                     8996   473(5.26%) |   5424       1   39230    930 |   23.20        0.00
--------|----------------------------------------------------------------------------|-------|-------------|-------|-------|-------|-------|--------|-----------
         Aggregated                                                                      8996   473(5.26%) |   5424       1   39230    930 |   23.20        0.00

Type     Name                                                                          # reqs      # fails |    Avg     Min     Max    Med |   req/s  failures/s
--------|----------------------------------------------------------------------------|-------|-------------|-------|-------|-------|-------|--------|-----------
POST     POST /notifications [EMAIL]                                                     9036   473(5.23%) |   5404       1   39230    930 |   23.80        0.00
--------|----------------------------------------------------------------------------|-------|-------------|-------|-------|-------|-------|--------|-----------
         Aggregated                                                                      9036   473(5.23%) |   5404       1   39230    930 |   23.80        0.00

Type     Name                                                                          # reqs      # fails |    Avg     Min     Max    Med |   req/s  failures/s
--------|----------------------------------------------------------------------------|-------|-------------|-------|-------|-------|-------|--------|-----------
POST     POST /notifications [EMAIL]                                                     9088   473(5.20%) |   5377       1   39230    930 |   23.10        0.00
--------|----------------------------------------------------------------------------|-------|-------------|-------|-------|-------|-------|--------|-----------
         Aggregated                                                                      9088   473(5.20%) |   5377       1   39230    930 |   23.10        0.00

Type     Name                                                                          # reqs      # fails |    Avg     Min     Max    Med |   req/s  failures/s
--------|----------------------------------------------------------------------------|-------|-------------|-------|-------|-------|-------|--------|-----------
POST     POST /notifications [EMAIL]                                                     9130   473(5.18%) |   5356       1   39230    930 |   22.10        0.00
--------|----------------------------------------------------------------------------|-------|-------------|-------|-------|-------|-------|--------|-----------
         Aggregated                                                                      9130   473(5.18%) |   5356       1   39230    930 |   22.10        0.00

Type     Name                                                                          # reqs      # fails |    Avg     Min     Max    Med |   req/s  failures/s
--------|----------------------------------------------------------------------------|-------|-------------|-------|-------|-------|-------|--------|-----------
POST     POST /notifications [EMAIL]                                                     9168   473(5.16%) |   5338       1   39230    930 |   23.00        0.00
--------|----------------------------------------------------------------------------|-------|-------------|-------|-------|-------|-------|--------|-----------
         Aggregated                                                                      9168   473(5.16%) |   5338       1   39230    930 |   23.00        0.00

Type     Name                                                                          # reqs      # fails |    Avg     Min     Max    Med |   req/s  failures/s
--------|----------------------------------------------------------------------------|-------|-------------|-------|-------|-------|-------|--------|-----------
POST     POST /notifications [EMAIL]                                                     9214   473(5.13%) |   5316       1   39230    930 |   23.00        0.00
--------|----------------------------------------------------------------------------|-------|-------------|-------|-------|-------|-------|--------|-----------
         Aggregated                                                                      9214   473(5.13%) |   5316       1   39230    930 |   23.00        0.00

Type     Name                                                                          # reqs      # fails |    Avg     Min     Max    Med |   req/s  failures/s
--------|----------------------------------------------------------------------------|-------|-------------|-------|-------|-------|-------|--------|-----------
POST     POST /notifications [EMAIL]                                                     9263   473(5.11%) |   5292       1   39230    920 |   22.70        0.00
--------|----------------------------------------------------------------------------|-------|-------------|-------|-------|-------|-------|--------|-----------
         Aggregated                                                                      9263   473(5.11%) |   5292       1   39230    920 |   22.70        0.00

Type     Name                                                                          # reqs      # fails |    Avg     Min     Max    Med |   req/s  failures/s
--------|----------------------------------------------------------------------------|-------|-------------|-------|-------|-------|-------|--------|-----------
POST     POST /notifications [EMAIL]                                                     9309   473(5.08%) |   5270       1   39230    920 |   22.60        0.00
--------|----------------------------------------------------------------------------|-------|-------------|-------|-------|-------|-------|--------|-----------
         Aggregated                                                                      9309   473(5.08%) |   5270       1   39230    920 |   22.60        0.00

Type     Name                                                                          # reqs      # fails |    Avg     Min     Max    Med |   req/s  failures/s
--------|----------------------------------------------------------------------------|-------|-------------|-------|-------|-------|-------|--------|-----------
POST     POST /notifications [EMAIL]                                                     9343   473(5.06%) |   5255       1   39230    920 |   22.60        0.00
--------|----------------------------------------------------------------------------|-------|-------------|-------|-------|-------|-------|--------|-----------
         Aggregated                                                                      9343   473(5.06%) |   5255       1   39230    920 |   22.60        0.00

Type     Name                                                                          # reqs      # fails |    Avg     Min     Max    Med |   req/s  failures/s
--------|----------------------------------------------------------------------------|-------|-------------|-------|-------|-------|-------|--------|-----------
POST     POST /notifications [EMAIL]                                                     9383   473(5.04%) |   5236       1   39230    920 |   20.80        0.00
--------|----------------------------------------------------------------------------|-------|-------------|-------|-------|-------|-------|--------|-----------
         Aggregated                                                                      9383   473(5.04%) |   5236       1   39230    920 |   20.80        0.00

Type     Name                                                                          # reqs      # fails |    Avg     Min     Max    Med |   req/s  failures/s
--------|----------------------------------------------------------------------------|-------|-------------|-------|-------|-------|-------|--------|-----------
POST     POST /notifications [EMAIL]                                                     9440   473(5.01%) |   5209       1   39230    920 |   21.50        0.00
--------|----------------------------------------------------------------------------|-------|-------------|-------|-------|-------|-------|--------|-----------
         Aggregated                                                                      9440   473(5.01%) |   5209       1   39230    920 |   21.50        0.00

Type     Name                                                                          # reqs      # fails |    Avg     Min     Max    Med |   req/s  failures/s
--------|----------------------------------------------------------------------------|-------|-------------|-------|-------|-------|-------|--------|-----------
POST     POST /notifications [EMAIL]                                                     9487   473(4.99%) |   5188       1   39230    920 |   22.50        0.00
--------|----------------------------------------------------------------------------|-------|-------------|-------|-------|-------|-------|--------|-----------
         Aggregated                                                                      9487   473(4.99%) |   5188       1   39230    920 |   22.50        0.00

Type     Name                                                                          # reqs      # fails |    Avg     Min     Max    Med |   req/s  failures/s
--------|----------------------------------------------------------------------------|-------|-------------|-------|-------|-------|-------|--------|-----------
POST     POST /notifications [EMAIL]                                                     9527   473(4.96%) |   5170       1   39230    920 |   22.70        0.00
--------|----------------------------------------------------------------------------|-------|-------------|-------|-------|-------|-------|--------|-----------
         Aggregated                                                                      9527   473(4.96%) |   5170       1   39230    920 |   22.70        0.00

Type     Name                                                                          # reqs      # fails |    Avg     Min     Max    Med |   req/s  failures/s
--------|----------------------------------------------------------------------------|-------|-------------|-------|-------|-------|-------|--------|-----------
POST     POST /notifications [EMAIL]                                                     9577   473(4.94%) |   5147       1   39230    920 |   21.80        0.00
--------|----------------------------------------------------------------------------|-------|-------------|-------|-------|-------|-------|--------|-----------
         Aggregated                                                                      9577   473(4.94%) |   5147       1   39230    920 |   21.80        0.00

Type     Name                                                                          # reqs      # fails |    Avg     Min     Max    Med |   req/s  failures/s
--------|----------------------------------------------------------------------------|-------|-------------|-------|-------|-------|-------|--------|-----------
POST     POST /notifications [EMAIL]                                                     9615   473(4.92%) |   5130       1   39230    920 |   23.10        0.00
--------|----------------------------------------------------------------------------|-------|-------------|-------|-------|-------|-------|--------|-----------
         Aggregated                                                                      9615   473(4.92%) |   5130       1   39230    920 |   23.10        0.00

Type     Name                                                                          # reqs      # fails |    Avg     Min     Max    Med |   req/s  failures/s
--------|----------------------------------------------------------------------------|-------|-------------|-------|-------|-------|-------|--------|-----------
POST     POST /notifications [EMAIL]                                                     9664   473(4.89%) |   5108       1   39230    920 |   23.20        0.00
--------|----------------------------------------------------------------------------|-------|-------------|-------|-------|-------|-------|--------|-----------
         Aggregated                                                                      9664   473(4.89%) |   5108       1   39230    920 |   23.20        0.00

Type     Name                                                                          # reqs      # fails |    Avg     Min     Max    Med |   req/s  failures/s
--------|----------------------------------------------------------------------------|-------|-------------|-------|-------|-------|-------|--------|-----------
POST     POST /notifications [EMAIL]                                                     9709   473(4.87%) |   5089       1   39230    920 |   22.30        0.00
--------|----------------------------------------------------------------------------|-------|-------------|-------|-------|-------|-------|--------|-----------
         Aggregated                                                                      9709   473(4.87%) |   5089       1   39230    920 |   22.30        0.00

Type     Name                                                                          # reqs      # fails |    Avg     Min     Max    Med |   req/s  failures/s
--------|----------------------------------------------------------------------------|-------|-------------|-------|-------|-------|-------|--------|-----------
POST     POST /notifications [EMAIL]                                                     9751   473(4.85%) |   5071       1   39230    920 |   22.30        0.00
--------|----------------------------------------------------------------------------|-------|-------------|-------|-------|-------|-------|--------|-----------
         Aggregated                                                                      9751   473(4.85%) |   5071       1   39230    920 |   22.30        0.00

Type     Name                                                                          # reqs      # fails |    Avg     Min     Max    Med |   req/s  failures/s
--------|----------------------------------------------------------------------------|-------|-------------|-------|-------|-------|-------|--------|-----------
POST     POST /notifications [EMAIL]                                                     9791   473(4.83%) |   5054       1   39230    920 |   21.90        0.00
--------|----------------------------------------------------------------------------|-------|-------------|-------|-------|-------|-------|--------|-----------
         Aggregated                                                                      9791   473(4.83%) |   5054       1   39230    920 |   21.90        0.00

Type     Name                                                                          # reqs      # fails |    Avg     Min     Max    Med |   req/s  failures/s
--------|----------------------------------------------------------------------------|-------|-------------|-------|-------|-------|-------|--------|-----------
POST     POST /notifications [EMAIL]                                                     9839   473(4.81%) |   5033       1   39230    910 |   22.30        0.00
--------|----------------------------------------------------------------------------|-------|-------------|-------|-------|-------|-------|--------|-----------
         Aggregated                                                                      9839   473(4.81%) |   5033       1   39230    910 |   22.30        0.00

Type     Name                                                                          # reqs      # fails |    Avg     Min     Max    Med |   req/s  failures/s
--------|----------------------------------------------------------------------------|-------|-------------|-------|-------|-------|-------|--------|-----------
POST     POST /notifications [EMAIL]                                                     9880   473(4.79%) |   5016       1   39230    910 |   21.60        0.00
--------|----------------------------------------------------------------------------|-------|-------------|-------|-------|-------|-------|--------|-----------
         Aggregated                                                                      9880   473(4.79%) |   5016       1   39230    910 |   21.60        0.00

Type     Name                                                                          # reqs      # fails |    Avg     Min     Max    Med |   req/s  failures/s
--------|----------------------------------------------------------------------------|-------|-------------|-------|-------|-------|-------|--------|-----------
POST     POST /notifications [EMAIL]                                                     9927   473(4.76%) |   4996       1   39230    910 |   21.80        0.00
--------|----------------------------------------------------------------------------|-------|-------------|-------|-------|-------|-------|--------|-----------
         Aggregated                                                                      9927   473(4.76%) |   4996       1   39230    910 |   21.80        0.00

Type     Name                                                                          # reqs      # fails |    Avg     Min     Max    Med |   req/s  failures/s
--------|----------------------------------------------------------------------------|-------|-------------|-------|-------|-------|-------|--------|-----------
POST     POST /notifications [EMAIL]                                                     9973   473(4.74%) |   4977       1   39230    910 |   22.40        0.00
--------|----------------------------------------------------------------------------|-------|-------------|-------|-------|-------|-------|--------|-----------
         Aggregated                                                                      9973   473(4.74%) |   4977       1   39230    910 |   22.40        0.00

Type     Name                                                                          # reqs      # fails |    Avg     Min     Max    Med |   req/s  failures/s
--------|----------------------------------------------------------------------------|-------|-------------|-------|-------|-------|-------|--------|-----------
POST     POST /notifications [EMAIL]                                                    10025   473(4.72%) |   4955       1   39230    910 |   22.50        0.00
--------|----------------------------------------------------------------------------|-------|-------------|-------|-------|-------|-------|--------|-----------
         Aggregated                                                                     10025   473(4.72%) |   4955       1   39230    910 |   22.50        0.00

Type     Name                                                                          # reqs      # fails |    Avg     Min     Max    Med |   req/s  failures/s
--------|----------------------------------------------------------------------------|-------|-------------|-------|-------|-------|-------|--------|-----------
POST     POST /notifications [EMAIL]                                                    10066   473(4.70%) |   4939       1   39230    910 |   22.90        0.00
--------|----------------------------------------------------------------------------|-------|-------------|-------|-------|-------|-------|--------|-----------
         Aggregated                                                                     10066   473(4.70%) |   4939       1   39230    910 |   22.90        0.00

Type     Name                                                                          # reqs      # fails |    Avg     Min     Max    Med |   req/s  failures/s
--------|----------------------------------------------------------------------------|-------|-------------|-------|-------|-------|-------|--------|-----------
POST     POST /notifications [EMAIL]                                                    10116   473(4.68%) |   4918       1   39230    910 |   22.70        0.00
--------|----------------------------------------------------------------------------|-------|-------------|-------|-------|-------|-------|--------|-----------
         Aggregated                                                                     10116   473(4.68%) |   4918       1   39230    910 |   22.70        0.00

Type     Name                                                                          # reqs      # fails |    Avg     Min     Max    Med |   req/s  failures/s
--------|----------------------------------------------------------------------------|-------|-------------|-------|-------|-------|-------|--------|-----------
POST     POST /notifications [EMAIL]                                                    10165   473(4.65%) |   4899       1   39230    910 |   23.50        0.00
--------|----------------------------------------------------------------------------|-------|-------------|-------|-------|-------|-------|--------|-----------
         Aggregated                                                                     10165   473(4.65%) |   4899       1   39230    910 |   23.50        0.00

Type     Name                                                                          # reqs      # fails |    Avg     Min     Max    Med |   req/s  failures/s
--------|----------------------------------------------------------------------------|-------|-------------|-------|-------|-------|-------|--------|-----------
POST     POST /notifications [EMAIL]                                                    10204   473(4.64%) |   4883       1   39230    910 |   23.00        0.00
--------|----------------------------------------------------------------------------|-------|-------------|-------|-------|-------|-------|--------|-----------
         Aggregated                                                                     10204   473(4.64%) |   4883       1   39230    910 |   23.00        0.00

Type     Name                                                                          # reqs      # fails |    Avg     Min     Max    Med |   req/s  failures/s
--------|----------------------------------------------------------------------------|-------|-------------|-------|-------|-------|-------|--------|-----------
POST     POST /notifications [EMAIL]                                                    10241   473(4.62%) |   4869       1   39230    910 |   23.20        0.00
--------|----------------------------------------------------------------------------|-------|-------------|-------|-------|-------|-------|--------|-----------
         Aggregated                                                                     10241   473(4.62%) |   4869       1   39230    910 |   23.20        0.00

Type     Name                                                                          # reqs      # fails |    Avg     Min     Max    Med |   req/s  failures/s
--------|----------------------------------------------------------------------------|-------|-------------|-------|-------|-------|-------|--------|-----------
POST     POST /notifications [EMAIL]                                                    10291   473(4.60%) |   4850       1   39230    910 |   22.30        0.00
--------|----------------------------------------------------------------------------|-------|-------------|-------|-------|-------|-------|--------|-----------
         Aggregated                                                                     10291   473(4.60%) |   4850       1   39230    910 |   22.30        0.00

Type     Name                                                                          # reqs      # fails |    Avg     Min     Max    Med |   req/s  failures/s
--------|----------------------------------------------------------------------------|-------|-------------|-------|-------|-------|-------|--------|-----------
POST     POST /notifications [EMAIL]                                                    10337   473(4.58%) |   4832       1   39230    910 |   21.60        0.00
--------|----------------------------------------------------------------------------|-------|-------------|-------|-------|-------|-------|--------|-----------
         Aggregated                                                                     10337   473(4.58%) |   4832       1   39230    910 |   21.60        0.00

Type     Name                                                                          # reqs      # fails |    Avg     Min     Max    Med |   req/s  failures/s
--------|----------------------------------------------------------------------------|-------|-------------|-------|-------|-------|-------|--------|-----------
POST     POST /notifications [EMAIL]                                                    10382   473(4.56%) |   4815       1   39230    910 |   22.10        0.00
--------|----------------------------------------------------------------------------|-------|-------------|-------|-------|-------|-------|--------|-----------
         Aggregated                                                                     10382   473(4.56%) |   4815       1   39230    910 |   22.10        0.00

Type     Name                                                                          # reqs      # fails |    Avg     Min     Max    Med |   req/s  failures/s
--------|----------------------------------------------------------------------------|-------|-------------|-------|-------|-------|-------|--------|-----------
POST     POST /notifications [EMAIL]                                                    10396   473(4.55%) |   4811       1   39230    910 |   22.00        0.00
--------|----------------------------------------------------------------------------|-------|-------------|-------|-------|-------|-------|--------|-----------
         Aggregated                                                                     10396   473(4.55%) |   4811       1   39230    910 |   22.00        0.00

Type     Name                                                                          # reqs      # fails |    Avg     Min     Max    Med |   req/s  failures/s
--------|----------------------------------------------------------------------------|-------|-------------|-------|-------|-------|-------|--------|-----------
POST     POST /notifications [EMAIL]                                                    10437   473(4.53%) |   4796       1   39230    910 |   19.90        0.00
--------|----------------------------------------------------------------------------|-------|-------------|-------|-------|-------|-------|--------|-----------
         Aggregated                                                                     10437   473(4.53%) |   4796       1   39230    910 |   19.90        0.00

Type     Name                                                                          # reqs      # fails |    Avg     Min     Max    Med |   req/s  failures/s
--------|----------------------------------------------------------------------------|-------|-------------|-------|-------|-------|-------|--------|-----------
POST     POST /notifications [EMAIL]                                                    10488   473(4.51%) |   4777       1   39230    910 |   19.40        0.00
--------|----------------------------------------------------------------------------|-------|-------------|-------|-------|-------|-------|--------|-----------
         Aggregated                                                                     10488   473(4.51%) |   4777       1   39230    910 |   19.40        0.00

Type     Name                                                                          # reqs      # fails |    Avg     Min     Max    Med |   req/s  failures/s
--------|----------------------------------------------------------------------------|-------|-------------|-------|-------|-------|-------|--------|-----------
POST     POST /notifications [EMAIL]                                                    10536   473(4.49%) |   4759       1   39230    910 |   20.60        0.00
--------|----------------------------------------------------------------------------|-------|-------------|-------|-------|-------|-------|--------|-----------
         Aggregated                                                                     10536   473(4.49%) |   4759       1   39230    910 |   20.60        0.00

Type     Name                                                                          # reqs      # fails |    Avg     Min     Max    Med |   req/s  failures/s
--------|----------------------------------------------------------------------------|-------|-------------|-------|-------|-------|-------|--------|-----------
POST     POST /notifications [EMAIL]                                                    10576   473(4.47%) |   4744       1   39230    910 |   19.90        0.00
--------|----------------------------------------------------------------------------|-------|-------------|-------|-------|-------|-------|--------|-----------
         Aggregated                                                                     10576   473(4.47%) |   4744       1   39230    910 |   19.90        0.00

Type     Name                                                                          # reqs      # fails |    Avg     Min     Max    Med |   req/s  failures/s
--------|----------------------------------------------------------------------------|-------|-------------|-------|-------|-------|-------|--------|-----------
POST     POST /notifications [EMAIL]                                                    10625   473(4.45%) |   4726       1   39230    910 |   20.20        0.00
--------|----------------------------------------------------------------------------|-------|-------------|-------|-------|-------|-------|--------|-----------
         Aggregated                                                                     10625   473(4.45%) |   4726       1   39230    910 |   20.20        0.00

Type     Name                                                                          # reqs      # fails |    Avg     Min     Max    Med |   req/s  failures/s
--------|----------------------------------------------------------------------------|-------|-------------|-------|-------|-------|-------|--------|-----------
POST     POST /notifications [EMAIL]                                                    10676   473(4.43%) |   4708       1   39230    910 |   22.70        0.00
--------|----------------------------------------------------------------------------|-------|-------------|-------|-------|-------|-------|--------|-----------
         Aggregated                                                                     10676   473(4.43%) |   4708       1   39230    910 |   22.70        0.00

Type     Name                                                                          # reqs      # fails |    Avg     Min     Max    Med |   req/s  failures/s
--------|----------------------------------------------------------------------------|-------|-------------|-------|-------|-------|-------|--------|-----------
POST     POST /notifications [EMAIL]                                                    10716   473(4.41%) |   4693       1   39230    910 |   23.70        0.00
--------|----------------------------------------------------------------------------|-------|-------------|-------|-------|-------|-------|--------|-----------
         Aggregated                                                                     10716   473(4.41%) |   4693       1   39230    910 |   23.70        0.00

Type     Name                                                                          # reqs      # fails |    Avg     Min     Max    Med |   req/s  failures/s
--------|----------------------------------------------------------------------------|-------|-------------|-------|-------|-------|-------|--------|-----------
POST     POST /notifications [EMAIL]                                                    10761   473(4.40%) |   4677       1   39230    910 |   22.90        0.00
--------|----------------------------------------------------------------------------|-------|-------------|-------|-------|-------|-------|--------|-----------
         Aggregated                                                                     10761   473(4.40%) |   4677       1   39230    910 |   22.90        0.00

Type     Name                                                                          # reqs      # fails |    Avg     Min     Max    Med |   req/s  failures/s
--------|----------------------------------------------------------------------------|-------|-------------|-------|-------|-------|-------|--------|-----------
POST     POST /notifications [EMAIL]                                                    10801   473(4.38%) |   4663       1   39230    910 |   23.40        0.00
--------|----------------------------------------------------------------------------|-------|-------------|-------|-------|-------|-------|--------|-----------
         Aggregated                                                                     10801   473(4.38%) |   4663       1   39230    910 |   23.40        0.00

Type     Name                                                                          # reqs      # fails |    Avg     Min     Max    Med |   req/s  failures/s
--------|----------------------------------------------------------------------------|-------|-------------|-------|-------|-------|-------|--------|-----------
POST     POST /notifications [EMAIL]                                                    10848   473(4.36%) |   4647       1   39230    910 |   22.20        0.00
--------|----------------------------------------------------------------------------|-------|-------------|-------|-------|-------|-------|--------|-----------
         Aggregated                                                                     10848   473(4.36%) |   4647       1   39230    910 |   22.20        0.00

Type     Name                                                                          # reqs      # fails |    Avg     Min     Max    Med |   req/s  failures/s
--------|----------------------------------------------------------------------------|-------|-------------|-------|-------|-------|-------|--------|-----------
POST     POST /notifications [EMAIL]                                                    10887   473(4.34%) |   4634       1   39230    910 |   21.70        0.00
--------|----------------------------------------------------------------------------|-------|-------------|-------|-------|-------|-------|--------|-----------
         Aggregated                                                                     10887   473(4.34%) |   4634       1   39230    910 |   21.70        0.00

Type     Name                                                                          # reqs      # fails |    Avg     Min     Max    Med |   req/s  failures/s
--------|----------------------------------------------------------------------------|-------|-------------|-------|-------|-------|-------|--------|-----------
POST     POST /notifications [EMAIL]                                                    10941   473(4.32%) |   4615       1   39230    910 |   22.00        0.00
--------|----------------------------------------------------------------------------|-------|-------------|-------|-------|-------|-------|--------|-----------
         Aggregated                                                                     10941   473(4.32%) |   4615       1   39230    910 |   22.00        0.00

[2026-04-21 09:42:09,324] ip-10-0-1-128/INFO/locust.runners: Shape test stopping
[2026-04-21 09:42:09,354] ip-10-0-1-128/INFO/locust.main: --run-time limit reached, shutting down
[2026-04-21 09:42:09,355] ip-10-0-1-128/INFO/locust.main: Shutting down (exit code 1)
Type     Name                                                                          # reqs      # fails |    Avg     Min     Max    Med |   req/s  failures/s
--------|----------------------------------------------------------------------------|-------|-------------|-------|-------|-------|-------|--------|-----------
POST     POST /notifications [EMAIL]                                                    10941   473(4.32%) |   4615       1   39230    910 |   22.78        0.98
--------|----------------------------------------------------------------------------|-------|-------------|-------|-------|-------|-------|--------|-----------
         Aggregated                                                                     10941   473(4.32%) |   4615       1   39230    910 |   22.78        0.98

Response time percentiles (approximated)
Type     Name                                                                                  50%    66%    75%    80%    90%    95%    98%    99%  99.9% 99.99%   100% # reqs
--------|--------------------------------------------------------------------------------|--------|------|------|------|------|------|------|------|------|------|------|------
POST     POST /notifications [EMAIL]                                                           910   1100   7400   8700  17000  25000  34000  38000  39000  39000  39000  10941
--------|--------------------------------------------------------------------------------|--------|------|------|------|------|------|------|------|------|------|------|------
         Aggregated                                                                            910   1100   7400   8700  17000  25000  34000  38000  39000  39000  39000  10941

Error report
# occurrences      Error                                                                                               
------------------|---------------------------------------------------------------------------------------------------------------------------------------------
1                  POST POST /notifications [EMAIL]: Unexpected status=500, body={"timestamp":"2026-04-21T09:36:39.251Z","status":500,"error":"Internal Server Error","path":"/notifications"}
1                  POST POST /notifications [EMAIL]: Unexpected status=500, body={"timestamp":"2026-04-21T09:36:39.226Z","status":500,"error":"Internal Server Error","path":"/notifications"}
1                  POST POST /notifications [EMAIL]: Unexpected status=500, body={"timestamp":"2026-04-21T09:36:39.265Z","status":500,"error":"Internal Server Error","path":"/notifications"}
1                  POST POST /notifications [EMAIL]: Unexpected status=500, body={"timestamp":"2026-04-21T09:36:39.353Z","status":500,"error":"Internal Server Error","path":"/notifications"}
1                  POST POST /notifications [EMAIL]: Unexpected status=500, body={"timestamp":"2026-04-21T09:36:39.356Z","status":500,"error":"Internal Server Error","path":"/notifications"}
1                  POST POST /notifications [EMAIL]: Unexpected status=500, body={"timestamp":"2026-04-21T09:36:40.161Z","status":500,"error":"Internal Server Error","path":"/notifications"}
1                  POST POST /notifications [EMAIL]: Unexpected status=500, body={"timestamp":"2026-04-21T09:36:40.166Z","status":500,"error":"Internal Server Error","path":"/notifications"}
1                  POST POST /notifications [EMAIL]: Unexpected status=500, body={"timestamp":"2026-04-21T09:36:40.260Z","status":500,"error":"Internal Server Error","path":"/notifications"}
1                  POST POST /notifications [EMAIL]: Unexpected status=500, body={"timestamp":"2026-04-21T09:36:40.265Z","status":500,"error":"Internal Server Error","path":"/notifications"}
3                  POST POST /notifications [EMAIL]: Unexpected status=500, body={"timestamp":"2026-04-21T09:36:40.269Z","status":500,"error":"Internal Server Error","path":"/notifications"}
1                  POST POST /notifications [EMAIL]: Unexpected status=500, body={"timestamp":"2026-04-21T09:36:40.266Z","status":500,"error":"Internal Server Error","path":"/notifications"}
1                  POST POST /notifications [EMAIL]: Unexpected status=500, body={"timestamp":"2026-04-21T09:36:40.370Z","status":500,"error":"Internal Server Error","path":"/notifications"}
1                  POST POST /notifications [EMAIL]: Unexpected status=500, body={"timestamp":"2026-04-21T09:36:40.515Z","status":500,"error":"Internal Server Error","path":"/notifications"}
1                  POST POST /notifications [EMAIL]: Unexpected status=500, body={"timestamp":"2026-04-21T09:36:40.527Z","status":500,"error":"Internal Server Error","path":"/notifications"}
1                  POST POST /notifications [EMAIL]: Unexpected status=500, body={"timestamp":"2026-04-21T09:36:40.762Z","status":500,"error":"Internal Server Error","path":"/notifications"}
1                  POST POST /notifications [EMAIL]: Unexpected status=500, body={"timestamp":"2026-04-21T09:36:40.776Z","status":500,"error":"Internal Server Error","path":"/notifications"}
1                  POST POST /notifications [EMAIL]: Unexpected status=500, body={"timestamp":"2026-04-21T09:36:41.116Z","status":500,"error":"Internal Server Error","path":"/notifications"}
1                  POST POST /notifications [EMAIL]: Unexpected status=500, body={"timestamp":"2026-04-21T09:36:41.115Z","status":500,"error":"Internal Server Error","path":"/notifications"}
1                  POST POST /notifications [EMAIL]: Unexpected status=500, body={"timestamp":"2026-04-21T09:36:41.117Z","status":500,"error":"Internal Server Error","path":"/notifications"}
1                  POST POST /notifications [EMAIL]: Unexpected status=500, body={"timestamp":"2026-04-21T09:36:41.126Z","status":500,"error":"Internal Server Error","path":"/notifications"}
1                  POST POST /notifications [EMAIL]: Unexpected status=500, body={"timestamp":"2026-04-21T09:36:41.590Z","status":500,"error":"Internal Server Error","path":"/notifications"}
1                  POST POST /notifications [EMAIL]: Unexpected status=500, body={"timestamp":"2026-04-21T09:36:41.592Z","status":500,"error":"Internal Server Error","path":"/notifications"}
1                  POST POST /notifications [EMAIL]: Unexpected status=500, body={"timestamp":"2026-04-21T09:36:42.759Z","status":500,"error":"Internal Server Error","path":"/notifications"}
1                  POST POST /notifications [EMAIL]: Unexpected status=500, body={"timestamp":"2026-04-21T09:36:44.529Z","status":500,"error":"Internal Server Error","path":"/notifications"}
1                  POST POST /notifications [EMAIL]: Unexpected status=500, body={"timestamp":"2026-04-21T09:36:45.088Z","status":500,"error":"Internal Server Error","path":"/notifications"}
1                  POST POST /notifications [EMAIL]: Unexpected status=500, body={"timestamp":"2026-04-21T09:36:45.749Z","status":500,"error":"Internal Server Error","path":"/notifications"}
1                  POST POST /notifications [EMAIL]: Unexpected status=500, body={"timestamp":"2026-04-21T09:36:46.817Z","status":500,"error":"Internal Server Error","path":"/notifications"}
1                  POST POST /notifications [EMAIL]: Unexpected status=500, body={"timestamp":"2026-04-21T09:36:47.469Z","status":500,"error":"Internal Server Error","path":"/notifications"}
1                  POST POST /notifications [EMAIL]: Unexpected status=500, body={"timestamp":"2026-04-21T09:36:47.811Z","status":500,"error":"Internal Server Error","path":"/notifications"}
1                  POST POST /notifications [EMAIL]: Unexpected status=500, body={"timestamp":"2026-04-21T09:36:48.026Z","status":500,"error":"Internal Server Error","path":"/notifications"}
1                  POST POST /notifications [EMAIL]: Unexpected status=500, body={"timestamp":"2026-04-21T09:36:48.643Z","status":500,"error":"Internal Server Error","path":"/notifications"}
1                  POST POST /notifications [EMAIL]: Unexpected status=500, body={"timestamp":"2026-04-21T09:36:48.950Z","status":500,"error":"Internal Server Error","path":"/notifications"}
1                  POST POST /notifications [EMAIL]: Unexpected status=500, body={"timestamp":"2026-04-21T09:36:49.567Z","status":500,"error":"Internal Server Error","path":"/notifications"}
1                  POST POST /notifications [EMAIL]: Unexpected status=500, body={"timestamp":"2026-04-21T09:36:50.969Z","status":500,"error":"Internal Server Error","path":"/notifications"}
1                  POST POST /notifications [EMAIL]: Unexpected status=500, body={"timestamp":"2026-04-21T09:36:52.720Z","status":500,"error":"Internal Server Error","path":"/notifications"}
1                  POST POST /notifications [EMAIL]: Unexpected status=500, body={"timestamp":"2026-04-21T09:36:52.722Z","status":500,"error":"Internal Server Error","path":"/notifications"}
1                  POST POST /notifications [EMAIL]: Unexpected status=500, body={"timestamp":"2026-04-21T09:36:53.059Z","status":500,"error":"Internal Server Error","path":"/notifications"}
1                  POST POST /notifications [EMAIL]: Unexpected status=500, body={"timestamp":"2026-04-21T09:36:53.065Z","status":500,"error":"Internal Server Error","path":"/notifications"}
1                  POST POST /notifications [EMAIL]: Unexpected status=500, body={"timestamp":"2026-04-21T09:36:53.067Z","status":500,"error":"Internal Server Error","path":"/notifications"}
1                  POST POST /notifications [EMAIL]: Unexpected status=500, body={"timestamp":"2026-04-21T09:36:53.773Z","status":500,"error":"Internal Server Error","path":"/notifications"}
1                  POST POST /notifications [EMAIL]: Unexpected status=500, body={"timestamp":"2026-04-21T09:36:54.155Z","status":500,"error":"Internal Server Error","path":"/notifications"}
1                  POST POST /notifications [EMAIL]: Unexpected status=500, body={"timestamp":"2026-04-21T09:36:58.125Z","status":500,"error":"Internal Server Error","path":"/notifications"}
1                  POST POST /notifications [EMAIL]: Unexpected status=500, body={"timestamp":"2026-04-21T09:36:58.719Z","status":500,"error":"Internal Server Error","path":"/notifications"}
2                  POST POST /notifications [EMAIL]: Unexpected status=500, body={"timestamp":"2026-04-21T09:36:58.721Z","status":500,"error":"Internal Server Error","path":"/notifications"}
1                  POST POST /notifications [EMAIL]: Unexpected status=500, body={"timestamp":"2026-04-21T09:36:59.680Z","status":500,"error":"Internal Server Error","path":"/notifications"}
1                  POST POST /notifications [EMAIL]: Unexpected status=500, body={"timestamp":"2026-04-21T09:36:59.952Z","status":500,"error":"Internal Server Error","path":"/notifications"}
1                  POST POST /notifications [EMAIL]: Unexpected status=500, body={"timestamp":"2026-04-21T09:36:59.953Z","status":500,"error":"Internal Server Error","path":"/notifications"}
2                  POST POST /notifications [EMAIL]: Unexpected status=500, body={"timestamp":"2026-04-21T09:36:59.954Z","status":500,"error":"Internal Server Error","path":"/notifications"}
1                  POST POST /notifications [EMAIL]: Unexpected status=500, body={"timestamp":"2026-04-21T09:37:01.098Z","status":500,"error":"Internal Server Error","path":"/notifications"}
1                  POST POST /notifications [EMAIL]: Unexpected status=500, body={"timestamp":"2026-04-21T09:37:01.771Z","status":500,"error":"Internal Server Error","path":"/notifications"}
1                  POST POST /notifications [EMAIL]: Unexpected status=500, body={"timestamp":"2026-04-21T09:37:02.350Z","status":500,"error":"Internal Server Error","path":"/notifications"}
1                  POST POST /notifications [EMAIL]: Unexpected status=500, body={"timestamp":"2026-04-21T09:37:03.749Z","status":500,"error":"Internal Server Error","path":"/notifications"}
1                  POST POST /notifications [EMAIL]: Unexpected status=500, body={"timestamp":"2026-04-21T09:37:04.130Z","status":500,"error":"Internal Server Error","path":"/notifications"}
1                  POST POST /notifications [EMAIL]: Unexpected status=500, body={"timestamp":"2026-04-21T09:37:04.131Z","status":500,"error":"Internal Server Error","path":"/notifications"}
1                  POST POST /notifications [EMAIL]: Unexpected status=500, body={"timestamp":"2026-04-21T09:37:04.133Z","status":500,"error":"Internal Server Error","path":"/notifications"}
1                  POST POST /notifications [EMAIL]: Unexpected status=500, body={"timestamp":"2026-04-21T09:37:04.878Z","status":500,"error":"Internal Server Error","path":"/notifications"}
1                  POST POST /notifications [EMAIL]: Unexpected status=500, body={"timestamp":"2026-04-21T09:37:05.060Z","status":500,"error":"Internal Server Error","path":"/notifications"}
1                  POST POST /notifications [EMAIL]: Unexpected status=500, body={"timestamp":"2026-04-21T09:37:05.439Z","status":500,"error":"Internal Server Error","path":"/notifications"}
1                  POST POST /notifications [EMAIL]: Unexpected status=500, body={"timestamp":"2026-04-21T09:37:05.969Z","status":500,"error":"Internal Server Error","path":"/notifications"}
1                  POST POST /notifications [EMAIL]: Unexpected status=500, body={"timestamp":"2026-04-21T09:37:06.871Z","status":500,"error":"Internal Server Error","path":"/notifications"}
1                  POST POST /notifications [EMAIL]: Unexpected status=500, body={"timestamp":"2026-04-21T09:37:06.874Z","status":500,"error":"Internal Server Error","path":"/notifications"}
1                  POST POST /notifications [EMAIL]: Unexpected status=500, body={"timestamp":"2026-04-21T09:37:08.187Z","status":500,"error":"Internal Server Error","path":"/notifications"}
1                  POST POST /notifications [EMAIL]: Unexpected status=500, body={"timestamp":"2026-04-21T09:37:09.257Z","status":500,"error":"Internal Server Error","path":"/notifications"}
1                  POST POST /notifications [EMAIL]: Unexpected status=500, body={"timestamp":"2026-04-21T09:37:09.649Z","status":500,"error":"Internal Server Error","path":"/notifications"}
1                  POST POST /notifications [EMAIL]: Unexpected status=500, body={"timestamp":"2026-04-21T09:37:09.651Z","status":500,"error":"Internal Server Error","path":"/notifications"}
2                  POST POST /notifications [EMAIL]: Unexpected status=500, body={"timestamp":"2026-04-21T09:37:09.848Z","status":500,"error":"Internal Server Error","path":"/notifications"}
1                  POST POST /notifications [EMAIL]: Unexpected status=500, body={"timestamp":"2026-04-21T09:37:09.960Z","status":500,"error":"Internal Server Error","path":"/notifications"}
1                  POST POST /notifications [EMAIL]: Unexpected status=500, body={"timestamp":"2026-04-21T09:37:10.273Z","status":500,"error":"Internal Server Error","path":"/notifications"}
1                  POST POST /notifications [EMAIL]: Unexpected status=500, body={"timestamp":"2026-04-21T09:37:11.121Z","status":500,"error":"Internal Server Error","path":"/notifications"}
1                  POST POST /notifications [EMAIL]: Unexpected status=500, body={"timestamp":"2026-04-21T09:37:13.976Z","status":500,"error":"Internal Server Error","path":"/notifications"}
1                  POST POST /notifications [EMAIL]: Unexpected status=500, body={"timestamp":"2026-04-21T09:37:14.498Z","status":500,"error":"Internal Server Error","path":"/notifications"}
1                  POST POST /notifications [EMAIL]: Unexpected status=500, body={"timestamp":"2026-04-21T09:37:14.499Z","status":500,"error":"Internal Server Error","path":"/notifications"}
2                  POST POST /notifications [EMAIL]: Unexpected status=500, body={"timestamp":"2026-04-21T09:37:15.074Z","status":500,"error":"Internal Server Error","path":"/notifications"}
1                  POST POST /notifications [EMAIL]: Unexpected status=500, body={"timestamp":"2026-04-21T09:37:15.752Z","status":500,"error":"Internal Server Error","path":"/notifications"}
1                  POST POST /notifications [EMAIL]: Unexpected status=500, body={"timestamp":"2026-04-21T09:37:16.868Z","status":500,"error":"Internal Server Error","path":"/notifications"}
1                  POST POST /notifications [EMAIL]: Unexpected status=500, body={"timestamp":"2026-04-21T09:37:18.710Z","status":500,"error":"Internal Server Error","path":"/notifications"}
1                  POST POST /notifications [EMAIL]: Unexpected status=500, body={"timestamp":"2026-04-21T09:37:19.181Z","status":500,"error":"Internal Server Error","path":"/notifications"}
1                  POST POST /notifications [EMAIL]: Unexpected status=500, body={"timestamp":"2026-04-21T09:37:19.183Z","status":500,"error":"Internal Server Error","path":"/notifications"}
1                  POST POST /notifications [EMAIL]: Unexpected status=500, body={"timestamp":"2026-04-21T09:37:19.256Z","status":500,"error":"Internal Server Error","path":"/notifications"}
1                  POST POST /notifications [EMAIL]: Unexpected status=500, body={"timestamp":"2026-04-21T09:37:20.063Z","status":500,"error":"Internal Server Error","path":"/notifications"}
1                  POST POST /notifications [EMAIL]: Unexpected status=500, body={"timestamp":"2026-04-21T09:37:20.065Z","status":500,"error":"Internal Server Error","path":"/notifications"}
1                  POST POST /notifications [EMAIL]: Unexpected status=500, body={"timestamp":"2026-04-21T09:37:21.046Z","status":500,"error":"Internal Server Error","path":"/notifications"}
1                  POST POST /notifications [EMAIL]: Unexpected status=500, body={"timestamp":"2026-04-21T09:37:21.581Z","status":500,"error":"Internal Server Error","path":"/notifications"}
1                  POST POST /notifications [EMAIL]: Unexpected status=500, body={"timestamp":"2026-04-21T09:37:23.069Z","status":500,"error":"Internal Server Error","path":"/notifications"}
1                  POST POST /notifications [EMAIL]: Unexpected status=500, body={"timestamp":"2026-04-21T09:37:23.878Z","status":500,"error":"Internal Server Error","path":"/notifications"}
1                  POST POST /notifications [EMAIL]: Unexpected status=500, body={"timestamp":"2026-04-21T09:37:24.836Z","status":500,"error":"Internal Server Error","path":"/notifications"}
1                  POST POST /notifications [EMAIL]: Unexpected status=500, body={"timestamp":"2026-04-21T09:37:27.539Z","status":500,"error":"Internal Server Error","path":"/notifications"}
2                  POST POST /notifications [EMAIL]: Unexpected status=500, body={"timestamp":"2026-04-21T09:37:28.559Z","status":500,"error":"Internal Server Error","path":"/notifications"}
1                  POST POST /notifications [EMAIL]: Unexpected status=500, body={"timestamp":"2026-04-21T09:37:28.988Z","status":500,"error":"Internal Server Error","path":"/notifications"}
1                  POST POST /notifications [EMAIL]: Unexpected status=500, body={"timestamp":"2026-04-21T09:37:29.960Z","status":500,"error":"Internal Server Error","path":"/notifications"}
1                  POST POST /notifications [EMAIL]: Unexpected status=500, body={"timestamp":"2026-04-21T09:37:30.101Z","status":500,"error":"Internal Server Error","path":"/notifications"}
1                  POST POST /notifications [EMAIL]: Unexpected status=500, body={"timestamp":"2026-04-21T09:37:30.927Z","status":500,"error":"Internal Server Error","path":"/notifications"}
1                  POST POST /notifications [EMAIL]: Unexpected status=500, body={"timestamp":"2026-04-21T09:37:33.031Z","status":500,"error":"Internal Server Error","path":"/notifications"}
1                  POST POST /notifications [EMAIL]: Unexpected status=500, body={"timestamp":"2026-04-21T09:37:33.616Z","status":500,"error":"Internal Server Error","path":"/notifications"}
1                  POST POST /notifications [EMAIL]: Unexpected status=500, body={"timestamp":"2026-04-21T09:37:33.953Z","status":500,"error":"Internal Server Error","path":"/notifications"}
1                  POST POST /notifications [EMAIL]: Unexpected status=500, body={"timestamp":"2026-04-21T09:37:33.970Z","status":500,"error":"Internal Server Error","path":"/notifications"}
1                  POST POST /notifications [EMAIL]: Unexpected status=500, body={"timestamp":"2026-04-21T09:37:35.136Z","status":500,"error":"Internal Server Error","path":"/notifications"}
1                  POST POST /notifications [EMAIL]: Unexpected status=500, body={"timestamp":"2026-04-21T09:37:35.216Z","status":500,"error":"Internal Server Error","path":"/notifications"}
1                  POST POST /notifications [EMAIL]: Unexpected status=500, body={"timestamp":"2026-04-21T09:37:35.442Z","status":500,"error":"Internal Server Error","path":"/notifications"}
1                  POST POST /notifications [EMAIL]: Unexpected status=500, body={"timestamp":"2026-04-21T09:37:36.670Z","status":500,"error":"Internal Server Error","path":"/notifications"}
1                  POST POST /notifications [EMAIL]: Unexpected status=500, body={"timestamp":"2026-04-21T09:37:36.671Z","status":500,"error":"Internal Server Error","path":"/notifications"}
1                  POST POST /notifications [EMAIL]: Unexpected status=500, body={"timestamp":"2026-04-21T09:37:36.878Z","status":500,"error":"Internal Server Error","path":"/notifications"}
1                  POST POST /notifications [EMAIL]: Unexpected status=500, body={"timestamp":"2026-04-21T09:37:36.970Z","status":500,"error":"Internal Server Error","path":"/notifications"}
1                  POST POST /notifications [EMAIL]: Unexpected status=500, body={"timestamp":"2026-04-21T09:37:36.973Z","status":500,"error":"Internal Server Error","path":"/notifications"}
1                  POST POST /notifications [EMAIL]: Unexpected status=500, body={"timestamp":"2026-04-21T09:37:37.599Z","status":500,"error":"Internal Server Error","path":"/notifications"}
1                  POST POST /notifications [EMAIL]: Unexpected status=500, body={"timestamp":"2026-04-21T09:37:38.260Z","status":500,"error":"Internal Server Error","path":"/notifications"}
1                  POST POST /notifications [EMAIL]: Unexpected status=500, body={"timestamp":"2026-04-21T09:37:39.261Z","status":500,"error":"Internal Server Error","path":"/notifications"}
1                  POST POST /notifications [EMAIL]: Unexpected status=500, body={"timestamp":"2026-04-21T09:37:39.716Z","status":500,"error":"Internal Server Error","path":"/notifications"}
1                  POST POST /notifications [EMAIL]: Unexpected status=500, body={"timestamp":"2026-04-21T09:37:40.053Z","status":500,"error":"Internal Server Error","path":"/notifications"}
1                  POST POST /notifications [EMAIL]: Unexpected status=500, body={"timestamp":"2026-04-21T09:37:40.166Z","status":500,"error":"Internal Server Error","path":"/notifications"}
1                  POST POST /notifications [EMAIL]: Unexpected status=500, body={"timestamp":"2026-04-21T09:37:40.902Z","status":500,"error":"Internal Server Error","path":"/notifications"}
1                  POST POST /notifications [EMAIL]: Unexpected status=500, body={"timestamp":"2026-04-21T09:37:40.996Z","status":500,"error":"Internal Server Error","path":"/notifications"}
1                  POST POST /notifications [EMAIL]: Unexpected status=500, body={"timestamp":"2026-04-21T09:37:41.770Z","status":500,"error":"Internal Server Error","path":"/notifications"}
1                  POST POST /notifications [EMAIL]: Unexpected status=500, body={"timestamp":"2026-04-21T09:37:42.138Z","status":500,"error":"Internal Server Error","path":"/notifications"}
1                  POST POST /notifications [EMAIL]: Unexpected status=500, body={"timestamp":"2026-04-21T09:37:42.267Z","status":500,"error":"Internal Server Error","path":"/notifications"}
1                  POST POST /notifications [EMAIL]: Unexpected status=500, body={"timestamp":"2026-04-21T09:37:42.728Z","status":500,"error":"Internal Server Error","path":"/notifications"}
1                  POST POST /notifications [EMAIL]: Unexpected status=500, body={"timestamp":"2026-04-21T09:37:42.900Z","status":500,"error":"Internal Server Error","path":"/notifications"}
1                  POST POST /notifications [EMAIL]: Unexpected status=500, body={"timestamp":"2026-04-21T09:37:45.678Z","status":500,"error":"Internal Server Error","path":"/notifications"}
1                  POST POST /notifications [EMAIL]: Unexpected status=500, body={"timestamp":"2026-04-21T09:37:45.896Z","status":500,"error":"Internal Server Error","path":"/notifications"}
1                  POST POST /notifications [EMAIL]: Unexpected status=500, body={"timestamp":"2026-04-21T09:37:45.899Z","status":500,"error":"Internal Server Error","path":"/notifications"}
1                  POST POST /notifications [EMAIL]: Unexpected status=500, body={"timestamp":"2026-04-21T09:37:47.038Z","status":500,"error":"Internal Server Error","path":"/notifications"}
1                  POST POST /notifications [EMAIL]: Unexpected status=500, body={"timestamp":"2026-04-21T09:37:47.041Z","status":500,"error":"Internal Server Error","path":"/notifications"}
1                  POST POST /notifications [EMAIL]: Unexpected status=500, body={"timestamp":"2026-04-21T09:37:47.227Z","status":500,"error":"Internal Server Error","path":"/notifications"}
1                  POST POST /notifications [EMAIL]: Unexpected status=500, body={"timestamp":"2026-04-21T09:37:48.076Z","status":500,"error":"Internal Server Error","path":"/notifications"}
1                  POST POST /notifications [EMAIL]: Unexpected status=500, body={"timestamp":"2026-04-21T09:37:48.183Z","status":500,"error":"Internal Server Error","path":"/notifications"}
1                  POST POST /notifications [EMAIL]: Unexpected status=500, body={"timestamp":"2026-04-21T09:37:48.860Z","status":500,"error":"Internal Server Error","path":"/notifications"}
1                  POST POST /notifications [EMAIL]: Unexpected status=500, body={"timestamp":"2026-04-21T09:37:50.658Z","status":500,"error":"Internal Server Error","path":"/notifications"}
1                  POST POST /notifications [EMAIL]: Unexpected status=500, body={"timestamp":"2026-04-21T09:37:50.878Z","status":500,"error":"Internal Server Error","path":"/notifications"}
1                  POST POST /notifications [EMAIL]: Unexpected status=500, body={"timestamp":"2026-04-21T09:37:50.906Z","status":500,"error":"Internal Server Error","path":"/notifications"}
1                  POST POST /notifications [EMAIL]: Unexpected status=500, body={"timestamp":"2026-04-21T09:37:52.153Z","status":500,"error":"Internal Server Error","path":"/notifications"}
1                  POST POST /notifications [EMAIL]: Unexpected status=500, body={"timestamp":"2026-04-21T09:37:52.930Z","status":500,"error":"Internal Server Error","path":"/notifications"}
1                  POST POST /notifications [EMAIL]: Unexpected status=500, body={"timestamp":"2026-04-21T09:37:52.931Z","status":500,"error":"Internal Server Error","path":"/notifications"}
1                  POST POST /notifications [EMAIL]: Unexpected status=500, body={"timestamp":"2026-04-21T09:37:53.609Z","status":500,"error":"Internal Server Error","path":"/notifications"}
1                  POST POST /notifications [EMAIL]: Unexpected status=500, body={"timestamp":"2026-04-21T09:37:53.797Z","status":500,"error":"Internal Server Error","path":"/notifications"}
1                  POST POST /notifications [EMAIL]: Unexpected status=500, body={"timestamp":"2026-04-21T09:37:53.882Z","status":500,"error":"Internal Server Error","path":"/notifications"}
1                  POST POST /notifications [EMAIL]: Unexpected status=500, body={"timestamp":"2026-04-21T09:37:54.789Z","status":500,"error":"Internal Server Error","path":"/notifications"}
1                  POST POST /notifications [EMAIL]: Unexpected status=500, body={"timestamp":"2026-04-21T09:37:54.952Z","status":500,"error":"Internal Server Error","path":"/notifications"}
1                  POST POST /notifications [EMAIL]: Unexpected status=500, body={"timestamp":"2026-04-21T09:37:55.721Z","status":500,"error":"Internal Server Error","path":"/notifications"}
1                  POST POST /notifications [EMAIL]: Unexpected status=500, body={"timestamp":"2026-04-21T09:37:56.647Z","status":500,"error":"Internal Server Error","path":"/notifications"}
1                  POST POST /notifications [EMAIL]: Unexpected status=500, body={"timestamp":"2026-04-21T09:37:56.648Z","status":500,"error":"Internal Server Error","path":"/notifications"}
1                  POST POST /notifications [EMAIL]: Unexpected status=500, body={"timestamp":"2026-04-21T09:37:56.927Z","status":500,"error":"Internal Server Error","path":"/notifications"}
1                  POST POST /notifications [EMAIL]: Unexpected status=500, body={"timestamp":"2026-04-21T09:37:58.111Z","status":500,"error":"Internal Server Error","path":"/notifications"}
1                  POST POST /notifications [EMAIL]: Unexpected status=500, body={"timestamp":"2026-04-21T09:37:58.563Z","status":500,"error":"Internal Server Error","path":"/notifications"}
1                  POST POST /notifications [EMAIL]: Unexpected status=500, body={"timestamp":"2026-04-21T09:37:58.565Z","status":500,"error":"Internal Server Error","path":"/notifications"}
1                  POST POST /notifications [EMAIL]: Unexpected status=500, body={"timestamp":"2026-04-21T09:37:59.766Z","status":500,"error":"Internal Server Error","path":"/notifications"}
1                  POST POST /notifications [EMAIL]: Unexpected status=500, body={"timestamp":"2026-04-21T09:37:59.963Z","status":500,"error":"Internal Server Error","path":"/notifications"}
1                  POST POST /notifications [EMAIL]: Unexpected status=500, body={"timestamp":"2026-04-21T09:38:00.043Z","status":500,"error":"Internal Server Error","path":"/notifications"}
1                  POST POST /notifications [EMAIL]: Unexpected status=500, body={"timestamp":"2026-04-21T09:38:00.930Z","status":500,"error":"Internal Server Error","path":"/notifications"}
1                  POST POST /notifications [EMAIL]: Unexpected status=500, body={"timestamp":"2026-04-21T09:38:02.153Z","status":500,"error":"Internal Server Error","path":"/notifications"}
1                  POST POST /notifications [EMAIL]: Unexpected status=500, body={"timestamp":"2026-04-21T09:38:03.037Z","status":500,"error":"Internal Server Error","path":"/notifications"}
1                  POST POST /notifications [EMAIL]: Unexpected status=500, body={"timestamp":"2026-04-21T09:38:03.628Z","status":500,"error":"Internal Server Error","path":"/notifications"}
1                  POST POST /notifications [EMAIL]: Unexpected status=500, body={"timestamp":"2026-04-21T09:38:03.973Z","status":500,"error":"Internal Server Error","path":"/notifications"}
1                  POST POST /notifications [EMAIL]: Unexpected status=500, body={"timestamp":"2026-04-21T09:38:04.857Z","status":500,"error":"Internal Server Error","path":"/notifications"}
1                  POST POST /notifications [EMAIL]: Unexpected status=500, body={"timestamp":"2026-04-21T09:38:04.858Z","status":500,"error":"Internal Server Error","path":"/notifications"}
1                  POST POST /notifications [EMAIL]: Unexpected status=500, body={"timestamp":"2026-04-21T09:38:06.091Z","status":500,"error":"Internal Server Error","path":"/notifications"}
1                  POST POST /notifications [EMAIL]: Unexpected status=500, body={"timestamp":"2026-04-21T09:38:06.836Z","status":500,"error":"Internal Server Error","path":"/notifications"}
1                  POST POST /notifications [EMAIL]: Unexpected status=500, body={"timestamp":"2026-04-21T09:38:07.297Z","status":500,"error":"Internal Server Error","path":"/notifications"}
1                  POST POST /notifications [EMAIL]: Unexpected status=500, body={"timestamp":"2026-04-21T09:38:07.298Z","status":500,"error":"Internal Server Error","path":"/notifications"}
1                  POST POST /notifications [EMAIL]: Unexpected status=500, body={"timestamp":"2026-04-21T09:38:07.436Z","status":500,"error":"Internal Server Error","path":"/notifications"}
1                  POST POST /notifications [EMAIL]: Unexpected status=500, body={"timestamp":"2026-04-21T09:38:07.437Z","status":500,"error":"Internal Server Error","path":"/notifications"}
1                  POST POST /notifications [EMAIL]: Unexpected status=500, body={"timestamp":"2026-04-21T09:38:07.602Z","status":500,"error":"Internal Server Error","path":"/notifications"}
1                  POST POST /notifications [EMAIL]: Unexpected status=500, body={"timestamp":"2026-04-21T09:38:07.906Z","status":500,"error":"Internal Server Error","path":"/notifications"}
1                  POST POST /notifications [EMAIL]: Unexpected status=500, body={"timestamp":"2026-04-21T09:38:08.064Z","status":500,"error":"Internal Server Error","path":"/notifications"}
1                  POST POST /notifications [EMAIL]: Unexpected status=500, body={"timestamp":"2026-04-21T09:38:08.990Z","status":500,"error":"Internal Server Error","path":"/notifications"}
1                  POST POST /notifications [EMAIL]: Unexpected status=500, body={"timestamp":"2026-04-21T09:38:09.106Z","status":500,"error":"Internal Server Error","path":"/notifications"}
1                  POST POST /notifications [EMAIL]: Unexpected status=500, body={"timestamp":"2026-04-21T09:38:09.920Z","status":500,"error":"Internal Server Error","path":"/notifications"}
1                  POST POST /notifications [EMAIL]: Unexpected status=500, body={"timestamp":"2026-04-21T09:38:09.923Z","status":500,"error":"Internal Server Error","path":"/notifications"}
1                  POST POST /notifications [EMAIL]: Unexpected status=500, body={"timestamp":"2026-04-21T09:38:10.926Z","status":500,"error":"Internal Server Error","path":"/notifications"}
1                  POST POST /notifications [EMAIL]: Unexpected status=500, body={"timestamp":"2026-04-21T09:38:11.029Z","status":500,"error":"Internal Server Error","path":"/notifications"}
1                  POST POST /notifications [EMAIL]: Unexpected status=500, body={"timestamp":"2026-04-21T09:38:11.697Z","status":500,"error":"Internal Server Error","path":"/notifications"}
1                  POST POST /notifications [EMAIL]: Unexpected status=500, body={"timestamp":"2026-04-21T09:38:12.349Z","status":500,"error":"Internal Server Error","path":"/notifications"}
1                  POST POST /notifications [EMAIL]: Unexpected status=500, body={"timestamp":"2026-04-21T09:38:14.159Z","status":500,"error":"Internal Server Error","path":"/notifications"}
273                POST POST /notifications [EMAIL]: Unexpected status=502, body=<html>
<head><title>502 Bad Gateway</title></head>
<body>
<center><h1>502 Bad Gateway</h1></center>
</body>
</html>

1                  POST POST /notifications [EMAIL]: Unexpected status=500, body={"timestamp":"2026-04-21T09:38:20.896Z","status":500,"error":"Internal Server Error","path":"/notifications"}
20                 POST POST /notifications [EMAIL]: Unexpected status=504, body=<html>
<head><title>504 Gateway Time-out</title></head>
<body>
<center><h1>504 Gateway Time-out</h1></center>
</body>
</html>

------------------|---------------------------------------------------------------------------------------------------------------------------------------------

